交付ID,工单号,客户ID,客户名称,约定交期,实际完工时间,实际交付时间,延迟小时,状态,违约金元,物流方式
DLV-00001,WO-202401-00002,C004,麦格纳,2024-01-22 15:00,2024-01-06 03:21,2024-01-07 01:21,0,准时,0,自配送
DLV-00002,WO-202401-00003,C004,麦格纳,2024-01-20 16:00,2024-01-05 22:40,2024-01-07 23:40,0,准时,0,客户自提
DLV-00003,WO-202401-00004,C011,比亚迪事业群,2024-01-22 08:00,2024-01-09 07:01,2024-01-10 05:01,0,准时,0,客户自提
DLV-00004,WO-202401-00005,C012,小鹏汽车,2024-01-11 11:00,2024-01-04 10:58,2024-01-06 12:58,0,准时,0,顺丰
DLV-00005,WO-202401-00006,C010,长城精工,2024-01-12 12:00,2024-01-03 12:12,2024-01-06 07:12,0,准时,0,中通
DLV-00006,WO-202401-00007,C004,麦格纳,2024-01-15 09:00,2024-01-09 14:04,2024-01-11 12:04,0,准时,0,中通
DLV-00007,WO-202401-00008,C004,麦格纳,2024-01-19 08:00,2024-01-04 22:31,2024-01-06 00:31,0,准时,0,顺丰
DLV-00008,WO-202401-00009,C003,佛吉亚,2024-01-21 10:00,2024-01-09 06:16,2024-01-11 15:16,0,准时,0,京东物流
DLV-00009,WO-202401-00010,C004,麦格纳,2024-01-25 15:00,2024-01-06 18:46,2024-01-08 08:46,0,准时,0,客户自提
DLV-00010,WO-202401-00011,C007,东风乘用车,2024-01-15 17:00,2024-01-09 16:04,2024-01-11 14:04,0,准时,0,中通
DLV-00011,WO-202401-00012,C009,零跑汽车,2024-01-17 10:00,2024-01-04 14:49,2024-01-06 21:49,0,准时,0,中通
DLV-00012,WO-202401-00013,C011,比亚迪事业群,2024-01-22 13:00,2024-01-05 08:24,2024-01-05 21:24,0,准时,0,客户自提
DLV-00013,WO-202401-00016,C007,东风乘用车,2024-01-18 12:00,2024-01-04 00:29,2024-01-05 06:29,0,准时,0,自配送
DLV-00014,WO-202401-00019,C001,东风彼欧,2024-01-22 18:00,2024-01-05 18:41,2024-01-07 12:41,0,准时,0,京东物流
DLV-00015,WO-202401-00021,C008,吉利商用车,2024-01-17 11:00,2024-01-05 06:30,2024-01-08 02:30,0,准时,0,客户自提
DLV-00016,WO-202401-00022,C002,伟世通,2024-01-13 09:00,2024-01-08 04:27,2024-01-10 06:27,0,准时,0,客户自提
DLV-00017,WO-202401-00023,C002,伟世通,2024-01-11 08:00,2024-01-06 04:45,2024-01-07 12:45,0,准时,0,京东物流
DLV-00018,WO-202401-00024,C006,岚图汽车,2024-01-15 13:00,2024-01-09 12:34,2024-01-10 14:34,0,准时,0,京东物流
DLV-00019,WO-202401-00026,C002,伟世通,2024-01-13 11:00,2024-01-11 08:34,2024-01-12 00:34,0,准时,0,中通
DLV-00020,WO-202401-00027,C002,伟世通,2024-01-11 18:00,2024-01-07 08:06,2024-01-09 07:06,0,准时,0,客户自提
DLV-00021,WO-202401-00028,C002,伟世通,2024-01-17 08:00,2024-01-09 03:05,2024-01-09 22:05,0,准时,0,自配送
DLV-00022,WO-202401-00029,C006,岚图汽车,2024-01-18 15:00,2024-01-06 01:47,2024-01-08 22:47,0,准时,0,京东物流
DLV-00023,WO-202401-00030,C012,小鹏汽车,2024-01-12 14:00,2024-01-06 11:31,2024-01-08 14:31,0,准时,0,客户自提
DLV-00024,WO-202401-00031,C006,岚图汽车,2024-01-17 11:00,2024-01-08 02:46,2024-01-09 17:46,0,准时,0,客户自提
DLV-00025,WO-202401-00032,C004,麦格纳,2024-01-12 13:00,2024-01-04 21:27,2024-01-07 08:27,0,准时,0,中通
DLV-00026,WO-202401-00033,C009,零跑汽车,2024-01-17 09:00,2024-01-04 19:00,2024-01-06 17:00,0,准时,0,客户自提
DLV-00027,WO-202401-00035,C009,零跑汽车,2024-01-19 08:00,2024-01-06 11:21,2024-01-07 08:21,0,准时,0,中通
DLV-00028,WO-202401-00036,C005,本田汽配,2024-01-18 16:00,2024-01-08 10:58,2024-01-10 02:58,0,准时,0,京东物流
DLV-00029,WO-202401-00038,C009,零跑汽车,2024-01-22 16:00,2024-01-07 11:34,2024-01-09 13:34,0,准时,0,京东物流
DLV-00030,WO-202401-00039,C012,小鹏汽车,2024-01-23 17:00,2024-01-06 05:04,2024-01-07 09:04,0,准时,0,中通
DLV-00031,WO-202401-00040,C008,吉利商用车,2024-01-16 10:00,2024-01-07 07:00,2024-01-07 16:00,0,准时,0,京东物流
DLV-00032,WO-202401-00042,C003,佛吉亚,2024-01-21 08:00,2024-01-04 00:11,2024-01-05 07:11,0,准时,0,京东物流
DLV-00033,WO-202401-00044,C011,比亚迪事业群,2024-01-23 12:00,2024-01-06 07:13,2024-01-07 05:13,0,准时,0,京东物流
DLV-00034,WO-202401-00045,C008,吉利商用车,2024-01-14 11:00,2024-01-06 05:25,2024-01-07 10:25,0,准时,0,自配送
DLV-00035,WO-202401-00046,C009,零跑汽车,2024-01-20 17:00,2024-01-05 20:30,2024-01-08 13:30,0,准时,0,中通
DLV-00036,WO-202401-00047,C005,本田汽配,2024-01-16 11:00,2024-01-06 06:22,2024-01-08 19:22,0,准时,0,中通
DLV-00037,WO-202401-00049,C006,岚图汽车,2024-01-19 14:00,2024-01-04 06:38,2024-01-06 06:38,0,准时,0,顺丰
DLV-00038,WO-202401-00050,C007,东风乘用车,2024-01-15 13:00,2024-01-08 18:06,2024-01-11 02:06,0,准时,0,中通
DLV-00039,WO-202401-00051,C004,麦格纳,2024-01-22 08:00,2024-01-07 23:55,2024-01-10 01:55,0,准时,0,顺丰
DLV-00040,WO-202401-00052,C002,伟世通,2024-01-18 09:00,2024-01-06 03:13,2024-01-06 11:13,0,准时,0,中通
DLV-00041,WO-202401-00054,C012,小鹏汽车,2024-01-12 18:00,2024-01-04 03:40,2024-01-06 11:40,0,准时,0,顺丰
DLV-00042,WO-202401-00055,C008,吉利商用车,2024-01-10 09:00,2024-01-06 06:25,2024-01-09 06:25,0,准时,0,客户自提
DLV-00043,WO-202401-00056,C011,比亚迪事业群,2024-01-15 11:00,2024-01-04 02:14,2024-01-06 04:14,0,准时,0,自配送
DLV-00044,WO-202401-00062,C012,小鹏汽车,2024-01-22 16:00,2024-01-08 11:40,2024-01-10 08:40,0,准时,0,客户自提
DLV-00045,WO-202401-00063,C003,佛吉亚,2024-01-25 11:00,2024-01-09 08:16,2024-01-10 22:16,0,准时,0,自配送
DLV-00046,WO-202401-00064,C004,麦格纳,2024-01-22 17:00,2024-01-07 06:58,2024-01-09 21:58,0,准时,0,客户自提
DLV-00047,WO-202401-00066,C007,东风乘用车,2024-01-12 17:00,2024-01-04 07:43,2024-01-05 14:43,0,准时,0,京东物流
DLV-00048,WO-202401-00068,C010,长城精工,2024-01-22 11:00,2024-01-06 05:37,2024-01-08 14:37,0,准时,0,中通
DLV-00049,WO-202401-00069,C006,岚图汽车,2024-01-20 13:00,2024-01-03 01:09,2024-01-05 07:09,0,准时,0,京东物流
DLV-00050,WO-202401-00070,C004,麦格纳,2024-01-17 12:00,2024-01-04 20:31,2024-01-05 17:31,0,准时,0,中通
DLV-00051,WO-202401-00071,C008,吉利商用车,2024-01-19 17:00,2024-01-07 02:22,2024-01-08 13:22,0,准时,0,京东物流
DLV-00052,WO-202401-00072,C005,本田汽配,2024-01-11 08:00,2024-01-07 10:19,2024-01-08 07:19,0,准时,0,京东物流
DLV-00053,WO-202401-00073,C008,吉利商用车,2024-01-25 12:00,2024-01-08 06:42,2024-01-08 20:42,0,准时,0,客户自提
DLV-00054,WO-202401-00077,C012,小鹏汽车,2024-01-21 09:00,2024-01-05 13:50,2024-01-08 07:50,0,准时,0,中通
DLV-00055,WO-202401-00078,C010,长城精工,2024-01-21 09:00,2024-01-06 22:27,2024-01-09 10:27,0,准时,0,京东物流
DLV-00056,WO-202401-00084,C004,麦格纳,2024-01-09 15:00,2024-01-06 05:08,2024-01-08 22:08,0,准时,0,自配送
DLV-00057,WO-202401-00086,C007,东风乘用车,2024-01-12 16:00,2024-01-05 02:28,2024-01-07 00:28,0,准时,0,京东物流
DLV-00058,WO-202401-00089,C001,东风彼欧,2024-01-13 15:00,2024-01-06 15:02,2024-01-09 05:02,0,准时,0,客户自提
DLV-00059,WO-202401-00091,C010,长城精工,2024-01-20 10:00,2024-01-08 15:03,2024-01-10 08:03,0,准时,0,客户自提
DLV-00060,WO-202401-00092,C004,麦格纳,2024-01-16 11:00,2024-01-06 17:08,2024-01-09 09:08,0,准时,0,客户自提
DLV-00061,WO-202401-00093,C003,佛吉亚,2024-01-24 09:00,2024-01-08 02:54,2024-01-10 11:54,0,准时,0,顺丰
DLV-00062,WO-202401-00094,C007,东风乘用车,2024-01-15 16:00,2024-01-05 06:30,2024-01-06 10:30,0,准时,0,客户自提
DLV-00063,WO-202401-00095,C006,岚图汽车,2024-01-22 17:00,2024-01-07 17:46,2024-01-10 06:46,0,准时,0,京东物流
DLV-00064,WO-202401-00097,C003,佛吉亚,2024-01-13 16:00,2024-01-07 21:10,2024-01-09 19:10,0,准时,0,京东物流
DLV-00065,WO-202401-00098,C011,比亚迪事业群,2024-01-14 13:00,2024-01-07 07:13,2024-01-08 01:13,0,准时,0,自配送
DLV-00066,WO-202401-00101,C010,长城精工,2024-01-14 18:00,2024-01-07 14:17,2024-01-08 00:17,0,准时,0,京东物流
DLV-00067,WO-202401-00103,C003,佛吉亚,2024-01-23 10:00,2024-01-07 17:27,2024-01-09 02:27,0,准时,0,自配送
DLV-00068,WO-202401-00104,C001,东风彼欧,2024-01-14 14:00,2024-01-08 01:55,2024-01-10 15:55,0,准时,0,京东物流
DLV-00069,WO-202401-00105,C002,伟世通,2024-01-09 09:00,2024-01-04 19:01,2024-01-07 06:01,0,准时,0,顺丰
DLV-00070,WO-202401-00106,C002,伟世通,2024-01-20 15:00,2024-01-08 10:50,2024-01-09 12:50,0,准时,0,京东物流
DLV-00071,WO-202401-00109,C007,东风乘用车,2024-01-08 13:00,2024-01-02 22:48,2024-01-04 10:48,0,准时,0,顺丰
DLV-00072,WO-202401-00110,C007,东风乘用车,2024-01-13 15:00,2024-01-10 09:10,2024-01-11 20:10,0,准时,0,自配送
DLV-00073,WO-202401-00111,C005,本田汽配,2024-01-16 12:00,2024-01-08 10:40,2024-01-11 07:40,0,准时,0,京东物流
DLV-00074,WO-202401-00112,C006,岚图汽车,2024-01-20 12:00,2024-01-10 08:52,2024-01-12 03:52,0,准时,0,客户自提
DLV-00075,WO-202401-00114,C009,零跑汽车,2024-01-14 13:00,2024-01-03 09:21,2024-01-05 21:21,0,准时,0,顺丰
DLV-00076,WO-202401-00118,C005,本田汽配,2024-01-11 12:00,2024-01-04 20:42,2024-01-07 05:42,0,准时,0,京东物流
DLV-00077,WO-202401-00119,C012,小鹏汽车,2024-01-24 15:00,2024-01-09 18:25,2024-01-11 00:25,0,准时,0,自配送
DLV-00078,WO-202401-00122,C003,佛吉亚,2024-01-22 17:00,2024-01-04 20:09,2024-01-06 15:09,0,准时,0,顺丰
DLV-00079,WO-202401-00123,C011,比亚迪事业群,2024-01-19 16:00,2024-01-02 23:46,2024-01-04 11:46,0,准时,0,顺丰
DLV-00080,WO-202401-00124,C002,伟世通,2024-01-09 08:00,2024-01-02 20:25,2024-01-03 09:25,0,准时,0,客户自提
DLV-00081,WO-202401-00125,C012,小鹏汽车,2024-01-24 12:00,2024-01-08 20:49,2024-01-09 15:49,0,准时,0,中通
DLV-00082,WO-202401-00127,C005,本田汽配,2024-01-21 09:00,2024-01-10 04:11,2024-01-12 06:11,0,准时,0,京东物流
DLV-00083,WO-202401-00128,C008,吉利商用车,2024-01-23 18:00,2024-01-08 08:07,2024-01-10 03:07,0,准时,0,中通
DLV-00084,WO-202401-00129,C012,小鹏汽车,2024-01-20 15:00,2024-01-04 13:27,2024-01-06 11:27,0,准时,0,中通
DLV-00085,WO-202401-00130,C001,东风彼欧,2024-01-12 12:00,2024-01-06 10:06,2024-01-07 22:06,0,准时,0,中通
DLV-00086,WO-202401-00131,C003,佛吉亚,2024-01-18 13:00,2024-01-05 04:29,2024-01-07 04:29,0,准时,0,自配送
DLV-00087,WO-202401-00132,C001,东风彼欧,2024-01-18 17:00,2024-01-07 13:15,2024-01-08 00:15,0,准时,0,中通
DLV-00088,WO-202401-00135,C002,伟世通,2024-01-20 17:00,2024-01-08 18:29,2024-01-10 05:29,0,准时,0,中通
DLV-00089,WO-202401-00138,C005,本田汽配,2024-01-16 08:00,2024-01-04 01:34,2024-01-05 07:34,0,准时,0,自配送
DLV-00090,WO-202401-00141,C012,小鹏汽车,2024-01-24 16:00,2024-01-07 03:19,2024-01-09 01:19,0,准时,0,顺丰
DLV-00091,WO-202401-00142,C006,岚图汽车,2024-01-19 09:00,2024-01-07 19:33,2024-01-08 19:33,0,准时,0,中通
DLV-00092,WO-202401-00143,C005,本田汽配,2024-01-20 08:00,2024-01-03 21:36,2024-01-04 18:36,0,准时,0,中通
DLV-00093,WO-202401-00145,C002,伟世通,2024-01-23 17:00,2024-01-07 09:43,2024-01-09 20:43,0,准时,0,客户自提
DLV-00094,WO-202401-00147,C011,比亚迪事业群,2024-01-14 13:00,2024-01-09 14:19,2024-01-12 11:19,0,准时,0,客户自提
DLV-00095,WO-202401-00148,C010,长城精工,2024-01-24 13:00,2024-01-08 21:33,2024-01-09 15:33,0,准时,0,中通
DLV-00096,WO-202401-00151,C011,比亚迪事业群,2024-01-15 10:00,2024-01-04 15:10,2024-01-07 00:10,0,准时,0,中通
DLV-00097,WO-202401-00152,C003,佛吉亚,2024-01-20 13:00,2024-01-06 19:19,2024-01-08 23:19,0,准时,0,顺丰
DLV-00098,WO-202401-00153,C006,岚图汽车,2024-01-12 16:00,2024-01-09 23:05,2024-01-12 23:05,7.1,准时,0,客户自提
DLV-00099,WO-202401-00155,C002,伟世通,2024-01-17 11:00,2024-01-09 12:33,2024-01-10 09:33,0,准时,0,顺丰
DLV-00100,WO-202401-00157,C010,长城精工,2024-01-20 08:00,2024-01-02 20:18,2024-01-05 11:18,0,准时,0,顺丰
DLV-00101,WO-202401-00158,C008,吉利商用车,2024-01-22 15:00,2024-01-03 16:11,2024-01-05 06:11,0,准时,0,京东物流
DLV-00102,WO-202401-00160,C012,小鹏汽车,2024-01-24 15:00,2024-01-07 16:48,2024-01-10 06:48,0,准时,0,中通
DLV-00103,WO-202401-00161,C002,伟世通,2024-01-11 12:00,2024-01-05 06:09,2024-01-08 03:09,0,准时,0,中通
DLV-00104,WO-202401-00162,C002,伟世通,2024-01-21 11:00,2024-01-06 19:12,2024-01-09 06:12,0,准时,0,中通
DLV-00105,WO-202401-00163,C008,吉利商用车,2024-01-14 15:00,2024-01-07 17:28,2024-01-09 22:28,0,准时,0,中通
DLV-00106,WO-202401-00164,C001,东风彼欧,2024-01-22 08:00,2024-01-09 01:55,2024-01-09 19:55,0,准时,0,顺丰
DLV-00107,WO-202401-00166,C003,佛吉亚,2024-01-22 14:00,2024-01-08 02:27,2024-01-10 21:27,0,准时,0,中通
DLV-00108,WO-202401-00168,C004,麦格纳,2024-01-16 13:00,2024-01-05 14:58,2024-01-07 02:58,0,准时,0,自配送
DLV-00109,WO-202401-00171,C005,本田汽配,2024-01-10 13:00,2024-01-06 23:47,2024-01-08 21:47,0,准时,0,京东物流
DLV-00110,WO-202401-00172,C005,本田汽配,2024-01-12 17:00,2024-01-09 01:24,2024-01-10 15:24,0,准时,0,客户自提
DLV-00111,WO-202401-00175,C006,岚图汽车,2024-01-18 09:00,2024-01-03 02:28,2024-01-05 18:28,0,准时,0,自配送
DLV-00112,WO-202401-00179,C010,长城精工,2024-01-17 11:00,2024-01-09 09:29,2024-01-11 10:29,0,准时,0,顺丰
DLV-00113,WO-202401-00181,C012,小鹏汽车,2024-01-22 13:00,2024-01-05 07:08,2024-01-07 08:08,0,准时,0,顺丰
DLV-00114,WO-202401-00182,C004,麦格纳,2024-01-11 15:00,2024-01-07 10:16,2024-01-09 06:16,0,准时,0,中通
DLV-00115,WO-202401-00183,C008,吉利商用车,2024-01-16 17:00,2024-01-08 08:49,2024-01-09 06:49,0,准时,0,中通
DLV-00116,WO-202401-00184,C006,岚图汽车,2024-01-19 11:00,2024-01-07 09:42,2024-01-09 22:42,0,准时,0,客户自提
DLV-00117,WO-202401-00185,C003,佛吉亚,2024-01-10 12:00,2024-01-06 00:51,2024-01-07 08:51,0,准时,0,客户自提
DLV-00118,WO-202401-00186,C010,长城精工,2024-01-16 09:00,2024-01-08 01:40,2024-01-10 05:40,0,准时,0,顺丰
DLV-00119,WO-202401-00187,C004,麦格纳,2024-01-20 11:00,2024-01-05 16:03,2024-01-06 07:03,0,准时,0,京东物流
DLV-00120,WO-202401-00189,C011,比亚迪事业群,2024-01-13 17:00,2024-01-05 17:46,2024-01-07 16:46,0,准时,0,顺丰
DLV-00121,WO-202401-00190,C007,东风乘用车,2024-01-23 10:00,2024-01-07 13:58,2024-01-08 08:58,0,准时,0,顺丰
DLV-00122,WO-202401-00192,C005,本田汽配,2024-01-14 15:00,2024-01-06 17:12,2024-01-07 12:12,0,准时,0,中通
DLV-00123,WO-202401-00193,C008,吉利商用车,2024-01-11 15:00,2024-01-08 11:30,2024-01-10 11:30,0,准时,0,京东物流
DLV-00124,WO-202401-00195,C012,小鹏汽车,2024-01-19 11:00,2024-01-06 14:04,2024-01-08 09:04,0,准时,0,京东物流
DLV-00125,WO-202401-00196,C002,伟世通,2024-01-19 17:00,2024-01-05 16:53,2024-01-06 21:53,0,准时,0,客户自提
DLV-00126,WO-202401-00199,C011,比亚迪事业群,2024-01-22 15:00,2024-01-08 23:31,2024-01-09 08:31,0,准时,0,自配送
DLV-00127,WO-202401-00201,C006,岚图汽车,2024-01-19 10:00,2024-01-03 05:15,2024-01-04 08:15,0,准时,0,中通
DLV-00128,WO-202401-00202,C004,麦格纳,2024-01-12 16:00,2024-01-08 01:01,2024-01-11 01:01,0,准时,0,顺丰
DLV-00129,WO-202401-00203,C007,东风乘用车,2024-01-13 09:00,2024-01-04 08:24,2024-01-07 04:24,0,准时,0,京东物流
DLV-00130,WO-202401-00204,C011,比亚迪事业群,2024-01-19 18:00,2024-01-07 01:31,2024-01-09 08:31,0,准时,0,京东物流
DLV-00131,WO-202401-00207,C004,麦格纳,2024-01-13 09:00,2024-01-07 06:40,2024-01-10 05:40,0,准时,0,京东物流
DLV-00132,WO-202401-00209,C004,麦格纳,2024-01-11 11:00,2024-01-04 09:45,2024-01-06 00:45,0,准时,0,自配送
DLV-00133,WO-202401-00210,C001,东风彼欧,2024-01-16 09:00,2024-01-07 20:10,2024-01-09 20:10,0,准时,0,自配送
DLV-00134,WO-202401-00212,C006,岚图汽车,2024-01-25 08:00,2024-01-08 12:28,2024-01-10 16:28,0,准时,0,中通
DLV-00135,WO-202401-00215,C008,吉利商用车,2024-01-20 15:00,2024-01-07 18:49,2024-01-10 11:49,0,准时,0,自配送
DLV-00136,WO-202401-00216,C005,本田汽配,2024-01-23 17:00,2024-01-05 22:06,2024-01-08 10:06,0,准时,0,自配送
DLV-00137,WO-202401-00219,C010,长城精工,2024-01-26 16:00,2024-01-08 20:39,2024-01-10 03:39,0,准时,0,顺丰
DLV-00138,WO-202401-00220,C005,本田汽配,2024-01-21 13:00,2024-01-07 05:16,2024-01-09 05:16,0,准时,0,京东物流
DLV-00139,WO-202401-00221,C005,本田汽配,2024-01-24 16:00,2024-01-08 04:15,2024-01-11 03:15,0,准时,0,自配送
DLV-00140,WO-202401-00222,C006,岚图汽车,2024-01-17 12:00,2024-01-04 20:07,2024-01-07 04:07,0,准时,0,顺丰
DLV-00141,WO-202401-00225,C001,东风彼欧,2024-01-09 17:00,2024-01-02 17:10,2024-01-03 08:10,0,准时,0,自配送
DLV-00142,WO-202401-00227,C004,麦格纳,2024-01-12 12:00,2024-01-07 20:04,2024-01-10 14:04,0,准时,0,客户自提
DLV-00143,WO-202401-00228,C008,吉利商用车,2024-01-18 17:00,2024-01-07 22:39,2024-01-09 21:39,0,准时,0,中通
DLV-00144,WO-202401-00231,C010,长城精工,2024-01-22 09:00,2024-01-05 00:43,2024-01-06 00:43,0,准时,0,顺丰
DLV-00145,WO-202401-00232,C010,长城精工,2024-01-20 17:00,2024-01-08 12:46,2024-01-10 15:46,0,准时,0,自配送
DLV-00146,WO-202401-00235,C010,长城精工,2024-01-17 12:00,2024-01-05 06:04,2024-01-07 10:04,0,准时,0,中通
DLV-00147,WO-202401-00237,C008,吉利商用车,2024-01-13 18:00,2024-01-10 20:44,2024-01-12 19:44,0,准时,0,自配送
DLV-00148,WO-202401-00241,C002,伟世通,2024-01-24 08:00,2024-01-06 04:13,2024-01-08 23:13,0,准时,0,客户自提
DLV-00149,WO-202401-00242,C008,吉利商用车,2024-01-17 12:00,2024-01-04 21:25,2024-01-05 11:25,0,准时,0,中通
DLV-00150,WO-202401-00243,C011,比亚迪事业群,2024-01-08 10:00,2024-01-04 19:18,2024-01-06 20:18,0,准时,0,京东物流
DLV-00151,WO-202401-00244,C005,本田汽配,2024-01-22 17:00,2024-01-07 13:06,2024-01-10 03:06,0,准时,0,自配送
DLV-00152,WO-202401-00247,C012,小鹏汽车,2024-01-21 10:00,2024-01-08 23:31,2024-01-11 01:31,0,准时,0,客户自提
DLV-00153,WO-202401-00251,C010,长城精工,2024-01-21 09:00,2024-01-05 06:51,2024-01-07 10:51,0,准时,0,自配送
DLV-00154,WO-202401-00252,C005,本田汽配,2024-01-09 17:00,2024-01-03 01:42,2024-01-04 22:42,0,准时,0,中通
DLV-00155,WO-202401-00254,C011,比亚迪事业群,2024-01-14 10:00,2024-01-04 21:30,2024-01-05 12:30,0,准时,0,中通
DLV-00156,WO-202401-00256,C002,伟世通,2024-01-15 13:00,2024-01-04 09:02,2024-01-07 03:02,0,准时,0,自配送
DLV-00157,WO-202401-00257,C002,伟世通,2024-01-12 09:00,2024-01-05 00:16,2024-01-05 21:16,0,准时,0,自配送
DLV-00158,WO-202401-00258,C012,小鹏汽车,2024-01-13 11:00,2024-01-10 01:12,2024-01-12 08:12,0,准时,0,中通
DLV-00159,WO-202401-00260,C001,东风彼欧,2024-01-11 13:00,2024-01-05 16:09,2024-01-07 11:09,0,准时,0,自配送
DLV-00160,WO-202401-00264,C011,比亚迪事业群,2024-01-12 14:00,2024-01-05 10:45,2024-01-08 06:45,0,准时,0,客户自提
DLV-00161,WO-202401-00267,C009,零跑汽车,2024-01-14 10:00,2024-01-08 18:07,2024-01-09 02:07,0,准时,0,自配送
DLV-00162,WO-202401-00269,C004,麦格纳,2024-01-19 14:00,2024-01-04 06:01,2024-01-06 01:01,0,准时,0,自配送
DLV-00163,WO-202401-00270,C007,东风乘用车,2024-01-14 09:00,2024-01-10 05:54,2024-01-10 13:54,0,准时,0,客户自提
DLV-00164,WO-202401-00271,C001,东风彼欧,2024-01-19 10:00,2024-01-05 04:35,2024-01-07 16:35,0,准时,0,自配送
DLV-00165,WO-202401-00274,C010,长城精工,2024-01-17 13:00,2024-01-04 06:02,2024-01-05 16:02,0,准时,0,京东物流
DLV-00166,WO-202401-00275,C012,小鹏汽车,2024-01-13 18:00,2024-01-08 21:51,2024-01-11 11:51,0,准时,0,客户自提
DLV-00167,WO-202401-00276,C007,东风乘用车,2024-01-13 15:00,2024-01-07 15:54,2024-01-08 10:54,0,准时,0,京东物流
DLV-00168,WO-202401-00277,C004,麦格纳,2024-01-20 12:00,2024-01-08 11:50,2024-01-10 05:50,0,准时,0,自配送
DLV-00169,WO-202401-00278,C009,零跑汽车,2024-01-26 10:00,2024-01-07 23:09,2024-01-08 09:09,0,准时,0,中通
DLV-00170,WO-202401-00279,C009,零跑汽车,2024-01-23 12:00,2024-01-10 13:28,2024-01-10 21:28,0,准时,0,顺丰
DLV-00171,WO-202401-00280,C006,岚图汽车,2024-01-18 17:00,2024-01-06 09:16,2024-01-08 11:16,0,准时,0,顺丰
DLV-00172,WO-202401-00282,C012,小鹏汽车,2024-01-18 12:00,2024-01-05 13:34,2024-01-06 19:34,0,准时,0,中通
DLV-00173,WO-202401-00283,C001,东风彼欧,2024-01-17 18:00,2024-01-08 10:27,2024-01-11 02:27,0,准时,0,客户自提
DLV-00174,WO-202401-00284,C002,伟世通,2024-01-22 08:00,2024-01-08 19:14,2024-01-10 07:14,0,准时,0,顺丰
DLV-00175,WO-202401-00285,C010,长城精工,2024-01-20 17:00,2024-01-08 03:13,2024-01-08 23:13,0,准时,0,京东物流
DLV-00176,WO-202401-00287,C004,麦格纳,2024-01-17 08:00,2024-01-06 10:38,2024-01-09 00:38,0,准时,0,自配送
DLV-00177,WO-202401-00288,C004,麦格纳,2024-01-19 08:00,2024-01-03 12:27,2024-01-03 22:27,0,准时,0,京东物流
DLV-00178,WO-202401-00292,C006,岚图汽车,2024-01-20 17:00,2024-01-05 00:06,2024-01-07 18:06,0,准时,0,京东物流
DLV-00179,WO-202401-00293,C004,麦格纳,2024-01-08 15:00,2024-01-03 08:16,2024-01-05 07:16,0,准时,0,中通
DLV-00180,WO-202401-00294,C001,东风彼欧,2024-01-27 14:00,2024-01-08 08:12,2024-01-10 03:12,0,准时,0,京东物流
DLV-00181,WO-202401-00295,C006,岚图汽车,2024-01-13 18:00,2024-01-10 02:19,2024-01-10 20:19,0,准时,0,中通
DLV-00182,WO-202401-00296,C002,伟世通,2024-01-18 16:00,2024-01-06 14:46,2024-01-08 06:46,0,准时,0,中通
DLV-00183,WO-202401-00298,C009,零跑汽车,2024-01-22 18:00,2024-01-07 22:24,2024-01-10 08:24,0,准时,0,中通
DLV-00184,WO-202401-00299,C002,伟世通,2024-01-22 18:00,2024-01-08 12:11,2024-01-09 03:11,0,准时,0,顺丰
DLV-00185,WO-202401-00303,C003,佛吉亚,2024-01-27 17:00,2024-01-08 04:45,2024-01-09 18:45,0,准时,0,中通
DLV-00186,WO-202401-00305,C006,岚图汽车,2024-01-10 16:00,2024-01-04 09:42,2024-01-05 12:42,0,准时,0,京东物流
DLV-00187,WO-202401-00306,C009,零跑汽车,2024-01-22 17:00,2024-01-06 05:40,2024-01-07 01:40,0,准时,0,京东物流
DLV-00188,WO-202401-00307,C001,东风彼欧,2024-01-27 09:00,2024-01-10 07:21,2024-01-12 00:21,0,准时,0,客户自提
DLV-00189,WO-202401-00308,C009,零跑汽车,2024-01-17 12:00,2024-01-02 21:28,2024-01-04 16:28,0,准时,0,客户自提
DLV-00190,WO-202401-00309,C006,岚图汽车,2024-01-24 16:00,2024-01-07 03:22,2024-01-08 06:22,0,准时,0,客户自提
DLV-00191,WO-202401-00310,C001,东风彼欧,2024-01-16 16:00,2024-01-04 15:18,2024-01-05 21:18,0,准时,0,京东物流
DLV-00192,WO-202401-00312,C005,本田汽配,2024-01-23 16:00,2024-01-09 07:19,2024-01-11 06:19,0,准时,0,京东物流
DLV-00193,WO-202401-00314,C003,佛吉亚,2024-01-22 15:00,2024-01-06 04:15,2024-01-09 00:15,0,准时,0,顺丰
DLV-00194,WO-202401-00315,C009,零跑汽车,2024-01-20 08:00,2024-01-07 13:55,2024-01-09 01:55,0,准时,0,顺丰
DLV-00195,WO-202401-00316,C011,比亚迪事业群,2024-01-24 13:00,2024-01-06 08:07,2024-01-08 09:07,0,准时,0,顺丰
DLV-00196,WO-202401-00317,C003,佛吉亚,2024-01-24 18:00,2024-01-08 20:33,2024-01-09 19:33,0,准时,0,客户自提
DLV-00197,WO-202401-00319,C012,小鹏汽车,2024-01-16 15:00,2024-01-03 20:21,2024-01-04 09:21,0,准时,0,客户自提
DLV-00198,WO-202401-00320,C002,伟世通,2024-01-27 11:00,2024-01-10 06:07,2024-01-10 14:07,0,准时,0,客户自提
DLV-00199,WO-202401-00321,C008,吉利商用车,2024-01-24 09:00,2024-01-07 08:45,2024-01-10 06:45,0,准时,0,顺丰
DLV-00200,WO-202401-00323,C003,佛吉亚,2024-01-14 14:00,2024-01-06 00:23,2024-01-07 04:23,0,准时,0,客户自提
DLV-00201,WO-202401-00326,C012,小鹏汽车,2024-01-15 13:00,2024-01-06 17:42,2024-01-07 15:42,0,准时,0,顺丰
DLV-00202,WO-202402-00327,C010,长城精工,2024-02-18 18:00,2024-02-07 05:10,2024-02-08 21:10,0,准时,0,自配送
DLV-00203,WO-202402-00330,C011,比亚迪事业群,2024-02-14 16:00,2024-02-04 03:33,2024-02-04 17:33,0,准时,0,中通
DLV-00204,WO-202402-00331,C007,东风乘用车,2024-02-25 08:00,2024-02-06 18:30,2024-02-08 19:30,0,准时,0,顺丰
DLV-00205,WO-202402-00332,C011,比亚迪事业群,2024-02-17 09:00,2024-02-03 16:05,2024-02-04 11:05,0,准时,0,京东物流
DLV-00206,WO-202402-00333,C008,吉利商用车,2024-02-14 16:00,2024-02-08 22:49,2024-02-11 03:49,0,准时,0,客户自提
DLV-00207,WO-202402-00335,C012,小鹏汽车,2024-02-20 16:00,2024-02-07 06:39,2024-02-08 20:39,0,准时,0,顺丰
DLV-00208,WO-202402-00337,C008,吉利商用车,2024-02-12 10:00,2024-02-04 16:20,2024-02-06 04:20,0,准时,0,自配送
DLV-00209,WO-202402-00339,C010,长城精工,2024-02-18 15:00,2024-02-09 14:28,2024-02-11 10:28,0,准时,0,客户自提
DLV-00210,WO-202402-00342,C004,麦格纳,2024-02-13 10:00,2024-02-08 07:12,2024-02-08 20:12,0,准时,0,客户自提
DLV-00211,WO-202402-00343,C009,零跑汽车,2024-02-18 14:00,2024-02-07 10:07,2024-02-09 12:07,0,准时,0,京东物流
DLV-00212,WO-202402-00345,C011,比亚迪事业群,2024-02-21 10:00,2024-02-07 17:36,2024-02-09 04:36,0,准时,0,客户自提
DLV-00213,WO-202402-00347,C011,比亚迪事业群,2024-02-21 08:00,2024-02-05 14:50,2024-02-08 09:50,0,准时,0,客户自提
DLV-00214,WO-202402-00348,C007,东风乘用车,2024-02-23 10:00,2024-02-05 13:13,2024-02-06 21:13,0,准时,0,客户自提
DLV-00215,WO-202402-00349,C001,东风彼欧,2024-02-25 15:00,2024-02-10 13:45,2024-02-11 08:45,0,准时,0,顺丰
DLV-00216,WO-202402-00350,C006,岚图汽车,2024-02-09 14:00,2024-02-04 12:37,2024-02-04 22:37,0,准时,0,顺丰
DLV-00217,WO-202402-00353,C006,岚图汽车,2024-02-22 17:00,2024-02-09 14:31,2024-02-12 02:31,0,准时,0,京东物流
DLV-00218,WO-202402-00354,C010,长城精工,2024-02-18 09:00,2024-02-08 12:08,2024-02-09 20:08,0,准时,0,中通
DLV-00219,WO-202402-00355,C005,本田汽配,2024-02-14 08:00,2024-02-09 14:40,2024-02-11 13:40,0,准时,0,京东物流
DLV-00220,WO-202402-00357,C004,麦格纳,2024-02-19 08:00,2024-02-06 12:35,2024-02-08 23:35,0,准时,0,客户自提
DLV-00221,WO-202402-00358,C003,佛吉亚,2024-02-09 16:00,2024-02-06 17:19,2024-02-08 07:19,0,准时,0,顺丰
DLV-00222,WO-202402-00360,C005,本田汽配,2024-02-15 15:00,2024-02-08 03:50,2024-02-09 12:50,0,准时,0,中通
DLV-00223,WO-202402-00363,C005,本田汽配,2024-02-26 11:00,2024-02-07 15:56,2024-02-09 14:56,0,准时,0,客户自提
DLV-00224,WO-202402-00364,C004,麦格纳,2024-02-15 10:00,2024-02-08 00:35,2024-02-10 17:35,0,准时,0,自配送
DLV-00225,WO-202402-00366,C012,小鹏汽车,2024-02-18 18:00,2024-02-04 03:21,2024-02-07 02:21,0,准时,0,自配送
DLV-00226,WO-202402-00368,C008,吉利商用车,2024-02-26 08:00,2024-02-09 07:21,2024-02-11 21:21,0,准时,0,顺丰
DLV-00227,WO-202402-00369,C010,长城精工,2024-02-21 11:00,2024-02-06 06:10,2024-02-09 01:10,0,准时,0,顺丰
DLV-00228,WO-202402-00370,C011,比亚迪事业群,2024-02-16 18:00,2024-02-08 14:22,2024-02-10 17:22,0,准时,0,中通
DLV-00229,WO-202402-00378,C002,伟世通,2024-02-23 16:00,2024-02-08 07:04,2024-02-09 21:04,0,准时,0,京东物流
DLV-00230,WO-202402-00380,C008,吉利商用车,2024-02-20 18:00,2024-02-05 05:50,2024-02-07 11:50,0,准时,0,客户自提
DLV-00231,WO-202402-00382,C002,伟世通,2024-02-18 12:00,2024-02-08 15:57,2024-02-10 17:57,0,准时,0,京东物流
DLV-00232,WO-202402-00383,C008,吉利商用车,2024-02-11 09:00,2024-02-07 11:14,2024-02-08 19:14,0,准时,0,顺丰
DLV-00233,WO-202402-00384,C002,伟世通,2024-02-16 16:00,2024-02-04 01:56,2024-02-05 01:56,0,准时,0,顺丰
DLV-00234,WO-202402-00385,C010,长城精工,2024-02-11 14:00,2024-02-07 07:16,2024-02-08 08:16,0,准时,0,中通
DLV-00235,WO-202402-00387,C005,本田汽配,2024-02-23 14:00,2024-02-04 15:20,2024-02-07 14:20,0,准时,0,顺丰
DLV-00236,WO-202402-00388,C010,长城精工,2024-02-25 08:00,2024-02-08 22:28,2024-02-11 08:28,0,准时,0,自配送
DLV-00237,WO-202402-00389,C003,佛吉亚,2024-02-18 16:00,2024-02-07 04:40,2024-02-08 09:40,0,准时,0,客户自提
DLV-00238,WO-202402-00390,C006,岚图汽车,2024-02-19 10:00,2024-02-06 05:33,2024-02-06 18:33,0,准时,0,客户自提
DLV-00239,WO-202402-00391,C008,吉利商用车,2024-02-18 08:00,2024-02-03 19:03,2024-02-06 18:03,0,准时,0,客户自提
DLV-00240,WO-202402-00392,C005,本田汽配,2024-02-12 10:00,2024-02-05 01:04,2024-02-06 16:04,0,准时,0,京东物流
DLV-00241,WO-202402-00394,C012,小鹏汽车,2024-02-14 15:00,2024-02-06 11:10,2024-02-08 02:10,0,准时,0,中通
DLV-00242,WO-202402-00395,C007,东风乘用车,2024-02-18 10:00,2024-02-04 20:18,2024-02-06 20:18,0,准时,0,顺丰
DLV-00243,WO-202402-00397,C010,长城精工,2024-02-10 09:00,2024-02-06 23:37,2024-02-09 07:37,0,准时,0,中通
DLV-00244,WO-202402-00398,C003,佛吉亚,2024-02-12 17:00,2024-02-05 06:48,2024-02-07 08:48,0,准时,0,自配送
DLV-00245,WO-202402-00400,C009,零跑汽车,2024-02-10 14:00,2024-02-05 12:49,2024-02-07 09:49,0,准时,0,中通
DLV-00246,WO-202402-00401,C001,东风彼欧,2024-02-13 11:00,2024-02-10 02:55,2024-02-12 13:55,0,准时,0,京东物流
DLV-00247,WO-202402-00402,C012,小鹏汽车,2024-02-26 11:00,2024-02-09 13:24,2024-02-11 20:24,0,准时,0,自配送
DLV-00248,WO-202402-00403,C011,比亚迪事业群,2024-02-15 08:00,2024-02-07 01:09,2024-02-09 03:09,0,准时,0,自配送
DLV-00249,WO-202402-00407,C012,小鹏汽车,2024-02-24 16:00,2024-02-10 07:06,2024-02-12 02:06,0,准时,0,京东物流
DLV-00250,WO-202402-00410,C001,东风彼欧,2024-02-12 17:00,2024-02-06 07:09,2024-02-07 03:09,0,准时,0,京东物流
DLV-00251,WO-202402-00411,C005,本田汽配,2024-02-16 14:00,2024-02-04 22:39,2024-02-06 06:39,0,准时,0,自配送
DLV-00252,WO-202402-00412,C008,吉利商用车,2024-02-27 17:00,2024-02-09 21:11,2024-02-12 15:11,0,准时,0,京东物流
DLV-00253,WO-202402-00413,C006,岚图汽车,2024-02-14 17:00,2024-02-10 16:06,2024-02-12 13:06,0,准时,0,自配送
DLV-00254,WO-202402-00415,C007,东风乘用车,2024-02-16 14:00,2024-02-06 11:15,2024-02-09 10:15,0,准时,0,中通
DLV-00255,WO-202402-00416,C007,东风乘用车,2024-02-20 12:00,2024-02-03 07:05,2024-02-05 20:05,0,准时,0,客户自提
DLV-00256,WO-202402-00418,C005,本田汽配,2024-02-20 17:00,2024-02-09 23:12,2024-02-11 16:12,0,准时,0,自配送
DLV-00257,WO-202402-00419,C007,东风乘用车,2024-02-21 10:00,2024-02-05 13:36,2024-02-05 23:36,0,准时,0,客户自提
DLV-00258,WO-202402-00420,C009,零跑汽车,2024-02-14 15:00,2024-02-06 08:22,2024-02-07 18:22,0,准时,0,京东物流
DLV-00259,WO-202402-00421,C004,麦格纳,2024-02-13 09:00,2024-02-05 22:31,2024-02-07 23:31,0,准时,0,顺丰
DLV-00260,WO-202402-00422,C004,麦格纳,2024-02-21 08:00,2024-02-04 13:58,2024-02-05 22:58,0,准时,0,顺丰
DLV-00261,WO-202402-00423,C003,佛吉亚,2024-02-13 18:00,2024-02-05 08:10,2024-02-06 19:10,0,准时,0,顺丰
DLV-00262,WO-202402-00424,C003,佛吉亚,2024-02-15 14:00,2024-02-05 22:07,2024-02-06 09:07,0,准时,0,中通
DLV-00263,WO-202402-00425,C007,东风乘用车,2024-02-21 11:00,2024-02-06 10:45,2024-02-07 07:45,0,准时,0,客户自提
DLV-00264,WO-202402-00428,C005,本田汽配,2024-02-19 10:00,2024-02-09 16:27,2024-02-11 18:27,0,准时,0,客户自提
DLV-00265,WO-202402-00430,C002,伟世通,2024-02-24 12:00,2024-02-07 05:24,2024-02-10 05:24,0,准时,0,京东物流
DLV-00266,WO-202402-00434,C002,伟世通,2024-02-12 15:00,2024-02-09 03:27,2024-02-11 01:27,0,准时,0,中通
DLV-00267,WO-202402-00438,C007,东风乘用车,2024-02-22 13:00,2024-02-07 07:24,2024-02-09 07:24,0,准时,0,京东物流
DLV-00268,WO-202402-00439,C012,小鹏汽车,2024-02-11 17:00,2024-02-05 23:36,2024-02-06 21:36,0,准时,0,顺丰
DLV-00269,WO-202402-00440,C010,长城精工,2024-02-17 18:00,2024-02-10 01:53,2024-02-11 00:53,0,准时,0,顺丰
DLV-00270,WO-202402-00441,C005,本田汽配,2024-02-11 15:00,2024-02-07 07:27,2024-02-08 01:27,0,准时,0,客户自提
DLV-00271,WO-202402-00442,C004,麦格纳,2024-02-26 16:00,2024-02-08 12:43,2024-02-09 20:43,0,准时,0,顺丰
DLV-00272,WO-202402-00444,C012,小鹏汽车,2024-02-18 17:00,2024-02-06 20:04,2024-02-07 19:04,0,准时,0,中通
DLV-00273,WO-202402-00446,C003,佛吉亚,2024-02-20 10:00,2024-02-06 11:40,2024-02-07 22:40,0,准时,0,中通
DLV-00274,WO-202402-00448,C008,吉利商用车,2024-02-22 10:00,2024-02-03 01:34,2024-02-05 12:34,0,准时,0,自配送
DLV-00275,WO-202402-00452,C008,吉利商用车,2024-02-12 15:00,2024-02-09 12:15,2024-02-10 13:15,0,准时,0,中通
DLV-00276,WO-202402-00454,C001,东风彼欧,2024-02-21 18:00,2024-02-06 03:25,2024-02-07 02:25,0,准时,0,自配送
DLV-00277,WO-202402-00455,C002,伟世通,2024-02-15 14:00,2024-02-06 09:23,2024-02-07 06:23,0,准时,0,京东物流
DLV-00278,WO-202402-00456,C003,佛吉亚,2024-02-09 13:00,2024-02-04 08:15,2024-02-05 17:15,0,准时,0,顺丰
DLV-00279,WO-202402-00459,C009,零跑汽车,2024-02-16 12:00,2024-02-07 07:33,2024-02-09 20:33,0,准时,0,自配送
DLV-00280,WO-202402-00462,C004,麦格纳,2024-02-22 16:00,2024-02-07 09:12,2024-02-08 10:12,0,准时,0,客户自提
DLV-00281,WO-202402-00463,C002,伟世通,2024-02-20 15:00,2024-02-08 02:10,2024-02-09 06:10,0,准时,0,顺丰
DLV-00282,WO-202402-00466,C011,比亚迪事业群,2024-02-19 15:00,2024-02-06 01:06,2024-02-08 23:06,0,准时,0,客户自提
DLV-00283,WO-202402-00468,C001,东风彼欧,2024-02-21 12:00,2024-02-06 16:04,2024-02-09 16:04,0,准时,0,京东物流
DLV-00284,WO-202402-00474,C006,岚图汽车,2024-02-22 11:00,2024-02-09 04:34,2024-02-11 09:34,0,准时,0,自配送
DLV-00285,WO-202402-00476,C005,本田汽配,2024-02-13 15:00,2024-02-06 18:11,2024-02-07 13:11,0,准时,0,自配送
DLV-00286,WO-202402-00480,C005,本田汽配,2024-02-09 16:00,2024-02-05 12:00,2024-02-06 12:00,0,准时,0,中通
DLV-00287,WO-202402-00481,C006,岚图汽车,2024-02-19 09:00,2024-02-04 14:30,2024-02-04 22:30,0,准时,0,顺丰
DLV-00288,WO-202402-00483,C009,零跑汽车,2024-02-22 08:00,2024-02-05 11:27,2024-02-07 13:27,0,准时,0,中通
DLV-00289,WO-202402-00484,C003,佛吉亚,2024-02-18 18:00,2024-02-08 08:09,2024-02-10 19:09,0,准时,0,京东物流
DLV-00290,WO-202402-00485,C012,小鹏汽车,2024-02-14 15:00,2024-02-03 19:58,2024-02-05 02:58,0,准时,0,中通
DLV-00291,WO-202402-00486,C001,东风彼欧,2024-02-27 13:00,2024-02-10 00:16,2024-02-12 10:16,0,准时,0,客户自提
DLV-00292,WO-202402-00487,C005,本田汽配,2024-02-14 16:00,2024-02-08 10:45,2024-02-09 00:45,0,准时,0,顺丰
DLV-00293,WO-202402-00488,C012,小鹏汽车,2024-02-20 11:00,2024-02-08 11:47,2024-02-10 15:47,0,准时,0,顺丰
DLV-00294,WO-202402-00492,C010,长城精工,2024-02-17 12:00,2024-02-08 10:39,2024-02-08 23:39,0,准时,0,中通
DLV-00295,WO-202402-00493,C010,长城精工,2024-02-15 18:00,2024-02-09 17:10,2024-02-11 02:10,0,准时,0,中通
DLV-00296,WO-202402-00499,C003,佛吉亚,2024-02-15 18:00,2024-02-07 00:23,2024-02-09 14:23,0,准时,0,自配送
DLV-00297,WO-202402-00500,C012,小鹏汽车,2024-02-13 09:00,2024-02-05 18:24,2024-02-07 07:24,0,准时,0,中通
DLV-00298,WO-202402-00501,C010,长城精工,2024-02-12 09:00,2024-02-05 19:35,2024-02-08 14:35,0,准时,0,客户自提
DLV-00299,WO-202402-00502,C008,吉利商用车,2024-02-14 13:00,2024-02-10 11:15,2024-02-12 18:15,0,准时,0,中通
DLV-00300,WO-202402-00503,C008,吉利商用车,2024-02-19 13:00,2024-02-07 04:55,2024-02-07 20:55,0,准时,0,顺丰
DLV-00301,WO-202402-00504,C009,零跑汽车,2024-02-15 16:00,2024-02-03 23:40,2024-02-06 05:40,0,准时,0,京东物流
DLV-00302,WO-202402-00508,C008,吉利商用车,2024-02-15 08:00,2024-02-06 04:26,2024-02-06 16:26,0,准时,0,自配送
DLV-00303,WO-202402-00509,C008,吉利商用车,2024-02-21 11:00,2024-02-04 01:04,2024-02-05 00:04,0,准时,0,京东物流
DLV-00304,WO-202402-00510,C005,本田汽配,2024-02-26 12:00,2024-02-07 23:45,2024-02-09 21:45,0,准时,0,中通
DLV-00305,WO-202402-00512,C008,吉利商用车,2024-02-12 16:00,2024-02-08 09:15,2024-02-11 00:15,0,准时,0,客户自提
DLV-00306,WO-202402-00520,C006,岚图汽车,2024-02-12 17:00,2024-02-03 03:32,2024-02-05 07:32,0,准时,0,自配送
DLV-00307,WO-202402-00521,C011,比亚迪事业群,2024-02-12 12:00,2024-02-06 13:03,2024-02-06 22:03,0,准时,0,顺丰
DLV-00308,WO-202402-00522,C003,佛吉亚,2024-02-18 09:00,2024-02-08 13:03,2024-02-10 21:03,0,准时,0,顺丰
DLV-00309,WO-202402-00523,C003,佛吉亚,2024-02-12 11:00,2024-02-04 17:25,2024-02-07 02:25,0,准时,0,京东物流
DLV-00310,WO-202402-00524,C012,小鹏汽车,2024-02-16 14:00,2024-02-09 05:34,2024-02-10 09:34,0,准时,0,中通
DLV-00311,WO-202402-00525,C011,比亚迪事业群,2024-02-21 14:00,2024-02-04 20:28,2024-02-05 21:28,0,准时,0,顺丰
DLV-00312,WO-202402-00526,C010,长城精工,2024-02-17 11:00,2024-02-07 06:22,2024-02-08 15:22,0,准时,0,顺丰
DLV-00313,WO-202402-00527,C010,长城精工,2024-02-16 12:00,2024-02-06 23:43,2024-02-07 21:43,0,准时,0,中通
DLV-00314,WO-202402-00528,C002,伟世通,2024-02-10 11:00,2024-02-07 00:14,2024-02-08 13:14,0,准时,0,自配送
DLV-00315,WO-202402-00529,C009,零跑汽车,2024-02-12 15:00,2024-02-09 00:12,2024-02-09 21:12,0,准时,0,京东物流
DLV-00316,WO-202402-00530,C002,伟世通,2024-02-19 15:00,2024-02-05 12:15,2024-02-07 18:15,0,准时,0,中通
DLV-00317,WO-202402-00533,C006,岚图汽车,2024-02-17 17:00,2024-02-09 18:21,2024-02-11 13:21,0,准时,0,自配送
DLV-00318,WO-202402-00534,C002,伟世通,2024-02-26 17:00,2024-02-10 00:42,2024-02-10 23:42,0,准时,0,顺丰
DLV-00319,WO-202402-00535,C008,吉利商用车,2024-02-15 18:00,2024-02-07 14:15,2024-02-09 20:15,0,准时,0,客户自提
DLV-00320,WO-202402-00537,C006,岚图汽车,2024-02-13 10:00,2024-02-04 11:13,2024-02-07 04:13,0,准时,0,中通
DLV-00321,WO-202402-00539,C008,吉利商用车,2024-02-15 13:00,2024-02-06 10:12,2024-02-07 23:12,0,准时,0,自配送
DLV-00322,WO-202402-00540,C005,本田汽配,2024-02-20 18:00,2024-02-10 10:58,2024-02-10 21:58,0,准时,0,中通
DLV-00323,WO-202402-00542,C001,东风彼欧,2024-02-17 13:00,2024-02-10 01:37,2024-02-10 22:37,0,准时,0,中通
DLV-00324,WO-202402-00543,C005,本田汽配,2024-02-12 14:00,2024-02-09 05:30,2024-02-11 13:30,0,准时,0,自配送
DLV-00325,WO-202402-00546,C010,长城精工,2024-02-20 15:00,2024-02-05 13:54,2024-02-08 02:54,0,准时,0,京东物流
DLV-00326,WO-202402-00547,C008,吉利商用车,2024-02-17 11:00,2024-02-06 01:28,2024-02-08 09:28,0,准时,0,客户自提
DLV-00327,WO-202402-00548,C008,吉利商用车,2024-02-22 10:00,2024-02-07 07:49,2024-02-09 13:49,0,准时,0,中通
DLV-00328,WO-202402-00550,C008,吉利商用车,2024-02-17 09:00,2024-02-10 00:04,2024-02-11 03:04,0,准时,0,京东物流
DLV-00329,WO-202402-00552,C006,岚图汽车,2024-02-10 17:00,2024-02-07 20:12,2024-02-10 06:12,0,准时,0,京东物流
DLV-00330,WO-202402-00555,C004,麦格纳,2024-02-21 11:00,2024-02-07 22:03,2024-02-09 20:03,0,准时,0,客户自提
DLV-00331,WO-202402-00558,C010,长城精工,2024-02-18 12:00,2024-02-08 10:56,2024-02-09 21:56,0,准时,0,京东物流
DLV-00332,WO-202402-00559,C009,零跑汽车,2024-02-24 11:00,2024-02-09 23:46,2024-02-12 19:46,0,准时,0,客户自提
DLV-00333,WO-202402-00560,C005,本田汽配,2024-02-24 09:00,2024-02-06 16:06,2024-02-07 00:06,0,准时,0,客户自提
DLV-00334,WO-202402-00561,C008,吉利商用车,2024-02-22 12:00,2024-02-06 13:39,2024-02-07 14:39,0,准时,0,顺丰
DLV-00335,WO-202402-00562,C009,零跑汽车,2024-02-15 18:00,2024-02-08 07:54,2024-02-09 16:54,0,准时,0,中通
DLV-00336,WO-202402-00563,C002,伟世通,2024-02-16 12:00,2024-02-05 14:16,2024-02-08 09:16,0,准时,0,客户自提
DLV-00337,WO-202402-00564,C002,伟世通,2024-02-18 16:00,2024-02-07 16:22,2024-02-10 01:22,0,准时,0,客户自提
DLV-00338,WO-202402-00565,C008,吉利商用车,2024-02-22 08:00,2024-02-10 16:54,2024-02-13 09:54,0,准时,0,京东物流
DLV-00339,WO-202402-00566,C008,吉利商用车,2024-02-21 11:00,2024-02-06 03:15,2024-02-06 20:15,0,准时,0,顺丰
DLV-00340,WO-202402-00567,C007,东风乘用车,2024-02-16 13:00,2024-02-06 17:34,2024-02-08 18:34,0,准时,0,京东物流
DLV-00341,WO-202402-00570,C011,比亚迪事业群,2024-02-19 15:00,2024-02-06 12:26,2024-02-08 13:26,0,准时,0,京东物流
DLV-00342,WO-202402-00573,C003,佛吉亚,2024-02-14 13:00,2024-02-04 14:26,2024-02-07 09:26,0,准时,0,顺丰
DLV-00343,WO-202402-00574,C011,比亚迪事业群,2024-02-18 18:00,2024-02-08 17:34,2024-02-10 19:34,0,准时,0,自配送
DLV-00344,WO-202402-00575,C009,零跑汽车,2024-02-19 18:00,2024-02-08 01:14,2024-02-08 18:14,0,准时,0,客户自提
DLV-00345,WO-202402-00576,C006,岚图汽车,2024-02-11 11:00,2024-02-06 07:57,2024-02-09 05:57,0,准时,0,自配送
DLV-00346,WO-202402-00577,C003,佛吉亚,2024-02-17 12:00,2024-02-06 01:10,2024-02-07 23:10,0,准时,0,京东物流
DLV-00347,WO-202402-00578,C012,小鹏汽车,2024-02-20 14:00,2024-02-05 11:20,2024-02-06 06:20,0,准时,0,京东物流
DLV-00348,WO-202402-00580,C004,麦格纳,2024-02-21 18:00,2024-02-10 00:09,2024-02-11 23:09,0,准时,0,顺丰
DLV-00349,WO-202402-00581,C007,东风乘用车,2024-02-14 12:00,2024-02-06 22:23,2024-02-07 18:23,0,准时,0,顺丰
DLV-00350,WO-202402-00582,C005,本田汽配,2024-02-10 15:00,2024-02-03 17:14,2024-02-04 22:14,0,准时,0,中通
DLV-00351,WO-202402-00583,C008,吉利商用车,2024-02-22 16:00,2024-02-08 04:48,2024-02-11 02:48,0,准时,0,京东物流
DLV-00352,WO-202402-00584,C012,小鹏汽车,2024-02-18 15:00,2024-02-08 02:46,2024-02-10 15:46,0,准时,0,自配送
DLV-00353,WO-202402-00586,C009,零跑汽车,2024-02-10 14:00,2024-02-05 01:30,2024-02-06 16:30,0,准时,0,顺丰
DLV-00354,WO-202402-00588,C003,佛吉亚,2024-02-12 10:00,2024-02-11 08:24,2024-02-14 03:24,41.4,延迟,1826.0,自配送
DLV-00355,WO-202402-00589,C001,东风彼欧,2024-02-24 18:00,2024-02-06 05:47,2024-02-07 22:47,0,准时,0,中通
DLV-00356,WO-202402-00591,C001,东风彼欧,2024-02-18 16:00,2024-02-04 05:04,2024-02-07 00:04,0,准时,0,京东物流
DLV-00357,WO-202402-00592,C001,东风彼欧,2024-02-12 14:00,2024-02-06 07:17,2024-02-07 02:17,0,准时,0,顺丰
DLV-00358,WO-202402-00595,C010,长城精工,2024-02-13 14:00,2024-02-03 07:49,2024-02-03 17:49,0,准时,0,自配送
DLV-00359,WO-202402-00603,C009,零跑汽车,2024-02-20 10:00,2024-02-09 03:33,2024-02-10 16:33,0,准时,0,自配送
DLV-00360,WO-202402-00605,C003,佛吉亚,2024-02-15 09:00,2024-02-07 21:27,2024-02-08 14:27,0,准时,0,客户自提
DLV-00361,WO-202402-00606,C003,佛吉亚,2024-02-20 14:00,2024-02-07 00:47,2024-02-08 01:47,0,准时,0,中通
DLV-00362,WO-202402-00608,C007,东风乘用车,2024-02-14 15:00,2024-02-02 23:18,2024-02-05 08:18,0,准时,0,顺丰
DLV-00363,WO-202402-00611,C001,东风彼欧,2024-02-12 09:00,2024-02-06 02:36,2024-02-07 20:36,0,准时,0,京东物流
DLV-00364,WO-202402-00618,C011,比亚迪事业群,2024-02-22 12:00,2024-02-08 05:35,2024-02-08 16:35,0,准时,0,自配送
DLV-00365,WO-202402-00620,C009,零跑汽车,2024-02-20 18:00,2024-02-07 19:24,2024-02-10 06:24,0,准时,0,京东物流
DLV-00366,WO-202402-00622,C012,小鹏汽车,2024-02-21 12:00,2024-02-07 07:25,2024-02-08 17:25,0,准时,0,自配送
DLV-00367,WO-202402-00623,C011,比亚迪事业群,2024-02-17 13:00,2024-02-03 06:18,2024-02-03 23:18,0,准时,0,顺丰
DLV-00368,WO-202402-00625,C007,东风乘用车,2024-02-08 17:00,2024-02-03 22:48,2024-02-04 21:48,0,准时,0,自配送
DLV-00369,WO-202402-00626,C002,伟世通,2024-02-19 12:00,2024-02-04 20:43,2024-02-06 22:43,0,准时,0,顺丰
DLV-00370,WO-202403-00629,C003,佛吉亚,2024-03-09 11:00,2024-03-04 04:30,2024-03-06 19:30,0,准时,0,客户自提
DLV-00371,WO-202403-00630,C007,东风乘用车,2024-03-19 13:00,2024-03-04 07:48,2024-03-06 01:48,0,准时,0,京东物流
DLV-00372,WO-202403-00634,C007,东风乘用车,2024-03-21 17:00,2024-03-06 05:57,2024-03-08 14:57,0,准时,0,中通
DLV-00373,WO-202403-00637,C002,伟世通,2024-03-18 16:00,2024-03-06 03:35,2024-03-06 13:35,0,准时,0,中通
DLV-00374,WO-202403-00638,C008,吉利商用车,2024-03-21 08:00,2024-03-10 03:30,2024-03-11 17:30,0,准时,0,京东物流
DLV-00375,WO-202403-00642,C008,吉利商用车,2024-03-26 09:00,2024-03-09 14:04,2024-03-12 07:04,0,准时,0,客户自提
DLV-00376,WO-202403-00643,C006,岚图汽车,2024-03-19 12:00,2024-03-08 19:09,2024-03-11 15:09,0,准时,0,客户自提
DLV-00377,WO-202403-00644,C004,麦格纳,2024-03-22 18:00,2024-03-07 01:16,2024-03-09 02:16,0,准时,0,京东物流
DLV-00378,WO-202403-00646,C006,岚图汽车,2024-03-18 18:00,2024-03-05 14:42,2024-03-07 11:42,0,准时,0,顺丰
DLV-00379,WO-202403-00647,C004,麦格纳,2024-03-11 09:00,2024-03-05 10:37,2024-03-06 12:37,0,准时,0,京东物流
DLV-00380,WO-202403-00649,C008,吉利商用车,2024-03-23 08:00,2024-03-06 08:06,2024-03-06 23:06,0,准时,0,客户自提
DLV-00381,WO-202403-00651,C011,比亚迪事业群,2024-03-11 15:00,2024-03-05 07:24,2024-03-06 18:24,0,准时,0,京东物流
DLV-00382,WO-202403-00652,C005,本田汽配,2024-03-19 13:00,2024-03-03 23:27,2024-03-06 08:27,0,准时,0,中通
DLV-00383,WO-202403-00653,C010,长城精工,2024-03-20 10:00,2024-03-04 20:56,2024-03-07 06:56,0,准时,0,顺丰
DLV-00384,WO-202403-00656,C009,零跑汽车,2024-03-19 18:00,2024-03-05 12:26,2024-03-08 12:26,0,准时,0,顺丰
DLV-00385,WO-202403-00658,C007,东风乘用车,2024-03-16 16:00,2024-03-08 21:22,2024-03-10 09:22,0,准时,0,自配送
DLV-00386,WO-202403-00664,C009,零跑汽车,2024-03-17 13:00,2024-03-10 05:50,2024-03-12 20:50,0,准时,0,自配送
DLV-00387,WO-202403-00665,C005,本田汽配,2024-03-15 16:00,2024-03-07 13:19,2024-03-08 07:19,0,准时,0,顺丰
DLV-00388,WO-202403-00666,C009,零跑汽车,2024-03-23 13:00,2024-03-07 16:35,2024-03-08 03:35,0,准时,0,客户自提
DLV-00389,WO-202403-00668,C008,吉利商用车,2024-03-10 16:00,2024-03-03 22:37,2024-03-06 12:37,0,准时,0,顺丰
DLV-00390,WO-202403-00670,C005,本田汽配,2024-03-12 18:00,2024-03-04 21:35,2024-03-05 11:35,0,准时,0,中通
DLV-00391,WO-202403-00671,C007,东风乘用车,2024-03-23 18:00,2024-03-05 19:16,2024-03-08 12:16,0,准时,0,自配送
DLV-00392,WO-202403-00672,C001,东风彼欧,2024-03-15 16:00,2024-03-04 15:45,2024-03-05 23:45,0,准时,0,客户自提
DLV-00393,WO-202403-00674,C009,零跑汽车,2024-03-15 18:00,2024-03-08 15:15,2024-03-09 09:15,0,准时,0,客户自提
DLV-00394,WO-202403-00675,C006,岚图汽车,2024-03-13 18:00,2024-03-07 11:10,2024-03-09 11:10,0,准时,0,中通
DLV-00395,WO-202403-00677,C011,比亚迪事业群,2024-03-18 16:00,2024-03-04 07:00,2024-03-05 19:00,0,准时,0,中通
DLV-00396,WO-202403-00679,C005,本田汽配,2024-03-16 16:00,2024-03-07 23:03,2024-03-10 04:03,0,准时,0,自配送
DLV-00397,WO-202403-00680,C005,本田汽配,2024-03-17 16:00,2024-03-06 11:01,2024-03-09 11:01,0,准时,0,中通
DLV-00398,WO-202403-00683,C007,东风乘用车,2024-03-18 11:00,2024-03-03 06:28,2024-03-05 18:28,0,准时,0,客户自提
DLV-00399,WO-202403-00684,C011,比亚迪事业群,2024-03-23 12:00,2024-03-05 03:13,2024-03-05 16:13,0,准时,0,京东物流
DLV-00400,WO-202403-00687,C012,小鹏汽车,2024-03-22 14:00,2024-03-05 02:15,2024-03-08 00:15,0,准时,0,顺丰
DLV-00401,WO-202403-00689,C009,零跑汽车,2024-03-22 12:00,2024-03-04 15:20,2024-03-06 04:20,0,准时,0,客户自提
DLV-00402,WO-202403-00690,C003,佛吉亚,2024-03-20 17:00,2024-03-06 18:14,2024-03-09 05:14,0,准时,0,自配送
DLV-00403,WO-202403-00691,C004,麦格纳,2024-03-13 14:00,2024-03-09 20:46,2024-03-10 11:46,0,准时,0,客户自提
DLV-00404,WO-202403-00692,C012,小鹏汽车,2024-03-22 17:00,2024-03-05 23:55,2024-03-06 08:55,0,准时,0,客户自提
DLV-00405,WO-202403-00695,C007,东风乘用车,2024-03-21 08:00,2024-03-05 10:18,2024-03-07 01:18,0,准时,0,中通
DLV-00406,WO-202403-00696,C003,佛吉亚,2024-03-15 11:00,2024-03-04 22:10,2024-03-06 13:10,0,准时,0,自配送
DLV-00407,WO-202403-00697,C012,小鹏汽车,2024-03-13 12:00,2024-03-05 01:23,2024-03-07 12:23,0,准时,0,京东物流
DLV-00408,WO-202403-00698,C011,比亚迪事业群,2024-03-24 16:00,2024-03-06 04:12,2024-03-08 06:12,0,准时,0,客户自提
DLV-00409,WO-202403-00702,C005,本田汽配,2024-03-17 13:00,2024-03-07 14:09,2024-03-09 07:09,0,准时,0,京东物流
DLV-00410,WO-202403-00703,C006,岚图汽车,2024-03-12 10:00,2024-03-03 11:34,2024-03-06 05:34,0,准时,0,自配送
DLV-00411,WO-202403-00705,C011,比亚迪事业群,2024-03-12 17:00,2024-03-07 00:59,2024-03-08 19:59,0,准时,0,客户自提
DLV-00412,WO-202403-00707,C005,本田汽配,2024-03-17 11:00,2024-03-07 02:42,2024-03-08 15:42,0,准时,0,中通
DLV-00413,WO-202403-00708,C012,小鹏汽车,2024-03-24 11:00,2024-03-08 02:10,2024-03-10 16:10,0,准时,0,京东物流
DLV-00414,WO-202403-00711,C009,零跑汽车,2024-03-18 18:00,2024-03-07 18:44,2024-03-08 12:44,0,准时,0,自配送
DLV-00415,WO-202403-00713,C008,吉利商用车,2024-03-10 15:00,2024-03-05 02:12,2024-03-06 20:12,0,准时,0,客户自提
DLV-00416,WO-202403-00715,C010,长城精工,2024-03-21 14:00,2024-03-04 10:28,2024-03-04 23:28,0,准时,0,自配送
DLV-00417,WO-202403-00717,C004,麦格纳,2024-03-08 16:00,2024-03-05 12:58,2024-03-06 17:58,0,准时,0,自配送
DLV-00418,WO-202403-00718,C011,比亚迪事业群,2024-03-21 17:00,2024-03-04 23:26,2024-03-07 07:26,0,准时,0,京东物流
DLV-00419,WO-202403-00722,C011,比亚迪事业群,2024-03-21 10:00,2024-03-08 08:32,2024-03-10 09:32,0,准时,0,客户自提
DLV-00420,WO-202403-00723,C006,岚图汽车,2024-03-21 14:00,2024-03-09 08:31,2024-03-11 12:31,0,准时,0,客户自提
DLV-00421,WO-202403-00725,C005,本田汽配,2024-03-16 13:00,2024-03-08 02:36,2024-03-09 20:36,0,准时,0,中通
DLV-00422,WO-202403-00727,C008,吉利商用车,2024-03-17 08:00,2024-03-04 19:01,2024-03-07 02:01,0,准时,0,客户自提
DLV-00423,WO-202403-00729,C004,麦格纳,2024-03-25 18:00,2024-03-08 12:25,2024-03-10 16:25,0,准时,0,京东物流
DLV-00424,WO-202403-00730,C006,岚图汽车,2024-03-14 08:00,2024-03-08 16:39,2024-03-11 02:39,0,准时,0,客户自提
DLV-00425,WO-202403-00732,C002,伟世通,2024-03-25 09:00,2024-03-10 13:00,2024-03-12 19:00,0,准时,0,中通
DLV-00426,WO-202403-00733,C011,比亚迪事业群,2024-03-24 10:00,2024-03-06 23:09,2024-03-08 11:09,0,准时,0,顺丰
DLV-00427,WO-202403-00735,C006,岚图汽车,2024-03-14 13:00,2024-03-04 19:48,2024-03-07 02:48,0,准时,0,客户自提
DLV-00428,WO-202403-00736,C007,东风乘用车,2024-03-14 18:00,2024-03-07 17:31,2024-03-09 14:31,0,准时,0,中通
DLV-00429,WO-202403-00738,C001,东风彼欧,2024-03-14 10:00,2024-03-07 15:26,2024-03-09 02:26,0,准时,0,京东物流
DLV-00430,WO-202403-00739,C008,吉利商用车,2024-03-23 09:00,2024-03-05 12:07,2024-03-08 09:07,0,准时,0,顺丰
DLV-00431,WO-202403-00741,C012,小鹏汽车,2024-03-19 15:00,2024-03-05 01:30,2024-03-06 15:30,0,准时,0,自配送
DLV-00432,WO-202403-00743,C008,吉利商用车,2024-03-23 16:00,2024-03-06 16:06,2024-03-07 09:06,0,准时,0,顺丰
DLV-00433,WO-202403-00746,C008,吉利商用车,2024-03-19 11:00,2024-03-05 12:39,2024-03-08 12:39,0,准时,0,自配送
DLV-00434,WO-202403-00747,C011,比亚迪事业群,2024-03-21 08:00,2024-03-07 22:48,2024-03-10 12:48,0,准时,0,顺丰
DLV-00435,WO-202403-00748,C004,麦格纳,2024-03-26 12:00,2024-03-07 23:52,2024-03-09 17:52,0,准时,0,中通
DLV-00436,WO-202403-00749,C004,麦格纳,2024-03-23 14:00,2024-03-07 20:39,2024-03-09 20:39,0,准时,0,顺丰
DLV-00437,WO-202403-00752,C008,吉利商用车,2024-03-26 09:00,2024-03-09 08:33,2024-03-11 14:33,0,准时,0,顺丰
DLV-00438,WO-202403-00754,C010,长城精工,2024-03-12 08:00,2024-03-04 18:40,2024-03-05 11:40,0,准时,0,京东物流
DLV-00439,WO-202403-00757,C005,本田汽配,2024-03-23 16:00,2024-03-08 02:01,2024-03-10 19:01,0,准时,0,中通
DLV-00440,WO-202403-00759,C002,伟世通,2024-03-20 15:00,2024-03-04 07:15,2024-03-06 00:15,0,准时,0,顺丰
DLV-00441,WO-202403-00760,C007,东风乘用车,2024-03-20 15:00,2024-03-05 21:09,2024-03-07 17:09,0,准时,0,客户自提
DLV-00442,WO-202403-00761,C012,小鹏汽车,2024-03-21 10:00,2024-03-05 17:31,2024-03-07 08:31,0,准时,0,中通
DLV-00443,WO-202403-00762,C007,东风乘用车,2024-03-18 15:00,2024-03-08 07:13,2024-03-11 07:13,0,准时,0,客户自提
DLV-00444,WO-202403-00763,C004,麦格纳,2024-03-15 15:00,2024-03-04 17:34,2024-03-06 02:34,0,准时,0,顺丰
DLV-00445,WO-202403-00764,C006,岚图汽车,2024-03-18 09:00,2024-03-07 08:10,2024-03-08 17:10,0,准时,0,顺丰
DLV-00446,WO-202403-00766,C008,吉利商用车,2024-03-19 15:00,2024-03-06 15:37,2024-03-08 08:37,0,准时,0,中通
DLV-00447,WO-202403-00767,C009,零跑汽车,2024-03-11 13:00,2024-03-07 01:21,2024-03-07 17:21,0,准时,0,自配送
DLV-00448,WO-202403-00770,C001,东风彼欧,2024-03-12 18:00,2024-03-05 11:22,2024-03-07 01:22,0,准时,0,京东物流
DLV-00449,WO-202403-00771,C001,东风彼欧,2024-03-22 16:00,2024-03-09 12:08,2024-03-11 22:08,0,准时,0,京东物流
DLV-00450,WO-202403-00772,C004,麦格纳,2024-03-13 14:00,2024-03-06 07:38,2024-03-07 11:38,0,准时,0,中通
DLV-00451,WO-202403-00773,C001,东风彼欧,2024-03-12 16:00,2024-03-06 20:24,2024-03-08 12:24,0,准时,0,自配送
DLV-00452,WO-202403-00775,C010,长城精工,2024-03-09 17:00,2024-03-05 02:44,2024-03-06 09:44,0,准时,0,中通
DLV-00453,WO-202403-00776,C010,长城精工,2024-03-13 09:00,2024-03-05 06:55,2024-03-07 12:55,0,准时,0,京东物流
DLV-00454,WO-202403-00777,C009,零跑汽车,2024-03-17 09:00,2024-03-08 05:54,2024-03-08 21:54,0,准时,0,客户自提
DLV-00455,WO-202403-00778,C005,本田汽配,2024-03-16 13:00,2024-03-05 20:22,2024-03-06 21:22,0,准时,0,京东物流
DLV-00456,WO-202403-00780,C003,佛吉亚,2024-03-13 12:00,2024-03-06 03:13,2024-03-07 07:13,0,准时,0,中通
DLV-00457,WO-202403-00781,C008,吉利商用车,2024-03-10 08:00,2024-03-04 04:33,2024-03-06 03:33,0,准时,0,顺丰
DLV-00458,WO-202403-00782,C010,长城精工,2024-03-19 10:00,2024-03-08 09:52,2024-03-08 18:52,0,准时,0,顺丰
DLV-00459,WO-202403-00783,C001,东风彼欧,2024-03-16 16:00,2024-03-05 17:13,2024-03-06 17:13,0,准时,0,客户自提
DLV-00460,WO-202403-00784,C004,麦格纳,2024-03-12 14:00,2024-03-02 22:12,2024-03-05 22:12,0,准时,0,顺丰
DLV-00461,WO-202403-00786,C009,零跑汽车,2024-03-17 18:00,2024-03-03 11:04,2024-03-04 01:04,0,准时,0,客户自提
DLV-00462,WO-202403-00787,C004,麦格纳,2024-03-10 10:00,2024-03-04 14:58,2024-03-05 23:58,0,准时,0,京东物流
DLV-00463,WO-202403-00788,C008,吉利商用车,2024-03-12 17:00,2024-03-05 01:43,2024-03-06 03:43,0,准时,0,顺丰
DLV-00464,WO-202403-00789,C003,佛吉亚,2024-03-25 11:00,2024-03-09 07:05,2024-03-11 09:05,0,准时,0,京东物流
DLV-00465,WO-202403-00790,C011,比亚迪事业群,2024-03-10 12:00,2024-03-02 22:20,2024-03-05 01:20,0,准时,0,京东物流
DLV-00466,WO-202403-00791,C010,长城精工,2024-03-23 10:00,2024-03-06 18:29,2024-03-09 07:29,0,准时,0,顺丰
DLV-00467,WO-202403-00792,C005,本田汽配,2024-03-17 15:00,2024-03-08 13:36,2024-03-09 20:36,0,准时,0,京东物流
DLV-00468,WO-202403-00795,C007,东风乘用车,2024-03-13 09:00,2024-03-07 17:41,2024-03-10 08:41,0,准时,0,中通
DLV-00469,WO-202403-00796,C010,长城精工,2024-03-11 12:00,2024-03-04 19:55,2024-03-06 23:55,0,准时,0,顺丰
DLV-00470,WO-202403-00797,C009,零跑汽车,2024-03-21 13:00,2024-03-10 09:49,2024-03-12 17:49,0,准时,0,京东物流
DLV-00471,WO-202403-00798,C001,东风彼欧,2024-03-20 17:00,2024-03-06 01:42,2024-03-06 13:42,0,准时,0,顺丰
DLV-00472,WO-202403-00799,C012,小鹏汽车,2024-03-11 08:00,2024-03-03 17:13,2024-03-05 22:13,0,准时,0,京东物流
DLV-00473,WO-202403-00801,C008,吉利商用车,2024-03-17 09:00,2024-03-05 22:46,2024-03-06 18:46,0,准时,0,中通
DLV-00474,WO-202403-00807,C010,长城精工,2024-03-23 17:00,2024-03-08 09:27,2024-03-11 03:27,0,准时,0,客户自提
DLV-00475,WO-202403-00808,C002,伟世通,2024-03-11 11:00,2024-03-04 18:52,2024-03-07 00:52,0,准时,0,客户自提
DLV-00476,WO-202403-00809,C005,本田汽配,2024-03-17 12:00,2024-03-07 11:00,2024-03-07 20:00,0,准时,0,中通
DLV-00477,WO-202403-00812,C009,零跑汽车,2024-03-12 18:00,2024-03-07 04:18,2024-03-08 01:18,0,准时,0,京东物流
DLV-00478,WO-202403-00813,C008,吉利商用车,2024-03-11 12:00,2024-03-05 01:06,2024-03-07 10:06,0,准时,0,客户自提
DLV-00479,WO-202403-00816,C006,岚图汽车,2024-03-22 08:00,2024-03-04 06:31,2024-03-06 08:31,0,准时,0,中通
DLV-00480,WO-202403-00818,C004,麦格纳,2024-03-09 18:00,2024-03-04 18:19,2024-03-07 01:19,0,准时,0,中通
DLV-00481,WO-202403-00820,C009,零跑汽车,2024-03-24 14:00,2024-03-09 01:13,2024-03-11 23:13,0,准时,0,顺丰
DLV-00482,WO-202403-00821,C011,比亚迪事业群,2024-03-16 13:00,2024-03-07 18:16,2024-03-08 23:16,0,准时,0,京东物流
DLV-00483,WO-202403-00824,C007,东风乘用车,2024-03-19 16:00,2024-03-07 04:41,2024-03-09 18:41,0,准时,0,客户自提
DLV-00484,WO-202403-00825,C010,长城精工,2024-03-15 16:00,2024-03-05 21:00,2024-03-07 13:00,0,准时,0,客户自提
DLV-00485,WO-202403-00827,C005,本田汽配,2024-03-21 13:00,2024-03-08 15:26,2024-03-11 02:26,0,准时,0,京东物流
DLV-00486,WO-202403-00828,C001,东风彼欧,2024-03-10 14:00,2024-03-05 22:07,2024-03-07 01:07,0,准时,0,京东物流
DLV-00487,WO-202403-00832,C010,长城精工,2024-03-18 09:00,2024-03-07 22:17,2024-03-09 23:17,0,准时,0,客户自提
DLV-00488,WO-202403-00833,C003,佛吉亚,2024-03-19 18:00,2024-03-05 23:19,2024-03-07 08:19,0,准时,0,客户自提
DLV-00489,WO-202403-00836,C009,零跑汽车,2024-03-21 11:00,2024-03-04 02:22,2024-03-06 17:22,0,准时,0,自配送
DLV-00490,WO-202403-00839,C003,佛吉亚,2024-03-21 13:00,2024-03-07 20:06,2024-03-09 10:06,0,准时,0,客户自提
DLV-00491,WO-202403-00842,C010,长城精工,2024-03-15 17:00,2024-03-05 06:37,2024-03-06 21:37,0,准时,0,顺丰
DLV-00492,WO-202403-00843,C003,佛吉亚,2024-03-21 12:00,2024-03-07 08:28,2024-03-08 07:28,0,准时,0,中通
DLV-00493,WO-202403-00844,C010,长城精工,2024-03-15 16:00,2024-03-04 14:16,2024-03-07 01:16,0,准时,0,京东物流
DLV-00494,WO-202403-00846,C002,伟世通,2024-03-13 08:00,2024-03-08 21:03,2024-03-09 10:03,0,准时,0,中通
DLV-00495,WO-202403-00848,C003,佛吉亚,2024-03-15 18:00,2024-03-08 19:41,2024-03-10 23:41,0,准时,0,自配送
DLV-00496,WO-202403-00849,C009,零跑汽车,2024-03-22 09:00,2024-03-05 20:12,2024-03-06 07:12,0,准时,0,顺丰
DLV-00497,WO-202403-00851,C010,长城精工,2024-03-10 15:00,2024-03-05 02:28,2024-03-08 01:28,0,准时,0,京东物流
DLV-00498,WO-202403-00852,C009,零跑汽车,2024-03-23 11:00,2024-03-07 02:25,2024-03-07 19:25,0,准时,0,顺丰
DLV-00499,WO-202403-00853,C001,东风彼欧,2024-03-22 16:00,2024-03-06 22:42,2024-03-08 03:42,0,准时,0,客户自提
DLV-00500,WO-202403-00855,C008,吉利商用车,2024-03-20 16:00,2024-03-10 01:19,2024-03-12 07:19,0,准时,0,京东物流
DLV-00501,WO-202403-00856,C002,伟世通,2024-03-23 16:00,2024-03-04 06:25,2024-03-04 21:25,0,准时,0,中通
DLV-00502,WO-202403-00857,C009,零跑汽车,2024-03-17 14:00,2024-03-07 16:47,2024-03-10 08:47,0,准时,0,京东物流
DLV-00503,WO-202403-00858,C012,小鹏汽车,2024-03-18 18:00,2024-03-07 08:36,2024-03-08 05:36,0,准时,0,京东物流
DLV-00504,WO-202403-00859,C010,长城精工,2024-03-11 17:00,2024-03-06 13:09,2024-03-08 20:09,0,准时,0,中通
DLV-00505,WO-202403-00860,C008,吉利商用车,2024-03-20 11:00,2024-03-02 18:39,2024-03-04 09:39,0,准时,0,客户自提
DLV-00506,WO-202403-00861,C007,东风乘用车,2024-03-14 13:00,2024-03-04 22:03,2024-03-06 04:03,0,准时,0,京东物流
DLV-00507,WO-202403-00862,C009,零跑汽车,2024-03-10 08:00,2024-03-05 19:33,2024-03-06 16:33,0,准时,0,客户自提
DLV-00508,WO-202403-00864,C008,吉利商用车,2024-03-19 09:00,2024-03-06 00:24,2024-03-06 12:24,0,准时,0,客户自提
DLV-00509,WO-202403-00866,C001,东风彼欧,2024-03-09 14:00,2024-03-03 21:47,2024-03-05 19:47,0,准时,0,自配送
DLV-00510,WO-202403-00867,C004,麦格纳,2024-03-22 12:00,2024-03-06 16:47,2024-03-09 14:47,0,准时,0,中通
DLV-00511,WO-202403-00870,C008,吉利商用车,2024-03-26 09:00,2024-03-09 17:30,2024-03-10 20:30,0,准时,0,中通
DLV-00512,WO-202403-00871,C009,零跑汽车,2024-03-17 11:00,2024-03-04 04:57,2024-03-05 07:57,0,准时,0,顺丰
DLV-00513,WO-202403-00872,C011,比亚迪事业群,2024-03-21 10:00,2024-03-09 22:48,2024-03-12 08:48,0,准时,0,顺丰
DLV-00514,WO-202403-00873,C010,长城精工,2024-03-21 12:00,2024-03-08 09:59,2024-03-11 03:59,0,准时,0,客户自提
DLV-00515,WO-202403-00875,C004,麦格纳,2024-03-22 16:00,2024-03-10 00:29,2024-03-11 00:29,0,准时,0,客户自提
DLV-00516,WO-202403-00876,C004,麦格纳,2024-03-18 17:00,2024-03-09 10:19,2024-03-10 08:19,0,准时,0,自配送
DLV-00517,WO-202403-00879,C006,岚图汽车,2024-03-13 16:00,2024-03-06 05:13,2024-03-08 10:13,0,准时,0,客户自提
DLV-00518,WO-202403-00881,C010,长城精工,2024-03-15 12:00,2024-03-03 10:37,2024-03-05 14:37,0,准时,0,京东物流
DLV-00519,WO-202403-00882,C008,吉利商用车,2024-03-14 10:00,2024-03-07 13:13,2024-03-08 14:13,0,准时,0,自配送
DLV-00520,WO-202403-00887,C004,麦格纳,2024-03-22 12:00,2024-03-06 21:42,2024-03-09 15:42,0,准时,0,客户自提
DLV-00521,WO-202403-00888,C005,本田汽配,2024-03-20 11:00,2024-03-07 16:24,2024-03-08 15:24,0,准时,0,自配送
DLV-00522,WO-202403-00889,C008,吉利商用车,2024-03-18 14:00,2024-03-08 22:19,2024-03-11 20:19,0,准时,0,自配送
DLV-00523,WO-202403-00891,C005,本田汽配,2024-03-14 15:00,2024-03-04 05:24,2024-03-05 11:24,0,准时,0,顺丰
DLV-00524,WO-202403-00892,C003,佛吉亚,2024-03-19 14:00,2024-03-08 20:27,2024-03-11 10:27,0,准时,0,顺丰
DLV-00525,WO-202403-00893,C001,东风彼欧,2024-03-23 13:00,2024-03-05 03:47,2024-03-05 22:47,0,准时,0,中通
DLV-00526,WO-202403-00894,C002,伟世通,2024-03-23 09:00,2024-03-07 02:46,2024-03-08 11:46,0,准时,0,中通
DLV-00527,WO-202403-00896,C003,佛吉亚,2024-03-21 11:00,2024-03-08 22:53,2024-03-10 07:53,0,准时,0,客户自提
DLV-00528,WO-202403-00897,C007,东风乘用车,2024-03-23 18:00,2024-03-05 02:07,2024-03-05 21:07,0,准时,0,顺丰
DLV-00529,WO-202403-00901,C001,东风彼欧,2024-03-22 09:00,2024-03-06 12:56,2024-03-08 03:56,0,准时,0,京东物流
DLV-00530,WO-202403-00903,C011,比亚迪事业群,2024-03-23 10:00,2024-03-05 08:09,2024-03-05 19:09,0,准时,0,京东物流
DLV-00531,WO-202403-00907,C005,本田汽配,2024-03-19 15:00,2024-03-06 23:06,2024-03-09 05:06,0,准时,0,自配送
DLV-00532,WO-202403-00908,C011,比亚迪事业群,2024-03-10 18:00,2024-03-04 23:54,2024-03-07 20:54,0,准时,0,京东物流
DLV-00533,WO-202403-00910,C007,东风乘用车,2024-03-12 10:00,2024-03-07 06:36,2024-03-08 01:36,0,准时,0,顺丰
DLV-00534,WO-202403-00911,C009,零跑汽车,2024-03-16 15:00,2024-03-06 22:39,2024-03-09 16:39,0,准时,0,京东物流
DLV-00535,WO-202403-00912,C010,长城精工,2024-03-10 12:00,2024-03-06 23:18,2024-03-09 22:18,0,准时,0,自配送
DLV-00536,WO-202403-00914,C005,本田汽配,2024-03-16 17:00,2024-03-07 01:21,2024-03-08 02:21,0,准时,0,中通
DLV-00537,WO-202403-00916,C005,本田汽配,2024-03-23 15:00,2024-03-08 09:25,2024-03-09 12:25,0,准时,0,中通
DLV-00538,WO-202403-00918,C007,东风乘用车,2024-03-20 11:00,2024-03-08 21:45,2024-03-10 17:45,0,准时,0,客户自提
DLV-00539,WO-202403-00919,C006,岚图汽车,2024-03-23 18:00,2024-03-07 03:06,2024-03-08 18:06,0,准时,0,客户自提
DLV-00540,WO-202403-00920,C005,本田汽配,2024-03-20 10:00,2024-03-08 01:25,2024-03-09 07:25,0,准时,0,顺丰
DLV-00541,WO-202403-00921,C010,长城精工,2024-03-18 14:00,2024-03-05 02:36,2024-03-07 06:36,0,准时,0,客户自提
DLV-00542,WO-202403-00923,C001,东风彼欧,2024-03-21 18:00,2024-03-09 14:39,2024-03-12 05:39,0,准时,0,中通
DLV-00543,WO-202403-00925,C005,本田汽配,2024-03-13 12:00,2024-03-08 08:09,2024-03-10 06:09,0,准时,0,京东物流
DLV-00544,WO-202403-00926,C004,麦格纳,2024-03-15 17:00,2024-03-10 21:36,2024-03-11 11:36,0,准时,0,京东物流
DLV-00545,WO-202403-00928,C010,长城精工,2024-03-10 10:00,2024-03-05 12:32,2024-03-06 22:32,0,准时,0,客户自提
DLV-00546,WO-202403-00931,C003,佛吉亚,2024-03-22 13:00,2024-03-08 03:52,2024-03-09 19:52,0,准时,0,京东物流
DLV-00547,WO-202403-00932,C006,岚图汽车,2024-03-24 10:00,2024-03-04 20:13,2024-03-05 22:13,0,准时,0,自配送
DLV-00548,WO-202403-00934,C009,零跑汽车,2024-03-19 17:00,2024-03-03 19:46,2024-03-05 13:46,0,准时,0,顺丰
DLV-00549,WO-202403-00935,C007,东风乘用车,2024-03-21 15:00,2024-03-06 01:58,2024-03-07 21:58,0,准时,0,顺丰
DLV-00550,WO-202403-00936,C006,岚图汽车,2024-03-15 10:00,2024-03-03 15:46,2024-03-06 07:46,0,准时,0,京东物流
DLV-00551,WO-202403-00937,C007,东风乘用车,2024-03-23 10:00,2024-03-06 07:22,2024-03-07 23:22,0,准时,0,顺丰
DLV-00552,WO-202403-00938,C006,岚图汽车,2024-03-16 16:00,2024-03-05 22:24,2024-03-06 23:24,0,准时,0,京东物流
DLV-00553,WO-202403-00939,C011,比亚迪事业群,2024-03-26 17:00,2024-03-08 02:20,2024-03-10 23:20,0,准时,0,中通
DLV-00554,WO-202403-00940,C006,岚图汽车,2024-03-16 09:00,2024-03-07 22:37,2024-03-10 05:37,0,准时,0,中通
DLV-00555,WO-202403-00944,C001,东风彼欧,2024-03-11 18:00,2024-03-05 09:40,2024-03-05 23:40,0,准时,0,京东物流
DLV-00556,WO-202403-00945,C008,吉利商用车,2024-03-23 18:00,2024-03-04 03:28,2024-03-07 00:28,0,准时,0,顺丰
DLV-00557,WO-202403-00947,C012,小鹏汽车,2024-03-11 12:00,2024-03-04 05:49,2024-03-05 10:49,0,准时,0,顺丰
DLV-00558,WO-202404-00953,C002,伟世通,2024-04-22 12:00,2024-04-07 12:34,2024-04-08 03:34,0,准时,0,中通
DLV-00559,WO-202404-00954,C012,小鹏汽车,2024-04-25 16:00,2024-04-08 05:49,2024-04-08 15:49,0,准时,0,自配送
DLV-00560,WO-202404-00955,C010,长城精工,2024-04-15 08:00,2024-04-10 02:42,2024-04-10 13:42,0,准时,0,中通
DLV-00561,WO-202404-00956,C012,小鹏汽车,2024-04-25 08:00,2024-04-08 08:16,2024-04-10 19:16,0,准时,0,顺丰
DLV-00562,WO-202404-00958,C007,东风乘用车,2024-04-21 13:00,2024-04-02 14:27,2024-04-04 00:27,0,准时,0,京东物流
DLV-00563,WO-202404-00959,C010,长城精工,2024-04-17 13:00,2024-04-08 23:42,2024-04-09 18:42,0,准时,0,中通
DLV-00564,WO-202404-00960,C003,佛吉亚,2024-04-18 15:00,2024-04-05 17:32,2024-04-07 21:32,0,准时,0,中通
DLV-00565,WO-202404-00961,C010,长城精工,2024-04-17 10:00,2024-04-07 04:48,2024-04-08 13:48,0,准时,0,京东物流
DLV-00566,WO-202404-00962,C009,零跑汽车,2024-04-14 17:00,2024-04-05 12:33,2024-04-06 12:33,0,准时,0,中通
DLV-00567,WO-202404-00963,C002,伟世通,2024-04-18 11:00,2024-04-05 02:16,2024-04-05 11:16,0,准时,0,中通
DLV-00568,WO-202404-00965,C002,伟世通,2024-04-13 13:00,2024-04-08 13:43,2024-04-10 15:43,0,准时,0,京东物流
DLV-00569,WO-202404-00966,C012,小鹏汽车,2024-04-13 11:00,2024-04-04 00:10,2024-04-06 18:10,0,准时,0,自配送
DLV-00570,WO-202404-00967,C011,比亚迪事业群,2024-04-23 16:00,2024-04-07 03:19,2024-04-08 04:19,0,准时,0,中通
DLV-00571,WO-202404-00968,C004,麦格纳,2024-04-15 12:00,2024-04-06 09:28,2024-04-08 07:28,0,准时,0,自配送
DLV-00572,WO-202404-00970,C002,伟世通,2024-04-24 17:00,2024-04-06 07:55,2024-04-09 04:55,0,准时,0,自配送
DLV-00573,WO-202404-00971,C001,东风彼欧,2024-04-14 08:00,2024-04-09 04:56,2024-04-10 09:56,0,准时,0,中通
DLV-00574,WO-202404-00974,C002,伟世通,2024-04-24 12:00,2024-04-10 09:21,2024-04-12 00:21,0,准时,0,顺丰
DLV-00575,WO-202404-00977,C003,佛吉亚,2024-04-11 16:00,2024-04-06 04:53,2024-04-08 17:53,0,准时,0,京东物流
DLV-00576,WO-202404-00980,C011,比亚迪事业群,2024-04-19 13:00,2024-04-04 04:33,2024-04-06 18:33,0,准时,0,客户自提
DLV-00577,WO-202404-00981,C005,本田汽配,2024-04-22 18:00,2024-04-05 23:52,2024-04-07 03:52,0,准时,0,顺丰
DLV-00578,WO-202404-00982,C002,伟世通,2024-04-26 16:00,2024-04-08 00:37,2024-04-09 02:37,0,准时,0,京东物流
DLV-00579,WO-202404-00984,C009,零跑汽车,2024-04-20 17:00,2024-04-07 11:09,2024-04-09 19:09,0,准时,0,顺丰
DLV-00580,WO-202404-00986,C011,比亚迪事业群,2024-04-20 09:00,2024-04-04 12:58,2024-04-05 08:58,0,准时,0,自配送
DLV-00581,WO-202404-00987,C011,比亚迪事业群,2024-04-15 16:00,2024-04-06 13:21,2024-04-08 10:21,0,准时,0,客户自提
DLV-00582,WO-202404-00988,C011,比亚迪事业群,2024-04-19 17:00,2024-04-09 13:38,2024-04-12 08:38,0,准时,0,中通
DLV-00583,WO-202404-00990,C001,东风彼欧,2024-04-19 12:00,2024-04-08 13:09,2024-04-09 12:09,0,准时,0,客户自提
DLV-00584,WO-202404-00993,C007,东风乘用车,2024-04-17 12:00,2024-04-02 22:25,2024-04-03 18:25,0,准时,0,客户自提
DLV-00585,WO-202404-00995,C009,零跑汽车,2024-04-26 09:00,2024-04-07 13:10,2024-04-08 00:10,0,准时,0,自配送
DLV-00586,WO-202404-00996,C002,伟世通,2024-04-20 14:00,2024-04-07 22:34,2024-04-08 21:34,0,准时,0,顺丰
DLV-00587,WO-202404-00998,C002,伟世通,2024-04-13 08:00,2024-04-07 01:30,2024-04-09 00:30,0,准时,0,客户自提
DLV-00588,WO-202404-01000,C003,佛吉亚,2024-04-08 11:00,2024-04-03 03:00,2024-04-03 17:00,0,准时,0,中通
DLV-00589,WO-202404-01001,C004,麦格纳,2024-04-15 09:00,2024-04-04 14:17,2024-04-05 19:17,0,准时,0,京东物流
DLV-00590,WO-202404-01003,C008,吉利商用车,2024-04-22 11:00,2024-04-08 08:43,2024-04-09 01:43,0,准时,0,顺丰
DLV-00591,WO-202404-01006,C007,东风乘用车,2024-04-21 18:00,2024-04-05 10:17,2024-04-07 20:17,0,准时,0,自配送
DLV-00592,WO-202404-01007,C010,长城精工,2024-04-17 12:00,2024-04-04 08:35,2024-04-05 18:35,0,准时,0,自配送
DLV-00593,WO-202404-01008,C006,岚图汽车,2024-04-12 10:00,2024-04-06 14:09,2024-04-08 18:09,0,准时,0,顺丰
DLV-00594,WO-202404-01012,C011,比亚迪事业群,2024-04-11 13:00,2024-04-07 12:51,2024-04-09 18:51,0,准时,0,客户自提
DLV-00595,WO-202404-01014,C005,本田汽配,2024-04-21 14:00,2024-04-07 23:10,2024-04-09 11:10,0,准时,0,顺丰
DLV-00596,WO-202404-01015,C010,长城精工,2024-04-10 08:00,2024-04-04 12:19,2024-04-07 10:19,0,准时,0,自配送
DLV-00597,WO-202404-01016,C008,吉利商用车,2024-04-20 10:00,2024-04-07 20:56,2024-04-09 20:56,0,准时,0,京东物流
DLV-00598,WO-202404-01017,C004,麦格纳,2024-04-13 13:00,2024-04-08 00:33,2024-04-08 13:33,0,准时,0,自配送
DLV-00599,WO-202404-01018,C004,麦格纳,2024-04-14 15:00,2024-04-08 02:39,2024-04-10 23:39,0,准时,0,自配送
DLV-00600,WO-202404-01021,C008,吉利商用车,2024-04-20 16:00,2024-04-05 18:49,2024-04-07 13:49,0,准时,0,顺丰
DLV-00601,WO-202404-01022,C012,小鹏汽车,2024-04-20 18:00,2024-04-06 12:57,2024-04-08 14:57,0,准时,0,京东物流
DLV-00602,WO-202404-01025,C001,东风彼欧,2024-04-13 17:00,2024-04-06 15:03,2024-04-09 14:03,0,准时,0,自配送
DLV-00603,WO-202404-01026,C012,小鹏汽车,2024-04-25 15:00,2024-04-10 00:21,2024-04-11 18:21,0,准时,0,京东物流
DLV-00604,WO-202404-01027,C005,本田汽配,2024-04-25 13:00,2024-04-06 23:53,2024-04-08 08:53,0,准时,0,中通
DLV-00605,WO-202404-01028,C002,伟世通,2024-04-14 16:00,2024-04-06 10:19,2024-04-06 23:19,0,准时,0,客户自提
DLV-00606,WO-202404-01030,C004,麦格纳,2024-04-18 11:00,2024-04-10 00:14,2024-04-12 04:14,0,准时,0,顺丰
DLV-00607,WO-202404-01032,C004,麦格纳,2024-04-17 15:00,2024-04-09 03:49,2024-04-09 11:49,0,准时,0,京东物流
DLV-00608,WO-202404-01035,C006,岚图汽车,2024-04-15 17:00,2024-04-04 08:45,2024-04-06 14:45,0,准时,0,自配送
DLV-00609,WO-202404-01038,C007,东风乘用车,2024-04-19 12:00,2024-04-05 12:40,2024-04-06 05:40,0,准时,0,客户自提
DLV-00610,WO-202404-01039,C010,长城精工,2024-04-23 14:00,2024-04-06 07:34,2024-04-08 03:34,0,准时,0,京东物流
DLV-00611,WO-202404-01040,C002,伟世通,2024-04-11 12:00,2024-04-04 17:58,2024-04-07 09:58,0,准时,0,客户自提
DLV-00612,WO-202404-01042,C012,小鹏汽车,2024-04-27 18:00,2024-04-08 07:13,2024-04-10 16:13,0,准时,0,客户自提
DLV-00613,WO-202404-01043,C004,麦格纳,2024-04-18 18:00,2024-04-08 00:39,2024-04-09 14:39,0,准时,0,客户自提
DLV-00614,WO-202404-01044,C004,麦格纳,2024-04-12 15:00,2024-04-06 22:25,2024-04-07 13:25,0,准时,0,中通
DLV-00615,WO-202404-01046,C010,长城精工,2024-04-26 13:00,2024-04-08 03:45,2024-04-09 00:45,0,准时,0,客户自提
DLV-00616,WO-202404-01049,C006,岚图汽车,2024-04-14 17:00,2024-04-06 20:45,2024-04-07 18:45,0,准时,0,顺丰
DLV-00617,WO-202404-01051,C011,比亚迪事业群,2024-04-26 18:00,2024-04-10 06:49,2024-04-11 20:49,0,准时,0,京东物流
DLV-00618,WO-202404-01055,C003,佛吉亚,2024-04-23 13:00,2024-04-03 23:54,2024-04-06 14:54,0,准时,0,顺丰
DLV-00619,WO-202404-01058,C012,小鹏汽车,2024-04-15 08:00,2024-04-08 11:56,2024-04-11 01:56,0,准时,0,京东物流
DLV-00620,WO-202404-01059,C003,佛吉亚,2024-04-18 13:00,2024-04-04 05:19,2024-04-05 11:19,0,准时,0,自配送
DLV-00621,WO-202404-01060,C010,长城精工,2024-04-23 17:00,2024-04-05 12:25,2024-04-08 07:25,0,准时,0,自配送
DLV-00622,WO-202404-01061,C001,东风彼欧,2024-04-12 11:00,2024-04-06 08:19,2024-04-06 22:19,0,准时,0,客户自提
DLV-00623,WO-202404-01062,C005,本田汽配,2024-04-17 10:00,2024-04-07 06:42,2024-04-09 18:42,0,准时,0,顺丰
DLV-00624,WO-202404-01064,C006,岚图汽车,2024-04-13 18:00,2024-04-04 07:05,2024-04-06 03:05,0,准时,0,客户自提
DLV-00625,WO-202404-01065,C012,小鹏汽车,2024-04-23 10:00,2024-04-03 14:33,2024-04-04 23:33,0,准时,0,客户自提
DLV-00626,WO-202404-01066,C009,零跑汽车,2024-04-12 14:00,2024-04-05 15:13,2024-04-08 09:13,0,准时,0,客户自提
DLV-00627,WO-202404-01067,C010,长城精工,2024-04-17 10:00,2024-04-04 06:24,2024-04-06 12:24,0,准时,0,京东物流
DLV-00628,WO-202404-01068,C002,伟世通,2024-04-13 15:00,2024-04-06 00:37,2024-04-08 16:37,0,准时,0,中通
DLV-00629,WO-202404-01069,C003,佛吉亚,2024-04-23 16:00,2024-04-04 13:21,2024-04-07 13:21,0,准时,0,客户自提
DLV-00630,WO-202404-01070,C008,吉利商用车,2024-04-17 09:00,2024-04-06 12:24,2024-04-07 23:24,0,准时,0,中通
DLV-00631,WO-202404-01071,C004,麦格纳,2024-04-14 11:00,2024-04-05 03:45,2024-04-05 17:45,0,准时,0,中通
DLV-00632,WO-202404-01072,C001,东风彼欧,2024-04-19 17:00,2024-04-10 01:02,2024-04-11 08:02,0,准时,0,中通
DLV-00633,WO-202404-01073,C012,小鹏汽车,2024-04-22 09:00,2024-04-02 23:05,2024-04-05 16:05,0,准时,0,顺丰
DLV-00634,WO-202404-01074,C009,零跑汽车,2024-04-13 17:00,2024-04-05 13:19,2024-04-06 03:19,0,准时,0,自配送
DLV-00635,WO-202404-01075,C010,长城精工,2024-04-27 15:00,2024-04-12 00:08,2024-04-13 01:08,0,准时,0,顺丰
DLV-00636,WO-202404-01076,C004,麦格纳,2024-04-09 15:00,2024-04-04 01:43,2024-04-04 14:43,0,准时,0,客户自提
DLV-00637,WO-202404-01077,C008,吉利商用车,2024-04-17 14:00,2024-04-05 22:16,2024-04-08 20:16,0,准时,0,中通
DLV-00638,WO-202404-01078,C009,零跑汽车,2024-04-15 15:00,2024-04-04 15:10,2024-04-06 20:10,0,准时,0,自配送
DLV-00639,WO-202404-01080,C008,吉利商用车,2024-04-11 15:00,2024-04-04 11:42,2024-04-06 20:42,0,准时,0,中通
DLV-00640,WO-202404-01081,C002,伟世通,2024-04-13 09:00,2024-04-04 22:45,2024-04-05 11:45,0,准时,0,京东物流
DLV-00641,WO-202404-01082,C008,吉利商用车,2024-04-14 16:00,2024-04-07 20:13,2024-04-10 18:13,0,准时,0,客户自提
DLV-00642,WO-202404-01085,C009,零跑汽车,2024-04-24 11:00,2024-04-07 22:10,2024-04-08 14:10,0,准时,0,自配送
DLV-00643,WO-202404-01086,C011,比亚迪事业群,2024-04-19 16:00,2024-04-06 22:10,2024-04-09 12:10,0,准时,0,顺丰
DLV-00644,WO-202404-01087,C001,东风彼欧,2024-04-21 09:00,2024-04-10 00:21,2024-04-10 14:21,0,准时,0,顺丰
DLV-00645,WO-202404-01088,C003,佛吉亚,2024-04-21 18:00,2024-04-03 13:44,2024-04-03 22:44,0,准时,0,自配送
DLV-00646,WO-202404-01089,C009,零跑汽车,2024-04-14 11:00,2024-04-06 18:15,2024-04-07 16:15,0,准时,0,顺丰
DLV-00647,WO-202404-01092,C009,零跑汽车,2024-04-24 12:00,2024-04-08 18:13,2024-04-10 19:13,0,准时,0,自配送
DLV-00648,WO-202404-01093,C001,东风彼欧,2024-04-17 08:00,2024-04-08 13:45,2024-04-09 11:45,0,准时,0,自配送
DLV-00649,WO-202404-01094,C002,伟世通,2024-04-24 10:00,2024-04-08 05:01,2024-04-09 22:01,0,准时,0,京东物流
DLV-00650,WO-202404-01095,C005,本田汽配,2024-04-16 08:00,2024-04-08 02:26,2024-04-08 12:26,0,准时,0,中通
DLV-00651,WO-202404-01096,C008,吉利商用车,2024-04-20 12:00,2024-04-04 16:51,2024-04-05 18:51,0,准时,0,自配送
DLV-00652,WO-202404-01098,C001,东风彼欧,2024-04-22 09:00,2024-04-06 07:04,2024-04-07 21:04,0,准时,0,京东物流
DLV-00653,WO-202404-01099,C001,东风彼欧,2024-04-21 11:00,2024-04-09 16:53,2024-04-10 21:53,0,准时,0,自配送
DLV-00654,WO-202404-01100,C010,长城精工,2024-04-21 17:00,2024-04-08 15:31,2024-04-10 05:31,0,准时,0,自配送
DLV-00655,WO-202404-01101,C001,东风彼欧,2024-04-23 16:00,2024-04-06 04:49,2024-04-09 02:49,0,准时,0,客户自提
DLV-00656,WO-202404-01103,C001,东风彼欧,2024-04-17 18:00,2024-04-09 16:13,2024-04-11 09:13,0,准时,0,客户自提
DLV-00657,WO-202404-01105,C002,伟世通,2024-04-21 10:00,2024-04-07 11:06,2024-04-09 02:06,0,准时,0,中通
DLV-00658,WO-202404-01106,C005,本田汽配,2024-04-09 18:00,2024-04-02 23:13,2024-04-04 03:13,0,准时,0,客户自提
DLV-00659,WO-202404-01108,C008,吉利商用车,2024-04-18 10:00,2024-04-06 11:26,2024-04-08 03:26,0,准时,0,京东物流
DLV-00660,WO-202404-01109,C009,零跑汽车,2024-04-16 17:00,2024-04-07 14:21,2024-04-10 10:21,0,准时,0,京东物流
DLV-00661,WO-202404-01110,C004,麦格纳,2024-04-19 13:00,2024-04-07 10:10,2024-04-10 07:10,0,准时,0,顺丰
DLV-00662,WO-202404-01113,C007,东风乘用车,2024-04-15 11:00,2024-04-08 05:54,2024-04-10 08:54,0,准时,0,顺丰
DLV-00663,WO-202404-01117,C012,小鹏汽车,2024-04-14 17:00,2024-04-04 12:09,2024-04-06 23:09,0,准时,0,顺丰
DLV-00664,WO-202404-01118,C006,岚图汽车,2024-04-16 12:00,2024-04-09 13:44,2024-04-11 02:44,0,准时,0,京东物流
DLV-00665,WO-202404-01119,C001,东风彼欧,2024-04-23 16:00,2024-04-07 12:27,2024-04-10 07:27,0,准时,0,自配送
DLV-00666,WO-202404-01121,C007,东风乘用车,2024-04-17 12:00,2024-04-10 07:25,2024-04-11 16:25,0,准时,0,顺丰
DLV-00667,WO-202404-01122,C006,岚图汽车,2024-04-18 14:00,2024-04-07 17:32,2024-04-08 01:32,0,准时,0,自配送
DLV-00668,WO-202404-01123,C008,吉利商用车,2024-04-13 14:00,2024-04-06 21:28,2024-04-07 12:28,0,准时,0,顺丰
DLV-00669,WO-202404-01124,C007,东风乘用车,2024-04-15 12:00,2024-04-06 05:19,2024-04-08 04:19,0,准时,0,顺丰
DLV-00670,WO-202404-01125,C009,零跑汽车,2024-04-18 12:00,2024-04-05 11:05,2024-04-07 21:05,0,准时,0,京东物流
DLV-00671,WO-202404-01126,C001,东风彼欧,2024-04-19 08:00,2024-04-05 21:45,2024-04-08 05:45,0,准时,0,客户自提
DLV-00672,WO-202404-01127,C009,零跑汽车,2024-04-09 17:00,2024-04-06 11:08,2024-04-09 00:08,0,准时,0,京东物流
DLV-00673,WO-202404-01128,C006,岚图汽车,2024-04-23 17:00,2024-04-04 12:18,2024-04-06 08:18,0,准时,0,京东物流
DLV-00674,WO-202404-01129,C005,本田汽配,2024-04-25 13:00,2024-04-08 14:12,2024-04-08 22:12,0,准时,0,客户自提
DLV-00675,WO-202404-01130,C012,小鹏汽车,2024-04-23 16:00,2024-04-06 15:36,2024-04-08 14:36,0,准时,0,中通
DLV-00676,WO-202404-01134,C012,小鹏汽车,2024-04-19 08:00,2024-04-09 08:46,2024-04-10 03:46,0,准时,0,客户自提
DLV-00677,WO-202404-01135,C009,零跑汽车,2024-04-10 12:00,2024-04-04 18:05,2024-04-07 02:05,0,准时,0,京东物流
DLV-00678,WO-202404-01137,C001,东风彼欧,2024-04-11 15:00,2024-04-06 20:52,2024-04-07 09:52,0,准时,0,自配送
DLV-00679,WO-202404-01139,C002,伟世通,2024-04-20 16:00,2024-04-06 18:40,2024-04-08 14:40,0,准时,0,京东物流
DLV-00680,WO-202404-01140,C002,伟世通,2024-04-11 11:00,2024-04-06 12:35,2024-04-07 12:35,0,准时,0,京东物流
DLV-00681,WO-202404-01143,C010,长城精工,2024-04-21 13:00,2024-04-06 16:15,2024-04-07 11:15,0,准时,0,自配送
DLV-00682,WO-202404-01147,C012,小鹏汽车,2024-04-20 12:00,2024-04-06 12:12,2024-04-08 05:12,0,准时,0,京东物流
DLV-00683,WO-202404-01148,C001,东风彼欧,2024-04-21 08:00,2024-04-08 09:58,2024-04-09 09:58,0,准时,0,自配送
DLV-00684,WO-202404-01149,C012,小鹏汽车,2024-04-19 11:00,2024-04-06 07:50,2024-04-09 07:50,0,准时,0,客户自提
DLV-00685,WO-202404-01150,C006,岚图汽车,2024-04-23 18:00,2024-04-07 02:48,2024-04-08 22:48,0,准时,0,顺丰
DLV-00686,WO-202404-01152,C010,长城精工,2024-04-19 12:00,2024-04-07 01:21,2024-04-09 21:21,0,准时,0,自配送
DLV-00687,WO-202404-01153,C004,麦格纳,2024-04-19 09:00,2024-04-03 01:25,2024-04-05 11:25,0,准时,0,客户自提
DLV-00688,WO-202404-01156,C009,零跑汽车,2024-04-24 10:00,2024-04-08 09:18,2024-04-10 22:18,0,准时,0,自配送
DLV-00689,WO-202404-01157,C007,东风乘用车,2024-04-16 15:00,2024-04-07 00:07,2024-04-08 08:07,0,准时,0,自配送
DLV-00690,WO-202404-01158,C005,本田汽配,2024-04-20 12:00,2024-04-06 15:21,2024-04-07 08:21,0,准时,0,客户自提
DLV-00691,WO-202404-01160,C012,小鹏汽车,2024-04-14 11:00,2024-04-03 08:12,2024-04-05 03:12,0,准时,0,中通
DLV-00692,WO-202404-01161,C005,本田汽配,2024-04-20 11:00,2024-04-05 20:13,2024-04-07 02:13,0,准时,0,客户自提
DLV-00693,WO-202404-01162,C008,吉利商用车,2024-04-15 14:00,2024-04-08 04:57,2024-04-08 15:57,0,准时,0,顺丰
DLV-00694,WO-202404-01163,C012,小鹏汽车,2024-04-18 08:00,2024-04-05 01:43,2024-04-05 10:43,0,准时,0,京东物流
DLV-00695,WO-202404-01166,C007,东风乘用车,2024-04-11 16:00,2024-04-05 22:46,2024-04-07 12:46,0,准时,0,中通
DLV-00696,WO-202404-01167,C009,零跑汽车,2024-04-14 08:00,2024-04-08 07:07,2024-04-10 14:07,0,准时,0,自配送
DLV-00697,WO-202404-01168,C007,东风乘用车,2024-04-08 18:00,2024-04-05 16:36,2024-04-06 07:36,0,准时,0,顺丰
DLV-00698,WO-202404-01169,C003,佛吉亚,2024-04-13 15:00,2024-04-04 16:51,2024-04-05 19:51,0,准时,0,京东物流
DLV-00699,WO-202404-01170,C002,伟世通,2024-04-21 09:00,2024-04-07 10:25,2024-04-10 08:25,0,准时,0,顺丰
DLV-00700,WO-202404-01174,C002,伟世通,2024-04-14 08:00,2024-04-05 21:00,2024-04-08 01:00,0,准时,0,中通
DLV-00701,WO-202404-01176,C003,佛吉亚,2024-04-23 16:00,2024-04-06 12:40,2024-04-06 22:40,0,准时,0,京东物流
DLV-00702,WO-202404-01177,C012,小鹏汽车,2024-04-19 11:00,2024-04-08 18:36,2024-04-09 13:36,0,准时,0,京东物流
DLV-00703,WO-202404-01180,C010,长城精工,2024-04-18 08:00,2024-04-05 20:30,2024-04-08 15:30,0,准时,0,京东物流
DLV-00704,WO-202404-01182,C001,东风彼欧,2024-04-19 18:00,2024-04-07 00:37,2024-04-08 10:37,0,准时,0,顺丰
DLV-00705,WO-202404-01183,C004,麦格纳,2024-04-22 16:00,2024-04-09 08:37,2024-04-10 15:37,0,准时,0,客户自提
DLV-00706,WO-202404-01184,C003,佛吉亚,2024-04-15 18:00,2024-04-06 09:37,2024-04-09 07:37,0,准时,0,客户自提
DLV-00707,WO-202404-01187,C012,小鹏汽车,2024-04-18 13:00,2024-04-07 10:20,2024-04-07 20:20,0,准时,0,自配送
DLV-00708,WO-202404-01188,C012,小鹏汽车,2024-04-20 12:00,2024-04-04 04:45,2024-04-06 04:45,0,准时,0,自配送
DLV-00709,WO-202404-01189,C004,麦格纳,2024-04-24 11:00,2024-04-05 10:39,2024-04-07 03:39,0,准时,0,自配送
DLV-00710,WO-202404-01190,C007,东风乘用车,2024-04-19 11:00,2024-04-05 19:23,2024-04-06 11:23,0,准时,0,京东物流
DLV-00711,WO-202404-01191,C009,零跑汽车,2024-04-18 10:00,2024-04-06 18:34,2024-04-07 17:34,0,准时,0,顺丰
DLV-00712,WO-202404-01197,C012,小鹏汽车,2024-04-27 10:00,2024-04-09 22:07,2024-04-12 05:07,0,准时,0,客户自提
DLV-00713,WO-202404-01198,C004,麦格纳,2024-04-17 11:00,2024-04-12 17:31,2024-04-15 02:31,0,准时,0,自配送
DLV-00714,WO-202404-01200,C002,伟世通,2024-04-21 17:00,2024-04-08 03:06,2024-04-11 01:06,0,准时,0,中通
DLV-00715,WO-202404-01201,C010,长城精工,2024-04-09 13:00,2024-04-03 09:14,2024-04-06 08:14,0,准时,0,自配送
DLV-00716,WO-202404-01204,C010,长城精工,2024-04-18 15:00,2024-04-09 20:49,2024-04-10 15:49,0,准时,0,京东物流
DLV-00717,WO-202404-01205,C001,东风彼欧,2024-04-15 10:00,2024-04-06 11:39,2024-04-07 19:39,0,准时,0,顺丰
DLV-00718,WO-202404-01206,C008,吉利商用车,2024-04-22 14:00,2024-04-10 04:39,2024-04-11 07:39,0,准时,0,客户自提
DLV-00719,WO-202404-01207,C012,小鹏汽车,2024-04-17 12:00,2024-04-10 17:53,2024-04-12 12:53,0,准时,0,中通
DLV-00720,WO-202404-01208,C008,吉利商用车,2024-04-21 17:00,2024-04-08 02:07,2024-04-09 07:07,0,准时,0,自配送
DLV-00721,WO-202404-01209,C006,岚图汽车,2024-04-25 17:00,2024-04-08 18:41,2024-04-11 08:41,0,准时,0,中通
DLV-00722,WO-202404-01214,C008,吉利商用车,2024-04-18 12:00,2024-04-08 08:45,2024-04-09 02:45,0,准时,0,客户自提
DLV-00723,WO-202404-01216,C001,东风彼欧,2024-04-21 15:00,2024-04-06 20:25,2024-04-07 09:25,0,准时,0,中通
DLV-00724,WO-202404-01218,C006,岚图汽车,2024-04-17 12:00,2024-04-04 09:22,2024-04-04 17:22,0,准时,0,京东物流
DLV-00725,WO-202404-01222,C005,本田汽配,2024-04-12 11:00,2024-04-07 06:15,2024-04-09 20:15,0,准时,0,自配送
DLV-00726,WO-202404-01224,C009,零跑汽车,2024-04-18 10:00,2024-04-04 19:35,2024-04-06 23:35,0,准时,0,客户自提
DLV-00727,WO-202404-01228,C009,零跑汽车,2024-04-13 11:00,2024-04-07 18:07,2024-04-10 04:07,0,准时,0,京东物流
DLV-00728,WO-202404-01229,C006,岚图汽车,2024-04-21 11:00,2024-04-09 10:00,2024-04-11 17:00,0,准时,0,自配送
DLV-00729,WO-202404-01230,C009,零跑汽车,2024-04-20 08:00,2024-04-04 22:30,2024-04-05 10:30,0,准时,0,京东物流
DLV-00730,WO-202404-01231,C002,伟世通,2024-04-17 13:00,2024-04-04 19:20,2024-04-05 23:20,0,准时,0,京东物流
DLV-00731,WO-202404-01232,C011,比亚迪事业群,2024-04-18 15:00,2024-04-08 20:07,2024-04-11 17:07,0,准时,0,中通
DLV-00732,WO-202404-01234,C011,比亚迪事业群,2024-04-26 12:00,2024-04-09 01:21,2024-04-11 05:21,0,准时,0,顺丰
DLV-00733,WO-202404-01235,C008,吉利商用车,2024-04-20 11:00,2024-04-05 08:59,2024-04-07 17:59,0,准时,0,中通
DLV-00734,WO-202404-01236,C011,比亚迪事业群,2024-04-16 18:00,2024-04-06 05:51,2024-04-08 00:51,0,准时,0,客户自提
DLV-00735,WO-202404-01238,C007,东风乘用车,2024-04-15 10:00,2024-04-08 12:37,2024-04-10 14:37,0,准时,0,自配送
DLV-00736,WO-202404-01241,C006,岚图汽车,2024-04-22 18:00,2024-04-03 02:51,2024-04-04 00:51,0,准时,0,自配送
DLV-00737,WO-202404-01242,C003,佛吉亚,2024-04-25 09:00,2024-04-08 00:22,2024-04-09 11:22,0,准时,0,客户自提
DLV-00738,WO-202404-01243,C009,零跑汽车,2024-04-18 08:00,2024-04-08 20:02,2024-04-09 17:02,0,准时,0,中通
DLV-00739,WO-202404-01245,C003,佛吉亚,2024-04-11 15:00,2024-04-06 06:39,2024-04-08 21:39,0,准时,0,顺丰
DLV-00740,WO-202404-01246,C006,岚图汽车,2024-04-19 10:00,2024-04-03 06:40,2024-04-06 01:40,0,准时,0,自配送
DLV-00741,WO-202404-01249,C005,本田汽配,2024-04-13 18:00,2024-04-07 20:59,2024-04-10 08:59,0,准时,0,顺丰
DLV-00742,WO-202404-01251,C005,本田汽配,2024-04-19 18:00,2024-04-04 06:31,2024-04-05 04:31,0,准时,0,中通
DLV-00743,WO-202404-01253,C012,小鹏汽车,2024-04-18 13:00,2024-04-04 01:24,2024-04-05 09:24,0,准时,0,中通
DLV-00744,WO-202404-01254,C004,麦格纳,2024-04-14 12:00,2024-04-05 12:29,2024-04-07 07:29,0,准时,0,京东物流
DLV-00745,WO-202404-01255,C010,长城精工,2024-04-17 13:00,2024-04-11 21:51,2024-04-14 14:51,0,准时,0,自配送
DLV-00746,WO-202404-01256,C001,东风彼欧,2024-04-17 16:00,2024-04-10 07:54,2024-04-12 17:54,0,准时,0,客户自提
DLV-00747,WO-202404-01257,C008,吉利商用车,2024-04-25 13:00,2024-04-06 19:04,2024-04-09 11:04,0,准时,0,顺丰
DLV-00748,WO-202404-01259,C006,岚图汽车,2024-04-19 13:00,2024-04-03 04:01,2024-04-05 10:01,0,准时,0,自配送
DLV-00749,WO-202404-01260,C002,伟世通,2024-04-13 14:00,2024-04-04 19:26,2024-04-06 03:26,0,准时,0,自配送
DLV-00750,WO-202404-01262,C002,伟世通,2024-04-15 14:00,2024-04-07 17:12,2024-04-08 15:12,0,准时,0,中通
DLV-00751,WO-202404-01264,C002,伟世通,2024-04-17 18:00,2024-04-05 01:42,2024-04-06 15:42,0,准时,0,京东物流
DLV-00752,WO-202404-01270,C005,本田汽配,2024-04-25 11:00,2024-04-07 19:57,2024-04-09 07:57,0,准时,0,中通
DLV-00753,WO-202404-01272,C004,麦格纳,2024-04-19 17:00,2024-04-07 18:11,2024-04-09 05:11,0,准时,0,京东物流
DLV-00754,WO-202404-01273,C004,麦格纳,2024-04-24 11:00,2024-04-06 05:11,2024-04-08 06:11,0,准时,0,自配送
DLV-00755,WO-202404-01275,C011,比亚迪事业群,2024-04-21 15:00,2024-04-06 20:32,2024-04-08 18:32,0,准时,0,客户自提
DLV-00756,WO-202404-01276,C005,本田汽配,2024-04-24 18:00,2024-04-08 07:21,2024-04-11 04:21,0,准时,0,顺丰
DLV-00757,WO-202404-01278,C003,佛吉亚,2024-04-15 15:00,2024-04-08 10:49,2024-04-10 12:49,0,准时,0,京东物流
DLV-00758,WO-202404-01279,C009,零跑汽车,2024-04-18 09:00,2024-04-07 21:40,2024-04-09 01:40,0,准时,0,顺丰
DLV-00759,WO-202404-01280,C007,东风乘用车,2024-04-21 09:00,2024-04-04 17:37,2024-04-05 17:37,0,准时,0,京东物流
DLV-00760,WO-202404-01282,C006,岚图汽车,2024-04-26 18:00,2024-04-06 19:25,2024-04-09 10:25,0,准时,0,京东物流
DLV-00761,WO-202404-01283,C002,伟世通,2024-04-15 15:00,2024-04-04 10:27,2024-04-06 02:27,0,准时,0,客户自提
DLV-00762,WO-202404-01286,C007,东风乘用车,2024-04-16 10:00,2024-04-08 10:14,2024-04-10 14:14,0,准时,0,顺丰
DLV-00763,WO-202404-01287,C006,岚图汽车,2024-04-22 16:00,2024-04-08 07:59,2024-04-09 23:59,0,准时,0,顺丰
DLV-00764,WO-202404-01288,C005,本田汽配,2024-04-10 16:00,2024-04-05 09:38,2024-04-05 17:38,0,准时,0,客户自提
DLV-00765,WO-202404-01289,C008,吉利商用车,2024-04-16 15:00,2024-04-03 03:34,2024-04-05 15:34,0,准时,0,自配送
DLV-00766,WO-202404-01296,C003,佛吉亚,2024-04-15 11:00,2024-04-08 07:03,2024-04-10 18:03,0,准时,0,京东物流
DLV-00767,WO-202404-01297,C004,麦格纳,2024-04-18 10:00,2024-04-06 15:04,2024-04-08 18:04,0,准时,0,中通
DLV-00768,WO-202404-01298,C008,吉利商用车,2024-04-23 13:00,2024-04-06 23:00,2024-04-08 20:00,0,准时,0,京东物流
DLV-00769,WO-202404-01301,C007,东风乘用车,2024-04-14 10:00,2024-04-04 15:36,2024-04-06 08:36,0,准时,0,中通
DLV-00770,WO-202404-01302,C005,本田汽配,2024-04-22 08:00,2024-04-04 02:21,2024-04-06 16:21,0,准时,0,顺丰
DLV-00771,WO-202404-01303,C008,吉利商用车,2024-04-10 15:00,2024-04-02 23:39,2024-04-05 02:39,0,准时,0,中通
DLV-00772,WO-202404-01304,C004,麦格纳,2024-04-09 14:00,2024-04-04 16:12,2024-04-06 10:12,0,准时,0,中通
DLV-00773,WO-202404-01305,C010,长城精工,2024-04-16 14:00,2024-04-08 06:15,2024-04-09 09:15,0,准时,0,顺丰
DLV-00774,WO-202404-01306,C003,佛吉亚,2024-04-11 17:00,2024-04-04 21:03,2024-04-06 13:03,0,准时,0,客户自提
DLV-00775,WO-202404-01311,C011,比亚迪事业群,2024-04-20 08:00,2024-04-08 10:11,2024-04-09 16:11,0,准时,0,京东物流
DLV-00776,WO-202404-01313,C009,零跑汽车,2024-04-22 13:00,2024-04-04 08:07,2024-04-05 11:07,0,准时,0,中通
DLV-00777,WO-202404-01314,C005,本田汽配,2024-04-21 09:00,2024-04-05 11:45,2024-04-06 20:45,0,准时,0,自配送
DLV-00778,WO-202404-01316,C003,佛吉亚,2024-04-19 14:00,2024-04-08 04:45,2024-04-09 12:45,0,准时,0,自配送
DLV-00779,WO-202404-01317,C009,零跑汽车,2024-04-13 09:00,2024-04-09 13:37,2024-04-11 03:37,0,准时,0,顺丰
DLV-00780,WO-202404-01319,C011,比亚迪事业群,2024-04-15 09:00,2024-04-07 11:50,2024-04-07 19:50,0,准时,0,客户自提
DLV-00781,WO-202404-01320,C009,零跑汽车,2024-04-13 14:00,2024-04-02 19:07,2024-04-03 21:07,0,准时,0,自配送
DLV-00782,WO-202404-01321,C009,零跑汽车,2024-04-15 17:00,2024-04-05 16:07,2024-04-06 18:07,0,准时,0,自配送
DLV-00783,WO-202404-01322,C002,伟世通,2024-04-17 11:00,2024-04-02 20:10,2024-04-04 10:10,0,准时,0,客户自提
DLV-00784,WO-202404-01323,C009,零跑汽车,2024-04-13 13:00,2024-04-05 01:15,2024-04-06 22:15,0,准时,0,京东物流
DLV-00785,WO-202404-01324,C005,本田汽配,2024-04-23 15:00,2024-04-04 07:09,2024-04-07 04:09,0,准时,0,京东物流
DLV-00786,WO-202404-01325,C006,岚图汽车,2024-04-17 16:00,2024-04-10 02:03,2024-04-11 02:03,0,准时,0,自配送
DLV-00787,WO-202404-01327,C006,岚图汽车,2024-04-16 09:00,2024-04-07 01:42,2024-04-09 22:42,0,准时,0,京东物流
DLV-00788,WO-202404-01328,C012,小鹏汽车,2024-04-22 08:00,2024-04-08 12:27,2024-04-09 14:27,0,准时,0,自配送
DLV-00789,WO-202404-01330,C002,伟世通,2024-04-10 18:00,2024-04-04 10:15,2024-04-06 14:15,0,准时,0,中通
DLV-00790,WO-202404-01331,C001,东风彼欧,2024-04-15 12:00,2024-04-08 07:07,2024-04-10 18:07,0,准时,0,中通
DLV-00791,WO-202404-01333,C005,本田汽配,2024-04-16 16:00,2024-04-08 18:15,2024-04-11 13:15,0,准时,0,顺丰
DLV-00792,WO-202404-01336,C003,佛吉亚,2024-04-22 15:00,2024-04-03 11:00,2024-04-04 21:00,0,准时,0,顺丰
DLV-00793,WO-202404-01337,C001,东风彼欧,2024-04-14 11:00,2024-04-05 00:15,2024-04-06 08:15,0,准时,0,自配送
DLV-00794,WO-202404-01338,C006,岚图汽车,2024-04-14 18:00,2024-04-06 23:19,2024-04-08 17:19,0,准时,0,客户自提
DLV-00795,WO-202404-01339,C004,麦格纳,2024-04-24 13:00,2024-04-09 18:35,2024-04-11 22:35,0,准时,0,自配送
DLV-00796,WO-202404-01342,C005,本田汽配,2024-04-24 18:00,2024-04-06 01:33,2024-04-07 13:33,0,准时,0,自配送
DLV-00797,WO-202404-01344,C008,吉利商用车,2024-04-15 14:00,2024-04-07 21:46,2024-04-08 19:46,0,准时,0,中通
DLV-00798,WO-202404-01345,C007,东风乘用车,2024-04-14 15:00,2024-04-05 04:51,2024-04-07 15:51,0,准时,0,客户自提
DLV-00799,WO-202404-01346,C005,本田汽配,2024-04-17 15:00,2024-04-07 17:57,2024-04-08 10:57,0,准时,0,客户自提
DLV-00800,WO-202404-01347,C007,东风乘用车,2024-04-16 10:00,2024-04-08 23:22,2024-04-11 00:22,0,准时,0,顺丰
DLV-00801,WO-202404-01348,C009,零跑汽车,2024-04-23 08:00,2024-04-07 04:37,2024-04-08 12:37,0,准时,0,中通
DLV-00802,WO-202404-01349,C011,比亚迪事业群,2024-04-22 16:00,2024-04-06 22:16,2024-04-07 13:16,0,准时,0,客户自提
DLV-00803,WO-202404-01352,C008,吉利商用车,2024-04-13 09:00,2024-04-04 04:33,2024-04-06 13:33,0,准时,0,京东物流
DLV-00804,WO-202404-01354,C009,零跑汽车,2024-04-15 11:00,2024-04-06 13:57,2024-04-08 05:57,0,准时,0,顺丰
DLV-00805,WO-202404-01357,C009,零跑汽车,2024-04-13 16:00,2024-04-07 07:38,2024-04-10 04:38,0,准时,0,顺丰
DLV-00806,WO-202404-01359,C006,岚图汽车,2024-04-14 12:00,2024-04-06 03:05,2024-04-08 10:05,0,准时,0,京东物流
DLV-00807,WO-202405-01361,C008,吉利商用车,2024-05-21 11:00,2024-05-08 04:33,2024-05-10 06:33,0,准时,0,自配送
DLV-00808,WO-202405-01363,C008,吉利商用车,2024-05-18 16:00,2024-05-05 01:01,2024-05-06 11:01,0,准时,0,京东物流
DLV-00809,WO-202405-01364,C005,本田汽配,2024-05-17 08:00,2024-05-04 12:33,2024-05-06 20:33,0,准时,0,客户自提
DLV-00810,WO-202405-01367,C011,比亚迪事业群,2024-05-22 08:00,2024-05-02 15:43,2024-05-04 07:43,0,准时,0,顺丰
DLV-00811,WO-202405-01369,C007,东风乘用车,2024-05-22 11:00,2024-05-04 11:28,2024-05-05 20:28,0,准时,0,顺丰
DLV-00812,WO-202405-01370,C003,佛吉亚,2024-05-19 13:00,2024-05-04 09:52,2024-05-07 06:52,0,准时,0,客户自提
DLV-00813,WO-202405-01376,C008,吉利商用车,2024-05-18 18:00,2024-05-06 07:51,2024-05-07 23:51,0,准时,0,顺丰
DLV-00814,WO-202405-01377,C012,小鹏汽车,2024-05-08 13:00,2024-05-03 19:30,2024-05-06 12:30,0,准时,0,京东物流
DLV-00815,WO-202405-01378,C011,比亚迪事业群,2024-05-10 17:00,2024-05-05 02:42,2024-05-05 10:42,0,准时,0,客户自提
DLV-00816,WO-202405-01379,C012,小鹏汽车,2024-05-20 08:00,2024-05-07 00:22,2024-05-08 09:22,0,准时,0,京东物流
DLV-00817,WO-202405-01380,C003,佛吉亚,2024-05-18 16:00,2024-05-05 20:37,2024-05-07 15:37,0,准时,0,中通
DLV-00818,WO-202405-01385,C007,东风乘用车,2024-05-19 11:00,2024-05-05 22:38,2024-05-07 15:38,0,准时,0,中通
DLV-00819,WO-202405-01387,C012,小鹏汽车,2024-05-16 17:00,2024-05-05 13:51,2024-05-06 05:51,0,准时,0,自配送
DLV-00820,WO-202405-01388,C004,麦格纳,2024-05-22 12:00,2024-05-06 18:21,2024-05-09 10:21,0,准时,0,顺丰
DLV-00821,WO-202405-01390,C001,东风彼欧,2024-05-13 13:00,2024-05-03 08:46,2024-05-05 06:46,0,准时,0,中通
DLV-00822,WO-202405-01391,C003,佛吉亚,2024-05-22 11:00,2024-05-07 07:09,2024-05-08 11:09,0,准时,0,中通
DLV-00823,WO-202405-01392,C001,东风彼欧,2024-05-10 15:00,2024-05-05 13:16,2024-05-06 23:16,0,准时,0,中通
DLV-00824,WO-202405-01393,C002,伟世通,2024-05-16 15:00,2024-05-08 13:40,2024-05-09 05:40,0,准时,0,中通
DLV-00825,WO-202405-01395,C003,佛吉亚,2024-05-09 15:00,2024-05-05 06:45,2024-05-07 01:45,0,准时,0,客户自提
DLV-00826,WO-202405-01397,C003,佛吉亚,2024-05-15 18:00,2024-05-09 00:19,2024-05-10 04:19,0,准时,0,中通
DLV-00827,WO-202405-01398,C007,东风乘用车,2024-05-13 18:00,2024-05-03 22:26,2024-05-05 23:26,0,准时,0,客户自提
DLV-00828,WO-202405-01399,C004,麦格纳,2024-05-11 11:00,2024-05-06 11:06,2024-05-08 14:06,0,准时,0,中通
DLV-00829,WO-202405-01403,C006,岚图汽车,2024-05-12 17:00,2024-05-08 20:37,2024-05-10 07:37,0,准时,0,自配送
DLV-00830,WO-202405-01405,C004,麦格纳,2024-05-26 08:00,2024-05-09 23:28,2024-05-12 15:28,0,准时,0,自配送
DLV-00831,WO-202405-01407,C006,岚图汽车,2024-05-23 09:00,2024-05-08 19:13,2024-05-10 19:13,0,准时,0,顺丰
DLV-00832,WO-202405-01408,C005,本田汽配,2024-05-16 13:00,2024-05-05 14:10,2024-05-08 09:10,0,准时,0,自配送
DLV-00833,WO-202405-01409,C002,伟世通,2024-05-20 15:00,2024-05-05 10:32,2024-05-06 15:32,0,准时,0,顺丰
DLV-00834,WO-202405-01410,C008,吉利商用车,2024-05-21 08:00,2024-05-07 10:22,2024-05-09 01:22,0,准时,0,客户自提
DLV-00835,WO-202405-01411,C010,长城精工,2024-05-12 16:00,2024-05-07 09:38,2024-05-10 00:38,0,准时,0,京东物流
DLV-00836,WO-202405-01413,C003,佛吉亚,2024-05-20 11:00,2024-05-08 10:36,2024-05-11 10:36,0,准时,0,顺丰
DLV-00837,WO-202405-01414,C005,本田汽配,2024-05-25 12:00,2024-05-07 21:54,2024-05-10 10:54,0,准时,0,自配送
DLV-00838,WO-202405-01415,C008,吉利商用车,2024-05-23 12:00,2024-05-10 02:27,2024-05-10 12:27,0,准时,0,京东物流
DLV-00839,WO-202405-01416,C001,东风彼欧,2024-05-19 12:00,2024-05-08 00:10,2024-05-10 11:10,0,准时,0,自配送
DLV-00840,WO-202405-01418,C004,麦格纳,2024-05-24 09:00,2024-05-07 09:01,2024-05-07 17:01,0,准时,0,客户自提
DLV-00841,WO-202405-01420,C010,长城精工,2024-05-23 11:00,2024-05-09 09:46,2024-05-12 00:46,0,准时,0,京东物流
DLV-00842,WO-202405-01421,C007,东风乘用车,2024-05-19 12:00,2024-05-05 09:37,2024-05-06 17:37,0,准时,0,中通
DLV-00843,WO-202405-01426,C002,伟世通,2024-05-18 10:00,2024-05-04 12:16,2024-05-05 03:16,0,准时,0,京东物流
DLV-00844,WO-202405-01427,C009,零跑汽车,2024-05-22 10:00,2024-05-05 07:04,2024-05-06 18:04,0,准时,0,顺丰
DLV-00845,WO-202405-01428,C005,本田汽配,2024-05-21 18:00,2024-05-05 13:30,2024-05-06 01:30,0,准时,0,京东物流
DLV-00846,WO-202405-01429,C002,伟世通,2024-05-25 15:00,2024-05-07 19:16,2024-05-10 19:16,0,准时,0,顺丰
DLV-00847,WO-202405-01430,C007,东风乘用车,2024-05-11 14:00,2024-05-04 01:45,2024-05-06 17:45,0,准时,0,客户自提
DLV-00848,WO-202405-01431,C001,东风彼欧,2024-05-10 14:00,2024-05-04 03:52,2024-05-06 20:52,0,准时,0,客户自提
DLV-00849,WO-202405-01432,C009,零跑汽车,2024-05-14 14:00,2024-05-08 08:13,2024-05-09 11:13,0,准时,0,顺丰
DLV-00850,WO-202405-01433,C002,伟世通,2024-05-15 15:00,2024-05-06 18:16,2024-05-08 10:16,0,准时,0,自配送
DLV-00851,WO-202405-01434,C009,零跑汽车,2024-05-13 16:00,2024-05-10 04:04,2024-05-12 11:04,0,准时,0,客户自提
DLV-00852,WO-202405-01437,C011,比亚迪事业群,2024-05-22 15:00,2024-05-08 19:09,2024-05-10 08:09,0,准时,0,京东物流
DLV-00853,WO-202405-01439,C012,小鹏汽车,2024-05-23 12:00,2024-05-09 22:10,2024-05-10 14:10,0,准时,0,客户自提
DLV-00854,WO-202405-01441,C003,佛吉亚,2024-05-26 09:00,2024-05-09 02:48,2024-05-09 20:48,0,准时,0,自配送
DLV-00855,WO-202405-01443,C004,麦格纳,2024-05-16 09:00,2024-05-09 14:34,2024-05-10 19:34,0,准时,0,顺丰
DLV-00856,WO-202405-01445,C011,比亚迪事业群,2024-05-17 10:00,2024-05-05 10:44,2024-05-08 06:44,0,准时,0,京东物流
DLV-00857,WO-202405-01446,C004,麦格纳,2024-05-16 18:00,2024-05-03 15:09,2024-05-05 18:09,0,准时,0,京东物流
DLV-00858,WO-202405-01448,C008,吉利商用车,2024-05-21 12:00,2024-05-02 17:11,2024-05-05 17:11,0,准时,0,客户自提
DLV-00859,WO-202405-01450,C010,长城精工,2024-05-23 18:00,2024-05-10 19:46,2024-05-12 13:46,0,准时,0,顺丰
DLV-00860,WO-202405-01451,C001,东风彼欧,2024-05-22 11:00,2024-05-09 03:04,2024-05-10 10:04,0,准时,0,京东物流
DLV-00861,WO-202405-01452,C012,小鹏汽车,2024-05-14 17:00,2024-05-08 13:06,2024-05-10 04:06,0,准时,0,客户自提
DLV-00862,WO-202405-01458,C010,长城精工,2024-05-23 16:00,2024-05-07 03:18,2024-05-09 01:18,0,准时,0,自配送
DLV-00863,WO-202405-01462,C007,东风乘用车,2024-05-12 16:00,2024-05-03 12:58,2024-05-03 22:58,0,准时,0,自配送
DLV-00864,WO-202405-01466,C007,东风乘用车,2024-05-21 18:00,2024-05-09 14:54,2024-05-10 18:54,0,准时,0,京东物流
DLV-00865,WO-202405-01469,C008,吉利商用车,2024-05-16 18:00,2024-05-07 09:11,2024-05-08 14:11,0,准时,0,京东物流
DLV-00866,WO-202405-01470,C004,麦格纳,2024-05-13 12:00,2024-05-06 19:49,2024-05-09 14:49,0,准时,0,自配送
DLV-00867,WO-202405-01472,C001,东风彼欧,2024-05-21 09:00,2024-05-09 20:33,2024-05-10 19:33,0,准时,0,京东物流
DLV-00868,WO-202405-01473,C009,零跑汽车,2024-05-18 12:00,2024-05-02 15:33,2024-05-04 10:33,0,准时,0,顺丰
DLV-00869,WO-202405-01474,C006,岚图汽车,2024-05-23 15:00,2024-05-05 21:08,2024-05-06 23:08,0,准时,0,京东物流
DLV-00870,WO-202405-01477,C005,本田汽配,2024-05-22 14:00,2024-05-09 05:32,2024-05-11 06:32,0,准时,0,自配送
DLV-00871,WO-202405-01478,C010,长城精工,2024-05-25 09:00,2024-05-08 05:16,2024-05-10 08:16,0,准时,0,京东物流
DLV-00872,WO-202405-01480,C005,本田汽配,2024-05-18 14:00,2024-05-08 02:07,2024-05-09 20:07,0,准时,0,顺丰
DLV-00873,WO-202405-01481,C003,佛吉亚,2024-05-13 13:00,2024-05-07 12:16,2024-05-07 22:16,0,准时,0,自配送
DLV-00874,WO-202405-01482,C008,吉利商用车,2024-05-19 12:00,2024-05-08 03:38,2024-05-08 14:38,0,准时,0,自配送
DLV-00875,WO-202405-01484,C011,比亚迪事业群,2024-05-18 12:00,2024-05-07 11:12,2024-05-09 08:12,0,准时,0,自配送
DLV-00876,WO-202405-01485,C004,麦格纳,2024-05-18 08:00,2024-05-08 11:22,2024-05-10 08:22,0,准时,0,自配送
DLV-00877,WO-202405-01486,C001,东风彼欧,2024-05-23 10:00,2024-05-06 03:15,2024-05-08 22:15,0,准时,0,自配送
DLV-00878,WO-202405-01489,C009,零跑汽车,2024-05-18 14:00,2024-05-10 05:58,2024-05-11 22:58,0,准时,0,京东物流
DLV-00879,WO-202405-01490,C012,小鹏汽车,2024-05-13 09:00,2024-05-05 01:18,2024-05-06 15:18,0,准时,0,中通
DLV-00880,WO-202405-01491,C003,佛吉亚,2024-05-16 13:00,2024-05-04 17:08,2024-05-06 04:08,0,准时,0,顺丰
DLV-00881,WO-202405-01493,C009,零跑汽车,2024-05-13 10:00,2024-05-03 15:03,2024-05-05 05:03,0,准时,0,客户自提
DLV-00882,WO-202405-01496,C012,小鹏汽车,2024-05-12 17:00,2024-05-08 07:33,2024-05-08 21:33,0,准时,0,客户自提
DLV-00883,WO-202405-01497,C010,长城精工,2024-05-13 18:00,2024-05-07 20:39,2024-05-08 21:39,0,准时,0,京东物流
DLV-00884,WO-202405-01498,C005,本田汽配,2024-05-19 18:00,2024-05-03 09:05,2024-05-05 20:05,0,准时,0,顺丰
DLV-00885,WO-202405-01499,C001,东风彼欧,2024-05-10 15:00,2024-05-04 10:16,2024-05-06 01:16,0,准时,0,顺丰
DLV-00886,WO-202405-01500,C006,岚图汽车,2024-05-13 16:00,2024-05-07 00:36,2024-05-07 16:36,0,准时,0,客户自提
DLV-00887,WO-202405-01501,C005,本田汽配,2024-05-21 13:00,2024-05-04 06:58,2024-05-05 10:58,0,准时,0,中通
DLV-00888,WO-202405-01503,C009,零跑汽车,2024-05-22 09:00,2024-05-06 18:24,2024-05-08 07:24,0,准时,0,自配送
DLV-00889,WO-202405-01505,C003,佛吉亚,2024-05-16 12:00,2024-05-05 19:25,2024-05-08 05:25,0,准时,0,中通
DLV-00890,WO-202405-01506,C011,比亚迪事业群,2024-05-22 18:00,2024-05-08 00:14,2024-05-09 23:14,0,准时,0,客户自提
DLV-00891,WO-202405-01507,C001,东风彼欧,2024-05-27 13:00,2024-05-09 21:37,2024-05-10 13:37,0,准时,0,自配送
DLV-00892,WO-202405-01508,C007,东风乘用车,2024-05-15 14:00,2024-05-08 02:35,2024-05-08 19:35,0,准时,0,客户自提
DLV-00893,WO-202405-01509,C002,伟世通,2024-05-18 16:00,2024-05-04 05:07,2024-05-04 21:07,0,准时,0,中通
DLV-00894,WO-202405-01511,C007,东风乘用车,2024-05-22 13:00,2024-05-11 02:23,2024-05-12 01:23,0,准时,0,京东物流
DLV-00895,WO-202405-01512,C001,东风彼欧,2024-05-20 08:00,2024-05-03 08:40,2024-05-04 01:40,0,准时,0,自配送
DLV-00896,WO-202405-01513,C006,岚图汽车,2024-05-09 10:00,2024-05-04 20:49,2024-05-07 16:49,0,准时,0,京东物流
DLV-00897,WO-202405-01517,C007,东风乘用车,2024-05-26 14:00,2024-05-07 13:18,2024-05-09 04:18,0,准时,0,自配送
DLV-00898,WO-202405-01518,C009,零跑汽车,2024-05-13 18:00,2024-05-09 07:38,2024-05-12 01:38,0,准时,0,京东物流
DLV-00899,WO-202405-01520,C002,伟世通,2024-05-12 08:00,2024-05-03 03:22,2024-05-04 16:22,0,准时,0,京东物流
DLV-00900,WO-202405-01530,C011,比亚迪事业群,2024-05-16 12:00,2024-05-08 21:02,2024-05-11 19:02,0,准时,0,自配送
DLV-00901,WO-202405-01531,C007,东风乘用车,2024-05-27 17:00,2024-05-09 16:10,2024-05-11 07:10,0,准时,0,自配送
DLV-00902,WO-202405-01533,C012,小鹏汽车,2024-05-24 17:00,2024-05-09 20:20,2024-05-11 08:20,0,准时,0,顺丰
DLV-00903,WO-202405-01534,C007,东风乘用车,2024-05-17 13:00,2024-05-06 07:06,2024-05-08 01:06,0,准时,0,客户自提
DLV-00904,WO-202405-01536,C003,佛吉亚,2024-05-19 13:00,2024-05-05 08:21,2024-05-08 06:21,0,准时,0,客户自提
DLV-00905,WO-202405-01539,C008,吉利商用车,2024-05-12 09:00,2024-05-05 04:38,2024-05-06 13:38,0,准时,0,京东物流
DLV-00906,WO-202405-01541,C012,小鹏汽车,2024-05-17 09:00,2024-05-06 16:57,2024-05-07 15:57,0,准时,0,客户自提
DLV-00907,WO-202405-01542,C007,东风乘用车,2024-05-19 17:00,2024-05-10 08:21,2024-05-10 21:21,0,准时,0,客户自提
DLV-00908,WO-202405-01543,C003,佛吉亚,2024-05-21 16:00,2024-05-05 18:35,2024-05-07 10:35,0,准时,0,客户自提
DLV-00909,WO-202405-01544,C007,东风乘用车,2024-05-19 14:00,2024-05-08 09:58,2024-05-11 00:58,0,准时,0,顺丰
DLV-00910,WO-202405-01545,C003,佛吉亚,2024-05-18 13:00,2024-05-07 09:54,2024-05-08 22:54,0,准时,0,中通
DLV-00911,WO-202405-01547,C008,吉利商用车,2024-05-19 13:00,2024-05-04 23:24,2024-05-07 19:24,0,准时,0,中通
DLV-00912,WO-202405-01548,C001,东风彼欧,2024-05-18 15:00,2024-05-04 13:38,2024-05-06 14:38,0,准时,0,客户自提
DLV-00913,WO-202405-01550,C009,零跑汽车,2024-05-22 09:00,2024-05-07 21:52,2024-05-10 11:52,0,准时,0,京东物流
DLV-00914,WO-202405-01552,C001,东风彼欧,2024-05-16 08:00,2024-05-03 10:46,2024-05-03 22:46,0,准时,0,中通
DLV-00915,WO-202405-01554,C006,岚图汽车,2024-05-23 14:00,2024-05-08 05:55,2024-05-09 21:55,0,准时,0,客户自提
DLV-00916,WO-202405-01555,C007,东风乘用车,2024-05-12 17:00,2024-05-07 16:29,2024-05-09 09:29,0,准时,0,客户自提
DLV-00917,WO-202405-01556,C005,本田汽配,2024-05-13 17:00,2024-05-09 19:41,2024-05-11 04:41,0,准时,0,中通
DLV-00918,WO-202405-01558,C006,岚图汽车,2024-05-27 17:00,2024-05-09 10:21,2024-05-11 16:21,0,准时,0,中通
DLV-00919,WO-202405-01560,C010,长城精工,2024-05-23 12:00,2024-05-05 20:54,2024-05-07 09:54,0,准时,0,自配送
DLV-00920,WO-202405-01564,C012,小鹏汽车,2024-05-21 18:00,2024-05-03 20:35,2024-05-06 18:35,0,准时,0,顺丰
DLV-00921,WO-202405-01565,C009,零跑汽车,2024-05-17 09:00,2024-05-07 09:22,2024-05-08 18:22,0,准时,0,客户自提
DLV-00922,WO-202405-01567,C010,长城精工,2024-05-16 10:00,2024-05-08 22:00,2024-05-11 01:00,0,准时,0,自配送
DLV-00923,WO-202405-01571,C009,零跑汽车,2024-05-21 16:00,2024-05-04 18:12,2024-05-06 19:12,0,准时,0,自配送
DLV-00924,WO-202405-01572,C006,岚图汽车,2024-05-26 17:00,2024-05-10 10:46,2024-05-12 04:46,0,准时,0,自配送
DLV-00925,WO-202405-01574,C009,零跑汽车,2024-05-21 08:00,2024-05-04 02:34,2024-05-04 22:34,0,准时,0,自配送
DLV-00926,WO-202405-01576,C011,比亚迪事业群,2024-05-23 11:00,2024-05-05 05:19,2024-05-05 15:19,0,准时,0,客户自提
DLV-00927,WO-202405-01577,C001,东风彼欧,2024-05-14 12:00,2024-05-08 11:30,2024-05-09 07:30,0,准时,0,顺丰
DLV-00928,WO-202405-01578,C003,佛吉亚,2024-05-19 10:00,2024-05-05 09:22,2024-05-06 00:22,0,准时,0,中通
DLV-00929,WO-202405-01579,C012,小鹏汽车,2024-05-16 15:00,2024-05-04 05:49,2024-05-06 13:49,0,准时,0,京东物流
DLV-00930,WO-202405-01580,C007,东风乘用车,2024-05-10 13:00,2024-05-03 18:09,2024-05-04 21:09,0,准时,0,自配送
DLV-00931,WO-202405-01582,C010,长城精工,2024-05-12 14:00,2024-05-07 21:13,2024-05-10 14:13,0,准时,0,顺丰
DLV-00932,WO-202405-01585,C009,零跑汽车,2024-05-21 15:00,2024-05-04 21:30,2024-05-07 07:30,0,准时,0,客户自提
DLV-00933,WO-202405-01587,C008,吉利商用车,2024-05-18 08:00,2024-05-04 17:21,2024-05-06 03:21,0,准时,0,京东物流
DLV-00934,WO-202405-01588,C011,比亚迪事业群,2024-05-17 11:00,2024-05-07 03:15,2024-05-08 15:15,0,准时,0,京东物流
DLV-00935,WO-202405-01589,C004,麦格纳,2024-05-23 14:00,2024-05-09 12:51,2024-05-10 11:51,0,准时,0,京东物流
DLV-00936,WO-202405-01590,C002,伟世通,2024-05-14 09:00,2024-05-04 10:31,2024-05-07 06:31,0,准时,0,自配送
DLV-00937,WO-202405-01596,C008,吉利商用车,2024-05-14 10:00,2024-05-10 04:47,2024-05-10 17:47,0,准时,0,自配送
DLV-00938,WO-202405-01597,C009,零跑汽车,2024-05-14 09:00,2024-05-05 17:45,2024-05-07 16:45,0,准时,0,自配送
DLV-00939,WO-202405-01600,C006,岚图汽车,2024-05-09 17:00,2024-05-02 20:28,2024-05-03 13:28,0,准时,0,自配送
DLV-00940,WO-202405-01601,C010,长城精工,2024-05-14 18:00,2024-05-10 13:30,2024-05-12 05:30,0,准时,0,自配送
DLV-00941,WO-202405-01603,C001,东风彼欧,2024-05-17 14:00,2024-05-05 11:25,2024-05-08 10:25,0,准时,0,自配送
DLV-00942,WO-202405-01604,C001,东风彼欧,2024-05-22 13:00,2024-05-05 14:49,2024-05-08 09:49,0,准时,0,京东物流
DLV-00943,WO-202405-01605,C005,本田汽配,2024-05-25 12:00,2024-05-08 06:51,2024-05-09 17:51,0,准时,0,自配送
DLV-00944,WO-202405-01606,C005,本田汽配,2024-05-17 13:00,2024-05-06 14:26,2024-05-07 21:26,0,准时,0,自配送
DLV-00945,WO-202405-01607,C009,零跑汽车,2024-05-19 09:00,2024-05-09 08:26,2024-05-12 06:26,0,准时,0,京东物流
DLV-00946,WO-202405-01608,C012,小鹏汽车,2024-05-19 10:00,2024-05-05 13:39,2024-05-07 06:39,0,准时,0,顺丰
DLV-00947,WO-202405-01611,C009,零跑汽车,2024-05-20 14:00,2024-05-06 13:52,2024-05-07 22:52,0,准时,0,客户自提
DLV-00948,WO-202405-01612,C006,岚图汽车,2024-05-17 14:00,2024-05-09 13:49,2024-05-09 21:49,0,准时,0,自配送
DLV-00949,WO-202405-01613,C004,麦格纳,2024-05-17 14:00,2024-05-07 00:44,2024-05-08 16:44,0,准时,0,顺丰
DLV-00950,WO-202405-01614,C003,佛吉亚,2024-05-13 13:00,2024-05-05 18:25,2024-05-08 08:25,0,准时,0,中通
DLV-00951,WO-202405-01617,C001,东风彼欧,2024-05-14 17:00,2024-05-04 23:28,2024-05-07 02:28,0,准时,0,顺丰
DLV-00952,WO-202405-01618,C001,东风彼欧,2024-05-10 14:00,2024-05-06 20:48,2024-05-08 18:48,0,准时,0,顺丰
DLV-00953,WO-202405-01619,C004,麦格纳,2024-05-23 16:00,2024-05-06 22:15,2024-05-07 22:15,0,准时,0,京东物流
DLV-00954,WO-202405-01620,C007,东风乘用车,2024-05-12 17:00,2024-05-08 20:04,2024-05-09 06:04,0,准时,0,客户自提
DLV-00955,WO-202405-01622,C002,伟世通,2024-05-22 17:00,2024-05-06 04:03,2024-05-08 02:03,0,准时,0,京东物流
DLV-00956,WO-202405-01623,C002,伟世通,2024-05-16 14:00,2024-05-08 13:40,2024-05-09 11:40,0,准时,0,自配送
DLV-00957,WO-202405-01624,C001,东风彼欧,2024-05-10 18:00,2024-05-06 00:00,2024-05-06 18:00,0,准时,0,顺丰
DLV-00958,WO-202405-01630,C004,麦格纳,2024-05-12 08:00,2024-05-04 03:07,2024-05-06 09:07,0,准时,0,客户自提
DLV-00959,WO-202405-01631,C003,佛吉亚,2024-05-20 16:00,2024-05-08 08:10,2024-05-11 05:10,0,准时,0,中通
DLV-00960,WO-202405-01632,C001,东风彼欧,2024-05-12 15:00,2024-05-05 12:31,2024-05-07 13:31,0,准时,0,中通
DLV-00961,WO-202405-01635,C004,麦格纳,2024-05-16 11:00,2024-05-05 03:21,2024-05-07 18:21,0,准时,0,中通
DLV-00962,WO-202405-01636,C011,比亚迪事业群,2024-05-09 10:00,2024-05-04 23:46,2024-05-07 20:46,0,准时,0,中通
DLV-00963,WO-202405-01639,C002,伟世通,2024-05-18 10:00,2024-05-05 02:21,2024-05-06 07:21,0,准时,0,顺丰
DLV-00964,WO-202405-01641,C010,长城精工,2024-05-22 12:00,2024-05-06 09:09,2024-05-09 00:09,0,准时,0,自配送
DLV-00965,WO-202405-01642,C001,东风彼欧,2024-05-20 12:00,2024-05-10 13:20,2024-05-13 09:20,0,准时,0,京东物流
DLV-00966,WO-202405-01643,C002,伟世通,2024-05-16 08:00,2024-05-06 05:27,2024-05-08 07:27,0,准时,0,中通
DLV-00967,WO-202405-01645,C004,麦格纳,2024-05-15 12:00,2024-05-04 12:32,2024-05-06 22:32,0,准时,0,客户自提
DLV-00968,WO-202405-01650,C003,佛吉亚,2024-05-17 12:00,2024-05-10 13:13,2024-05-12 17:13,0,准时,0,京东物流
DLV-00969,WO-202405-01652,C001,东风彼欧,2024-05-08 15:00,2024-05-05 16:16,2024-05-07 19:16,0,准时,0,京东物流
DLV-00970,WO-202405-01654,C010,长城精工,2024-05-15 15:00,2024-05-08 01:48,2024-05-09 03:48,0,准时,0,自配送
DLV-00971,WO-202405-01661,C002,伟世通,2024-05-13 10:00,2024-05-05 00:11,2024-05-06 08:11,0,准时,0,中通
DLV-00972,WO-202405-01662,C010,长城精工,2024-05-26 15:00,2024-05-09 11:59,2024-05-10 05:59,0,准时,0,中通
DLV-00973,WO-202405-01665,C002,伟世通,2024-05-11 12:00,2024-05-03 23:19,2024-05-04 21:19,0,准时,0,客户自提
DLV-00974,WO-202405-01666,C005,本田汽配,2024-05-19 15:00,2024-05-07 10:44,2024-05-08 09:44,0,准时,0,顺丰
DLV-00975,WO-202405-01667,C004,麦格纳,2024-05-18 16:00,2024-05-05 14:49,2024-05-08 08:49,0,准时,0,客户自提
DLV-00976,WO-202405-01668,C007,东风乘用车,2024-05-14 12:00,2024-05-09 05:08,2024-05-09 18:08,0,准时,0,自配送
DLV-00977,WO-202405-01669,C009,零跑汽车,2024-05-23 17:00,2024-05-04 08:35,2024-05-05 10:35,0,准时,0,中通
DLV-00978,WO-202405-01673,C002,伟世通,2024-05-14 09:00,2024-05-10 03:19,2024-05-11 21:19,0,准时,0,顺丰
DLV-00979,WO-202405-01677,C005,本田汽配,2024-05-23 17:00,2024-05-07 16:57,2024-05-09 05:57,0,准时,0,顺丰
DLV-00980,WO-202405-01678,C010,长城精工,2024-05-22 09:00,2024-05-05 15:27,2024-05-08 08:27,0,准时,0,中通
DLV-00981,WO-202405-01679,C007,东风乘用车,2024-05-13 17:00,2024-05-03 13:26,2024-05-04 01:26,0,准时,0,顺丰
DLV-00982,WO-202405-01680,C011,比亚迪事业群,2024-05-13 12:00,2024-05-07 11:22,2024-05-08 18:22,0,准时,0,客户自提
DLV-00983,WO-202405-01682,C010,长城精工,2024-05-14 14:00,2024-05-10 14:45,2024-05-12 16:45,0,准时,0,客户自提
DLV-00984,WO-202405-01685,C004,麦格纳,2024-05-19 12:00,2024-05-07 22:05,2024-05-08 16:05,0,准时,0,中通
DLV-00985,WO-202405-01690,C012,小鹏汽车,2024-05-22 13:00,2024-05-05 21:33,2024-05-08 06:33,0,准时,0,顺丰
DLV-00986,WO-202405-01691,C002,伟世通,2024-05-12 09:00,2024-05-07 12:02,2024-05-09 04:02,0,准时,0,顺丰
DLV-00987,WO-202405-01692,C003,佛吉亚,2024-05-22 10:00,2024-05-10 13:18,2024-05-11 06:18,0,准时,0,顺丰
DLV-00988,WO-202405-01699,C003,佛吉亚,2024-05-12 10:00,2024-05-06 17:06,2024-05-08 07:06,0,准时,0,京东物流
DLV-00989,WO-202405-01700,C001,东风彼欧,2024-05-20 18:00,2024-05-05 20:34,2024-05-07 10:34,0,准时,0,中通
DLV-00990,WO-202405-01705,C004,麦格纳,2024-05-12 15:00,2024-05-07 10:39,2024-05-08 14:39,0,准时,0,顺丰
DLV-00991,WO-202405-01706,C001,东风彼欧,2024-05-15 13:00,2024-05-07 23:46,2024-05-10 13:46,0,准时,0,京东物流
DLV-00992,WO-202405-01708,C010,长城精工,2024-05-16 18:00,2024-05-04 22:58,2024-05-06 12:58,0,准时,0,京东物流
DLV-00993,WO-202405-01709,C005,本田汽配,2024-05-21 17:00,2024-05-04 23:25,2024-05-07 22:25,0,准时,0,自配送
DLV-00994,WO-202405-01711,C001,东风彼欧,2024-05-10 18:00,2024-05-05 00:43,2024-05-06 11:43,0,准时,0,顺丰
DLV-00995,WO-202405-01712,C002,伟世通,2024-05-20 09:00,2024-05-05 21:51,2024-05-08 00:51,0,准时,0,京东物流
DLV-00996,WO-202405-01713,C003,佛吉亚,2024-05-19 18:00,2024-05-03 23:18,2024-05-06 10:18,0,准时,0,中通
DLV-00997,WO-202405-01714,C005,本田汽配,2024-05-18 15:00,2024-05-05 13:49,2024-05-08 12:49,0,准时,0,自配送
DLV-00998,WO-202405-01715,C001,东风彼欧,2024-05-20 08:00,2024-05-07 02:16,2024-05-09 00:16,0,准时,0,顺丰
DLV-00999,WO-202405-01717,C009,零跑汽车,2024-05-19 15:00,2024-05-04 19:52,2024-05-06 00:52,0,准时,0,中通
DLV-01000,WO-202405-01718,C006,岚图汽车,2024-05-08 09:00,2024-05-04 10:06,2024-05-06 16:06,0,准时,0,京东物流
DLV-01001,WO-202405-01719,C010,长城精工,2024-05-21 09:00,2024-05-07 15:35,2024-05-09 20:35,0,准时,0,自配送
DLV-01002,WO-202405-01720,C006,岚图汽车,2024-05-14 11:00,2024-05-09 01:38,2024-05-09 23:38,0,准时,0,顺丰
DLV-01003,WO-202405-01721,C005,本田汽配,2024-05-23 16:00,2024-05-04 21:37,2024-05-05 11:37,0,准时,0,自配送
DLV-01004,WO-202405-01722,C002,伟世通,2024-05-13 10:00,2024-05-06 05:36,2024-05-06 20:36,0,准时,0,中通
DLV-01005,WO-202405-01723,C003,佛吉亚,2024-05-26 12:00,2024-05-09 04:39,2024-05-11 03:39,0,准时,0,顺丰
DLV-01006,WO-202405-01724,C010,长城精工,2024-05-22 12:00,2024-05-03 10:43,2024-05-05 15:43,0,准时,0,客户自提
DLV-01007,WO-202405-01726,C011,比亚迪事业群,2024-05-19 12:00,2024-05-03 14:20,2024-05-05 19:20,0,准时,0,顺丰
DLV-01008,WO-202405-01730,C011,比亚迪事业群,2024-05-13 15:00,2024-05-09 02:48,2024-05-10 19:48,0,准时,0,京东物流
DLV-01009,WO-202405-01732,C006,岚图汽车,2024-05-21 13:00,2024-05-08 18:13,2024-05-10 05:13,0,准时,0,自配送
DLV-01010,WO-202405-01737,C009,零跑汽车,2024-05-18 12:00,2024-05-05 10:02,2024-05-06 02:02,0,准时,0,中通
DLV-01011,WO-202405-01738,C008,吉利商用车,2024-05-11 11:00,2024-05-06 08:49,2024-05-08 13:49,0,准时,0,中通
DLV-01012,WO-202405-01739,C011,比亚迪事业群,2024-05-13 11:00,2024-05-05 16:43,2024-05-08 12:43,0,准时,0,客户自提
DLV-01013,WO-202405-01740,C003,佛吉亚,2024-05-10 18:00,2024-05-05 00:06,2024-05-07 22:06,0,准时,0,中通
DLV-01014,WO-202405-01741,C008,吉利商用车,2024-05-23 10:00,2024-05-09 07:22,2024-05-10 19:22,0,准时,0,中通
DLV-01015,WO-202405-01743,C007,东风乘用车,2024-05-22 16:00,2024-05-07 04:21,2024-05-08 02:21,0,准时,0,顺丰
DLV-01016,WO-202405-01744,C005,本田汽配,2024-05-25 12:00,2024-05-08 03:01,2024-05-09 02:01,0,准时,0,顺丰
DLV-01017,WO-202405-01745,C001,东风彼欧,2024-05-22 11:00,2024-05-05 08:13,2024-05-08 02:13,0,准时,0,顺丰
DLV-01018,WO-202405-01748,C003,佛吉亚,2024-05-14 14:00,2024-05-08 12:09,2024-05-09 23:09,0,准时,0,顺丰
DLV-01019,WO-202405-01749,C010,长城精工,2024-05-12 11:00,2024-05-05 03:47,2024-05-07 12:47,0,准时,0,中通
DLV-01020,WO-202405-01755,C001,东风彼欧,2024-05-15 10:00,2024-05-13 17:33,2024-05-16 06:33,20.6,延迟,0,自配送
DLV-01021,WO-202405-01757,C007,东风乘用车,2024-05-13 13:00,2024-05-03 06:09,2024-05-04 12:09,0,准时,0,京东物流
DLV-01022,WO-202405-01758,C001,东风彼欧,2024-05-15 10:00,2024-05-06 21:24,2024-05-08 03:24,0,准时,0,中通
DLV-01023,WO-202405-01759,C006,岚图汽车,2024-05-22 11:00,2024-05-08 03:27,2024-05-09 22:27,0,准时,0,京东物流
DLV-01024,WO-202405-01760,C001,东风彼欧,2024-05-08 14:00,2024-05-03 11:35,2024-05-04 22:35,0,准时,0,自配送
DLV-01025,WO-202405-01762,C011,比亚迪事业群,2024-05-17 08:00,2024-05-07 02:43,2024-05-09 18:43,0,准时,0,顺丰
DLV-01026,WO-202405-01763,C009,零跑汽车,2024-05-23 18:00,2024-05-07 10:36,2024-05-08 20:36,0,准时,0,中通
DLV-01027,WO-202405-01766,C012,小鹏汽车,2024-05-22 16:00,2024-05-04 08:28,2024-05-05 14:28,0,准时,0,中通
DLV-01028,WO-202405-01768,C010,长城精工,2024-05-20 13:00,2024-05-05 18:51,2024-05-06 14:51,0,准时,0,自配送
DLV-01029,WO-202405-01769,C004,麦格纳,2024-05-21 13:00,2024-05-05 08:21,2024-05-06 14:21,0,准时,0,顺丰
DLV-01030,WO-202405-01772,C007,东风乘用车,2024-05-11 16:00,2024-05-06 11:07,2024-05-07 22:07,0,准时,0,自配送
DLV-01031,WO-202405-01775,C009,零跑汽车,2024-05-15 15:00,2024-05-06 16:25,2024-05-09 13:25,0,准时,0,顺丰
DLV-01032,WO-202405-01776,C009,零跑汽车,2024-05-15 13:00,2024-05-05 15:04,2024-05-06 18:04,0,准时,0,顺丰
DLV-01033,WO-202405-01777,C002,伟世通,2024-05-23 16:00,2024-05-08 06:51,2024-05-10 13:51,0,准时,0,客户自提
DLV-01034,WO-202405-01780,C011,比亚迪事业群,2024-05-14 15:00,2024-05-09 03:23,2024-05-11 14:23,0,准时,0,顺丰
DLV-01035,WO-202405-01782,C003,佛吉亚,2024-05-20 18:00,2024-05-05 07:59,2024-05-06 05:59,0,准时,0,客户自提
DLV-01036,WO-202405-01783,C001,东风彼欧,2024-05-18 09:00,2024-05-06 18:42,2024-05-07 07:42,0,准时,0,京东物流
DLV-01037,WO-202405-01785,C002,伟世通,2024-05-13 18:00,2024-05-05 05:48,2024-05-06 14:48,0,准时,0,顺丰
DLV-01038,WO-202405-01786,C002,伟世通,2024-05-22 10:00,2024-05-06 18:17,2024-05-07 23:17,0,准时,0,中通
DLV-01039,WO-202405-01788,C012,小鹏汽车,2024-05-15 08:00,2024-05-06 08:00,2024-05-07 05:00,0,准时,0,京东物流
DLV-01040,WO-202405-01789,C003,佛吉亚,2024-05-17 12:00,2024-05-08 05:41,2024-05-10 22:41,0,准时,0,自配送
DLV-01041,WO-202405-01790,C006,岚图汽车,2024-05-19 12:00,2024-05-07 09:57,2024-05-09 14:57,0,准时,0,中通
DLV-01042,WO-202405-01792,C001,东风彼欧,2024-05-22 11:00,2024-05-05 05:53,2024-05-08 00:53,0,准时,0,顺丰
DLV-01043,WO-202405-01793,C008,吉利商用车,2024-05-17 13:00,2024-05-07 07:49,2024-05-09 07:49,0,准时,0,中通
DLV-01044,WO-202405-01794,C011,比亚迪事业群,2024-05-26 18:00,2024-05-11 15:58,2024-05-13 20:58,0,准时,0,中通
DLV-01045,WO-202405-01795,C007,东风乘用车,2024-05-16 08:00,2024-05-05 02:37,2024-05-05 15:37,0,准时,0,中通
DLV-01046,WO-202405-01797,C010,长城精工,2024-05-22 08:00,2024-05-05 02:24,2024-05-05 17:24,0,准时,0,客户自提
DLV-01047,WO-202405-01800,C007,东风乘用车,2024-05-16 08:00,2024-05-03 14:18,2024-05-04 16:18,0,准时,0,中通
DLV-01048,WO-202405-01801,C011,比亚迪事业群,2024-05-24 08:00,2024-05-06 22:07,2024-05-08 22:07,0,准时,0,自配送
DLV-01049,WO-202405-01802,C012,小鹏汽车,2024-05-13 16:00,2024-05-07 04:29,2024-05-07 20:29,0,准时,0,中通
DLV-01050,WO-202405-01803,C006,岚图汽车,2024-05-17 10:00,2024-05-05 21:29,2024-05-08 20:29,0,准时,0,中通
DLV-01051,WO-202405-01804,C008,吉利商用车,2024-05-22 16:00,2024-05-08 22:16,2024-05-09 19:16,0,准时,0,自配送
DLV-01052,WO-202405-01805,C012,小鹏汽车,2024-05-12 12:00,2024-05-06 22:17,2024-05-07 22:17,0,准时,0,京东物流
DLV-01053,WO-202405-01807,C007,东风乘用车,2024-05-21 17:00,2024-05-09 09:19,2024-05-10 03:19,0,准时,0,顺丰
DLV-01054,WO-202405-01808,C006,岚图汽车,2024-05-22 18:00,2024-05-04 10:55,2024-05-06 07:55,0,准时,0,客户自提
DLV-01055,WO-202405-01809,C009,零跑汽车,2024-05-15 09:00,2024-05-04 06:56,2024-05-05 12:56,0,准时,0,京东物流
DLV-01056,WO-202406-01810,C007,东风乘用车,2024-06-11 14:00,2024-06-05 19:25,2024-06-08 03:25,0,准时,0,中通
DLV-01057,WO-202406-01812,C009,零跑汽车,2024-06-24 16:00,2024-06-07 03:13,2024-06-09 21:13,0,准时,0,客户自提
DLV-01058,WO-202406-01815,C011,比亚迪事业群,2024-06-11 11:00,2024-06-04 15:30,2024-06-05 06:30,0,准时,0,京东物流
DLV-01059,WO-202406-01816,C009,零跑汽车,2024-06-18 12:00,2024-06-03 19:41,2024-06-05 21:41,0,准时,0,客户自提
DLV-01060,WO-202406-01817,C011,比亚迪事业群,2024-06-20 16:00,2024-06-08 02:58,2024-06-09 22:58,0,准时,0,京东物流
DLV-01061,WO-202406-01818,C006,岚图汽车,2024-06-12 18:00,2024-06-06 19:14,2024-06-09 19:14,0,准时,0,客户自提
DLV-01062,WO-202406-01819,C012,小鹏汽车,2024-06-19 10:00,2024-06-05 01:45,2024-06-08 00:45,0,准时,0,中通
DLV-01063,WO-202406-01820,C010,长城精工,2024-06-12 15:00,2024-06-03 14:09,2024-06-04 15:09,0,准时,0,顺丰
DLV-01064,WO-202406-01821,C011,比亚迪事业群,2024-06-26 14:00,2024-06-08 08:52,2024-06-10 14:52,0,准时,0,中通
DLV-01065,WO-202406-01822,C003,佛吉亚,2024-06-17 12:00,2024-06-03 20:00,2024-06-04 09:00,0,准时,0,京东物流
DLV-01066,WO-202406-01823,C002,伟世通,2024-06-17 12:00,2024-06-08 01:42,2024-06-10 17:42,0,准时,0,自配送
DLV-01067,WO-202406-01824,C006,岚图汽车,2024-06-21 15:00,2024-06-05 02:42,2024-06-06 14:42,0,准时,0,顺丰
DLV-01068,WO-202406-01828,C007,东风乘用车,2024-06-13 11:00,2024-06-08 18:20,2024-06-10 00:20,0,准时,0,京东物流
DLV-01069,WO-202406-01829,C011,比亚迪事业群,2024-06-18 15:00,2024-06-06 10:22,2024-06-08 19:22,0,准时,0,顺丰
DLV-01070,WO-202406-01830,C001,东风彼欧,2024-06-23 08:00,2024-06-07 16:52,2024-06-08 17:52,0,准时,0,中通
DLV-01071,WO-202406-01831,C002,伟世通,2024-06-15 15:00,2024-06-06 19:33,2024-06-07 11:33,0,准时,0,京东物流
DLV-01072,WO-202406-01833,C007,东风乘用车,2024-06-17 10:00,2024-06-07 16:55,2024-06-10 14:55,0,准时,0,京东物流
DLV-01073,WO-202406-01834,C011,比亚迪事业群,2024-06-16 16:00,2024-06-06 18:04,2024-06-09 02:04,0,准时,0,中通
DLV-01074,WO-202406-01835,C003,佛吉亚,2024-06-23 13:00,2024-06-06 05:09,2024-06-07 02:09,0,准时,0,中通
DLV-01075,WO-202406-01836,C003,佛吉亚,2024-06-22 15:00,2024-06-06 11:11,2024-06-09 04:11,0,准时,0,京东物流
DLV-01076,WO-202406-01838,C001,东风彼欧,2024-06-17 15:00,2024-06-09 12:33,2024-06-11 08:33,0,准时,0,顺丰
DLV-01077,WO-202406-01841,C002,伟世通,2024-06-23 13:00,2024-06-08 09:33,2024-06-09 19:33,0,准时,0,客户自提
DLV-01078,WO-202406-01843,C011,比亚迪事业群,2024-06-21 10:00,2024-06-04 14:29,2024-06-05 13:29,0,准时,0,客户自提
DLV-01079,WO-202406-01844,C002,伟世通,2024-06-17 14:00,2024-06-10 00:15,2024-06-12 11:15,0,准时,0,顺丰
DLV-01080,WO-202406-01845,C008,吉利商用车,2024-06-20 18:00,2024-06-06 21:06,2024-06-07 16:06,0,准时,0,客户自提
DLV-01081,WO-202406-01846,C009,零跑汽车,2024-06-26 15:00,2024-06-09 17:21,2024-06-11 05:21,0,准时,0,客户自提
DLV-01082,WO-202406-01849,C005,本田汽配,2024-06-19 08:00,2024-06-05 07:06,2024-06-06 02:06,0,准时,0,自配送
DLV-01083,WO-202406-01850,C008,吉利商用车,2024-06-13 10:00,2024-06-09 10:21,2024-06-10 18:21,0,准时,0,中通
DLV-01084,WO-202406-01851,C009,零跑汽车,2024-06-17 18:00,2024-06-04 02:23,2024-06-05 23:23,0,准时,0,顺丰
DLV-01085,WO-202406-01852,C005,本田汽配,2024-06-22 16:00,2024-06-08 02:19,2024-06-09 23:19,0,准时,0,顺丰
DLV-01086,WO-202406-01853,C004,麦格纳,2024-06-18 13:00,2024-06-08 07:40,2024-06-09 07:40,0,准时,0,自配送
DLV-01087,WO-202406-01855,C007,东风乘用车,2024-06-11 17:00,2024-06-07 09:59,2024-06-10 09:59,0,准时,0,中通
DLV-01088,WO-202406-01856,C006,岚图汽车,2024-06-20 18:00,2024-06-05 16:12,2024-06-07 01:12,0,准时,0,中通
DLV-01089,WO-202406-01860,C004,麦格纳,2024-06-20 08:00,2024-06-06 16:06,2024-06-09 07:06,0,准时,0,客户自提
DLV-01090,WO-202406-01861,C003,佛吉亚,2024-06-12 15:00,2024-06-06 12:57,2024-06-08 22:57,0,准时,0,中通
DLV-01091,WO-202406-01862,C010,长城精工,2024-06-23 08:00,2024-06-05 12:04,2024-06-06 05:04,0,准时,0,自配送
DLV-01092,WO-202406-01864,C005,本田汽配,2024-06-15 08:00,2024-06-07 00:57,2024-06-09 15:57,0,准时,0,中通
DLV-01093,WO-202406-01866,C011,比亚迪事业群,2024-06-21 12:00,2024-06-06 06:34,2024-06-07 23:34,0,准时,0,客户自提
DLV-01094,WO-202406-01871,C002,伟世通,2024-06-18 16:00,2024-06-08 05:04,2024-06-09 19:04,0,准时,0,客户自提
DLV-01095,WO-202406-01872,C005,本田汽配,2024-06-13 08:00,2024-06-03 07:04,2024-06-04 18:04,0,准时,0,客户自提
DLV-01096,WO-202406-01875,C012,小鹏汽车,2024-06-10 16:00,2024-06-04 04:12,2024-06-06 19:12,0,准时,0,客户自提
DLV-01097,WO-202406-01876,C003,佛吉亚,2024-06-12 16:00,2024-06-06 09:58,2024-06-06 21:58,0,准时,0,顺丰
DLV-01098,WO-202406-01878,C010,长城精工,2024-06-23 11:00,2024-06-04 18:21,2024-06-05 05:21,0,准时,0,自配送
DLV-01099,WO-202406-01881,C002,伟世通,2024-06-24 14:00,2024-06-07 07:24,2024-06-08 03:24,0,准时,0,顺丰
DLV-01100,WO-202406-01882,C008,吉利商用车,2024-06-18 18:00,2024-06-05 12:18,2024-06-08 04:18,0,准时,0,客户自提
DLV-01101,WO-202406-01883,C012,小鹏汽车,2024-06-15 10:00,2024-06-07 15:53,2024-06-09 20:53,0,准时,0,自配送
DLV-01102,WO-202406-01885,C012,小鹏汽车,2024-06-12 13:00,2024-06-03 16:35,2024-06-04 07:35,0,准时,0,京东物流
DLV-01103,WO-202406-01887,C005,本田汽配,2024-06-20 08:00,2024-06-05 06:12,2024-06-07 03:12,0,准时,0,顺丰
DLV-01104,WO-202406-01889,C010,长城精工,2024-06-21 11:00,2024-06-03 15:13,2024-06-06 00:13,0,准时,0,京东物流
DLV-01105,WO-202406-01891,C010,长城精工,2024-06-26 14:00,2024-06-09 11:53,2024-06-11 21:53,0,准时,0,京东物流
DLV-01106,WO-202406-01893,C011,比亚迪事业群,2024-06-25 13:00,2024-06-10 15:49,2024-06-11 17:49,0,准时,0,顺丰
DLV-01107,WO-202406-01896,C012,小鹏汽车,2024-06-17 09:00,2024-06-06 00:14,2024-06-07 16:14,0,准时,0,顺丰
DLV-01108,WO-202406-01898,C003,佛吉亚,2024-06-21 15:00,2024-06-05 21:21,2024-06-07 06:21,0,准时,0,中通
DLV-01109,WO-202406-01899,C010,长城精工,2024-06-13 18:00,2024-06-05 18:12,2024-06-08 01:12,0,准时,0,顺丰
DLV-01110,WO-202406-01900,C008,吉利商用车,2024-06-14 18:00,2024-06-06 14:15,2024-06-08 05:15,0,准时,0,客户自提
DLV-01111,WO-202406-01901,C007,东风乘用车,2024-06-13 16:00,2024-06-05 07:32,2024-06-07 06:32,0,准时,0,自配送
DLV-01112,WO-202406-01902,C001,东风彼欧,2024-06-19 11:00,2024-06-09 09:43,2024-06-10 00:43,0,准时,0,顺丰
DLV-01113,WO-202406-01903,C001,东风彼欧,2024-06-17 10:00,2024-06-04 05:20,2024-06-05 04:20,0,准时,0,中通
DLV-01114,WO-202406-01905,C010,长城精工,2024-06-21 11:00,2024-06-07 01:07,2024-06-08 00:07,0,准时,0,京东物流
DLV-01115,WO-202406-01906,C006,岚图汽车,2024-06-16 08:00,2024-06-08 10:49,2024-06-11 02:49,0,准时,0,京东物流
DLV-01116,WO-202406-01907,C001,东风彼欧,2024-06-15 13:00,2024-06-09 15:47,2024-06-10 15:47,0,准时,0,顺丰
DLV-01117,WO-202406-01909,C012,小鹏汽车,2024-06-18 09:00,2024-06-08 04:13,2024-06-08 20:13,0,准时,0,京东物流
DLV-01118,WO-202406-01910,C004,麦格纳,2024-06-23 14:00,2024-06-05 18:46,2024-06-06 08:46,0,准时,0,京东物流
DLV-01119,WO-202406-01911,C012,小鹏汽车,2024-06-20 13:00,2024-06-05 12:07,2024-06-07 07:07,0,准时,0,自配送
DLV-01120,WO-202406-01912,C010,长城精工,2024-06-12 15:00,2024-06-06 09:21,2024-06-07 15:21,0,准时,0,客户自提
DLV-01121,WO-202406-01913,C008,吉利商用车,2024-06-12 08:00,2024-06-07 17:57,2024-06-09 10:57,0,准时,0,客户自提
DLV-01122,WO-202406-01914,C011,比亚迪事业群,2024-06-24 11:00,2024-06-07 05:15,2024-06-09 21:15,0,准时,0,顺丰
DLV-01123,WO-202406-01917,C010,长城精工,2024-06-11 17:00,2024-06-03 12:40,2024-06-05 04:40,0,准时,0,中通
DLV-01124,WO-202406-01918,C008,吉利商用车,2024-06-24 12:00,2024-06-07 10:30,2024-06-09 08:30,0,准时,0,中通
DLV-01125,WO-202406-01919,C004,麦格纳,2024-06-22 18:00,2024-06-07 14:53,2024-06-10 02:53,0,准时,0,顺丰
DLV-01126,WO-202406-01920,C007,东风乘用车,2024-06-14 08:00,2024-06-04 07:15,2024-06-06 20:15,0,准时,0,自配送
DLV-01127,WO-202406-01921,C010,长城精工,2024-06-19 18:00,2024-06-06 02:43,2024-06-06 19:43,0,准时,0,客户自提
DLV-01128,WO-202406-01922,C011,比亚迪事业群,2024-06-23 16:00,2024-06-05 19:10,2024-06-06 12:10,0,准时,0,中通
DLV-01129,WO-202406-01924,C009,零跑汽车,2024-06-11 12:00,2024-06-03 07:10,2024-06-06 01:10,0,准时,0,自配送
DLV-01130,WO-202406-01925,C009,零跑汽车,2024-06-20 08:00,2024-06-08 05:57,2024-06-09 10:57,0,准时,0,客户自提
DLV-01131,WO-202406-01929,C002,伟世通,2024-06-16 17:00,2024-06-05 12:53,2024-06-07 19:53,0,准时,0,客户自提
DLV-01132,WO-202406-01931,C007,东风乘用车,2024-06-22 12:00,2024-06-04 20:34,2024-06-06 03:34,0,准时,0,顺丰
DLV-01133,WO-202406-01932,C008,吉利商用车,2024-06-16 14:00,2024-06-05 21:22,2024-06-07 07:22,0,准时,0,中通
DLV-01134,WO-202406-01933,C005,本田汽配,2024-06-18 16:00,2024-06-06 13:19,2024-06-07 15:19,0,准时,0,京东物流
DLV-01135,WO-202406-01935,C010,长城精工,2024-06-23 13:00,2024-06-09 12:03,2024-06-10 09:03,0,准时,0,自配送
DLV-01136,WO-202406-01936,C004,麦格纳,2024-06-09 08:00,2024-06-02 21:41,2024-06-05 13:41,0,准时,0,顺丰
DLV-01137,WO-202406-01937,C004,麦格纳,2024-06-24 10:00,2024-06-07 18:57,2024-06-09 04:57,0,准时,0,顺丰
DLV-01138,WO-202406-01939,C002,伟世通,2024-06-23 11:00,2024-06-04 16:10,2024-06-07 02:10,0,准时,0,中通
DLV-01139,WO-202406-01940,C008,吉利商用车,2024-06-11 14:00,2024-06-06 13:18,2024-06-09 06:18,0,准时,0,客户自提
DLV-01140,WO-202406-01943,C003,佛吉亚,2024-06-20 17:00,2024-06-06 08:31,2024-06-09 08:31,0,准时,0,中通
DLV-01141,WO-202406-01945,C003,佛吉亚,2024-06-19 09:00,2024-06-02 14:20,2024-06-05 14:20,0,准时,0,中通
DLV-01142,WO-202406-01946,C005,本田汽配,2024-06-17 17:00,2024-06-10 07:07,2024-06-11 17:07,0,准时,0,客户自提
DLV-01143,WO-202406-01947,C011,比亚迪事业群,2024-06-13 17:00,2024-06-06 16:25,2024-06-09 15:25,0,准时,0,京东物流
DLV-01144,WO-202406-01949,C008,吉利商用车,2024-06-08 13:00,2024-06-04 12:19,2024-06-06 14:19,0,准时,0,自配送
DLV-01145,WO-202406-01950,C007,东风乘用车,2024-06-18 15:00,2024-06-07 05:11,2024-06-10 02:11,0,准时,0,中通
DLV-01146,WO-202406-01951,C007,东风乘用车,2024-06-17 12:00,2024-06-06 05:22,2024-06-08 21:22,0,准时,0,中通
DLV-01147,WO-202406-01952,C011,比亚迪事业群,2024-06-22 11:00,2024-06-05 18:38,2024-06-08 05:38,0,准时,0,自配送
DLV-01148,WO-202406-01954,C010,长城精工,2024-06-13 17:00,2024-06-08 02:40,2024-06-09 18:40,0,准时,0,自配送
DLV-01149,WO-202406-01960,C004,麦格纳,2024-06-23 11:00,2024-06-03 21:29,2024-06-06 19:29,0,准时,0,顺丰
DLV-01150,WO-202406-01961,C006,岚图汽车,2024-06-12 15:00,2024-06-04 00:46,2024-06-05 08:46,0,准时,0,自配送
DLV-01151,WO-202406-01962,C001,东风彼欧,2024-06-19 13:00,2024-06-09 00:40,2024-06-11 15:40,0,准时,0,客户自提
DLV-01152,WO-202406-01963,C003,佛吉亚,2024-06-22 08:00,2024-06-07 13:10,2024-06-09 17:10,0,准时,0,中通
DLV-01153,WO-202406-01964,C008,吉利商用车,2024-06-21 14:00,2024-06-08 00:20,2024-06-10 16:20,0,准时,0,顺丰
DLV-01154,WO-202406-01966,C001,东风彼欧,2024-06-23 12:00,2024-06-06 20:15,2024-06-09 06:15,0,准时,0,顺丰
DLV-01155,WO-202406-01967,C003,佛吉亚,2024-06-20 11:00,2024-06-06 21:28,2024-06-08 15:28,0,准时,0,中通
DLV-01156,WO-202406-01968,C011,比亚迪事业群,2024-06-21 12:00,2024-06-08 08:06,2024-06-11 01:06,0,准时,0,客户自提
DLV-01157,WO-202406-01969,C012,小鹏汽车,2024-06-13 14:00,2024-06-06 01:59,2024-06-08 10:59,0,准时,0,客户自提
DLV-01158,WO-202406-01971,C011,比亚迪事业群,2024-06-09 18:00,2024-06-06 21:02,2024-06-08 09:02,0,准时,0,自配送
DLV-01159,WO-202406-01972,C007,东风乘用车,2024-06-18 14:00,2024-06-04 05:04,2024-06-05 07:04,0,准时,0,客户自提
DLV-01160,WO-202406-01973,C007,东风乘用车,2024-06-16 14:00,2024-06-08 22:13,2024-06-10 01:13,0,准时,0,京东物流
DLV-01161,WO-202406-01975,C007,东风乘用车,2024-06-18 09:00,2024-06-07 08:37,2024-06-10 03:37,0,准时,0,京东物流
DLV-01162,WO-202406-01976,C011,比亚迪事业群,2024-06-13 16:00,2024-06-06 03:51,2024-06-06 13:51,0,准时,0,中通
DLV-01163,WO-202406-01979,C002,伟世通,2024-06-22 09:00,2024-06-07 00:36,2024-06-08 22:36,0,准时,0,中通
DLV-01164,WO-202406-01980,C008,吉利商用车,2024-06-18 10:00,2024-06-08 21:03,2024-06-10 09:03,0,准时,0,客户自提
DLV-01165,WO-202406-01982,C006,岚图汽车,2024-06-11 09:00,2024-06-03 17:07,2024-06-05 10:07,0,准时,0,客户自提
DLV-01166,WO-202406-01985,C004,麦格纳,2024-06-13 09:00,2024-06-07 20:54,2024-06-08 06:54,0,准时,0,京东物流
DLV-01167,WO-202406-01987,C011,比亚迪事业群,2024-06-12 13:00,2024-06-07 14:53,2024-06-09 11:53,0,准时,0,中通
DLV-01168,WO-202406-01988,C001,东风彼欧,2024-06-09 13:00,2024-06-03 04:45,2024-06-03 19:45,0,准时,0,自配送
DLV-01169,WO-202406-01989,C005,本田汽配,2024-06-16 10:00,2024-06-03 23:40,2024-06-05 05:40,0,准时,0,中通
DLV-01170,WO-202406-01992,C006,岚图汽车,2024-06-23 13:00,2024-06-04 17:55,2024-06-05 08:55,0,准时,0,京东物流
DLV-01171,WO-202406-01993,C011,比亚迪事业群,2024-06-19 14:00,2024-06-09 12:30,2024-06-11 18:30,0,准时,0,中通
DLV-01172,WO-202406-01995,C012,小鹏汽车,2024-06-21 08:00,2024-06-09 10:39,2024-06-10 22:39,0,准时,0,自配送
DLV-01173,WO-202406-01996,C003,佛吉亚,2024-06-22 09:00,2024-06-08 18:21,2024-06-11 06:21,0,准时,0,顺丰
DLV-01174,WO-202406-01997,C001,东风彼欧,2024-06-22 09:00,2024-06-07 13:07,2024-06-09 01:07,0,准时,0,京东物流
DLV-01175,WO-202406-01998,C003,佛吉亚,2024-06-24 17:00,2024-06-08 14:52,2024-06-11 01:52,0,准时,0,京东物流
DLV-01176,WO-202406-01999,C003,佛吉亚,2024-06-23 14:00,2024-06-09 03:13,2024-06-11 02:13,0,准时,0,京东物流
DLV-01177,WO-202406-02002,C007,东风乘用车,2024-06-18 14:00,2024-06-02 15:34,2024-06-05 13:34,0,准时,0,客户自提
DLV-01178,WO-202406-02003,C009,零跑汽车,2024-06-25 16:00,2024-06-07 10:19,2024-06-08 12:19,0,准时,0,京东物流
DLV-01179,WO-202406-02004,C011,比亚迪事业群,2024-06-11 11:00,2024-06-05 23:01,2024-06-07 04:01,0,准时,0,客户自提
DLV-01180,WO-202406-02009,C005,本田汽配,2024-06-17 16:00,2024-06-05 18:36,2024-06-06 15:36,0,准时,0,顺丰
DLV-01181,WO-202406-02010,C012,小鹏汽车,2024-06-22 09:00,2024-06-07 18:18,2024-06-09 06:18,0,准时,0,自配送
DLV-01182,WO-202406-02011,C001,东风彼欧,2024-06-14 17:00,2024-06-07 10:03,2024-06-07 23:03,0,准时,0,自配送
DLV-01183,WO-202406-02012,C008,吉利商用车,2024-06-19 13:00,2024-06-08 16:00,2024-06-11 03:00,0,准时,0,自配送
DLV-01184,WO-202406-02013,C002,伟世通,2024-06-24 11:00,2024-06-10 04:34,2024-06-13 00:34,0,准时,0,自配送
DLV-01185,WO-202406-02014,C011,比亚迪事业群,2024-06-25 16:00,2024-06-09 16:48,2024-06-11 09:48,0,准时,0,中通
DLV-01186,WO-202406-02015,C006,岚图汽车,2024-06-09 16:00,2024-06-04 04:22,2024-06-05 18:22,0,准时,0,京东物流
DLV-01187,WO-202406-02016,C011,比亚迪事业群,2024-06-24 16:00,2024-06-08 02:15,2024-06-09 18:15,0,准时,0,自配送
DLV-01188,WO-202406-02017,C005,本田汽配,2024-06-14 08:00,2024-06-03 02:57,2024-06-04 10:57,0,准时,0,自配送
DLV-01189,WO-202406-02018,C012,小鹏汽车,2024-06-14 08:00,2024-06-07 09:34,2024-06-07 20:34,0,准时,0,中通
DLV-01190,WO-202406-02021,C002,伟世通,2024-06-23 09:00,2024-06-05 22:16,2024-06-08 15:16,0,准时,0,京东物流
DLV-01191,WO-202406-02023,C008,吉利商用车,2024-06-24 14:00,2024-06-06 04:17,2024-06-08 04:17,0,准时,0,京东物流
DLV-01192,WO-202406-02024,C012,小鹏汽车,2024-06-18 11:00,2024-06-07 21:05,2024-06-10 12:05,0,准时,0,中通
DLV-01193,WO-202406-02027,C006,岚图汽车,2024-06-12 08:00,2024-06-05 23:08,2024-06-07 12:08,0,准时,0,自配送
DLV-01194,WO-202406-02028,C001,东风彼欧,2024-06-22 08:00,2024-06-09 05:12,2024-06-10 16:12,0,准时,0,京东物流
DLV-01195,WO-202406-02033,C007,东风乘用车,2024-06-24 16:00,2024-06-07 08:55,2024-06-08 17:55,0,准时,0,顺丰
DLV-01196,WO-202406-02034,C003,佛吉亚,2024-06-24 16:00,2024-06-09 12:22,2024-06-10 20:22,0,准时,0,顺丰
DLV-01197,WO-202406-02037,C008,吉利商用车,2024-06-12 11:00,2024-06-05 04:31,2024-06-05 16:31,0,准时,0,中通
DLV-01198,WO-202406-02039,C007,东风乘用车,2024-06-20 18:00,2024-06-06 10:22,2024-06-08 05:22,0,准时,0,顺丰
DLV-01199,WO-202406-02040,C004,麦格纳,2024-06-21 09:00,2024-06-07 21:03,2024-06-09 11:03,0,准时,0,京东物流
DLV-01200,WO-202406-02041,C006,岚图汽车,2024-06-17 16:00,2024-06-06 11:12,2024-06-08 15:12,0,准时,0,自配送
DLV-01201,WO-202406-02042,C009,零跑汽车,2024-06-11 09:00,2024-06-02 12:47,2024-06-05 10:47,0,准时,0,自配送
DLV-01202,WO-202406-02045,C001,东风彼欧,2024-06-18 08:00,2024-06-07 18:39,2024-06-09 22:39,0,准时,0,中通
DLV-01203,WO-202406-02048,C003,佛吉亚,2024-06-19 14:00,2024-06-08 14:09,2024-06-09 00:09,0,准时,0,自配送
DLV-01204,WO-202406-02050,C009,零跑汽车,2024-06-15 17:00,2024-06-09 08:52,2024-06-10 04:52,0,准时,0,京东物流
DLV-01205,WO-202406-02051,C001,东风彼欧,2024-06-11 08:00,2024-06-07 19:40,2024-06-08 23:40,0,准时,0,京东物流
DLV-01206,WO-202406-02052,C005,本田汽配,2024-06-22 15:00,2024-06-08 23:31,2024-06-11 08:31,0,准时,0,京东物流
DLV-01207,WO-202406-02053,C010,长城精工,2024-06-14 13:00,2024-06-09 16:49,2024-06-11 00:49,0,准时,0,中通
DLV-01208,WO-202406-02054,C003,佛吉亚,2024-06-13 16:00,2024-06-08 16:13,2024-06-10 05:13,0,准时,0,中通
DLV-01209,WO-202406-02055,C005,本田汽配,2024-06-12 18:00,2024-06-06 19:30,2024-06-07 05:30,0,准时,0,京东物流
DLV-01210,WO-202406-02056,C002,伟世通,2024-06-11 09:00,2024-06-03 07:04,2024-06-04 16:04,0,准时,0,自配送
DLV-01211,WO-202406-02059,C002,伟世通,2024-06-26 16:00,2024-06-08 14:27,2024-06-11 06:27,0,准时,0,顺丰
DLV-01212,WO-202406-02061,C007,东风乘用车,2024-06-17 11:00,2024-06-05 21:02,2024-06-08 14:02,0,准时,0,京东物流
DLV-01213,WO-202406-02062,C009,零跑汽车,2024-06-22 08:00,2024-06-04 09:45,2024-06-04 19:45,0,准时,0,自配送
DLV-01214,WO-202406-02064,C012,小鹏汽车,2024-06-12 10:00,2024-06-08 01:35,2024-06-08 09:35,0,准时,0,顺丰
DLV-01215,WO-202406-02065,C003,佛吉亚,2024-06-23 15:00,2024-06-09 10:07,2024-06-12 03:07,0,准时,0,客户自提
DLV-01216,WO-202406-02068,C005,本田汽配,2024-06-21 11:00,2024-06-06 20:31,2024-06-07 13:31,0,准时,0,自配送
DLV-01217,WO-202406-02069,C005,本田汽配,2024-06-16 11:00,2024-06-07 22:56,2024-06-10 05:56,0,准时,0,客户自提
DLV-01218,WO-202406-02070,C008,吉利商用车,2024-06-17 16:00,2024-06-08 17:15,2024-06-11 00:15,0,准时,0,顺丰
DLV-01219,WO-202406-02071,C008,吉利商用车,2024-06-08 18:00,2024-06-05 13:58,2024-06-06 05:58,0,准时,0,自配送
DLV-01220,WO-202406-02072,C006,岚图汽车,2024-06-16 08:00,2024-06-09 02:21,2024-06-09 10:21,0,准时,0,客户自提
DLV-01221,WO-202406-02073,C009,零跑汽车,2024-06-20 15:00,2024-06-08 17:27,2024-06-11 13:27,0,准时,0,京东物流
DLV-01222,WO-202406-02074,C005,本田汽配,2024-06-25 08:00,2024-06-05 21:06,2024-06-08 06:06,0,准时,0,顺丰
DLV-01223,WO-202406-02075,C004,麦格纳,2024-06-26 13:00,2024-06-08 16:57,2024-06-10 04:57,0,准时,0,京东物流
DLV-01224,WO-202406-02076,C009,零跑汽车,2024-06-21 16:00,2024-06-09 04:39,2024-06-12 03:39,0,准时,0,顺丰
DLV-01225,WO-202406-02079,C006,岚图汽车,2024-06-18 14:00,2024-06-07 17:39,2024-06-10 07:39,0,准时,0,顺丰
DLV-01226,WO-202406-02080,C001,东风彼欧,2024-06-09 18:00,2024-06-05 01:06,2024-06-05 20:06,0,准时,0,客户自提
DLV-01227,WO-202406-02082,C010,长城精工,2024-06-25 14:00,2024-06-06 20:22,2024-06-08 13:22,0,准时,0,京东物流
DLV-01228,WO-202406-02083,C003,佛吉亚,2024-06-18 14:00,2024-06-06 01:31,2024-06-08 02:31,0,准时,0,中通
DLV-01229,WO-202406-02088,C004,麦格纳,2024-06-16 15:00,2024-06-05 05:36,2024-06-06 19:36,0,准时,0,自配送
DLV-01230,WO-202406-02090,C003,佛吉亚,2024-06-10 10:00,2024-06-03 04:45,2024-06-03 12:45,0,准时,0,自配送
DLV-01231,WO-202406-02093,C012,小鹏汽车,2024-06-13 15:00,2024-06-10 15:13,2024-06-12 15:13,0,准时,0,顺丰
DLV-01232,WO-202406-02095,C011,比亚迪事业群,2024-06-13 13:00,2024-06-07 11:46,2024-06-08 23:46,0,准时,0,客户自提
DLV-01233,WO-202406-02097,C010,长城精工,2024-06-24 11:00,2024-06-09 19:28,2024-06-10 05:28,0,准时,0,中通
DLV-01234,WO-202406-02099,C001,东风彼欧,2024-06-20 18:00,2024-06-05 03:07,2024-06-06 18:07,0,准时,0,客户自提
DLV-01235,WO-202406-02100,C009,零跑汽车,2024-06-09 08:00,2024-06-04 16:59,2024-06-06 21:59,0,准时,0,顺丰
DLV-01236,WO-202406-02101,C003,佛吉亚,2024-06-17 12:00,2024-06-04 11:32,2024-06-05 05:32,0,准时,0,自配送
DLV-01237,WO-202406-02103,C006,岚图汽车,2024-06-17 17:00,2024-06-09 05:18,2024-06-10 15:18,0,准时,0,客户自提
DLV-01238,WO-202406-02106,C010,长城精工,2024-06-08 14:00,2024-06-04 21:27,2024-06-07 10:27,0,准时,0,客户自提
DLV-01239,WO-202406-02108,C007,东风乘用车,2024-06-22 10:00,2024-06-06 05:49,2024-06-08 09:49,0,准时,0,中通
DLV-01240,WO-202406-02110,C005,本田汽配,2024-06-19 11:00,2024-06-05 06:09,2024-06-07 20:09,0,准时,0,客户自提
DLV-01241,WO-202406-02114,C001,东风彼欧,2024-06-23 12:00,2024-06-07 16:57,2024-06-08 10:57,0,准时,0,客户自提
DLV-01242,WO-202406-02116,C003,佛吉亚,2024-06-12 16:00,2024-06-04 06:45,2024-06-05 07:45,0,准时,0,中通
DLV-01243,WO-202406-02117,C008,吉利商用车,2024-06-10 08:00,2024-06-04 23:17,2024-06-05 12:17,0,准时,0,自配送
DLV-01244,WO-202406-02119,C011,比亚迪事业群,2024-06-19 18:00,2024-06-08 15:11,2024-06-10 11:11,0,准时,0,自配送
DLV-01245,WO-202406-02121,C007,东风乘用车,2024-06-26 16:00,2024-06-08 22:31,2024-06-09 21:31,0,准时,0,客户自提
DLV-01246,WO-202406-02122,C002,伟世通,2024-06-14 16:00,2024-06-08 13:21,2024-06-09 19:21,0,准时,0,京东物流
DLV-01247,WO-202406-02123,C001,东风彼欧,2024-06-21 18:00,2024-06-08 00:22,2024-06-08 21:22,0,准时,0,顺丰
DLV-01248,WO-202406-02126,C006,岚图汽车,2024-06-11 14:00,2024-06-05 19:28,2024-06-07 10:28,0,准时,0,中通
DLV-01249,WO-202406-02127,C011,比亚迪事业群,2024-06-21 10:00,2024-06-04 06:21,2024-06-04 22:21,0,准时,0,中通
DLV-01250,WO-202406-02128,C002,伟世通,2024-06-08 14:00,2024-06-04 21:24,2024-06-06 21:24,0,准时,0,自配送
DLV-01251,WO-202406-02130,C011,比亚迪事业群,2024-06-18 17:00,2024-06-09 04:55,2024-06-11 23:55,0,准时,0,顺丰
DLV-01252,WO-202406-02134,C008,吉利商用车,2024-06-18 16:00,2024-06-04 16:08,2024-06-05 21:08,0,准时,0,自配送
DLV-01253,WO-202406-02135,C003,佛吉亚,2024-06-23 10:00,2024-06-06 14:46,2024-06-09 02:46,0,准时,0,客户自提
DLV-01254,WO-202406-02137,C010,长城精工,2024-06-21 15:00,2024-06-07 13:28,2024-06-08 03:28,0,准时,0,京东物流
DLV-01255,WO-202406-02140,C010,长城精工,2024-06-16 08:00,2024-06-05 10:46,2024-06-08 01:46,0,准时,0,客户自提
DLV-01256,WO-202406-02141,C008,吉利商用车,2024-06-26 09:00,2024-06-07 23:07,2024-06-10 00:07,0,准时,0,中通
DLV-01257,WO-202406-02142,C008,吉利商用车,2024-06-10 16:00,2024-06-03 20:18,2024-06-06 13:18,0,准时,0,客户自提
DLV-01258,WO-202407-02151,C007,东风乘用车,2024-07-25 09:00,2024-07-07 00:35,2024-07-09 04:35,0,准时,0,自配送
DLV-01259,WO-202407-02153,C010,长城精工,2024-07-12 08:00,2024-07-06 17:20,2024-07-09 03:20,0,准时,0,顺丰
DLV-01260,WO-202407-02154,C007,东风乘用车,2024-07-20 13:00,2024-07-05 18:51,2024-07-07 07:51,0,准时,0,京东物流
DLV-01261,WO-202407-02155,C010,长城精工,2024-07-19 11:00,2024-07-07 10:39,2024-07-08 03:39,0,准时,0,京东物流
DLV-01262,WO-202407-02156,C011,比亚迪事业群,2024-07-17 14:00,2024-07-04 22:28,2024-07-06 23:28,0,准时,0,顺丰
DLV-01263,WO-202407-02157,C007,东风乘用车,2024-07-12 16:00,2024-07-09 04:13,2024-07-10 00:13,0,准时,0,客户自提
DLV-01264,WO-202407-02161,C007,东风乘用车,2024-07-13 12:00,2024-07-05 19:21,2024-07-08 01:21,0,准时,0,客户自提
DLV-01265,WO-202407-02162,C009,零跑汽车,2024-07-20 13:00,2024-07-05 01:46,2024-07-05 22:46,0,准时,0,中通
DLV-01266,WO-202407-02163,C011,比亚迪事业群,2024-07-16 09:00,2024-07-05 13:37,2024-07-07 23:37,0,准时,0,顺丰
DLV-01267,WO-202407-02164,C002,伟世通,2024-07-17 10:00,2024-07-04 15:15,2024-07-06 06:15,0,准时,0,顺丰
DLV-01268,WO-202407-02165,C005,本田汽配,2024-07-14 09:00,2024-07-08 21:19,2024-07-09 06:19,0,准时,0,客户自提
DLV-01269,WO-202407-02166,C011,比亚迪事业群,2024-07-15 17:00,2024-07-07 02:45,2024-07-08 08:45,0,准时,0,京东物流
DLV-01270,WO-202407-02167,C012,小鹏汽车,2024-07-11 13:00,2024-07-04 01:10,2024-07-05 06:10,0,准时,0,京东物流
DLV-01271,WO-202407-02169,C004,麦格纳,2024-07-24 14:00,2024-07-08 20:25,2024-07-09 14:25,0,准时,0,自配送
DLV-01272,WO-202407-02170,C006,岚图汽车,2024-07-11 09:00,2024-07-07 11:00,2024-07-08 03:00,0,准时,0,顺丰
DLV-01273,WO-202407-02174,C009,零跑汽车,2024-07-13 11:00,2024-07-07 15:39,2024-07-09 20:39,0,准时,0,客户自提
DLV-01274,WO-202407-02176,C002,伟世通,2024-07-17 16:00,2024-07-05 18:18,2024-07-06 20:18,0,准时,0,顺丰
DLV-01275,WO-202407-02177,C008,吉利商用车,2024-07-23 09:00,2024-07-05 04:15,2024-07-06 13:15,0,准时,0,京东物流
DLV-01276,WO-202407-02178,C010,长城精工,2024-07-12 10:00,2024-07-06 08:00,2024-07-08 02:00,0,准时,0,京东物流
DLV-01277,WO-202407-02180,C007,东风乘用车,2024-07-16 15:00,2024-07-07 09:34,2024-07-09 23:34,0,准时,0,中通
DLV-01278,WO-202407-02181,C006,岚图汽车,2024-07-16 09:00,2024-07-04 00:39,2024-07-05 10:39,0,准时,0,中通
DLV-01279,WO-202407-02182,C004,麦格纳,2024-07-10 10:00,2024-07-05 01:24,2024-07-06 17:24,0,准时,0,自配送
DLV-01280,WO-202407-02183,C012,小鹏汽车,2024-07-16 11:00,2024-07-08 08:31,2024-07-09 23:31,0,准时,0,顺丰
DLV-01281,WO-202407-02184,C004,麦格纳,2024-07-19 15:00,2024-07-06 10:36,2024-07-08 19:36,0,准时,0,自配送
DLV-01282,WO-202407-02185,C011,比亚迪事业群,2024-07-24 17:00,2024-07-09 18:18,2024-07-11 08:18,0,准时,0,京东物流
DLV-01283,WO-202407-02186,C007,东风乘用车,2024-07-11 18:00,2024-07-05 21:26,2024-07-08 13:26,0,准时,0,客户自提
DLV-01284,WO-202407-02187,C008,吉利商用车,2024-07-18 11:00,2024-07-03 07:28,2024-07-04 05:28,0,准时,0,自配送
DLV-01285,WO-202407-02188,C011,比亚迪事业群,2024-07-24 13:00,2024-07-10 01:30,2024-07-11 22:30,0,准时,0,自配送
DLV-01286,WO-202407-02189,C010,长城精工,2024-07-10 10:00,2024-07-05 17:36,2024-07-06 17:36,0,准时,0,京东物流
DLV-01287,WO-202407-02191,C011,比亚迪事业群,2024-07-21 08:00,2024-07-05 00:58,2024-07-07 11:58,0,准时,0,京东物流
DLV-01288,WO-202407-02194,C012,小鹏汽车,2024-07-16 16:00,2024-07-09 15:14,2024-07-12 03:14,0,准时,0,自配送
DLV-01289,WO-202407-02197,C005,本田汽配,2024-07-24 14:00,2024-07-09 09:30,2024-07-12 06:30,0,准时,0,自配送
DLV-01290,WO-202407-02200,C009,零跑汽车,2024-07-20 13:00,2024-07-07 11:33,2024-07-07 21:33,0,准时,0,客户自提
DLV-01291,WO-202407-02203,C007,东风乘用车,2024-07-21 15:00,2024-07-03 21:06,2024-07-06 08:06,0,准时,0,自配送
DLV-01292,WO-202407-02205,C003,佛吉亚,2024-07-19 13:00,2024-07-09 18:36,2024-07-10 12:36,0,准时,0,自配送
DLV-01293,WO-202407-02206,C004,麦格纳,2024-07-23 17:00,2024-07-07 10:23,2024-07-09 20:23,0,准时,0,京东物流
DLV-01294,WO-202407-02209,C012,小鹏汽车,2024-07-12 09:00,2024-07-04 01:51,2024-07-06 11:51,0,准时,0,京东物流
DLV-01295,WO-202407-02211,C006,岚图汽车,2024-07-19 15:00,2024-07-06 04:55,2024-07-08 18:55,0,准时,0,中通
DLV-01296,WO-202407-02212,C001,东风彼欧,2024-07-17 13:00,2024-07-04 14:09,2024-07-06 03:09,0,准时,0,京东物流
DLV-01297,WO-202407-02214,C007,东风乘用车,2024-07-10 10:00,2024-07-03 17:00,2024-07-04 14:00,0,准时,0,自配送
DLV-01298,WO-202407-02217,C002,伟世通,2024-07-27 15:00,2024-07-08 19:11,2024-07-10 17:11,0,准时,0,客户自提
DLV-01299,WO-202407-02219,C011,比亚迪事业群,2024-07-21 18:00,2024-07-08 06:43,2024-07-10 13:43,0,准时,0,京东物流
DLV-01300,WO-202407-02223,C010,长城精工,2024-07-24 12:00,2024-07-08 12:40,2024-07-10 20:40,0,准时,0,自配送
DLV-01301,WO-202407-02224,C001,东风彼欧,2024-07-22 18:00,2024-07-08 02:35,2024-07-09 12:35,0,准时,0,顺丰
DLV-01302,WO-202407-02226,C005,本田汽配,2024-07-22 09:00,2024-07-04 18:46,2024-07-06 02:46,0,准时,0,顺丰
DLV-01303,WO-202407-02227,C002,伟世通,2024-07-19 10:00,2024-07-03 07:02,2024-07-04 15:02,0,准时,0,顺丰
DLV-01304,WO-202407-02228,C011,比亚迪事业群,2024-07-15 09:00,2024-07-09 21:36,2024-07-11 00:36,0,准时,0,客户自提
DLV-01305,WO-202407-02229,C011,比亚迪事业群,2024-07-26 15:00,2024-07-09 10:07,2024-07-11 11:07,0,准时,0,客户自提
DLV-01306,WO-202407-02230,C004,麦格纳,2024-07-14 08:00,2024-07-04 11:15,2024-07-05 21:15,0,准时,0,京东物流
DLV-01307,WO-202407-02232,C010,长城精工,2024-07-14 12:00,2024-07-06 15:33,2024-07-07 18:33,0,准时,0,中通
DLV-01308,WO-202407-02233,C012,小鹏汽车,2024-07-14 14:00,2024-07-05 13:36,2024-07-07 03:36,0,准时,0,京东物流
DLV-01309,WO-202407-02234,C005,本田汽配,2024-07-15 16:00,2024-07-08 21:28,2024-07-10 19:28,0,准时,0,京东物流
DLV-01310,WO-202407-02239,C007,东风乘用车,2024-07-21 08:00,2024-07-06 18:12,2024-07-07 19:12,0,准时,0,自配送
DLV-01311,WO-202407-02240,C011,比亚迪事业群,2024-07-15 09:00,2024-07-06 18:23,2024-07-09 13:23,0,准时,0,顺丰
DLV-01312,WO-202407-02241,C012,小鹏汽车,2024-07-16 17:00,2024-07-08 12:52,2024-07-10 07:52,0,准时,0,客户自提
DLV-01313,WO-202407-02242,C008,吉利商用车,2024-07-10 15:00,2024-07-07 13:41,2024-07-09 13:41,0,准时,0,中通
DLV-01314,WO-202407-02243,C002,伟世通,2024-07-15 17:00,2024-07-07 17:36,2024-07-08 11:36,0,准时,0,中通
DLV-01315,WO-202407-02246,C004,麦格纳,2024-07-13 10:00,2024-07-07 02:33,2024-07-09 00:33,0,准时,0,客户自提
DLV-01316,WO-202407-02248,C001,东风彼欧,2024-07-20 11:00,2024-07-10 03:52,2024-07-11 20:52,0,准时,0,京东物流
DLV-01317,WO-202407-02250,C006,岚图汽车,2024-07-19 14:00,2024-07-07 06:18,2024-07-08 22:18,0,准时,0,客户自提
DLV-01318,WO-202407-02252,C009,零跑汽车,2024-07-16 14:00,2024-07-04 15:40,2024-07-07 10:40,0,准时,0,京东物流
DLV-01319,WO-202407-02254,C009,零跑汽车,2024-07-18 16:00,2024-07-04 19:11,2024-07-06 07:11,0,准时,0,自配送
DLV-01320,WO-202407-02257,C006,岚图汽车,2024-07-20 11:00,2024-07-03 07:24,2024-07-06 07:24,0,准时,0,自配送
DLV-01321,WO-202407-02259,C012,小鹏汽车,2024-07-22 18:00,2024-07-06 21:47,2024-07-08 08:47,0,准时,0,中通
DLV-01322,WO-202407-02261,C012,小鹏汽车,2024-07-17 13:00,2024-07-05 23:55,2024-07-07 11:55,0,准时,0,自配送
DLV-01323,WO-202407-02263,C003,佛吉亚,2024-07-22 15:00,2024-07-08 17:34,2024-07-09 14:34,0,准时,0,自配送
DLV-01324,WO-202407-02265,C002,伟世通,2024-07-27 08:00,2024-07-08 19:55,2024-07-10 06:55,0,准时,0,自配送
DLV-01325,WO-202407-02266,C002,伟世通,2024-07-20 11:00,2024-07-05 01:33,2024-07-06 21:33,0,准时,0,顺丰
DLV-01326,WO-202407-02267,C005,本田汽配,2024-07-12 16:00,2024-07-05 06:51,2024-07-06 17:51,0,准时,0,中通
DLV-01327,WO-202407-02268,C006,岚图汽车,2024-07-13 09:00,2024-07-05 13:10,2024-07-06 04:10,0,准时,0,顺丰
DLV-01328,WO-202407-02269,C010,长城精工,2024-07-13 14:00,2024-07-03 08:28,2024-07-06 07:28,0,准时,0,自配送
DLV-01329,WO-202407-02271,C002,伟世通,2024-07-13 09:00,2024-07-05 09:41,2024-07-06 17:41,0,准时,0,中通
DLV-01330,WO-202407-02272,C006,岚图汽车,2024-07-15 10:00,2024-07-04 02:16,2024-07-06 23:16,0,准时,0,自配送
DLV-01331,WO-202407-02275,C001,东风彼欧,2024-07-17 11:00,2024-07-04 22:34,2024-07-07 17:34,0,准时,0,自配送
DLV-01332,WO-202407-02276,C004,麦格纳,2024-07-16 18:00,2024-07-05 08:50,2024-07-07 12:50,0,准时,0,客户自提
DLV-01333,WO-202407-02277,C007,东风乘用车,2024-07-19 09:00,2024-07-09 04:33,2024-07-09 15:33,0,准时,0,中通
DLV-01334,WO-202407-02278,C009,零跑汽车,2024-07-11 15:00,2024-07-07 19:13,2024-07-09 21:13,0,准时,0,客户自提
DLV-01335,WO-202407-02279,C011,比亚迪事业群,2024-07-11 16:00,2024-07-04 06:45,2024-07-07 05:45,0,准时,0,京东物流
DLV-01336,WO-202407-02280,C008,吉利商用车,2024-07-20 18:00,2024-07-09 22:03,2024-07-11 01:03,0,准时,0,京东物流
DLV-01337,WO-202407-02281,C008,吉利商用车,2024-07-16 13:00,2024-07-05 18:46,2024-07-07 01:46,0,准时,0,京东物流
DLV-01338,WO-202407-02282,C005,本田汽配,2024-07-17 14:00,2024-07-07 18:34,2024-07-10 08:34,0,准时,0,客户自提
DLV-01339,WO-202407-02283,C010,长城精工,2024-07-19 18:00,2024-07-06 00:19,2024-07-08 23:19,0,准时,0,顺丰
DLV-01340,WO-202407-02284,C001,东风彼欧,2024-07-13 10:00,2024-07-07 20:21,2024-07-10 08:21,0,准时,0,顺丰
DLV-01341,WO-202407-02287,C004,麦格纳,2024-07-09 17:00,2024-07-05 08:22,2024-07-05 16:22,0,准时,0,顺丰
DLV-01342,WO-202407-02289,C003,佛吉亚,2024-07-25 09:00,2024-07-07 18:56,2024-07-09 00:56,0,准时,0,客户自提
DLV-01343,WO-202407-02290,C002,伟世通,2024-07-24 08:00,2024-07-06 05:13,2024-07-07 15:13,0,准时,0,顺丰
DLV-01344,WO-202407-02292,C009,零跑汽车,2024-07-12 12:00,2024-07-11 02:18,2024-07-12 00:18,0,准时,0,顺丰
DLV-01345,WO-202407-02293,C010,长城精工,2024-07-22 13:00,2024-07-07 17:26,2024-07-08 11:26,0,准时,0,自配送
DLV-01346,WO-202407-02294,C002,伟世通,2024-07-15 13:00,2024-07-06 01:27,2024-07-06 13:27,0,准时,0,顺丰
DLV-01347,WO-202407-02295,C012,小鹏汽车,2024-07-19 14:00,2024-07-06 08:52,2024-07-08 15:52,0,准时,0,京东物流
DLV-01348,WO-202407-02296,C008,吉利商用车,2024-07-09 12:00,2024-07-03 08:19,2024-07-04 06:19,0,准时,0,顺丰
DLV-01349,WO-202407-02297,C005,本田汽配,2024-07-11 14:00,2024-07-08 05:13,2024-07-10 15:13,0,准时,0,京东物流
DLV-01350,WO-202407-02298,C012,小鹏汽车,2024-07-20 12:00,2024-07-08 02:49,2024-07-08 11:49,0,准时,0,京东物流
DLV-01351,WO-202407-02300,C002,伟世通,2024-07-20 17:00,2024-07-06 16:31,2024-07-09 14:31,0,准时,0,中通
DLV-01352,WO-202407-02307,C012,小鹏汽车,2024-07-14 09:00,2024-07-04 08:45,2024-07-04 20:45,0,准时,0,京东物流
DLV-01353,WO-202407-02310,C007,东风乘用车,2024-07-16 12:00,2024-07-06 02:22,2024-07-07 16:22,0,准时,0,顺丰
DLV-01354,WO-202407-02311,C011,比亚迪事业群,2024-07-18 10:00,2024-07-05 00:43,2024-07-07 06:43,0,准时,0,中通
DLV-01355,WO-202407-02312,C011,比亚迪事业群,2024-07-18 15:00,2024-07-06 21:09,2024-07-08 08:09,0,准时,0,中通
DLV-01356,WO-202407-02314,C007,东风乘用车,2024-07-10 10:00,2024-07-04 14:22,2024-07-06 17:22,0,准时,0,京东物流
DLV-01357,WO-202407-02315,C008,吉利商用车,2024-07-10 09:00,2024-07-06 05:33,2024-07-07 10:33,0,准时,0,顺丰
DLV-01358,WO-202407-02316,C006,岚图汽车,2024-07-08 18:00,2024-07-03 15:30,2024-07-05 21:30,0,准时,0,中通
DLV-01359,WO-202407-02319,C012,小鹏汽车,2024-07-18 15:00,2024-07-08 14:53,2024-07-09 10:53,0,准时,0,京东物流
DLV-01360,WO-202407-02321,C004,麦格纳,2024-07-25 14:00,2024-07-06 22:39,2024-07-09 04:39,0,准时,0,中通
DLV-01361,WO-202407-02324,C002,伟世通,2024-07-22 16:00,2024-07-09 12:14,2024-07-11 02:14,0,准时,0,京东物流
DLV-01362,WO-202407-02326,C001,东风彼欧,2024-07-16 16:00,2024-07-06 00:52,2024-07-07 20:52,0,准时,0,京东物流
DLV-01363,WO-202407-02327,C009,零跑汽车,2024-07-23 16:00,2024-07-10 10:18,2024-07-13 10:18,0,准时,0,顺丰
DLV-01364,WO-202407-02328,C008,吉利商用车,2024-07-18 17:00,2024-07-05 04:46,2024-07-05 21:46,0,准时,0,京东物流
DLV-01365,WO-202407-02329,C003,佛吉亚,2024-07-25 10:00,2024-07-08 00:06,2024-07-08 20:06,0,准时,0,顺丰
DLV-01366,WO-202407-02331,C011,比亚迪事业群,2024-07-16 09:00,2024-07-06 06:31,2024-07-07 13:31,0,准时,0,自配送
DLV-01367,WO-202407-02332,C011,比亚迪事业群,2024-07-26 11:00,2024-07-06 12:36,2024-07-08 23:36,0,准时,0,顺丰
DLV-01368,WO-202407-02335,C009,零跑汽车,2024-07-26 16:00,2024-07-10 02:40,2024-07-12 11:40,0,准时,0,京东物流
DLV-01369,WO-202407-02337,C004,麦格纳,2024-07-17 11:00,2024-07-07 16:30,2024-07-10 13:30,0,准时,0,顺丰
DLV-01370,WO-202407-02338,C002,伟世通,2024-07-22 10:00,2024-07-10 01:29,2024-07-10 09:29,0,准时,0,中通
DLV-01371,WO-202407-02339,C008,吉利商用车,2024-07-15 11:00,2024-07-06 19:57,2024-07-09 05:57,0,准时,0,中通
DLV-01372,WO-202407-02340,C002,伟世通,2024-07-19 08:00,2024-07-05 12:43,2024-07-06 03:43,0,准时,0,中通
DLV-01373,WO-202407-02341,C007,东风乘用车,2024-07-19 18:00,2024-07-09 03:49,2024-07-11 11:49,0,准时,0,顺丰
DLV-01374,WO-202407-02344,C012,小鹏汽车,2024-07-18 10:00,2024-07-07 18:55,2024-07-08 05:55,0,准时,0,顺丰
DLV-01375,WO-202407-02345,C001,东风彼欧,2024-07-10 18:00,2024-07-05 13:52,2024-07-06 14:52,0,准时,0,顺丰
DLV-01376,WO-202407-02348,C003,佛吉亚,2024-07-19 17:00,2024-07-07 20:37,2024-07-09 09:37,0,准时,0,客户自提
DLV-01377,WO-202407-02351,C002,伟世通,2024-07-14 14:00,2024-07-04 10:19,2024-07-07 04:19,0,准时,0,中通
DLV-01378,WO-202407-02353,C005,本田汽配,2024-07-15 13:00,2024-07-09 01:37,2024-07-10 08:37,0,准时,0,客户自提
DLV-01379,WO-202407-02354,C003,佛吉亚,2024-07-16 17:00,2024-07-04 18:38,2024-07-06 23:38,0,准时,0,中通
DLV-01380,WO-202407-02355,C005,本田汽配,2024-07-11 13:00,2024-07-06 12:52,2024-07-08 16:52,0,准时,0,京东物流
DLV-01381,WO-202407-02357,C008,吉利商用车,2024-07-24 14:00,2024-07-07 07:13,2024-07-07 17:13,0,准时,0,客户自提
DLV-01382,WO-202407-02358,C002,伟世通,2024-07-13 08:00,2024-07-08 19:07,2024-07-10 12:07,0,准时,0,京东物流
DLV-01383,WO-202407-02361,C007,东风乘用车,2024-07-24 10:00,2024-07-06 23:49,2024-07-07 17:49,0,准时,0,中通
DLV-01384,WO-202407-02365,C001,东风彼欧,2024-07-14 17:00,2024-07-07 17:06,2024-07-09 22:06,0,准时,0,客户自提
DLV-01385,WO-202407-02366,C003,佛吉亚,2024-07-13 09:00,2024-07-05 17:52,2024-07-06 19:52,0,准时,0,自配送
DLV-01386,WO-202407-02367,C002,伟世通,2024-07-13 14:00,2024-07-06 19:10,2024-07-07 14:10,0,准时,0,京东物流
DLV-01387,WO-202407-02368,C001,东风彼欧,2024-07-17 11:00,2024-07-09 15:19,2024-07-10 19:19,0,准时,0,中通
DLV-01388,WO-202407-02370,C012,小鹏汽车,2024-07-13 15:00,2024-07-05 17:13,2024-07-07 10:13,0,准时,0,顺丰
DLV-01389,WO-202407-02374,C012,小鹏汽车,2024-07-14 16:00,2024-07-06 20:45,2024-07-08 16:45,0,准时,0,京东物流
DLV-01390,WO-202407-02383,C005,本田汽配,2024-07-21 09:00,2024-07-10 03:27,2024-07-12 21:27,0,准时,0,顺丰
DLV-01391,WO-202407-02384,C012,小鹏汽车,2024-07-25 09:00,2024-07-07 08:39,2024-07-08 18:39,0,准时,0,顺丰
DLV-01392,WO-202407-02385,C012,小鹏汽车,2024-07-23 08:00,2024-07-06 13:42,2024-07-07 00:42,0,准时,0,中通
DLV-01393,WO-202407-02386,C004,麦格纳,2024-07-12 10:00,2024-07-05 02:41,2024-07-06 08:41,0,准时,0,顺丰
DLV-01394,WO-202407-02387,C004,麦格纳,2024-07-11 16:00,2024-07-08 11:55,2024-07-11 03:55,0,准时,0,中通
DLV-01395,WO-202407-02388,C008,吉利商用车,2024-07-24 12:00,2024-07-08 13:10,2024-07-09 16:10,0,准时,0,自配送
DLV-01396,WO-202407-02389,C002,伟世通,2024-07-20 17:00,2024-07-07 06:10,2024-07-09 17:10,0,准时,0,客户自提
DLV-01397,WO-202407-02390,C012,小鹏汽车,2024-07-23 16:00,2024-07-03 23:15,2024-07-04 20:15,0,准时,0,中通
DLV-01398,WO-202407-02392,C004,麦格纳,2024-07-22 14:00,2024-07-08 10:26,2024-07-09 22:26,0,准时,0,中通
DLV-01399,WO-202407-02393,C001,东风彼欧,2024-07-12 13:00,2024-07-06 04:55,2024-07-08 17:55,0,准时,0,京东物流
DLV-01400,WO-202407-02395,C005,本田汽配,2024-07-14 09:00,2024-07-04 03:17,2024-07-05 09:17,0,准时,0,客户自提
DLV-01401,WO-202407-02396,C008,吉利商用车,2024-07-16 18:00,2024-07-04 08:15,2024-07-05 08:15,0,准时,0,中通
DLV-01402,WO-202407-02398,C008,吉利商用车,2024-07-13 18:00,2024-07-05 08:21,2024-07-08 02:21,0,准时,0,顺丰
DLV-01403,WO-202407-02400,C012,小鹏汽车,2024-07-09 08:00,2024-07-06 01:15,2024-07-06 23:15,0,准时,0,京东物流
DLV-01404,WO-202407-02407,C012,小鹏汽车,2024-07-21 11:00,2024-07-05 08:10,2024-07-06 06:10,0,准时,0,京东物流
DLV-01405,WO-202407-02412,C011,比亚迪事业群,2024-07-10 09:00,2024-07-04 09:22,2024-07-06 23:22,0,准时,0,客户自提
DLV-01406,WO-202407-02413,C008,吉利商用车,2024-07-17 15:00,2024-07-07 22:39,2024-07-08 11:39,0,准时,0,中通
DLV-01407,WO-202407-02414,C003,佛吉亚,2024-07-10 09:00,2024-07-06 14:19,2024-07-09 14:19,0,准时,0,客户自提
DLV-01408,WO-202407-02415,C003,佛吉亚,2024-07-24 16:00,2024-07-07 07:01,2024-07-08 02:01,0,准时,0,京东物流
DLV-01409,WO-202407-02416,C012,小鹏汽车,2024-07-19 08:00,2024-07-06 17:04,2024-07-09 07:04,0,准时,0,顺丰
DLV-01410,WO-202407-02418,C002,伟世通,2024-07-08 14:00,2024-07-03 00:13,2024-07-05 12:13,0,准时,0,中通
DLV-01411,WO-202407-02419,C006,岚图汽车,2024-07-22 11:00,2024-07-05 02:15,2024-07-07 11:15,0,准时,0,京东物流
DLV-01412,WO-202407-02420,C002,伟世通,2024-07-26 12:00,2024-07-07 16:06,2024-07-09 05:06,0,准时,0,顺丰
DLV-01413,WO-202407-02422,C010,长城精工,2024-07-23 15:00,2024-07-05 21:48,2024-07-07 13:48,0,准时,0,客户自提
DLV-01414,WO-202407-02424,C004,麦格纳,2024-07-17 16:00,2024-07-06 20:28,2024-07-07 23:28,0,准时,0,客户自提
DLV-01415,WO-202407-02426,C007,东风乘用车,2024-07-16 14:00,2024-07-06 22:48,2024-07-08 19:48,0,准时,0,客户自提
DLV-01416,WO-202407-02427,C009,零跑汽车,2024-07-15 13:00,2024-07-07 04:48,2024-07-07 21:48,0,准时,0,顺丰
DLV-01417,WO-202407-02428,C001,东风彼欧,2024-07-12 18:00,2024-07-05 08:21,2024-07-06 04:21,0,准时,0,中通
DLV-01418,WO-202407-02429,C005,本田汽配,2024-07-19 11:00,2024-07-06 15:35,2024-07-08 09:35,0,准时,0,京东物流
DLV-01419,WO-202407-02430,C012,小鹏汽车,2024-07-19 18:00,2024-07-04 00:36,2024-07-05 19:36,0,准时,0,自配送
DLV-01420,WO-202407-02432,C011,比亚迪事业群,2024-07-17 09:00,2024-07-04 14:01,2024-07-06 06:01,0,准时,0,京东物流
DLV-01421,WO-202407-02434,C005,本田汽配,2024-07-20 16:00,2024-07-04 01:31,2024-07-04 23:31,0,准时,0,中通
DLV-01422,WO-202407-02435,C009,零跑汽车,2024-07-12 18:00,2024-07-07 06:28,2024-07-08 21:28,0,准时,0,自配送
DLV-01423,WO-202407-02436,C007,东风乘用车,2024-07-16 18:00,2024-07-07 17:20,2024-07-09 07:20,0,准时,0,京东物流
DLV-01424,WO-202407-02438,C005,本田汽配,2024-07-25 11:00,2024-07-06 14:34,2024-07-07 13:34,0,准时,0,中通
DLV-01425,WO-202407-02441,C009,零跑汽车,2024-07-21 10:00,2024-07-03 05:06,2024-07-05 14:06,0,准时,0,京东物流
DLV-01426,WO-202407-02442,C003,佛吉亚,2024-07-11 10:00,2024-07-05 05:31,2024-07-07 23:31,0,准时,0,客户自提
DLV-01427,WO-202407-02443,C012,小鹏汽车,2024-07-14 16:00,2024-07-09 01:13,2024-07-09 12:13,0,准时,0,中通
DLV-01428,WO-202407-02445,C001,东风彼欧,2024-07-25 08:00,2024-07-07 20:26,2024-07-10 02:26,0,准时,0,自配送
DLV-01429,WO-202407-02447,C007,东风乘用车,2024-07-14 12:00,2024-07-03 19:11,2024-07-05 06:11,0,准时,0,顺丰
DLV-01430,WO-202407-02448,C008,吉利商用车,2024-07-15 13:00,2024-07-08 09:22,2024-07-08 21:22,0,准时,0,京东物流
DLV-01431,WO-202407-02449,C002,伟世通,2024-07-13 13:00,2024-07-05 04:13,2024-07-07 15:13,0,准时,0,自配送
DLV-01432,WO-202407-02450,C011,比亚迪事业群,2024-07-17 11:00,2024-07-09 09:40,2024-07-10 14:40,0,准时,0,客户自提
DLV-01433,WO-202407-02451,C005,本田汽配,2024-07-19 12:00,2024-07-06 08:52,2024-07-06 16:52,0,准时,0,京东物流
DLV-01434,WO-202407-02454,C005,本田汽配,2024-07-12 08:00,2024-07-03 01:02,2024-07-04 19:02,0,准时,0,客户自提
DLV-01435,WO-202407-02455,C010,长城精工,2024-07-13 13:00,2024-07-07 02:23,2024-07-09 01:23,0,准时,0,顺丰
DLV-01436,WO-202407-02456,C003,佛吉亚,2024-07-15 08:00,2024-07-08 22:54,2024-07-10 05:54,0,准时,0,自配送
DLV-01437,WO-202407-02459,C005,本田汽配,2024-07-14 13:00,2024-07-04 06:31,2024-07-05 05:31,0,准时,0,顺丰
DLV-01438,WO-202407-02460,C004,麦格纳,2024-07-18 10:00,2024-07-05 23:39,2024-07-06 10:39,0,准时,0,顺丰
DLV-01439,WO-202407-02461,C005,本田汽配,2024-07-22 11:00,2024-07-09 13:51,2024-07-12 08:51,0,准时,0,京东物流
DLV-01440,WO-202407-02463,C002,伟世通,2024-07-13 13:00,2024-07-05 18:42,2024-07-06 19:42,0,准时,0,中通
DLV-01441,WO-202407-02464,C002,伟世通,2024-07-22 09:00,2024-07-06 02:47,2024-07-07 23:47,0,准时,0,京东物流
DLV-01442,WO-202407-02465,C008,吉利商用车,2024-07-23 17:00,2024-07-08 08:43,2024-07-09 01:43,0,准时,0,客户自提
DLV-01443,WO-202407-02467,C003,佛吉亚,2024-07-23 11:00,2024-07-05 13:46,2024-07-06 12:46,0,准时,0,顺丰
DLV-01444,WO-202407-02468,C008,吉利商用车,2024-07-14 14:00,2024-07-09 23:44,2024-07-10 13:44,0,准时,0,京东物流
DLV-01445,WO-202407-02469,C010,长城精工,2024-07-22 09:00,2024-07-04 22:59,2024-07-07 18:59,0,准时,0,顺丰
DLV-01446,WO-202407-02470,C007,东风乘用车,2024-07-12 11:00,2024-07-08 08:19,2024-07-09 19:19,0,准时,0,顺丰
DLV-01447,WO-202407-02471,C004,麦格纳,2024-07-21 15:00,2024-07-05 18:52,2024-07-08 17:52,0,准时,0,京东物流
DLV-01448,WO-202407-02472,C012,小鹏汽车,2024-07-23 08:00,2024-07-06 02:43,2024-07-08 09:43,0,准时,0,京东物流
DLV-01449,WO-202407-02476,C009,零跑汽车,2024-07-17 11:00,2024-07-06 01:09,2024-07-07 00:09,0,准时,0,中通
DLV-01450,WO-202407-02477,C012,小鹏汽车,2024-07-13 18:00,2024-07-07 18:35,2024-07-08 19:35,0,准时,0,中通
DLV-01451,WO-202407-02478,C005,本田汽配,2024-07-14 11:00,2024-07-05 21:36,2024-07-07 15:36,0,准时,0,自配送
DLV-01452,WO-202407-02479,C004,麦格纳,2024-07-17 13:00,2024-07-04 23:00,2024-07-07 11:00,0,准时,0,客户自提
DLV-01453,WO-202407-02480,C010,长城精工,2024-07-12 11:00,2024-07-05 21:31,2024-07-08 19:31,0,准时,0,顺丰
DLV-01454,WO-202407-02482,C009,零跑汽车,2024-07-13 15:00,2024-07-08 02:47,2024-07-09 18:47,0,准时,0,京东物流
DLV-01455,WO-202407-02484,C009,零跑汽车,2024-07-23 10:00,2024-07-07 07:17,2024-07-08 15:17,0,准时,0,中通
DLV-01456,WO-202407-02485,C011,比亚迪事业群,2024-07-23 13:00,2024-07-05 18:22,2024-07-07 19:22,0,准时,0,顺丰
DLV-01457,WO-202407-02486,C010,长城精工,2024-07-17 14:00,2024-07-06 10:08,2024-07-07 08:08,0,准时,0,顺丰
DLV-01458,WO-202407-02487,C002,伟世通,2024-07-12 08:00,2024-07-05 18:52,2024-07-08 01:52,0,准时,0,京东物流
DLV-01459,WO-202407-02488,C009,零跑汽车,2024-07-19 08:00,2024-07-04 00:54,2024-07-05 12:54,0,准时,0,顺丰
DLV-01460,WO-202407-02489,C010,长城精工,2024-07-19 08:00,2024-07-09 19:12,2024-07-11 14:12,0,准时,0,中通
DLV-01461,WO-202407-02490,C001,东风彼欧,2024-07-18 10:00,2024-07-10 04:24,2024-07-12 06:24,0,准时,0,客户自提
DLV-01462,WO-202407-02491,C012,小鹏汽车,2024-07-18 12:00,2024-07-07 22:21,2024-07-08 20:21,0,准时,0,客户自提
DLV-01463,WO-202407-02493,C005,本田汽配,2024-07-13 12:00,2024-07-07 06:22,2024-07-09 15:22,0,准时,0,京东物流
DLV-01464,WO-202407-02495,C011,比亚迪事业群,2024-07-24 11:00,2024-07-07 17:13,2024-07-08 17:13,0,准时,0,顺丰
DLV-01465,WO-202407-02497,C002,伟世通,2024-07-20 13:00,2024-07-05 18:09,2024-07-07 08:09,0,准时,0,京东物流
DLV-01466,WO-202407-02500,C003,佛吉亚,2024-07-19 15:00,2024-07-04 23:26,2024-07-07 15:26,0,准时,0,顺丰
DLV-01467,WO-202407-02502,C008,吉利商用车,2024-07-15 16:00,2024-07-10 07:10,2024-07-11 08:10,0,准时,0,京东物流
DLV-01468,WO-202407-02503,C012,小鹏汽车,2024-07-18 10:00,2024-07-05 10:01,2024-07-07 15:01,0,准时,0,中通
DLV-01469,WO-202407-02505,C010,长城精工,2024-07-23 17:00,2024-07-04 09:32,2024-07-05 02:32,0,准时,0,京东物流
DLV-01470,WO-202407-02506,C007,东风乘用车,2024-07-20 17:00,2024-07-06 01:46,2024-07-08 17:46,0,准时,0,中通
DLV-01471,WO-202407-02508,C007,东风乘用车,2024-07-21 09:00,2024-07-07 16:36,2024-07-10 06:36,0,准时,0,客户自提
DLV-01472,WO-202407-02510,C008,吉利商用车,2024-07-14 14:00,2024-07-09 22:07,2024-07-12 19:07,0,准时,0,客户自提
DLV-01473,WO-202407-02512,C001,东风彼欧,2024-07-23 10:00,2024-07-05 15:42,2024-07-07 18:42,0,准时,0,中通
DLV-01474,WO-202407-02513,C011,比亚迪事业群,2024-07-16 18:00,2024-07-08 17:58,2024-07-10 09:58,0,准时,0,客户自提
DLV-01475,WO-202407-02514,C005,本田汽配,2024-07-23 16:00,2024-07-07 10:05,2024-07-07 23:05,0,准时,0,客户自提
DLV-01476,WO-202407-02515,C007,东风乘用车,2024-07-16 08:00,2024-07-07 19:46,2024-07-10 11:46,0,准时,0,京东物流
DLV-01477,WO-202408-02517,C006,岚图汽车,2024-08-13 17:00,2024-08-07 22:52,2024-08-09 21:52,0,准时,0,客户自提
DLV-01478,WO-202408-02518,C005,本田汽配,2024-08-17 18:00,2024-08-09 12:43,2024-08-10 15:43,0,准时,0,中通
DLV-01479,WO-202408-02521,C008,吉利商用车,2024-08-21 08:00,2024-08-08 00:15,2024-08-09 13:15,0,准时,0,顺丰
DLV-01480,WO-202408-02523,C002,伟世通,2024-08-21 10:00,2024-08-07 02:10,2024-08-09 22:10,0,准时,0,中通
DLV-01481,WO-202408-02524,C008,吉利商用车,2024-08-17 08:00,2024-08-03 16:07,2024-08-05 01:07,0,准时,0,客户自提
DLV-01482,WO-202408-02526,C010,长城精工,2024-08-22 16:00,2024-08-06 06:46,2024-08-08 11:46,0,准时,0,京东物流
DLV-01483,WO-202408-02529,C004,麦格纳,2024-08-13 14:00,2024-08-04 20:00,2024-08-05 13:00,0,准时,0,中通
DLV-01484,WO-202408-02531,C011,比亚迪事业群,2024-08-22 12:00,2024-08-02 22:21,2024-08-03 16:21,0,准时,0,京东物流
DLV-01485,WO-202408-02534,C005,本田汽配,2024-08-15 08:00,2024-08-08 01:53,2024-08-09 15:53,0,准时,0,自配送
DLV-01486,WO-202408-02535,C005,本田汽配,2024-08-16 16:00,2024-08-04 06:47,2024-08-06 15:47,0,准时,0,客户自提
DLV-01487,WO-202408-02538,C005,本田汽配,2024-08-24 18:00,2024-08-09 17:47,2024-08-11 19:47,0,准时,0,中通
DLV-01488,WO-202408-02542,C011,比亚迪事业群,2024-08-20 17:00,2024-08-08 22:32,2024-08-09 14:32,0,准时,0,中通
DLV-01489,WO-202408-02544,C012,小鹏汽车,2024-08-15 11:00,2024-08-06 11:06,2024-08-07 06:06,0,准时,0,自配送
DLV-01490,WO-202408-02545,C005,本田汽配,2024-08-17 14:00,2024-08-08 03:26,2024-08-09 22:26,0,准时,0,客户自提
DLV-01491,WO-202408-02547,C010,长城精工,2024-08-15 09:00,2024-08-07 07:05,2024-08-10 03:05,0,准时,0,顺丰
DLV-01492,WO-202408-02551,C004,麦格纳,2024-08-12 16:00,2024-08-03 19:07,2024-08-06 13:07,0,准时,0,客户自提
DLV-01493,WO-202408-02552,C004,麦格纳,2024-08-24 13:00,2024-08-09 00:38,2024-08-10 12:38,0,准时,0,自配送
DLV-01494,WO-202408-02553,C008,吉利商用车,2024-08-27 13:00,2024-08-08 05:37,2024-08-09 20:37,0,准时,0,顺丰
DLV-01495,WO-202408-02555,C006,岚图汽车,2024-08-16 10:00,2024-08-10 02:46,2024-08-10 14:46,0,准时,0,京东物流
DLV-01496,WO-202408-02556,C004,麦格纳,2024-08-21 16:00,2024-08-06 11:50,2024-08-07 14:50,0,准时,0,自配送
DLV-01497,WO-202408-02557,C011,比亚迪事业群,2024-08-12 18:00,2024-08-04 19:00,2024-08-06 13:00,0,准时,0,京东物流
DLV-01498,WO-202408-02559,C009,零跑汽车,2024-08-18 11:00,2024-08-06 17:55,2024-08-07 04:55,0,准时,0,客户自提
DLV-01499,WO-202408-02560,C011,比亚迪事业群,2024-08-15 10:00,2024-08-04 17:43,2024-08-05 16:43,0,准时,0,自配送
DLV-01500,WO-202408-02561,C004,麦格纳,2024-08-15 13:00,2024-08-05 03:11,2024-08-05 21:11,0,准时,0,京东物流
DLV-01501,WO-202408-02562,C012,小鹏汽车,2024-08-13 18:00,2024-08-04 07:15,2024-08-06 15:15,0,准时,0,客户自提
DLV-01502,WO-202408-02565,C003,佛吉亚,2024-08-27 18:00,2024-08-08 20:28,2024-08-09 17:28,0,准时,0,京东物流
DLV-01503,WO-202408-02566,C012,小鹏汽车,2024-08-12 11:00,2024-08-07 09:40,2024-08-08 17:40,0,准时,0,京东物流
DLV-01504,WO-202408-02568,C006,岚图汽车,2024-08-20 08:00,2024-08-07 06:03,2024-08-09 03:03,0,准时,0,京东物流
DLV-01505,WO-202408-02572,C007,东风乘用车,2024-08-10 12:00,2024-08-04 16:49,2024-08-06 09:49,0,准时,0,客户自提
DLV-01506,WO-202408-02573,C007,东风乘用车,2024-08-17 15:00,2024-08-08 23:07,2024-08-09 18:07,0,准时,0,中通
DLV-01507,WO-202408-02575,C002,伟世通,2024-08-17 18:00,2024-08-07 04:11,2024-08-09 17:11,0,准时,0,中通
DLV-01508,WO-202408-02579,C004,麦格纳,2024-08-26 11:00,2024-08-09 06:37,2024-08-10 18:37,0,准时,0,中通
DLV-01509,WO-202408-02580,C005,本田汽配,2024-08-16 09:00,2024-08-04 02:45,2024-08-06 20:45,0,准时,0,客户自提
DLV-01510,WO-202408-02581,C007,东风乘用车,2024-08-09 08:00,2024-08-03 14:38,2024-08-05 01:38,0,准时,0,中通
DLV-01511,WO-202408-02582,C011,比亚迪事业群,2024-08-19 10:00,2024-08-07 11:28,2024-08-08 09:28,0,准时,0,客户自提
DLV-01512,WO-202408-02583,C005,本田汽配,2024-08-11 18:00,2024-08-04 17:24,2024-08-05 07:24,0,准时,0,顺丰
DLV-01513,WO-202408-02584,C005,本田汽配,2024-08-16 12:00,2024-08-06 18:51,2024-08-07 04:51,0,准时,0,中通
DLV-01514,WO-202408-02587,C005,本田汽配,2024-08-20 18:00,2024-08-10 01:12,2024-08-12 20:12,0,准时,0,自配送
DLV-01515,WO-202408-02590,C002,伟世通,2024-08-14 18:00,2024-08-08 13:27,2024-08-10 20:27,0,准时,0,中通
DLV-01516,WO-202408-02595,C001,东风彼欧,2024-08-24 14:00,2024-08-06 04:31,2024-08-07 05:31,0,准时,0,客户自提
DLV-01517,WO-202408-02596,C010,长城精工,2024-08-17 18:00,2024-08-06 22:49,2024-08-07 19:49,0,准时,0,中通
DLV-01518,WO-202408-02597,C009,零跑汽车,2024-08-24 12:00,2024-08-07 23:16,2024-08-10 18:16,0,准时,0,自配送
DLV-01519,WO-202408-02598,C009,零跑汽车,2024-08-12 15:00,2024-08-08 23:39,2024-08-11 00:39,0,准时,0,中通
DLV-01520,WO-202408-02599,C005,本田汽配,2024-08-10 16:00,2024-08-06 12:11,2024-08-09 03:11,0,准时,0,客户自提
DLV-01521,WO-202408-02603,C009,零跑汽车,2024-08-20 09:00,2024-08-06 01:43,2024-08-07 08:43,0,准时,0,中通
DLV-01522,WO-202408-02605,C005,本田汽配,2024-08-15 14:00,2024-08-07 17:59,2024-08-09 15:59,0,准时,0,京东物流
DLV-01523,WO-202408-02606,C005,本田汽配,2024-08-24 15:00,2024-08-07 12:23,2024-08-09 03:23,0,准时,0,中通
DLV-01524,WO-202408-02607,C005,本田汽配,2024-08-20 10:00,2024-08-10 05:01,2024-08-12 23:01,0,准时,0,自配送
DLV-01525,WO-202408-02609,C004,麦格纳,2024-08-21 18:00,2024-08-03 23:36,2024-08-04 09:36,0,准时,0,自配送
DLV-01526,WO-202408-02611,C003,佛吉亚,2024-08-17 12:00,2024-08-03 23:18,2024-08-04 15:18,0,准时,0,自配送
DLV-01527,WO-202408-02616,C001,东风彼欧,2024-08-23 10:00,2024-08-06 12:06,2024-08-07 10:06,0,准时,0,顺丰
DLV-01528,WO-202408-02620,C004,麦格纳,2024-08-15 11:00,2024-08-07 00:53,2024-08-08 05:53,0,准时,0,京东物流
DLV-01529,WO-202408-02621,C007,东风乘用车,2024-08-13 14:00,2024-08-08 23:15,2024-08-10 10:15,0,准时,0,客户自提
DLV-01530,WO-202408-02622,C006,岚图汽车,2024-08-15 18:00,2024-08-06 12:55,2024-08-09 00:55,0,准时,0,中通
DLV-01531,WO-202408-02623,C005,本田汽配,2024-08-17 13:00,2024-08-05 20:00,2024-08-07 02:00,0,准时,0,客户自提
DLV-01532,WO-202408-02624,C007,东风乘用车,2024-08-18 08:00,2024-08-09 01:20,2024-08-10 02:20,0,准时,0,客户自提
DLV-01533,WO-202408-02625,C003,佛吉亚,2024-08-23 10:00,2024-08-10 19:16,2024-08-11 09:16,0,准时,0,中通
DLV-01534,WO-202408-02627,C010,长城精工,2024-08-12 09:00,2024-08-07 01:25,2024-08-08 03:25,0,准时,0,客户自提
DLV-01535,WO-202408-02630,C003,佛吉亚,2024-08-23 15:00,2024-08-05 00:09,2024-08-05 09:09,0,准时,0,自配送
DLV-01536,WO-202408-02631,C003,佛吉亚,2024-08-17 09:00,2024-08-07 08:16,2024-08-08 06:16,0,准时,0,中通
DLV-01537,WO-202408-02635,C009,零跑汽车,2024-08-27 08:00,2024-08-07 19:26,2024-08-09 03:26,0,准时,0,自配送
DLV-01538,WO-202408-02636,C006,岚图汽车,2024-08-11 13:00,2024-08-04 08:12,2024-08-05 07:12,0,准时,0,客户自提
DLV-01539,WO-202408-02637,C009,零跑汽车,2024-08-17 09:00,2024-08-05 09:11,2024-08-07 07:11,0,准时,0,中通
DLV-01540,WO-202408-02642,C008,吉利商用车,2024-08-13 18:00,2024-08-03 11:58,2024-08-05 13:58,0,准时,0,中通
DLV-01541,WO-202408-02643,C012,小鹏汽车,2024-08-15 12:00,2024-08-06 08:38,2024-08-08 12:38,0,准时,0,中通
DLV-01542,WO-202408-02644,C008,吉利商用车,2024-08-16 14:00,2024-08-05 17:49,2024-08-07 03:49,0,准时,0,自配送
DLV-01543,WO-202408-02645,C006,岚图汽车,2024-08-13 09:00,2024-08-02 16:27,2024-08-05 16:27,0,准时,0,顺丰
DLV-01544,WO-202408-02646,C009,零跑汽车,2024-08-20 18:00,2024-08-09 03:04,2024-08-10 04:04,0,准时,0,京东物流
DLV-01545,WO-202408-02647,C005,本田汽配,2024-08-15 09:00,2024-08-04 11:28,2024-08-05 05:28,0,准时,0,中通
DLV-01546,WO-202408-02648,C003,佛吉亚,2024-08-18 08:00,2024-08-03 11:43,2024-08-03 19:43,0,准时,0,客户自提
DLV-01547,WO-202408-02650,C007,东风乘用车,2024-08-20 16:00,2024-08-05 16:21,2024-08-07 14:21,0,准时,0,中通
DLV-01548,WO-202408-02651,C007,东风乘用车,2024-08-20 11:00,2024-08-03 19:30,2024-08-04 04:30,0,准时,0,京东物流
DLV-01549,WO-202408-02652,C011,比亚迪事业群,2024-08-17 10:00,2024-08-04 13:28,2024-08-06 11:28,0,准时,0,自配送
DLV-01550,WO-202408-02653,C010,长城精工,2024-08-13 10:00,2024-08-03 22:20,2024-08-05 17:20,0,准时,0,自配送
DLV-01551,WO-202408-02655,C006,岚图汽车,2024-08-22 14:00,2024-08-05 01:46,2024-08-07 03:46,0,准时,0,顺丰
DLV-01552,WO-202408-02656,C009,零跑汽车,2024-08-25 14:00,2024-08-09 06:42,2024-08-10 21:42,0,准时,0,自配送
DLV-01553,WO-202408-02658,C001,东风彼欧,2024-08-14 09:00,2024-08-05 23:26,2024-08-07 03:26,0,准时,0,客户自提
DLV-01554,WO-202408-02660,C006,岚图汽车,2024-08-16 15:00,2024-08-04 19:40,2024-08-05 08:40,0,准时,0,客户自提
DLV-01555,WO-202408-02661,C006,岚图汽车,2024-08-23 18:00,2024-08-06 08:26,2024-08-08 15:26,0,准时,0,中通
DLV-01556,WO-202408-02662,C002,伟世通,2024-08-24 18:00,2024-08-06 09:45,2024-08-07 14:45,0,准时,0,中通
DLV-01557,WO-202408-02664,C009,零跑汽车,2024-08-21 10:00,2024-08-06 08:51,2024-08-08 12:51,0,准时,0,京东物流
DLV-01558,WO-202408-02665,C001,东风彼欧,2024-08-16 12:00,2024-08-05 00:22,2024-08-07 11:22,0,准时,0,自配送
DLV-01559,WO-202408-02666,C001,东风彼欧,2024-08-18 12:00,2024-08-07 18:00,2024-08-09 06:00,0,准时,0,京东物流
DLV-01560,WO-202408-02668,C011,比亚迪事业群,2024-08-14 14:00,2024-08-04 14:48,2024-08-06 01:48,0,准时,0,自配送
DLV-01561,WO-202408-02672,C005,本田汽配,2024-08-12 14:00,2024-08-08 06:45,2024-08-09 18:45,0,准时,0,自配送
DLV-01562,WO-202408-02674,C010,长城精工,2024-08-16 14:00,2024-08-06 11:14,2024-08-07 06:14,0,准时,0,客户自提
DLV-01563,WO-202408-02675,C001,东风彼欧,2024-08-20 15:00,2024-08-06 17:40,2024-08-07 20:40,0,准时,0,顺丰
DLV-01564,WO-202408-02676,C009,零跑汽车,2024-08-17 15:00,2024-08-04 03:48,2024-08-06 21:48,0,准时,0,中通
DLV-01565,WO-202408-02677,C010,长城精工,2024-08-24 10:00,2024-08-06 23:42,2024-08-09 13:42,0,准时,0,客户自提
DLV-01566,WO-202408-02678,C001,东风彼欧,2024-08-13 10:00,2024-08-04 09:38,2024-08-05 08:38,0,准时,0,京东物流
DLV-01567,WO-202408-02679,C009,零跑汽车,2024-08-17 18:00,2024-08-09 02:49,2024-08-09 15:49,0,准时,0,自配送
DLV-01568,WO-202408-02682,C007,东风乘用车,2024-08-19 09:00,2024-08-06 07:12,2024-08-06 18:12,0,准时,0,客户自提
DLV-01569,WO-202408-02683,C005,本田汽配,2024-08-10 11:00,2024-08-06 04:43,2024-08-07 11:43,0,准时,0,顺丰
DLV-01570,WO-202408-02684,C003,佛吉亚,2024-08-24 12:00,2024-08-07 08:10,2024-08-09 09:10,0,准时,0,京东物流
DLV-01571,WO-202408-02686,C012,小鹏汽车,2024-08-23 08:00,2024-08-07 17:30,2024-08-08 20:30,0,准时,0,自配送
DLV-01572,WO-202408-02688,C011,比亚迪事业群,2024-08-12 16:00,2024-08-07 07:42,2024-08-07 15:42,0,准时,0,京东物流
DLV-01573,WO-202408-02689,C012,小鹏汽车,2024-08-15 18:00,2024-08-09 17:56,2024-08-11 22:56,0,准时,0,京东物流
DLV-01574,WO-202408-02690,C007,东风乘用车,2024-08-16 12:00,2024-08-08 11:37,2024-08-09 17:37,0,准时,0,客户自提
DLV-01575,WO-202408-02691,C009,零跑汽车,2024-08-15 18:00,2024-08-03 01:38,2024-08-04 15:38,0,准时,0,京东物流
DLV-01576,WO-202408-02692,C002,伟世通,2024-08-18 15:00,2024-08-03 18:29,2024-08-05 05:29,0,准时,0,客户自提
DLV-01577,WO-202408-02693,C010,长城精工,2024-08-24 10:00,2024-08-06 22:36,2024-08-09 11:36,0,准时,0,京东物流
DLV-01578,WO-202408-02694,C002,伟世通,2024-08-21 15:00,2024-08-05 04:05,2024-08-06 11:05,0,准时,0,中通
DLV-01579,WO-202408-02696,C006,岚图汽车,2024-08-12 13:00,2024-08-04 20:21,2024-08-07 08:21,0,准时,0,顺丰
DLV-01580,WO-202408-02697,C006,岚图汽车,2024-08-24 18:00,2024-08-07 21:22,2024-08-09 11:22,0,准时,0,顺丰
DLV-01581,WO-202408-02698,C009,零跑汽车,2024-08-19 16:00,2024-08-04 14:25,2024-08-05 13:25,0,准时,0,客户自提
DLV-01582,WO-202408-02699,C002,伟世通,2024-08-13 16:00,2024-08-08 21:45,2024-08-11 18:45,0,准时,0,自配送
DLV-01583,WO-202408-02706,C008,吉利商用车,2024-08-10 15:00,2024-08-06 19:26,2024-08-08 14:26,0,准时,0,客户自提
DLV-01584,WO-202408-02707,C004,麦格纳,2024-08-16 13:00,2024-08-07 11:34,2024-08-08 19:34,0,准时,0,中通
DLV-01585,WO-202408-02708,C006,岚图汽车,2024-08-17 10:00,2024-08-06 07:57,2024-08-08 03:57,0,准时,0,客户自提
DLV-01586,WO-202408-02710,C003,佛吉亚,2024-08-26 16:00,2024-08-08 21:21,2024-08-10 20:21,0,准时,0,中通
DLV-01587,WO-202408-02711,C001,东风彼欧,2024-08-22 13:00,2024-08-05 11:32,2024-08-05 21:32,0,准时,0,自配送
DLV-01588,WO-202408-02712,C004,麦格纳,2024-08-23 09:00,2024-08-08 09:33,2024-08-09 09:33,0,准时,0,顺丰
DLV-01589,WO-202408-02713,C011,比亚迪事业群,2024-08-22 08:00,2024-08-03 22:36,2024-08-05 11:36,0,准时,0,客户自提
DLV-01590,WO-202408-02716,C008,吉利商用车,2024-08-19 12:00,2024-08-08 07:30,2024-08-09 22:30,0,准时,0,京东物流
DLV-01591,WO-202408-02717,C005,本田汽配,2024-08-15 14:00,2024-08-05 06:33,2024-08-05 20:33,0,准时,0,京东物流
DLV-01592,WO-202408-02720,C005,本田汽配,2024-08-18 12:00,2024-08-09 05:02,2024-08-10 08:02,0,准时,0,顺丰
DLV-01593,WO-202408-02721,C009,零跑汽车,2024-08-13 11:00,2024-08-07 18:03,2024-08-08 13:03,0,准时,0,中通
DLV-01594,WO-202408-02722,C012,小鹏汽车,2024-08-22 17:00,2024-08-08 04:27,2024-08-10 02:27,0,准时,0,顺丰
DLV-01595,WO-202408-02725,C009,零跑汽车,2024-08-24 13:00,2024-08-05 14:26,2024-08-05 22:26,0,准时,0,顺丰
DLV-01596,WO-202408-02726,C004,麦格纳,2024-08-24 08:00,2024-08-08 05:12,2024-08-09 22:12,0,准时,0,中通
DLV-01597,WO-202408-02727,C001,东风彼欧,2024-08-14 13:00,2024-08-03 02:13,2024-08-04 07:13,0,准时,0,中通
DLV-01598,WO-202408-02730,C008,吉利商用车,2024-08-15 17:00,2024-08-04 21:34,2024-08-06 10:34,0,准时,0,客户自提
DLV-01599,WO-202408-02733,C005,本田汽配,2024-08-12 16:00,2024-08-07 04:36,2024-08-08 15:36,0,准时,0,中通
DLV-01600,WO-202408-02734,C004,麦格纳,2024-08-12 16:00,2024-08-05 15:56,2024-08-06 11:56,0,准时,0,顺丰
DLV-01601,WO-202408-02735,C003,佛吉亚,2024-08-11 11:00,2024-08-03 00:22,2024-08-05 16:22,0,准时,0,自配送
DLV-01602,WO-202408-02738,C001,东风彼欧,2024-08-12 12:00,2024-08-03 05:22,2024-08-05 09:22,0,准时,0,京东物流
DLV-01603,WO-202408-02739,C001,东风彼欧,2024-08-14 17:00,2024-08-05 10:10,2024-08-06 19:10,0,准时,0,客户自提
DLV-01604,WO-202408-02740,C005,本田汽配,2024-08-21 09:00,2024-08-07 11:26,2024-08-08 12:26,0,准时,0,自配送
DLV-01605,WO-202408-02741,C005,本田汽配,2024-08-20 13:00,2024-08-08 19:14,2024-08-09 15:14,0,准时,0,京东物流
DLV-01606,WO-202408-02745,C011,比亚迪事业群,2024-08-10 14:00,2024-08-05 10:04,2024-08-07 22:04,0,准时,0,自配送
DLV-01607,WO-202408-02746,C002,伟世通,2024-08-24 12:00,2024-08-07 10:18,2024-08-08 03:18,0,准时,0,顺丰
DLV-01608,WO-202408-02749,C009,零跑汽车,2024-08-25 18:00,2024-08-08 23:35,2024-08-09 10:35,0,准时,0,顺丰
DLV-01609,WO-202408-02750,C007,东风乘用车,2024-08-24 17:00,2024-08-08 12:50,2024-08-11 04:50,0,准时,0,自配送
DLV-01610,WO-202408-02751,C009,零跑汽车,2024-08-26 17:00,2024-08-08 12:21,2024-08-10 21:21,0,准时,0,客户自提
DLV-01611,WO-202408-02752,C008,吉利商用车,2024-08-21 12:00,2024-08-04 07:25,2024-08-07 03:25,0,准时,0,中通
DLV-01612,WO-202408-02753,C006,岚图汽车,2024-08-23 14:00,2024-08-07 01:21,2024-08-08 15:21,0,准时,0,中通
DLV-01613,WO-202408-02754,C002,伟世通,2024-08-18 17:00,2024-08-08 01:48,2024-08-09 20:48,0,准时,0,京东物流
DLV-01614,WO-202408-02756,C009,零跑汽车,2024-08-25 17:00,2024-08-11 01:20,2024-08-12 12:20,0,准时,0,中通
DLV-01615,WO-202408-02757,C010,长城精工,2024-08-22 17:00,2024-08-03 17:28,2024-08-04 07:28,0,准时,0,顺丰
DLV-01616,WO-202408-02758,C008,吉利商用车,2024-08-09 13:00,2024-08-05 05:05,2024-08-06 02:05,0,准时,0,客户自提
DLV-01617,WO-202408-02760,C003,佛吉亚,2024-08-21 15:00,2024-08-05 13:00,2024-08-07 16:00,0,准时,0,客户自提
DLV-01618,WO-202408-02761,C006,岚图汽车,2024-08-18 18:00,2024-08-05 21:19,2024-08-06 16:19,0,准时,0,顺丰
DLV-01619,WO-202408-02762,C012,小鹏汽车,2024-08-16 15:00,2024-08-04 00:09,2024-08-06 01:09,0,准时,0,顺丰
DLV-01620,WO-202408-02764,C009,零跑汽车,2024-08-22 18:00,2024-08-06 20:33,2024-08-08 22:33,0,准时,0,京东物流
DLV-01621,WO-202408-02765,C001,东风彼欧,2024-08-10 11:00,2024-08-04 22:39,2024-08-07 00:39,0,准时,0,京东物流
DLV-01622,WO-202408-02766,C002,伟世通,2024-08-14 15:00,2024-08-09 09:37,2024-08-10 00:37,0,准时,0,京东物流
DLV-01623,WO-202408-02767,C001,东风彼欧,2024-08-19 15:00,2024-08-07 13:01,2024-08-10 09:01,0,准时,0,中通
DLV-01624,WO-202408-02769,C009,零跑汽车,2024-08-12 16:00,2024-08-06 08:33,2024-08-09 08:33,0,准时,0,自配送
DLV-01625,WO-202408-02770,C009,零跑汽车,2024-08-20 14:00,2024-08-10 04:38,2024-08-12 09:38,0,准时,0,顺丰
DLV-01626,WO-202408-02772,C001,东风彼欧,2024-08-18 12:00,2024-08-04 20:10,2024-08-05 18:10,0,准时,0,客户自提
DLV-01627,WO-202408-02773,C012,小鹏汽车,2024-08-23 14:00,2024-08-04 20:24,2024-08-07 03:24,0,准时,0,客户自提
DLV-01628,WO-202408-02775,C012,小鹏汽车,2024-08-20 17:00,2024-08-07 19:11,2024-08-09 17:11,0,准时,0,顺丰
DLV-01629,WO-202408-02776,C004,麦格纳,2024-08-23 13:00,2024-08-07 01:22,2024-08-08 04:22,0,准时,0,自配送
DLV-01630,WO-202408-02777,C009,零跑汽车,2024-08-22 13:00,2024-08-05 07:36,2024-08-08 00:36,0,准时,0,京东物流
DLV-01631,WO-202408-02779,C006,岚图汽车,2024-08-15 15:00,2024-08-06 03:51,2024-08-08 18:51,0,准时,0,自配送
DLV-01632,WO-202408-02781,C003,佛吉亚,2024-08-13 14:00,2024-08-04 08:04,2024-08-06 09:04,0,准时,0,客户自提
DLV-01633,WO-202408-02782,C009,零跑汽车,2024-08-23 08:00,2024-08-06 14:12,2024-08-07 10:12,0,准时,0,京东物流
DLV-01634,WO-202408-02784,C006,岚图汽车,2024-08-18 10:00,2024-08-11 15:43,2024-08-12 01:43,0,准时,0,京东物流
DLV-01635,WO-202408-02787,C003,佛吉亚,2024-08-12 16:00,2024-08-07 03:11,2024-08-08 23:11,0,准时,0,客户自提
DLV-01636,WO-202408-02789,C007,东风乘用车,2024-08-22 16:00,2024-08-07 08:02,2024-08-09 19:02,0,准时,0,自配送
DLV-01637,WO-202408-02791,C005,本田汽配,2024-08-23 08:00,2024-08-08 02:22,2024-08-10 07:22,0,准时,0,中通
DLV-01638,WO-202408-02792,C011,比亚迪事业群,2024-08-15 16:00,2024-08-04 06:12,2024-08-04 23:12,0,准时,0,京东物流
DLV-01639,WO-202408-02793,C010,长城精工,2024-08-20 17:00,2024-08-04 21:36,2024-08-07 14:36,0,准时,0,顺丰
DLV-01640,WO-202408-02794,C011,比亚迪事业群,2024-08-19 14:00,2024-08-05 09:17,2024-08-06 13:17,0,准时,0,客户自提
DLV-01641,WO-202408-02795,C004,麦格纳,2024-08-19 18:00,2024-08-08 10:22,2024-08-10 00:22,0,准时,0,顺丰
DLV-01642,WO-202408-02796,C005,本田汽配,2024-08-15 18:00,2024-08-07 04:18,2024-08-08 03:18,0,准时,0,京东物流
DLV-01643,WO-202408-02797,C010,长城精工,2024-08-13 14:00,2024-08-09 18:46,2024-08-10 19:46,0,准时,0,客户自提
DLV-01644,WO-202408-02798,C005,本田汽配,2024-08-24 09:00,2024-08-09 03:22,2024-08-10 21:22,0,准时,0,客户自提
DLV-01645,WO-202408-02799,C011,比亚迪事业群,2024-08-11 08:00,2024-08-05 02:18,2024-08-06 19:18,0,准时,0,京东物流
DLV-01646,WO-202408-02801,C011,比亚迪事业群,2024-08-26 17:00,2024-08-07 23:32,2024-08-08 15:32,0,准时,0,自配送
DLV-01647,WO-202408-02802,C009,零跑汽车,2024-08-20 08:00,2024-08-03 10:48,2024-08-06 04:48,0,准时,0,自配送
DLV-01648,WO-202408-02807,C012,小鹏汽车,2024-08-12 17:00,2024-08-05 08:11,2024-08-06 12:11,0,准时,0,自配送
DLV-01649,WO-202408-02809,C012,小鹏汽车,2024-08-22 15:00,2024-08-08 05:01,2024-08-09 20:01,0,准时,0,自配送
DLV-01650,WO-202408-02810,C006,岚图汽车,2024-08-26 15:00,2024-08-06 17:32,2024-08-09 01:32,0,准时,0,京东物流
DLV-01651,WO-202408-02811,C010,长城精工,2024-08-18 12:00,2024-08-03 02:09,2024-08-04 07:09,0,准时,0,京东物流
DLV-01652,WO-202408-02812,C012,小鹏汽车,2024-08-22 18:00,2024-08-04 21:34,2024-08-05 08:34,0,准时,0,客户自提
DLV-01653,WO-202408-02815,C008,吉利商用车,2024-08-23 16:00,2024-08-10 04:21,2024-08-10 23:21,0,准时,0,顺丰
DLV-01654,WO-202408-02817,C009,零跑汽车,2024-08-13 14:00,2024-08-09 09:50,2024-08-10 06:50,0,准时,0,京东物流
DLV-01655,WO-202408-02819,C002,伟世通,2024-08-22 13:00,2024-08-08 12:06,2024-08-09 00:06,0,准时,0,自配送
DLV-01656,WO-202408-02820,C002,伟世通,2024-08-13 09:00,2024-08-05 13:49,2024-08-06 13:49,0,准时,0,顺丰
DLV-01657,WO-202408-02821,C004,麦格纳,2024-08-12 12:00,2024-08-06 17:30,2024-08-08 22:30,0,准时,0,中通
DLV-01658,WO-202408-02823,C007,东风乘用车,2024-08-19 12:00,2024-08-09 22:36,2024-08-11 11:36,0,准时,0,客户自提
DLV-01659,WO-202408-02824,C008,吉利商用车,2024-08-24 14:00,2024-08-04 16:37,2024-08-05 22:37,0,准时,0,客户自提
DLV-01660,WO-202408-02826,C006,岚图汽车,2024-08-24 14:00,2024-08-06 10:25,2024-08-07 00:25,0,准时,0,客户自提
DLV-01661,WO-202408-02827,C008,吉利商用车,2024-08-17 08:00,2024-08-05 14:40,2024-08-08 07:40,0,准时,0,自配送
DLV-01662,WO-202408-02831,C001,东风彼欧,2024-08-13 15:00,2024-08-07 12:47,2024-08-08 05:47,0,准时,0,顺丰
DLV-01663,WO-202408-02832,C004,麦格纳,2024-08-14 16:00,2024-08-08 16:31,2024-08-09 13:31,0,准时,0,客户自提
DLV-01664,WO-202408-02836,C012,小鹏汽车,2024-08-10 15:00,2024-08-05 14:25,2024-08-06 03:25,0,准时,0,顺丰
DLV-01665,WO-202408-02837,C011,比亚迪事业群,2024-08-18 08:00,2024-08-04 23:54,2024-08-06 20:54,0,准时,0,客户自提
DLV-01666,WO-202408-02839,C004,麦格纳,2024-08-13 10:00,2024-08-02 15:49,2024-08-03 19:49,0,准时,0,京东物流
DLV-01667,WO-202408-02840,C012,小鹏汽车,2024-08-17 16:00,2024-08-04 01:28,2024-08-06 07:28,0,准时,0,京东物流
DLV-01668,WO-202408-02843,C007,东风乘用车,2024-08-24 12:00,2024-08-11 19:34,2024-08-13 02:34,0,准时,0,京东物流
DLV-01669,WO-202408-02844,C006,岚图汽车,2024-08-24 09:00,2024-08-07 15:29,2024-08-09 10:29,0,准时,0,中通
DLV-01670,WO-202408-02846,C009,零跑汽车,2024-08-14 08:00,2024-08-04 20:05,2024-08-06 20:05,0,准时,0,顺丰
DLV-01671,WO-202408-02847,C009,零跑汽车,2024-08-15 17:00,2024-08-08 17:20,2024-08-11 07:20,0,准时,0,自配送
DLV-01672,WO-202408-02848,C007,东风乘用车,2024-08-22 14:00,2024-08-09 14:19,2024-08-10 12:19,0,准时,0,顺丰
DLV-01673,WO-202408-02849,C011,比亚迪事业群,2024-08-25 17:00,2024-08-08 00:28,2024-08-10 17:28,0,准时,0,自配送
DLV-01674,WO-202408-02850,C010,长城精工,2024-08-21 11:00,2024-08-09 19:51,2024-08-10 16:51,0,准时,0,中通
DLV-01675,WO-202408-02851,C011,比亚迪事业群,2024-08-12 16:00,2024-08-07 15:36,2024-08-09 00:36,0,准时,0,客户自提
DLV-01676,WO-202408-02852,C009,零跑汽车,2024-08-11 08:00,2024-08-06 13:20,2024-08-07 21:20,0,准时,0,中通
DLV-01677,WO-202408-02853,C009,零跑汽车,2024-08-16 18:00,2024-08-10 15:07,2024-08-11 05:07,0,准时,0,顺丰
DLV-01678,WO-202408-02854,C005,本田汽配,2024-08-16 14:00,2024-08-08 21:17,2024-08-10 15:17,0,准时,0,顺丰
DLV-01679,WO-202408-02855,C007,东风乘用车,2024-08-22 13:00,2024-08-09 04:46,2024-08-12 02:46,0,准时,0,顺丰
DLV-01680,WO-202409-02857,C002,伟世通,2024-09-16 11:00,2024-09-07 19:20,2024-09-10 12:20,0,准时,0,京东物流
DLV-01681,WO-202409-02858,C006,岚图汽车,2024-09-20 10:00,2024-09-08 10:47,2024-09-09 06:47,0,准时,0,客户自提
DLV-01682,WO-202409-02859,C006,岚图汽车,2024-09-22 14:00,2024-09-06 19:31,2024-09-08 07:31,0,准时,0,中通
DLV-01683,WO-202409-02860,C003,佛吉亚,2024-09-10 15:00,2024-09-04 02:39,2024-09-07 00:39,0,准时,0,客户自提
DLV-01684,WO-202409-02861,C003,佛吉亚,2024-09-20 18:00,2024-09-08 15:35,2024-09-09 09:35,0,准时,0,顺丰
DLV-01685,WO-202409-02862,C005,本田汽配,2024-09-16 12:00,2024-09-08 09:49,2024-09-10 06:49,0,准时,0,顺丰
DLV-01686,WO-202409-02864,C012,小鹏汽车,2024-09-14 14:00,2024-09-06 16:53,2024-09-07 07:53,0,准时,0,京东物流
DLV-01687,WO-202409-02865,C003,佛吉亚,2024-09-18 11:00,2024-09-05 17:57,2024-09-06 20:57,0,准时,0,自配送
DLV-01688,WO-202409-02866,C006,岚图汽车,2024-09-25 08:00,2024-09-07 07:01,2024-09-08 18:01,0,准时,0,京东物流
DLV-01689,WO-202409-02867,C010,长城精工,2024-09-23 10:00,2024-09-07 22:08,2024-09-10 13:08,0,准时,0,中通
DLV-01690,WO-202409-02868,C010,长城精工,2024-09-18 10:00,2024-09-08 03:20,2024-09-09 01:20,0,准时,0,中通
DLV-01691,WO-202409-02869,C008,吉利商用车,2024-09-12 17:00,2024-09-06 11:53,2024-09-08 11:53,0,准时,0,中通
DLV-01692,WO-202409-02870,C004,麦格纳,2024-09-21 10:00,2024-09-09 14:13,2024-09-12 10:13,0,准时,0,顺丰
DLV-01693,WO-202409-02871,C012,小鹏汽车,2024-09-14 11:00,2024-09-08 08:36,2024-09-11 01:36,0,准时,0,中通
DLV-01694,WO-202409-02872,C011,比亚迪事业群,2024-09-21 10:00,2024-09-07 16:46,2024-09-09 20:46,0,准时,0,中通
DLV-01695,WO-202409-02874,C008,吉利商用车,2024-09-23 11:00,2024-09-03 23:30,2024-09-06 17:30,0,准时,0,自配送
DLV-01696,WO-202409-02876,C001,东风彼欧,2024-09-25 15:00,2024-09-07 16:12,2024-09-09 02:12,0,准时,0,客户自提
DLV-01697,WO-202409-02878,C004,麦格纳,2024-09-23 08:00,2024-09-04 21:27,2024-09-07 10:27,0,准时,0,中通
DLV-01698,WO-202409-02879,C010,长城精工,2024-09-19 11:00,2024-09-06 14:36,2024-09-08 10:36,0,准时,0,客户自提
DLV-01699,WO-202409-02881,C011,比亚迪事业群,2024-09-21 12:00,2024-09-07 08:08,2024-09-09 13:08,0,准时,0,顺丰
DLV-01700,WO-202409-02882,C003,佛吉亚,2024-09-13 15:00,2024-09-07 05:55,2024-09-08 18:55,0,准时,0,中通
DLV-01701,WO-202409-02886,C005,本田汽配,2024-09-13 10:00,2024-09-06 17:58,2024-09-09 00:58,0,准时,0,自配送
DLV-01702,WO-202409-02889,C001,东风彼欧,2024-09-14 08:00,2024-09-03 03:28,2024-09-04 18:28,0,准时,0,中通
DLV-01703,WO-202409-02891,C007,东风乘用车,2024-09-08 15:00,2024-09-05 04:34,2024-09-07 22:34,0,准时,0,中通
DLV-01704,WO-202409-02893,C007,东风乘用车,2024-09-24 10:00,2024-09-06 18:18,2024-09-07 07:18,0,准时,0,中通
DLV-01705,WO-202409-02894,C005,本田汽配,2024-09-18 08:00,2024-09-04 12:19,2024-09-06 18:19,0,准时,0,京东物流
DLV-01706,WO-202409-02897,C004,麦格纳,2024-09-17 15:00,2024-09-09 09:20,2024-09-11 22:20,0,准时,0,京东物流
DLV-01707,WO-202409-02899,C010,长城精工,2024-09-22 15:00,2024-09-08 23:07,2024-09-09 19:07,0,准时,0,京东物流
DLV-01708,WO-202409-02900,C011,比亚迪事业群,2024-09-21 09:00,2024-09-06 03:23,2024-09-09 00:23,0,准时,0,客户自提
DLV-01709,WO-202409-02901,C010,长城精工,2024-09-18 17:00,2024-09-08 06:51,2024-09-10 10:51,0,准时,0,客户自提
DLV-01710,WO-202409-02902,C010,长城精工,2024-09-15 18:00,2024-09-03 16:01,2024-09-04 02:01,0,准时,0,中通
DLV-01711,WO-202409-02903,C003,佛吉亚,2024-09-18 16:00,2024-09-07 07:29,2024-09-08 06:29,0,准时,0,京东物流
DLV-01712,WO-202409-02906,C001,东风彼欧,2024-09-21 10:00,2024-09-07 00:27,2024-09-08 17:27,0,准时,0,顺丰
DLV-01713,WO-202409-02907,C002,伟世通,2024-09-16 09:00,2024-09-04 16:09,2024-09-05 00:09,0,准时,0,顺丰
DLV-01714,WO-202409-02908,C009,零跑汽车,2024-09-24 18:00,2024-09-06 09:54,2024-09-06 22:54,0,准时,0,客户自提
DLV-01715,WO-202409-02912,C010,长城精工,2024-09-25 16:00,2024-09-07 00:50,2024-09-07 09:50,0,准时,0,京东物流
DLV-01716,WO-202409-02915,C004,麦格纳,2024-09-09 10:00,2024-09-04 00:58,2024-09-05 18:58,0,准时,0,京东物流
DLV-01717,WO-202409-02917,C001,东风彼欧,2024-09-15 12:00,2024-09-06 09:12,2024-09-07 08:12,0,准时,0,顺丰
DLV-01718,WO-202409-02918,C006,岚图汽车,2024-09-17 08:00,2024-09-07 05:54,2024-09-08 20:54,0,准时,0,京东物流
DLV-01719,WO-202409-02919,C007,东风乘用车,2024-09-15 11:00,2024-09-07 13:13,2024-09-07 22:13,0,准时,0,客户自提
DLV-01720,WO-202409-02920,C001,东风彼欧,2024-09-18 08:00,2024-09-04 05:12,2024-09-06 02:12,0,准时,0,客户自提
DLV-01721,WO-202409-02921,C004,麦格纳,2024-09-17 13:00,2024-09-07 12:31,2024-09-08 08:31,0,准时,0,中通
DLV-01722,WO-202409-02922,C002,伟世通,2024-09-20 15:00,2024-09-07 06:19,2024-09-09 12:19,0,准时,0,自配送
DLV-01723,WO-202409-02924,C006,岚图汽车,2024-09-17 13:00,2024-09-08 00:32,2024-09-08 13:32,0,准时,0,京东物流
DLV-01724,WO-202409-02925,C003,佛吉亚,2024-09-21 16:00,2024-09-05 12:28,2024-09-06 11:28,0,准时,0,客户自提
DLV-01725,WO-202409-02927,C005,本田汽配,2024-09-22 10:00,2024-09-05 13:27,2024-09-08 02:27,0,准时,0,客户自提
DLV-01726,WO-202409-02928,C009,零跑汽车,2024-09-15 14:00,2024-09-10 01:32,2024-09-11 19:32,0,准时,0,京东物流
DLV-01727,WO-202409-02929,C005,本田汽配,2024-09-17 12:00,2024-09-06 13:51,2024-09-09 04:51,0,准时,0,中通
DLV-01728,WO-202409-02930,C002,伟世通,2024-09-17 09:00,2024-09-08 23:16,2024-09-09 07:16,0,准时,0,顺丰
DLV-01729,WO-202409-02932,C006,岚图汽车,2024-09-13 18:00,2024-09-07 01:10,2024-09-10 00:10,0,准时,0,客户自提
DLV-01730,WO-202409-02934,C009,零跑汽车,2024-09-20 14:00,2024-09-05 19:12,2024-09-06 21:12,0,准时,0,京东物流
DLV-01731,WO-202409-02935,C008,吉利商用车,2024-09-23 13:00,2024-09-08 23:01,2024-09-10 18:01,0,准时,0,京东物流
DLV-01732,WO-202409-02937,C011,比亚迪事业群,2024-09-17 12:00,2024-09-04 00:46,2024-09-05 19:46,0,准时,0,中通
DLV-01733,WO-202409-02938,C006,岚图汽车,2024-09-22 17:00,2024-09-05 08:04,2024-09-06 13:04,0,准时,0,京东物流
DLV-01734,WO-202409-02939,C008,吉利商用车,2024-09-24 18:00,2024-09-09 01:49,2024-09-11 13:49,0,准时,0,客户自提
DLV-01735,WO-202409-02940,C010,长城精工,2024-09-20 17:00,2024-09-07 14:18,2024-09-10 14:18,0,准时,0,客户自提
DLV-01736,WO-202409-02946,C008,吉利商用车,2024-09-14 15:00,2024-09-06 10:46,2024-09-09 10:46,0,准时,0,自配送
DLV-01737,WO-202409-02947,C002,伟世通,2024-09-11 10:00,2024-09-06 04:09,2024-09-07 06:09,0,准时,0,自配送
DLV-01738,WO-202409-02950,C010,长城精工,2024-09-23 10:00,2024-09-09 13:30,2024-09-11 15:30,0,准时,0,客户自提
DLV-01739,WO-202409-02951,C002,伟世通,2024-09-20 09:00,2024-09-05 11:40,2024-09-08 05:40,0,准时,0,中通
DLV-01740,WO-202409-02952,C010,长城精工,2024-09-20 09:00,2024-09-04 21:15,2024-09-07 18:15,0,准时,0,顺丰
DLV-01741,WO-202409-02954,C007,东风乘用车,2024-09-13 09:00,2024-09-03 00:33,2024-09-03 08:33,0,准时,0,中通
DLV-01742,WO-202409-02955,C012,小鹏汽车,2024-09-16 09:00,2024-09-05 07:42,2024-09-05 18:42,0,准时,0,自配送
DLV-01743,WO-202409-02957,C006,岚图汽车,2024-09-19 11:00,2024-09-06 21:12,2024-09-07 17:12,0,准时,0,自配送
DLV-01744,WO-202409-02959,C006,岚图汽车,2024-09-13 11:00,2024-09-07 15:04,2024-09-10 01:04,0,准时,0,京东物流
DLV-01745,WO-202409-02960,C009,零跑汽车,2024-09-14 11:00,2024-09-10 02:10,2024-09-11 14:10,0,准时,0,自配送
DLV-01746,WO-202409-02961,C009,零跑汽车,2024-09-10 09:00,2024-09-03 16:20,2024-09-06 12:20,0,准时,0,京东物流
DLV-01747,WO-202409-02962,C008,吉利商用车,2024-09-22 10:00,2024-09-07 18:06,2024-09-10 13:06,0,准时,0,中通
DLV-01748,WO-202409-02963,C003,佛吉亚,2024-09-22 13:00,2024-09-04 02:30,2024-09-05 20:30,0,准时,0,中通
DLV-01749,WO-202409-02964,C012,小鹏汽车,2024-09-11 15:00,2024-09-06 08:18,2024-09-08 09:18,0,准时,0,自配送
DLV-01750,WO-202409-02966,C008,吉利商用车,2024-09-24 10:00,2024-09-07 03:11,2024-09-08 03:11,0,准时,0,顺丰
DLV-01751,WO-202409-02967,C007,东风乘用车,2024-09-15 08:00,2024-09-05 02:06,2024-09-06 10:06,0,准时,0,客户自提
DLV-01752,WO-202409-02969,C011,比亚迪事业群,2024-09-22 11:00,2024-09-08 02:07,2024-09-08 21:07,0,准时,0,客户自提
DLV-01753,WO-202409-02970,C001,东风彼欧,2024-09-13 11:00,2024-09-07 19:18,2024-09-08 14:18,0,准时,0,自配送
DLV-01754,WO-202409-02971,C010,长城精工,2024-09-15 09:00,2024-09-08 01:38,2024-09-10 06:38,0,准时,0,中通
DLV-01755,WO-202409-02972,C006,岚图汽车,2024-09-20 14:00,2024-09-05 19:42,2024-09-08 13:42,0,准时,0,自配送
DLV-01756,WO-202409-02973,C010,长城精工,2024-09-13 12:00,2024-09-04 23:15,2024-09-06 17:15,0,准时,0,中通
DLV-01757,WO-202409-02975,C011,比亚迪事业群,2024-09-11 15:00,2024-09-05 19:15,2024-09-07 08:15,0,准时,0,顺丰
DLV-01758,WO-202409-02977,C007,东风乘用车,2024-09-17 13:00,2024-09-03 16:25,2024-09-05 20:25,0,准时,0,自配送
DLV-01759,WO-202409-02978,C011,比亚迪事业群,2024-09-16 15:00,2024-09-05 07:25,2024-09-07 05:25,0,准时,0,顺丰
DLV-01760,WO-202409-02979,C006,岚图汽车,2024-09-23 13:00,2024-09-09 23:06,2024-09-10 10:06,0,准时,0,自配送
DLV-01761,WO-202409-02980,C002,伟世通,2024-09-15 11:00,2024-09-07 21:48,2024-09-08 22:48,0,准时,0,客户自提
DLV-01762,WO-202409-02982,C008,吉利商用车,2024-09-12 16:00,2024-09-06 08:23,2024-09-08 15:23,0,准时,0,客户自提
DLV-01763,WO-202409-02983,C011,比亚迪事业群,2024-09-12 14:00,2024-09-07 10:19,2024-09-08 21:19,0,准时,0,自配送
DLV-01764,WO-202409-02985,C011,比亚迪事业群,2024-09-19 08:00,2024-09-08 01:15,2024-09-08 16:15,0,准时,0,京东物流
DLV-01765,WO-202409-02986,C003,佛吉亚,2024-09-18 09:00,2024-09-08 12:10,2024-09-10 14:10,0,准时,0,京东物流
DLV-01766,WO-202409-02987,C010,长城精工,2024-09-18 10:00,2024-09-05 16:43,2024-09-07 11:43,0,准时,0,自配送
DLV-01767,WO-202409-02989,C012,小鹏汽车,2024-09-15 14:00,2024-09-08 06:36,2024-09-10 21:36,0,准时,0,京东物流
DLV-01768,WO-202409-02990,C006,岚图汽车,2024-09-25 11:00,2024-09-08 13:06,2024-09-09 07:06,0,准时,0,京东物流
DLV-01769,WO-202409-02992,C002,伟世通,2024-09-19 15:00,2024-09-03 00:20,2024-09-04 20:20,0,准时,0,京东物流
DLV-01770,WO-202409-02993,C009,零跑汽车,2024-09-14 15:00,2024-09-07 04:37,2024-09-08 14:37,0,准时,0,顺丰
DLV-01771,WO-202409-02995,C010,长城精工,2024-09-15 10:00,2024-09-02 13:51,2024-09-04 16:51,0,准时,0,中通
DLV-01772,WO-202409-02999,C004,麦格纳,2024-09-20 12:00,2024-09-09 21:58,2024-09-10 06:58,0,准时,0,客户自提
DLV-01773,WO-202409-03000,C006,岚图汽车,2024-09-10 18:00,2024-09-05 22:10,2024-09-06 16:10,0,准时,0,京东物流
DLV-01774,WO-202409-03002,C003,佛吉亚,2024-09-16 15:00,2024-09-10 13:34,2024-09-12 12:34,0,准时,0,京东物流
DLV-01775,WO-202409-03003,C001,东风彼欧,2024-09-15 15:00,2024-09-07 11:09,2024-09-10 02:09,0,准时,0,自配送
DLV-01776,WO-202409-03004,C011,比亚迪事业群,2024-09-13 18:00,2024-09-10 06:31,2024-09-11 17:31,0,准时,0,中通
DLV-01777,WO-202409-03006,C005,本田汽配,2024-09-10 09:00,2024-09-04 02:44,2024-09-05 06:44,0,准时,0,中通
DLV-01778,WO-202409-03007,C006,岚图汽车,2024-09-15 13:00,2024-09-07 18:33,2024-09-09 14:33,0,准时,0,客户自提
DLV-01779,WO-202409-03009,C006,岚图汽车,2024-09-27 18:00,2024-09-09 10:32,2024-09-11 16:32,0,准时,0,京东物流
DLV-01780,WO-202409-03010,C008,吉利商用车,2024-09-13 09:00,2024-09-09 01:59,2024-09-11 07:59,0,准时,0,客户自提
DLV-01781,WO-202409-03011,C007,东风乘用车,2024-09-25 15:00,2024-09-07 04:49,2024-09-08 02:49,0,准时,0,客户自提
DLV-01782,WO-202409-03013,C009,零跑汽车,2024-09-25 18:00,2024-09-08 23:01,2024-09-10 11:01,0,准时,0,顺丰
DLV-01783,WO-202409-03016,C007,东风乘用车,2024-09-22 16:00,2024-09-07 16:21,2024-09-09 21:21,0,准时,0,京东物流
DLV-01784,WO-202409-03020,C005,本田汽配,2024-09-09 13:00,2024-09-05 12:52,2024-09-07 12:52,0,准时,0,自配送
DLV-01785,WO-202409-03022,C005,本田汽配,2024-09-14 15:00,2024-09-08 16:09,2024-09-09 07:09,0,准时,0,客户自提
DLV-01786,WO-202409-03023,C005,本田汽配,2024-09-22 18:00,2024-09-08 17:37,2024-09-11 12:37,0,准时,0,京东物流
DLV-01787,WO-202409-03026,C003,佛吉亚,2024-09-10 16:00,2024-09-06 16:15,2024-09-07 09:15,0,准时,0,京东物流
DLV-01788,WO-202409-03027,C002,伟世通,2024-09-12 14:00,2024-09-05 21:47,2024-09-06 09:47,0,准时,0,京东物流
DLV-01789,WO-202409-03028,C005,本田汽配,2024-09-24 15:00,2024-09-08 08:07,2024-09-10 15:07,0,准时,0,京东物流
DLV-01790,WO-202409-03030,C010,长城精工,2024-09-23 12:00,2024-09-07 22:31,2024-09-10 17:31,0,准时,0,顺丰
DLV-01791,WO-202409-03032,C008,吉利商用车,2024-09-12 11:00,2024-09-06 00:26,2024-09-08 05:26,0,准时,0,客户自提
DLV-01792,WO-202409-03033,C004,麦格纳,2024-09-16 18:00,2024-09-04 02:18,2024-09-04 18:18,0,准时,0,顺丰
DLV-01793,WO-202409-03035,C011,比亚迪事业群,2024-09-10 18:00,2024-09-05 11:21,2024-09-05 22:21,0,准时,0,客户自提
DLV-01794,WO-202409-03036,C010,长城精工,2024-09-09 12:00,2024-09-04 07:56,2024-09-04 22:56,0,准时,0,顺丰
DLV-01795,WO-202409-03037,C011,比亚迪事业群,2024-09-12 12:00,2024-09-05 08:05,2024-09-07 15:05,0,准时,0,顺丰
DLV-01796,WO-202409-03038,C003,佛吉亚,2024-09-13 08:00,2024-09-05 01:44,2024-09-06 04:44,0,准时,0,客户自提
DLV-01797,WO-202409-03039,C003,佛吉亚,2024-09-20 12:00,2024-09-06 13:00,2024-09-07 17:00,0,准时,0,自配送
DLV-01798,WO-202409-03040,C011,比亚迪事业群,2024-09-12 18:00,2024-09-04 00:28,2024-09-06 04:28,0,准时,0,中通
DLV-01799,WO-202409-03042,C011,比亚迪事业群,2024-09-22 18:00,2024-09-05 11:43,2024-09-06 09:43,0,准时,0,客户自提
DLV-01800,WO-202409-03046,C009,零跑汽车,2024-09-21 16:00,2024-09-06 05:12,2024-09-08 19:12,0,准时,0,京东物流
DLV-01801,WO-202409-03047,C010,长城精工,2024-09-18 09:00,2024-09-04 21:43,2024-09-06 23:43,0,准时,0,中通
DLV-01802,WO-202409-03052,C010,长城精工,2024-09-12 10:00,2024-09-07 11:55,2024-09-09 18:55,0,准时,0,客户自提
DLV-01803,WO-202409-03053,C006,岚图汽车,2024-09-22 10:00,2024-09-06 04:33,2024-09-08 03:33,0,准时,0,京东物流
DLV-01804,WO-202409-03054,C005,本田汽配,2024-09-14 08:00,2024-09-04 08:15,2024-09-07 00:15,0,准时,0,客户自提
DLV-01805,WO-202409-03055,C009,零跑汽车,2024-09-22 17:00,2024-09-05 07:39,2024-09-07 19:39,0,准时,0,中通
DLV-01806,WO-202409-03056,C008,吉利商用车,2024-09-13 09:00,2024-09-08 02:43,2024-09-10 14:43,0,准时,0,客户自提
DLV-01807,WO-202409-03057,C008,吉利商用车,2024-09-14 12:00,2024-09-06 13:27,2024-09-09 11:27,0,准时,0,京东物流
DLV-01808,WO-202409-03059,C003,佛吉亚,2024-09-18 12:00,2024-09-03 22:36,2024-09-04 22:36,0,准时,0,中通
DLV-01809,WO-202409-03060,C010,长城精工,2024-09-12 09:00,2024-09-06 21:57,2024-09-09 01:57,0,准时,0,客户自提
DLV-01810,WO-202409-03062,C003,佛吉亚,2024-09-22 14:00,2024-09-05 21:25,2024-09-08 11:25,0,准时,0,中通
DLV-01811,WO-202409-03064,C001,东风彼欧,2024-09-24 16:00,2024-09-06 23:21,2024-09-09 23:21,0,准时,0,京东物流
DLV-01812,WO-202409-03065,C009,零跑汽车,2024-09-19 10:00,2024-09-04 07:55,2024-09-05 18:55,0,准时,0,自配送
DLV-01813,WO-202409-03066,C008,吉利商用车,2024-09-22 17:00,2024-09-07 05:00,2024-09-09 20:00,0,准时,0,自配送
DLV-01814,WO-202409-03067,C012,小鹏汽车,2024-09-17 17:00,2024-09-06 13:33,2024-09-06 23:33,0,准时,0,顺丰
DLV-01815,WO-202409-03068,C012,小鹏汽车,2024-09-15 14:00,2024-09-08 02:34,2024-09-09 21:34,0,准时,0,自配送
DLV-01816,WO-202409-03069,C010,长城精工,2024-09-24 08:00,2024-09-08 02:44,2024-09-10 16:44,0,准时,0,自配送
DLV-01817,WO-202409-03070,C008,吉利商用车,2024-09-24 18:00,2024-09-06 06:16,2024-09-08 21:16,0,准时,0,自配送
DLV-01818,WO-202409-03072,C002,伟世通,2024-09-19 15:00,2024-09-07 19:33,2024-09-08 13:33,0,准时,0,中通
DLV-01819,WO-202409-03073,C003,佛吉亚,2024-09-22 14:00,2024-09-07 15:37,2024-09-09 08:37,0,准时,0,客户自提
DLV-01820,WO-202409-03074,C002,伟世通,2024-09-20 11:00,2024-09-05 23:23,2024-09-07 16:23,0,准时,0,中通
DLV-01821,WO-202409-03076,C002,伟世通,2024-09-14 14:00,2024-09-08 15:30,2024-09-09 06:30,0,准时,0,中通
DLV-01822,WO-202409-03077,C007,东风乘用车,2024-09-13 13:00,2024-09-09 08:48,2024-09-10 16:48,0,准时,0,京东物流
DLV-01823,WO-202409-03078,C012,小鹏汽车,2024-09-14 15:00,2024-09-05 23:28,2024-09-07 16:28,0,准时,0,自配送
DLV-01824,WO-202409-03079,C001,东风彼欧,2024-09-16 14:00,2024-09-07 11:12,2024-09-07 23:12,0,准时,0,中通
DLV-01825,WO-202409-03080,C007,东风乘用车,2024-09-21 10:00,2024-09-05 13:51,2024-09-08 05:51,0,准时,0,客户自提
DLV-01826,WO-202409-03081,C009,零跑汽车,2024-09-12 15:00,2024-09-03 15:55,2024-09-04 10:55,0,准时,0,中通
DLV-01827,WO-202409-03082,C004,麦格纳,2024-09-14 12:00,2024-09-06 06:31,2024-09-07 12:31,0,准时,0,自配送
DLV-01828,WO-202409-03084,C009,零跑汽车,2024-09-11 18:00,2024-09-06 17:19,2024-09-09 13:19,0,准时,0,自配送
DLV-01829,WO-202409-03085,C008,吉利商用车,2024-09-16 10:00,2024-09-05 05:43,2024-09-06 04:43,0,准时,0,客户自提
DLV-01830,WO-202409-03088,C001,东风彼欧,2024-09-20 09:00,2024-09-04 20:04,2024-09-05 06:04,0,准时,0,自配送
DLV-01831,WO-202409-03089,C005,本田汽配,2024-09-15 17:00,2024-09-06 05:21,2024-09-07 18:21,0,准时,0,中通
DLV-01832,WO-202409-03090,C010,长城精工,2024-09-18 16:00,2024-09-04 09:16,2024-09-04 19:16,0,准时,0,京东物流
DLV-01833,WO-202409-03091,C005,本田汽配,2024-09-24 13:00,2024-09-04 21:33,2024-09-06 23:33,0,准时,0,自配送
DLV-01834,WO-202409-03096,C007,东风乘用车,2024-09-19 18:00,2024-09-04 09:17,2024-09-04 17:17,0,准时,0,顺丰
DLV-01835,WO-202409-03097,C005,本田汽配,2024-09-19 08:00,2024-09-08 14:29,2024-09-09 12:29,0,准时,0,中通
DLV-01836,WO-202409-03098,C007,东风乘用车,2024-09-24 15:00,2024-09-08 14:40,2024-09-11 13:40,0,准时,0,顺丰
DLV-01837,WO-202409-03100,C008,吉利商用车,2024-09-18 10:00,2024-09-06 02:12,2024-09-07 07:12,0,准时,0,中通
DLV-01838,WO-202409-03101,C003,佛吉亚,2024-09-11 16:00,2024-09-03 15:09,2024-09-05 10:09,0,准时,0,自配送
DLV-01839,WO-202409-03102,C002,伟世通,2024-09-16 12:00,2024-09-05 00:41,2024-09-06 22:41,0,准时,0,自配送
DLV-01840,WO-202409-03104,C012,小鹏汽车,2024-09-22 12:00,2024-09-04 16:10,2024-09-05 00:10,0,准时,0,京东物流
DLV-01841,WO-202409-03105,C010,长城精工,2024-09-17 18:00,2024-09-04 06:33,2024-09-06 02:33,0,准时,0,客户自提
DLV-01842,WO-202409-03108,C003,佛吉亚,2024-09-18 13:00,2024-09-04 10:01,2024-09-06 12:01,0,准时,0,自配送
DLV-01843,WO-202409-03109,C011,比亚迪事业群,2024-09-19 08:00,2024-09-03 23:11,2024-09-05 16:11,0,准时,0,自配送
DLV-01844,WO-202409-03110,C003,佛吉亚,2024-09-23 08:00,2024-09-09 12:36,2024-09-10 15:36,0,准时,0,京东物流
DLV-01845,WO-202409-03111,C009,零跑汽车,2024-09-10 11:00,2024-09-04 11:56,2024-09-06 10:56,0,准时,0,自配送
DLV-01846,WO-202409-03112,C008,吉利商用车,2024-09-26 10:00,2024-09-09 00:03,2024-09-10 21:03,0,准时,0,京东物流
DLV-01847,WO-202409-03113,C003,佛吉亚,2024-09-16 14:00,2024-09-04 21:11,2024-09-06 18:11,0,准时,0,自配送
DLV-01848,WO-202409-03114,C010,长城精工,2024-09-10 09:00,2024-09-05 14:51,2024-09-07 21:51,0,准时,0,顺丰
DLV-01849,WO-202409-03115,C006,岚图汽车,2024-09-22 16:00,2024-09-07 03:30,2024-09-07 18:30,0,准时,0,自配送
DLV-01850,WO-202409-03116,C011,比亚迪事业群,2024-09-19 15:00,2024-09-04 16:28,2024-09-06 21:28,0,准时,0,京东物流
DLV-01851,WO-202409-03117,C011,比亚迪事业群,2024-09-08 12:00,2024-09-04 14:42,2024-09-07 09:42,0,准时,0,京东物流
DLV-01852,WO-202409-03119,C004,麦格纳,2024-09-18 18:00,2024-09-06 19:30,2024-09-08 09:30,0,准时,0,京东物流
DLV-01853,WO-202409-03120,C004,麦格纳,2024-09-13 09:00,2024-09-05 12:20,2024-09-08 04:20,0,准时,0,中通
DLV-01854,WO-202409-03121,C007,东风乘用车,2024-09-14 09:00,2024-09-05 14:00,2024-09-07 02:00,0,准时,0,京东物流
DLV-01855,WO-202409-03123,C001,东风彼欧,2024-09-13 16:00,2024-09-08 14:03,2024-09-09 04:03,0,准时,0,京东物流
DLV-01856,WO-202409-03125,C003,佛吉亚,2024-09-14 08:00,2024-09-07 21:57,2024-09-08 07:57,0,准时,0,京东物流
DLV-01857,WO-202409-03130,C011,比亚迪事业群,2024-09-23 11:00,2024-09-05 15:25,2024-09-08 15:25,0,准时,0,自配送
DLV-01858,WO-202409-03133,C010,长城精工,2024-09-25 18:00,2024-09-10 08:30,2024-09-11 16:30,0,准时,0,中通
DLV-01859,WO-202409-03136,C004,麦格纳,2024-09-18 08:00,2024-09-05 12:45,2024-09-07 22:45,0,准时,0,自配送
DLV-01860,WO-202409-03137,C007,东风乘用车,2024-09-16 13:00,2024-09-06 17:09,2024-09-09 00:09,0,准时,0,京东物流
DLV-01861,WO-202409-03138,C011,比亚迪事业群,2024-09-19 14:00,2024-09-05 18:46,2024-09-06 15:46,0,准时,0,客户自提
DLV-01862,WO-202409-03141,C008,吉利商用车,2024-09-11 12:00,2024-09-07 14:30,2024-09-08 00:30,0,准时,0,自配送
DLV-01863,WO-202409-03142,C008,吉利商用车,2024-09-20 10:00,2024-09-04 08:04,2024-09-05 13:04,0,准时,0,中通
DLV-01864,WO-202409-03143,C005,本田汽配,2024-09-15 14:00,2024-09-03 05:39,2024-09-05 04:39,0,准时,0,京东物流
DLV-01865,WO-202409-03144,C010,长城精工,2024-09-12 13:00,2024-09-05 16:12,2024-09-07 08:12,0,准时,0,顺丰
DLV-01866,WO-202409-03145,C002,伟世通,2024-09-22 08:00,2024-09-07 15:22,2024-09-09 01:22,0,准时,0,自配送
DLV-01867,WO-202409-03147,C012,小鹏汽车,2024-09-18 09:00,2024-09-08 17:00,2024-09-10 14:00,0,准时,0,中通
DLV-01868,WO-202409-03149,C003,佛吉亚,2024-09-18 09:00,2024-09-03 22:44,2024-09-06 22:44,0,准时,0,京东物流
DLV-01869,WO-202409-03151,C012,小鹏汽车,2024-09-19 14:00,2024-09-03 06:46,2024-09-04 04:46,0,准时,0,自配送
DLV-01870,WO-202409-03152,C010,长城精工,2024-09-14 14:00,2024-09-06 07:55,2024-09-09 02:55,0,准时,0,中通
DLV-01871,WO-202409-03154,C012,小鹏汽车,2024-09-10 17:00,2024-09-06 17:27,2024-09-07 21:27,0,准时,0,客户自提
DLV-01872,WO-202409-03157,C003,佛吉亚,2024-09-14 09:00,2024-09-06 16:26,2024-09-08 15:26,0,准时,0,中通
DLV-01873,WO-202409-03158,C011,比亚迪事业群,2024-09-09 10:00,2024-09-05 19:47,2024-09-08 15:47,0,准时,0,顺丰
DLV-01874,WO-202409-03159,C002,伟世通,2024-09-14 16:00,2024-09-05 20:33,2024-09-08 18:33,0,准时,0,自配送
DLV-01875,WO-202409-03160,C010,长城精工,2024-09-16 15:00,2024-09-04 16:37,2024-09-07 06:37,0,准时,0,客户自提
DLV-01876,WO-202409-03161,C012,小鹏汽车,2024-09-18 12:00,2024-09-07 16:06,2024-09-10 06:06,0,准时,0,顺丰
DLV-01877,WO-202409-03162,C002,伟世通,2024-09-17 12:00,2024-09-04 13:45,2024-09-06 20:45,0,准时,0,自配送
DLV-01878,WO-202409-03164,C009,零跑汽车,2024-09-19 17:00,2024-09-07 01:22,2024-09-09 16:22,0,准时,0,顺丰
DLV-01879,WO-202409-03165,C006,岚图汽车,2024-09-22 13:00,2024-09-07 15:52,2024-09-09 16:52,0,准时,0,客户自提
DLV-01880,WO-202409-03168,C005,本田汽配,2024-09-15 14:00,2024-09-05 10:17,2024-09-06 09:17,0,准时,0,京东物流
DLV-01881,WO-202409-03169,C001,东风彼欧,2024-09-13 18:00,2024-09-05 03:48,2024-09-07 19:48,0,准时,0,客户自提
DLV-01882,WO-202409-03170,C003,佛吉亚,2024-09-12 12:00,2024-09-04 06:17,2024-09-05 14:17,0,准时,0,中通
DLV-01883,WO-202409-03173,C002,伟世通,2024-09-21 08:00,2024-09-09 06:33,2024-09-10 20:33,0,准时,0,顺丰
DLV-01884,WO-202409-03174,C012,小鹏汽车,2024-09-14 16:00,2024-09-03 10:04,2024-09-04 17:04,0,准时,0,客户自提
DLV-01885,WO-202409-03178,C005,本田汽配,2024-09-13 12:00,2024-09-06 02:27,2024-09-08 15:27,0,准时,0,客户自提
DLV-01886,WO-202409-03180,C006,岚图汽车,2024-09-10 17:00,2024-09-04 00:08,2024-09-05 17:08,0,准时,0,自配送
DLV-01887,WO-202409-03181,C001,东风彼欧,2024-09-21 09:00,2024-09-06 02:01,2024-09-07 21:01,0,准时,0,顺丰
DLV-01888,WO-202409-03182,C009,零跑汽车,2024-09-13 16:00,2024-09-03 23:30,2024-09-06 22:30,0,准时,0,京东物流
DLV-01889,WO-202409-03183,C004,麦格纳,2024-09-18 15:00,2024-09-09 01:33,2024-09-09 16:33,0,准时,0,自配送
DLV-01890,WO-202409-03185,C004,麦格纳,2024-09-21 11:00,2024-09-05 10:27,2024-09-07 08:27,0,准时,0,中通
DLV-01891,WO-202409-03189,C002,伟世通,2024-09-21 11:00,2024-09-07 03:04,2024-09-07 22:04,0,准时,0,中通
DLV-01892,WO-202409-03190,C004,麦格纳,2024-09-16 18:00,2024-09-07 20:57,2024-09-08 18:57,0,准时,0,客户自提
DLV-01893,WO-202409-03191,C004,麦格纳,2024-09-21 16:00,2024-09-05 14:09,2024-09-07 05:09,0,准时,0,京东物流
DLV-01894,WO-202409-03192,C003,佛吉亚,2024-09-26 14:00,2024-09-09 09:49,2024-09-10 22:49,0,准时,0,客户自提
DLV-01895,WO-202409-03193,C012,小鹏汽车,2024-09-22 13:00,2024-09-07 16:34,2024-09-09 23:34,0,准时,0,京东物流
DLV-01896,WO-202409-03194,C008,吉利商用车,2024-09-15 17:00,2024-09-07 13:46,2024-09-08 11:46,0,准时,0,客户自提
DLV-01897,WO-202409-03197,C009,零跑汽车,2024-09-20 13:00,2024-09-10 08:44,2024-09-13 06:44,0,准时,0,京东物流
DLV-01898,WO-202409-03198,C006,岚图汽车,2024-09-22 13:00,2024-09-05 17:28,2024-09-07 14:28,0,准时,0,京东物流
DLV-01899,WO-202409-03199,C004,麦格纳,2024-09-22 18:00,2024-09-05 00:20,2024-09-06 20:20,0,准时,0,京东物流
DLV-01900,WO-202409-03203,C007,东风乘用车,2024-09-16 17:00,2024-09-08 10:19,2024-09-10 03:19,0,准时,0,客户自提
DLV-01901,WO-202409-03205,C004,麦格纳,2024-09-21 08:00,2024-09-06 11:28,2024-09-07 14:28,0,准时,0,客户自提
DLV-01902,WO-202409-03208,C012,小鹏汽车,2024-09-16 11:00,2024-09-06 01:09,2024-09-06 10:09,0,准时,0,客户自提
DLV-01903,WO-202409-03210,C006,岚图汽车,2024-09-23 14:00,2024-09-05 18:03,2024-09-06 16:03,0,准时,0,顺丰
DLV-01904,WO-202409-03211,C007,东风乘用车,2024-09-21 13:00,2024-09-05 22:33,2024-09-06 07:33,0,准时,0,客户自提
DLV-01905,WO-202409-03213,C008,吉利商用车,2024-09-14 11:00,2024-09-07 23:36,2024-09-09 19:36,0,准时,0,京东物流
DLV-01906,WO-202409-03214,C005,本田汽配,2024-09-27 14:00,2024-09-10 12:37,2024-09-11 16:37,0,准时,0,中通
DLV-01907,WO-202409-03215,C005,本田汽配,2024-09-26 18:00,2024-09-11 08:46,2024-09-12 10:46,0,准时,0,自配送
DLV-01908,WO-202409-03219,C012,小鹏汽车,2024-09-22 16:00,2024-09-07 11:45,2024-09-08 00:45,0,准时,0,客户自提
DLV-01909,WO-202409-03220,C011,比亚迪事业群,2024-09-18 08:00,2024-09-07 15:04,2024-09-09 06:04,0,准时,0,客户自提
DLV-01910,WO-202409-03222,C001,东风彼欧,2024-09-18 10:00,2024-09-07 01:14,2024-09-08 07:14,0,准时,0,顺丰
DLV-01911,WO-202409-03224,C012,小鹏汽车,2024-09-24 12:00,2024-09-07 04:15,2024-09-08 16:15,0,准时,0,中通
DLV-01912,WO-202409-03225,C001,东风彼欧,2024-09-21 16:00,2024-09-03 04:04,2024-09-03 17:04,0,准时,0,客户自提
DLV-01913,WO-202409-03226,C001,东风彼欧,2024-09-27 14:00,2024-09-08 19:32,2024-09-09 17:32,0,准时,0,京东物流
DLV-01914,WO-202409-03227,C010,长城精工,2024-09-11 13:00,2024-09-08 04:05,2024-09-10 02:05,0,准时,0,京东物流
DLV-01915,WO-202409-03229,C007,东风乘用车,2024-09-20 14:00,2024-09-04 21:46,2024-09-06 04:46,0,准时,0,自配送
DLV-01916,WO-202409-03230,C001,东风彼欧,2024-09-21 12:00,2024-09-07 19:21,2024-09-10 16:21,0,准时,0,自配送
DLV-01917,WO-202409-03231,C007,东风乘用车,2024-09-13 16:00,2024-09-05 20:42,2024-09-08 13:42,0,准时,0,京东物流
DLV-01918,WO-202409-03232,C007,东风乘用车,2024-09-15 09:00,2024-09-04 00:47,2024-09-06 01:47,0,准时,0,客户自提
DLV-01919,WO-202409-03235,C005,本田汽配,2024-09-14 10:00,2024-09-03 16:40,2024-09-04 12:40,0,准时,0,自配送
DLV-01920,WO-202409-03236,C001,东风彼欧,2024-09-10 17:00,2024-09-03 00:33,2024-09-04 19:33,0,准时,0,顺丰
DLV-01921,WO-202409-03237,C010,长城精工,2024-09-19 18:00,2024-09-09 18:45,2024-09-10 13:45,0,准时,0,顺丰
DLV-01922,WO-202409-03238,C002,伟世通,2024-09-14 09:00,2024-09-03 21:56,2024-09-06 12:56,0,准时,0,自配送
DLV-01923,WO-202409-03240,C007,东风乘用车,2024-09-15 15:00,2024-09-06 03:36,2024-09-06 13:36,0,准时,0,客户自提
DLV-01924,WO-202409-03248,C010,长城精工,2024-09-16 08:00,2024-09-03 19:21,2024-09-06 00:21,0,准时,0,客户自提
DLV-01925,WO-202409-03249,C007,东风乘用车,2024-09-18 15:00,2024-09-09 03:33,2024-09-09 15:33,0,准时,0,客户自提
DLV-01926,WO-202409-03250,C012,小鹏汽车,2024-09-19 09:00,2024-09-09 09:34,2024-09-12 06:34,0,准时,0,自配送
DLV-01927,WO-202409-03252,C008,吉利商用车,2024-09-26 13:00,2024-09-10 12:09,2024-09-12 07:09,0,准时,0,自配送
DLV-01928,WO-202409-03253,C009,零跑汽车,2024-09-22 08:00,2024-09-07 05:54,2024-09-08 04:54,0,准时,0,顺丰
DLV-01929,WO-202409-03254,C002,伟世通,2024-09-13 08:00,2024-09-05 19:42,2024-09-07 14:42,0,准时,0,客户自提
DLV-01930,WO-202409-03256,C003,佛吉亚,2024-09-14 12:00,2024-09-10 00:04,2024-09-10 11:04,0,准时,0,顺丰
DLV-01931,WO-202409-03258,C009,零跑汽车,2024-09-25 11:00,2024-09-08 02:23,2024-09-09 10:23,0,准时,0,京东物流
DLV-01932,WO-202409-03260,C004,麦格纳,2024-09-21 12:00,2024-09-06 00:08,2024-09-06 10:08,0,准时,0,京东物流
DLV-01933,WO-202409-03261,C001,东风彼欧,2024-09-19 17:00,2024-09-07 08:36,2024-09-10 05:36,0,准时,0,客户自提
DLV-01934,WO-202410-03264,C008,吉利商用车,2024-10-15 11:00,2024-10-10 01:47,2024-10-12 11:47,0,准时,0,京东物流
DLV-01935,WO-202410-03266,C006,岚图汽车,2024-10-16 16:00,2024-10-08 02:25,2024-10-10 18:25,0,准时,0,客户自提
DLV-01936,WO-202410-03267,C005,本田汽配,2024-10-20 08:00,2024-10-09 00:40,2024-10-10 23:40,0,准时,0,自配送
DLV-01937,WO-202410-03269,C008,吉利商用车,2024-10-18 11:00,2024-10-03 10:58,2024-10-06 09:58,0,准时,0,中通
DLV-01938,WO-202410-03270,C003,佛吉亚,2024-10-18 10:00,2024-10-05 08:00,2024-10-05 20:00,0,准时,0,中通
DLV-01939,WO-202410-03271,C007,东风乘用车,2024-10-15 16:00,2024-10-06 08:40,2024-10-07 22:40,0,准时,0,自配送
DLV-01940,WO-202410-03272,C012,小鹏汽车,2024-10-23 14:00,2024-10-09 15:22,2024-10-12 14:22,0,准时,0,京东物流
DLV-01941,WO-202410-03276,C002,伟世通,2024-10-21 17:00,2024-10-06 04:18,2024-10-07 01:18,0,准时,0,京东物流
DLV-01942,WO-202410-03277,C011,比亚迪事业群,2024-10-26 10:00,2024-10-07 17:36,2024-10-09 04:36,0,准时,0,顺丰
DLV-01943,WO-202410-03278,C003,佛吉亚,2024-10-25 16:00,2024-10-07 07:13,2024-10-09 16:13,0,准时,0,自配送
DLV-01944,WO-202410-03279,C006,岚图汽车,2024-10-09 13:00,2024-10-03 19:49,2024-10-04 04:49,0,准时,0,自配送
DLV-01945,WO-202410-03280,C001,东风彼欧,2024-10-13 14:00,2024-10-03 11:07,2024-10-04 10:07,0,准时,0,客户自提
DLV-01946,WO-202410-03281,C012,小鹏汽车,2024-10-27 12:00,2024-10-08 05:07,2024-10-08 22:07,0,准时,0,中通
DLV-01947,WO-202410-03282,C011,比亚迪事业群,2024-10-24 13:00,2024-10-07 04:04,2024-10-07 18:04,0,准时,0,自配送
DLV-01948,WO-202410-03283,C002,伟世通,2024-10-17 11:00,2024-10-07 19:21,2024-10-09 12:21,0,准时,0,京东物流
DLV-01949,WO-202410-03284,C010,长城精工,2024-10-09 18:00,2024-10-04 17:50,2024-10-05 21:50,0,准时,0,自配送
DLV-01950,WO-202410-03285,C002,伟世通,2024-10-12 12:00,2024-10-03 17:33,2024-10-06 02:33,0,准时,0,客户自提
DLV-01951,WO-202410-03289,C007,东风乘用车,2024-10-20 08:00,2024-10-07 06:49,2024-10-08 01:49,0,准时,0,自配送
DLV-01952,WO-202410-03292,C005,本田汽配,2024-10-17 15:00,2024-10-09 09:51,2024-10-11 00:51,0,准时,0,中通
DLV-01953,WO-202410-03294,C012,小鹏汽车,2024-10-14 11:00,2024-10-08 16:18,2024-10-10 04:18,0,准时,0,京东物流
DLV-01954,WO-202410-03295,C007,东风乘用车,2024-10-14 11:00,2024-10-03 13:08,2024-10-06 04:08,0,准时,0,客户自提
DLV-01955,WO-202410-03299,C002,伟世通,2024-10-21 15:00,2024-10-06 00:38,2024-10-08 19:38,0,准时,0,客户自提
DLV-01956,WO-202410-03300,C011,比亚迪事业群,2024-10-15 14:00,2024-10-06 07:08,2024-10-07 12:08,0,准时,0,客户自提
DLV-01957,WO-202410-03301,C011,比亚迪事业群,2024-10-19 18:00,2024-10-08 00:43,2024-10-08 20:43,0,准时,0,自配送
DLV-01958,WO-202410-03303,C006,岚图汽车,2024-10-19 14:00,2024-10-05 23:57,2024-10-06 08:57,0,准时,0,客户自提
DLV-01959,WO-202410-03305,C001,东风彼欧,2024-10-17 11:00,2024-10-04 18:33,2024-10-05 13:33,0,准时,0,自配送
DLV-01960,WO-202410-03306,C009,零跑汽车,2024-10-19 12:00,2024-10-04 23:30,2024-10-06 10:30,0,准时,0,顺丰
DLV-01961,WO-202410-03308,C004,麦格纳,2024-10-20 08:00,2024-10-04 17:12,2024-10-05 04:12,0,准时,0,中通
DLV-01962,WO-202410-03309,C003,佛吉亚,2024-10-12 11:00,2024-10-04 17:06,2024-10-05 18:06,0,准时,0,京东物流
DLV-01963,WO-202410-03313,C009,零跑汽车,2024-10-13 11:00,2024-10-08 15:19,2024-10-09 18:19,0,准时,0,自配送
DLV-01964,WO-202410-03314,C010,长城精工,2024-10-21 12:00,2024-10-07 09:27,2024-10-10 04:27,0,准时,0,顺丰
DLV-01965,WO-202410-03315,C005,本田汽配,2024-10-23 10:00,2024-10-08 16:12,2024-10-09 09:12,0,准时,0,自配送
DLV-01966,WO-202410-03317,C009,零跑汽车,2024-10-25 18:00,2024-10-10 12:13,2024-10-11 17:13,0,准时,0,中通
DLV-01967,WO-202410-03319,C007,东风乘用车,2024-10-16 18:00,2024-10-06 13:31,2024-10-08 00:31,0,准时,0,自配送
DLV-01968,WO-202410-03320,C011,比亚迪事业群,2024-10-09 17:00,2024-10-03 21:46,2024-10-06 17:46,0,准时,0,客户自提
DLV-01969,WO-202410-03321,C011,比亚迪事业群,2024-10-20 10:00,2024-10-09 07:24,2024-10-10 15:24,0,准时,0,京东物流
DLV-01970,WO-202410-03322,C007,东风乘用车,2024-10-13 11:00,2024-10-04 20:39,2024-10-06 05:39,0,准时,0,客户自提
DLV-01971,WO-202410-03323,C011,比亚迪事业群,2024-10-22 16:00,2024-10-06 19:31,2024-10-08 16:31,0,准时,0,中通
DLV-01972,WO-202410-03324,C001,东风彼欧,2024-10-18 14:00,2024-10-08 15:24,2024-10-09 15:24,0,准时,0,顺丰
DLV-01973,WO-202410-03326,C005,本田汽配,2024-10-18 11:00,2024-10-10 09:04,2024-10-11 22:04,0,准时,0,京东物流
DLV-01974,WO-202410-03329,C006,岚图汽车,2024-10-21 16:00,2024-10-08 14:40,2024-10-10 11:40,0,准时,0,客户自提
DLV-01975,WO-202410-03331,C001,东风彼欧,2024-10-20 18:00,2024-10-04 05:48,2024-10-06 12:48,0,准时,0,客户自提
DLV-01976,WO-202410-03332,C011,比亚迪事业群,2024-10-11 09:00,2024-10-04 02:48,2024-10-05 09:48,0,准时,0,中通
DLV-01977,WO-202410-03333,C004,麦格纳,2024-10-15 12:00,2024-10-07 20:12,2024-10-10 00:12,0,准时,0,自配送
DLV-01978,WO-202410-03335,C001,东风彼欧,2024-10-20 10:00,2024-10-05 22:28,2024-10-06 21:28,0,准时,0,顺丰
DLV-01979,WO-202410-03336,C010,长城精工,2024-10-27 14:00,2024-10-08 01:57,2024-10-10 09:57,0,准时,0,顺丰
DLV-01980,WO-202410-03337,C011,比亚迪事业群,2024-10-21 16:00,2024-10-03 16:50,2024-10-05 19:50,0,准时,0,顺丰
DLV-01981,WO-202410-03339,C006,岚图汽车,2024-10-17 11:00,2024-10-05 03:58,2024-10-07 02:58,0,准时,0,自配送
DLV-01982,WO-202410-03340,C002,伟世通,2024-10-08 16:00,2024-10-02 18:16,2024-10-03 13:16,0,准时,0,京东物流
DLV-01983,WO-202410-03343,C008,吉利商用车,2024-10-21 16:00,2024-10-07 17:20,2024-10-10 15:20,0,准时,0,自配送
DLV-01984,WO-202410-03345,C009,零跑汽车,2024-10-15 14:00,2024-10-07 15:00,2024-10-09 01:00,0,准时,0,中通
DLV-01985,WO-202410-03348,C012,小鹏汽车,2024-10-15 08:00,2024-10-04 18:42,2024-10-05 11:42,0,准时,0,自配送
DLV-01986,WO-202410-03349,C005,本田汽配,2024-10-20 13:00,2024-10-05 11:44,2024-10-06 18:44,0,准时,0,顺丰
DLV-01987,WO-202410-03350,C003,佛吉亚,2024-10-13 12:00,2024-10-08 07:51,2024-10-09 18:51,0,准时,0,客户自提
DLV-01988,WO-202410-03351,C011,比亚迪事业群,2024-10-24 08:00,2024-10-08 16:04,2024-10-10 20:04,0,准时,0,京东物流
DLV-01989,WO-202410-03354,C007,东风乘用车,2024-10-22 14:00,2024-10-06 08:34,2024-10-09 07:34,0,准时,0,中通
DLV-01990,WO-202410-03355,C002,伟世通,2024-10-12 18:00,2024-10-06 13:39,2024-10-07 18:39,0,准时,0,自配送
DLV-01991,WO-202410-03359,C012,小鹏汽车,2024-10-24 17:00,2024-10-06 08:03,2024-10-07 23:03,0,准时,0,顺丰
DLV-01992,WO-202410-03361,C008,吉利商用车,2024-10-12 17:00,2024-10-05 22:18,2024-10-07 01:18,0,准时,0,中通
DLV-01993,WO-202410-03362,C002,伟世通,2024-10-18 11:00,2024-10-04 07:43,2024-10-07 07:43,0,准时,0,中通
DLV-01994,WO-202410-03363,C009,零跑汽车,2024-10-20 14:00,2024-10-06 11:30,2024-10-08 16:30,0,准时,0,客户自提
DLV-01995,WO-202410-03366,C008,吉利商用车,2024-10-15 15:00,2024-10-07 02:14,2024-10-07 21:14,0,准时,0,中通
DLV-01996,WO-202410-03367,C005,本田汽配,2024-10-16 12:00,2024-10-05 19:09,2024-10-08 03:09,0,准时,0,顺丰
DLV-01997,WO-202410-03368,C004,麦格纳,2024-10-16 14:00,2024-10-09 04:04,2024-10-12 03:04,0,准时,0,京东物流
DLV-01998,WO-202410-03372,C004,麦格纳,2024-10-21 18:00,2024-10-04 18:11,2024-10-07 17:11,0,准时,0,自配送
DLV-01999,WO-202410-03373,C006,岚图汽车,2024-10-16 16:00,2024-10-07 03:27,2024-10-08 07:27,0,准时,0,客户自提
DLV-02000,WO-202410-03374,C007,东风乘用车,2024-10-12 15:00,2024-10-09 06:33,2024-10-11 06:33,0,准时,0,客户自提
DLV-02001,WO-202410-03376,C003,佛吉亚,2024-10-11 15:00,2024-10-07 23:36,2024-10-10 15:36,0,准时,0,顺丰
DLV-02002,WO-202410-03380,C001,东风彼欧,2024-10-13 13:00,2024-10-10 07:12,2024-10-11 10:12,0,准时,0,顺丰
DLV-02003,WO-202410-03381,C001,东风彼欧,2024-10-16 15:00,2024-10-06 11:36,2024-10-08 04:36,0,准时,0,客户自提
DLV-02004,WO-202410-03383,C009,零跑汽车,2024-10-09 11:00,2024-10-05 15:24,2024-10-06 07:24,0,准时,0,京东物流
DLV-02005,WO-202410-03384,C003,佛吉亚,2024-10-19 15:00,2024-10-04 22:22,2024-10-07 21:22,0,准时,0,自配送
DLV-02006,WO-202410-03385,C008,吉利商用车,2024-10-13 08:00,2024-10-06 01:29,2024-10-07 17:29,0,准时,0,京东物流
DLV-02007,WO-202410-03387,C003,佛吉亚,2024-10-17 17:00,2024-10-08 12:43,2024-10-11 02:43,0,准时,0,中通
DLV-02008,WO-202410-03389,C012,小鹏汽车,2024-10-20 16:00,2024-10-09 09:02,2024-10-11 07:02,0,准时,0,客户自提
DLV-02009,WO-202410-03390,C004,麦格纳,2024-10-20 15:00,2024-10-05 16:25,2024-10-07 03:25,0,准时,0,自配送
DLV-02010,WO-202410-03392,C007,东风乘用车,2024-10-26 09:00,2024-10-08 19:19,2024-10-09 10:19,0,准时,0,客户自提
DLV-02011,WO-202410-03393,C011,比亚迪事业群,2024-10-12 11:00,2024-10-03 23:31,2024-10-05 20:31,0,准时,0,客户自提
DLV-02012,WO-202410-03394,C009,零跑汽车,2024-10-18 13:00,2024-10-07 13:37,2024-10-09 18:37,0,准时,0,自配送
DLV-02013,WO-202410-03396,C006,岚图汽车,2024-10-16 17:00,2024-10-03 02:48,2024-10-05 10:48,0,准时,0,客户自提
DLV-02014,WO-202410-03398,C005,本田汽配,2024-10-17 17:00,2024-10-09 03:40,2024-10-12 00:40,0,准时,0,顺丰
DLV-02015,WO-202410-03400,C001,东风彼欧,2024-10-10 14:00,2024-10-05 16:01,2024-10-07 07:01,0,准时,0,中通
DLV-02016,WO-202410-03404,C001,东风彼欧,2024-10-25 12:00,2024-10-08 10:33,2024-10-10 21:33,0,准时,0,京东物流
DLV-02017,WO-202410-03405,C009,零跑汽车,2024-10-19 13:00,2024-10-10 10:31,2024-10-10 20:31,0,准时,0,顺丰
DLV-02018,WO-202410-03406,C009,零跑汽车,2024-10-17 12:00,2024-10-05 09:53,2024-10-06 12:53,0,准时,0,顺丰
DLV-02019,WO-202410-03407,C004,麦格纳,2024-10-18 18:00,2024-10-06 10:25,2024-10-07 16:25,0,准时,0,顺丰
DLV-02020,WO-202410-03408,C011,比亚迪事业群,2024-10-12 09:00,2024-10-09 00:09,2024-10-10 16:09,0,准时,0,客户自提
DLV-02021,WO-202410-03413,C012,小鹏汽车,2024-10-14 11:00,2024-10-09 13:55,2024-10-12 06:55,0,准时,0,自配送
DLV-02022,WO-202410-03414,C005,本田汽配,2024-10-23 09:00,2024-10-05 08:16,2024-10-05 20:16,0,准时,0,自配送
DLV-02023,WO-202410-03415,C002,伟世通,2024-10-18 16:00,2024-10-09 03:06,2024-10-11 22:06,0,准时,0,中通
DLV-02024,WO-202410-03418,C011,比亚迪事业群,2024-10-19 15:00,2024-10-07 12:15,2024-10-08 20:15,0,准时,0,自配送
DLV-02025,WO-202410-03419,C010,长城精工,2024-10-14 11:00,2024-10-08 06:13,2024-10-08 21:13,0,准时,0,客户自提
DLV-02026,WO-202410-03420,C005,本田汽配,2024-10-13 12:00,2024-10-04 23:10,2024-10-07 01:10,0,准时,0,自配送
DLV-02027,WO-202410-03422,C005,本田汽配,2024-10-20 08:00,2024-10-05 17:30,2024-10-08 02:30,0,准时,0,京东物流
DLV-02028,WO-202410-03424,C003,佛吉亚,2024-10-12 10:00,2024-10-05 03:57,2024-10-07 22:57,0,准时,0,中通
DLV-02029,WO-202410-03426,C005,本田汽配,2024-10-15 11:00,2024-10-08 21:49,2024-10-09 14:49,0,准时,0,顺丰
DLV-02030,WO-202410-03427,C005,本田汽配,2024-10-23 10:00,2024-10-07 02:21,2024-10-07 16:21,0,准时,0,客户自提
DLV-02031,WO-202410-03429,C003,佛吉亚,2024-10-16 09:00,2024-10-03 18:22,2024-10-06 02:22,0,准时,0,顺丰
DLV-02032,WO-202410-03430,C009,零跑汽车,2024-10-22 08:00,2024-10-05 20:10,2024-10-07 15:10,0,准时,0,自配送
DLV-02033,WO-202410-03433,C003,佛吉亚,2024-10-25 15:00,2024-10-06 03:03,2024-10-07 20:03,0,准时,0,中通
DLV-02034,WO-202410-03434,C002,伟世通,2024-10-12 12:00,2024-10-07 18:06,2024-10-09 05:06,0,准时,0,自配送
DLV-02035,WO-202410-03435,C007,东风乘用车,2024-10-16 12:00,2024-10-04 16:15,2024-10-07 09:15,0,准时,0,客户自提
DLV-02036,WO-202410-03437,C004,麦格纳,2024-10-14 14:00,2024-10-09 04:18,2024-10-11 17:18,0,准时,0,客户自提
DLV-02037,WO-202410-03441,C010,长城精工,2024-10-16 08:00,2024-10-02 21:10,2024-10-05 17:10,0,准时,0,自配送
DLV-02038,WO-202410-03442,C007,东风乘用车,2024-10-12 10:00,2024-10-07 15:35,2024-10-09 18:35,0,准时,0,客户自提
DLV-02039,WO-202410-03443,C009,零跑汽车,2024-10-18 15:00,2024-10-07 14:25,2024-10-10 07:25,0,准时,0,中通
DLV-02040,WO-202410-03444,C011,比亚迪事业群,2024-10-19 11:00,2024-10-05 00:52,2024-10-05 23:52,0,准时,0,客户自提
DLV-02041,WO-202410-03446,C006,岚图汽车,2024-10-22 18:00,2024-10-08 05:22,2024-10-10 06:22,0,准时,0,中通
DLV-02042,WO-202410-03447,C010,长城精工,2024-10-25 10:00,2024-10-06 11:51,2024-10-06 21:51,0,准时,0,客户自提
DLV-02043,WO-202410-03448,C003,佛吉亚,2024-10-14 11:00,2024-10-07 11:13,2024-10-10 08:13,0,准时,0,客户自提
DLV-02044,WO-202410-03451,C011,比亚迪事业群,2024-10-16 15:00,2024-10-08 18:37,2024-10-09 09:37,0,准时,0,顺丰
DLV-02045,WO-202410-03452,C007,东风乘用车,2024-10-18 12:00,2024-10-02 18:07,2024-10-05 11:07,0,准时,0,客户自提
DLV-02046,WO-202410-03453,C012,小鹏汽车,2024-10-10 17:00,2024-10-06 09:16,2024-10-07 22:16,0,准时,0,客户自提
DLV-02047,WO-202410-03454,C008,吉利商用车,2024-10-17 12:00,2024-10-06 23:33,2024-10-08 11:33,0,准时,0,自配送
DLV-02048,WO-202410-03458,C011,比亚迪事业群,2024-10-11 11:00,2024-10-07 17:31,2024-10-10 09:31,0,准时,0,自配送
DLV-02049,WO-202410-03459,C007,东风乘用车,2024-10-15 17:00,2024-10-04 23:23,2024-10-07 19:23,0,准时,0,中通
DLV-02050,WO-202410-03460,C008,吉利商用车,2024-10-16 13:00,2024-10-09 12:06,2024-10-10 21:06,0,准时,0,自配送
DLV-02051,WO-202410-03461,C006,岚图汽车,2024-10-21 17:00,2024-10-09 16:02,2024-10-10 05:02,0,准时,0,自配送
DLV-02052,WO-202410-03462,C003,佛吉亚,2024-10-22 08:00,2024-10-07 02:58,2024-10-09 05:58,0,准时,0,顺丰
DLV-02053,WO-202410-03464,C012,小鹏汽车,2024-10-19 11:00,2024-10-04 02:33,2024-10-06 22:33,0,准时,0,京东物流
DLV-02054,WO-202410-03465,C009,零跑汽车,2024-10-16 17:00,2024-10-05 00:29,2024-10-06 07:29,0,准时,0,顺丰
DLV-02055,WO-202410-03467,C008,吉利商用车,2024-10-21 13:00,2024-10-08 03:06,2024-10-10 01:06,0,准时,0,顺丰
DLV-02056,WO-202410-03469,C010,长城精工,2024-10-17 12:00,2024-10-08 02:55,2024-10-09 11:55,0,准时,0,自配送
DLV-02057,WO-202410-03472,C007,东风乘用车,2024-10-13 18:00,2024-10-07 22:12,2024-10-09 02:12,0,准时,0,自配送
DLV-02058,WO-202410-03475,C001,东风彼欧,2024-10-22 13:00,2024-10-06 04:37,2024-10-07 10:37,0,准时,0,客户自提
DLV-02059,WO-202410-03477,C007,东风乘用车,2024-10-25 09:00,2024-10-09 23:33,2024-10-11 06:33,0,准时,0,中通
DLV-02060,WO-202410-03478,C012,小鹏汽车,2024-10-23 14:00,2024-10-08 15:37,2024-10-11 07:37,0,准时,0,中通
DLV-02061,WO-202410-03479,C011,比亚迪事业群,2024-10-15 08:00,2024-10-06 01:43,2024-10-06 18:43,0,准时,0,客户自提
DLV-02062,WO-202410-03480,C001,东风彼欧,2024-10-14 09:00,2024-10-09 09:34,2024-10-11 16:34,0,准时,0,顺丰
DLV-02063,WO-202410-03481,C010,长城精工,2024-10-21 10:00,2024-10-05 19:42,2024-10-06 11:42,0,准时,0,顺丰
DLV-02064,WO-202410-03484,C007,东风乘用车,2024-10-19 13:00,2024-10-07 08:56,2024-10-09 13:56,0,准时,0,京东物流
DLV-02065,WO-202410-03485,C003,佛吉亚,2024-10-23 17:00,2024-10-11 02:12,2024-10-12 01:12,0,准时,0,京东物流
DLV-02066,WO-202410-03486,C008,吉利商用车,2024-10-16 09:00,2024-10-08 01:15,2024-10-11 01:15,0,准时,0,京东物流
DLV-02067,WO-202410-03487,C007,东风乘用车,2024-10-17 09:00,2024-10-09 05:06,2024-10-10 05:06,0,准时,0,京东物流
DLV-02068,WO-202410-03489,C010,长城精工,2024-10-19 18:00,2024-10-08 13:48,2024-10-09 20:48,0,准时,0,客户自提
DLV-02069,WO-202410-03491,C010,长城精工,2024-10-23 13:00,2024-10-04 03:07,2024-10-04 16:07,0,准时,0,客户自提
DLV-02070,WO-202410-03493,C010,长城精工,2024-10-20 15:00,2024-10-03 17:40,2024-10-04 21:40,0,准时,0,自配送
DLV-02071,WO-202410-03494,C011,比亚迪事业群,2024-10-13 08:00,2024-10-04 08:27,2024-10-05 03:27,0,准时,0,中通
DLV-02072,WO-202410-03495,C012,小鹏汽车,2024-10-14 10:00,2024-10-09 06:07,2024-10-11 06:07,0,准时,0,京东物流
DLV-02073,WO-202410-03496,C003,佛吉亚,2024-10-21 14:00,2024-10-06 21:21,2024-10-07 07:21,0,准时,0,京东物流
DLV-02074,WO-202410-03497,C004,麦格纳,2024-10-13 14:00,2024-10-07 08:39,2024-10-09 12:39,0,准时,0,京东物流
DLV-02075,WO-202410-03498,C002,伟世通,2024-10-12 08:00,2024-10-03 21:24,2024-10-04 05:24,0,准时,0,京东物流
DLV-02076,WO-202410-03503,C006,岚图汽车,2024-10-08 18:00,2024-10-05 09:37,2024-10-06 11:37,0,准时,0,客户自提
DLV-02077,WO-202410-03505,C006,岚图汽车,2024-10-22 17:00,2024-10-04 09:59,2024-10-07 01:59,0,准时,0,顺丰
DLV-02078,WO-202410-03506,C002,伟世通,2024-10-14 16:00,2024-10-06 08:39,2024-10-08 08:39,0,准时,0,中通
DLV-02079,WO-202410-03508,C006,岚图汽车,2024-10-20 08:00,2024-10-05 15:22,2024-10-06 13:22,0,准时,0,京东物流
DLV-02080,WO-202410-03509,C007,东风乘用车,2024-10-15 14:00,2024-10-04 01:14,2024-10-06 19:14,0,准时,0,客户自提
DLV-02081,WO-202410-03511,C004,麦格纳,2024-10-23 08:00,2024-10-05 11:24,2024-10-06 21:24,0,准时,0,顺丰
DLV-02082,WO-202410-03513,C010,长城精工,2024-10-21 14:00,2024-10-06 14:43,2024-10-09 03:43,0,准时,0,顺丰
DLV-02083,WO-202410-03516,C005,本田汽配,2024-10-20 14:00,2024-10-04 00:22,2024-10-06 08:22,0,准时,0,自配送
DLV-02084,WO-202410-03520,C010,长城精工,2024-10-27 10:00,2024-10-09 08:50,2024-10-11 19:50,0,准时,0,京东物流
DLV-02085,WO-202410-03521,C010,长城精工,2024-10-13 15:00,2024-10-07 13:07,2024-10-09 06:07,0,准时,0,自配送
DLV-02086,WO-202410-03523,C007,东风乘用车,2024-10-24 18:00,2024-10-05 16:07,2024-10-06 20:07,0,准时,0,京东物流
DLV-02087,WO-202410-03526,C010,长城精工,2024-10-23 10:00,2024-10-06 15:56,2024-10-09 07:56,0,准时,0,中通
DLV-02088,WO-202410-03527,C006,岚图汽车,2024-10-21 12:00,2024-10-09 01:00,2024-10-09 11:00,0,准时,0,中通
DLV-02089,WO-202410-03528,C008,吉利商用车,2024-10-21 16:00,2024-10-05 19:21,2024-10-07 10:21,0,准时,0,自配送
DLV-02090,WO-202410-03529,C006,岚图汽车,2024-10-11 18:00,2024-10-07 08:45,2024-10-09 07:45,0,准时,0,客户自提
DLV-02091,WO-202410-03530,C004,麦格纳,2024-10-19 17:00,2024-10-09 03:01,2024-10-10 02:01,0,准时,0,客户自提
DLV-02092,WO-202410-03532,C011,比亚迪事业群,2024-10-18 18:00,2024-10-07 16:43,2024-10-10 04:43,0,准时,0,客户自提
DLV-02093,WO-202410-03533,C009,零跑汽车,2024-10-21 17:00,2024-10-10 07:07,2024-10-11 09:07,0,准时,0,京东物流
DLV-02094,WO-202410-03534,C010,长城精工,2024-10-10 11:00,2024-10-05 23:07,2024-10-07 04:07,0,准时,0,自配送
DLV-02095,WO-202410-03535,C012,小鹏汽车,2024-10-11 13:00,2024-10-07 01:37,2024-10-07 19:37,0,准时,0,中通
DLV-02096,WO-202410-03536,C008,吉利商用车,2024-10-24 12:00,2024-10-04 22:19,2024-10-05 14:19,0,准时,0,顺丰
DLV-02097,WO-202410-03537,C008,吉利商用车,2024-10-13 17:00,2024-10-10 05:39,2024-10-12 04:39,0,准时,0,自配送
DLV-02098,WO-202410-03539,C008,吉利商用车,2024-10-20 13:00,2024-10-04 20:30,2024-10-07 02:30,0,准时,0,客户自提
DLV-02099,WO-202410-03540,C004,麦格纳,2024-10-18 18:00,2024-10-05 04:24,2024-10-07 19:24,0,准时,0,中通
DLV-02100,WO-202410-03541,C011,比亚迪事业群,2024-10-19 09:00,2024-10-05 20:47,2024-10-06 19:47,0,准时,0,顺丰
DLV-02101,WO-202410-03543,C001,东风彼欧,2024-10-15 14:00,2024-10-05 18:59,2024-10-08 17:59,0,准时,0,京东物流
DLV-02102,WO-202410-03544,C004,麦格纳,2024-10-17 17:00,2024-10-10 11:31,2024-10-13 10:31,0,准时,0,客户自提
DLV-02103,WO-202410-03545,C002,伟世通,2024-10-14 17:00,2024-10-05 10:33,2024-10-06 14:33,0,准时,0,京东物流
DLV-02104,WO-202410-03549,C007,东风乘用车,2024-10-24 14:00,2024-10-07 20:39,2024-10-08 18:39,0,准时,0,中通
DLV-02105,WO-202410-03551,C004,麦格纳,2024-10-25 11:00,2024-10-08 00:10,2024-10-10 11:10,0,准时,0,顺丰
DLV-02106,WO-202410-03552,C003,佛吉亚,2024-10-18 08:00,2024-10-04 21:20,2024-10-05 16:20,0,准时,0,顺丰
DLV-02107,WO-202410-03553,C010,长城精工,2024-10-22 18:00,2024-10-03 21:15,2024-10-06 02:15,0,准时,0,客户自提
DLV-02108,WO-202410-03554,C011,比亚迪事业群,2024-10-23 15:00,2024-10-05 06:21,2024-10-06 08:21,0,准时,0,客户自提
DLV-02109,WO-202410-03555,C004,麦格纳,2024-10-11 08:00,2024-10-06 20:11,2024-10-07 16:11,0,准时,0,自配送
DLV-02110,WO-202410-03556,C008,吉利商用车,2024-10-12 18:00,2024-10-05 19:22,2024-10-06 08:22,0,准时,0,中通
DLV-02111,WO-202410-03558,C001,东风彼欧,2024-10-20 15:00,2024-10-05 22:23,2024-10-07 11:23,0,准时,0,顺丰
DLV-02112,WO-202410-03559,C005,本田汽配,2024-10-12 15:00,2024-10-07 00:49,2024-10-07 18:49,0,准时,0,客户自提
DLV-02113,WO-202410-03561,C004,麦格纳,2024-10-19 08:00,2024-10-07 12:58,2024-10-09 18:58,0,准时,0,自配送
DLV-02114,WO-202410-03562,C012,小鹏汽车,2024-10-18 11:00,2024-10-06 20:34,2024-10-09 10:34,0,准时,0,中通
DLV-02115,WO-202410-03564,C007,东风乘用车,2024-10-18 16:00,2024-10-03 02:01,2024-10-04 18:01,0,准时,0,自配送
DLV-02116,WO-202410-03567,C002,伟世通,2024-10-16 14:00,2024-10-08 00:19,2024-10-09 06:19,0,准时,0,客户自提
DLV-02117,WO-202410-03568,C006,岚图汽车,2024-10-14 18:00,2024-10-09 05:49,2024-10-11 01:49,0,准时,0,中通
DLV-02118,WO-202410-03569,C002,伟世通,2024-10-20 15:00,2024-10-06 11:16,2024-10-07 11:16,0,准时,0,中通
DLV-02119,WO-202410-03570,C007,东风乘用车,2024-10-18 16:00,2024-10-05 15:01,2024-10-08 07:01,0,准时,0,中通
DLV-02120,WO-202410-03571,C009,零跑汽车,2024-10-24 09:00,2024-10-08 03:17,2024-10-09 01:17,0,准时,0,客户自提
DLV-02121,WO-202410-03572,C009,零跑汽车,2024-10-09 10:00,2024-10-03 08:25,2024-10-04 10:25,0,准时,0,京东物流
DLV-02122,WO-202410-03573,C008,吉利商用车,2024-10-14 08:00,2024-10-03 22:19,2024-10-04 20:19,0,准时,0,京东物流
DLV-02123,WO-202410-03576,C008,吉利商用车,2024-10-18 18:00,2024-10-05 21:18,2024-10-06 23:18,0,准时,0,京东物流
DLV-02124,WO-202410-03577,C009,零跑汽车,2024-10-17 18:00,2024-10-05 15:21,2024-10-07 22:21,0,准时,0,客户自提
DLV-02125,WO-202410-03578,C011,比亚迪事业群,2024-10-17 09:00,2024-10-04 14:45,2024-10-05 09:45,0,准时,0,自配送
DLV-02126,WO-202410-03580,C004,麦格纳,2024-10-14 18:00,2024-10-06 13:29,2024-10-08 17:29,0,准时,0,京东物流
DLV-02127,WO-202410-03581,C002,伟世通,2024-10-22 12:00,2024-10-09 21:17,2024-10-12 18:17,0,准时,0,自配送
DLV-02128,WO-202410-03582,C010,长城精工,2024-10-13 12:00,2024-10-07 16:59,2024-10-10 16:59,0,准时,0,自配送
DLV-02129,WO-202410-03583,C009,零跑汽车,2024-10-19 14:00,2024-10-03 19:16,2024-10-06 13:16,0,准时,0,京东物流
DLV-02130,WO-202410-03584,C004,麦格纳,2024-10-24 12:00,2024-10-07 02:25,2024-10-08 14:25,0,准时,0,中通
DLV-02131,WO-202410-03585,C011,比亚迪事业群,2024-10-21 18:00,2024-10-04 12:29,2024-10-06 21:29,0,准时,0,中通
DLV-02132,WO-202410-03586,C012,小鹏汽车,2024-10-11 12:00,2024-10-05 04:49,2024-10-06 01:49,0,准时,0,自配送
DLV-02133,WO-202410-03587,C002,伟世通,2024-10-20 15:00,2024-10-04 00:54,2024-10-06 08:54,0,准时,0,京东物流
DLV-02134,WO-202410-03588,C005,本田汽配,2024-10-18 16:00,2024-10-07 20:17,2024-10-09 03:17,0,准时,0,自配送
DLV-02135,WO-202410-03590,C007,东风乘用车,2024-10-19 15:00,2024-10-07 17:23,2024-10-08 23:23,0,准时,0,顺丰
DLV-02136,WO-202410-03593,C012,小鹏汽车,2024-10-20 13:00,2024-10-07 13:47,2024-10-08 11:47,0,准时,0,自配送
DLV-02137,WO-202410-03594,C003,佛吉亚,2024-10-10 08:00,2024-10-06 09:16,2024-10-07 21:16,0,准时,0,顺丰
DLV-02138,WO-202410-03596,C008,吉利商用车,2024-10-21 08:00,2024-10-07 22:48,2024-10-08 19:48,0,准时,0,自配送
DLV-02139,WO-202410-03598,C005,本田汽配,2024-10-15 15:00,2024-10-08 07:08,2024-10-10 11:08,0,准时,0,顺丰
DLV-02140,WO-202410-03599,C004,麦格纳,2024-10-20 08:00,2024-10-05 08:00,2024-10-07 00:00,0,准时,0,中通
DLV-02141,WO-202410-03600,C011,比亚迪事业群,2024-10-12 15:00,2024-10-07 13:27,2024-10-10 02:27,0,准时,0,京东物流
DLV-02142,WO-202410-03601,C007,东风乘用车,2024-10-22 16:00,2024-10-10 00:05,2024-10-10 17:05,0,准时,0,自配送
DLV-02143,WO-202410-03604,C007,东风乘用车,2024-10-24 18:00,2024-10-09 05:26,2024-10-11 06:26,0,准时,0,京东物流
DLV-02144,WO-202410-03605,C009,零跑汽车,2024-10-17 10:00,2024-10-06 09:41,2024-10-08 12:41,0,准时,0,自配送
DLV-02145,WO-202410-03606,C012,小鹏汽车,2024-10-24 14:00,2024-10-07 04:55,2024-10-09 06:55,0,准时,0,顺丰
DLV-02146,WO-202410-03607,C005,本田汽配,2024-10-17 11:00,2024-10-07 09:52,2024-10-09 14:52,0,准时,0,京东物流
DLV-02147,WO-202410-03608,C002,伟世通,2024-10-23 17:00,2024-10-07 07:39,2024-10-09 22:39,0,准时,0,自配送
DLV-02148,WO-202410-03609,C008,吉利商用车,2024-10-24 14:00,2024-10-04 17:52,2024-10-05 05:52,0,准时,0,顺丰
DLV-02149,WO-202410-03612,C006,岚图汽车,2024-10-16 16:00,2024-10-04 23:33,2024-10-07 17:33,0,准时,0,客户自提
DLV-02150,WO-202410-03613,C012,小鹏汽车,2024-10-18 09:00,2024-10-09 05:53,2024-10-09 14:53,0,准时,0,京东物流
DLV-02151,WO-202410-03616,C010,长城精工,2024-10-13 18:00,2024-10-10 00:05,2024-10-12 11:05,0,准时,0,顺丰
DLV-02152,WO-202410-03619,C010,长城精工,2024-10-11 11:00,2024-10-04 18:23,2024-10-06 18:23,0,准时,0,顺丰
DLV-02153,WO-202410-03620,C009,零跑汽车,2024-10-16 15:00,2024-10-09 07:23,2024-10-09 18:23,0,准时,0,客户自提
DLV-02154,WO-202410-03621,C009,零跑汽车,2024-10-10 11:00,2024-10-05 06:16,2024-10-08 05:16,0,准时,0,顺丰
DLV-02155,WO-202410-03622,C003,佛吉亚,2024-10-24 12:00,2024-10-09 18:08,2024-10-12 18:08,0,准时,0,顺丰
DLV-02156,WO-202410-03623,C002,伟世通,2024-10-14 10:00,2024-10-05 15:45,2024-10-06 12:45,0,准时,0,客户自提
DLV-02157,WO-202410-03624,C001,东风彼欧,2024-10-12 10:00,2024-10-06 14:27,2024-10-09 03:27,0,准时,0,自配送
DLV-02158,WO-202410-03627,C006,岚图汽车,2024-10-14 16:00,2024-10-07 20:04,2024-10-09 07:04,0,准时,0,客户自提
DLV-02159,WO-202410-03628,C012,小鹏汽车,2024-10-08 12:00,2024-10-04 04:42,2024-10-05 02:42,0,准时,0,中通
DLV-02160,WO-202410-03629,C011,比亚迪事业群,2024-10-17 16:00,2024-10-08 14:32,2024-10-08 22:32,0,准时,0,中通
DLV-02161,WO-202410-03630,C011,比亚迪事业群,2024-10-11 15:00,2024-10-08 08:55,2024-10-08 23:55,0,准时,0,客户自提
DLV-02162,WO-202410-03633,C012,小鹏汽车,2024-10-16 12:00,2024-10-04 04:20,2024-10-05 02:20,0,准时,0,客户自提
DLV-02163,WO-202410-03634,C008,吉利商用车,2024-10-16 09:00,2024-10-04 16:57,2024-10-05 23:57,0,准时,0,自配送
DLV-02164,WO-202410-03635,C007,东风乘用车,2024-10-22 14:00,2024-10-03 22:30,2024-10-05 13:30,0,准时,0,中通
DLV-02165,WO-202410-03637,C011,比亚迪事业群,2024-10-23 08:00,2024-10-06 10:40,2024-10-07 21:40,0,准时,0,京东物流
DLV-02166,WO-202410-03640,C007,东风乘用车,2024-10-20 09:00,2024-10-04 06:19,2024-10-06 11:19,0,准时,0,顺丰
DLV-02167,WO-202410-03641,C009,零跑汽车,2024-10-18 16:00,2024-10-02 20:22,2024-10-04 04:22,0,准时,0,自配送
DLV-02168,WO-202410-03642,C007,东风乘用车,2024-10-14 16:00,2024-10-05 05:12,2024-10-06 17:12,0,准时,0,自配送
DLV-02169,WO-202410-03643,C006,岚图汽车,2024-10-09 17:00,2024-10-05 10:20,2024-10-07 18:20,0,准时,0,客户自提
DLV-02170,WO-202410-03645,C010,长城精工,2024-10-25 10:00,2024-10-05 11:49,2024-10-07 00:49,0,准时,0,客户自提
DLV-02171,WO-202410-03648,C006,岚图汽车,2024-10-20 14:00,2024-10-03 13:54,2024-10-04 22:54,0,准时,0,客户自提
DLV-02172,WO-202410-03649,C001,东风彼欧,2024-10-12 11:00,2024-10-09 07:06,2024-10-09 23:06,0,准时,0,京东物流
DLV-02173,WO-202410-03655,C002,伟世通,2024-10-17 10:00,2024-10-06 09:40,2024-10-08 09:40,0,准时,0,中通
DLV-02174,WO-202410-03656,C011,比亚迪事业群,2024-10-11 08:00,2024-10-06 02:31,2024-10-06 17:31,0,准时,0,自配送
DLV-02175,WO-202410-03658,C012,小鹏汽车,2024-10-14 17:00,2024-10-06 06:59,2024-10-09 03:59,0,准时,0,自配送
DLV-02176,WO-202410-03659,C004,麦格纳,2024-10-21 14:00,2024-10-07 21:40,2024-10-09 20:40,0,准时,0,客户自提
DLV-02177,WO-202410-03660,C004,麦格纳,2024-10-21 17:00,2024-10-06 13:22,2024-10-07 04:22,0,准时,0,京东物流
DLV-02178,WO-202410-03661,C001,东风彼欧,2024-10-13 12:00,2024-10-05 11:54,2024-10-06 05:54,0,准时,0,客户自提
DLV-02179,WO-202410-03662,C002,伟世通,2024-10-18 13:00,2024-10-03 22:48,2024-10-06 08:48,0,准时,0,客户自提
DLV-02180,WO-202410-03663,C012,小鹏汽车,2024-10-12 16:00,2024-10-07 14:25,2024-10-08 02:25,0,准时,0,中通
DLV-02181,WO-202410-03664,C002,伟世通,2024-10-15 14:00,2024-10-06 08:11,2024-10-07 20:11,0,准时,0,客户自提
DLV-02182,WO-202410-03665,C002,伟世通,2024-10-23 14:00,2024-10-04 14:05,2024-10-05 06:05,0,准时,0,中通
DLV-02183,WO-202410-03667,C006,岚图汽车,2024-10-10 17:00,2024-10-05 09:13,2024-10-07 23:13,0,准时,0,顺丰
DLV-02184,WO-202410-03668,C002,伟世通,2024-10-22 08:00,2024-10-03 06:10,2024-10-03 20:10,0,准时,0,京东物流
DLV-02185,WO-202410-03670,C002,伟世通,2024-10-15 16:00,2024-10-06 08:40,2024-10-07 02:40,0,准时,0,自配送
DLV-02186,WO-202410-03672,C004,麦格纳,2024-10-19 08:00,2024-10-07 12:05,2024-10-09 01:05,0,准时,0,自配送
DLV-02187,WO-202410-03673,C002,伟世通,2024-10-22 18:00,2024-10-03 14:56,2024-10-06 07:56,0,准时,0,京东物流
DLV-02188,WO-202410-03674,C009,零跑汽车,2024-10-12 16:00,2024-10-04 15:36,2024-10-05 11:36,0,准时,0,顺丰
DLV-02189,WO-202410-03677,C002,伟世通,2024-10-16 16:00,2024-10-05 05:45,2024-10-07 18:45,0,准时,0,客户自提
DLV-02190,WO-202410-03678,C009,零跑汽车,2024-10-23 18:00,2024-10-06 22:56,2024-10-08 16:56,0,准时,0,京东物流
DLV-02191,WO-202410-03679,C011,比亚迪事业群,2024-10-10 17:00,2024-10-03 23:19,2024-10-06 21:19,0,准时,0,自配送
DLV-02192,WO-202410-03680,C012,小鹏汽车,2024-10-20 17:00,2024-10-09 02:15,2024-10-12 01:15,0,准时,0,客户自提
DLV-02193,WO-202410-03681,C009,零跑汽车,2024-10-26 08:00,2024-10-08 22:57,2024-10-09 19:57,0,准时,0,京东物流
DLV-02194,WO-202410-03682,C003,佛吉亚,2024-10-25 17:00,2024-10-05 21:54,2024-10-07 03:54,0,准时,0,客户自提
DLV-02195,WO-202410-03683,C006,岚图汽车,2024-10-20 09:00,2024-10-03 23:52,2024-10-05 05:52,0,准时,0,自配送
DLV-02196,WO-202410-03684,C010,长城精工,2024-10-10 14:00,2024-10-05 12:57,2024-10-07 14:57,0,准时,0,中通
DLV-02197,WO-202410-03687,C002,伟世通,2024-10-24 17:00,2024-10-07 04:36,2024-10-08 18:36,0,准时,0,顺丰
DLV-02198,WO-202410-03688,C009,零跑汽车,2024-10-21 11:00,2024-10-04 19:36,2024-10-07 12:36,0,准时,0,中通
DLV-02199,WO-202410-03689,C001,东风彼欧,2024-10-14 13:00,2024-10-05 16:21,2024-10-06 09:21,0,准时,0,中通
DLV-02200,WO-202410-03690,C006,岚图汽车,2024-10-13 17:00,2024-10-09 00:39,2024-10-11 20:39,0,准时,0,客户自提
DLV-02201,WO-202410-03692,C006,岚图汽车,2024-10-09 15:00,2024-10-03 17:43,2024-10-05 05:43,0,准时,0,中通
DLV-02202,WO-202410-03695,C002,伟世通,2024-10-25 18:00,2024-10-07 16:58,2024-10-10 00:58,0,准时,0,顺丰
DLV-02203,WO-202410-03696,C005,本田汽配,2024-10-17 11:00,2024-10-05 03:58,2024-10-06 11:58,0,准时,0,客户自提
DLV-02204,WO-202410-03697,C009,零跑汽车,2024-10-14 14:00,2024-10-06 23:05,2024-10-09 07:05,0,准时,0,顺丰
DLV-02205,WO-202410-03699,C002,伟世通,2024-10-08 10:00,2024-10-05 20:21,2024-10-07 10:21,0,准时,0,中通
DLV-02206,WO-202410-03700,C010,长城精工,2024-10-16 09:00,2024-10-10 05:41,2024-10-11 19:41,0,准时,0,客户自提
DLV-02207,WO-202410-03701,C006,岚图汽车,2024-10-18 09:00,2024-10-03 14:18,2024-10-06 04:18,0,准时,0,自配送
DLV-02208,WO-202410-03702,C006,岚图汽车,2024-10-10 15:00,2024-10-05 15:36,2024-10-06 12:36,0,准时,0,客户自提
DLV-02209,WO-202410-03703,C010,长城精工,2024-10-15 12:00,2024-10-06 18:01,2024-10-07 02:01,0,准时,0,客户自提
DLV-02210,WO-202410-03705,C009,零跑汽车,2024-10-12 12:00,2024-10-05 07:23,2024-10-06 05:23,0,准时,0,中通
DLV-02211,WO-202410-03706,C006,岚图汽车,2024-10-22 13:00,2024-10-08 02:10,2024-10-09 15:10,0,准时,0,中通
DLV-02212,WO-202410-03709,C008,吉利商用车,2024-10-23 14:00,2024-10-08 11:18,2024-10-09 09:18,0,准时,0,顺丰
DLV-02213,WO-202410-03710,C003,佛吉亚,2024-10-09 11:00,2024-10-04 05:33,2024-10-06 16:33,0,准时,0,客户自提
DLV-02214,WO-202410-03712,C008,吉利商用车,2024-10-16 13:00,2024-10-05 13:45,2024-10-07 23:45,0,准时,0,顺丰
DLV-02215,WO-202410-03713,C009,零跑汽车,2024-10-10 11:00,2024-10-05 16:33,2024-10-07 14:33,0,准时,0,中通
DLV-02216,WO-202410-03715,C011,比亚迪事业群,2024-10-17 10:00,2024-10-07 09:12,2024-10-08 13:12,0,准时,0,自配送
DLV-02217,WO-202410-03718,C012,小鹏汽车,2024-10-19 13:00,2024-10-07 01:40,2024-10-09 11:40,0,准时,0,自配送
DLV-02218,WO-202410-03719,C012,小鹏汽车,2024-10-24 17:00,2024-10-05 07:21,2024-10-07 11:21,0,准时,0,客户自提
DLV-02219,WO-202410-03721,C011,比亚迪事业群,2024-10-11 11:00,2024-10-05 11:12,2024-10-06 15:12,0,准时,0,客户自提
DLV-02220,WO-202410-03723,C002,伟世通,2024-10-18 17:00,2024-10-06 07:15,2024-10-08 13:15,0,准时,0,京东物流
DLV-02221,WO-202410-03724,C002,伟世通,2024-10-15 11:00,2024-10-05 07:24,2024-10-07 03:24,0,准时,0,京东物流
DLV-02222,WO-202410-03725,C001,东风彼欧,2024-10-23 12:00,2024-10-07 17:33,2024-10-08 17:33,0,准时,0,客户自提
DLV-02223,WO-202410-03726,C008,吉利商用车,2024-10-11 09:00,2024-10-04 13:43,2024-10-05 04:43,0,准时,0,中通
DLV-02224,WO-202410-03727,C007,东风乘用车,2024-10-16 11:00,2024-10-06 13:58,2024-10-08 20:58,0,准时,0,顺丰
DLV-02225,WO-202410-03729,C008,吉利商用车,2024-10-09 11:00,2024-10-04 06:33,2024-10-05 06:33,0,准时,0,客户自提
DLV-02226,WO-202410-03730,C012,小鹏汽车,2024-10-21 13:00,2024-10-03 07:06,2024-10-05 21:06,0,准时,0,中通
DLV-02227,WO-202410-03731,C003,佛吉亚,2024-10-16 18:00,2024-10-03 21:13,2024-10-05 15:13,0,准时,0,京东物流
DLV-02228,WO-202411-03734,C012,小鹏汽车,2024-11-20 10:00,2024-11-08 04:02,2024-11-10 21:02,0,准时,0,京东物流
DLV-02229,WO-202411-03735,C009,零跑汽车,2024-11-19 17:00,2024-11-11 02:30,2024-11-13 08:30,0,准时,0,京东物流
DLV-02230,WO-202411-03736,C010,长城精工,2024-11-24 14:00,2024-11-06 04:48,2024-11-08 01:48,0,准时,0,中通
DLV-02231,WO-202411-03740,C012,小鹏汽车,2024-11-21 11:00,2024-11-05 09:27,2024-11-05 22:27,0,准时,0,京东物流
DLV-02232,WO-202411-03741,C011,比亚迪事业群,2024-11-13 18:00,2024-11-05 18:29,2024-11-07 14:29,0,准时,0,顺丰
DLV-02233,WO-202411-03742,C004,麦格纳,2024-11-19 17:00,2024-11-07 02:24,2024-11-08 04:24,0,准时,0,顺丰
DLV-02234,WO-202411-03744,C007,东风乘用车,2024-11-18 17:00,2024-11-05 18:59,2024-11-07 21:59,0,准时,0,中通
DLV-02235,WO-202411-03747,C002,伟世通,2024-11-09 17:00,2024-11-06 11:45,2024-11-08 22:45,0,准时,0,京东物流
DLV-02236,WO-202411-03749,C008,吉利商用车,2024-11-24 08:00,2024-11-07 09:58,2024-11-10 00:58,0,准时,0,京东物流
DLV-02237,WO-202411-03751,C002,伟世通,2024-11-17 13:00,2024-11-07 20:40,2024-11-08 12:40,0,准时,0,客户自提
DLV-02238,WO-202411-03753,C010,长城精工,2024-11-18 16:00,2024-11-04 23:04,2024-11-07 05:04,0,准时,0,中通
DLV-02239,WO-202411-03755,C008,吉利商用车,2024-11-14 11:00,2024-11-04 10:07,2024-11-05 16:07,0,准时,0,顺丰
DLV-02240,WO-202411-03758,C008,吉利商用车,2024-11-11 16:00,2024-11-08 05:42,2024-11-08 20:42,0,准时,0,客户自提
DLV-02241,WO-202411-03760,C002,伟世通,2024-11-15 13:00,2024-11-10 02:00,2024-11-10 12:00,0,准时,0,顺丰
DLV-02242,WO-202411-03761,C011,比亚迪事业群,2024-11-22 16:00,2024-11-05 08:34,2024-11-07 23:34,0,准时,0,自配送
DLV-02243,WO-202411-03762,C011,比亚迪事业群,2024-11-16 11:00,2024-11-08 15:15,2024-11-09 07:15,0,准时,0,自配送
DLV-02244,WO-202411-03766,C001,东风彼欧,2024-11-17 13:00,2024-11-08 23:22,2024-11-09 09:22,0,准时,0,顺丰
DLV-02245,WO-202411-03767,C002,伟世通,2024-11-25 17:00,2024-11-06 23:25,2024-11-09 00:25,0,准时,0,客户自提
DLV-02246,WO-202411-03769,C003,佛吉亚,2024-11-18 10:00,2024-11-07 14:07,2024-11-08 00:07,0,准时,0,顺丰
DLV-02247,WO-202411-03771,C010,长城精工,2024-11-18 11:00,2024-11-06 05:18,2024-11-06 17:18,0,准时,0,中通
DLV-02248,WO-202411-03772,C002,伟世通,2024-11-22 12:00,2024-11-09 04:14,2024-11-11 15:14,0,准时,0,京东物流
DLV-02249,WO-202411-03773,C012,小鹏汽车,2024-11-17 16:00,2024-11-07 14:33,2024-11-09 07:33,0,准时,0,京东物流
DLV-02250,WO-202411-03775,C001,东风彼欧,2024-11-09 17:00,2024-11-04 23:30,2024-11-05 08:30,0,准时,0,京东物流
DLV-02251,WO-202411-03776,C008,吉利商用车,2024-11-26 10:00,2024-11-07 23:54,2024-11-09 23:54,0,准时,0,中通
DLV-02252,WO-202411-03778,C004,麦格纳,2024-11-21 13:00,2024-11-04 07:27,2024-11-07 01:27,0,准时,0,中通
DLV-02253,WO-202411-03779,C009,零跑汽车,2024-11-13 17:00,2024-11-04 02:27,2024-11-05 11:27,0,准时,0,顺丰
DLV-02254,WO-202411-03781,C004,麦格纳,2024-11-20 09:00,2024-11-07 16:07,2024-11-10 11:07,0,准时,0,自配送
DLV-02255,WO-202411-03782,C009,零跑汽车,2024-11-19 10:00,2024-11-02 17:24,2024-11-04 04:24,0,准时,0,顺丰
DLV-02256,WO-202411-03786,C011,比亚迪事业群,2024-11-18 16:00,2024-11-06 10:54,2024-11-08 07:54,0,准时,0,客户自提
DLV-02257,WO-202411-03787,C001,东风彼欧,2024-11-19 11:00,2024-11-05 11:31,2024-11-07 19:31,0,准时,0,自配送
DLV-02258,WO-202411-03788,C006,岚图汽车,2024-11-13 12:00,2024-11-07 05:51,2024-11-08 04:51,0,准时,0,京东物流
DLV-02259,WO-202411-03790,C001,东风彼欧,2024-11-24 13:00,2024-11-09 00:49,2024-11-11 09:49,0,准时,0,客户自提
DLV-02260,WO-202411-03791,C005,本田汽配,2024-11-10 18:00,2024-11-06 06:19,2024-11-07 04:19,0,准时,0,客户自提
DLV-02261,WO-202411-03793,C006,岚图汽车,2024-11-11 13:00,2024-11-07 13:52,2024-11-08 08:52,0,准时,0,顺丰
DLV-02262,WO-202411-03796,C009,零跑汽车,2024-11-18 18:00,2024-11-10 08:27,2024-11-10 18:27,0,准时,0,顺丰
DLV-02263,WO-202411-03797,C002,伟世通,2024-11-12 13:00,2024-11-06 10:22,2024-11-08 01:22,0,准时,0,顺丰
DLV-02264,WO-202411-03799,C007,东风乘用车,2024-11-19 16:00,2024-11-05 08:55,2024-11-05 17:55,0,准时,0,客户自提
DLV-02265,WO-202411-03800,C004,麦格纳,2024-11-12 16:00,2024-11-07 05:28,2024-11-08 16:28,0,准时,0,自配送
DLV-02266,WO-202411-03804,C006,岚图汽车,2024-11-19 17:00,2024-11-09 05:48,2024-11-11 22:48,0,准时,0,京东物流
DLV-02267,WO-202411-03808,C006,岚图汽车,2024-11-19 09:00,2024-11-04 12:13,2024-11-07 01:13,0,准时,0,自配送
DLV-02268,WO-202411-03809,C008,吉利商用车,2024-11-15 09:00,2024-11-07 05:29,2024-11-08 20:29,0,准时,0,顺丰
DLV-02269,WO-202411-03810,C001,东风彼欧,2024-11-14 16:00,2024-11-07 05:36,2024-11-09 17:36,0,准时,0,京东物流
DLV-02270,WO-202411-03811,C006,岚图汽车,2024-11-19 08:00,2024-11-07 09:38,2024-11-08 17:38,0,准时,0,客户自提
DLV-02271,WO-202411-03813,C006,岚图汽车,2024-11-26 11:00,2024-11-07 22:46,2024-11-10 18:46,0,准时,0,客户自提
DLV-02272,WO-202411-03814,C002,伟世通,2024-11-17 13:00,2024-11-04 02:41,2024-11-06 16:41,0,准时,0,顺丰
DLV-02273,WO-202411-03815,C010,长城精工,2024-11-14 15:00,2024-11-05 23:36,2024-11-06 10:36,0,准时,0,客户自提
DLV-02274,WO-202411-03816,C012,小鹏汽车,2024-11-24 15:00,2024-11-07 17:02,2024-11-09 21:02,0,准时,0,客户自提
DLV-02275,WO-202411-03817,C008,吉利商用车,2024-11-18 16:00,2024-11-07 02:28,2024-11-09 06:28,0,准时,0,顺丰
DLV-02276,WO-202411-03818,C004,麦格纳,2024-11-10 16:00,2024-11-06 21:58,2024-11-09 09:58,0,准时,0,中通
DLV-02277,WO-202411-03819,C003,佛吉亚,2024-11-11 17:00,2024-11-04 12:13,2024-11-06 08:13,0,准时,0,中通
DLV-02278,WO-202411-03820,C005,本田汽配,2024-11-11 12:00,2024-11-06 14:22,2024-11-09 07:22,0,准时,0,客户自提
DLV-02279,WO-202411-03823,C010,长城精工,2024-11-21 11:00,2024-11-05 23:14,2024-11-08 14:14,0,准时,0,中通
DLV-02280,WO-202411-03824,C006,岚图汽车,2024-11-19 14:00,2024-11-04 16:10,2024-11-05 21:10,0,准时,0,中通
DLV-02281,WO-202411-03826,C011,比亚迪事业群,2024-11-20 14:00,2024-11-10 07:03,2024-11-12 20:03,0,准时,0,京东物流
DLV-02282,WO-202411-03828,C009,零跑汽车,2024-11-12 11:00,2024-11-05 10:15,2024-11-06 18:15,0,准时,0,京东物流
DLV-02283,WO-202411-03829,C005,本田汽配,2024-11-26 16:00,2024-11-09 16:28,2024-11-12 01:28,0,准时,0,客户自提
DLV-02284,WO-202411-03830,C006,岚图汽车,2024-11-12 14:00,2024-11-05 12:43,2024-11-07 00:43,0,准时,0,自配送
DLV-02285,WO-202411-03832,C003,佛吉亚,2024-11-16 09:00,2024-11-06 05:20,2024-11-07 00:20,0,准时,0,京东物流
DLV-02286,WO-202411-03833,C006,岚图汽车,2024-11-21 11:00,2024-11-08 09:17,2024-11-09 23:17,0,准时,0,客户自提
DLV-02287,WO-202411-03834,C010,长城精工,2024-11-19 13:00,2024-11-06 09:58,2024-11-09 04:58,0,准时,0,自配送
DLV-02288,WO-202411-03835,C008,吉利商用车,2024-11-18 14:00,2024-11-07 18:54,2024-11-10 13:54,0,准时,0,客户自提
DLV-02289,WO-202411-03836,C007,东风乘用车,2024-11-20 13:00,2024-11-04 02:15,2024-11-05 00:15,0,准时,0,中通
DLV-02290,WO-202411-03837,C009,零跑汽车,2024-11-22 12:00,2024-11-07 09:45,2024-11-08 14:45,0,准时,0,中通
DLV-02291,WO-202411-03841,C005,本田汽配,2024-11-22 10:00,2024-11-06 19:09,2024-11-08 22:09,0,准时,0,顺丰
DLV-02292,WO-202411-03842,C007,东风乘用车,2024-11-16 14:00,2024-11-04 04:30,2024-11-05 07:30,0,准时,0,中通
DLV-02293,WO-202411-03843,C002,伟世通,2024-11-12 18:00,2024-11-02 18:54,2024-11-03 21:54,0,准时,0,自配送
DLV-02294,WO-202411-03844,C009,零跑汽车,2024-11-15 18:00,2024-11-07 03:56,2024-11-07 13:56,0,准时,0,自配送
DLV-02295,WO-202411-03845,C004,麦格纳,2024-11-24 09:00,2024-11-08 14:14,2024-11-09 12:14,0,准时,0,中通
DLV-02296,WO-202411-03847,C012,小鹏汽车,2024-11-25 15:00,2024-11-08 18:54,2024-11-10 08:54,0,准时,0,顺丰
DLV-02297,WO-202411-03848,C008,吉利商用车,2024-11-18 16:00,2024-11-06 17:44,2024-11-07 02:44,0,准时,0,中通
DLV-02298,WO-202411-03849,C005,本田汽配,2024-11-21 13:00,2024-11-09 10:26,2024-11-09 21:26,0,准时,0,顺丰
DLV-02299,WO-202411-03850,C008,吉利商用车,2024-11-12 12:00,2024-11-08 20:48,2024-11-11 08:48,0,准时,0,中通
DLV-02300,WO-202411-03852,C005,本田汽配,2024-11-23 16:00,2024-11-06 23:21,2024-11-09 15:21,0,准时,0,顺丰
DLV-02301,WO-202411-03853,C010,长城精工,2024-11-23 16:00,2024-11-09 18:23,2024-11-12 17:23,0,准时,0,京东物流
DLV-02302,WO-202411-03854,C008,吉利商用车,2024-11-17 11:00,2024-11-06 06:43,2024-11-07 19:43,0,准时,0,顺丰
DLV-02303,WO-202411-03855,C010,长城精工,2024-11-22 18:00,2024-11-05 16:33,2024-11-07 12:33,0,准时,0,客户自提
DLV-02304,WO-202411-03859,C004,麦格纳,2024-11-15 10:00,2024-11-07 23:24,2024-11-08 12:24,0,准时,0,客户自提
DLV-02305,WO-202411-03860,C011,比亚迪事业群,2024-11-17 14:00,2024-11-05 10:04,2024-11-08 00:04,0,准时,0,顺丰
DLV-02306,WO-202411-03861,C005,本田汽配,2024-11-21 17:00,2024-11-07 11:04,2024-11-08 07:04,0,准时,0,中通
DLV-02307,WO-202411-03862,C009,零跑汽车,2024-11-22 09:00,2024-11-04 19:21,2024-11-07 05:21,0,准时,0,中通
DLV-02308,WO-202411-03863,C008,吉利商用车,2024-11-18 12:00,2024-11-02 21:49,2024-11-04 16:49,0,准时,0,客户自提
DLV-02309,WO-202411-03864,C004,麦格纳,2024-11-15 10:00,2024-11-07 12:01,2024-11-09 06:01,0,准时,0,顺丰
DLV-02310,WO-202411-03866,C004,麦格纳,2024-11-27 16:00,2024-11-09 07:10,2024-11-10 04:10,0,准时,0,京东物流
DLV-02311,WO-202411-03868,C004,麦格纳,2024-11-21 18:00,2024-11-10 18:38,2024-11-13 00:38,0,准时,0,中通
DLV-02312,WO-202411-03869,C007,东风乘用车,2024-11-11 13:00,2024-11-05 01:43,2024-11-05 23:43,0,准时,0,客户自提
DLV-02313,WO-202411-03871,C005,本田汽配,2024-11-22 15:00,2024-11-06 03:10,2024-11-07 10:10,0,准时,0,自配送
DLV-02314,WO-202411-03872,C009,零跑汽车,2024-11-23 12:00,2024-11-07 08:58,2024-11-08 02:58,0,准时,0,客户自提
DLV-02315,WO-202411-03874,C002,伟世通,2024-11-20 09:00,2024-11-03 20:35,2024-11-06 09:35,0,准时,0,中通
DLV-02316,WO-202411-03876,C002,伟世通,2024-11-23 18:00,2024-11-08 12:59,2024-11-09 21:59,0,准时,0,顺丰
DLV-02317,WO-202411-03878,C004,麦格纳,2024-11-14 17:00,2024-11-05 13:13,2024-11-07 11:13,0,准时,0,中通
DLV-02318,WO-202411-03879,C001,东风彼欧,2024-11-14 12:00,2024-11-05 17:36,2024-11-08 12:36,0,准时,0,中通
DLV-02319,WO-202411-03883,C001,东风彼欧,2024-11-17 09:00,2024-11-09 09:29,2024-11-10 19:29,0,准时,0,顺丰
DLV-02320,WO-202411-03884,C009,零跑汽车,2024-11-20 17:00,2024-11-10 17:01,2024-11-12 10:01,0,准时,0,中通
DLV-02321,WO-202411-03887,C004,麦格纳,2024-11-22 18:00,2024-11-06 05:05,2024-11-09 03:05,0,准时,0,自配送
DLV-02322,WO-202411-03888,C005,本田汽配,2024-11-22 17:00,2024-11-07 13:34,2024-11-08 21:34,0,准时,0,京东物流
DLV-02323,WO-202411-03889,C012,小鹏汽车,2024-11-18 18:00,2024-11-07 20:26,2024-11-10 06:26,0,准时,0,中通
DLV-02324,WO-202411-03891,C002,伟世通,2024-11-19 11:00,2024-11-08 08:16,2024-11-10 23:16,0,准时,0,自配送
DLV-02325,WO-202411-03892,C011,比亚迪事业群,2024-11-20 16:00,2024-11-07 22:27,2024-11-08 22:27,0,准时,0,客户自提
DLV-02326,WO-202411-03893,C011,比亚迪事业群,2024-11-20 11:00,2024-11-04 21:05,2024-11-05 07:05,0,准时,0,顺丰
DLV-02327,WO-202411-03894,C010,长城精工,2024-11-19 14:00,2024-11-09 18:36,2024-11-11 11:36,0,准时,0,客户自提
DLV-02328,WO-202411-03895,C005,本田汽配,2024-11-18 09:00,2024-11-08 08:21,2024-11-10 05:21,0,准时,0,客户自提
DLV-02329,WO-202411-03897,C012,小鹏汽车,2024-11-18 17:00,2024-11-07 11:42,2024-11-10 10:42,0,准时,0,顺丰
DLV-02330,WO-202411-03898,C011,比亚迪事业群,2024-11-16 14:00,2024-11-06 17:04,2024-11-09 10:04,0,准时,0,顺丰
DLV-02331,WO-202411-03899,C006,岚图汽车,2024-11-16 17:00,2024-11-06 01:20,2024-11-07 04:20,0,准时,0,顺丰
DLV-02332,WO-202411-03902,C011,比亚迪事业群,2024-11-22 13:00,2024-11-08 01:46,2024-11-10 07:46,0,准时,0,中通
DLV-02333,WO-202411-03903,C006,岚图汽车,2024-11-24 16:00,2024-11-07 00:20,2024-11-08 07:20,0,准时,0,客户自提
DLV-02334,WO-202411-03904,C001,东风彼欧,2024-11-16 13:00,2024-11-03 21:27,2024-11-06 14:27,0,准时,0,客户自提
DLV-02335,WO-202411-03907,C010,长城精工,2024-11-21 17:00,2024-11-09 21:07,2024-11-10 17:07,0,准时,0,顺丰
DLV-02336,WO-202411-03908,C004,麦格纳,2024-11-14 17:00,2024-11-04 12:27,2024-11-05 06:27,0,准时,0,自配送
DLV-02337,WO-202411-03909,C003,佛吉亚,2024-11-24 11:00,2024-11-06 14:26,2024-11-08 10:26,0,准时,0,顺丰
DLV-02338,WO-202411-03910,C006,岚图汽车,2024-11-18 17:00,2024-11-11 12:34,2024-11-13 19:34,0,准时,0,顺丰
DLV-02339,WO-202411-03912,C010,长城精工,2024-11-20 08:00,2024-11-06 12:54,2024-11-07 16:54,0,准时,0,客户自提
DLV-02340,WO-202411-03913,C007,东风乘用车,2024-11-11 18:00,2024-11-06 01:32,2024-11-07 12:32,0,准时,0,京东物流
DLV-02341,WO-202411-03914,C009,零跑汽车,2024-11-15 08:00,2024-11-03 10:03,2024-11-04 19:03,0,准时,0,客户自提
DLV-02342,WO-202411-03915,C008,吉利商用车,2024-11-26 16:00,2024-11-08 18:57,2024-11-11 18:57,0,准时,0,自配送
DLV-02343,WO-202411-03917,C008,吉利商用车,2024-11-19 17:00,2024-11-08 11:06,2024-11-11 06:06,0,准时,0,顺丰
DLV-02344,WO-202411-03920,C010,长城精工,2024-11-20 12:00,2024-11-08 05:22,2024-11-09 06:22,0,准时,0,客户自提
DLV-02345,WO-202411-03921,C001,东风彼欧,2024-11-21 10:00,2024-11-09 11:03,2024-11-11 02:03,0,准时,0,客户自提
DLV-02346,WO-202411-03923,C001,东风彼欧,2024-11-25 10:00,2024-11-07 07:21,2024-11-09 04:21,0,准时,0,自配送
DLV-02347,WO-202411-03928,C008,吉利商用车,2024-11-13 09:00,2024-11-04 03:29,2024-11-06 02:29,0,准时,0,自配送
DLV-02348,WO-202411-03930,C003,佛吉亚,2024-11-21 16:00,2024-11-10 13:13,2024-11-12 23:13,0,准时,0,客户自提
DLV-02349,WO-202411-03931,C005,本田汽配,2024-11-15 14:00,2024-11-07 02:25,2024-11-07 19:25,0,准时,0,中通
DLV-02350,WO-202411-03932,C012,小鹏汽车,2024-11-14 13:00,2024-11-07 10:34,2024-11-08 20:34,0,准时,0,客户自提
DLV-02351,WO-202411-03935,C010,长城精工,2024-11-13 13:00,2024-11-07 19:28,2024-11-10 06:28,0,准时,0,京东物流
DLV-02352,WO-202411-03936,C001,东风彼欧,2024-11-14 14:00,2024-11-05 03:09,2024-11-06 03:09,0,准时,0,客户自提
DLV-02353,WO-202411-03938,C012,小鹏汽车,2024-11-25 16:00,2024-11-08 13:37,2024-11-10 04:37,0,准时,0,客户自提
DLV-02354,WO-202411-03939,C009,零跑汽车,2024-11-19 16:00,2024-11-07 21:02,2024-11-10 11:02,0,准时,0,自配送
DLV-02355,WO-202411-03940,C011,比亚迪事业群,2024-11-15 17:00,2024-11-09 16:27,2024-11-12 12:27,0,准时,0,京东物流
DLV-02356,WO-202411-03942,C011,比亚迪事业群,2024-11-19 13:00,2024-11-03 21:13,2024-11-05 07:13,0,准时,0,客户自提
DLV-02357,WO-202411-03944,C006,岚图汽车,2024-11-15 15:00,2024-11-07 16:29,2024-11-09 09:29,0,准时,0,客户自提
DLV-02358,WO-202411-03946,C001,东风彼欧,2024-11-16 18:00,2024-11-05 15:01,2024-11-06 11:01,0,准时,0,顺丰
DLV-02359,WO-202411-03947,C011,比亚迪事业群,2024-11-24 17:00,2024-11-09 08:43,2024-11-09 16:43,0,准时,0,客户自提
DLV-02360,WO-202411-03948,C004,麦格纳,2024-11-25 11:00,2024-11-08 22:23,2024-11-09 22:23,0,准时,0,顺丰
DLV-02361,WO-202411-03949,C007,东风乘用车,2024-11-12 18:00,2024-11-05 08:16,2024-11-07 12:16,0,准时,0,客户自提
DLV-02362,WO-202411-03950,C009,零跑汽车,2024-11-17 15:00,2024-11-07 00:19,2024-11-08 13:19,0,准时,0,顺丰
DLV-02363,WO-202411-03951,C011,比亚迪事业群,2024-11-13 13:00,2024-11-05 07:07,2024-11-07 09:07,0,准时,0,自配送
DLV-02364,WO-202411-03952,C003,佛吉亚,2024-11-16 18:00,2024-11-04 09:31,2024-11-06 18:31,0,准时,0,客户自提
DLV-02365,WO-202411-03953,C006,岚图汽车,2024-11-18 15:00,2024-11-05 01:21,2024-11-06 08:21,0,准时,0,自配送
DLV-02366,WO-202411-03954,C006,岚图汽车,2024-11-21 12:00,2024-11-09 20:16,2024-11-11 05:16,0,准时,0,顺丰
DLV-02367,WO-202411-03956,C012,小鹏汽车,2024-11-18 12:00,2024-11-09 05:51,2024-11-09 17:51,0,准时,0,京东物流
DLV-02368,WO-202411-03957,C007,东风乘用车,2024-11-16 12:00,2024-11-09 11:12,2024-11-12 03:12,0,准时,0,中通
DLV-02369,WO-202411-03958,C009,零跑汽车,2024-11-24 12:00,2024-11-07 13:16,2024-11-09 12:16,0,准时,0,自配送
DLV-02370,WO-202411-03959,C011,比亚迪事业群,2024-11-14 13:00,2024-11-05 12:15,2024-11-08 05:15,0,准时,0,京东物流
DLV-02371,WO-202411-03960,C005,本田汽配,2024-11-13 10:00,2024-11-10 11:30,2024-11-12 04:30,0,准时,0,顺丰
DLV-02372,WO-202411-03961,C007,东风乘用车,2024-11-22 12:00,2024-11-06 10:32,2024-11-08 10:32,0,准时,0,顺丰
DLV-02373,WO-202411-03963,C011,比亚迪事业群,2024-11-20 09:00,2024-11-06 01:39,2024-11-07 11:39,0,准时,0,顺丰
DLV-02374,WO-202411-03964,C007,东风乘用车,2024-11-15 16:00,2024-11-04 23:56,2024-11-06 04:56,0,准时,0,自配送
DLV-02375,WO-202411-03966,C006,岚图汽车,2024-11-24 15:00,2024-11-08 21:24,2024-11-10 21:24,0,准时,0,京东物流
DLV-02376,WO-202411-03968,C007,东风乘用车,2024-11-13 08:00,2024-11-07 20:21,2024-11-10 19:21,0,准时,0,中通
DLV-02377,WO-202411-03969,C010,长城精工,2024-11-15 17:00,2024-11-04 11:09,2024-11-06 06:09,0,准时,0,自配送
DLV-02378,WO-202411-03970,C011,比亚迪事业群,2024-11-11 18:00,2024-11-05 17:03,2024-11-08 07:03,0,准时,0,京东物流
DLV-02379,WO-202411-03971,C008,吉利商用车,2024-11-13 18:00,2024-11-08 19:37,2024-11-11 14:37,0,准时,0,客户自提
DLV-02380,WO-202411-03975,C002,伟世通,2024-11-20 14:00,2024-11-06 13:49,2024-11-09 04:49,0,准时,0,中通
DLV-02381,WO-202411-03976,C010,长城精工,2024-11-11 09:00,2024-11-06 19:49,2024-11-08 02:49,0,准时,0,自配送
DLV-02382,WO-202411-03979,C004,麦格纳,2024-11-24 11:00,2024-11-08 21:22,2024-11-11 16:22,0,准时,0,中通
DLV-02383,WO-202411-03980,C010,长城精工,2024-11-12 08:00,2024-11-05 14:12,2024-11-06 13:12,0,准时,0,中通
DLV-02384,WO-202411-03982,C007,东风乘用车,2024-11-22 18:00,2024-11-09 15:47,2024-11-10 22:47,0,准时,0,自配送
DLV-02385,WO-202411-03983,C012,小鹏汽车,2024-11-21 16:00,2024-11-04 20:49,2024-11-07 11:49,0,准时,0,客户自提
DLV-02386,WO-202411-03989,C009,零跑汽车,2024-11-10 12:00,2024-11-03 20:27,2024-11-06 02:27,0,准时,0,京东物流
DLV-02387,WO-202411-03990,C010,长城精工,2024-11-11 14:00,2024-11-06 07:57,2024-11-07 06:57,0,准时,0,自配送
DLV-02388,WO-202411-03994,C012,小鹏汽车,2024-11-13 11:00,2024-11-09 01:57,2024-11-11 16:57,0,准时,0,客户自提
DLV-02389,WO-202411-03995,C006,岚图汽车,2024-11-18 10:00,2024-11-04 22:20,2024-11-06 15:20,0,准时,0,自配送
DLV-02390,WO-202411-03996,C005,本田汽配,2024-11-21 14:00,2024-11-04 23:59,2024-11-05 18:59,0,准时,0,自配送
DLV-02391,WO-202411-03997,C006,岚图汽车,2024-11-23 16:00,2024-11-06 01:37,2024-11-08 03:37,0,准时,0,中通
DLV-02392,WO-202411-04001,C007,东风乘用车,2024-11-17 18:00,2024-11-03 21:49,2024-11-05 08:49,0,准时,0,客户自提
DLV-02393,WO-202411-04002,C010,长城精工,2024-11-15 08:00,2024-11-04 09:19,2024-11-06 22:19,0,准时,0,客户自提
DLV-02394,WO-202411-04003,C012,小鹏汽车,2024-11-16 12:00,2024-11-06 01:17,2024-11-08 00:17,0,准时,0,客户自提
DLV-02395,WO-202411-04006,C012,小鹏汽车,2024-11-13 09:00,2024-11-04 18:53,2024-11-06 00:53,0,准时,0,客户自提
DLV-02396,WO-202411-04008,C003,佛吉亚,2024-11-09 13:00,2024-11-03 17:39,2024-11-04 02:39,0,准时,0,顺丰
DLV-02397,WO-202411-04009,C007,东风乘用车,2024-11-11 09:00,2024-11-06 00:12,2024-11-08 01:12,0,准时,0,客户自提
DLV-02398,WO-202411-04011,C008,吉利商用车,2024-11-20 18:00,2024-11-08 03:33,2024-11-10 22:33,0,准时,0,京东物流
DLV-02399,WO-202411-04012,C007,东风乘用车,2024-11-15 16:00,2024-11-07 19:15,2024-11-08 03:15,0,准时,0,客户自提
DLV-02400,WO-202411-04015,C003,佛吉亚,2024-11-13 14:00,2024-11-07 15:19,2024-11-10 02:19,0,准时,0,自配送
DLV-02401,WO-202411-04017,C002,伟世通,2024-11-14 12:00,2024-11-04 22:12,2024-11-07 15:12,0,准时,0,顺丰
DLV-02402,WO-202411-04019,C003,佛吉亚,2024-11-16 09:00,2024-11-09 08:00,2024-11-10 09:00,0,准时,0,顺丰
DLV-02403,WO-202411-04020,C002,伟世通,2024-11-25 15:00,2024-11-09 23:04,2024-11-11 06:04,0,准时,0,自配送
DLV-02404,WO-202411-04026,C001,东风彼欧,2024-11-18 18:00,2024-11-03 02:12,2024-11-04 20:12,0,准时,0,自配送
DLV-02405,WO-202411-04030,C010,长城精工,2024-11-20 18:00,2024-11-06 09:19,2024-11-06 17:19,0,准时,0,京东物流
DLV-02406,WO-202411-04032,C008,吉利商用车,2024-11-20 08:00,2024-11-08 19:29,2024-11-11 04:29,0,准时,0,中通
DLV-02407,WO-202411-04033,C012,小鹏汽车,2024-11-14 10:00,2024-11-05 03:13,2024-11-06 07:13,0,准时,0,京东物流
DLV-02408,WO-202411-04038,C005,本田汽配,2024-11-18 12:00,2024-11-07 17:14,2024-11-10 05:14,0,准时,0,自配送
DLV-02409,WO-202411-04040,C012,小鹏汽车,2024-11-25 12:00,2024-11-07 00:17,2024-11-09 08:17,0,准时,0,客户自提
DLV-02410,WO-202411-04044,C006,岚图汽车,2024-11-20 11:00,2024-11-09 01:31,2024-11-11 16:31,0,准时,0,自配送
DLV-02411,WO-202411-04045,C006,岚图汽车,2024-11-25 16:00,2024-11-07 12:36,2024-11-07 22:36,0,准时,0,客户自提
DLV-02412,WO-202411-04048,C008,吉利商用车,2024-11-18 12:00,2024-11-03 19:34,2024-11-04 13:34,0,准时,0,中通
DLV-02413,WO-202411-04049,C007,东风乘用车,2024-11-19 18:00,2024-11-08 11:12,2024-11-11 07:12,0,准时,0,中通
DLV-02414,WO-202411-04050,C005,本田汽配,2024-11-11 08:00,2024-11-04 17:28,2024-11-06 16:28,0,准时,0,京东物流
DLV-02415,WO-202411-04051,C012,小鹏汽车,2024-11-17 10:00,2024-11-05 05:34,2024-11-05 22:34,0,准时,0,京东物流
DLV-02416,WO-202411-04053,C007,东风乘用车,2024-11-12 11:00,2024-11-04 20:06,2024-11-07 07:06,0,准时,0,顺丰
DLV-02417,WO-202411-04054,C008,吉利商用车,2024-11-23 17:00,2024-11-06 15:24,2024-11-09 09:24,0,准时,0,顺丰
DLV-02418,WO-202411-04055,C008,吉利商用车,2024-11-10 13:00,2024-11-05 08:44,2024-11-07 14:44,0,准时,0,顺丰
DLV-02419,WO-202411-04059,C008,吉利商用车,2024-11-20 10:00,2024-11-05 22:03,2024-11-07 16:03,0,准时,0,客户自提
DLV-02420,WO-202411-04060,C004,麦格纳,2024-11-13 13:00,2024-11-10 08:21,2024-11-10 18:21,0,准时,0,顺丰
DLV-02421,WO-202411-04067,C003,佛吉亚,2024-11-25 15:00,2024-11-07 22:45,2024-11-09 23:45,0,准时,0,京东物流
DLV-02422,WO-202411-04068,C002,伟世通,2024-11-21 14:00,2024-11-04 16:39,2024-11-07 15:39,0,准时,0,中通
DLV-02423,WO-202411-04069,C008,吉利商用车,2024-11-16 16:00,2024-11-04 08:45,2024-11-07 04:45,0,准时,0,自配送
DLV-02424,WO-202411-04071,C001,东风彼欧,2024-11-10 12:00,2024-11-04 05:43,2024-11-06 20:43,0,准时,0,顺丰
DLV-02425,WO-202411-04072,C004,麦格纳,2024-11-20 12:00,2024-11-04 23:50,2024-11-05 21:50,0,准时,0,自配送
DLV-02426,WO-202411-04073,C003,佛吉亚,2024-11-11 13:00,2024-11-06 09:47,2024-11-06 18:47,0,准时,0,中通
DLV-02427,WO-202411-04075,C007,东风乘用车,2024-11-22 18:00,2024-11-04 15:18,2024-11-05 13:18,0,准时,0,京东物流
DLV-02428,WO-202411-04076,C010,长城精工,2024-11-11 18:00,2024-11-03 07:44,2024-11-03 21:44,0,准时,0,中通
DLV-02429,WO-202411-04078,C004,麦格纳,2024-11-12 17:00,2024-11-08 16:58,2024-11-09 06:58,0,准时,0,京东物流
DLV-02430,WO-202411-04079,C011,比亚迪事业群,2024-11-10 12:00,2024-11-03 01:49,2024-11-04 08:49,0,准时,0,自配送
DLV-02431,WO-202411-04083,C005,本田汽配,2024-11-13 10:00,2024-11-09 06:00,2024-11-11 19:00,0,准时,0,京东物流
DLV-02432,WO-202411-04085,C005,本田汽配,2024-11-23 12:00,2024-11-07 09:06,2024-11-08 00:06,0,准时,0,客户自提
DLV-02433,WO-202411-04088,C007,东风乘用车,2024-11-19 18:00,2024-11-06 03:09,2024-11-08 06:09,0,准时,0,顺丰
DLV-02434,WO-202411-04090,C010,长城精工,2024-11-25 14:00,2024-11-08 10:46,2024-11-10 13:46,0,准时,0,顺丰
DLV-02435,WO-202411-04092,C004,麦格纳,2024-11-19 10:00,2024-11-07 08:57,2024-11-08 11:57,0,准时,0,客户自提
DLV-02436,WO-202411-04093,C007,东风乘用车,2024-11-20 14:00,2024-11-05 13:59,2024-11-08 08:59,0,准时,0,顺丰
DLV-02437,WO-202411-04094,C004,麦格纳,2024-11-12 15:00,2024-11-06 10:52,2024-11-08 14:52,0,准时,0,京东物流
DLV-02438,WO-202411-04095,C011,比亚迪事业群,2024-11-15 10:00,2024-11-07 01:28,2024-11-08 23:28,0,准时,0,京东物流
DLV-02439,WO-202411-04096,C006,岚图汽车,2024-11-13 15:00,2024-11-07 01:04,2024-11-09 01:04,0,准时,0,自配送
DLV-02440,WO-202411-04097,C001,东风彼欧,2024-11-18 11:00,2024-11-08 09:39,2024-11-10 15:39,0,准时,0,顺丰
DLV-02441,WO-202411-04098,C008,吉利商用车,2024-11-13 12:00,2024-11-09 02:31,2024-11-10 07:31,0,准时,0,自配送
DLV-02442,WO-202411-04099,C003,佛吉亚,2024-11-19 14:00,2024-11-08 20:28,2024-11-09 19:28,0,准时,0,顺丰
DLV-02443,WO-202411-04100,C006,岚图汽车,2024-11-11 18:00,2024-11-06 19:52,2024-11-07 18:52,0,准时,0,客户自提
DLV-02444,WO-202411-04101,C008,吉利商用车,2024-11-16 18:00,2024-11-04 09:31,2024-11-04 23:31,0,准时,0,客户自提
DLV-02445,WO-202411-04103,C006,岚图汽车,2024-11-24 13:00,2024-11-08 03:29,2024-11-09 13:29,0,准时,0,中通
DLV-02446,WO-202411-04105,C001,东风彼欧,2024-11-13 15:00,2024-11-07 04:02,2024-11-10 00:02,0,准时,0,中通
DLV-02447,WO-202411-04106,C002,伟世通,2024-11-16 10:00,2024-11-07 17:51,2024-11-08 19:51,0,准时,0,京东物流
DLV-02448,WO-202411-04108,C004,麦格纳,2024-11-09 09:00,2024-11-03 06:24,2024-11-06 00:24,0,准时,0,自配送
DLV-02449,WO-202411-04109,C007,东风乘用车,2024-11-12 10:00,2024-11-06 00:14,2024-11-06 23:14,0,准时,0,顺丰
DLV-02450,WO-202411-04110,C007,东风乘用车,2024-11-15 10:00,2024-11-05 20:03,2024-11-06 11:03,0,准时,0,顺丰
DLV-02451,WO-202411-04111,C011,比亚迪事业群,2024-11-20 11:00,2024-11-08 05:03,2024-11-09 22:03,0,准时,0,京东物流
DLV-02452,WO-202411-04112,C007,东风乘用车,2024-11-15 18:00,2024-11-04 00:16,2024-11-06 22:16,0,准时,0,顺丰
DLV-02453,WO-202411-04114,C004,麦格纳,2024-11-21 14:00,2024-11-02 19:42,2024-11-05 11:42,0,准时,0,京东物流
DLV-02454,WO-202411-04116,C003,佛吉亚,2024-11-22 10:00,2024-11-10 06:42,2024-11-11 20:42,0,准时,0,客户自提
DLV-02455,WO-202411-04117,C004,麦格纳,2024-11-17 16:00,2024-11-04 07:57,2024-11-05 23:57,0,准时,0,客户自提
DLV-02456,WO-202411-04118,C008,吉利商用车,2024-11-18 16:00,2024-11-06 05:04,2024-11-07 09:04,0,准时,0,顺丰
DLV-02457,WO-202411-04119,C011,比亚迪事业群,2024-11-13 17:00,2024-11-07 06:49,2024-11-10 06:49,0,准时,0,自配送
DLV-02458,WO-202411-04121,C003,佛吉亚,2024-11-15 17:00,2024-11-07 19:27,2024-11-08 06:27,0,准时,0,京东物流
DLV-02459,WO-202411-04124,C004,麦格纳,2024-11-20 16:00,2024-11-08 06:37,2024-11-10 12:37,0,准时,0,自配送
DLV-02460,WO-202411-04126,C010,长城精工,2024-11-15 09:00,2024-11-06 10:11,2024-11-07 11:11,0,准时,0,顺丰
DLV-02461,WO-202411-04130,C008,吉利商用车,2024-11-24 12:00,2024-11-08 05:24,2024-11-08 16:24,0,准时,0,客户自提
DLV-02462,WO-202411-04134,C009,零跑汽车,2024-11-15 08:00,2024-11-07 08:07,2024-11-07 19:07,0,准时,0,中通
DLV-02463,WO-202411-04135,C004,麦格纳,2024-11-15 13:00,2024-11-07 05:49,2024-11-09 16:49,0,准时,0,客户自提
DLV-02464,WO-202411-04137,C003,佛吉亚,2024-11-18 15:00,2024-11-06 09:55,2024-11-07 20:55,0,准时,0,顺丰
DLV-02465,WO-202411-04144,C012,小鹏汽车,2024-11-25 18:00,2024-11-07 18:13,2024-11-08 03:13,0,准时,0,京东物流
DLV-02466,WO-202411-04145,C011,比亚迪事业群,2024-11-16 18:00,2024-11-10 04:40,2024-11-12 17:40,0,准时,0,顺丰
DLV-02467,WO-202411-04146,C009,零跑汽车,2024-11-25 10:00,2024-11-05 18:40,2024-11-07 09:40,0,准时,0,自配送
DLV-02468,WO-202411-04147,C008,吉利商用车,2024-11-17 09:00,2024-11-08 14:10,2024-11-11 08:10,0,准时,0,客户自提
DLV-02469,WO-202411-04150,C006,岚图汽车,2024-11-13 13:00,2024-11-08 16:22,2024-11-09 07:22,0,准时,0,顺丰
DLV-02470,WO-202411-04152,C012,小鹏汽车,2024-11-21 17:00,2024-11-04 04:20,2024-11-04 21:20,0,准时,0,自配送
DLV-02471,WO-202411-04153,C001,东风彼欧,2024-11-21 18:00,2024-11-05 17:54,2024-11-06 16:54,0,准时,0,顺丰
DLV-02472,WO-202411-04154,C010,长城精工,2024-11-18 08:00,2024-11-10 00:54,2024-11-10 14:54,0,准时,0,中通
DLV-02473,WO-202411-04155,C003,佛吉亚,2024-11-15 17:00,2024-11-06 04:15,2024-11-06 13:15,0,准时,0,客户自提
DLV-02474,WO-202411-04156,C008,吉利商用车,2024-11-21 17:00,2024-11-04 08:12,2024-11-05 11:12,0,准时,0,中通
DLV-02475,WO-202411-04158,C005,本田汽配,2024-11-13 13:00,2024-11-06 12:31,2024-11-08 01:31,0,准时,0,中通
DLV-02476,WO-202411-04159,C010,长城精工,2024-11-20 08:00,2024-11-06 02:33,2024-11-08 13:33,0,准时,0,客户自提
DLV-02477,WO-202411-04161,C005,本田汽配,2024-11-12 09:00,2024-11-07 21:55,2024-11-09 22:55,0,准时,0,中通
DLV-02478,WO-202411-04162,C009,零跑汽车,2024-11-18 17:00,2024-11-05 09:56,2024-11-08 07:56,0,准时,0,顺丰
DLV-02479,WO-202411-04163,C008,吉利商用车,2024-11-21 08:00,2024-11-07 11:00,2024-11-10 07:00,0,准时,0,客户自提
DLV-02480,WO-202411-04164,C003,佛吉亚,2024-11-11 13:00,2024-11-04 12:46,2024-11-06 18:46,0,准时,0,中通
DLV-02481,WO-202411-04166,C002,伟世通,2024-11-20 15:00,2024-11-08 22:51,2024-11-10 13:51,0,准时,0,客户自提
DLV-02482,WO-202411-04169,C005,本田汽配,2024-11-19 08:00,2024-11-03 05:03,2024-11-04 11:03,0,准时,0,客户自提
DLV-02483,WO-202411-04170,C002,伟世通,2024-11-11 10:00,2024-11-04 13:36,2024-11-06 04:36,0,准时,0,京东物流
DLV-02484,WO-202411-04171,C006,岚图汽车,2024-11-16 16:00,2024-11-06 17:04,2024-11-09 06:04,0,准时,0,顺丰
DLV-02485,WO-202411-04172,C006,岚图汽车,2024-11-24 09:00,2024-11-06 06:49,2024-11-07 08:49,0,准时,0,中通
DLV-02486,WO-202411-04174,C007,东风乘用车,2024-11-19 10:00,2024-11-09 19:43,2024-11-11 00:43,0,准时,0,自配送
DLV-02487,WO-202411-04175,C010,长城精工,2024-11-12 14:00,2024-11-04 17:49,2024-11-07 05:49,0,准时,0,京东物流
DLV-02488,WO-202411-04176,C003,佛吉亚,2024-11-22 18:00,2024-11-06 03:06,2024-11-07 17:06,0,准时,0,中通
DLV-02489,WO-202411-04179,C007,东风乘用车,2024-11-19 17:00,2024-11-04 20:50,2024-11-07 16:50,0,准时,0,自配送
DLV-02490,WO-202411-04181,C010,长城精工,2024-11-13 12:00,2024-11-05 22:13,2024-11-07 13:13,0,准时,0,自配送
DLV-02491,WO-202411-04183,C011,比亚迪事业群,2024-11-17 14:00,2024-11-06 22:37,2024-11-08 15:37,0,准时,0,中通
DLV-02492,WO-202411-04184,C001,东风彼欧,2024-11-16 16:00,2024-11-05 19:16,2024-11-08 05:16,0,准时,0,客户自提
DLV-02493,WO-202411-04186,C003,佛吉亚,2024-11-19 12:00,2024-11-05 21:48,2024-11-07 14:48,0,准时,0,自配送
DLV-02494,WO-202411-04188,C005,本田汽配,2024-11-21 16:00,2024-11-09 13:51,2024-11-10 10:51,0,准时,0,京东物流
DLV-02495,WO-202411-04190,C005,本田汽配,2024-11-15 13:00,2024-11-06 09:33,2024-11-06 23:33,0,准时,0,京东物流
DLV-02496,WO-202411-04191,C010,长城精工,2024-11-25 11:00,2024-11-07 06:56,2024-11-09 05:56,0,准时,0,客户自提
DLV-02497,WO-202411-04192,C010,长城精工,2024-11-11 15:00,2024-11-04 02:44,2024-11-05 03:44,0,准时,0,客户自提
DLV-02498,WO-202411-04194,C008,吉利商用车,2024-11-12 13:00,2024-11-07 12:06,2024-11-08 11:06,0,准时,0,中通
DLV-02499,WO-202411-04195,C009,零跑汽车,2024-11-11 14:00,2024-11-04 15:14,2024-11-05 22:14,0,准时,0,顺丰
DLV-02500,WO-202411-04196,C003,佛吉亚,2024-11-09 17:00,2024-11-03 08:34,2024-11-06 01:34,0,准时,0,京东物流
DLV-02501,WO-202411-04200,C011,比亚迪事业群,2024-11-22 18:00,2024-11-05 01:41,2024-11-07 07:41,0,准时,0,自配送
DLV-02502,WO-202411-04201,C009,零跑汽车,2024-11-14 09:00,2024-11-03 20:58,2024-11-04 18:58,0,准时,0,中通
DLV-02503,WO-202411-04202,C010,长城精工,2024-11-14 15:00,2024-11-04 20:57,2024-11-05 04:57,0,准时,0,京东物流
DLV-02504,WO-202411-04204,C005,本田汽配,2024-11-14 17:00,2024-11-07 22:25,2024-11-10 04:25,0,准时,0,自配送
DLV-02505,WO-202411-04205,C006,岚图汽车,2024-11-15 16:00,2024-11-09 16:57,2024-11-10 18:57,0,准时,0,客户自提
DLV-02506,WO-202411-04207,C012,小鹏汽车,2024-11-17 16:00,2024-11-05 17:46,2024-11-07 11:46,0,准时,0,客户自提
DLV-02507,WO-202411-04208,C010,长城精工,2024-11-13 16:00,2024-11-09 17:01,2024-11-12 00:01,0,准时,0,中通
DLV-02508,WO-202411-04209,C005,本田汽配,2024-11-15 08:00,2024-11-04 10:43,2024-11-06 10:43,0,准时,0,自配送
DLV-02509,WO-202411-04210,C001,东风彼欧,2024-11-10 10:00,2024-11-03 13:39,2024-11-05 23:39,0,准时,0,中通
DLV-02510,WO-202411-04214,C010,长城精工,2024-11-21 12:00,2024-11-10 01:04,2024-11-12 04:04,0,准时,0,京东物流
DLV-02511,WO-202411-04216,C010,长城精工,2024-11-12 16:00,2024-11-04 17:13,2024-11-05 11:13,0,准时,0,中通
DLV-02512,WO-202411-04218,C009,零跑汽车,2024-11-21 16:00,2024-11-10 23:19,2024-11-12 09:19,0,准时,0,自配送
DLV-02513,WO-202411-04219,C006,岚图汽车,2024-11-11 16:00,2024-11-07 00:49,2024-11-09 12:49,0,准时,0,顺丰
DLV-02514,WO-202411-04222,C007,东风乘用车,2024-11-21 18:00,2024-11-09 07:13,2024-11-10 19:13,0,准时,0,中通
DLV-02515,WO-202411-04225,C004,麦格纳,2024-11-17 15:00,2024-11-08 02:20,2024-11-08 12:20,0,准时,0,顺丰
DLV-02516,WO-202411-04226,C003,佛吉亚,2024-11-20 16:00,2024-11-07 02:28,2024-11-09 21:28,0,准时,0,顺丰
DLV-02517,WO-202411-04227,C001,东风彼欧,2024-11-15 10:00,2024-11-05 23:18,2024-11-07 00:18,0,准时,0,京东物流
DLV-02518,WO-202411-04230,C011,比亚迪事业群,2024-11-13 12:00,2024-11-10 06:23,2024-11-12 05:23,0,准时,0,中通
DLV-02519,WO-202411-04231,C011,比亚迪事业群,2024-11-20 18:00,2024-11-05 20:11,2024-11-07 04:11,0,准时,0,中通
DLV-02520,WO-202412-04232,C005,本田汽配,2024-12-24 14:00,2024-12-09 06:36,2024-12-11 15:36,0,准时,0,顺丰
DLV-02521,WO-202412-04235,C009,零跑汽车,2024-12-12 16:00,2024-12-04 08:23,2024-12-06 22:23,0,准时,0,自配送
DLV-02522,WO-202412-04236,C009,零跑汽车,2024-12-25 11:00,2024-12-08 17:37,2024-12-09 10:37,0,准时,0,客户自提
DLV-02523,WO-202412-04238,C001,东风彼欧,2024-12-21 18:00,2024-12-07 15:08,2024-12-09 18:08,0,准时,0,客户自提
DLV-02524,WO-202412-04240,C007,东风乘用车,2024-12-20 15:00,2024-12-07 12:33,2024-12-08 00:33,0,准时,0,客户自提
DLV-02525,WO-202412-04242,C009,零跑汽车,2024-12-16 16:00,2024-12-03 19:15,2024-12-06 12:15,0,准时,0,客户自提
DLV-02526,WO-202412-04243,C010,长城精工,2024-12-12 12:00,2024-12-08 00:55,2024-12-08 14:55,0,准时,0,京东物流
DLV-02527,WO-202412-04245,C004,麦格纳,2024-12-23 14:00,2024-12-10 04:10,2024-12-12 18:10,0,准时,0,中通
DLV-02528,WO-202412-04247,C007,东风乘用车,2024-12-23 15:00,2024-12-04 13:33,2024-12-06 10:33,0,准时,0,京东物流
DLV-02529,WO-202412-04248,C006,岚图汽车,2024-12-24 16:00,2024-12-08 06:17,2024-12-10 22:17,0,准时,0,客户自提
DLV-02530,WO-202412-04249,C012,小鹏汽车,2024-12-26 08:00,2024-12-07 13:42,2024-12-08 01:42,0,准时,0,顺丰
DLV-02531,WO-202412-04252,C010,长城精工,2024-12-18 17:00,2024-12-05 18:49,2024-12-07 01:49,0,准时,0,京东物流
DLV-02532,WO-202412-04254,C001,东风彼欧,2024-12-19 13:00,2024-12-08 15:00,2024-12-10 23:00,0,准时,0,京东物流
DLV-02533,WO-202412-04255,C003,佛吉亚,2024-12-21 18:00,2024-12-08 08:18,2024-12-08 17:18,0,准时,0,客户自提
DLV-02534,WO-202412-04256,C009,零跑汽车,2024-12-19 09:00,2024-12-05 00:19,2024-12-06 21:19,0,准时,0,中通
DLV-02535,WO-202412-04258,C004,麦格纳,2024-12-18 13:00,2024-12-04 09:24,2024-12-05 15:24,0,准时,0,客户自提
DLV-02536,WO-202412-04259,C007,东风乘用车,2024-12-24 09:00,2024-12-09 21:57,2024-12-12 20:57,0,准时,0,中通
DLV-02537,WO-202412-04260,C011,比亚迪事业群,2024-12-13 18:00,2024-12-09 09:54,2024-12-10 08:54,0,准时,0,顺丰
DLV-02538,WO-202412-04261,C010,长城精工,2024-12-13 11:00,2024-12-04 09:28,2024-12-07 01:28,0,准时,0,自配送
DLV-02539,WO-202412-04264,C005,本田汽配,2024-12-20 12:00,2024-12-09 03:04,2024-12-10 07:04,0,准时,0,京东物流
DLV-02540,WO-202412-04265,C005,本田汽配,2024-12-20 13:00,2024-12-04 13:57,2024-12-06 03:57,0,准时,0,客户自提
DLV-02541,WO-202412-04267,C002,伟世通,2024-12-11 13:00,2024-12-05 13:51,2024-12-06 14:51,0,准时,0,自配送
DLV-02542,WO-202412-04268,C001,东风彼欧,2024-12-16 08:00,2024-12-05 20:26,2024-12-08 01:26,0,准时,0,自配送
DLV-02543,WO-202412-04269,C003,佛吉亚,2024-12-13 12:00,2024-12-03 03:51,2024-12-04 19:51,0,准时,0,顺丰
DLV-02544,WO-202412-04274,C006,岚图汽车,2024-12-24 14:00,2024-12-07 15:22,2024-12-09 08:22,0,准时,0,自配送
DLV-02545,WO-202412-04275,C001,东风彼欧,2024-12-26 12:00,2024-12-07 00:43,2024-12-09 08:43,0,准时,0,自配送
DLV-02546,WO-202412-04276,C006,岚图汽车,2024-12-25 11:00,2024-12-09 17:19,2024-12-12 15:19,0,准时,0,顺丰
DLV-02547,WO-202412-04277,C009,零跑汽车,2024-12-19 13:00,2024-12-05 22:01,2024-12-07 07:01,0,准时,0,京东物流
DLV-02548,WO-202412-04278,C009,零跑汽车,2024-12-24 08:00,2024-12-05 19:52,2024-12-06 05:52,0,准时,0,京东物流
DLV-02549,WO-202412-04281,C003,佛吉亚,2024-12-10 17:00,2024-12-05 11:39,2024-12-07 06:39,0,准时,0,客户自提
DLV-02550,WO-202412-04282,C003,佛吉亚,2024-12-17 17:00,2024-12-09 10:51,2024-12-11 22:51,0,准时,0,自配送
DLV-02551,WO-202412-04283,C005,本田汽配,2024-12-20 11:00,2024-12-03 21:22,2024-12-04 22:22,0,准时,0,自配送
DLV-02552,WO-202412-04287,C008,吉利商用车,2024-12-11 08:00,2024-12-05 07:15,2024-12-06 03:15,0,准时,0,客户自提
DLV-02553,WO-202412-04289,C003,佛吉亚,2024-12-19 10:00,2024-12-06 10:26,2024-12-06 20:26,0,准时,0,客户自提
DLV-02554,WO-202412-04291,C001,东风彼欧,2024-12-16 11:00,2024-12-04 07:43,2024-12-06 18:43,0,准时,0,京东物流
DLV-02555,WO-202412-04292,C008,吉利商用车,2024-12-22 18:00,2024-12-06 13:04,2024-12-08 12:04,0,准时,0,中通
DLV-02556,WO-202412-04293,C007,东风乘用车,2024-12-12 11:00,2024-12-09 00:22,2024-12-09 10:22,0,准时,0,自配送
DLV-02557,WO-202412-04295,C004,麦格纳,2024-12-23 15:00,2024-12-04 11:18,2024-12-06 01:18,0,准时,0,京东物流
DLV-02558,WO-202412-04296,C003,佛吉亚,2024-12-10 12:00,2024-12-05 17:19,2024-12-06 17:19,0,准时,0,中通
DLV-02559,WO-202412-04298,C002,伟世通,2024-12-15 16:00,2024-12-07 08:18,2024-12-09 17:18,0,准时,0,客户自提
DLV-02560,WO-202412-04299,C004,麦格纳,2024-12-19 13:00,2024-12-09 03:19,2024-12-09 12:19,0,准时,0,京东物流
DLV-02561,WO-202412-04300,C012,小鹏汽车,2024-12-22 13:00,2024-12-04 13:20,2024-12-06 05:20,0,准时,0,京东物流
DLV-02562,WO-202412-04304,C003,佛吉亚,2024-12-08 18:00,2024-12-04 15:45,2024-12-06 16:45,0,准时,0,中通
DLV-02563,WO-202412-04305,C002,伟世通,2024-12-19 13:00,2024-12-03 03:36,2024-12-05 18:36,0,准时,0,顺丰
DLV-02564,WO-202412-04306,C009,零跑汽车,2024-12-16 15:00,2024-12-05 20:01,2024-12-07 04:01,0,准时,0,京东物流
DLV-02565,WO-202412-04308,C002,伟世通,2024-12-27 13:00,2024-12-10 10:30,2024-12-13 01:30,0,准时,0,顺丰
DLV-02566,WO-202412-04310,C007,东风乘用车,2024-12-20 10:00,2024-12-08 22:21,2024-12-10 08:21,0,准时,0,京东物流
DLV-02567,WO-202412-04311,C012,小鹏汽车,2024-12-17 08:00,2024-12-05 21:27,2024-12-06 15:27,0,准时,0,自配送
DLV-02568,WO-202412-04313,C012,小鹏汽车,2024-12-15 11:00,2024-12-07 22:07,2024-12-09 14:07,0,准时,0,客户自提
DLV-02569,WO-202412-04316,C012,小鹏汽车,2024-12-19 16:00,2024-12-09 10:56,2024-12-11 08:56,0,准时,0,中通
DLV-02570,WO-202412-04319,C007,东风乘用车,2024-12-19 09:00,2024-12-02 18:04,2024-12-04 06:04,0,准时,0,自配送
DLV-02571,WO-202412-04320,C012,小鹏汽车,2024-12-21 12:00,2024-12-06 12:29,2024-12-08 02:29,0,准时,0,顺丰
DLV-02572,WO-202412-04323,C010,长城精工,2024-12-14 13:00,2024-12-08 19:31,2024-12-09 19:31,0,准时,0,客户自提
DLV-02573,WO-202412-04324,C008,吉利商用车,2024-12-15 10:00,2024-12-07 23:34,2024-12-10 23:34,0,准时,0,顺丰
DLV-02574,WO-202412-04325,C004,麦格纳,2024-12-15 11:00,2024-12-07 10:27,2024-12-08 20:27,0,准时,0,中通
DLV-02575,WO-202412-04327,C012,小鹏汽车,2024-12-26 13:00,2024-12-08 13:39,2024-12-09 15:39,0,准时,0,客户自提
DLV-02576,WO-202412-04330,C006,岚图汽车,2024-12-10 17:00,2024-12-05 17:34,2024-12-07 10:34,0,准时,0,客户自提
DLV-02577,WO-202412-04331,C010,长城精工,2024-12-16 14:00,2024-12-08 01:20,2024-12-10 22:20,0,准时,0,自配送
DLV-02578,WO-202412-04332,C011,比亚迪事业群,2024-12-15 17:00,2024-12-08 14:03,2024-12-09 14:03,0,准时,0,中通
DLV-02579,WO-202412-04334,C011,比亚迪事业群,2024-12-15 11:00,2024-12-05 21:27,2024-12-08 16:27,0,准时,0,客户自提
DLV-02580,WO-202412-04335,C009,零跑汽车,2024-12-19 11:00,2024-12-09 08:18,2024-12-10 05:18,0,准时,0,客户自提
DLV-02581,WO-202412-04336,C011,比亚迪事业群,2024-12-17 13:00,2024-12-07 04:29,2024-12-09 10:29,0,准时,0,自配送
DLV-02582,WO-202412-04337,C010,长城精工,2024-12-27 10:00,2024-12-09 00:13,2024-12-09 23:13,0,准时,0,中通
DLV-02583,WO-202412-04338,C002,伟世通,2024-12-23 15:00,2024-12-09 22:10,2024-12-11 04:10,0,准时,0,自配送
DLV-02584,WO-202412-04340,C005,本田汽配,2024-12-18 16:00,2024-12-08 09:35,2024-12-10 17:35,0,准时,0,自配送
DLV-02585,WO-202412-04341,C010,长城精工,2024-12-20 14:00,2024-12-07 07:51,2024-12-08 03:51,0,准时,0,顺丰
DLV-02586,WO-202412-04342,C012,小鹏汽车,2024-12-23 11:00,2024-12-07 10:48,2024-12-09 22:48,0,准时,0,客户自提
DLV-02587,WO-202412-04343,C003,佛吉亚,2024-12-19 14:00,2024-12-06 07:30,2024-12-07 02:30,0,准时,0,自配送
DLV-02588,WO-202412-04346,C010,长城精工,2024-12-18 13:00,2024-12-04 22:36,2024-12-07 03:36,0,准时,0,中通
DLV-02589,WO-202412-04347,C002,伟世通,2024-12-09 18:00,2024-12-06 10:36,2024-12-08 10:36,0,准时,0,京东物流
DLV-02590,WO-202412-04348,C011,比亚迪事业群,2024-12-17 12:00,2024-12-07 15:07,2024-12-08 00:07,0,准时,0,自配送
DLV-02591,WO-202412-04349,C005,本田汽配,2024-12-14 11:00,2024-12-04 22:10,2024-12-06 10:10,0,准时,0,自配送
DLV-02592,WO-202412-04350,C003,佛吉亚,2024-12-22 08:00,2024-12-06 11:42,2024-12-08 06:42,0,准时,0,客户自提
DLV-02593,WO-202412-04352,C005,本田汽配,2024-12-16 16:00,2024-12-08 03:31,2024-12-10 16:31,0,准时,0,顺丰
DLV-02594,WO-202412-04353,C001,东风彼欧,2024-12-11 17:00,2024-12-06 14:28,2024-12-08 22:28,0,准时,0,京东物流
DLV-02595,WO-202412-04356,C010,长城精工,2024-12-25 13:00,2024-12-07 15:27,2024-12-08 15:27,0,准时,0,京东物流
DLV-02596,WO-202412-04358,C005,本田汽配,2024-12-21 08:00,2024-12-05 10:19,2024-12-06 03:19,0,准时,0,客户自提
DLV-02597,WO-202412-04361,C005,本田汽配,2024-12-15 11:00,2024-12-08 13:42,2024-12-11 13:42,0,准时,0,客户自提
DLV-02598,WO-202412-04362,C003,佛吉亚,2024-12-17 14:00,2024-12-06 12:09,2024-12-07 04:09,0,准时,0,客户自提
DLV-02599,WO-202412-04364,C007,东风乘用车,2024-12-14 09:00,2024-12-06 09:13,2024-12-07 21:13,0,准时,0,中通
DLV-02600,WO-202412-04366,C011,比亚迪事业群,2024-12-19 17:00,2024-12-06 13:04,2024-12-08 02:04,0,准时,0,中通
DLV-02601,WO-202412-04367,C005,本田汽配,2024-12-15 11:00,2024-12-04 07:45,2024-12-04 15:45,0,准时,0,中通
DLV-02602,WO-202412-04368,C009,零跑汽车,2024-12-21 13:00,2024-12-08 18:27,2024-12-11 15:27,0,准时,0,顺丰
DLV-02603,WO-202412-04369,C005,本田汽配,2024-12-25 09:00,2024-12-07 02:16,2024-12-08 10:16,0,准时,0,京东物流
DLV-02604,WO-202412-04370,C011,比亚迪事业群,2024-12-22 16:00,2024-12-08 16:08,2024-12-09 17:08,0,准时,0,自配送
DLV-02605,WO-202412-04372,C005,本田汽配,2024-12-14 11:00,2024-12-03 03:39,2024-12-04 06:39,0,准时,0,自配送
DLV-02606,WO-202412-04376,C012,小鹏汽车,2024-12-17 14:00,2024-12-06 08:39,2024-12-08 02:39,0,准时,0,顺丰
DLV-02607,WO-202412-04377,C002,伟世通,2024-12-18 15:00,2024-12-06 21:13,2024-12-07 19:13,0,准时,0,中通
DLV-02608,WO-202412-04378,C002,伟世通,2024-12-14 17:00,2024-12-10 06:19,2024-12-11 09:19,0,准时,0,自配送
DLV-02609,WO-202412-04379,C012,小鹏汽车,2024-12-10 08:00,2024-12-06 01:48,2024-12-07 20:48,0,准时,0,顺丰
DLV-02610,WO-202412-04380,C005,本田汽配,2024-12-12 12:00,2024-12-03 17:08,2024-12-05 17:08,0,准时,0,京东物流
DLV-02611,WO-202412-04381,C005,本田汽配,2024-12-19 13:00,2024-12-06 19:28,2024-12-08 19:28,0,准时,0,中通
DLV-02612,WO-202412-04382,C008,吉利商用车,2024-12-12 14:00,2024-12-03 16:22,2024-12-05 19:22,0,准时,0,京东物流
DLV-02613,WO-202412-04384,C010,长城精工,2024-12-10 17:00,2024-12-06 18:51,2024-12-07 20:51,0,准时,0,自配送
DLV-02614,WO-202412-04388,C008,吉利商用车,2024-12-22 10:00,2024-12-04 16:46,2024-12-06 09:46,0,准时,0,自配送
DLV-02615,WO-202412-04389,C007,东风乘用车,2024-12-23 10:00,2024-12-03 18:31,2024-12-06 14:31,0,准时,0,顺丰
DLV-02616,WO-202412-04391,C001,东风彼欧,2024-12-10 12:00,2024-12-07 15:06,2024-12-10 01:06,0,准时,0,自配送
DLV-02617,WO-202412-04393,C001,东风彼欧,2024-12-13 09:00,2024-12-11 15:17,2024-12-14 04:17,19.3,延迟,0,京东物流
DLV-02618,WO-202412-04394,C011,比亚迪事业群,2024-12-13 08:00,2024-12-08 10:30,2024-12-10 20:30,0,准时,0,客户自提
DLV-02619,WO-202412-04397,C009,零跑汽车,2024-12-19 16:00,2024-12-08 12:26,2024-12-10 02:26,0,准时,0,京东物流
DLV-02620,WO-202412-04398,C011,比亚迪事业群,2024-12-14 11:00,2024-12-07 18:08,2024-12-08 08:08,0,准时,0,顺丰
DLV-02621,WO-202412-04399,C002,伟世通,2024-12-21 14:00,2024-12-08 05:25,2024-12-09 06:25,0,准时,0,自配送
DLV-02622,WO-202412-04403,C002,伟世通,2024-12-26 17:00,2024-12-08 03:57,2024-12-10 20:57,0,准时,0,中通
DLV-02623,WO-202412-04404,C002,伟世通,2024-12-22 10:00,2024-12-07 16:54,2024-12-08 16:54,0,准时,0,顺丰
DLV-02624,WO-202412-04405,C011,比亚迪事业群,2024-12-15 10:00,2024-12-05 01:43,2024-12-06 19:43,0,准时,0,自配送
DLV-02625,WO-202412-04409,C004,麦格纳,2024-12-25 13:00,2024-12-06 13:06,2024-12-08 14:06,0,准时,0,中通
DLV-02626,WO-202412-04413,C010,长城精工,2024-12-22 10:00,2024-12-08 01:28,2024-12-10 03:28,0,准时,0,客户自提
DLV-02627,WO-202412-04415,C011,比亚迪事业群,2024-12-17 16:00,2024-12-06 19:15,2024-12-08 13:15,0,准时,0,京东物流
DLV-02628,WO-202412-04416,C006,岚图汽车,2024-12-15 17:00,2024-12-09 08:35,2024-12-11 06:35,0,准时,0,京东物流
DLV-02629,WO-202412-04417,C006,岚图汽车,2024-12-10 10:00,2024-12-02 17:58,2024-12-03 09:58,0,准时,0,客户自提
DLV-02630,WO-202412-04418,C006,岚图汽车,2024-12-16 14:00,2024-12-07 16:16,2024-12-09 18:16,0,准时,0,自配送
DLV-02631,WO-202412-04421,C010,长城精工,2024-12-14 10:00,2024-12-03 11:22,2024-12-05 06:22,0,准时,0,自配送
DLV-02632,WO-202412-04422,C004,麦格纳,2024-12-12 18:00,2024-12-06 23:30,2024-12-07 09:30,0,准时,0,中通
DLV-02633,WO-202412-04423,C002,伟世通,2024-12-23 14:00,2024-12-06 08:21,2024-12-07 04:21,0,准时,0,自配送
DLV-02634,WO-202412-04424,C003,佛吉亚,2024-12-21 10:00,2024-12-09 08:55,2024-12-10 05:55,0,准时,0,中通
DLV-02635,WO-202412-04426,C007,东风乘用车,2024-12-17 09:00,2024-12-07 20:14,2024-12-08 08:14,0,准时,0,中通
DLV-02636,WO-202412-04429,C011,比亚迪事业群,2024-12-12 14:00,2024-12-04 02:11,2024-12-06 06:11,0,准时,0,自配送
DLV-02637,WO-202412-04430,C011,比亚迪事业群,2024-12-27 11:00,2024-12-08 09:25,2024-12-09 17:25,0,准时,0,顺丰
DLV-02638,WO-202412-04432,C010,长城精工,2024-12-14 10:00,2024-12-05 02:26,2024-12-06 12:26,0,准时,0,京东物流
DLV-02639,WO-202412-04433,C012,小鹏汽车,2024-12-14 16:00,2024-12-05 19:20,2024-12-08 02:20,0,准时,0,中通
DLV-02640,WO-202412-04435,C002,伟世通,2024-12-20 16:00,2024-12-04 16:41,2024-12-05 10:41,0,准时,0,自配送
DLV-02641,WO-202412-04436,C001,东风彼欧,2024-12-08 09:00,2024-12-02 10:37,2024-12-04 09:37,0,准时,0,顺丰
DLV-02642,WO-202412-04437,C004,麦格纳,2024-12-15 18:00,2024-12-07 21:04,2024-12-10 08:04,0,准时,0,客户自提
DLV-02643,WO-202412-04438,C006,岚图汽车,2024-12-12 15:00,2024-12-07 01:04,2024-12-08 09:04,0,准时,0,京东物流
DLV-02644,WO-202412-04440,C010,长城精工,2024-12-19 11:00,2024-12-03 20:09,2024-12-04 21:09,0,准时,0,京东物流
DLV-02645,WO-202412-04442,C006,岚图汽车,2024-12-15 17:00,2024-12-05 17:32,2024-12-08 09:32,0,准时,0,自配送
DLV-02646,WO-202412-04443,C011,比亚迪事业群,2024-12-17 18:00,2024-12-07 21:04,2024-12-09 00:04,0,准时,0,中通
DLV-02647,WO-202412-04448,C005,本田汽配,2024-12-24 16:00,2024-12-08 21:03,2024-12-11 18:03,0,准时,0,客户自提
DLV-02648,WO-202412-04449,C007,东风乘用车,2024-12-08 08:00,2024-12-04 13:04,2024-12-04 23:04,0,准时,0,京东物流
DLV-02649,WO-202412-04450,C012,小鹏汽车,2024-12-13 10:00,2024-12-04 08:15,2024-12-05 15:15,0,准时,0,中通
DLV-02650,WO-202412-04452,C007,东风乘用车,2024-12-12 15:00,2024-12-08 04:44,2024-12-11 03:44,0,准时,0,中通
DLV-02651,WO-202412-04453,C007,东风乘用车,2024-12-20 14:00,2024-12-10 14:13,2024-12-11 21:13,0,准时,0,顺丰
DLV-02652,WO-202412-04455,C007,东风乘用车,2024-12-17 11:00,2024-12-07 16:12,2024-12-08 04:12,0,准时,0,自配送
DLV-02653,WO-202412-04457,C001,东风彼欧,2024-12-16 08:00,2024-12-06 16:49,2024-12-08 17:49,0,准时,0,中通
DLV-02654,WO-202412-04458,C003,佛吉亚,2024-12-11 16:00,2024-12-04 10:22,2024-12-06 17:22,0,准时,0,京东物流
DLV-02655,WO-202412-04460,C005,本田汽配,2024-12-10 15:00,2024-12-04 18:15,2024-12-05 07:15,0,准时,0,客户自提
DLV-02656,WO-202412-04463,C011,比亚迪事业群,2024-12-09 11:00,2024-12-06 06:15,2024-12-09 02:15,0,准时,0,自配送
DLV-02657,WO-202412-04465,C009,零跑汽车,2024-12-22 17:00,2024-12-10 03:18,2024-12-11 02:18,0,准时,0,客户自提
DLV-02658,WO-202412-04466,C011,比亚迪事业群,2024-12-21 15:00,2024-12-07 10:09,2024-12-10 08:09,0,准时,0,自配送
DLV-02659,WO-202412-04468,C005,本田汽配,2024-12-24 11:00,2024-12-06 18:15,2024-12-07 15:15,0,准时,0,客户自提
DLV-02660,WO-202412-04469,C005,本田汽配,2024-12-23 10:00,2024-12-08 11:15,2024-12-10 23:15,0,准时,0,京东物流
DLV-02661,WO-202412-04470,C006,岚图汽车,2024-12-11 09:00,2024-12-06 02:37,2024-12-06 15:37,0,准时,0,客户自提
DLV-02662,WO-202412-04472,C012,小鹏汽车,2024-12-21 18:00,2024-12-07 02:09,2024-12-09 14:09,0,准时,0,顺丰
DLV-02663,WO-202412-04473,C006,岚图汽车,2024-12-17 18:00,2024-12-06 03:52,2024-12-07 21:52,0,准时,0,中通
DLV-02664,WO-202412-04476,C004,麦格纳,2024-12-09 17:00,2024-12-05 10:03,2024-12-07 02:03,0,准时,0,自配送
DLV-02665,WO-202412-04479,C007,东风乘用车,2024-12-22 14:00,2024-12-09 00:42,2024-12-09 08:42,0,准时,0,京东物流
DLV-02666,WO-202412-04480,C009,零跑汽车,2024-12-11 08:00,2024-12-06 05:06,2024-12-07 08:06,0,准时,0,客户自提
DLV-02667,WO-202412-04481,C008,吉利商用车,2024-12-18 08:00,2024-12-06 00:15,2024-12-07 08:15,0,准时,0,顺丰
DLV-02668,WO-202412-04484,C001,东风彼欧,2024-12-22 12:00,2024-12-10 12:37,2024-12-11 15:37,0,准时,0,京东物流
DLV-02669,WO-202412-04485,C005,本田汽配,2024-12-23 09:00,2024-12-05 07:25,2024-12-07 18:25,0,准时,0,客户自提
DLV-02670,WO-202412-04486,C009,零跑汽车,2024-12-20 15:00,2024-12-09 05:42,2024-12-11 14:42,0,准时,0,中通
DLV-02671,WO-202412-04489,C007,东风乘用车,2024-12-17 16:00,2024-12-06 14:48,2024-12-07 12:48,0,准时,0,自配送
DLV-02672,WO-202412-04490,C002,伟世通,2024-12-23 18:00,2024-12-08 03:33,2024-12-10 11:33,0,准时,0,中通
DLV-02673,WO-202412-04492,C004,麦格纳,2024-12-13 13:00,2024-12-06 16:16,2024-12-09 06:16,0,准时,0,中通
DLV-02674,WO-202412-04494,C012,小鹏汽车,2024-12-20 10:00,2024-12-06 19:00,2024-12-08 20:00,0,准时,0,客户自提
DLV-02675,WO-202412-04498,C009,零跑汽车,2024-12-15 14:00,2024-12-03 15:50,2024-12-04 11:50,0,准时,0,顺丰
DLV-02676,WO-202412-04499,C010,长城精工,2024-12-15 12:00,2024-12-09 05:19,2024-12-10 13:19,0,准时,0,顺丰
DLV-02677,WO-202412-04500,C003,佛吉亚,2024-12-11 16:00,2024-12-06 12:36,2024-12-07 02:36,0,准时,0,顺丰
DLV-02678,WO-202412-04503,C012,小鹏汽车,2024-12-18 12:00,2024-12-10 12:36,2024-12-11 15:36,0,准时,0,京东物流
DLV-02679,WO-202412-04504,C001,东风彼欧,2024-12-16 16:00,2024-12-03 23:37,2024-12-04 09:37,0,准时,0,客户自提
DLV-02680,WO-202412-04506,C008,吉利商用车,2024-12-24 14:00,2024-12-07 08:13,2024-12-08 04:13,0,准时,0,自配送
DLV-02681,WO-202412-04507,C005,本田汽配,2024-12-12 10:00,2024-12-05 21:54,2024-12-07 01:54,0,准时,0,自配送
DLV-02682,WO-202412-04511,C004,麦格纳,2024-12-23 08:00,2024-12-08 13:22,2024-12-11 05:22,0,准时,0,京东物流
DLV-02683,WO-202412-04512,C012,小鹏汽车,2024-12-15 11:00,2024-12-03 07:39,2024-12-05 16:39,0,准时,0,客户自提
DLV-02684,WO-202412-04514,C012,小鹏汽车,2024-12-19 18:00,2024-12-07 00:22,2024-12-08 02:22,0,准时,0,京东物流
DLV-02685,WO-202412-04515,C002,伟世通,2024-12-23 12:00,2024-12-04 12:28,2024-12-05 20:28,0,准时,0,客户自提
DLV-02686,WO-202412-04516,C012,小鹏汽车,2024-12-09 10:00,2024-12-04 00:03,2024-12-05 04:03,0,准时,0,京东物流
DLV-02687,WO-202412-04517,C002,伟世通,2024-12-21 08:00,2024-12-07 06:35,2024-12-07 23:35,0,准时,0,自配送
DLV-02688,WO-202412-04518,C007,东风乘用车,2024-12-12 11:00,2024-12-05 13:49,2024-12-06 17:49,0,准时,0,京东物流
DLV-02689,WO-202412-04519,C012,小鹏汽车,2024-12-14 16:00,2024-12-05 14:49,2024-12-07 18:49,0,准时,0,京东物流
DLV-02690,WO-202412-04520,C009,零跑汽车,2024-12-13 14:00,2024-12-05 00:30,2024-12-07 04:30,0,准时,0,顺丰
DLV-02691,WO-202412-04521,C012,小鹏汽车,2024-12-18 11:00,2024-12-08 13:03,2024-12-09 23:03,0,准时,0,顺丰
DLV-02692,WO-202412-04523,C011,比亚迪事业群,2024-12-17 10:00,2024-12-07 19:30,2024-12-10 06:30,0,准时,0,京东物流
DLV-02693,WO-202412-04524,C002,伟世通,2024-12-23 18:00,2024-12-06 11:48,2024-12-08 01:48,0,准时,0,中通
DLV-02694,WO-202412-04528,C011,比亚迪事业群,2024-12-15 17:00,2024-12-05 09:19,2024-12-06 17:19,0,准时,0,客户自提
DLV-02695,WO-202412-04530,C011,比亚迪事业群,2024-12-26 09:00,2024-12-07 11:57,2024-12-08 04:57,0,准时,0,自配送
DLV-02696,WO-202412-04531,C001,东风彼欧,2024-12-22 09:00,2024-12-08 15:06,2024-12-10 02:06,0,准时,0,京东物流
DLV-02697,WO-202412-04532,C003,佛吉亚,2024-12-17 15:00,2024-12-06 22:11,2024-12-09 12:11,0,准时,0,顺丰
DLV-02698,WO-202412-04533,C012,小鹏汽车,2024-12-15 15:00,2024-12-10 13:27,2024-12-12 15:27,0,准时,0,自配送
DLV-02699,WO-202412-04535,C007,东风乘用车,2024-12-26 09:00,2024-12-08 11:23,2024-12-10 07:23,0,准时,0,顺丰
DLV-02700,WO-202412-04536,C009,零跑汽车,2024-12-16 12:00,2024-12-07 19:55,2024-12-08 17:55,0,准时,0,自配送
DLV-02701,WO-202412-04538,C006,岚图汽车,2024-12-14 08:00,2024-12-06 12:15,2024-12-08 15:15,0,准时,0,自配送
DLV-02702,WO-202412-04539,C008,吉利商用车,2024-12-15 14:00,2024-12-10 06:40,2024-12-11 20:40,0,准时,0,客户自提
DLV-02703,WO-202412-04542,C010,长城精工,2024-12-23 09:00,2024-12-06 09:13,2024-12-07 09:13,0,准时,0,顺丰
DLV-02704,WO-202412-04544,C007,东风乘用车,2024-12-17 14:00,2024-12-07 02:15,2024-12-08 06:15,0,准时,0,自配送
DLV-02705,WO-202412-04545,C006,岚图汽车,2024-12-11 15:00,2024-12-03 21:25,2024-12-06 07:25,0,准时,0,顺丰
DLV-02706,WO-202412-04549,C010,长城精工,2024-12-21 15:00,2024-12-04 18:39,2024-12-05 08:39,0,准时,0,京东物流
DLV-02707,WO-202412-04550,C006,岚图汽车,2024-12-15 17:00,2024-12-04 08:12,2024-12-06 18:12,0,准时,0,顺丰
DLV-02708,WO-202412-04552,C004,麦格纳,2024-12-19 12:00,2024-12-02 12:04,2024-12-03 05:04,0,准时,0,自配送
DLV-02709,WO-202412-04554,C012,小鹏汽车,2024-12-15 16:00,2024-12-08 23:14,2024-12-09 11:14,0,准时,0,自配送
DLV-02710,WO-202412-04555,C004,麦格纳,2024-12-18 10:00,2024-12-05 16:39,2024-12-08 03:39,0,准时,0,顺丰
DLV-02711,WO-202412-04557,C005,本田汽配,2024-12-24 11:00,2024-12-04 12:44,2024-12-07 11:44,0,准时,0,京东物流
DLV-02712,WO-202412-04559,C003,佛吉亚,2024-12-22 13:00,2024-12-06 14:51,2024-12-09 05:51,0,准时,0,自配送
DLV-02713,WO-202412-04561,C009,零跑汽车,2024-12-23 17:00,2024-12-08 01:03,2024-12-08 22:03,0,准时,0,自配送
DLV-02714,WO-202412-04562,C003,佛吉亚,2024-12-23 10:00,2024-12-06 06:46,2024-12-07 03:46,0,准时,0,顺丰
DLV-02715,WO-202412-04563,C006,岚图汽车,2024-12-16 10:00,2024-12-06 18:28,2024-12-07 18:28,0,准时,0,顺丰
DLV-02716,WO-202412-04564,C010,长城精工,2024-12-16 15:00,2024-12-07 05:38,2024-12-08 21:38,0,准时,0,客户自提
DLV-02717,WO-202412-04568,C008,吉利商用车,2024-12-23 17:00,2024-12-07 13:45,2024-12-09 21:45,0,准时,0,中通
DLV-02718,WO-202412-04569,C006,岚图汽车,2024-12-15 16:00,2024-12-08 03:57,2024-12-08 18:57,0,准时,0,中通
DLV-02719,WO-202412-04570,C001,东风彼欧,2024-12-27 08:00,2024-12-10 02:03,2024-12-12 13:03,0,准时,0,京东物流
DLV-02720,WO-202412-04571,C005,本田汽配,2024-12-11 09:00,2024-12-06 22:43,2024-12-08 21:43,0,准时,0,客户自提
DLV-02721,WO-202412-04572,C010,长城精工,2024-12-26 17:00,2024-12-09 08:20,2024-12-11 06:20,0,准时,0,京东物流
DLV-02722,WO-202412-04575,C009,零跑汽车,2024-12-22 14:00,2024-12-09 23:56,2024-12-11 13:56,0,准时,0,京东物流
DLV-02723,WO-202412-04576,C005,本田汽配,2024-12-12 12:00,2024-12-07 03:26,2024-12-07 12:26,0,准时,0,自配送
DLV-02724,WO-202412-04578,C009,零跑汽车,2024-12-24 12:00,2024-12-07 02:45,2024-12-07 15:45,0,准时,0,顺丰
DLV-02725,WO-202412-04579,C002,伟世通,2024-12-15 09:00,2024-12-08 20:41,2024-12-09 14:41,0,准时,0,京东物流
DLV-02726,WO-202412-04580,C006,岚图汽车,2024-12-25 13:00,2024-12-08 12:12,2024-12-11 00:12,0,准时,0,京东物流
DLV-02727,WO-202412-04581,C002,伟世通,2024-12-16 12:00,2024-12-08 12:01,2024-12-10 15:01,0,准时,0,京东物流
DLV-02728,WO-202412-04583,C012,小鹏汽车,2024-12-21 17:00,2024-12-04 15:19,2024-12-06 20:19,0,准时,0,顺丰
DLV-02729,WO-202412-04585,C007,东风乘用车,2024-12-20 09:00,2024-12-08 03:24,2024-12-09 07:24,0,准时,0,顺丰
DLV-02730,WO-202412-04586,C002,伟世通,2024-12-22 09:00,2024-12-05 10:21,2024-12-08 00:21,0,准时,0,京东物流
DLV-02731,WO-202412-04588,C002,伟世通,2024-12-19 14:00,2024-12-06 08:18,2024-12-08 09:18,0,准时,0,自配送
DLV-02732,WO-202412-04589,C008,吉利商用车,2024-12-12 09:00,2024-12-06 13:04,2024-12-09 04:04,0,准时,0,客户自提
DLV-02733,WO-202412-04590,C010,长城精工,2024-12-14 16:00,2024-12-05 03:11,2024-12-07 14:11,0,准时,0,中通
DLV-02734,WO-202412-04591,C010,长城精工,2024-12-17 12:00,2024-12-03 17:34,2024-12-05 23:34,0,准时,0,自配送
DLV-02735,WO-202412-04593,C010,长城精工,2024-12-18 10:00,2024-12-08 09:25,2024-12-11 01:25,0,准时,0,自配送
DLV-02736,WO-202412-04594,C011,比亚迪事业群,2024-12-23 11:00,2024-12-04 02:40,2024-12-04 13:40,0,准时,0,客户自提
DLV-02737,WO-202412-04596,C002,伟世通,2024-12-21 10:00,2024-12-03 02:10,2024-12-03 16:10,0,准时,0,中通
DLV-02738,WO-202412-04599,C008,吉利商用车,2024-12-19 15:00,2024-12-04 11:25,2024-12-06 12:25,0,准时,0,京东物流
DLV-02739,WO-202412-04600,C005,本田汽配,2024-12-23 11:00,2024-12-08 19:11,2024-12-10 22:11,0,准时,0,中通
DLV-02740,WO-202412-04601,C005,本田汽配,2024-12-17 15:00,2024-12-05 10:15,2024-12-07 05:15,0,准时,0,自配送
DLV-02741,WO-202412-04602,C002,伟世通,2024-12-17 12:00,2024-12-08 12:09,2024-12-09 15:09,0,准时,0,自配送
DLV-02742,WO-202412-04603,C009,零跑汽车,2024-12-17 08:00,2024-12-04 08:06,2024-12-05 12:06,0,准时,0,顺丰
DLV-02743,WO-202412-04605,C004,麦格纳,2024-12-15 18:00,2024-12-04 01:49,2024-12-05 20:49,0,准时,0,中通
DLV-02744,WO-202412-04607,C007,东风乘用车,2024-12-16 09:00,2024-12-09 15:52,2024-12-10 10:52,0,准时,0,顺丰
DLV-02745,WO-202412-04608,C010,长城精工,2024-12-21 17:00,2024-12-06 12:49,2024-12-09 04:49,0,准时,0,中通
DLV-02746,WO-202412-04610,C002,伟世通,2024-12-17 11:00,2024-12-09 22:31,2024-12-12 06:31,0,准时,0,客户自提
DLV-02747,WO-202412-04612,C007,东风乘用车,2024-12-19 18:00,2024-12-07 08:41,2024-12-08 18:41,0,准时,0,客户自提
DLV-02748,WO-202412-04613,C004,麦格纳,2024-12-19 15:00,2024-12-07 12:46,2024-12-08 12:46,0,准时,0,中通
DLV-02749,WO-202412-04617,C012,小鹏汽车,2024-12-19 10:00,2024-12-03 03:16,2024-12-05 08:16,0,准时,0,客户自提
DLV-02750,WO-202412-04618,C004,麦格纳,2024-12-11 17:00,2024-12-06 11:56,2024-12-07 09:56,0,准时,0,中通
DLV-02751,WO-202412-04622,C004,麦格纳,2024-12-15 09:00,2024-12-07 01:37,2024-12-08 07:37,0,准时,0,中通
DLV-02752,WO-202412-04623,C007,东风乘用车,2024-12-11 16:00,2024-12-06 01:11,2024-12-07 01:11,0,准时,0,中通
DLV-02753,WO-202412-04624,C001,东风彼欧,2024-12-26 08:00,2024-12-09 05:54,2024-12-10 20:54,0,准时,0,京东物流
DLV-02754,WO-202412-04625,C009,零跑汽车,2024-12-20 14:00,2024-12-07 02:55,2024-12-08 18:55,0,准时,0,自配送
DLV-02755,WO-202412-04627,C010,长城精工,2024-12-16 11:00,2024-12-08 22:19,2024-12-10 15:19,0,准时,0,中通
DLV-02756,WO-202412-04628,C008,吉利商用车,2024-12-16 12:00,2024-12-03 08:13,2024-12-06 03:13,0,准时,0,中通
DLV-02757,WO-202412-04630,C001,东风彼欧,2024-12-14 11:00,2024-12-06 18:35,2024-12-07 11:35,0,准时,0,中通
DLV-02758,WO-202412-04631,C007,东风乘用车,2024-12-13 12:00,2024-12-03 14:34,2024-12-03 23:34,0,准时,0,客户自提
DLV-02759,WO-202412-04636,C010,长城精工,2024-12-08 13:00,2024-12-04 05:25,2024-12-06 10:25,0,准时,0,自配送
DLV-02760,WO-202501-04638,C001,东风彼欧,2025-01-15 12:00,2025-01-04 00:25,2025-01-06 06:25,0,准时,0,中通
DLV-02761,WO-202501-04639,C006,岚图汽车,2025-01-15 15:00,2025-01-06 11:27,2025-01-07 15:27,0,准时,0,京东物流
DLV-02762,WO-202501-04640,C005,本田汽配,2025-01-14 17:00,2025-01-07 20:41,2025-01-10 14:41,0,准时,0,京东物流
DLV-02763,WO-202501-04641,C012,小鹏汽车,2025-01-17 10:00,2025-01-05 17:25,2025-01-07 15:25,0,准时,0,客户自提
DLV-02764,WO-202501-04643,C010,长城精工,2025-01-14 12:00,2025-01-09 14:37,2025-01-10 16:37,0,准时,0,自配送
DLV-02765,WO-202501-04644,C009,零跑汽车,2025-01-22 18:00,2025-01-05 06:15,2025-01-07 07:15,0,准时,0,顺丰
DLV-02766,WO-202501-04645,C006,岚图汽车,2025-01-11 13:00,2025-01-04 18:58,2025-01-06 00:58,0,准时,0,自配送
DLV-02767,WO-202501-04646,C012,小鹏汽车,2025-01-23 09:00,2025-01-06 03:16,2025-01-07 18:16,0,准时,0,自配送
DLV-02768,WO-202501-04647,C005,本田汽配,2025-01-15 17:00,2025-01-09 14:50,2025-01-11 00:50,0,准时,0,客户自提
DLV-02769,WO-202501-04649,C003,佛吉亚,2025-01-22 08:00,2025-01-04 11:34,2025-01-05 06:34,0,准时,0,中通
DLV-02770,WO-202501-04650,C006,岚图汽车,2025-01-13 12:00,2025-01-08 06:18,2025-01-08 18:18,0,准时,0,自配送
DLV-02771,WO-202501-04652,C011,比亚迪事业群,2025-01-24 15:00,2025-01-07 23:00,2025-01-09 14:00,0,准时,0,京东物流
DLV-02772,WO-202501-04653,C011,比亚迪事业群,2025-01-19 17:00,2025-01-08 12:31,2025-01-09 19:31,0,准时,0,顺丰
DLV-02773,WO-202501-04654,C001,东风彼欧,2025-01-13 09:00,2025-01-04 13:41,2025-01-05 10:41,0,准时,0,自配送
DLV-02774,WO-202501-04656,C006,岚图汽车,2025-01-21 10:00,2025-01-06 19:21,2025-01-09 06:21,0,准时,0,京东物流
DLV-02775,WO-202501-04657,C002,伟世通,2025-01-19 16:00,2025-01-08 13:26,2025-01-10 02:26,0,准时,0,京东物流
DLV-02776,WO-202501-04660,C003,佛吉亚,2025-01-13 15:00,2025-01-10 09:10,2025-01-13 05:10,0,准时,0,京东物流
DLV-02777,WO-202501-04661,C004,麦格纳,2025-01-19 17:00,2025-01-07 07:07,2025-01-09 00:07,0,准时,0,中通
DLV-02778,WO-202501-04663,C006,岚图汽车,2025-01-13 11:00,2025-01-06 01:47,2025-01-07 23:47,0,准时,0,客户自提
DLV-02779,WO-202501-04666,C004,麦格纳,2025-01-23 18:00,2025-01-08 10:33,2025-01-09 14:33,0,准时,0,京东物流
DLV-02780,WO-202501-04670,C001,东风彼欧,2025-01-10 11:00,2025-01-02 18:22,2025-01-03 06:22,0,准时,0,顺丰
DLV-02781,WO-202501-04671,C008,吉利商用车,2025-01-19 18:00,2025-01-10 12:16,2025-01-13 02:16,0,准时,0,顺丰
DLV-02782,WO-202501-04672,C002,伟世通,2025-01-13 09:00,2025-01-04 07:18,2025-01-05 12:18,0,准时,0,客户自提
DLV-02783,WO-202501-04673,C012,小鹏汽车,2025-01-12 18:00,2025-01-05 18:44,2025-01-08 01:44,0,准时,0,顺丰
DLV-02784,WO-202501-04675,C011,比亚迪事业群,2025-01-13 15:00,2025-01-09 09:06,2025-01-11 03:06,0,准时,0,京东物流
DLV-02785,WO-202501-04681,C008,吉利商用车,2025-01-23 11:00,2025-01-03 16:00,2025-01-06 01:00,0,准时,0,顺丰
DLV-02786,WO-202501-04682,C011,比亚迪事业群,2025-01-15 17:00,2025-01-05 21:07,2025-01-08 05:07,0,准时,0,京东物流
DLV-02787,WO-202501-04683,C007,东风乘用车,2025-01-24 14:00,2025-01-08 13:11,2025-01-09 21:11,0,准时,0,中通
DLV-02788,WO-202501-04687,C007,东风乘用车,2025-01-21 14:00,2025-01-07 04:10,2025-01-08 09:10,0,准时,0,中通
DLV-02789,WO-202501-04688,C009,零跑汽车,2025-01-17 11:00,2025-01-04 19:40,2025-01-06 23:40,0,准时,0,京东物流
DLV-02790,WO-202501-04690,C009,零跑汽车,2025-01-17 15:00,2025-01-03 16:59,2025-01-06 16:59,0,准时,0,自配送
DLV-02791,WO-202501-04691,C009,零跑汽车,2025-01-22 17:00,2025-01-10 11:15,2025-01-12 14:15,0,准时,0,中通
DLV-02792,WO-202501-04692,C010,长城精工,2025-01-21 16:00,2025-01-07 07:43,2025-01-08 11:43,0,准时,0,自配送
DLV-02793,WO-202501-04693,C002,伟世通,2025-01-22 13:00,2025-01-07 22:33,2025-01-10 15:33,0,准时,0,中通
DLV-02794,WO-202501-04694,C008,吉利商用车,2025-01-23 13:00,2025-01-05 19:45,2025-01-07 14:45,0,准时,0,自配送
DLV-02795,WO-202501-04696,C006,岚图汽车,2025-01-16 18:00,2025-01-02 18:33,2025-01-04 05:33,0,准时,0,客户自提
DLV-02796,WO-202501-04698,C001,东风彼欧,2025-01-13 16:00,2025-01-08 10:48,2025-01-10 00:48,0,准时,0,客户自提
DLV-02797,WO-202501-04699,C012,小鹏汽车,2025-01-20 17:00,2025-01-04 04:33,2025-01-06 15:33,0,准时,0,顺丰
DLV-02798,WO-202501-04700,C009,零跑汽车,2025-01-20 15:00,2025-01-05 05:05,2025-01-07 18:05,0,准时,0,京东物流
DLV-02799,WO-202501-04701,C009,零跑汽车,2025-01-13 14:00,2025-01-05 08:07,2025-01-06 18:07,0,准时,0,顺丰
DLV-02800,WO-202501-04702,C002,伟世通,2025-01-14 11:00,2025-01-04 22:18,2025-01-06 21:18,0,准时,0,自配送
DLV-02801,WO-202501-04704,C005,本田汽配,2025-01-21 09:00,2025-01-10 08:16,2025-01-12 21:16,0,准时,0,顺丰
DLV-02802,WO-202501-04707,C005,本田汽配,2025-01-18 09:00,2025-01-05 08:01,2025-01-06 08:01,0,准时,0,客户自提
DLV-02803,WO-202501-04708,C011,比亚迪事业群,2025-01-19 18:00,2025-01-03 00:30,2025-01-05 17:30,0,准时,0,客户自提
DLV-02804,WO-202501-04709,C009,零跑汽车,2025-01-19 15:00,2025-01-09 11:56,2025-01-12 10:56,0,准时,0,自配送
DLV-02805,WO-202501-04710,C004,麦格纳,2025-01-14 13:00,2025-01-03 20:07,2025-01-05 15:07,0,准时,0,顺丰
DLV-02806,WO-202501-04712,C003,佛吉亚,2025-01-13 13:00,2025-01-08 07:03,2025-01-10 19:03,0,准时,0,自配送
DLV-02807,WO-202501-04714,C006,岚图汽车,2025-01-26 09:00,2025-01-10 05:45,2025-01-11 19:45,0,准时,0,客户自提
DLV-02808,WO-202501-04716,C006,岚图汽车,2025-01-10 10:00,2025-01-05 01:09,2025-01-07 00:09,0,准时,0,自配送
DLV-02809,WO-202501-04718,C006,岚图汽车,2025-01-13 12:00,2025-01-04 18:10,2025-01-05 07:10,0,准时,0,京东物流
DLV-02810,WO-202501-04719,C009,零跑汽车,2025-01-15 12:00,2025-01-06 02:06,2025-01-07 02:06,0,准时,0,中通
DLV-02811,WO-202501-04720,C005,本田汽配,2025-01-24 08:00,2025-01-08 10:27,2025-01-09 19:27,0,准时,0,自配送
DLV-02812,WO-202501-04721,C006,岚图汽车,2025-01-26 11:00,2025-01-09 17:55,2025-01-12 10:55,0,准时,0,京东物流
DLV-02813,WO-202501-04722,C005,本田汽配,2025-01-23 10:00,2025-01-06 23:11,2025-01-09 19:11,0,准时,0,京东物流
DLV-02814,WO-202501-04724,C011,比亚迪事业群,2025-01-22 15:00,2025-01-04 21:15,2025-01-05 10:15,0,准时,0,自配送
DLV-02815,WO-202501-04727,C009,零跑汽车,2025-01-14 11:00,2025-01-06 04:19,2025-01-09 03:19,0,准时,0,客户自提
DLV-02816,WO-202501-04729,C007,东风乘用车,2025-01-12 13:00,2025-01-06 10:21,2025-01-06 22:21,0,准时,0,客户自提
DLV-02817,WO-202501-04730,C010,长城精工,2025-01-10 12:00,2025-01-05 16:22,2025-01-08 05:22,0,准时,0,顺丰
DLV-02818,WO-202501-04731,C008,吉利商用车,2025-01-18 16:00,2025-01-07 17:56,2025-01-10 08:56,0,准时,0,中通
DLV-02819,WO-202501-04732,C007,东风乘用车,2025-01-11 18:00,2025-01-07 20:44,2025-01-09 23:44,0,准时,0,中通
DLV-02820,WO-202501-04733,C003,佛吉亚,2025-01-26 08:00,2025-01-09 12:55,2025-01-12 10:55,0,准时,0,顺丰
DLV-02821,WO-202501-04735,C008,吉利商用车,2025-01-15 10:00,2025-01-08 01:51,2025-01-09 20:51,0,准时,0,顺丰
DLV-02822,WO-202501-04736,C009,零跑汽车,2025-01-14 18:00,2025-01-05 01:10,2025-01-05 14:10,0,准时,0,客户自提
DLV-02823,WO-202501-04738,C002,伟世通,2025-01-12 14:00,2025-01-09 04:30,2025-01-11 16:30,0,准时,0,中通
DLV-02824,WO-202501-04739,C010,长城精工,2025-01-22 17:00,2025-01-06 12:15,2025-01-07 01:15,0,准时,0,顺丰
DLV-02825,WO-202501-04741,C012,小鹏汽车,2025-01-18 14:00,2025-01-08 04:48,2025-01-10 03:48,0,准时,0,顺丰
DLV-02826,WO-202501-04742,C003,佛吉亚,2025-01-09 08:00,2025-01-02 15:21,2025-01-03 11:21,0,准时,0,京东物流
DLV-02827,WO-202501-04743,C007,东风乘用车,2025-01-21 11:00,2025-01-08 06:02,2025-01-10 08:02,0,准时,0,京东物流
DLV-02828,WO-202501-04744,C007,东风乘用车,2025-01-11 16:00,2025-01-05 14:54,2025-01-07 13:54,0,准时,0,客户自提
DLV-02829,WO-202501-04745,C007,东风乘用车,2025-01-26 17:00,2025-01-10 01:55,2025-01-10 17:55,0,准时,0,自配送
DLV-02830,WO-202501-04749,C002,伟世通,2025-01-27 08:00,2025-01-09 00:28,2025-01-10 20:28,0,准时,0,顺丰
DLV-02831,WO-202501-04751,C011,比亚迪事业群,2025-01-11 16:00,2025-01-04 16:45,2025-01-07 10:45,0,准时,0,自配送
DLV-02832,WO-202501-04752,C002,伟世通,2025-01-18 11:00,2025-01-05 10:48,2025-01-07 21:48,0,准时,0,京东物流
DLV-02833,WO-202501-04753,C005,本田汽配,2025-01-08 18:00,2025-01-03 15:20,2025-01-04 08:20,0,准时,0,京东物流
DLV-02834,WO-202501-04754,C010,长城精工,2025-01-15 17:00,2025-01-09 10:27,2025-01-10 22:27,0,准时,0,顺丰
DLV-02835,WO-202501-04756,C007,东风乘用车,2025-01-25 18:00,2025-01-07 00:16,2025-01-09 23:16,0,准时,0,客户自提
DLV-02836,WO-202501-04757,C001,东风彼欧,2025-01-11 13:00,2025-01-06 14:49,2025-01-08 01:49,0,准时,0,客户自提
DLV-02837,WO-202501-04758,C005,本田汽配,2025-01-25 10:00,2025-01-07 13:32,2025-01-10 10:32,0,准时,0,顺丰
DLV-02838,WO-202501-04759,C008,吉利商用车,2025-01-20 12:00,2025-01-05 01:49,2025-01-05 21:49,0,准时,0,中通
DLV-02839,WO-202501-04761,C006,岚图汽车,2025-01-15 10:00,2025-01-05 06:45,2025-01-08 04:45,0,准时,0,中通
DLV-02840,WO-202501-04762,C007,东风乘用车,2025-01-21 17:00,2025-01-09 00:00,2025-01-09 20:00,0,准时,0,京东物流
DLV-02841,WO-202501-04763,C009,零跑汽车,2025-01-13 14:00,2025-01-05 16:05,2025-01-07 12:05,0,准时,0,自配送
DLV-02842,WO-202501-04765,C005,本田汽配,2025-01-23 13:00,2025-01-07 00:00,2025-01-09 12:00,0,准时,0,自配送
DLV-02843,WO-202501-04766,C002,伟世通,2025-01-14 17:00,2025-01-05 16:20,2025-01-06 00:20,0,准时,0,顺丰
DLV-02844,WO-202501-04767,C004,麦格纳,2025-01-10 17:00,2025-01-03 23:40,2025-01-04 17:40,0,准时,0,客户自提
DLV-02845,WO-202501-04768,C006,岚图汽车,2025-01-23 15:00,2025-01-08 21:05,2025-01-11 09:05,0,准时,0,顺丰
DLV-02846,WO-202501-04770,C011,比亚迪事业群,2025-01-23 17:00,2025-01-10 04:52,2025-01-12 11:52,0,准时,0,顺丰
DLV-02847,WO-202501-04771,C006,岚图汽车,2025-01-24 09:00,2025-01-06 13:12,2025-01-08 14:12,0,准时,0,中通
DLV-02848,WO-202501-04772,C003,佛吉亚,2025-01-22 12:00,2025-01-08 21:45,2025-01-09 20:45,0,准时,0,顺丰
DLV-02849,WO-202501-04774,C004,麦格纳,2025-01-16 08:00,2025-01-08 05:09,2025-01-09 16:09,0,准时,0,客户自提
DLV-02850,WO-202501-04775,C012,小鹏汽车,2025-01-21 10:00,2025-01-05 10:46,2025-01-07 10:46,0,准时,0,中通
DLV-02851,WO-202501-04776,C001,东风彼欧,2025-01-24 10:00,2025-01-08 11:22,2025-01-09 08:22,0,准时,0,京东物流
DLV-02852,WO-202501-04777,C001,东风彼欧,2025-01-15 18:00,2025-01-06 20:33,2025-01-07 18:33,0,准时,0,中通
DLV-02853,WO-202501-04780,C012,小鹏汽车,2025-01-23 14:00,2025-01-07 13:18,2025-01-09 23:18,0,准时,0,京东物流
DLV-02854,WO-202501-04782,C008,吉利商用车,2025-01-24 15:00,2025-01-07 18:24,2025-01-08 02:24,0,准时,0,顺丰
DLV-02855,WO-202501-04783,C003,佛吉亚,2025-01-11 08:00,2025-01-03 17:17,2025-01-05 19:17,0,准时,0,客户自提
DLV-02856,WO-202501-04784,C012,小鹏汽车,2025-01-13 12:00,2025-01-02 22:20,2025-01-04 22:20,0,准时,0,客户自提
DLV-02857,WO-202501-04785,C011,比亚迪事业群,2025-01-11 16:00,2025-01-06 08:12,2025-01-09 08:12,0,准时,0,顺丰
DLV-02858,WO-202501-04786,C002,伟世通,2025-01-11 15:00,2025-01-08 21:51,2025-01-09 23:51,0,准时,0,中通
DLV-02859,WO-202501-04787,C003,佛吉亚,2025-01-16 16:00,2025-01-05 01:42,2025-01-06 23:42,0,准时,0,中通
DLV-02860,WO-202501-04788,C012,小鹏汽车,2025-01-25 15:00,2025-01-07 16:06,2025-01-08 16:06,0,准时,0,顺丰
DLV-02861,WO-202501-04791,C009,零跑汽车,2025-01-10 18:00,2025-01-05 13:20,2025-01-06 07:20,0,准时,0,自配送
DLV-02862,WO-202501-04792,C007,东风乘用车,2025-01-17 15:00,2025-01-05 05:53,2025-01-07 13:53,0,准时,0,客户自提
DLV-02863,WO-202501-04793,C012,小鹏汽车,2025-01-10 11:00,2025-01-06 21:39,2025-01-08 08:39,0,准时,0,客户自提
DLV-02864,WO-202501-04795,C004,麦格纳,2025-01-14 08:00,2025-01-06 18:31,2025-01-07 04:31,0,准时,0,自配送
DLV-02865,WO-202501-04797,C008,吉利商用车,2025-01-17 08:00,2025-01-07 17:16,2025-01-09 04:16,0,准时,0,自配送
DLV-02866,WO-202501-04798,C001,东风彼欧,2025-01-14 09:00,2025-01-06 06:31,2025-01-06 14:31,0,准时,0,中通
DLV-02867,WO-202501-04801,C012,小鹏汽车,2025-01-14 08:00,2025-01-07 21:27,2025-01-10 18:27,0,准时,0,京东物流
DLV-02868,WO-202501-04803,C007,东风乘用车,2025-01-21 16:00,2025-01-09 00:57,2025-01-09 09:57,0,准时,0,中通
DLV-02869,WO-202501-04804,C006,岚图汽车,2025-01-18 18:00,2025-01-08 10:43,2025-01-09 18:43,0,准时,0,客户自提
DLV-02870,WO-202501-04806,C007,东风乘用车,2025-01-24 18:00,2025-01-06 01:34,2025-01-08 20:34,0,准时,0,顺丰
DLV-02871,WO-202501-04808,C003,佛吉亚,2025-01-15 13:00,2025-01-09 03:23,2025-01-11 18:23,0,准时,0,京东物流
DLV-02872,WO-202501-04811,C006,岚图汽车,2025-01-22 09:00,2025-01-05 03:42,2025-01-08 02:42,0,准时,0,顺丰
DLV-02873,WO-202501-04813,C008,吉利商用车,2025-01-16 11:00,2025-01-05 05:11,2025-01-05 14:11,0,准时,0,顺丰
DLV-02874,WO-202501-04814,C006,岚图汽车,2025-01-19 11:00,2025-01-03 19:34,2025-01-06 00:34,0,准时,0,自配送
DLV-02875,WO-202501-04818,C006,岚图汽车,2025-01-15 12:00,2025-01-06 13:27,2025-01-09 10:27,0,准时,0,京东物流
DLV-02876,WO-202501-04822,C002,伟世通,2025-01-09 09:00,2025-01-04 12:16,2025-01-06 20:16,0,准时,0,中通
DLV-02877,WO-202501-04823,C005,本田汽配,2025-01-25 18:00,2025-01-09 09:40,2025-01-11 11:40,0,准时,0,顺丰
DLV-02878,WO-202501-04824,C006,岚图汽车,2025-01-21 12:00,2025-01-08 10:11,2025-01-08 18:11,0,准时,0,顺丰
DLV-02879,WO-202501-04825,C006,岚图汽车,2025-01-22 10:00,2025-01-02 13:07,2025-01-04 09:07,0,准时,0,京东物流
DLV-02880,WO-202501-04826,C012,小鹏汽车,2025-01-17 08:00,2025-01-09 13:34,2025-01-12 01:34,0,准时,0,中通
DLV-02881,WO-202501-04827,C003,佛吉亚,2025-01-14 10:00,2025-01-03 19:10,2025-01-04 15:10,0,准时,0,自配送
DLV-02882,WO-202501-04830,C006,岚图汽车,2025-01-17 14:00,2025-01-06 03:06,2025-01-08 04:06,0,准时,0,京东物流
DLV-02883,WO-202501-04831,C004,麦格纳,2025-01-17 10:00,2025-01-05 20:02,2025-01-06 04:02,0,准时,0,自配送
DLV-02884,WO-202501-04832,C005,本田汽配,2025-01-21 18:00,2025-01-04 02:30,2025-01-06 08:30,0,准时,0,京东物流
DLV-02885,WO-202501-04834,C006,岚图汽车,2025-01-20 10:00,2025-01-06 17:46,2025-01-07 08:46,0,准时,0,客户自提
DLV-02886,WO-202501-04836,C008,吉利商用车,2025-01-11 13:00,2025-01-04 11:22,2025-01-05 02:22,0,准时,0,客户自提
DLV-02887,WO-202501-04837,C009,零跑汽车,2025-01-15 10:00,2025-01-06 03:40,2025-01-07 22:40,0,准时,0,自配送
DLV-02888,WO-202501-04838,C002,伟世通,2025-01-17 17:00,2025-01-06 19:15,2025-01-07 18:15,0,准时,0,京东物流
DLV-02889,WO-202501-04839,C009,零跑汽车,2025-01-15 09:00,2025-01-04 10:46,2025-01-04 19:46,0,准时,0,自配送
DLV-02890,WO-202501-04841,C008,吉利商用车,2025-01-12 13:00,2025-01-07 18:17,2025-01-09 13:17,0,准时,0,京东物流
DLV-02891,WO-202501-04842,C008,吉利商用车,2025-01-14 16:00,2025-01-06 19:37,2025-01-08 17:37,0,准时,0,京东物流
DLV-02892,WO-202501-04843,C006,岚图汽车,2025-01-18 16:00,2025-01-05 09:17,2025-01-06 04:17,0,准时,0,客户自提
DLV-02893,WO-202501-04847,C002,伟世通,2025-01-15 17:00,2025-01-06 09:50,2025-01-09 09:50,0,准时,0,客户自提
DLV-02894,WO-202501-04850,C006,岚图汽车,2025-01-18 18:00,2025-01-06 06:35,2025-01-07 16:35,0,准时,0,顺丰
DLV-02895,WO-202501-04851,C003,佛吉亚,2025-01-15 14:00,2025-01-03 05:26,2025-01-03 23:26,0,准时,0,自配送
DLV-02896,WO-202501-04852,C010,长城精工,2025-01-15 17:00,2025-01-08 16:20,2025-01-09 21:20,0,准时,0,中通
DLV-02897,WO-202501-04853,C007,东风乘用车,2025-01-13 08:00,2025-01-06 08:25,2025-01-08 05:25,0,准时,0,顺丰
DLV-02898,WO-202501-04855,C009,零跑汽车,2025-01-15 09:00,2025-01-07 23:41,2025-01-08 15:41,0,准时,0,京东物流
DLV-02899,WO-202501-04858,C002,伟世通,2025-01-22 10:00,2025-01-05 12:27,2025-01-06 21:27,0,准时,0,中通
DLV-02900,WO-202501-04860,C007,东风乘用车,2025-01-22 16:00,2025-01-08 08:16,2025-01-09 06:16,0,准时,0,自配送
DLV-02901,WO-202501-04861,C006,岚图汽车,2025-01-15 08:00,2025-01-02 17:38,2025-01-04 13:38,0,准时,0,京东物流
DLV-02902,WO-202501-04865,C010,长城精工,2025-01-25 14:00,2025-01-08 07:30,2025-01-10 05:30,0,准时,0,京东物流
DLV-02903,WO-202501-04866,C005,本田汽配,2025-01-23 11:00,2025-01-08 17:28,2025-01-10 09:28,0,准时,0,中通
DLV-02904,WO-202501-04867,C010,长城精工,2025-01-11 14:00,2025-01-04 21:25,2025-01-07 06:25,0,准时,0,顺丰
DLV-02905,WO-202501-04873,C003,佛吉亚,2025-01-12 15:00,2025-01-04 13:45,2025-01-07 12:45,0,准时,0,顺丰
DLV-02906,WO-202501-04874,C005,本田汽配,2025-01-13 12:00,2025-01-05 21:22,2025-01-06 14:22,0,准时,0,客户自提
DLV-02907,WO-202501-04875,C007,东风乘用车,2025-01-11 08:00,2025-01-06 17:19,2025-01-08 11:19,0,准时,0,中通
DLV-02908,WO-202501-04876,C008,吉利商用车,2025-01-17 15:00,2025-01-07 15:52,2025-01-10 09:52,0,准时,0,中通
DLV-02909,WO-202501-04877,C003,佛吉亚,2025-01-12 12:00,2025-01-05 19:16,2025-01-07 12:16,0,准时,0,自配送
DLV-02910,WO-202501-04878,C011,比亚迪事业群,2025-01-20 15:00,2025-01-08 16:27,2025-01-10 17:27,0,准时,0,客户自提
DLV-02911,WO-202501-04879,C008,吉利商用车,2025-01-10 09:00,2025-01-06 07:39,2025-01-08 09:39,0,准时,0,自配送
DLV-02912,WO-202501-04881,C001,东风彼欧,2025-01-20 10:00,2025-01-04 10:17,2025-01-05 19:17,0,准时,0,顺丰
DLV-02913,WO-202501-04882,C002,伟世通,2025-01-13 10:00,2025-01-07 03:40,2025-01-09 13:40,0,准时,0,京东物流
DLV-02914,WO-202501-04884,C010,长城精工,2025-01-20 09:00,2025-01-08 11:27,2025-01-11 09:27,0,准时,0,中通
DLV-02915,WO-202501-04885,C001,东风彼欧,2025-01-11 10:00,2025-01-06 19:40,2025-01-08 18:40,0,准时,0,顺丰
DLV-02916,WO-202501-04887,C011,比亚迪事业群,2025-01-18 18:00,2025-01-03 05:47,2025-01-05 06:47,0,准时,0,顺丰
DLV-02917,WO-202501-04888,C009,零跑汽车,2025-01-13 08:00,2025-01-04 15:54,2025-01-05 23:54,0,准时,0,自配送
DLV-02918,WO-202501-04890,C005,本田汽配,2025-01-13 13:00,2025-01-08 08:20,2025-01-10 16:20,0,准时,0,京东物流
DLV-02919,WO-202501-04893,C005,本田汽配,2025-01-25 08:00,2025-01-06 05:57,2025-01-08 20:57,0,准时,0,自配送
DLV-02920,WO-202501-04894,C004,麦格纳,2025-01-20 13:00,2025-01-06 06:34,2025-01-07 16:34,0,准时,0,中通
DLV-02921,WO-202501-04897,C006,岚图汽车,2025-01-17 08:00,2025-01-07 12:01,2025-01-09 10:01,0,准时,0,京东物流
DLV-02922,WO-202501-04901,C008,吉利商用车,2025-01-25 17:00,2025-01-10 02:35,2025-01-11 06:35,0,准时,0,顺丰
DLV-02923,WO-202501-04902,C009,零跑汽车,2025-01-17 10:00,2025-01-06 04:16,2025-01-08 18:16,0,准时,0,京东物流
DLV-02924,WO-202501-04904,C001,东风彼欧,2025-01-21 09:00,2025-01-05 06:34,2025-01-07 05:34,0,准时,0,京东物流
DLV-02925,WO-202501-04906,C001,东风彼欧,2025-01-24 11:00,2025-01-07 22:13,2025-01-10 12:13,0,准时,0,中通
DLV-02926,WO-202501-04911,C005,本田汽配,2025-01-15 16:00,2025-01-04 12:12,2025-01-04 20:12,0,准时,0,自配送
DLV-02927,WO-202501-04912,C010,长城精工,2025-01-17 14:00,2025-01-06 21:16,2025-01-07 19:16,0,准时,0,自配送
DLV-02928,WO-202501-04915,C007,东风乘用车,2025-01-11 17:00,2025-01-03 23:04,2025-01-04 09:04,0,准时,0,中通
DLV-02929,WO-202501-04916,C009,零跑汽车,2025-01-22 13:00,2025-01-08 06:59,2025-01-11 00:59,0,准时,0,顺丰
DLV-02930,WO-202501-04919,C003,佛吉亚,2025-01-20 14:00,2025-01-05 07:56,2025-01-07 13:56,0,准时,0,自配送
DLV-02931,WO-202501-04921,C010,长城精工,2025-01-15 15:00,2025-01-05 07:34,2025-01-06 18:34,0,准时,0,客户自提
DLV-02932,WO-202501-04923,C003,佛吉亚,2025-01-19 17:00,2025-01-07 20:33,2025-01-09 18:33,0,准时,0,顺丰
DLV-02933,WO-202501-04926,C008,吉利商用车,2025-01-20 12:00,2025-01-10 04:55,2025-01-12 16:55,0,准时,0,京东物流
DLV-02934,WO-202501-04927,C001,东风彼欧,2025-01-16 16:00,2025-01-03 08:12,2025-01-04 04:12,0,准时,0,京东物流
DLV-02935,WO-202501-04928,C009,零跑汽车,2025-01-21 12:00,2025-01-08 22:04,2025-01-10 21:04,0,准时,0,顺丰
DLV-02936,WO-202501-04929,C007,东风乘用车,2025-01-12 18:00,2025-01-05 20:15,2025-01-06 07:15,0,准时,0,客户自提
DLV-02937,WO-202501-04930,C007,东风乘用车,2025-01-16 15:00,2025-01-08 18:19,2025-01-09 13:19,0,准时,0,客户自提
DLV-02938,WO-202501-04932,C007,东风乘用车,2025-01-19 13:00,2025-01-06 14:29,2025-01-09 07:29,0,准时,0,顺丰
DLV-02939,WO-202501-04933,C004,麦格纳,2025-01-18 13:00,2025-01-07 08:06,2025-01-10 05:06,0,准时,0,中通
DLV-02940,WO-202501-04934,C008,吉利商用车,2025-01-25 11:00,2025-01-08 06:46,2025-01-09 00:46,0,准时,0,顺丰
DLV-02941,WO-202501-04936,C009,零跑汽车,2025-01-17 08:00,2025-01-05 16:12,2025-01-06 11:12,0,准时,0,顺丰
DLV-02942,WO-202501-04937,C004,麦格纳,2025-01-19 18:00,2025-01-07 02:40,2025-01-08 20:40,0,准时,0,中通
DLV-02943,WO-202501-04939,C011,比亚迪事业群,2025-01-15 10:00,2025-01-08 09:22,2025-01-10 14:22,0,准时,0,自配送
DLV-02944,WO-202501-04941,C007,东风乘用车,2025-01-09 12:00,2025-01-06 10:13,2025-01-08 21:13,0,准时,0,中通
DLV-02945,WO-202501-04945,C006,岚图汽车,2025-01-12 18:00,2025-01-06 13:49,2025-01-07 21:49,0,准时,0,顺丰
DLV-02946,WO-202501-04946,C011,比亚迪事业群,2025-01-12 13:00,2025-01-07 03:13,2025-01-08 23:13,0,准时,0,京东物流
DLV-02947,WO-202501-04947,C012,小鹏汽车,2025-01-21 11:00,2025-01-09 09:35,2025-01-12 03:35,0,准时,0,顺丰
DLV-02948,WO-202501-04949,C007,东风乘用车,2025-01-15 08:00,2025-01-05 13:57,2025-01-08 12:57,0,准时,0,客户自提
DLV-02949,WO-202501-04950,C010,长城精工,2025-01-27 10:00,2025-01-09 07:25,2025-01-10 06:25,0,准时,0,京东物流
DLV-02950,WO-202501-04951,C004,麦格纳,2025-01-18 12:00,2025-01-07 00:16,2025-01-09 19:16,0,准时,0,自配送
DLV-02951,WO-202501-04953,C003,佛吉亚,2025-01-17 15:00,2025-01-07 03:56,2025-01-09 13:56,0,准时,0,京东物流
DLV-02952,WO-202501-04954,C007,东风乘用车,2025-01-16 12:00,2025-01-04 11:39,2025-01-07 11:39,0,准时,0,中通
DLV-02953,WO-202501-04957,C001,东风彼欧,2025-01-19 09:00,2025-01-08 01:22,2025-01-10 07:22,0,准时,0,京东物流
DLV-02954,WO-202501-04958,C011,比亚迪事业群,2025-01-21 15:00,2025-01-05 04:50,2025-01-06 18:50,0,准时,0,顺丰
DLV-02955,WO-202501-04960,C005,本田汽配,2025-01-18 15:00,2025-01-08 05:31,2025-01-10 21:31,0,准时,0,自配送
DLV-02956,WO-202501-04961,C010,长城精工,2025-01-13 13:00,2025-01-03 02:42,2025-01-04 01:42,0,准时,0,客户自提
DLV-02957,WO-202501-04963,C007,东风乘用车,2025-01-17 10:00,2025-01-07 17:48,2025-01-08 01:48,0,准时,0,自配送
DLV-02958,WO-202501-04965,C006,岚图汽车,2025-01-12 08:00,2025-01-04 12:24,2025-01-06 17:24,0,准时,0,客户自提
DLV-02959,WO-202501-04966,C004,麦格纳,2025-01-24 12:00,2025-01-06 07:06,2025-01-08 01:06,0,准时,0,客户自提
DLV-02960,WO-202501-04967,C012,小鹏汽车,2025-01-11 09:00,2025-01-05 22:00,2025-01-08 06:00,0,准时,0,顺丰
DLV-02961,WO-202501-04968,C006,岚图汽车,2025-01-17 08:00,2025-01-07 14:10,2025-01-09 15:10,0,准时,0,中通
DLV-02962,WO-202501-04969,C011,比亚迪事业群,2025-01-13 09:00,2025-01-10 06:19,2025-01-11 04:19,0,准时,0,中通
DLV-02963,WO-202501-04974,C006,岚图汽车,2025-01-13 13:00,2025-01-08 19:09,2025-01-09 21:09,0,准时,0,客户自提
DLV-02964,WO-202501-04975,C011,比亚迪事业群,2025-01-20 14:00,2025-01-09 12:26,2025-01-11 03:26,0,准时,0,客户自提
DLV-02965,WO-202501-04976,C006,岚图汽车,2025-01-18 09:00,2025-01-10 00:34,2025-01-12 19:34,0,准时,0,自配送
DLV-02966,WO-202501-04977,C005,本田汽配,2025-01-16 09:00,2025-01-08 21:12,2025-01-09 11:12,0,准时,0,中通
DLV-02967,WO-202501-04978,C006,岚图汽车,2025-01-21 16:00,2025-01-07 05:14,2025-01-09 07:14,0,准时,0,客户自提
DLV-02968,WO-202501-04979,C012,小鹏汽车,2025-01-26 15:00,2025-01-08 03:24,2025-01-09 17:24,0,准时,0,客户自提
DLV-02969,WO-202501-04980,C008,吉利商用车,2025-01-16 18:00,2025-01-04 06:25,2025-01-06 11:25,0,准时,0,京东物流
DLV-02970,WO-202501-04981,C009,零跑汽车,2025-01-16 08:00,2025-01-10 07:06,2025-01-12 22:06,0,准时,0,京东物流
DLV-02971,WO-202501-04982,C004,麦格纳,2025-01-22 09:00,2025-01-07 00:43,2025-01-08 17:43,0,准时,0,顺丰
DLV-02972,WO-202501-04985,C008,吉利商用车,2025-01-17 12:00,2025-01-06 19:13,2025-01-09 11:13,0,准时,0,客户自提
DLV-02973,WO-202501-04986,C005,本田汽配,2025-01-21 18:00,2025-01-05 05:34,2025-01-07 05:34,0,准时,0,中通
DLV-02974,WO-202501-04987,C008,吉利商用车,2025-01-23 12:00,2025-01-05 21:43,2025-01-08 12:43,0,准时,0,自配送
DLV-02975,WO-202501-04988,C011,比亚迪事业群,2025-01-16 09:00,2025-01-10 21:18,2025-01-13 05:18,0,准时,0,京东物流
DLV-02976,WO-202501-04989,C011,比亚迪事业群,2025-01-22 15:00,2025-01-10 02:33,2025-01-12 10:33,0,准时,0,顺丰
DLV-02977,WO-202501-04990,C004,麦格纳,2025-01-10 09:00,2025-01-04 17:57,2025-01-05 22:57,0,准时,0,客户自提
DLV-02978,WO-202501-04992,C007,东风乘用车,2025-01-21 10:00,2025-01-06 19:16,2025-01-09 14:16,0,准时,0,客户自提
DLV-02979,WO-202501-04993,C001,东风彼欧,2025-01-20 09:00,2025-01-11 09:40,2025-01-13 14:40,0,准时,0,顺丰
DLV-02980,WO-202501-04996,C004,麦格纳,2025-01-24 18:00,2025-01-07 20:07,2025-01-08 13:07,0,准时,0,中通
DLV-02981,WO-202501-04997,C009,零跑汽车,2025-01-18 13:00,2025-01-06 22:58,2025-01-07 09:58,0,准时,0,京东物流
DLV-02982,WO-202501-04998,C002,伟世通,2025-01-19 08:00,2025-01-06 17:32,2025-01-07 09:32,0,准时,0,自配送
DLV-02983,WO-202501-05001,C011,比亚迪事业群,2025-01-13 08:00,2025-01-05 08:13,2025-01-06 16:13,0,准时,0,自配送
DLV-02984,WO-202501-05002,C011,比亚迪事业群,2025-01-11 08:00,2025-01-02 08:36,2025-01-05 08:36,0,准时,0,京东物流
DLV-02985,WO-202501-05003,C002,伟世通,2025-01-19 14:00,2025-01-08 23:28,2025-01-11 22:28,0,准时,0,京东物流
DLV-02986,WO-202501-05005,C012,小鹏汽车,2025-01-17 10:00,2025-01-04 17:15,2025-01-05 22:15,0,准时,0,京东物流
DLV-02987,WO-202501-05006,C012,小鹏汽车,2025-01-09 08:00,2025-01-05 08:46,2025-01-07 11:46,0,准时,0,中通
DLV-02988,WO-202501-05007,C002,伟世通,2025-01-26 10:00,2025-01-07 07:19,2025-01-08 02:19,0,准时,0,京东物流
DLV-02989,WO-202501-05008,C010,长城精工,2025-01-14 08:00,2025-01-10 06:24,2025-01-12 07:24,0,准时,0,自配送
DLV-02990,WO-202501-05009,C006,岚图汽车,2025-01-16 08:00,2025-01-08 18:24,2025-01-10 12:24,0,准时,0,顺丰
DLV-02991,WO-202501-05011,C006,岚图汽车,2025-01-22 13:00,2025-01-07 04:30,2025-01-09 23:30,0,准时,0,顺丰
DLV-02992,WO-202501-05013,C012,小鹏汽车,2025-01-22 14:00,2025-01-07 19:16,2025-01-09 13:16,0,准时,0,自配送
DLV-02993,WO-202501-05014,C003,佛吉亚,2025-01-20 15:00,2025-01-08 19:45,2025-01-10 23:45,0,准时,0,顺丰
DLV-02994,WO-202501-05016,C010,长城精工,2025-01-15 11:00,2025-01-09 08:55,2025-01-10 07:55,0,准时,0,顺丰
DLV-02995,WO-202501-05022,C004,麦格纳,2025-01-20 15:00,2025-01-05 00:51,2025-01-07 23:51,0,准时,0,顺丰
DLV-02996,WO-202501-05024,C010,长城精工,2025-01-23 11:00,2025-01-06 13:31,2025-01-09 11:31,0,准时,0,顺丰
DLV-02997,WO-202501-05027,C003,佛吉亚,2025-01-21 10:00,2025-01-07 20:55,2025-01-10 18:55,0,准时,0,中通
DLV-02998,WO-202501-05028,C011,比亚迪事业群,2025-01-08 10:00,2025-01-02 18:09,2025-01-03 17:09,0,准时,0,自配送
DLV-02999,WO-202501-05033,C008,吉利商用车,2025-01-16 16:00,2025-01-05 04:06,2025-01-07 13:06,0,准时,0,中通
DLV-03000,WO-202501-05034,C002,伟世通,2025-01-17 14:00,2025-01-08 01:18,2025-01-10 20:18,0,准时,0,顺丰
DLV-03001,WO-202501-05035,C003,佛吉亚,2025-01-18 09:00,2025-01-04 00:57,2025-01-06 11:57,0,准时,0,顺丰
DLV-03002,WO-202501-05036,C010,长城精工,2025-01-15 08:00,2025-01-05 14:00,2025-01-06 10:00,0,准时,0,京东物流
DLV-03003,WO-202501-05037,C002,伟世通,2025-01-19 11:00,2025-01-06 18:04,2025-01-08 20:04,0,准时,0,客户自提
DLV-03004,WO-202501-05038,C012,小鹏汽车,2025-01-11 10:00,2025-01-04 03:19,2025-01-06 10:19,0,准时,0,顺丰
DLV-03005,WO-202501-05039,C005,本田汽配,2025-01-22 14:00,2025-01-08 22:27,2025-01-11 22:27,0,准时,0,自配送
DLV-03006,WO-202501-05040,C004,麦格纳,2025-01-18 13:00,2025-01-06 17:40,2025-01-07 04:40,0,准时,0,客户自提
DLV-03007,WO-202501-05042,C008,吉利商用车,2025-01-14 12:00,2025-01-02 17:08,2025-01-03 10:08,0,准时,0,顺丰
DLV-03008,WO-202501-05043,C011,比亚迪事业群,2025-01-13 08:00,2025-01-08 11:55,2025-01-10 09:55,0,准时,0,顺丰
DLV-03009,WO-202501-05045,C012,小鹏汽车,2025-01-13 13:00,2025-01-08 07:11,2025-01-09 08:11,0,准时,0,顺丰
DLV-03010,WO-202501-05046,C011,比亚迪事业群,2025-01-13 16:00,2025-01-03 13:45,2025-01-06 12:45,0,准时,0,自配送
DLV-03011,WO-202501-05051,C002,伟世通,2025-01-15 15:00,2025-01-04 15:12,2025-01-06 15:12,0,准时,0,自配送
DLV-03012,WO-202501-05053,C007,东风乘用车,2025-01-11 14:00,2025-01-04 21:22,2025-01-06 05:22,0,准时,0,自配送
DLV-03013,WO-202501-05054,C004,麦格纳,2025-01-16 18:00,2025-01-07 21:58,2025-01-08 15:58,0,准时,0,中通
DLV-03014,WO-202501-05055,C011,比亚迪事业群,2025-01-22 15:00,2025-01-10 15:00,2025-01-11 12:00,0,准时,0,客户自提
DLV-03015,WO-202501-05057,C008,吉利商用车,2025-01-14 18:00,2025-01-09 11:18,2025-01-09 21:18,0,准时,0,中通
DLV-03016,WO-202502-05060,C003,佛吉亚,2025-02-12 10:00,2025-02-04 15:14,2025-02-06 10:14,0,准时,0,客户自提
DLV-03017,WO-202502-05061,C005,本田汽配,2025-02-15 17:00,2025-02-09 12:30,2025-02-10 05:30,0,准时,0,自配送
DLV-03018,WO-202502-05063,C004,麦格纳,2025-02-12 10:00,2025-02-07 11:10,2025-02-08 19:10,0,准时,0,客户自提
DLV-03019,WO-202502-05068,C001,东风彼欧,2025-02-12 17:00,2025-02-08 06:34,2025-02-08 14:34,0,准时,0,客户自提
DLV-03020,WO-202502-05069,C008,吉利商用车,2025-02-18 14:00,2025-02-04 20:24,2025-02-05 22:24,0,准时,0,自配送
DLV-03021,WO-202502-05070,C004,麦格纳,2025-02-12 15:00,2025-02-07 08:48,2025-02-10 05:48,0,准时,0,客户自提
DLV-03022,WO-202502-05071,C001,东风彼欧,2025-02-22 18:00,2025-02-10 17:01,2025-02-12 07:01,0,准时,0,顺丰
DLV-03023,WO-202502-05072,C011,比亚迪事业群,2025-02-24 18:00,2025-02-09 16:22,2025-02-11 20:22,0,准时,0,京东物流
DLV-03024,WO-202502-05075,C011,比亚迪事业群,2025-02-16 16:00,2025-02-04 12:08,2025-02-06 22:08,0,准时,0,客户自提
DLV-03025,WO-202502-05076,C003,佛吉亚,2025-02-20 09:00,2025-02-04 21:27,2025-02-06 11:27,0,准时,0,中通
DLV-03026,WO-202502-05077,C008,吉利商用车,2025-02-15 15:00,2025-02-07 16:20,2025-02-09 01:20,0,准时,0,京东物流
DLV-03027,WO-202502-05082,C002,伟世通,2025-02-18 09:00,2025-02-05 23:05,2025-02-07 23:05,0,准时,0,京东物流
DLV-03028,WO-202502-05086,C003,佛吉亚,2025-02-13 15:00,2025-02-04 07:16,2025-02-05 02:16,0,准时,0,自配送
DLV-03029,WO-202502-05087,C005,本田汽配,2025-02-12 16:00,2025-02-04 14:08,2025-02-05 04:08,0,准时,0,京东物流
DLV-03030,WO-202502-05090,C003,佛吉亚,2025-02-16 18:00,2025-02-03 08:19,2025-02-04 15:19,0,准时,0,顺丰
DLV-03031,WO-202502-05092,C005,本田汽配,2025-02-11 17:00,2025-02-06 06:45,2025-02-07 05:45,0,准时,0,京东物流
DLV-03032,WO-202502-05093,C002,伟世通,2025-02-13 18:00,2025-02-03 19:44,2025-02-06 04:44,0,准时,0,顺丰
DLV-03033,WO-202502-05095,C009,零跑汽车,2025-02-27 12:00,2025-02-08 02:31,2025-02-09 05:31,0,准时,0,中通
DLV-03034,WO-202502-05098,C002,伟世通,2025-02-24 10:00,2025-02-09 02:25,2025-02-11 13:25,0,准时,0,顺丰
DLV-03035,WO-202502-05101,C011,比亚迪事业群,2025-02-13 11:00,2025-02-05 01:48,2025-02-06 08:48,0,准时,0,京东物流
DLV-03036,WO-202502-05102,C007,东风乘用车,2025-02-13 09:00,2025-02-05 19:36,2025-02-07 10:36,0,准时,0,中通
DLV-03037,WO-202502-05105,C006,岚图汽车,2025-02-10 08:00,2025-02-05 07:01,2025-02-08 02:01,0,准时,0,中通
DLV-03038,WO-202502-05106,C011,比亚迪事业群,2025-02-14 08:00,2025-02-10 05:13,2025-02-12 06:13,0,准时,0,顺丰
DLV-03039,WO-202502-05107,C005,本田汽配,2025-02-22 09:00,2025-02-05 11:54,2025-02-06 22:54,0,准时,0,自配送
DLV-03040,WO-202502-05108,C006,岚图汽车,2025-02-18 13:00,2025-02-09 13:41,2025-02-11 21:41,0,准时,0,顺丰
DLV-03041,WO-202502-05111,C009,零跑汽车,2025-02-08 10:00,2025-02-04 05:42,2025-02-06 23:42,0,准时,0,中通
DLV-03042,WO-202502-05112,C012,小鹏汽车,2025-02-22 09:00,2025-02-05 19:07,2025-02-06 22:07,0,准时,0,自配送
DLV-03043,WO-202502-05114,C008,吉利商用车,2025-02-23 18:00,2025-02-07 22:24,2025-02-09 08:24,0,准时,0,京东物流
DLV-03044,WO-202502-05116,C006,岚图汽车,2025-02-24 17:00,2025-02-09 16:33,2025-02-12 04:33,0,准时,0,客户自提
DLV-03045,WO-202502-05117,C001,东风彼欧,2025-02-13 09:00,2025-02-08 13:39,2025-02-11 10:39,0,准时,0,顺丰
DLV-03046,WO-202502-05122,C003,佛吉亚,2025-02-18 08:00,2025-02-09 12:25,2025-02-09 20:25,0,准时,0,自配送
DLV-03047,WO-202502-05123,C006,岚图汽车,2025-02-17 14:00,2025-02-10 12:07,2025-02-10 21:07,0,准时,0,京东物流
DLV-03048,WO-202502-05124,C009,零跑汽车,2025-02-17 08:00,2025-02-04 19:24,2025-02-05 19:24,0,准时,0,顺丰
DLV-03049,WO-202502-05125,C008,吉利商用车,2025-02-27 12:00,2025-02-09 14:27,2025-02-12 10:27,0,准时,0,京东物流
DLV-03050,WO-202502-05126,C006,岚图汽车,2025-02-19 09:00,2025-02-08 09:43,2025-02-08 22:43,0,准时,0,顺丰
DLV-03051,WO-202502-05129,C001,东风彼欧,2025-02-12 17:00,2025-02-07 04:19,2025-02-08 11:19,0,准时,0,京东物流
DLV-03052,WO-202502-05130,C003,佛吉亚,2025-02-23 12:00,2025-02-07 01:06,2025-02-07 16:06,0,准时,0,客户自提
DLV-03053,WO-202502-05134,C004,麦格纳,2025-02-10 17:00,2025-02-05 17:33,2025-02-08 01:33,0,准时,0,自配送
DLV-03054,WO-202502-05135,C003,佛吉亚,2025-02-20 11:00,2025-02-06 11:25,2025-02-09 10:25,0,准时,0,顺丰
DLV-03055,WO-202502-05140,C012,小鹏汽车,2025-02-10 12:00,2025-02-06 00:31,2025-02-07 10:31,0,准时,0,自配送
DLV-03056,WO-202502-05141,C008,吉利商用车,2025-02-13 16:00,2025-02-06 23:54,2025-02-09 12:54,0,准时,0,顺丰
DLV-03057,WO-202502-05144,C011,比亚迪事业群,2025-02-21 18:00,2025-02-05 09:45,2025-02-07 11:45,0,准时,0,顺丰
DLV-03058,WO-202502-05145,C007,东风乘用车,2025-02-19 18:00,2025-02-08 07:01,2025-02-09 22:01,0,准时,0,客户自提
DLV-03059,WO-202502-05146,C011,比亚迪事业群,2025-02-16 15:00,2025-02-08 06:42,2025-02-08 16:42,0,准时,0,客户自提
DLV-03060,WO-202502-05147,C005,本田汽配,2025-02-15 18:00,2025-02-09 23:45,2025-02-11 22:45,0,准时,0,客户自提
DLV-03061,WO-202502-05149,C009,零跑汽车,2025-02-14 11:00,2025-02-05 23:51,2025-02-08 16:51,0,准时,0,京东物流
DLV-03062,WO-202502-05151,C007,东风乘用车,2025-02-20 11:00,2025-02-05 23:05,2025-02-08 05:05,0,准时,0,自配送
DLV-03063,WO-202502-05152,C004,麦格纳,2025-02-13 13:00,2025-02-07 13:54,2025-02-10 08:54,0,准时,0,中通
DLV-03064,WO-202502-05153,C012,小鹏汽车,2025-02-18 17:00,2025-02-04 16:04,2025-02-07 01:04,0,准时,0,自配送
DLV-03065,WO-202502-05155,C002,伟世通,2025-02-17 15:00,2025-02-05 16:06,2025-02-08 13:06,0,准时,0,自配送
DLV-03066,WO-202502-05156,C006,岚图汽车,2025-02-19 09:00,2025-02-07 19:42,2025-02-10 00:42,0,准时,0,顺丰
DLV-03067,WO-202502-05158,C005,本田汽配,2025-02-17 16:00,2025-02-05 23:11,2025-02-07 20:11,0,准时,0,自配送
DLV-03068,WO-202502-05159,C006,岚图汽车,2025-02-23 10:00,2025-02-06 20:06,2025-02-09 06:06,0,准时,0,自配送
DLV-03069,WO-202502-05161,C010,长城精工,2025-02-24 10:00,2025-02-07 02:48,2025-02-08 00:48,0,准时,0,顺丰
DLV-03070,WO-202502-05162,C007,东风乘用车,2025-02-24 16:00,2025-02-09 15:27,2025-02-12 09:27,0,准时,0,自配送
DLV-03071,WO-202502-05163,C003,佛吉亚,2025-02-13 09:00,2025-02-07 11:13,2025-02-08 23:13,0,准时,0,中通
DLV-03072,WO-202502-05164,C004,麦格纳,2025-02-11 16:00,2025-02-04 02:41,2025-02-06 03:41,0,准时,0,京东物流
DLV-03073,WO-202502-05165,C004,麦格纳,2025-02-19 08:00,2025-02-09 17:51,2025-02-11 13:51,0,准时,0,客户自提
DLV-03074,WO-202502-05168,C007,东风乘用车,2025-02-15 12:00,2025-02-08 15:09,2025-02-10 21:09,0,准时,0,顺丰
DLV-03075,WO-202502-05169,C007,东风乘用车,2025-02-24 12:00,2025-02-07 22:43,2025-02-10 07:43,0,准时,0,客户自提
DLV-03076,WO-202502-05170,C004,麦格纳,2025-02-22 11:00,2025-02-09 09:08,2025-02-11 14:08,0,准时,0,客户自提
DLV-03077,WO-202502-05172,C010,长城精工,2025-02-10 10:00,2025-02-05 02:21,2025-02-05 16:21,0,准时,0,客户自提
DLV-03078,WO-202502-05175,C007,东风乘用车,2025-02-21 12:00,2025-02-04 11:40,2025-02-06 01:40,0,准时,0,客户自提
DLV-03079,WO-202502-05176,C006,岚图汽车,2025-02-20 14:00,2025-02-08 12:09,2025-02-10 13:09,0,准时,0,京东物流
DLV-03080,WO-202502-05178,C010,长城精工,2025-02-20 12:00,2025-02-02 17:36,2025-02-03 01:36,0,准时,0,京东物流
DLV-03081,WO-202502-05182,C006,岚图汽车,2025-02-23 17:00,2025-02-05 19:38,2025-02-06 13:38,0,准时,0,顺丰
DLV-03082,WO-202502-05183,C010,长城精工,2025-02-12 09:00,2025-02-08 03:34,2025-02-08 22:34,0,准时,0,中通
DLV-03083,WO-202502-05184,C001,东风彼欧,2025-02-17 13:00,2025-02-09 05:44,2025-02-11 14:44,0,准时,0,自配送
DLV-03084,WO-202502-05186,C010,长城精工,2025-02-18 09:00,2025-02-07 13:43,2025-02-08 20:43,0,准时,0,京东物流
DLV-03085,WO-202502-05187,C001,东风彼欧,2025-02-19 16:00,2025-02-09 06:30,2025-02-09 21:30,0,准时,0,京东物流
DLV-03086,WO-202502-05189,C004,麦格纳,2025-02-21 10:00,2025-02-04 13:06,2025-02-04 22:06,0,准时,0,客户自提
DLV-03087,WO-202502-05190,C001,东风彼欧,2025-02-16 09:00,2025-02-04 21:54,2025-02-05 13:54,0,准时,0,顺丰
DLV-03088,WO-202502-05192,C010,长城精工,2025-02-15 11:00,2025-02-05 08:21,2025-02-08 05:21,0,准时,0,中通
DLV-03089,WO-202502-05198,C012,小鹏汽车,2025-02-20 11:00,2025-02-09 05:09,2025-02-10 20:09,0,准时,0,顺丰
DLV-03090,WO-202502-05200,C003,佛吉亚,2025-02-22 10:00,2025-02-02 15:24,2025-02-05 15:24,0,准时,0,京东物流
DLV-03091,WO-202502-05201,C004,麦格纳,2025-02-15 18:00,2025-02-10 03:49,2025-02-12 01:49,0,准时,0,自配送
DLV-03092,WO-202502-05202,C009,零跑汽车,2025-02-09 10:00,2025-02-05 05:29,2025-02-07 23:29,0,准时,0,京东物流
DLV-03093,WO-202502-05203,C012,小鹏汽车,2025-02-22 10:00,2025-02-06 14:45,2025-02-08 10:45,0,准时,0,中通
DLV-03094,WO-202502-05205,C005,本田汽配,2025-02-20 16:00,2025-02-09 17:40,2025-02-10 07:40,0,准时,0,京东物流
DLV-03095,WO-202502-05207,C009,零跑汽车,2025-02-10 09:00,2025-02-06 16:10,2025-02-08 16:10,0,准时,0,京东物流
DLV-03096,WO-202502-05208,C007,东风乘用车,2025-02-22 16:00,2025-02-09 02:51,2025-02-10 16:51,0,准时,0,顺丰
DLV-03097,WO-202502-05209,C010,长城精工,2025-02-11 11:00,2025-02-07 13:18,2025-02-08 23:18,0,准时,0,顺丰
DLV-03098,WO-202502-05211,C004,麦格纳,2025-02-10 15:00,2025-02-05 11:10,2025-02-06 21:10,0,准时,0,自配送
DLV-03099,WO-202502-05212,C007,东风乘用车,2025-02-12 11:00,2025-02-04 22:56,2025-02-05 08:56,0,准时,0,客户自提
DLV-03100,WO-202502-05213,C012,小鹏汽车,2025-02-23 10:00,2025-02-04 15:48,2025-02-07 00:48,0,准时,0,自配送
DLV-03101,WO-202502-05216,C006,岚图汽车,2025-02-23 16:00,2025-02-07 02:10,2025-02-09 09:10,0,准时,0,中通
DLV-03102,WO-202502-05217,C011,比亚迪事业群,2025-02-26 08:00,2025-02-07 12:00,2025-02-09 02:00,0,准时,0,自配送
DLV-03103,WO-202502-05218,C010,长城精工,2025-02-12 17:00,2025-02-08 17:54,2025-02-11 01:54,0,准时,0,自配送
DLV-03104,WO-202502-05219,C007,东风乘用车,2025-02-12 10:00,2025-02-06 23:36,2025-02-08 03:36,0,准时,0,京东物流
DLV-03105,WO-202502-05220,C001,东风彼欧,2025-02-16 14:00,2025-02-04 22:58,2025-02-07 03:58,0,准时,0,客户自提
DLV-03106,WO-202502-05221,C008,吉利商用车,2025-02-22 13:00,2025-02-06 16:32,2025-02-07 09:32,0,准时,0,京东物流
DLV-03107,WO-202502-05224,C001,东风彼欧,2025-02-19 16:00,2025-02-09 03:08,2025-02-11 03:08,0,准时,0,京东物流
DLV-03108,WO-202502-05225,C007,东风乘用车,2025-02-19 09:00,2025-02-07 13:11,2025-02-08 19:11,0,准时,0,京东物流
DLV-03109,WO-202502-05226,C003,佛吉亚,2025-02-20 17:00,2025-02-06 02:37,2025-02-08 06:37,0,准时,0,京东物流
DLV-03110,WO-202502-05228,C004,麦格纳,2025-02-20 17:00,2025-02-03 19:55,2025-02-04 15:55,0,准时,0,自配送
DLV-03111,WO-202502-05229,C005,本田汽配,2025-02-15 12:00,2025-02-08 12:01,2025-02-09 14:01,0,准时,0,自配送
DLV-03112,WO-202502-05232,C012,小鹏汽车,2025-02-14 08:00,2025-02-06 10:58,2025-02-07 13:58,0,准时,0,顺丰
DLV-03113,WO-202502-05234,C010,长城精工,2025-02-19 18:00,2025-02-10 03:33,2025-02-12 11:33,0,准时,0,中通
DLV-03114,WO-202502-05238,C001,东风彼欧,2025-02-18 16:00,2025-02-10 11:25,2025-02-12 12:25,0,准时,0,中通
DLV-03115,WO-202502-05239,C009,零跑汽车,2025-02-22 18:00,2025-02-06 08:45,2025-02-07 06:45,0,准时,0,京东物流
DLV-03116,WO-202502-05241,C003,佛吉亚,2025-02-20 08:00,2025-02-08 01:46,2025-02-09 18:46,0,准时,0,京东物流
DLV-03117,WO-202502-05243,C004,麦格纳,2025-02-23 12:00,2025-02-09 07:52,2025-02-12 06:52,0,准时,0,顺丰
DLV-03118,WO-202502-05244,C011,比亚迪事业群,2025-02-14 09:00,2025-02-08 20:31,2025-02-09 19:31,0,准时,0,中通
DLV-03119,WO-202502-05245,C001,东风彼欧,2025-02-14 14:00,2025-02-09 16:40,2025-02-11 10:40,0,准时,0,顺丰
DLV-03120,WO-202502-05248,C012,小鹏汽车,2025-02-16 09:00,2025-02-08 18:22,2025-02-09 14:22,0,准时,0,京东物流
DLV-03121,WO-202502-05249,C006,岚图汽车,2025-02-13 12:00,2025-02-08 16:27,2025-02-10 14:27,0,准时,0,客户自提
DLV-03122,WO-202502-05253,C007,东风乘用车,2025-02-12 09:00,2025-02-07 04:46,2025-02-07 20:46,0,准时,0,顺丰
DLV-03123,WO-202502-05254,C012,小鹏汽车,2025-02-19 16:00,2025-02-06 10:42,2025-02-06 19:42,0,准时,0,京东物流
DLV-03124,WO-202502-05256,C004,麦格纳,2025-02-17 10:00,2025-02-07 09:02,2025-02-09 06:02,0,准时,0,京东物流
DLV-03125,WO-202502-05257,C004,麦格纳,2025-02-21 17:00,2025-02-06 02:24,2025-02-06 17:24,0,准时,0,京东物流
DLV-03126,WO-202502-05258,C004,麦格纳,2025-02-09 09:00,2025-02-05 23:39,2025-02-06 21:39,0,准时,0,自配送
DLV-03127,WO-202502-05260,C004,麦格纳,2025-02-21 18:00,2025-02-07 03:21,2025-02-07 12:21,0,准时,0,客户自提
DLV-03128,WO-202502-05262,C011,比亚迪事业群,2025-02-14 14:00,2025-02-05 14:28,2025-02-06 08:28,0,准时,0,自配送
DLV-03129,WO-202502-05263,C006,岚图汽车,2025-02-15 11:00,2025-02-06 11:45,2025-02-09 07:45,0,准时,0,客户自提
DLV-03130,WO-202502-05264,C001,东风彼欧,2025-02-19 16:00,2025-02-09 20:38,2025-02-12 08:38,0,准时,0,顺丰
DLV-03131,WO-202502-05266,C005,本田汽配,2025-02-16 15:00,2025-02-10 01:32,2025-02-12 10:32,0,准时,0,客户自提
DLV-03132,WO-202502-05267,C003,佛吉亚,2025-02-17 11:00,2025-02-08 19:33,2025-02-10 05:33,0,准时,0,京东物流
DLV-03133,WO-202502-05268,C005,本田汽配,2025-02-23 13:00,2025-02-09 06:48,2025-02-12 05:48,0,准时,0,顺丰
DLV-03134,WO-202502-05270,C002,伟世通,2025-02-20 08:00,2025-02-04 09:24,2025-02-06 20:24,0,准时,0,客户自提
DLV-03135,WO-202502-05271,C004,麦格纳,2025-02-22 16:00,2025-02-08 04:59,2025-02-09 20:59,0,准时,0,顺丰
DLV-03136,WO-202502-05273,C007,东风乘用车,2025-02-19 18:00,2025-02-03 19:14,2025-02-06 00:14,0,准时,0,顺丰
DLV-03137,WO-202502-05274,C004,麦格纳,2025-02-14 13:00,2025-02-06 03:54,2025-02-08 02:54,0,准时,0,客户自提
DLV-03138,WO-202502-05275,C007,东风乘用车,2025-02-20 13:00,2025-02-07 21:15,2025-02-10 17:15,0,准时,0,中通
DLV-03139,WO-202502-05277,C002,伟世通,2025-02-08 08:00,2025-02-04 21:04,2025-02-07 03:04,0,准时,0,京东物流
DLV-03140,WO-202502-05278,C008,吉利商用车,2025-02-10 18:00,2025-02-04 08:12,2025-02-05 22:12,0,准时,0,中通
DLV-03141,WO-202502-05280,C002,伟世通,2025-02-12 13:00,2025-02-06 18:09,2025-02-09 05:09,0,准时,0,京东物流
DLV-03142,WO-202502-05281,C010,长城精工,2025-02-13 18:00,2025-02-06 17:10,2025-02-08 01:10,0,准时,0,京东物流
DLV-03143,WO-202502-05283,C004,麦格纳,2025-02-23 09:00,2025-02-08 14:38,2025-02-11 10:38,0,准时,0,中通
DLV-03144,WO-202502-05284,C007,东风乘用车,2025-02-18 15:00,2025-02-04 06:52,2025-02-07 02:52,0,准时,0,中通
DLV-03145,WO-202502-05287,C002,伟世通,2025-02-19 13:00,2025-02-06 14:04,2025-02-08 19:04,0,准时,0,顺丰
DLV-03146,WO-202502-05289,C008,吉利商用车,2025-02-20 09:00,2025-02-04 19:28,2025-02-05 11:28,0,准时,0,中通
DLV-03147,WO-202502-05290,C007,东风乘用车,2025-02-14 16:00,2025-02-02 23:27,2025-02-03 19:27,0,准时,0,京东物流
DLV-03148,WO-202502-05291,C002,伟世通,2025-02-12 12:00,2025-02-04 17:13,2025-02-07 14:13,0,准时,0,京东物流
DLV-03149,WO-202502-05292,C011,比亚迪事业群,2025-02-25 17:00,2025-02-07 04:50,2025-02-09 09:50,0,准时,0,京东物流
DLV-03150,WO-202502-05293,C011,比亚迪事业群,2025-02-09 14:00,2025-02-04 14:46,2025-02-07 03:46,0,准时,0,顺丰
DLV-03151,WO-202502-05297,C002,伟世通,2025-02-19 14:00,2025-02-04 17:42,2025-02-06 03:42,0,准时,0,客户自提
DLV-03152,WO-202502-05298,C004,麦格纳,2025-02-19 09:00,2025-02-02 23:55,2025-02-05 07:55,0,准时,0,客户自提
DLV-03153,WO-202502-05303,C012,小鹏汽车,2025-02-22 10:00,2025-02-10 13:36,2025-02-11 18:36,0,准时,0,中通
DLV-03154,WO-202502-05304,C008,吉利商用车,2025-02-24 11:00,2025-02-07 06:45,2025-02-09 08:45,0,准时,0,客户自提
DLV-03155,WO-202502-05305,C010,长城精工,2025-02-11 11:00,2025-02-04 14:15,2025-02-07 10:15,0,准时,0,中通
DLV-03156,WO-202502-05306,C011,比亚迪事业群,2025-02-12 18:00,2025-02-09 00:16,2025-02-10 04:16,0,准时,0,客户自提
DLV-03157,WO-202502-05307,C007,东风乘用车,2025-02-17 11:00,2025-02-04 02:19,2025-02-05 19:19,0,准时,0,顺丰
DLV-03158,WO-202502-05308,C003,佛吉亚,2025-02-19 14:00,2025-02-04 01:39,2025-02-06 16:39,0,准时,0,自配送
DLV-03159,WO-202502-05309,C012,小鹏汽车,2025-02-21 09:00,2025-02-07 13:13,2025-02-09 13:13,0,准时,0,京东物流
DLV-03160,WO-202502-05310,C002,伟世通,2025-02-21 18:00,2025-02-11 00:48,2025-02-13 06:48,0,准时,0,京东物流
DLV-03161,WO-202502-05311,C010,长城精工,2025-02-20 10:00,2025-02-07 04:18,2025-02-09 00:18,0,准时,0,自配送
DLV-03162,WO-202502-05312,C010,长城精工,2025-02-11 18:00,2025-02-07 03:03,2025-02-09 13:03,0,准时,0,京东物流
DLV-03163,WO-202502-05313,C009,零跑汽车,2025-02-18 08:00,2025-02-05 16:18,2025-02-08 03:18,0,准时,0,顺丰
DLV-03164,WO-202502-05316,C001,东风彼欧,2025-02-22 15:00,2025-02-05 03:03,2025-02-05 18:03,0,准时,0,顺丰
DLV-03165,WO-202502-05318,C001,东风彼欧,2025-02-18 09:00,2025-02-07 08:28,2025-02-08 18:28,0,准时,0,自配送
DLV-03166,WO-202502-05319,C009,零跑汽车,2025-02-10 18:00,2025-02-05 21:33,2025-02-07 22:33,0,准时,0,京东物流
DLV-03167,WO-202502-05320,C001,东风彼欧,2025-02-24 17:00,2025-02-09 16:35,2025-02-12 06:35,0,准时,0,客户自提
DLV-03168,WO-202502-05321,C002,伟世通,2025-02-15 16:00,2025-02-05 20:22,2025-02-07 02:22,0,准时,0,中通
DLV-03169,WO-202502-05322,C002,伟世通,2025-02-17 16:00,2025-02-08 03:19,2025-02-09 14:19,0,准时,0,客户自提
DLV-03170,WO-202502-05323,C003,佛吉亚,2025-02-17 10:00,2025-02-06 13:12,2025-02-08 11:12,0,准时,0,自配送
DLV-03171,WO-202502-05325,C001,东风彼欧,2025-02-27 18:00,2025-02-10 09:36,2025-02-10 21:36,0,准时,0,客户自提
DLV-03172,WO-202502-05327,C006,岚图汽车,2025-02-10 13:00,2025-02-05 04:36,2025-02-07 23:36,0,准时,0,顺丰
DLV-03173,WO-202502-05328,C003,佛吉亚,2025-02-24 15:00,2025-02-10 13:34,2025-02-11 01:34,0,准时,0,自配送
DLV-03174,WO-202502-05329,C008,吉利商用车,2025-02-15 17:00,2025-02-07 08:27,2025-02-10 01:27,0,准时,0,中通
DLV-03175,WO-202502-05331,C001,东风彼欧,2025-02-16 08:00,2025-02-06 04:46,2025-02-08 15:46,0,准时,0,客户自提
DLV-03176,WO-202502-05332,C012,小鹏汽车,2025-02-18 15:00,2025-02-06 14:52,2025-02-07 11:52,0,准时,0,客户自提
DLV-03177,WO-202502-05333,C008,吉利商用车,2025-02-15 17:00,2025-02-06 03:13,2025-02-07 03:13,0,准时,0,顺丰
DLV-03178,WO-202502-05334,C009,零跑汽车,2025-02-19 15:00,2025-02-07 20:06,2025-02-09 22:06,0,准时,0,客户自提
DLV-03179,WO-202502-05338,C004,麦格纳,2025-02-18 13:00,2025-02-10 09:49,2025-02-11 09:49,0,准时,0,自配送
DLV-03180,WO-202502-05339,C011,比亚迪事业群,2025-02-15 15:00,2025-02-05 00:27,2025-02-08 00:27,0,准时,0,自配送
DLV-03181,WO-202502-05340,C002,伟世通,2025-02-22 08:00,2025-02-04 19:05,2025-02-06 06:05,0,准时,0,京东物流
DLV-03182,WO-202502-05342,C011,比亚迪事业群,2025-02-09 18:00,2025-02-03 20:45,2025-02-06 18:45,0,准时,0,自配送
DLV-03183,WO-202502-05343,C005,本田汽配,2025-02-16 08:00,2025-02-08 06:08,2025-02-10 16:08,0,准时,0,中通
DLV-03184,WO-202502-05345,C002,伟世通,2025-02-14 16:00,2025-02-09 05:15,2025-02-10 18:15,0,准时,0,客户自提
DLV-03185,WO-202502-05346,C010,长城精工,2025-02-20 18:00,2025-02-06 13:03,2025-02-09 12:03,0,准时,0,顺丰
DLV-03186,WO-202502-05348,C011,比亚迪事业群,2025-02-24 09:00,2025-02-06 17:24,2025-02-09 10:24,0,准时,0,自配送
DLV-03187,WO-202502-05350,C003,佛吉亚,2025-02-12 16:00,2025-02-05 06:13,2025-02-07 10:13,0,准时,0,中通
DLV-03188,WO-202502-05351,C012,小鹏汽车,2025-02-15 10:00,2025-02-06 23:48,2025-02-08 00:48,0,准时,0,中通
DLV-03189,WO-202502-05353,C010,长城精工,2025-02-18 09:00,2025-02-07 21:11,2025-02-09 01:11,0,准时,0,自配送
DLV-03190,WO-202502-05354,C001,东风彼欧,2025-02-19 17:00,2025-02-05 12:18,2025-02-07 06:18,0,准时,0,顺丰
DLV-03191,WO-202502-05356,C004,麦格纳,2025-02-16 14:00,2025-02-06 19:42,2025-02-07 20:42,0,准时,0,顺丰
DLV-03192,WO-202502-05358,C009,零跑汽车,2025-02-09 11:00,2025-02-06 02:40,2025-02-06 22:40,0,准时,0,客户自提
DLV-03193,WO-202502-05359,C004,麦格纳,2025-02-12 17:00,2025-02-06 10:16,2025-02-07 23:16,0,准时,0,自配送
DLV-03194,WO-202502-05360,C010,长城精工,2025-02-14 13:00,2025-02-07 03:00,2025-02-08 02:00,0,准时,0,中通
DLV-03195,WO-202502-05361,C001,东风彼欧,2025-02-11 15:00,2025-02-05 20:24,2025-02-08 01:24,0,准时,0,自配送
DLV-03196,WO-202502-05362,C011,比亚迪事业群,2025-02-22 14:00,2025-02-10 02:08,2025-02-10 20:08,0,准时,0,京东物流
DLV-03197,WO-202502-05363,C009,零跑汽车,2025-02-10 13:00,2025-02-05 09:25,2025-02-06 06:25,0,准时,0,客户自提
DLV-03198,WO-202502-05367,C001,东风彼欧,2025-02-10 10:00,2025-02-05 01:37,2025-02-05 16:37,0,准时,0,京东物流
DLV-03199,WO-202502-05370,C002,伟世通,2025-02-26 14:00,2025-02-08 13:15,2025-02-10 13:15,0,准时,0,京东物流
DLV-03200,WO-202502-05371,C002,伟世通,2025-02-23 09:00,2025-02-09 16:56,2025-02-12 01:56,0,准时,0,京东物流
DLV-03201,WO-202502-05372,C007,东风乘用车,2025-02-22 15:00,2025-02-05 22:55,2025-02-07 09:55,0,准时,0,自配送
DLV-03202,WO-202502-05377,C012,小鹏汽车,2025-02-21 12:00,2025-02-08 16:22,2025-02-09 15:22,0,准时,0,自配送
DLV-03203,WO-202502-05378,C006,岚图汽车,2025-02-11 08:00,2025-02-05 02:51,2025-02-07 07:51,0,准时,0,客户自提
DLV-03204,WO-202502-05379,C009,零跑汽车,2025-02-20 17:00,2025-02-08 02:21,2025-02-09 03:21,0,准时,0,中通
DLV-03205,WO-202502-05381,C009,零跑汽车,2025-02-16 08:00,2025-02-05 11:37,2025-02-08 06:37,0,准时,0,顺丰
DLV-03206,WO-202502-05384,C011,比亚迪事业群,2025-02-20 08:00,2025-02-04 08:41,2025-02-05 04:41,0,准时,0,自配送
DLV-03207,WO-202502-05385,C010,长城精工,2025-02-18 16:00,2025-02-07 08:41,2025-02-09 20:41,0,准时,0,顺丰
DLV-03208,WO-202502-05386,C008,吉利商用车,2025-02-22 17:00,2025-02-07 01:53,2025-02-08 10:53,0,准时,0,中通
DLV-03209,WO-202502-05387,C006,岚图汽车,2025-02-20 12:00,2025-02-07 05:23,2025-02-09 03:23,0,准时,0,自配送
DLV-03210,WO-202502-05388,C010,长城精工,2025-02-15 16:00,2025-02-08 18:14,2025-02-11 17:14,0,准时,0,客户自提
DLV-03211,WO-202502-05390,C009,零跑汽车,2025-02-23 12:00,2025-02-09 21:53,2025-02-11 04:53,0,准时,0,客户自提
DLV-03212,WO-202502-05391,C002,伟世通,2025-02-18 10:00,2025-02-07 00:08,2025-02-08 23:08,0,准时,0,顺丰
DLV-03213,WO-202502-05392,C001,东风彼欧,2025-02-19 16:00,2025-02-09 22:52,2025-02-11 22:52,0,准时,0,京东物流
DLV-03214,WO-202502-05395,C003,佛吉亚,2025-02-12 13:00,2025-02-06 12:20,2025-02-08 13:20,0,准时,0,自配送
DLV-03215,WO-202502-05396,C009,零跑汽车,2025-02-26 16:00,2025-02-07 13:18,2025-02-08 07:18,0,准时,0,京东物流
DLV-03216,WO-202502-05397,C004,麦格纳,2025-02-10 08:00,2025-02-05 21:18,2025-02-07 22:18,0,准时,0,京东物流
DLV-03217,WO-202502-05399,C011,比亚迪事业群,2025-02-09 11:00,2025-02-05 11:06,2025-02-05 20:06,0,准时,0,客户自提
DLV-03218,WO-202502-05401,C001,东风彼欧,2025-02-26 18:00,2025-02-07 21:33,2025-02-10 01:33,0,准时,0,顺丰
DLV-03219,WO-202502-05402,C008,吉利商用车,2025-02-21 17:00,2025-02-03 19:07,2025-02-06 10:07,0,准时,0,中通
DLV-03220,WO-202502-05403,C002,伟世通,2025-02-17 14:00,2025-02-05 13:55,2025-02-07 21:55,0,准时,0,顺丰
DLV-03221,WO-202502-05404,C010,长城精工,2025-02-16 16:00,2025-02-07 20:24,2025-02-08 19:24,0,准时,0,中通
DLV-03222,WO-202502-05406,C010,长城精工,2025-02-13 14:00,2025-02-04 12:23,2025-02-07 07:23,0,准时,0,京东物流
DLV-03223,WO-202502-05407,C011,比亚迪事业群,2025-02-13 17:00,2025-02-08 10:05,2025-02-10 00:05,0,准时,0,中通
DLV-03224,WO-202502-05408,C001,东风彼欧,2025-02-24 08:00,2025-02-10 06:06,2025-02-12 12:06,0,准时,0,顺丰
DLV-03225,WO-202502-05409,C008,吉利商用车,2025-02-11 17:00,2025-02-06 19:44,2025-02-07 22:44,0,准时,0,京东物流
DLV-03226,WO-202502-05410,C008,吉利商用车,2025-02-17 14:00,2025-02-04 13:27,2025-02-07 13:27,0,准时,0,自配送
DLV-03227,WO-202502-05413,C008,吉利商用车,2025-02-13 10:00,2025-02-07 08:18,2025-02-09 01:18,0,准时,0,客户自提
DLV-03228,WO-202502-05414,C007,东风乘用车,2025-02-11 11:00,2025-02-05 15:45,2025-02-07 20:45,0,准时,0,自配送
DLV-03229,WO-202502-05416,C001,东风彼欧,2025-02-20 13:00,2025-02-09 21:19,2025-02-11 20:19,0,准时,0,客户自提
DLV-03230,WO-202502-05417,C002,伟世通,2025-02-24 08:00,2025-02-06 06:06,2025-02-07 01:06,0,准时,0,顺丰
DLV-03231,WO-202502-05418,C002,伟世通,2025-02-13 10:00,2025-02-02 22:13,2025-02-04 19:13,0,准时,0,中通
DLV-03232,WO-202502-05419,C006,岚图汽车,2025-02-25 08:00,2025-02-07 23:30,2025-02-09 19:30,0,准时,0,顺丰
DLV-03233,WO-202502-05421,C011,比亚迪事业群,2025-02-14 11:00,2025-02-04 00:17,2025-02-05 18:17,0,准时,0,中通
DLV-03234,WO-202502-05422,C010,长城精工,2025-02-26 18:00,2025-02-09 02:52,2025-02-10 01:52,0,准时,0,京东物流
DLV-03235,WO-202502-05423,C010,长城精工,2025-02-18 17:00,2025-02-03 15:27,2025-02-06 03:27,0,准时,0,客户自提
DLV-03236,WO-202502-05426,C006,岚图汽车,2025-02-14 17:00,2025-02-05 14:15,2025-02-06 22:15,0,准时,0,客户自提
DLV-03237,WO-202502-05428,C003,佛吉亚,2025-02-11 10:00,2025-02-05 05:52,2025-02-08 04:52,0,准时,0,京东物流
DLV-03238,WO-202502-05429,C005,本田汽配,2025-02-24 12:00,2025-02-04 19:29,2025-02-05 21:29,0,准时,0,中通
DLV-03239,WO-202502-05430,C009,零跑汽车,2025-02-19 14:00,2025-02-07 23:36,2025-02-08 07:36,0,准时,0,顺丰
DLV-03240,WO-202502-05431,C012,小鹏汽车,2025-02-16 17:00,2025-02-08 22:33,2025-02-10 10:33,0,准时,0,顺丰
DLV-03241,WO-202502-05432,C003,佛吉亚,2025-02-15 10:00,2025-02-06 16:18,2025-02-09 00:18,0,准时,0,顺丰
DLV-03242,WO-202502-05433,C001,东风彼欧,2025-02-21 16:00,2025-02-05 21:57,2025-02-07 02:57,0,准时,0,中通
DLV-03243,WO-202502-05434,C003,佛吉亚,2025-02-17 13:00,2025-02-04 07:39,2025-02-06 19:39,0,准时,0,顺丰
DLV-03244,WO-202502-05439,C003,佛吉亚,2025-02-23 14:00,2025-02-06 00:33,2025-02-07 15:33,0,准时,0,客户自提
DLV-03245,WO-202502-05442,C005,本田汽配,2025-02-18 15:00,2025-02-06 09:09,2025-02-09 08:09,0,准时,0,客户自提
DLV-03246,WO-202502-05443,C008,吉利商用车,2025-02-26 12:00,2025-02-08 06:16,2025-02-11 01:16,0,准时,0,中通
DLV-03247,WO-202502-05444,C010,长城精工,2025-02-14 08:00,2025-02-04 15:45,2025-02-06 00:45,0,准时,0,中通
DLV-03248,WO-202502-05446,C002,伟世通,2025-02-19 11:00,2025-02-11 10:26,2025-02-11 20:26,0,准时,0,顺丰
DLV-03249,WO-202502-05451,C011,比亚迪事业群,2025-02-11 09:00,2025-02-05 02:46,2025-02-07 09:46,0,准时,0,自配送
DLV-03250,WO-202502-05454,C003,佛吉亚,2025-02-21 16:00,2025-02-04 17:31,2025-02-06 22:31,0,准时,0,京东物流
DLV-03251,WO-202502-05456,C005,本田汽配,2025-02-22 15:00,2025-02-05 23:53,2025-02-06 16:53,0,准时,0,顺丰
DLV-03252,WO-202502-05459,C008,吉利商用车,2025-02-12 11:00,2025-02-08 10:13,2025-02-10 12:13,0,准时,0,中通
DLV-03253,WO-202502-05460,C008,吉利商用车,2025-02-24 12:00,2025-02-06 10:47,2025-02-08 18:47,0,准时,0,顺丰
DLV-03254,WO-202502-05461,C012,小鹏汽车,2025-02-11 11:00,2025-02-07 13:28,2025-02-09 04:28,0,准时,0,顺丰
DLV-03255,WO-202502-05465,C010,长城精工,2025-02-17 09:00,2025-02-10 00:06,2025-02-10 09:06,0,准时,0,顺丰
DLV-03256,WO-202502-05468,C004,麦格纳,2025-02-22 12:00,2025-02-09 05:21,2025-02-12 02:21,0,准时,0,中通
DLV-03257,WO-202502-05469,C011,比亚迪事业群,2025-02-23 09:00,2025-02-04 09:50,2025-02-05 18:50,0,准时,0,客户自提
DLV-03258,WO-202502-05470,C001,东风彼欧,2025-02-16 08:00,2025-02-08 15:13,2025-02-09 08:13,0,准时,0,自配送
DLV-03259,WO-202502-05471,C001,东风彼欧,2025-02-19 18:00,2025-02-09 04:20,2025-02-09 21:20,0,准时,0,顺丰
DLV-03260,WO-202503-05475,C004,麦格纳,2025-03-17 12:00,2025-03-05 19:21,2025-03-06 09:21,0,准时,0,中通
DLV-03261,WO-202503-05478,C007,东风乘用车,2025-03-20 09:00,2025-03-08 21:15,2025-03-10 13:15,0,准时,0,京东物流
DLV-03262,WO-202503-05480,C007,东风乘用车,2025-03-14 18:00,2025-03-09 20:59,2025-03-11 19:59,0,准时,0,顺丰
DLV-03263,WO-202503-05481,C007,东风乘用车,2025-03-22 13:00,2025-03-07 04:50,2025-03-07 17:50,0,准时,0,自配送
DLV-03264,WO-202503-05482,C002,伟世通,2025-03-17 18:00,2025-03-03 23:52,2025-03-05 09:52,0,准时,0,客户自提
DLV-03265,WO-202503-05485,C011,比亚迪事业群,2025-03-19 17:00,2025-03-02 22:20,2025-03-03 14:20,0,准时,0,京东物流
DLV-03266,WO-202503-05486,C006,岚图汽车,2025-03-15 11:00,2025-03-08 22:27,2025-03-11 08:27,0,准时,0,中通
DLV-03267,WO-202503-05488,C003,佛吉亚,2025-03-14 18:00,2025-03-06 23:46,2025-03-07 10:46,0,准时,0,京东物流
DLV-03268,WO-202503-05491,C006,岚图汽车,2025-03-25 17:00,2025-03-05 18:53,2025-03-06 23:53,0,准时,0,中通
DLV-03269,WO-202503-05492,C007,东风乘用车,2025-03-22 09:00,2025-03-09 10:23,2025-03-09 20:23,0,准时,0,自配送
DLV-03270,WO-202503-05493,C003,佛吉亚,2025-03-20 11:00,2025-03-03 01:54,2025-03-05 15:54,0,准时,0,顺丰
DLV-03271,WO-202503-05496,C010,长城精工,2025-03-14 14:00,2025-03-03 17:13,2025-03-06 05:13,0,准时,0,京东物流
DLV-03272,WO-202503-05498,C001,东风彼欧,2025-03-22 12:00,2025-03-04 16:58,2025-03-07 02:58,0,准时,0,自配送
DLV-03273,WO-202503-05500,C012,小鹏汽车,2025-03-21 14:00,2025-03-02 23:35,2025-03-04 12:35,0,准时,0,客户自提
DLV-03274,WO-202503-05501,C005,本田汽配,2025-03-12 15:00,2025-03-06 05:09,2025-03-06 19:09,0,准时,0,顺丰
DLV-03275,WO-202503-05502,C003,佛吉亚,2025-03-22 18:00,2025-03-06 07:54,2025-03-08 23:54,0,准时,0,客户自提
DLV-03276,WO-202503-05504,C009,零跑汽车,2025-03-09 14:00,2025-03-03 23:34,2025-03-05 00:34,0,准时,0,中通
DLV-03277,WO-202503-05505,C007,东风乘用车,2025-03-13 16:00,2025-03-10 03:30,2025-03-13 00:30,0,准时,0,自配送
DLV-03278,WO-202503-05507,C008,吉利商用车,2025-03-25 14:00,2025-03-08 00:26,2025-03-08 21:26,0,准时,0,顺丰
DLV-03279,WO-202503-05509,C012,小鹏汽车,2025-03-18 09:00,2025-03-06 14:57,2025-03-09 01:57,0,准时,0,顺丰
DLV-03280,WO-202503-05511,C009,零跑汽车,2025-03-27 12:00,2025-03-09 07:24,2025-03-09 22:24,0,准时,0,顺丰
DLV-03281,WO-202503-05512,C010,长城精工,2025-03-13 15:00,2025-03-03 21:01,2025-03-06 05:01,0,准时,0,中通
DLV-03282,WO-202503-05513,C001,东风彼欧,2025-03-16 16:00,2025-03-07 22:21,2025-03-09 10:21,0,准时,0,中通
DLV-03283,WO-202503-05517,C001,东风彼欧,2025-03-14 16:00,2025-03-05 02:28,2025-03-05 12:28,0,准时,0,自配送
DLV-03284,WO-202503-05518,C002,伟世通,2025-03-19 16:00,2025-03-05 07:57,2025-03-06 05:57,0,准时,0,自配送
DLV-03285,WO-202503-05520,C006,岚图汽车,2025-03-11 13:00,2025-03-06 04:12,2025-03-07 22:12,0,准时,0,中通
DLV-03286,WO-202503-05521,C004,麦格纳,2025-03-22 18:00,2025-03-09 11:30,2025-03-11 12:30,0,准时,0,客户自提
DLV-03287,WO-202503-05522,C004,麦格纳,2025-03-21 15:00,2025-03-08 22:03,2025-03-09 11:03,0,准时,0,顺丰
DLV-03288,WO-202503-05523,C004,麦格纳,2025-03-14 10:00,2025-03-09 04:49,2025-03-10 00:49,0,准时,0,京东物流
DLV-03289,WO-202503-05525,C003,佛吉亚,2025-03-15 14:00,2025-03-04 05:09,2025-03-06 00:09,0,准时,0,顺丰
DLV-03290,WO-202503-05526,C005,本田汽配,2025-03-22 15:00,2025-03-08 07:04,2025-03-10 15:04,0,准时,0,自配送
DLV-03291,WO-202503-05530,C010,长城精工,2025-03-18 11:00,2025-03-06 06:52,2025-03-08 03:52,0,准时,0,客户自提
DLV-03292,WO-202503-05531,C007,东风乘用车,2025-03-12 10:00,2025-03-06 04:46,2025-03-07 01:46,0,准时,0,客户自提
DLV-03293,WO-202503-05532,C003,佛吉亚,2025-03-18 18:00,2025-03-10 15:09,2025-03-11 16:09,0,准时,0,顺丰
DLV-03294,WO-202503-05533,C004,麦格纳,2025-03-22 08:00,2025-03-05 19:07,2025-03-07 12:07,0,准时,0,客户自提
DLV-03295,WO-202503-05534,C004,麦格纳,2025-03-22 18:00,2025-03-04 03:03,2025-03-06 17:03,0,准时,0,顺丰
DLV-03296,WO-202503-05538,C005,本田汽配,2025-03-14 08:00,2025-03-08 04:48,2025-03-09 09:48,0,准时,0,客户自提
DLV-03297,WO-202503-05539,C004,麦格纳,2025-03-15 12:00,2025-03-05 13:33,2025-03-06 20:33,0,准时,0,顺丰
DLV-03298,WO-202503-05540,C010,长城精工,2025-03-22 08:00,2025-03-07 15:29,2025-03-08 08:29,0,准时,0,中通
DLV-03299,WO-202503-05541,C006,岚图汽车,2025-03-15 08:00,2025-03-07 23:55,2025-03-09 20:55,0,准时,0,客户自提
DLV-03300,WO-202503-05543,C001,东风彼欧,2025-03-16 18:00,2025-03-06 14:29,2025-03-07 13:29,0,准时,0,京东物流
DLV-03301,WO-202503-05544,C001,东风彼欧,2025-03-20 12:00,2025-03-07 09:04,2025-03-08 19:04,0,准时,0,自配送
DLV-03302,WO-202503-05547,C006,岚图汽车,2025-03-16 09:00,2025-03-11 21:37,2025-03-12 07:37,0,准时,0,京东物流
DLV-03303,WO-202503-05548,C008,吉利商用车,2025-03-23 12:00,2025-03-03 20:36,2025-03-05 02:36,0,准时,0,自配送
DLV-03304,WO-202503-05550,C005,本田汽配,2025-03-22 08:00,2025-03-05 00:07,2025-03-06 15:07,0,准时,0,自配送
DLV-03305,WO-202503-05552,C004,麦格纳,2025-03-25 14:00,2025-03-07 15:43,2025-03-09 09:43,0,准时,0,顺丰
DLV-03306,WO-202503-05553,C005,本田汽配,2025-03-24 15:00,2025-03-07 15:19,2025-03-08 11:19,0,准时,0,自配送
DLV-03307,WO-202503-05556,C010,长城精工,2025-03-24 17:00,2025-03-06 23:11,2025-03-09 06:11,0,准时,0,京东物流
DLV-03308,WO-202503-05559,C004,麦格纳,2025-03-13 13:00,2025-03-06 09:10,2025-03-06 18:10,0,准时,0,顺丰
DLV-03309,WO-202503-05560,C002,伟世通,2025-03-10 11:00,2025-03-04 13:06,2025-03-06 15:06,0,准时,0,客户自提
DLV-03310,WO-202503-05561,C012,小鹏汽车,2025-03-23 11:00,2025-03-07 18:19,2025-03-09 04:19,0,准时,0,客户自提
DLV-03311,WO-202503-05562,C004,麦格纳,2025-03-19 13:00,2025-03-09 06:22,2025-03-11 07:22,0,准时,0,顺丰
DLV-03312,WO-202503-05563,C004,麦格纳,2025-03-17 16:00,2025-03-08 20:42,2025-03-10 05:42,0,准时,0,中通
DLV-03313,WO-202503-05565,C012,小鹏汽车,2025-03-12 13:00,2025-03-07 20:04,2025-03-08 22:04,0,准时,0,顺丰
DLV-03314,WO-202503-05567,C008,吉利商用车,2025-03-19 14:00,2025-03-08 14:31,2025-03-10 05:31,0,准时,0,京东物流
DLV-03315,WO-202503-05568,C001,东风彼欧,2025-03-20 11:00,2025-03-05 10:52,2025-03-06 15:52,0,准时,0,客户自提
DLV-03316,WO-202503-05569,C008,吉利商用车,2025-03-17 14:00,2025-03-08 18:51,2025-03-10 06:51,0,准时,0,中通
DLV-03317,WO-202503-05574,C009,零跑汽车,2025-03-20 12:00,2025-03-05 17:12,2025-03-07 16:12,0,准时,0,顺丰
DLV-03318,WO-202503-05576,C008,吉利商用车,2025-03-15 09:00,2025-03-06 00:50,2025-03-08 13:50,0,准时,0,客户自提
DLV-03319,WO-202503-05579,C002,伟世通,2025-03-16 14:00,2025-03-05 09:57,2025-03-06 09:57,0,准时,0,客户自提
DLV-03320,WO-202503-05582,C010,长城精工,2025-03-16 08:00,2025-03-08 14:16,2025-03-11 10:16,0,准时,0,中通
DLV-03321,WO-202503-05583,C008,吉利商用车,2025-03-22 08:00,2025-03-04 15:30,2025-03-07 11:30,0,准时,0,顺丰
DLV-03322,WO-202503-05585,C007,东风乘用车,2025-03-24 16:00,2025-03-07 02:48,2025-03-08 12:48,0,准时,0,自配送
DLV-03323,WO-202503-05586,C003,佛吉亚,2025-03-21 10:00,2025-03-04 07:48,2025-03-04 17:48,0,准时,0,自配送
DLV-03324,WO-202503-05587,C008,吉利商用车,2025-03-24 13:00,2025-03-08 15:34,2025-03-10 19:34,0,准时,0,客户自提
DLV-03325,WO-202503-05588,C010,长城精工,2025-03-13 13:00,2025-03-05 14:07,2025-03-07 11:07,0,准时,0,自配送
DLV-03326,WO-202503-05590,C004,麦格纳,2025-03-12 12:00,2025-03-04 13:22,2025-03-05 13:22,0,准时,0,中通
DLV-03327,WO-202503-05591,C004,麦格纳,2025-03-20 13:00,2025-03-04 19:10,2025-03-06 01:10,0,准时,0,顺丰
DLV-03328,WO-202503-05592,C006,岚图汽车,2025-03-14 10:00,2025-03-06 09:57,2025-03-08 21:57,0,准时,0,自配送
DLV-03329,WO-202503-05593,C002,伟世通,2025-03-25 10:00,2025-03-05 13:55,2025-03-07 02:55,0,准时,0,客户自提
DLV-03330,WO-202503-05599,C003,佛吉亚,2025-03-23 17:00,2025-03-09 01:58,2025-03-10 03:58,0,准时,0,顺丰
DLV-03331,WO-202503-05603,C005,本田汽配,2025-03-20 12:00,2025-03-06 12:49,2025-03-07 11:49,0,准时,0,客户自提
DLV-03332,WO-202503-05604,C005,本田汽配,2025-03-26 11:00,2025-03-09 00:04,2025-03-09 22:04,0,准时,0,京东物流
DLV-03333,WO-202503-05606,C002,伟世通,2025-03-22 18:00,2025-03-07 04:33,2025-03-07 21:33,0,准时,0,自配送
DLV-03334,WO-202503-05609,C009,零跑汽车,2025-03-14 16:00,2025-03-09 05:06,2025-03-10 05:06,0,准时,0,自配送
DLV-03335,WO-202503-05610,C004,麦格纳,2025-03-20 13:00,2025-03-04 09:18,2025-03-07 07:18,0,准时,0,顺丰
DLV-03336,WO-202503-05612,C008,吉利商用车,2025-03-10 13:00,2025-03-02 23:01,2025-03-03 14:01,0,准时,0,客户自提
DLV-03337,WO-202503-05616,C004,麦格纳,2025-03-13 15:00,2025-03-05 10:04,2025-03-07 12:04,0,准时,0,客户自提
DLV-03338,WO-202503-05617,C005,本田汽配,2025-03-14 14:00,2025-03-10 18:00,2025-03-11 10:00,0,准时,0,顺丰
DLV-03339,WO-202503-05619,C010,长城精工,2025-03-22 11:00,2025-03-04 14:14,2025-03-06 05:14,0,准时,0,客户自提
DLV-03340,WO-202503-05620,C010,长城精工,2025-03-17 11:00,2025-03-03 21:40,2025-03-05 00:40,0,准时,0,客户自提
DLV-03341,WO-202503-05622,C005,本田汽配,2025-03-22 15:00,2025-03-06 20:24,2025-03-07 20:24,0,准时,0,京东物流
DLV-03342,WO-202503-05623,C007,东风乘用车,2025-03-22 08:00,2025-03-07 11:52,2025-03-08 08:52,0,准时,0,顺丰
DLV-03343,WO-202503-05624,C010,长城精工,2025-03-24 12:00,2025-03-07 09:21,2025-03-09 10:21,0,准时,0,客户自提
DLV-03344,WO-202503-05625,C003,佛吉亚,2025-03-15 16:00,2025-03-06 22:37,2025-03-07 14:37,0,准时,0,自配送
DLV-03345,WO-202503-05626,C002,伟世通,2025-03-14 17:00,2025-03-02 23:59,2025-03-03 12:59,0,准时,0,京东物流
DLV-03346,WO-202503-05627,C010,长城精工,2025-03-18 15:00,2025-03-07 15:21,2025-03-09 23:21,0,准时,0,客户自提
DLV-03347,WO-202503-05629,C001,东风彼欧,2025-03-15 11:00,2025-03-07 02:16,2025-03-08 12:16,0,准时,0,京东物流
DLV-03348,WO-202503-05630,C003,佛吉亚,2025-03-14 12:00,2025-03-07 18:37,2025-03-09 23:37,0,准时,0,京东物流
DLV-03349,WO-202503-05631,C010,长城精工,2025-03-18 18:00,2025-03-08 03:09,2025-03-10 10:09,0,准时,0,中通
DLV-03350,WO-202503-05633,C012,小鹏汽车,2025-03-13 14:00,2025-03-09 19:41,2025-03-11 11:41,0,准时,0,顺丰
DLV-03351,WO-202503-05637,C011,比亚迪事业群,2025-03-16 12:00,2025-03-04 06:57,2025-03-06 07:57,0,准时,0,自配送
DLV-03352,WO-202503-05639,C002,伟世通,2025-03-11 11:00,2025-03-05 23:56,2025-03-07 02:56,0,准时,0,中通
DLV-03353,WO-202503-05641,C007,东风乘用车,2025-03-21 13:00,2025-03-03 03:50,2025-03-04 08:50,0,准时,0,京东物流
DLV-03354,WO-202503-05642,C008,吉利商用车,2025-03-16 14:00,2025-03-06 12:48,2025-03-06 23:48,0,准时,0,客户自提
DLV-03355,WO-202503-05644,C005,本田汽配,2025-03-19 16:00,2025-03-06 13:58,2025-03-07 21:58,0,准时,0,京东物流
DLV-03356,WO-202503-05645,C001,东风彼欧,2025-03-21 15:00,2025-03-04 16:37,2025-03-06 13:37,0,准时,0,京东物流
DLV-03357,WO-202503-05646,C010,长城精工,2025-03-19 08:00,2025-03-07 13:28,2025-03-09 04:28,0,准时,0,中通
DLV-03358,WO-202503-05648,C002,伟世通,2025-03-22 18:00,2025-03-03 09:32,2025-03-04 17:32,0,准时,0,中通
DLV-03359,WO-202503-05650,C001,东风彼欧,2025-03-25 10:00,2025-03-10 07:13,2025-03-10 21:13,0,准时,0,中通
DLV-03360,WO-202503-05657,C009,零跑汽车,2025-03-25 08:00,2025-03-09 08:25,2025-03-10 20:25,0,准时,0,自配送
DLV-03361,WO-202503-05659,C004,麦格纳,2025-03-09 18:00,2025-03-04 16:33,2025-03-07 08:33,0,准时,0,客户自提
DLV-03362,WO-202503-05660,C009,零跑汽车,2025-03-15 15:00,2025-03-06 13:51,2025-03-08 11:51,0,准时,0,顺丰
DLV-03363,WO-202503-05661,C005,本田汽配,2025-03-23 08:00,2025-03-04 01:24,2025-03-04 20:24,0,准时,0,客户自提
DLV-03364,WO-202503-05662,C005,本田汽配,2025-03-22 08:00,2025-03-07 11:53,2025-03-08 23:53,0,准时,0,中通
DLV-03365,WO-202503-05663,C007,东风乘用车,2025-03-19 14:00,2025-03-06 00:19,2025-03-08 05:19,0,准时,0,客户自提
DLV-03366,WO-202503-05664,C010,长城精工,2025-03-19 17:00,2025-03-08 07:47,2025-03-09 02:47,0,准时,0,顺丰
DLV-03367,WO-202503-05667,C005,本田汽配,2025-03-13 14:00,2025-03-07 13:58,2025-03-08 01:58,0,准时,0,中通
DLV-03368,WO-202503-05668,C004,麦格纳,2025-03-22 17:00,2025-03-07 11:18,2025-03-08 03:18,0,准时,0,自配送
DLV-03369,WO-202503-05669,C002,伟世通,2025-03-20 08:00,2025-03-05 14:20,2025-03-06 16:20,0,准时,0,中通
DLV-03370,WO-202503-05670,C005,本田汽配,2025-03-13 11:00,2025-03-07 01:04,2025-03-09 09:04,0,准时,0,京东物流
DLV-03371,WO-202503-05672,C001,东风彼欧,2025-03-20 13:00,2025-03-04 20:13,2025-03-06 08:13,0,准时,0,京东物流
DLV-03372,WO-202503-05675,C006,岚图汽车,2025-03-19 18:00,2025-03-06 04:09,2025-03-07 19:09,0,准时,0,中通
DLV-03373,WO-202503-05678,C007,东风乘用车,2025-03-14 14:00,2025-03-05 04:14,2025-03-07 15:14,0,准时,0,自配送
DLV-03374,WO-202503-05679,C010,长城精工,2025-03-19 09:00,2025-03-07 10:34,2025-03-08 13:34,0,准时,0,自配送
DLV-03375,WO-202503-05682,C007,东风乘用车,2025-03-20 12:00,2025-03-07 04:10,2025-03-10 02:10,0,准时,0,客户自提
DLV-03376,WO-202503-05683,C011,比亚迪事业群,2025-03-16 10:00,2025-03-06 23:01,2025-03-08 07:01,0,准时,0,自配送
DLV-03377,WO-202503-05685,C006,岚图汽车,2025-03-12 08:00,2025-03-06 22:56,2025-03-09 18:56,0,准时,0,自配送
DLV-03378,WO-202503-05686,C003,佛吉亚,2025-03-17 18:00,2025-03-07 08:21,2025-03-09 23:21,0,准时,0,京东物流
DLV-03379,WO-202503-05687,C003,佛吉亚,2025-03-24 14:00,2025-03-06 02:20,2025-03-08 19:20,0,准时,0,顺丰
DLV-03380,WO-202503-05688,C002,伟世通,2025-03-09 11:00,2025-03-04 06:25,2025-03-06 04:25,0,准时,0,客户自提
DLV-03381,WO-202503-05690,C009,零跑汽车,2025-03-21 10:00,2025-03-07 15:51,2025-03-08 02:51,0,准时,0,客户自提
DLV-03382,WO-202503-05691,C004,麦格纳,2025-03-10 16:00,2025-03-03 05:59,2025-03-04 11:59,0,准时,0,自配送
DLV-03383,WO-202503-05692,C002,伟世通,2025-03-17 13:00,2025-03-05 09:17,2025-03-06 04:17,0,准时,0,顺丰
DLV-03384,WO-202503-05693,C006,岚图汽车,2025-03-10 14:00,2025-03-08 07:53,2025-03-10 02:53,0,准时,0,中通
DLV-03385,WO-202503-05694,C004,麦格纳,2025-03-14 12:00,2025-03-04 12:07,2025-03-06 20:07,0,准时,0,京东物流
DLV-03386,WO-202503-05696,C005,本田汽配,2025-03-18 13:00,2025-03-04 01:28,2025-03-06 03:28,0,准时,0,顺丰
DLV-03387,WO-202503-05698,C005,本田汽配,2025-03-12 16:00,2025-03-04 23:13,2025-03-05 22:13,0,准时,0,自配送
DLV-03388,WO-202503-05699,C012,小鹏汽车,2025-03-09 11:00,2025-03-05 09:40,2025-03-07 13:40,0,准时,0,客户自提
DLV-03389,WO-202503-05700,C003,佛吉亚,2025-03-18 17:00,2025-03-07 05:57,2025-03-08 01:57,0,准时,0,顺丰
DLV-03390,WO-202503-05701,C001,东风彼欧,2025-03-14 16:00,2025-03-11 01:00,2025-03-13 11:00,0,准时,0,客户自提
DLV-03391,WO-202503-05702,C003,佛吉亚,2025-03-15 14:00,2025-03-08 16:52,2025-03-11 02:52,0,准时,0,自配送
DLV-03392,WO-202503-05704,C002,伟世通,2025-03-17 14:00,2025-03-06 18:18,2025-03-07 17:18,0,准时,0,京东物流
DLV-03393,WO-202503-05708,C009,零跑汽车,2025-03-14 13:00,2025-03-05 07:24,2025-03-07 06:24,0,准时,0,自配送
DLV-03394,WO-202503-05709,C008,吉利商用车,2025-03-17 18:00,2025-03-06 01:43,2025-03-06 14:43,0,准时,0,自配送
DLV-03395,WO-202503-05710,C003,佛吉亚,2025-03-12 12:00,2025-03-04 05:55,2025-03-04 20:55,0,准时,0,京东物流
DLV-03396,WO-202503-05714,C007,东风乘用车,2025-03-14 12:00,2025-03-06 03:30,2025-03-07 11:30,0,准时,0,京东物流
DLV-03397,WO-202503-05715,C012,小鹏汽车,2025-03-12 18:00,2025-03-08 05:31,2025-03-11 00:31,0,准时,0,顺丰
DLV-03398,WO-202503-05716,C008,吉利商用车,2025-03-13 12:00,2025-03-03 16:21,2025-03-05 23:21,0,准时,0,自配送
DLV-03399,WO-202503-05718,C011,比亚迪事业群,2025-03-19 09:00,2025-03-07 05:51,2025-03-10 04:51,0,准时,0,自配送
DLV-03400,WO-202503-05719,C001,东风彼欧,2025-03-17 13:00,2025-03-05 09:18,2025-03-08 04:18,0,准时,0,自配送
DLV-03401,WO-202503-05720,C010,长城精工,2025-03-10 10:00,2025-03-05 08:11,2025-03-06 18:11,0,准时,0,顺丰
DLV-03402,WO-202503-05721,C010,长城精工,2025-03-13 10:00,2025-03-06 05:23,2025-03-06 23:23,0,准时,0,自配送
DLV-03403,WO-202503-05722,C011,比亚迪事业群,2025-03-16 09:00,2025-03-10 08:10,2025-03-11 23:10,0,准时,0,自配送
DLV-03404,WO-202503-05725,C009,零跑汽车,2025-03-17 17:00,2025-03-09 15:30,2025-03-12 05:30,0,准时,0,顺丰
DLV-03405,WO-202503-05726,C003,佛吉亚,2025-03-17 10:00,2025-03-05 11:24,2025-03-05 20:24,0,准时,0,顺丰
DLV-03406,WO-202503-05727,C004,麦格纳,2025-03-13 18:00,2025-03-07 00:16,2025-03-07 11:16,0,准时,0,中通
DLV-03407,WO-202503-05728,C006,岚图汽车,2025-03-24 10:00,2025-03-07 13:22,2025-03-08 18:22,0,准时,0,中通
DLV-03408,WO-202503-05730,C010,长城精工,2025-03-14 13:00,2025-03-05 07:27,2025-03-07 12:27,0,准时,0,中通
DLV-03409,WO-202503-05732,C005,本田汽配,2025-03-13 18:00,2025-03-03 10:38,2025-03-06 03:38,0,准时,0,自配送
DLV-03410,WO-202503-05737,C012,小鹏汽车,2025-03-18 18:00,2025-03-05 03:16,2025-03-06 03:16,0,准时,0,京东物流
DLV-03411,WO-202503-05738,C010,长城精工,2025-03-26 14:00,2025-03-11 11:20,2025-03-11 22:20,0,准时,0,客户自提
DLV-03412,WO-202503-05739,C006,岚图汽车,2025-03-17 16:00,2025-03-03 02:30,2025-03-05 15:30,0,准时,0,客户自提
DLV-03413,WO-202503-05741,C005,本田汽配,2025-03-12 14:00,2025-03-04 23:13,2025-03-07 22:13,0,准时,0,自配送
DLV-03414,WO-202503-05745,C005,本田汽配,2025-03-18 08:00,2025-03-06 17:36,2025-03-08 10:36,0,准时,0,中通
DLV-03415,WO-202503-05746,C006,岚图汽车,2025-03-21 09:00,2025-03-05 22:42,2025-03-08 14:42,0,准时,0,京东物流
DLV-03416,WO-202503-05748,C010,长城精工,2025-03-14 14:00,2025-03-08 14:34,2025-03-09 22:34,0,准时,0,自配送
DLV-03417,WO-202503-05750,C001,东风彼欧,2025-03-20 09:00,2025-03-07 15:07,2025-03-09 21:07,0,准时,0,京东物流
DLV-03418,WO-202503-05751,C012,小鹏汽车,2025-03-14 12:00,2025-03-09 02:07,2025-03-11 12:07,0,准时,0,顺丰
DLV-03419,WO-202503-05752,C008,吉利商用车,2025-03-16 08:00,2025-03-05 03:55,2025-03-05 11:55,0,准时,0,京东物流
DLV-03420,WO-202503-05753,C010,长城精工,2025-03-12 10:00,2025-03-05 23:02,2025-03-06 23:02,0,准时,0,京东物流
DLV-03421,WO-202503-05756,C008,吉利商用车,2025-03-21 08:00,2025-03-05 10:58,2025-03-08 07:58,0,准时,0,中通
DLV-03422,WO-202503-05757,C006,岚图汽车,2025-03-17 14:00,2025-03-05 07:52,2025-03-07 11:52,0,准时,0,京东物流
DLV-03423,WO-202503-05758,C004,麦格纳,2025-03-16 13:00,2025-03-06 20:51,2025-03-08 11:51,0,准时,0,客户自提
DLV-03424,WO-202503-05759,C012,小鹏汽车,2025-03-25 12:00,2025-03-05 15:19,2025-03-07 21:19,0,准时,0,自配送
DLV-03425,WO-202503-05760,C012,小鹏汽车,2025-03-14 14:00,2025-03-05 17:03,2025-03-06 07:03,0,准时,0,客户自提
DLV-03426,WO-202503-05762,C004,麦格纳,2025-03-09 13:00,2025-03-03 19:48,2025-03-05 12:48,0,准时,0,客户自提
DLV-03427,WO-202503-05765,C012,小鹏汽车,2025-03-12 14:00,2025-03-05 07:25,2025-03-07 07:25,0,准时,0,客户自提
DLV-03428,WO-202503-05766,C010,长城精工,2025-03-19 18:00,2025-03-04 11:32,2025-03-06 18:32,0,准时,0,自配送
DLV-03429,WO-202503-05767,C008,吉利商用车,2025-03-23 14:00,2025-03-09 12:33,2025-03-11 03:33,0,准时,0,自配送
DLV-03430,WO-202503-05768,C006,岚图汽车,2025-03-19 15:00,2025-03-07 06:17,2025-03-07 19:17,0,准时,0,客户自提
DLV-03431,WO-202503-05769,C001,东风彼欧,2025-03-15 11:00,2025-03-10 01:36,2025-03-12 04:36,0,准时,0,顺丰
DLV-03432,WO-202503-05770,C010,长城精工,2025-03-10 14:00,2025-03-05 21:09,2025-03-07 03:09,0,准时,0,中通
DLV-03433,WO-202503-05771,C004,麦格纳,2025-03-14 13:00,2025-03-06 09:42,2025-03-08 22:42,0,准时,0,客户自提
DLV-03434,WO-202503-05773,C010,长城精工,2025-03-22 11:00,2025-03-07 04:39,2025-03-08 20:39,0,准时,0,客户自提
DLV-03435,WO-202503-05775,C011,比亚迪事业群,2025-03-12 10:00,2025-03-08 13:48,2025-03-09 13:48,0,准时,0,客户自提
DLV-03436,WO-202503-05779,C007,东风乘用车,2025-03-24 18:00,2025-03-08 14:18,2025-03-11 13:18,0,准时,0,自配送
DLV-03437,WO-202503-05780,C004,麦格纳,2025-03-15 15:00,2025-03-10 16:58,2025-03-13 12:58,0,准时,0,客户自提
DLV-03438,WO-202503-05782,C002,伟世通,2025-03-13 11:00,2025-03-05 09:14,2025-03-05 23:14,0,准时,0,中通
DLV-03439,WO-202503-05783,C011,比亚迪事业群,2025-03-13 14:00,2025-03-06 02:24,2025-03-07 09:24,0,准时,0,中通
DLV-03440,WO-202503-05784,C006,岚图汽车,2025-03-22 16:00,2025-03-09 09:43,2025-03-11 21:43,0,准时,0,中通
DLV-03441,WO-202503-05786,C006,岚图汽车,2025-03-14 13:00,2025-03-05 23:09,2025-03-08 23:09,0,准时,0,京东物流
DLV-03442,WO-202503-05787,C005,本田汽配,2025-03-22 10:00,2025-03-02 17:02,2025-03-03 22:02,0,准时,0,京东物流
DLV-03443,WO-202503-05788,C010,长城精工,2025-03-09 14:00,2025-03-05 02:22,2025-03-07 11:22,0,准时,0,自配送
DLV-03444,WO-202503-05789,C007,东风乘用车,2025-03-13 13:00,2025-03-08 13:36,2025-03-11 04:36,0,准时,0,京东物流
DLV-03445,WO-202503-05790,C001,东风彼欧,2025-03-15 13:00,2025-03-05 09:42,2025-03-06 00:42,0,准时,0,自配送
DLV-03446,WO-202503-05792,C011,比亚迪事业群,2025-03-26 10:00,2025-03-09 06:01,2025-03-11 03:01,0,准时,0,京东物流
DLV-03447,WO-202503-05797,C004,麦格纳,2025-03-17 11:00,2025-03-08 01:24,2025-03-09 07:24,0,准时,0,京东物流
DLV-03448,WO-202503-05800,C003,佛吉亚,2025-03-11 10:00,2025-03-04 10:14,2025-03-05 09:14,0,准时,0,中通
DLV-03449,WO-202503-05801,C004,麦格纳,2025-03-16 13:00,2025-03-06 05:37,2025-03-06 21:37,0,准时,0,自配送
DLV-03450,WO-202503-05803,C005,本田汽配,2025-03-13 11:00,2025-03-07 22:29,2025-03-09 09:29,0,准时,0,客户自提
DLV-03451,WO-202503-05807,C006,岚图汽车,2025-03-24 11:00,2025-03-08 20:40,2025-03-09 14:40,0,准时,0,顺丰
DLV-03452,WO-202503-05808,C003,佛吉亚,2025-03-16 15:00,2025-03-07 22:15,2025-03-09 17:15,0,准时,0,客户自提
DLV-03453,WO-202503-05809,C012,小鹏汽车,2025-03-09 09:00,2025-03-04 13:41,2025-03-07 08:41,0,准时,0,中通
DLV-03454,WO-202503-05810,C007,东风乘用车,2025-03-21 18:00,2025-03-08 05:37,2025-03-09 19:37,0,准时,0,客户自提
DLV-03455,WO-202503-05811,C001,东风彼欧,2025-03-11 15:00,2025-03-06 14:06,2025-03-09 02:06,0,准时,0,自配送
DLV-03456,WO-202503-05815,C007,东风乘用车,2025-03-25 08:00,2025-03-07 16:17,2025-03-09 18:17,0,准时,0,客户自提
DLV-03457,WO-202503-05816,C003,佛吉亚,2025-03-17 15:00,2025-03-03 09:19,2025-03-05 01:19,0,准时,0,顺丰
DLV-03458,WO-202503-05818,C005,本田汽配,2025-03-25 14:00,2025-03-07 13:16,2025-03-08 01:16,0,准时,0,客户自提
DLV-03459,WO-202503-05822,C006,岚图汽车,2025-03-10 17:00,2025-03-04 22:29,2025-03-07 09:29,0,准时,0,顺丰
DLV-03460,WO-202503-05823,C011,比亚迪事业群,2025-03-24 12:00,2025-03-07 15:18,2025-03-08 03:18,0,准时,0,顺丰
DLV-03461,WO-202503-05825,C002,伟世通,2025-03-21 11:00,2025-03-03 09:48,2025-03-06 03:48,0,准时,0,中通
DLV-03462,WO-202503-05826,C002,伟世通,2025-03-21 08:00,2025-03-03 19:19,2025-03-04 03:19,0,准时,0,客户自提
DLV-03463,WO-202503-05829,C003,佛吉亚,2025-03-20 18:00,2025-03-07 07:27,2025-03-08 18:27,0,准时,0,顺丰
DLV-03464,WO-202503-05830,C002,伟世通,2025-03-23 09:00,2025-03-04 01:34,2025-03-06 05:34,0,准时,0,自配送
DLV-03465,WO-202503-05832,C009,零跑汽车,2025-03-27 13:00,2025-03-08 13:54,2025-03-10 02:54,0,准时,0,自配送
DLV-03466,WO-202503-05834,C004,麦格纳,2025-03-21 15:00,2025-03-07 16:06,2025-03-08 18:06,0,准时,0,自配送
DLV-03467,WO-202503-05836,C009,零跑汽车,2025-03-13 13:00,2025-03-08 07:45,2025-03-10 05:45,0,准时,0,顺丰
DLV-03468,WO-202503-05837,C004,麦格纳,2025-03-09 08:00,2025-03-06 01:44,2025-03-07 13:44,0,准时,0,京东物流
DLV-03469,WO-202503-05838,C005,本田汽配,2025-03-13 11:00,2025-03-07 02:47,2025-03-08 15:47,0,准时,0,自配送
DLV-03470,WO-202503-05839,C006,岚图汽车,2025-03-12 18:00,2025-03-04 22:47,2025-03-07 20:47,0,准时,0,京东物流
DLV-03471,WO-202503-05840,C007,东风乘用车,2025-03-20 17:00,2025-03-08 04:48,2025-03-10 10:48,0,准时,0,顺丰
DLV-03472,WO-202503-05841,C011,比亚迪事业群,2025-03-14 18:00,2025-03-06 06:33,2025-03-06 14:33,0,准时,0,自配送
DLV-03473,WO-202503-05842,C007,东风乘用车,2025-03-21 09:00,2025-03-05 10:54,2025-03-05 23:54,0,准时,0,京东物流
DLV-03474,WO-202503-05843,C004,麦格纳,2025-03-17 15:00,2025-03-03 23:51,2025-03-06 23:51,0,准时,0,顺丰
DLV-03475,WO-202503-05844,C002,伟世通,2025-03-16 13:00,2025-03-06 16:40,2025-03-07 03:40,0,准时,0,京东物流
DLV-03476,WO-202503-05849,C010,长城精工,2025-03-21 08:00,2025-03-06 18:41,2025-03-08 16:41,0,准时,0,顺丰
DLV-03477,WO-202503-05850,C005,本田汽配,2025-03-12 15:00,2025-03-06 21:29,2025-03-08 14:29,0,准时,0,顺丰
DLV-03478,WO-202503-05851,C001,东风彼欧,2025-03-17 08:00,2025-03-09 23:33,2025-03-10 08:33,0,准时,0,自配送
DLV-03479,WO-202503-05852,C010,长城精工,2025-03-16 15:00,2025-03-06 21:03,2025-03-07 21:03,0,准时,0,中通
DLV-03480,WO-202503-05855,C002,伟世通,2025-03-14 11:00,2025-03-04 13:42,2025-03-05 22:42,0,准时,0,京东物流
DLV-03481,WO-202503-05858,C002,伟世通,2025-03-26 18:00,2025-03-10 16:21,2025-03-11 15:21,0,准时,0,中通
DLV-03482,WO-202503-05860,C010,长城精工,2025-03-20 14:00,2025-03-03 15:36,2025-03-04 00:36,0,准时,0,顺丰
DLV-03483,WO-202503-05861,C006,岚图汽车,2025-03-18 18:00,2025-03-06 10:21,2025-03-08 19:21,0,准时,0,中通
DLV-03484,WO-202503-05862,C004,麦格纳,2025-03-14 08:00,2025-03-06 08:34,2025-03-06 23:34,0,准时,0,京东物流
DLV-03485,WO-202503-05863,C004,麦格纳,2025-03-11 15:00,2025-03-04 20:37,2025-03-05 10:37,0,准时,0,顺丰
DLV-03486,WO-202503-05866,C001,东风彼欧,2025-03-11 11:00,2025-03-06 20:51,2025-03-08 20:51,0,准时,0,京东物流
DLV-03487,WO-202503-05867,C012,小鹏汽车,2025-03-18 18:00,2025-03-09 17:25,2025-03-10 05:25,0,准时,0,京东物流
DLV-03488,WO-202503-05869,C011,比亚迪事业群,2025-03-22 14:00,2025-03-07 10:42,2025-03-07 23:42,0,准时,0,中通
DLV-03489,WO-202503-05872,C008,吉利商用车,2025-03-21 17:00,2025-03-08 15:46,2025-03-10 13:46,0,准时,0,客户自提
DLV-03490,WO-202503-05874,C009,零跑汽车,2025-03-14 17:00,2025-03-09 21:07,2025-03-11 15:07,0,准时,0,中通
DLV-03491,WO-202503-05875,C003,佛吉亚,2025-03-15 08:00,2025-03-05 05:08,2025-03-07 07:08,0,准时,0,中通
DLV-03492,WO-202503-05876,C009,零跑汽车,2025-03-14 11:00,2025-03-06 06:22,2025-03-07 06:22,0,准时,0,客户自提
DLV-03493,WO-202503-05878,C005,本田汽配,2025-03-19 17:00,2025-03-03 11:16,2025-03-06 03:16,0,准时,0,中通
DLV-03494,WO-202503-05879,C012,小鹏汽车,2025-03-18 09:00,2025-03-02 14:43,2025-03-03 23:43,0,准时,0,中通
DLV-03495,WO-202503-05880,C008,吉利商用车,2025-03-15 12:00,2025-03-08 08:33,2025-03-11 05:33,0,准时,0,客户自提
DLV-03496,WO-202503-05881,C009,零跑汽车,2025-03-14 12:00,2025-03-07 09:59,2025-03-08 03:59,0,准时,0,客户自提
DLV-03497,WO-202503-05885,C006,岚图汽车,2025-03-20 09:00,2025-03-03 05:02,2025-03-05 21:02,0,准时,0,自配送
DLV-03498,WO-202503-05886,C006,岚图汽车,2025-03-17 16:00,2025-03-08 01:13,2025-03-09 21:13,0,准时,0,自配送
DLV-03499,WO-202503-05888,C006,岚图汽车,2025-03-22 09:00,2025-03-08 10:43,2025-03-08 20:43,0,准时,0,顺丰
DLV-03500,WO-202503-05890,C011,比亚迪事业群,2025-03-13 16:00,2025-03-06 14:13,2025-03-09 14:13,0,准时,0,中通
DLV-03501,WO-202503-05891,C006,岚图汽车,2025-03-23 08:00,2025-03-07 15:58,2025-03-09 16:58,0,准时,0,中通
DLV-03502,WO-202503-05895,C002,伟世通,2025-03-20 10:00,2025-03-08 21:27,2025-03-09 11:27,0,准时,0,自配送
DLV-03503,WO-202503-05897,C008,吉利商用车,2025-03-17 13:00,2025-03-04 22:58,2025-03-05 19:58,0,准时,0,顺丰
DLV-03504,WO-202503-05899,C011,比亚迪事业群,2025-03-18 17:00,2025-03-07 17:18,2025-03-09 09:18,0,准时,0,顺丰
DLV-03505,WO-202504-05901,C011,比亚迪事业群,2025-04-22 16:00,2025-04-06 09:13,2025-04-09 02:13,0,准时,0,客户自提
DLV-03506,WO-202504-05902,C011,比亚迪事业群,2025-04-20 10:00,2025-04-03 20:30,2025-04-06 17:30,0,准时,0,中通
DLV-03507,WO-202504-05903,C012,小鹏汽车,2025-04-21 16:00,2025-04-04 18:21,2025-04-06 15:21,0,准时,0,自配送
DLV-03508,WO-202504-05906,C003,佛吉亚,2025-04-21 16:00,2025-04-03 23:59,2025-04-04 19:59,0,准时,0,京东物流
DLV-03509,WO-202504-05907,C012,小鹏汽车,2025-04-20 10:00,2025-04-05 22:36,2025-04-08 06:36,0,准时,0,客户自提
DLV-03510,WO-202504-05909,C007,东风乘用车,2025-04-10 12:00,2025-04-06 11:34,2025-04-08 08:34,0,准时,0,顺丰
DLV-03511,WO-202504-05910,C012,小鹏汽车,2025-04-17 16:00,2025-04-10 00:21,2025-04-11 19:21,0,准时,0,顺丰
DLV-03512,WO-202504-05911,C004,麦格纳,2025-04-17 09:00,2025-04-03 06:38,2025-04-04 05:38,0,准时,0,京东物流
DLV-03513,WO-202504-05913,C004,麦格纳,2025-04-20 09:00,2025-04-06 03:30,2025-04-08 17:30,0,准时,0,京东物流
DLV-03514,WO-202504-05915,C012,小鹏汽车,2025-04-20 17:00,2025-04-03 08:36,2025-04-04 16:36,0,准时,0,中通
DLV-03515,WO-202504-05916,C010,长城精工,2025-04-15 12:00,2025-04-02 16:39,2025-04-04 18:39,0,准时,0,京东物流
DLV-03516,WO-202504-05917,C006,岚图汽车,2025-04-16 15:00,2025-04-05 06:16,2025-04-05 19:16,0,准时,0,中通
DLV-03517,WO-202504-05918,C009,零跑汽车,2025-04-14 16:00,2025-04-06 19:06,2025-04-08 13:06,0,准时,0,客户自提
DLV-03518,WO-202504-05919,C011,比亚迪事业群,2025-04-11 18:00,2025-04-06 21:19,2025-04-09 17:19,0,准时,0,客户自提
DLV-03519,WO-202504-05920,C007,东风乘用车,2025-04-23 16:00,2025-04-03 22:01,2025-04-06 00:01,0,准时,0,中通
DLV-03520,WO-202504-05922,C004,麦格纳,2025-04-16 10:00,2025-04-09 01:54,2025-04-09 11:54,0,准时,0,京东物流
DLV-03521,WO-202504-05926,C012,小鹏汽车,2025-04-12 18:00,2025-04-08 00:43,2025-04-10 08:43,0,准时,0,客户自提
DLV-03522,WO-202504-05931,C008,吉利商用车,2025-04-11 18:00,2025-04-03 21:58,2025-04-05 05:58,0,准时,0,客户自提
DLV-03523,WO-202504-05934,C007,东风乘用车,2025-04-15 17:00,2025-04-07 06:15,2025-04-09 15:15,0,准时,0,客户自提
DLV-03524,WO-202504-05937,C009,零跑汽车,2025-04-23 17:00,2025-04-08 15:41,2025-04-09 03:41,0,准时,0,自配送
DLV-03525,WO-202504-05939,C003,佛吉亚,2025-04-18 14:00,2025-04-05 00:43,2025-04-07 08:43,0,准时,0,自配送
DLV-03526,WO-202504-05940,C008,吉利商用车,2025-04-12 16:00,2025-04-06 06:01,2025-04-06 18:01,0,准时,0,中通
DLV-03527,WO-202504-05944,C001,东风彼欧,2025-04-15 14:00,2025-04-04 04:22,2025-04-06 07:22,0,准时,0,顺丰
DLV-03528,WO-202504-05945,C010,长城精工,2025-04-24 18:00,2025-04-08 04:30,2025-04-09 00:30,0,准时,0,自配送
DLV-03529,WO-202504-05946,C005,本田汽配,2025-04-26 18:00,2025-04-08 01:23,2025-04-08 16:23,0,准时,0,京东物流
DLV-03530,WO-202504-05947,C010,长城精工,2025-04-18 09:00,2025-04-04 10:28,2025-04-05 16:28,0,准时,0,京东物流
DLV-03531,WO-202504-05949,C001,东风彼欧,2025-04-21 13:00,2025-04-06 06:10,2025-04-07 05:10,0,准时,0,中通
DLV-03532,WO-202504-05950,C003,佛吉亚,2025-04-22 14:00,2025-04-08 23:12,2025-04-10 08:12,0,准时,0,中通
DLV-03533,WO-202504-05951,C004,麦格纳,2025-04-17 14:00,2025-04-09 01:17,2025-04-10 20:17,0,准时,0,顺丰
DLV-03534,WO-202504-05952,C007,东风乘用车,2025-04-16 12:00,2025-04-08 19:37,2025-04-11 07:37,0,准时,0,自配送
DLV-03535,WO-202504-05953,C003,佛吉亚,2025-04-23 15:00,2025-04-05 15:19,2025-04-08 01:19,0,准时,0,自配送
DLV-03536,WO-202504-05954,C002,伟世通,2025-04-26 16:00,2025-04-07 05:37,2025-04-09 21:37,0,准时,0,中通
DLV-03537,WO-202504-05955,C005,本田汽配,2025-04-15 09:00,2025-04-04 19:36,2025-04-07 07:36,0,准时,0,中通
DLV-03538,WO-202504-05957,C012,小鹏汽车,2025-04-13 10:00,2025-04-08 18:40,2025-04-09 08:40,0,准时,0,中通
DLV-03539,WO-202504-05958,C007,东风乘用车,2025-04-24 12:00,2025-04-08 10:21,2025-04-11 02:21,0,准时,0,顺丰
DLV-03540,WO-202504-05959,C009,零跑汽车,2025-04-17 12:00,2025-04-03 17:52,2025-04-06 11:52,0,准时,0,客户自提
DLV-03541,WO-202504-05962,C010,长城精工,2025-04-21 12:00,2025-04-12 12:41,2025-04-13 05:41,0,准时,0,客户自提
DLV-03542,WO-202504-05964,C010,长城精工,2025-04-19 08:00,2025-04-07 11:40,2025-04-08 01:40,0,准时,0,自配送
DLV-03543,WO-202504-05965,C005,本田汽配,2025-04-22 12:00,2025-04-06 15:52,2025-04-08 06:52,0,准时,0,顺丰
DLV-03544,WO-202504-05967,C011,比亚迪事业群,2025-04-19 13:00,2025-04-05 11:09,2025-04-05 19:09,0,准时,0,顺丰
DLV-03545,WO-202504-05970,C006,岚图汽车,2025-04-15 16:00,2025-04-08 06:01,2025-04-09 01:01,0,准时,0,自配送
DLV-03546,WO-202504-05971,C009,零跑汽车,2025-04-17 09:00,2025-04-03 14:10,2025-04-05 20:10,0,准时,0,京东物流
DLV-03547,WO-202504-05975,C011,比亚迪事业群,2025-04-15 14:00,2025-04-05 01:32,2025-04-07 08:32,0,准时,0,客户自提
DLV-03548,WO-202504-05977,C007,东风乘用车,2025-04-20 16:00,2025-04-04 07:21,2025-04-05 11:21,0,准时,0,自配送
DLV-03549,WO-202504-05979,C007,东风乘用车,2025-04-13 12:00,2025-04-07 07:17,2025-04-08 22:17,0,准时,0,客户自提
DLV-03550,WO-202504-05980,C011,比亚迪事业群,2025-04-16 12:00,2025-04-05 14:24,2025-04-08 05:24,0,准时,0,自配送
DLV-03551,WO-202504-05981,C011,比亚迪事业群,2025-04-16 14:00,2025-04-02 15:52,2025-04-04 17:52,0,准时,0,客户自提
DLV-03552,WO-202504-05982,C003,佛吉亚,2025-04-21 10:00,2025-04-11 00:22,2025-04-12 18:22,0,准时,0,自配送
DLV-03553,WO-202504-05984,C003,佛吉亚,2025-04-13 11:00,2025-04-07 02:05,2025-04-07 20:05,0,准时,0,自配送
DLV-03554,WO-202504-05986,C006,岚图汽车,2025-04-12 16:00,2025-04-07 08:45,2025-04-08 02:45,0,准时,0,客户自提
DLV-03555,WO-202504-05987,C012,小鹏汽车,2025-04-17 13:00,2025-04-08 13:24,2025-04-10 16:24,0,准时,0,中通
DLV-03556,WO-202504-05988,C010,长城精工,2025-04-22 13:00,2025-04-06 16:01,2025-04-08 17:01,0,准时,0,客户自提
DLV-03557,WO-202504-05999,C011,比亚迪事业群,2025-04-16 08:00,2025-04-08 23:51,2025-04-11 13:51,0,准时,0,顺丰
DLV-03558,WO-202504-06001,C007,东风乘用车,2025-04-22 18:00,2025-04-03 05:56,2025-04-04 16:56,0,准时,0,京东物流
DLV-03559,WO-202504-06002,C012,小鹏汽车,2025-04-24 11:00,2025-04-08 11:54,2025-04-09 08:54,0,准时,0,中通
DLV-03560,WO-202504-06005,C004,麦格纳,2025-04-14 12:00,2025-04-06 01:52,2025-04-08 10:52,0,准时,0,京东物流
DLV-03561,WO-202504-06007,C009,零跑汽车,2025-04-26 18:00,2025-04-09 13:22,2025-04-11 08:22,0,准时,0,中通
DLV-03562,WO-202504-06009,C001,东风彼欧,2025-04-19 14:00,2025-04-07 01:34,2025-04-09 12:34,0,准时,0,自配送
DLV-03563,WO-202504-06011,C001,东风彼欧,2025-04-10 10:00,2025-04-04 12:19,2025-04-06 23:19,0,准时,0,中通
DLV-03564,WO-202504-06013,C011,比亚迪事业群,2025-04-25 08:00,2025-04-09 22:45,2025-04-10 13:45,0,准时,0,顺丰
DLV-03565,WO-202504-06015,C010,长城精工,2025-04-21 10:00,2025-04-06 13:13,2025-04-08 13:13,0,准时,0,顺丰
DLV-03566,WO-202504-06016,C005,本田汽配,2025-04-15 13:00,2025-04-08 04:45,2025-04-09 20:45,0,准时,0,中通
DLV-03567,WO-202504-06018,C001,东风彼欧,2025-04-18 17:00,2025-04-05 13:54,2025-04-07 01:54,0,准时,0,中通
DLV-03568,WO-202504-06019,C002,伟世通,2025-04-19 12:00,2025-04-05 10:42,2025-04-06 08:42,0,准时,0,客户自提
DLV-03569,WO-202504-06020,C001,东风彼欧,2025-04-15 16:00,2025-04-05 17:42,2025-04-06 19:42,0,准时,0,中通
DLV-03570,WO-202504-06021,C004,麦格纳,2025-04-12 13:00,2025-04-06 18:14,2025-04-07 10:14,0,准时,0,中通
DLV-03571,WO-202504-06022,C011,比亚迪事业群,2025-04-14 15:00,2025-04-06 04:36,2025-04-08 02:36,0,准时,0,顺丰
DLV-03572,WO-202504-06024,C004,麦格纳,2025-04-11 12:00,2025-04-02 20:32,2025-04-04 03:32,0,准时,0,客户自提
DLV-03573,WO-202504-06025,C009,零跑汽车,2025-04-24 17:00,2025-04-07 09:22,2025-04-09 05:22,0,准时,0,顺丰
DLV-03574,WO-202504-06026,C004,麦格纳,2025-04-18 11:00,2025-04-05 07:18,2025-04-07 08:18,0,准时,0,中通
DLV-03575,WO-202504-06028,C010,长城精工,2025-04-12 12:00,2025-04-02 20:50,2025-04-03 11:50,0,准时,0,中通
DLV-03576,WO-202504-06030,C010,长城精工,2025-04-13 18:00,2025-04-03 05:47,2025-04-04 17:47,0,准时,0,中通
DLV-03577,WO-202504-06035,C012,小鹏汽车,2025-04-14 13:00,2025-04-03 22:05,2025-04-06 17:05,0,准时,0,顺丰
DLV-03578,WO-202504-06036,C007,东风乘用车,2025-04-15 08:00,2025-04-08 07:40,2025-04-09 23:40,0,准时,0,客户自提
DLV-03579,WO-202504-06037,C011,比亚迪事业群,2025-04-22 12:00,2025-04-05 20:18,2025-04-07 06:18,0,准时,0,中通
DLV-03580,WO-202504-06038,C012,小鹏汽车,2025-04-15 11:00,2025-04-05 10:34,2025-04-08 08:34,0,准时,0,中通
DLV-03581,WO-202504-06039,C011,比亚迪事业群,2025-04-25 10:00,2025-04-05 17:27,2025-04-06 09:27,0,准时,0,中通
DLV-03582,WO-202504-06040,C012,小鹏汽车,2025-04-13 15:00,2025-04-07 16:29,2025-04-09 10:29,0,准时,0,中通
DLV-03583,WO-202504-06041,C012,小鹏汽车,2025-04-15 10:00,2025-04-07 01:55,2025-04-09 07:55,0,准时,0,京东物流
DLV-03584,WO-202504-06042,C010,长城精工,2025-04-22 13:00,2025-04-06 15:42,2025-04-08 09:42,0,准时,0,自配送
DLV-03585,WO-202504-06044,C011,比亚迪事业群,2025-04-20 12:00,2025-04-04 02:34,2025-04-05 17:34,0,准时,0,中通
DLV-03586,WO-202504-06045,C004,麦格纳,2025-04-18 15:00,2025-04-06 15:55,2025-04-07 02:55,0,准时,0,客户自提
DLV-03587,WO-202504-06046,C011,比亚迪事业群,2025-04-21 18:00,2025-04-05 18:40,2025-04-08 12:40,0,准时,0,客户自提
DLV-03588,WO-202504-06047,C006,岚图汽车,2025-04-10 14:00,2025-04-04 08:01,2025-04-06 15:01,0,准时,0,中通
DLV-03589,WO-202504-06051,C001,东风彼欧,2025-04-27 15:00,2025-04-08 07:40,2025-04-10 02:40,0,准时,0,客户自提
DLV-03590,WO-202504-06055,C007,东风乘用车,2025-04-18 10:00,2025-04-05 07:53,2025-04-06 18:53,0,准时,0,自配送
DLV-03591,WO-202504-06056,C011,比亚迪事业群,2025-04-09 09:00,2025-04-05 20:31,2025-04-07 19:31,0,准时,0,顺丰
DLV-03592,WO-202504-06057,C005,本田汽配,2025-04-22 12:00,2025-04-02 18:40,2025-04-03 16:40,0,准时,0,中通
DLV-03593,WO-202504-06058,C007,东风乘用车,2025-04-19 13:00,2025-04-10 07:55,2025-04-11 04:55,0,准时,0,中通
DLV-03594,WO-202504-06059,C006,岚图汽车,2025-04-22 16:00,2025-04-07 07:15,2025-04-08 04:15,0,准时,0,自配送
DLV-03595,WO-202504-06060,C011,比亚迪事业群,2025-04-21 18:00,2025-04-08 23:09,2025-04-11 07:09,0,准时,0,自配送
DLV-03596,WO-202504-06061,C010,长城精工,2025-04-17 09:00,2025-04-05 05:16,2025-04-05 21:16,0,准时,0,顺丰
DLV-03597,WO-202504-06062,C008,吉利商用车,2025-04-14 10:00,2025-04-05 06:08,2025-04-08 00:08,0,准时,0,京东物流
DLV-03598,WO-202504-06063,C004,麦格纳,2025-04-08 13:00,2025-04-03 08:19,2025-04-04 15:19,0,准时,0,顺丰
DLV-03599,WO-202504-06065,C010,长城精工,2025-04-21 12:00,2025-04-08 23:42,2025-04-09 13:42,0,准时,0,京东物流
DLV-03600,WO-202504-06069,C007,东风乘用车,2025-04-11 13:00,2025-04-07 17:39,2025-04-10 09:39,0,准时,0,客户自提
DLV-03601,WO-202504-06071,C007,东风乘用车,2025-04-10 09:00,2025-04-04 23:50,2025-04-06 18:50,0,准时,0,客户自提
DLV-03602,WO-202504-06073,C010,长城精工,2025-04-23 14:00,2025-04-07 08:45,2025-04-07 20:45,0,准时,0,中通
DLV-03603,WO-202504-06074,C004,麦格纳,2025-04-09 11:00,2025-04-04 20:16,2025-04-07 15:16,0,准时,0,客户自提
DLV-03604,WO-202504-06075,C001,东风彼欧,2025-04-14 18:00,2025-04-03 23:49,2025-04-04 14:49,0,准时,0,自配送
DLV-03605,WO-202504-06078,C002,伟世通,2025-04-15 14:00,2025-04-09 20:18,2025-04-10 16:18,0,准时,0,顺丰
DLV-03606,WO-202504-06080,C001,东风彼欧,2025-04-22 09:00,2025-04-05 17:33,2025-04-07 08:33,0,准时,0,客户自提
DLV-03607,WO-202504-06081,C008,吉利商用车,2025-04-09 12:00,2025-04-05 05:03,2025-04-08 03:03,0,准时,0,中通
DLV-03608,WO-202504-06082,C007,东风乘用车,2025-04-12 14:00,2025-04-03 01:28,2025-04-03 11:28,0,准时,0,客户自提
DLV-03609,WO-202504-06083,C007,东风乘用车,2025-04-27 13:00,2025-04-10 10:51,2025-04-13 07:51,0,准时,0,中通
DLV-03610,WO-202504-06085,C006,岚图汽车,2025-04-17 09:00,2025-04-08 20:48,2025-04-09 17:48,0,准时,0,自配送
DLV-03611,WO-202504-06086,C007,东风乘用车,2025-04-09 14:00,2025-04-04 08:55,2025-04-05 04:55,0,准时,0,客户自提
DLV-03612,WO-202504-06088,C006,岚图汽车,2025-04-22 15:00,2025-04-08 15:30,2025-04-09 18:30,0,准时,0,顺丰
DLV-03613,WO-202504-06091,C001,东风彼欧,2025-04-27 09:00,2025-04-08 16:27,2025-04-11 07:27,0,准时,0,自配送
DLV-03614,WO-202504-06093,C012,小鹏汽车,2025-04-22 17:00,2025-04-04 09:08,2025-04-05 09:08,0,准时,0,顺丰
DLV-03615,WO-202504-06094,C007,东风乘用车,2025-04-23 13:00,2025-04-08 05:10,2025-04-08 14:10,0,准时,0,中通
DLV-03616,WO-202504-06095,C001,东风彼欧,2025-04-17 17:00,2025-04-08 16:55,2025-04-09 19:55,0,准时,0,京东物流
DLV-03617,WO-202504-06096,C006,岚图汽车,2025-04-23 08:00,2025-04-04 11:23,2025-04-06 10:23,0,准时,0,中通
DLV-03618,WO-202504-06097,C005,本田汽配,2025-04-16 11:00,2025-04-05 06:22,2025-04-05 15:22,0,准时,0,客户自提
DLV-03619,WO-202504-06098,C007,东风乘用车,2025-04-27 10:00,2025-04-10 04:36,2025-04-12 00:36,0,准时,0,顺丰
DLV-03620,WO-202504-06100,C010,长城精工,2025-04-21 13:00,2025-04-09 10:39,2025-04-11 19:39,0,准时,0,顺丰
DLV-03621,WO-202504-06101,C005,本田汽配,2025-04-17 18:00,2025-04-06 03:50,2025-04-07 13:50,0,准时,0,客户自提
DLV-03622,WO-202504-06104,C011,比亚迪事业群,2025-04-21 12:00,2025-04-05 18:09,2025-04-07 13:09,0,准时,0,中通
DLV-03623,WO-202504-06105,C006,岚图汽车,2025-04-21 16:00,2025-04-04 08:57,2025-04-05 10:57,0,准时,0,中通
DLV-03624,WO-202504-06106,C006,岚图汽车,2025-04-17 09:00,2025-04-02 11:15,2025-04-03 16:15,0,准时,0,客户自提
DLV-03625,WO-202504-06108,C004,麦格纳,2025-04-14 17:00,2025-04-10 08:19,2025-04-12 12:19,0,准时,0,中通
DLV-03626,WO-202504-06110,C007,东风乘用车,2025-04-16 11:00,2025-04-06 18:15,2025-04-07 02:15,0,准时,0,客户自提
DLV-03627,WO-202504-06111,C003,佛吉亚,2025-04-20 08:00,2025-04-08 23:38,2025-04-10 18:38,0,准时,0,自配送
DLV-03628,WO-202504-06113,C003,佛吉亚,2025-04-19 10:00,2025-04-02 15:03,2025-04-04 00:03,0,准时,0,自配送
DLV-03629,WO-202504-06116,C010,长城精工,2025-04-10 15:00,2025-04-05 10:49,2025-04-08 03:49,0,准时,0,顺丰
DLV-03630,WO-202504-06117,C005,本田汽配,2025-04-13 09:00,2025-04-06 02:04,2025-04-07 00:04,0,准时,0,京东物流
DLV-03631,WO-202504-06119,C006,岚图汽车,2025-04-18 10:00,2025-04-08 03:16,2025-04-09 07:16,0,准时,0,顺丰
DLV-03632,WO-202504-06121,C009,零跑汽车,2025-04-18 15:00,2025-04-09 06:13,2025-04-10 16:13,0,准时,0,顺丰
DLV-03633,WO-202504-06123,C011,比亚迪事业群,2025-04-19 10:00,2025-04-06 03:20,2025-04-06 17:20,0,准时,0,中通
DLV-03634,WO-202504-06124,C009,零跑汽车,2025-04-19 10:00,2025-04-06 04:16,2025-04-06 12:16,0,准时,0,顺丰
DLV-03635,WO-202504-06127,C001,东风彼欧,2025-04-19 16:00,2025-04-03 21:32,2025-04-04 22:32,0,准时,0,顺丰
DLV-03636,WO-202504-06129,C010,长城精工,2025-04-13 15:00,2025-04-09 00:02,2025-04-11 00:02,0,准时,0,中通
DLV-03637,WO-202504-06131,C002,伟世通,2025-04-27 09:00,2025-04-09 01:16,2025-04-10 15:16,0,准时,0,客户自提
DLV-03638,WO-202504-06132,C003,佛吉亚,2025-04-09 11:00,2025-04-03 21:16,2025-04-04 13:16,0,准时,0,中通
DLV-03639,WO-202504-06133,C011,比亚迪事业群,2025-04-22 18:00,2025-04-08 03:59,2025-04-08 22:59,0,准时,0,中通
DLV-03640,WO-202504-06138,C001,东风彼欧,2025-04-18 11:00,2025-04-06 13:43,2025-04-08 22:43,0,准时,0,中通
DLV-03641,WO-202504-06139,C005,本田汽配,2025-04-21 18:00,2025-04-04 14:16,2025-04-06 18:16,0,准时,0,顺丰
DLV-03642,WO-202504-06141,C005,本田汽配,2025-04-11 12:00,2025-04-05 03:22,2025-04-07 02:22,0,准时,0,自配送
DLV-03643,WO-202504-06142,C007,东风乘用车,2025-04-22 11:00,2025-04-07 18:46,2025-04-10 11:46,0,准时,0,客户自提
DLV-03644,WO-202504-06143,C010,长城精工,2025-04-14 12:00,2025-04-05 12:35,2025-04-07 11:35,0,准时,0,京东物流
DLV-03645,WO-202504-06146,C001,东风彼欧,2025-04-14 08:00,2025-04-07 01:47,2025-04-09 05:47,0,准时,0,中通
DLV-03646,WO-202504-06147,C006,岚图汽车,2025-04-24 16:00,2025-04-08 09:25,2025-04-10 07:25,0,准时,0,顺丰
DLV-03647,WO-202504-06149,C006,岚图汽车,2025-04-22 17:00,2025-04-08 03:21,2025-04-08 20:21,0,准时,0,中通
DLV-03648,WO-202504-06150,C010,长城精工,2025-04-22 13:00,2025-04-10 06:55,2025-04-10 23:55,0,准时,0,自配送
DLV-03649,WO-202504-06152,C007,东风乘用车,2025-04-20 12:00,2025-04-10 14:49,2025-04-12 15:49,0,准时,0,中通
DLV-03650,WO-202504-06154,C001,东风彼欧,2025-04-15 08:00,2025-04-08 04:16,2025-04-11 04:16,0,准时,0,中通
DLV-03651,WO-202504-06157,C007,东风乘用车,2025-04-12 14:00,2025-04-04 23:13,2025-04-06 08:13,0,准时,0,中通
DLV-03652,WO-202504-06158,C007,东风乘用车,2025-04-17 09:00,2025-04-03 15:02,2025-04-04 06:02,0,准时,0,自配送
DLV-03653,WO-202504-06159,C001,东风彼欧,2025-04-14 13:00,2025-04-09 01:07,2025-04-09 18:07,0,准时,0,自配送
DLV-03654,WO-202504-06160,C008,吉利商用车,2025-04-21 11:00,2025-04-07 08:28,2025-04-10 07:28,0,准时,0,中通
DLV-03655,WO-202504-06164,C012,小鹏汽车,2025-04-24 17:00,2025-04-05 22:06,2025-04-06 11:06,0,准时,0,中通
DLV-03656,WO-202504-06165,C010,长城精工,2025-04-16 14:00,2025-04-07 02:28,2025-04-09 22:28,0,准时,0,京东物流
DLV-03657,WO-202504-06170,C003,佛吉亚,2025-04-20 14:00,2025-04-07 09:57,2025-04-08 10:57,0,准时,0,京东物流
DLV-03658,WO-202504-06171,C002,伟世通,2025-04-18 18:00,2025-04-08 00:57,2025-04-09 13:57,0,准时,0,自配送
DLV-03659,WO-202504-06172,C003,佛吉亚,2025-04-19 16:00,2025-04-07 05:05,2025-04-09 13:05,0,准时,0,自配送
DLV-03660,WO-202504-06174,C011,比亚迪事业群,2025-04-17 12:00,2025-04-07 04:46,2025-04-09 02:46,0,准时,0,客户自提
DLV-03661,WO-202504-06176,C002,伟世通,2025-04-22 11:00,2025-04-09 00:10,2025-04-09 09:10,0,准时,0,顺丰
DLV-03662,WO-202504-06177,C001,东风彼欧,2025-04-12 12:00,2025-04-08 19:45,2025-04-11 16:45,0,准时,0,客户自提
DLV-03663,WO-202504-06178,C003,佛吉亚,2025-04-20 17:00,2025-04-04 13:14,2025-04-05 03:14,0,准时,0,自配送
DLV-03664,WO-202504-06183,C004,麦格纳,2025-04-20 16:00,2025-04-08 03:19,2025-04-08 15:19,0,准时,0,客户自提
DLV-03665,WO-202504-06184,C007,东风乘用车,2025-04-20 10:00,2025-04-06 00:51,2025-04-06 17:51,0,准时,0,京东物流
DLV-03666,WO-202504-06185,C011,比亚迪事业群,2025-04-19 14:00,2025-04-08 07:49,2025-04-09 23:49,0,准时,0,客户自提
DLV-03667,WO-202504-06187,C009,零跑汽车,2025-04-18 11:00,2025-04-04 19:18,2025-04-06 00:18,0,准时,0,自配送
DLV-03668,WO-202504-06188,C011,比亚迪事业群,2025-04-09 13:00,2025-04-04 09:29,2025-04-07 03:29,0,准时,0,客户自提
DLV-03669,WO-202504-06189,C011,比亚迪事业群,2025-04-18 08:00,2025-04-09 02:30,2025-04-10 00:30,0,准时,0,自配送
DLV-03670,WO-202504-06190,C006,岚图汽车,2025-04-13 09:00,2025-04-09 12:18,2025-04-11 16:18,0,准时,0,自配送
DLV-03671,WO-202504-06191,C011,比亚迪事业群,2025-04-22 17:00,2025-04-05 08:36,2025-04-06 01:36,0,准时,0,京东物流
DLV-03672,WO-202504-06193,C012,小鹏汽车,2025-04-22 13:00,2025-04-07 19:34,2025-04-10 02:34,0,准时,0,自配送
DLV-03673,WO-202504-06194,C004,麦格纳,2025-04-24 08:00,2025-04-07 14:03,2025-04-10 00:03,0,准时,0,自配送
DLV-03674,WO-202504-06195,C006,岚图汽车,2025-04-17 09:00,2025-04-03 01:16,2025-04-03 14:16,0,准时,0,中通
DLV-03675,WO-202504-06196,C001,东风彼欧,2025-04-14 13:00,2025-04-07 02:50,2025-04-08 08:50,0,准时,0,顺丰
DLV-03676,WO-202504-06197,C011,比亚迪事业群,2025-04-09 15:00,2025-04-03 16:11,2025-04-04 20:11,0,准时,0,自配送
DLV-03677,WO-202504-06198,C001,东风彼欧,2025-04-10 11:00,2025-04-05 14:45,2025-04-07 16:45,0,准时,0,客户自提
DLV-03678,WO-202504-06199,C001,东风彼欧,2025-04-09 09:00,2025-04-05 10:42,2025-04-08 06:42,0,准时,0,自配送
DLV-03679,WO-202504-06201,C001,东风彼欧,2025-04-17 09:00,2025-04-07 03:00,2025-04-07 17:00,0,准时,0,京东物流
DLV-03680,WO-202504-06202,C012,小鹏汽车,2025-04-17 18:00,2025-04-08 17:13,2025-04-09 21:13,0,准时,0,中通
DLV-03681,WO-202504-06203,C007,东风乘用车,2025-04-15 11:00,2025-04-10 06:29,2025-04-11 22:29,0,准时,0,顺丰
DLV-03682,WO-202504-06204,C008,吉利商用车,2025-04-22 10:00,2025-04-05 03:55,2025-04-07 19:55,0,准时,0,中通
DLV-03683,WO-202504-06207,C002,伟世通,2025-04-11 15:00,2025-04-03 11:48,2025-04-04 07:48,0,准时,0,顺丰
DLV-03684,WO-202504-06208,C006,岚图汽车,2025-04-20 18:00,2025-04-09 18:33,2025-04-11 21:33,0,准时,0,中通
DLV-03685,WO-202504-06210,C005,本田汽配,2025-04-20 13:00,2025-04-04 17:56,2025-04-05 23:56,0,准时,0,自配送
DLV-03686,WO-202504-06211,C006,岚图汽车,2025-04-20 10:00,2025-04-04 09:19,2025-04-05 03:19,0,准时,0,顺丰
DLV-03687,WO-202504-06212,C005,本田汽配,2025-04-12 09:00,2025-04-05 15:00,2025-04-07 16:00,0,准时,0,中通
DLV-03688,WO-202504-06213,C002,伟世通,2025-04-12 08:00,2025-04-05 03:15,2025-04-05 23:15,0,准时,0,中通
DLV-03689,WO-202504-06215,C011,比亚迪事业群,2025-04-16 15:00,2025-04-08 01:19,2025-04-09 19:19,0,准时,0,客户自提
DLV-03690,WO-202504-06216,C009,零跑汽车,2025-04-22 15:00,2025-04-08 08:25,2025-04-11 06:25,0,准时,0,自配送
DLV-03691,WO-202504-06217,C009,零跑汽车,2025-04-13 18:00,2025-04-09 06:09,2025-04-11 07:09,0,准时,0,中通
DLV-03692,WO-202504-06219,C008,吉利商用车,2025-04-19 18:00,2025-04-08 18:24,2025-04-10 18:24,0,准时,0,客户自提
DLV-03693,WO-202504-06220,C001,东风彼欧,2025-04-16 13:00,2025-04-06 18:06,2025-04-09 17:06,0,准时,0,京东物流
DLV-03694,WO-202504-06222,C001,东风彼欧,2025-04-16 11:00,2025-04-09 21:42,2025-04-12 17:42,0,准时,0,自配送
DLV-03695,WO-202504-06223,C009,零跑汽车,2025-04-24 12:00,2025-04-07 21:49,2025-04-09 13:49,0,准时,0,客户自提
DLV-03696,WO-202504-06224,C009,零跑汽车,2025-04-15 09:00,2025-04-03 00:39,2025-04-04 10:39,0,准时,0,顺丰
DLV-03697,WO-202504-06231,C006,岚图汽车,2025-04-26 13:00,2025-04-10 09:56,2025-04-10 20:56,0,准时,0,中通
DLV-03698,WO-202504-06235,C002,伟世通,2025-04-22 14:00,2025-04-04 22:09,2025-04-07 11:09,0,准时,0,中通
DLV-03699,WO-202504-06237,C012,小鹏汽车,2025-04-20 09:00,2025-04-07 11:03,2025-04-08 23:03,0,准时,0,自配送
DLV-03700,WO-202504-06238,C008,吉利商用车,2025-04-24 15:00,2025-04-08 02:15,2025-04-09 10:15,0,准时,0,京东物流
DLV-03701,WO-202504-06239,C001,东风彼欧,2025-04-12 08:00,2025-04-09 00:06,2025-04-10 15:06,0,准时,0,京东物流
DLV-03702,WO-202504-06240,C009,零跑汽车,2025-04-18 13:00,2025-04-04 13:41,2025-04-05 17:41,0,准时,0,京东物流
DLV-03703,WO-202504-06241,C003,佛吉亚,2025-04-18 15:00,2025-04-05 09:57,2025-04-07 13:57,0,准时,0,中通
DLV-03704,WO-202504-06244,C001,东风彼欧,2025-04-27 16:00,2025-04-08 10:36,2025-04-09 02:36,0,准时,0,顺丰
DLV-03705,WO-202504-06245,C007,东风乘用车,2025-04-22 10:00,2025-04-05 01:13,2025-04-06 17:13,0,准时,0,自配送
DLV-03706,WO-202504-06247,C004,麦格纳,2025-04-24 08:00,2025-04-08 02:18,2025-04-09 15:18,0,准时,0,自配送
DLV-03707,WO-202504-06248,C010,长城精工,2025-04-23 11:00,2025-04-06 00:45,2025-04-07 06:45,0,准时,0,京东物流
DLV-03708,WO-202504-06249,C005,本田汽配,2025-04-19 12:00,2025-04-04 09:38,2025-04-05 07:38,0,准时,0,顺丰
DLV-03709,WO-202504-06254,C006,岚图汽车,2025-04-22 15:00,2025-04-09 00:52,2025-04-11 23:52,0,准时,0,中通
DLV-03710,WO-202504-06255,C012,小鹏汽车,2025-04-14 14:00,2025-04-04 15:15,2025-04-07 02:15,0,准时,0,顺丰
DLV-03711,WO-202504-06256,C010,长城精工,2025-04-20 11:00,2025-04-05 16:16,2025-04-07 13:16,0,准时,0,顺丰
DLV-03712,WO-202504-06257,C012,小鹏汽车,2025-04-18 11:00,2025-04-10 11:09,2025-04-10 19:09,0,准时,0,顺丰
DLV-03713,WO-202504-06260,C005,本田汽配,2025-04-25 12:00,2025-04-09 03:36,2025-04-11 00:36,0,准时,0,京东物流
DLV-03714,WO-202504-06264,C010,长城精工,2025-04-22 17:00,2025-04-05 17:10,2025-04-07 22:10,0,准时,0,客户自提
DLV-03715,WO-202504-06266,C001,东风彼欧,2025-04-19 13:00,2025-04-09 20:43,2025-04-10 17:43,0,准时,0,京东物流
DLV-03716,WO-202504-06267,C001,东风彼欧,2025-04-16 14:00,2025-04-09 00:07,2025-04-11 14:07,0,准时,0,中通
DLV-03717,WO-202504-06268,C002,伟世通,2025-04-20 09:00,2025-04-09 06:51,2025-04-10 14:51,0,准时,0,京东物流
DLV-03718,WO-202504-06269,C011,比亚迪事业群,2025-04-19 17:00,2025-04-07 10:24,2025-04-08 22:24,0,准时,0,客户自提
DLV-03719,WO-202504-06270,C007,东风乘用车,2025-04-10 15:00,2025-04-03 08:02,2025-04-05 04:02,0,准时,0,顺丰
DLV-03720,WO-202504-06273,C006,岚图汽车,2025-04-23 08:00,2025-04-06 15:54,2025-04-07 02:54,0,准时,0,中通
DLV-03721,WO-202504-06274,C004,麦格纳,2025-04-23 16:00,2025-04-07 23:39,2025-04-09 23:39,0,准时,0,客户自提
DLV-03722,WO-202504-06275,C004,麦格纳,2025-04-22 14:00,2025-04-02 22:19,2025-04-04 07:19,0,准时,0,顺丰
DLV-03723,WO-202504-06277,C008,吉利商用车,2025-04-14 17:00,2025-04-09 09:42,2025-04-11 18:42,0,准时,0,顺丰
DLV-03724,WO-202504-06278,C005,本田汽配,2025-04-16 12:00,2025-04-06 19:50,2025-04-09 15:50,0,准时,0,自配送
DLV-03725,WO-202504-06280,C001,东风彼欧,2025-04-12 12:00,2025-04-07 01:58,2025-04-09 02:58,0,准时,0,自配送
DLV-03726,WO-202504-06282,C003,佛吉亚,2025-04-14 13:00,2025-04-07 01:34,2025-04-08 05:34,0,准时,0,京东物流
DLV-03727,WO-202504-06283,C008,吉利商用车,2025-04-10 12:00,2025-04-06 17:24,2025-04-08 11:24,0,准时,0,京东物流
DLV-03728,WO-202504-06285,C002,伟世通,2025-04-18 13:00,2025-04-06 23:00,2025-04-09 16:00,0,准时,0,京东物流
DLV-03729,WO-202504-06286,C003,佛吉亚,2025-04-24 10:00,2025-04-04 21:49,2025-04-06 06:49,0,准时,0,京东物流
DLV-03730,WO-202504-06287,C007,东风乘用车,2025-04-15 17:00,2025-04-07 17:27,2025-04-10 17:27,0,准时,0,自配送
DLV-03731,WO-202504-06290,C011,比亚迪事业群,2025-04-10 17:00,2025-04-07 08:51,2025-04-09 05:51,0,准时,0,自配送
DLV-03732,WO-202504-06292,C007,东风乘用车,2025-04-19 13:00,2025-04-08 19:10,2025-04-10 05:10,0,准时,0,中通
DLV-03733,WO-202504-06294,C001,东风彼欧,2025-04-12 18:00,2025-04-04 05:13,2025-04-06 23:13,0,准时,0,中通
DLV-03734,WO-202504-06296,C003,佛吉亚,2025-04-14 15:00,2025-04-09 19:01,2025-04-11 23:01,0,准时,0,京东物流
DLV-03735,WO-202504-06297,C011,比亚迪事业群,2025-04-20 11:00,2025-04-06 15:33,2025-04-08 02:33,0,准时,0,京东物流
DLV-03736,WO-202504-06300,C001,东风彼欧,2025-04-12 13:00,2025-04-04 09:32,2025-04-04 21:32,0,准时,0,自配送
DLV-03737,WO-202504-06301,C003,佛吉亚,2025-04-11 11:00,2025-04-05 05:09,2025-04-05 22:09,0,准时,0,中通
DLV-03738,WO-202504-06302,C011,比亚迪事业群,2025-04-13 13:00,2025-04-05 12:49,2025-04-08 01:49,0,准时,0,京东物流
DLV-03739,WO-202504-06303,C008,吉利商用车,2025-04-14 11:00,2025-04-04 22:39,2025-04-06 13:39,0,准时,0,客户自提
DLV-03740,WO-202504-06304,C012,小鹏汽车,2025-04-14 18:00,2025-04-08 20:06,2025-04-10 03:06,0,准时,0,京东物流
DLV-03741,WO-202504-06305,C004,麦格纳,2025-04-20 11:00,2025-04-10 06:54,2025-04-11 07:54,0,准时,0,京东物流
DLV-03742,WO-202504-06307,C001,东风彼欧,2025-04-10 16:00,2025-04-05 02:43,2025-04-05 21:43,0,准时,0,自配送
DLV-03743,WO-202504-06308,C010,长城精工,2025-04-20 14:00,2025-04-08 21:22,2025-04-11 06:22,0,准时,0,中通
DLV-03744,WO-202504-06309,C011,比亚迪事业群,2025-04-13 11:00,2025-04-03 22:59,2025-04-05 19:59,0,准时,0,中通
DLV-03745,WO-202504-06310,C003,佛吉亚,2025-04-11 15:00,2025-04-03 19:58,2025-04-06 06:58,0,准时,0,客户自提
DLV-03746,WO-202504-06311,C004,麦格纳,2025-04-18 16:00,2025-04-09 05:23,2025-04-10 15:23,0,准时,0,客户自提
DLV-03747,WO-202504-06313,C007,东风乘用车,2025-04-18 11:00,2025-04-07 20:15,2025-04-09 18:15,0,准时,0,客户自提
DLV-03748,WO-202504-06314,C008,吉利商用车,2025-04-12 15:00,2025-04-07 07:23,2025-04-09 21:23,0,准时,0,客户自提
DLV-03749,WO-202504-06315,C004,麦格纳,2025-04-14 12:00,2025-04-07 14:07,2025-04-10 11:07,0,准时,0,京东物流
DLV-03750,WO-202504-06318,C004,麦格纳,2025-04-23 09:00,2025-04-07 23:14,2025-04-09 20:14,0,准时,0,京东物流
DLV-03751,WO-202504-06319,C010,长城精工,2025-04-18 14:00,2025-04-06 14:39,2025-04-07 11:39,0,准时,0,顺丰
DLV-03752,WO-202504-06320,C010,长城精工,2025-04-11 09:00,2025-04-05 12:45,2025-04-07 16:45,0,准时,0,中通
DLV-03753,WO-202504-06321,C006,岚图汽车,2025-04-20 12:00,2025-04-09 20:11,2025-04-12 02:11,0,准时,0,客户自提
DLV-03754,WO-202504-06322,C008,吉利商用车,2025-04-18 13:00,2025-04-05 14:22,2025-04-06 06:22,0,准时,0,京东物流
DLV-03755,WO-202504-06324,C002,伟世通,2025-04-19 13:00,2025-04-04 12:16,2025-04-05 08:16,0,准时,0,顺丰
DLV-03756,WO-202504-06325,C008,吉利商用车,2025-04-09 16:00,2025-04-06 10:31,2025-04-06 22:31,0,准时,0,中通
DLV-03757,WO-202504-06326,C004,麦格纳,2025-04-16 09:00,2025-04-06 03:44,2025-04-08 05:44,0,准时,0,中通
DLV-03758,WO-202504-06327,C010,长城精工,2025-04-16 16:00,2025-04-07 13:55,2025-04-08 03:55,0,准时,0,京东物流
DLV-03759,WO-202504-06328,C002,伟世通,2025-04-11 13:00,2025-04-06 13:07,2025-04-09 12:07,0,准时,0,客户自提
DLV-03760,WO-202504-06329,C006,岚图汽车,2025-04-19 18:00,2025-04-07 04:30,2025-04-09 20:30,0,准时,0,顺丰
DLV-03761,WO-202504-06332,C004,麦格纳,2025-04-18 08:00,2025-04-05 08:21,2025-04-05 21:21,0,准时,0,京东物流
DLV-03762,WO-202504-06333,C010,长城精工,2025-04-17 09:00,2025-04-05 00:31,2025-04-06 08:31,0,准时,0,客户自提
DLV-03763,WO-202504-06338,C010,长城精工,2025-04-17 09:00,2025-04-04 20:21,2025-04-07 03:21,0,准时,0,顺丰
DLV-03764,WO-202504-06341,C011,比亚迪事业群,2025-04-18 10:00,2025-04-03 23:12,2025-04-06 13:12,0,准时,0,自配送
DLV-03765,WO-202504-06342,C012,小鹏汽车,2025-04-24 12:00,2025-04-07 15:07,2025-04-08 23:07,0,准时,0,自配送
DLV-03766,WO-202504-06343,C010,长城精工,2025-04-22 09:00,2025-04-04 19:48,2025-04-05 16:48,0,准时,0,京东物流
DLV-03767,WO-202504-06344,C004,麦格纳,2025-04-20 09:00,2025-04-06 15:54,2025-04-08 14:54,0,准时,0,顺丰
DLV-03768,WO-202504-06346,C005,本田汽配,2025-04-12 08:00,2025-04-03 02:45,2025-04-05 06:45,0,准时,0,客户自提
DLV-03769,WO-202504-06349,C011,比亚迪事业群,2025-04-19 12:00,2025-04-05 14:12,2025-04-07 19:12,0,准时,0,京东物流
DLV-03770,WO-202504-06350,C008,吉利商用车,2025-04-09 10:00,2025-04-04 07:12,2025-04-05 10:12,0,准时,0,客户自提
DLV-03771,WO-202504-06352,C003,佛吉亚,2025-04-16 08:00,2025-04-05 18:27,2025-04-08 02:27,0,准时,0,自配送
DLV-03772,WO-202504-06353,C005,本田汽配,2025-04-16 18:00,2025-04-08 12:01,2025-04-08 23:01,0,准时,0,自配送
DLV-03773,WO-202504-06354,C005,本田汽配,2025-04-15 12:00,2025-04-08 21:28,2025-04-10 22:28,0,准时,0,中通
DLV-03774,WO-202504-06356,C008,吉利商用车,2025-04-11 12:00,2025-04-04 23:11,2025-04-06 07:11,0,准时,0,客户自提
DLV-03775,WO-202504-06360,C004,麦格纳,2025-04-25 11:00,2025-04-07 16:51,2025-04-10 02:51,0,准时,0,顺丰
DLV-03776,WO-202504-06361,C003,佛吉亚,2025-04-25 18:00,2025-04-10 16:41,2025-04-11 23:41,0,准时,0,自配送
DLV-03777,WO-202504-06363,C012,小鹏汽车,2025-04-24 14:00,2025-04-07 22:18,2025-04-09 00:18,0,准时,0,自配送
DLV-03778,WO-202504-06365,C006,岚图汽车,2025-04-23 08:00,2025-04-05 00:12,2025-04-05 12:12,0,准时,0,中通
DLV-03779,WO-202504-06366,C007,东风乘用车,2025-04-11 11:00,2025-04-07 01:26,2025-04-07 19:26,0,准时,0,顺丰
DLV-03780,WO-202504-06367,C002,伟世通,2025-04-23 14:00,2025-04-08 02:49,2025-04-08 15:49,0,准时,0,顺丰
DLV-03781,WO-202504-06369,C001,东风彼欧,2025-04-14 10:00,2025-04-04 07:08,2025-04-07 02:08,0,准时,0,自配送
DLV-03782,WO-202504-06373,C001,东风彼欧,2025-04-15 14:00,2025-04-03 16:31,2025-04-05 17:31,0,准时,0,中通
DLV-03783,WO-202504-06374,C010,长城精工,2025-04-16 08:00,2025-04-04 22:26,2025-04-07 14:26,0,准时,0,中通
DLV-03784,WO-202504-06376,C002,伟世通,2025-04-26 08:00,2025-04-08 17:33,2025-04-10 22:33,0,准时,0,自配送
DLV-03785,WO-202504-06377,C011,比亚迪事业群,2025-04-14 16:00,2025-04-04 19:55,2025-04-05 03:55,0,准时,0,顺丰
DLV-03786,WO-202504-06378,C007,东风乘用车,2025-04-17 14:00,2025-04-08 13:24,2025-04-09 17:24,0,准时,0,京东物流
DLV-03787,WO-202504-06379,C001,东风彼欧,2025-04-10 15:00,2025-04-04 16:34,2025-04-05 00:34,0,准时,0,顺丰
DLV-03788,WO-202504-06380,C010,长城精工,2025-04-14 15:00,2025-04-07 22:25,2025-04-09 18:25,0,准时,0,中通
DLV-03789,WO-202504-06382,C001,东风彼欧,2025-04-19 17:00,2025-04-04 22:06,2025-04-07 13:06,0,准时,0,京东物流
DLV-03790,WO-202504-06384,C001,东风彼欧,2025-04-23 09:00,2025-04-05 13:31,2025-04-06 23:31,0,准时,0,京东物流
DLV-03791,WO-202504-06387,C005,本田汽配,2025-04-20 14:00,2025-04-06 06:08,2025-04-07 04:08,0,准时,0,京东物流
DLV-03792,WO-202504-06388,C008,吉利商用车,2025-04-14 17:00,2025-04-10 00:13,2025-04-12 19:13,0,准时,0,中通
DLV-03793,WO-202504-06389,C003,佛吉亚,2025-04-18 17:00,2025-04-05 05:39,2025-04-06 17:39,0,准时,0,客户自提
DLV-03794,WO-202504-06390,C010,长城精工,2025-04-26 15:00,2025-04-09 17:34,2025-04-11 09:34,0,准时,0,客户自提
DLV-03795,WO-202504-06392,C009,零跑汽车,2025-04-25 17:00,2025-04-06 14:44,2025-04-07 02:44,0,准时,0,自配送
DLV-03796,WO-202504-06393,C001,东风彼欧,2025-04-14 14:00,2025-04-05 15:46,2025-04-06 11:46,0,准时,0,自配送
DLV-03797,WO-202504-06394,C006,岚图汽车,2025-04-10 17:00,2025-04-02 22:04,2025-04-04 10:04,0,准时,0,顺丰
DLV-03798,WO-202504-06396,C004,麦格纳,2025-04-23 15:00,2025-04-04 19:46,2025-04-07 08:46,0,准时,0,客户自提
DLV-03799,WO-202504-06397,C012,小鹏汽车,2025-04-19 18:00,2025-04-08 08:52,2025-04-11 03:52,0,准时,0,京东物流
DLV-03800,WO-202504-06398,C001,东风彼欧,2025-04-24 15:00,2025-04-08 17:51,2025-04-09 05:51,0,准时,0,客户自提
DLV-03801,WO-202504-06399,C004,麦格纳,2025-04-16 09:00,2025-04-07 05:11,2025-04-08 08:11,0,准时,0,顺丰
DLV-03802,WO-202504-06400,C001,东风彼欧,2025-04-17 14:00,2025-04-08 02:20,2025-04-10 15:20,0,准时,0,自配送
DLV-03803,WO-202504-06401,C005,本田汽配,2025-04-15 10:00,2025-04-06 07:43,2025-04-07 12:43,0,准时,0,中通
DLV-03804,WO-202505-06403,C007,东风乘用车,2025-05-20 08:00,2025-05-10 20:15,2025-05-13 15:15,0,准时,0,客户自提
DLV-03805,WO-202505-06404,C010,长城精工,2025-05-16 11:00,2025-05-06 13:33,2025-05-08 14:33,0,准时,0,京东物流
DLV-03806,WO-202505-06410,C001,东风彼欧,2025-05-15 16:00,2025-05-05 06:52,2025-05-07 18:52,0,准时,0,顺丰
DLV-03807,WO-202505-06412,C001,东风彼欧,2025-05-16 08:00,2025-05-07 12:22,2025-05-10 04:22,0,准时,0,自配送
DLV-03808,WO-202505-06416,C002,伟世通,2025-05-25 17:00,2025-05-08 01:53,2025-05-11 01:53,0,准时,0,京东物流
DLV-03809,WO-202505-06418,C005,本田汽配,2025-05-19 11:00,2025-05-05 05:07,2025-05-06 07:07,0,准时,0,顺丰
DLV-03810,WO-202505-06419,C012,小鹏汽车,2025-05-27 10:00,2025-05-09 08:27,2025-05-12 07:27,0,准时,0,中通
DLV-03811,WO-202505-06420,C008,吉利商用车,2025-05-23 13:00,2025-05-07 04:26,2025-05-09 17:26,0,准时,0,自配送
DLV-03812,WO-202505-06421,C007,东风乘用车,2025-05-19 13:00,2025-05-10 02:48,2025-05-11 06:48,0,准时,0,客户自提
DLV-03813,WO-202505-06424,C003,佛吉亚,2025-05-10 10:00,2025-05-04 23:35,2025-05-07 08:35,0,准时,0,客户自提
DLV-03814,WO-202505-06425,C002,伟世通,2025-05-15 09:00,2025-05-04 12:30,2025-05-06 16:30,0,准时,0,客户自提
DLV-03815,WO-202505-06427,C008,吉利商用车,2025-05-15 14:00,2025-05-03 20:02,2025-05-04 07:02,0,准时,0,京东物流
DLV-03816,WO-202505-06429,C003,佛吉亚,2025-05-19 11:00,2025-05-03 02:48,2025-05-06 01:48,0,准时,0,顺丰
DLV-03817,WO-202505-06430,C004,麦格纳,2025-05-17 18:00,2025-05-05 07:45,2025-05-06 09:45,0,准时,0,顺丰
DLV-03818,WO-202505-06431,C010,长城精工,2025-05-11 18:00,2025-05-07 07:14,2025-05-08 10:14,0,准时,0,自配送
DLV-03819,WO-202505-06435,C012,小鹏汽车,2025-05-13 18:00,2025-05-08 16:28,2025-05-11 07:28,0,准时,0,自配送
DLV-03820,WO-202505-06436,C007,东风乘用车,2025-05-18 16:00,2025-05-05 05:11,2025-05-06 15:11,0,准时,0,中通
DLV-03821,WO-202505-06437,C012,小鹏汽车,2025-05-09 17:00,2025-05-04 11:21,2025-05-07 00:21,0,准时,0,中通
DLV-03822,WO-202505-06438,C008,吉利商用车,2025-05-10 09:00,2025-05-05 09:23,2025-05-07 22:23,0,准时,0,自配送
DLV-03823,WO-202505-06439,C004,麦格纳,2025-05-15 12:00,2025-05-08 01:20,2025-05-09 03:20,0,准时,0,中通
DLV-03824,WO-202505-06440,C006,岚图汽车,2025-05-22 17:00,2025-05-07 23:49,2025-05-09 02:49,0,准时,0,顺丰
DLV-03825,WO-202505-06443,C009,零跑汽车,2025-05-13 15:00,2025-05-09 07:49,2025-05-10 05:49,0,准时,0,中通
DLV-03826,WO-202505-06444,C005,本田汽配,2025-05-21 15:00,2025-05-06 22:28,2025-05-09 11:28,0,准时,0,中通
DLV-03827,WO-202505-06445,C012,小鹏汽车,2025-05-15 14:00,2025-05-07 04:20,2025-05-08 11:20,0,准时,0,客户自提
DLV-03828,WO-202505-06446,C004,麦格纳,2025-05-19 15:00,2025-05-07 01:33,2025-05-08 20:33,0,准时,0,顺丰
DLV-03829,WO-202505-06448,C006,岚图汽车,2025-05-17 18:00,2025-05-08 13:33,2025-05-09 08:33,0,准时,0,顺丰
DLV-03830,WO-202505-06449,C002,伟世通,2025-05-13 14:00,2025-05-03 12:23,2025-05-05 08:23,0,准时,0,客户自提
DLV-03831,WO-202505-06451,C003,佛吉亚,2025-05-17 08:00,2025-05-05 02:29,2025-05-07 19:29,0,准时,0,自配送
DLV-03832,WO-202505-06452,C002,伟世通,2025-05-22 11:00,2025-05-08 09:48,2025-05-11 05:48,0,准时,0,客户自提
DLV-03833,WO-202505-06454,C008,吉利商用车,2025-05-20 13:00,2025-05-08 23:52,2025-05-10 08:52,0,准时,0,京东物流
DLV-03834,WO-202505-06455,C007,东风乘用车,2025-05-11 18:00,2025-05-07 04:38,2025-05-07 16:38,0,准时,0,自配送
DLV-03835,WO-202505-06456,C004,麦格纳,2025-05-22 17:00,2025-05-07 19:07,2025-05-10 13:07,0,准时,0,顺丰
DLV-03836,WO-202505-06457,C011,比亚迪事业群,2025-05-17 18:00,2025-05-07 04:51,2025-05-09 16:51,0,准时,0,京东物流
DLV-03837,WO-202505-06458,C007,东风乘用车,2025-05-10 10:00,2025-05-04 03:58,2025-05-05 03:58,0,准时,0,京东物流
DLV-03838,WO-202505-06459,C002,伟世通,2025-05-23 12:00,2025-05-04 07:19,2025-05-05 16:19,0,准时,0,自配送
DLV-03839,WO-202505-06462,C009,零跑汽车,2025-05-24 10:00,2025-05-05 21:51,2025-05-07 20:51,0,准时,0,客户自提
DLV-03840,WO-202505-06463,C009,零跑汽车,2025-05-12 16:00,2025-05-05 05:46,2025-05-06 10:46,0,准时,0,自配送
DLV-03841,WO-202505-06464,C002,伟世通,2025-05-15 08:00,2025-05-08 17:19,2025-05-09 07:19,0,准时,0,顺丰
DLV-03842,WO-202505-06465,C010,长城精工,2025-05-16 17:00,2025-05-08 05:33,2025-05-11 03:33,0,准时,0,客户自提
DLV-03843,WO-202505-06467,C001,东风彼欧,2025-05-17 18:00,2025-05-04 23:06,2025-05-05 11:06,0,准时,0,中通
DLV-03844,WO-202505-06469,C011,比亚迪事业群,2025-05-23 13:00,2025-05-10 01:18,2025-05-12 10:18,0,准时,0,客户自提
DLV-03845,WO-202505-06472,C002,伟世通,2025-05-21 15:00,2025-05-06 04:09,2025-05-06 17:09,0,准时,0,中通
DLV-03846,WO-202505-06473,C011,比亚迪事业群,2025-05-20 16:00,2025-05-07 15:52,2025-05-10 00:52,0,准时,0,顺丰
DLV-03847,WO-202505-06475,C012,小鹏汽车,2025-05-23 12:00,2025-05-07 18:07,2025-05-08 15:07,0,准时,0,顺丰
DLV-03848,WO-202505-06476,C009,零跑汽车,2025-05-26 12:00,2025-05-06 20:45,2025-05-09 09:45,0,准时,0,京东物流
DLV-03849,WO-202505-06477,C004,麦格纳,2025-05-08 09:00,2025-05-02 13:14,2025-05-05 08:14,0,准时,0,客户自提
DLV-03850,WO-202505-06479,C004,麦格纳,2025-05-16 14:00,2025-05-08 10:54,2025-05-09 12:54,0,准时,0,客户自提
DLV-03851,WO-202505-06480,C011,比亚迪事业群,2025-05-16 09:00,2025-05-10 09:21,2025-05-13 06:21,0,准时,0,中通
DLV-03852,WO-202505-06482,C012,小鹏汽车,2025-05-20 08:00,2025-05-04 13:30,2025-05-06 06:30,0,准时,0,顺丰
DLV-03853,WO-202505-06484,C010,长城精工,2025-05-17 17:00,2025-05-04 06:18,2025-05-07 04:18,0,准时,0,中通
DLV-03854,WO-202505-06485,C007,东风乘用车,2025-05-13 17:00,2025-05-06 23:36,2025-05-09 13:36,0,准时,0,顺丰
DLV-03855,WO-202505-06487,C005,本田汽配,2025-05-12 18:00,2025-05-07 19:42,2025-05-10 06:42,0,准时,0,自配送
DLV-03856,WO-202505-06488,C006,岚图汽车,2025-05-11 08:00,2025-05-04 22:22,2025-05-06 23:22,0,准时,0,客户自提
DLV-03857,WO-202505-06489,C003,佛吉亚,2025-05-12 13:00,2025-05-07 19:27,2025-05-08 15:27,0,准时,0,中通
DLV-03858,WO-202505-06490,C009,零跑汽车,2025-05-24 14:00,2025-05-07 15:30,2025-05-09 10:30,0,准时,0,客户自提
DLV-03859,WO-202505-06493,C012,小鹏汽车,2025-05-14 08:00,2025-05-08 01:46,2025-05-08 11:46,0,准时,0,客户自提
DLV-03860,WO-202505-06494,C005,本田汽配,2025-05-10 18:00,2025-05-05 07:58,2025-05-07 08:58,0,准时,0,京东物流
DLV-03861,WO-202505-06496,C005,本田汽配,2025-05-17 11:00,2025-05-04 21:34,2025-05-05 16:34,0,准时,0,客户自提
DLV-03862,WO-202505-06497,C011,比亚迪事业群,2025-05-25 12:00,2025-05-08 18:33,2025-05-10 13:33,0,准时,0,自配送
DLV-03863,WO-202505-06499,C007,东风乘用车,2025-05-23 13:00,2025-05-08 09:40,2025-05-11 00:40,0,准时,0,中通
DLV-03864,WO-202505-06500,C008,吉利商用车,2025-05-23 11:00,2025-05-07 19:04,2025-05-09 16:04,0,准时,0,京东物流
DLV-03865,WO-202505-06502,C009,零跑汽车,2025-05-21 08:00,2025-05-09 05:55,2025-05-10 12:55,0,准时,0,客户自提
DLV-03866,WO-202505-06503,C010,长城精工,2025-05-17 11:00,2025-05-04 10:15,2025-05-06 09:15,0,准时,0,客户自提
DLV-03867,WO-202505-06504,C005,本田汽配,2025-05-19 10:00,2025-05-08 08:54,2025-05-11 03:54,0,准时,0,自配送
DLV-03868,WO-202505-06507,C012,小鹏汽车,2025-05-24 15:00,2025-05-06 14:51,2025-05-08 00:51,0,准时,0,顺丰
DLV-03869,WO-202505-06508,C003,佛吉亚,2025-05-24 08:00,2025-05-06 22:50,2025-05-08 04:50,0,准时,0,自配送
DLV-03870,WO-202505-06509,C012,小鹏汽车,2025-05-23 08:00,2025-05-09 20:37,2025-05-12 15:37,0,准时,0,京东物流
DLV-03871,WO-202505-06510,C009,零跑汽车,2025-05-16 12:00,2025-05-06 04:44,2025-05-09 00:44,0,准时,0,中通
DLV-03872,WO-202505-06511,C006,岚图汽车,2025-05-18 08:00,2025-05-06 08:36,2025-05-06 19:36,0,准时,0,中通
DLV-03873,WO-202505-06512,C007,东风乘用车,2025-05-17 15:00,2025-05-08 14:15,2025-05-10 06:15,0,准时,0,顺丰
DLV-03874,WO-202505-06513,C008,吉利商用车,2025-05-14 10:00,2025-05-07 02:24,2025-05-09 09:24,0,准时,0,中通
DLV-03875,WO-202505-06514,C009,零跑汽车,2025-05-19 15:00,2025-05-08 03:03,2025-05-11 00:03,0,准时,0,顺丰
DLV-03876,WO-202505-06515,C004,麦格纳,2025-05-24 10:00,2025-05-06 17:30,2025-05-07 23:30,0,准时,0,自配送
DLV-03877,WO-202505-06518,C009,零跑汽车,2025-05-11 10:00,2025-05-02 18:58,2025-05-03 06:58,0,准时,0,中通
DLV-03878,WO-202505-06519,C008,吉利商用车,2025-05-20 13:00,2025-05-05 10:17,2025-05-08 02:17,0,准时,0,中通
DLV-03879,WO-202505-06520,C004,麦格纳,2025-05-16 15:00,2025-05-08 15:13,2025-05-09 00:13,0,准时,0,京东物流
DLV-03880,WO-202505-06522,C007,东风乘用车,2025-05-26 13:00,2025-05-06 15:45,2025-05-07 10:45,0,准时,0,京东物流
DLV-03881,WO-202505-06523,C005,本田汽配,2025-05-19 08:00,2025-05-09 02:24,2025-05-11 01:24,0,准时,0,中通
DLV-03882,WO-202505-06524,C003,佛吉亚,2025-05-18 09:00,2025-05-08 05:34,2025-05-10 19:34,0,准时,0,顺丰
DLV-03883,WO-202505-06525,C001,东风彼欧,2025-05-15 10:00,2025-05-06 22:35,2025-05-09 01:35,0,准时,0,自配送
DLV-03884,WO-202505-06526,C011,比亚迪事业群,2025-05-08 08:00,2025-05-04 04:46,2025-05-07 04:46,0,准时,0,自配送
DLV-03885,WO-202505-06527,C005,本田汽配,2025-05-16 11:00,2025-05-04 20:23,2025-05-05 05:23,0,准时,0,中通
DLV-03886,WO-202505-06528,C008,吉利商用车,2025-05-25 12:00,2025-05-08 12:10,2025-05-11 02:10,0,准时,0,中通
DLV-03887,WO-202505-06529,C002,伟世通,2025-05-09 09:00,2025-05-05 03:33,2025-05-07 09:33,0,准时,0,京东物流
DLV-03888,WO-202505-06530,C006,岚图汽车,2025-05-21 12:00,2025-05-03 16:47,2025-05-05 20:47,0,准时,0,自配送
DLV-03889,WO-202505-06531,C005,本田汽配,2025-05-20 17:00,2025-05-06 05:14,2025-05-08 11:14,0,准时,0,顺丰
DLV-03890,WO-202505-06532,C009,零跑汽车,2025-05-22 10:00,2025-05-07 01:43,2025-05-08 19:43,0,准时,0,顺丰
DLV-03891,WO-202505-06533,C006,岚图汽车,2025-05-14 16:00,2025-05-04 11:31,2025-05-06 14:31,0,准时,0,中通
DLV-03892,WO-202505-06534,C008,吉利商用车,2025-05-22 11:00,2025-05-10 01:52,2025-05-11 12:52,0,准时,0,京东物流
DLV-03893,WO-202505-06535,C002,伟世通,2025-05-08 18:00,2025-05-04 20:55,2025-05-06 10:55,0,准时,0,自配送
DLV-03894,WO-202505-06538,C006,岚图汽车,2025-05-14 17:00,2025-05-08 07:06,2025-05-11 06:06,0,准时,0,京东物流
DLV-03895,WO-202505-06540,C008,吉利商用车,2025-05-19 10:00,2025-05-06 07:54,2025-05-08 11:54,0,准时,0,顺丰
DLV-03896,WO-202505-06543,C007,东风乘用车,2025-05-25 08:00,2025-05-08 06:58,2025-05-09 15:58,0,准时,0,中通
DLV-03897,WO-202505-06546,C005,本田汽配,2025-05-24 09:00,2025-05-08 13:39,2025-05-09 14:39,0,准时,0,京东物流
DLV-03898,WO-202505-06547,C005,本田汽配,2025-05-13 12:00,2025-05-06 10:31,2025-05-09 07:31,0,准时,0,顺丰
DLV-03899,WO-202505-06549,C006,岚图汽车,2025-05-16 10:00,2025-05-09 12:39,2025-05-11 00:39,0,准时,0,客户自提
DLV-03900,WO-202505-06554,C009,零跑汽车,2025-05-24 18:00,2025-05-06 04:13,2025-05-07 14:13,0,准时,0,京东物流
DLV-03901,WO-202505-06555,C004,麦格纳,2025-05-19 10:00,2025-05-07 19:23,2025-05-10 12:23,0,准时,0,顺丰
DLV-03902,WO-202505-06556,C010,长城精工,2025-05-27 13:00,2025-05-10 02:03,2025-05-12 10:03,0,准时,0,自配送
DLV-03903,WO-202505-06557,C004,麦格纳,2025-05-13 17:00,2025-05-09 13:16,2025-05-10 03:16,0,准时,0,中通
DLV-03904,WO-202505-06559,C005,本田汽配,2025-05-11 12:00,2025-05-06 03:28,2025-05-07 18:28,0,准时,0,顺丰
DLV-03905,WO-202505-06560,C007,东风乘用车,2025-05-21 14:00,2025-05-07 18:27,2025-05-09 19:27,0,准时,0,中通
DLV-03906,WO-202505-06561,C004,麦格纳,2025-05-20 14:00,2025-05-05 09:07,2025-05-06 19:07,0,准时,0,顺丰
DLV-03907,WO-202505-06562,C012,小鹏汽车,2025-05-21 12:00,2025-05-09 08:45,2025-05-12 03:45,0,准时,0,中通
DLV-03908,WO-202505-06563,C012,小鹏汽车,2025-05-23 08:00,2025-05-09 03:23,2025-05-11 15:23,0,准时,0,顺丰
DLV-03909,WO-202505-06564,C010,长城精工,2025-05-27 15:00,2025-05-08 19:34,2025-05-11 00:34,0,准时,0,顺丰
DLV-03910,WO-202505-06566,C007,东风乘用车,2025-05-13 10:00,2025-05-08 21:18,2025-05-10 16:18,0,准时,0,自配送
DLV-03911,WO-202505-06567,C008,吉利商用车,2025-05-09 08:00,2025-05-04 04:06,2025-05-06 03:06,0,准时,0,京东物流
DLV-03912,WO-202505-06568,C004,麦格纳,2025-05-09 15:00,2025-05-03 00:55,2025-05-05 15:55,0,准时,0,客户自提
DLV-03913,WO-202505-06569,C003,佛吉亚,2025-05-20 13:00,2025-05-04 05:37,2025-05-05 05:37,0,准时,0,自配送
DLV-03914,WO-202505-06572,C003,佛吉亚,2025-05-17 18:00,2025-05-10 04:48,2025-05-13 01:48,0,准时,0,自配送
DLV-03915,WO-202505-06573,C007,东风乘用车,2025-05-16 08:00,2025-05-07 11:09,2025-05-08 06:09,0,准时,0,中通
DLV-03916,WO-202505-06574,C001,东风彼欧,2025-05-16 12:00,2025-05-06 21:29,2025-05-08 15:29,0,准时,0,京东物流
DLV-03917,WO-202505-06576,C012,小鹏汽车,2025-05-17 11:00,2025-05-09 11:34,2025-05-10 10:34,0,准时,0,中通
DLV-03918,WO-202505-06577,C009,零跑汽车,2025-05-18 18:00,2025-05-06 16:15,2025-05-09 11:15,0,准时,0,自配送
DLV-03919,WO-202505-06578,C009,零跑汽车,2025-05-22 15:00,2025-05-07 12:39,2025-05-09 02:39,0,准时,0,中通
DLV-03920,WO-202505-06581,C003,佛吉亚,2025-05-15 13:00,2025-05-07 05:01,2025-05-07 13:01,0,准时,0,客户自提
DLV-03921,WO-202505-06582,C011,比亚迪事业群,2025-05-14 16:00,2025-05-09 11:30,2025-05-10 01:30,0,准时,0,客户自提
DLV-03922,WO-202505-06583,C005,本田汽配,2025-05-15 10:00,2025-05-11 20:13,2025-05-14 04:13,0,准时,0,中通
DLV-03923,WO-202505-06585,C011,比亚迪事业群,2025-05-17 16:00,2025-05-09 06:51,2025-05-12 01:51,0,准时,0,京东物流
DLV-03924,WO-202505-06586,C009,零跑汽车,2025-05-15 18:00,2025-05-07 13:33,2025-05-08 14:33,0,准时,0,京东物流
DLV-03925,WO-202505-06587,C002,伟世通,2025-05-21 10:00,2025-05-08 04:26,2025-05-09 16:26,0,准时,0,中通
DLV-03926,WO-202505-06589,C004,麦格纳,2025-05-09 13:00,2025-05-04 22:55,2025-05-06 06:55,0,准时,0,自配送
DLV-03927,WO-202505-06591,C003,佛吉亚,2025-05-20 16:00,2025-05-06 07:16,2025-05-07 14:16,0,准时,0,顺丰
DLV-03928,WO-202505-06594,C008,吉利商用车,2025-05-20 16:00,2025-05-05 00:18,2025-05-05 14:18,0,准时,0,顺丰
DLV-03929,WO-202505-06598,C005,本田汽配,2025-05-16 11:00,2025-05-05 08:27,2025-05-08 06:27,0,准时,0,顺丰
DLV-03930,WO-202505-06602,C010,长城精工,2025-05-11 18:00,2025-05-08 09:18,2025-05-09 07:18,0,准时,0,京东物流
DLV-03931,WO-202505-06603,C007,东风乘用车,2025-05-16 17:00,2025-05-10 04:58,2025-05-12 22:58,0,准时,0,中通
DLV-03932,WO-202505-06604,C002,伟世通,2025-05-12 14:00,2025-05-07 10:21,2025-05-08 18:21,0,准时,0,客户自提
DLV-03933,WO-202505-06605,C007,东风乘用车,2025-05-20 18:00,2025-05-06 11:34,2025-05-07 06:34,0,准时,0,顺丰
DLV-03934,WO-202505-06609,C009,零跑汽车,2025-05-25 09:00,2025-05-08 08:36,2025-05-10 02:36,0,准时,0,顺丰
DLV-03935,WO-202505-06610,C001,东风彼欧,2025-05-15 17:00,2025-05-10 06:53,2025-05-12 00:53,0,准时,0,自配送
DLV-03936,WO-202505-06611,C002,伟世通,2025-05-25 16:00,2025-05-08 11:31,2025-05-09 07:31,0,准时,0,顺丰
DLV-03937,WO-202505-06612,C005,本田汽配,2025-05-15 16:00,2025-05-07 03:32,2025-05-08 16:32,0,准时,0,自配送
DLV-03938,WO-202505-06613,C004,麦格纳,2025-05-19 13:00,2025-05-10 01:25,2025-05-10 19:25,0,准时,0,客户自提
DLV-03939,WO-202505-06614,C009,零跑汽车,2025-05-24 10:00,2025-05-08 13:36,2025-05-09 01:36,0,准时,0,京东物流
DLV-03940,WO-202505-06616,C011,比亚迪事业群,2025-05-27 15:00,2025-05-09 01:32,2025-05-10 04:32,0,准时,0,顺丰
DLV-03941,WO-202505-06618,C008,吉利商用车,2025-05-25 14:00,2025-05-05 18:51,2025-05-06 21:51,0,准时,0,客户自提
DLV-03942,WO-202505-06619,C012,小鹏汽车,2025-05-23 15:00,2025-05-10 04:02,2025-05-11 17:02,0,准时,0,中通
DLV-03943,WO-202505-06621,C007,东风乘用车,2025-05-15 09:00,2025-05-05 00:20,2025-05-06 03:20,0,准时,0,客户自提
DLV-03944,WO-202505-06623,C006,岚图汽车,2025-05-19 12:00,2025-05-10 03:42,2025-05-11 14:42,0,准时,0,自配送
DLV-03945,WO-202505-06624,C008,吉利商用车,2025-05-17 10:00,2025-05-06 04:41,2025-05-08 21:41,0,准时,0,自配送
DLV-03946,WO-202505-06625,C011,比亚迪事业群,2025-05-12 18:00,2025-05-05 14:06,2025-05-08 03:06,0,准时,0,客户自提
DLV-03947,WO-202505-06626,C001,东风彼欧,2025-05-22 12:00,2025-05-05 04:22,2025-05-06 05:22,0,准时,0,客户自提
DLV-03948,WO-202505-06627,C007,东风乘用车,2025-05-14 14:00,2025-05-04 23:56,2025-05-05 09:56,0,准时,0,自配送
DLV-03949,WO-202505-06628,C007,东风乘用车,2025-05-13 14:00,2025-05-03 22:48,2025-05-05 03:48,0,准时,0,自配送
DLV-03950,WO-202505-06629,C007,东风乘用车,2025-05-14 12:00,2025-05-04 14:46,2025-05-05 04:46,0,准时,0,自配送
DLV-03951,WO-202505-06631,C007,东风乘用车,2025-05-26 17:00,2025-05-10 13:36,2025-05-12 05:36,0,准时,0,顺丰
DLV-03952,WO-202505-06632,C007,东风乘用车,2025-05-24 12:00,2025-05-09 19:39,2025-05-12 11:39,0,准时,0,客户自提
DLV-03953,WO-202505-06633,C007,东风乘用车,2025-05-21 08:00,2025-05-02 22:13,2025-05-05 00:13,0,准时,0,客户自提
DLV-03954,WO-202505-06634,C005,本田汽配,2025-05-24 08:00,2025-05-07 04:02,2025-05-08 10:02,0,准时,0,中通
DLV-03955,WO-202505-06636,C003,佛吉亚,2025-05-09 16:00,2025-05-05 04:46,2025-05-08 02:46,0,准时,0,客户自提
DLV-03956,WO-202505-06637,C001,东风彼欧,2025-05-21 15:00,2025-05-07 19:37,2025-05-09 21:37,0,准时,0,顺丰
DLV-03957,WO-202505-06638,C010,长城精工,2025-05-22 17:00,2025-05-10 16:15,2025-05-12 18:15,0,准时,0,客户自提
DLV-03958,WO-202505-06640,C009,零跑汽车,2025-05-21 15:00,2025-05-04 19:49,2025-05-06 22:49,0,准时,0,客户自提
DLV-03959,WO-202505-06641,C007,东风乘用车,2025-05-21 10:00,2025-05-03 23:09,2025-05-05 14:09,0,准时,0,客户自提
DLV-03960,WO-202505-06645,C010,长城精工,2025-05-24 13:00,2025-05-05 19:54,2025-05-06 10:54,0,准时,0,京东物流
DLV-03961,WO-202505-06647,C010,长城精工,2025-05-15 17:00,2025-05-09 14:50,2025-05-11 03:50,0,准时,0,京东物流
DLV-03962,WO-202505-06648,C004,麦格纳,2025-05-16 13:00,2025-05-06 00:02,2025-05-07 02:02,0,准时,0,顺丰
DLV-03963,WO-202505-06651,C011,比亚迪事业群,2025-05-25 08:00,2025-05-10 05:27,2025-05-11 01:27,0,准时,0,客户自提
DLV-03964,WO-202505-06653,C007,东风乘用车,2025-05-14 10:00,2025-05-07 16:28,2025-05-10 15:28,0,准时,0,京东物流
DLV-03965,WO-202505-06656,C011,比亚迪事业群,2025-05-13 18:00,2025-05-04 12:51,2025-05-05 11:51,0,准时,0,自配送
DLV-03966,WO-202505-06657,C010,长城精工,2025-05-13 18:00,2025-05-04 09:40,2025-05-04 20:40,0,准时,0,京东物流
DLV-03967,WO-202505-06659,C011,比亚迪事业群,2025-05-20 13:00,2025-05-09 00:29,2025-05-10 16:29,0,准时,0,中通
DLV-03968,WO-202505-06660,C007,东风乘用车,2025-05-15 15:00,2025-05-05 22:13,2025-05-07 12:13,0,准时,0,自配送
DLV-03969,WO-202505-06661,C011,比亚迪事业群,2025-05-25 12:00,2025-05-09 18:27,2025-05-10 02:27,0,准时,0,客户自提
DLV-03970,WO-202505-06662,C004,麦格纳,2025-05-18 17:00,2025-05-08 00:29,2025-05-09 16:29,0,准时,0,中通
DLV-03971,WO-202505-06663,C008,吉利商用车,2025-05-11 17:00,2025-05-06 15:42,2025-05-07 07:42,0,准时,0,自配送
DLV-03972,WO-202505-06665,C010,长城精工,2025-05-21 10:00,2025-05-07 03:34,2025-05-09 22:34,0,准时,0,自配送
DLV-03973,WO-202505-06666,C007,东风乘用车,2025-05-18 09:00,2025-05-08 10:06,2025-05-11 04:06,0,准时,0,客户自提
DLV-03974,WO-202505-06667,C003,佛吉亚,2025-05-13 16:00,2025-05-07 11:16,2025-05-09 01:16,0,准时,0,自配送
DLV-03975,WO-202505-06670,C003,佛吉亚,2025-05-16 11:00,2025-05-04 15:09,2025-05-07 03:09,0,准时,0,自配送
DLV-03976,WO-202505-06671,C012,小鹏汽车,2025-05-21 14:00,2025-05-05 03:37,2025-05-07 09:37,0,准时,0,顺丰
DLV-03977,WO-202505-06673,C006,岚图汽车,2025-05-09 14:00,2025-05-04 04:40,2025-05-04 13:40,0,准时,0,顺丰
DLV-03978,WO-202505-06674,C011,比亚迪事业群,2025-05-11 13:00,2025-05-06 18:49,2025-05-09 00:49,0,准时,0,顺丰
DLV-03979,WO-202505-06678,C004,麦格纳,2025-05-20 10:00,2025-05-02 17:21,2025-05-04 01:21,0,准时,0,京东物流
DLV-03980,WO-202505-06679,C012,小鹏汽车,2025-05-20 09:00,2025-05-05 22:28,2025-05-06 18:28,0,准时,0,中通
DLV-03981,WO-202505-06680,C001,东风彼欧,2025-05-12 09:00,2025-05-09 04:37,2025-05-10 03:37,0,准时,0,顺丰
DLV-03982,WO-202505-06681,C002,伟世通,2025-05-14 08:00,2025-05-03 15:42,2025-05-05 13:42,0,准时,0,京东物流
DLV-03983,WO-202505-06687,C004,麦格纳,2025-05-15 12:00,2025-05-04 14:10,2025-05-06 09:10,0,准时,0,京东物流
DLV-03984,WO-202505-06688,C010,长城精工,2025-05-15 17:00,2025-05-09 05:43,2025-05-10 04:43,0,准时,0,顺丰
DLV-03985,WO-202505-06689,C002,伟世通,2025-05-21 16:00,2025-05-07 19:44,2025-05-09 06:44,0,准时,0,客户自提
DLV-03986,WO-202505-06690,C002,伟世通,2025-05-22 15:00,2025-05-10 12:51,2025-05-12 08:51,0,准时,0,自配送
DLV-03987,WO-202505-06692,C010,长城精工,2025-05-24 13:00,2025-05-08 18:41,2025-05-10 14:41,0,准时,0,客户自提
DLV-03988,WO-202505-06693,C005,本田汽配,2025-05-17 15:00,2025-05-08 12:01,2025-05-09 12:01,0,准时,0,中通
DLV-03989,WO-202505-06694,C010,长城精工,2025-05-16 13:00,2025-05-05 05:21,2025-05-06 14:21,0,准时,0,顺丰
DLV-03990,WO-202505-06695,C002,伟世通,2025-05-13 14:00,2025-05-03 21:19,2025-05-06 10:19,0,准时,0,自配送
DLV-03991,WO-202505-06697,C008,吉利商用车,2025-05-23 13:00,2025-05-10 06:41,2025-05-11 19:41,0,准时,0,中通
DLV-03992,WO-202505-06699,C007,东风乘用车,2025-05-16 10:00,2025-05-08 15:49,2025-05-11 15:49,0,准时,0,顺丰
DLV-03993,WO-202505-06701,C008,吉利商用车,2025-05-12 10:00,2025-05-06 13:49,2025-05-08 21:49,0,准时,0,顺丰
DLV-03994,WO-202505-06702,C010,长城精工,2025-05-14 10:00,2025-05-04 10:03,2025-05-06 22:03,0,准时,0,顺丰
DLV-03995,WO-202505-06706,C005,本田汽配,2025-05-20 16:00,2025-05-03 10:18,2025-05-05 18:18,0,准时,0,顺丰
DLV-03996,WO-202505-06707,C007,东风乘用车,2025-05-12 14:00,2025-05-08 03:00,2025-05-08 14:00,0,准时,0,客户自提
DLV-03997,WO-202505-06708,C012,小鹏汽车,2025-05-11 09:00,2025-05-05 19:05,2025-05-07 08:05,0,准时,0,自配送
DLV-03998,WO-202505-06709,C009,零跑汽车,2025-05-14 18:00,2025-05-10 11:16,2025-05-12 15:16,0,准时,0,自配送
DLV-03999,WO-202505-06712,C005,本田汽配,2025-05-12 15:00,2025-05-08 05:19,2025-05-09 20:19,0,准时,0,自配送
DLV-04000,WO-202505-06715,C005,本田汽配,2025-05-17 12:00,2025-05-07 10:34,2025-05-09 06:34,0,准时,0,自配送
DLV-04001,WO-202505-06716,C001,东风彼欧,2025-05-10 08:00,2025-05-06 18:21,2025-05-07 11:21,0,准时,0,京东物流
DLV-04002,WO-202505-06717,C005,本田汽配,2025-05-09 12:00,2025-05-04 12:48,2025-05-06 12:48,0,准时,0,中通
DLV-04003,WO-202505-06720,C003,佛吉亚,2025-05-15 10:00,2025-05-02 14:43,2025-05-05 08:43,0,准时,0,自配送
DLV-04004,WO-202505-06721,C005,本田汽配,2025-05-24 10:00,2025-05-06 18:12,2025-05-09 03:12,0,准时,0,客户自提
DLV-04005,WO-202505-06722,C011,比亚迪事业群,2025-05-10 11:00,2025-05-03 10:21,2025-05-05 02:21,0,准时,0,顺丰
DLV-04006,WO-202505-06723,C006,岚图汽车,2025-05-14 09:00,2025-05-04 17:29,2025-05-06 09:29,0,准时,0,京东物流
DLV-04007,WO-202505-06727,C007,东风乘用车,2025-05-24 17:00,2025-05-09 13:18,2025-05-12 13:18,0,准时,0,中通
DLV-04008,WO-202505-06728,C004,麦格纳,2025-05-14 13:00,2025-05-07 05:14,2025-05-09 04:14,0,准时,0,客户自提
DLV-04009,WO-202505-06729,C005,本田汽配,2025-05-11 18:00,2025-05-08 01:06,2025-05-10 17:06,0,准时,0,顺丰
DLV-04010,WO-202505-06732,C010,长城精工,2025-05-23 10:00,2025-05-09 07:52,2025-05-12 02:52,0,准时,0,京东物流
DLV-04011,WO-202505-06733,C002,伟世通,2025-05-17 17:00,2025-05-09 01:55,2025-05-09 17:55,0,准时,0,客户自提
DLV-04012,WO-202505-06737,C006,岚图汽车,2025-05-09 10:00,2025-05-04 05:27,2025-05-05 02:27,0,准时,0,客户自提
DLV-04013,WO-202505-06739,C005,本田汽配,2025-05-25 15:00,2025-05-07 20:04,2025-05-08 09:04,0,准时,0,京东物流
DLV-04014,WO-202505-06740,C005,本田汽配,2025-05-14 18:00,2025-05-06 23:21,2025-05-09 22:21,0,准时,0,顺丰
DLV-04015,WO-202505-06743,C003,佛吉亚,2025-05-17 11:00,2025-05-04 07:19,2025-05-07 06:19,0,准时,0,自配送
DLV-04016,WO-202505-06745,C007,东风乘用车,2025-05-23 16:00,2025-05-06 17:18,2025-05-08 21:18,0,准时,0,顺丰
DLV-04017,WO-202505-06746,C012,小鹏汽车,2025-05-15 16:00,2025-05-10 11:09,2025-05-11 17:09,0,准时,0,顺丰
DLV-04018,WO-202505-06748,C004,麦格纳,2025-05-10 08:00,2025-05-03 22:46,2025-05-04 21:46,0,准时,0,顺丰
DLV-04019,WO-202505-06749,C007,东风乘用车,2025-05-13 09:00,2025-05-08 22:07,2025-05-09 07:07,0,准时,0,顺丰
DLV-04020,WO-202505-06750,C002,伟世通,2025-05-11 10:00,2025-05-07 19:31,2025-05-10 14:31,0,准时,0,客户自提
DLV-04021,WO-202505-06752,C003,佛吉亚,2025-05-14 13:00,2025-05-05 05:18,2025-05-05 20:18,0,准时,0,自配送
DLV-04022,WO-202505-06753,C005,本田汽配,2025-05-13 09:00,2025-05-06 18:49,2025-05-08 05:49,0,准时,0,中通
DLV-04023,WO-202505-06755,C006,岚图汽车,2025-05-10 18:00,2025-05-05 12:12,2025-05-07 23:12,0,准时,0,顺丰
DLV-04024,WO-202505-06757,C002,伟世通,2025-05-19 10:00,2025-05-08 08:11,2025-05-09 07:11,0,准时,0,自配送
DLV-04025,WO-202505-06759,C004,麦格纳,2025-05-11 15:00,2025-05-06 08:19,2025-05-09 04:19,0,准时,0,自配送
DLV-04026,WO-202505-06760,C011,比亚迪事业群,2025-05-23 15:00,2025-05-06 22:22,2025-05-08 05:22,0,准时,0,自配送
DLV-04027,WO-202505-06762,C011,比亚迪事业群,2025-05-26 12:00,2025-05-07 07:21,2025-05-09 11:21,0,准时,0,中通
DLV-04028,WO-202505-06763,C006,岚图汽车,2025-05-10 13:00,2025-05-06 16:34,2025-05-08 10:34,0,准时,0,顺丰
DLV-04029,WO-202505-06764,C002,伟世通,2025-05-10 08:00,2025-05-06 11:45,2025-05-08 04:45,0,准时,0,客户自提
DLV-04030,WO-202505-06765,C010,长城精工,2025-05-19 09:00,2025-05-07 19:34,2025-05-10 07:34,0,准时,0,自配送
DLV-04031,WO-202505-06766,C006,岚图汽车,2025-05-14 13:00,2025-05-07 17:13,2025-05-10 00:13,0,准时,0,客户自提
DLV-04032,WO-202505-06767,C006,岚图汽车,2025-05-21 09:00,2025-05-05 13:03,2025-05-06 23:03,0,准时,0,自配送
DLV-04033,WO-202505-06768,C008,吉利商用车,2025-05-13 15:00,2025-05-06 18:49,2025-05-09 08:49,0,准时,0,客户自提
DLV-04034,WO-202505-06770,C006,岚图汽车,2025-05-19 14:00,2025-05-08 14:36,2025-05-10 20:36,0,准时,0,中通
DLV-04035,WO-202505-06771,C004,麦格纳,2025-05-11 18:00,2025-05-05 02:27,2025-05-05 11:27,0,准时,0,京东物流
DLV-04036,WO-202505-06773,C006,岚图汽车,2025-05-18 14:00,2025-05-08 14:33,2025-05-09 21:33,0,准时,0,自配送
DLV-04037,WO-202505-06778,C012,小鹏汽车,2025-05-16 09:00,2025-05-05 02:28,2025-05-06 19:28,0,准时,0,自配送
DLV-04038,WO-202505-06779,C008,吉利商用车,2025-05-13 15:00,2025-05-06 05:28,2025-05-07 21:28,0,准时,0,京东物流
DLV-04039,WO-202505-06780,C009,零跑汽车,2025-05-20 09:00,2025-05-08 19:49,2025-05-09 20:49,0,准时,0,自配送
DLV-04040,WO-202505-06781,C008,吉利商用车,2025-05-19 16:00,2025-05-06 07:16,2025-05-07 22:16,0,准时,0,京东物流
DLV-04041,WO-202505-06782,C006,岚图汽车,2025-05-14 11:00,2025-05-05 01:04,2025-05-07 19:04,0,准时,0,客户自提
DLV-04042,WO-202505-06783,C001,东风彼欧,2025-05-19 17:00,2025-05-05 21:42,2025-05-07 01:42,0,准时,0,自配送
DLV-04043,WO-202505-06785,C012,小鹏汽车,2025-05-14 18:00,2025-05-05 16:00,2025-05-07 11:00,0,准时,0,客户自提
DLV-04044,WO-202505-06786,C005,本田汽配,2025-05-16 10:00,2025-05-06 06:30,2025-05-08 12:30,0,准时,0,客户自提
DLV-04045,WO-202505-06787,C009,零跑汽车,2025-05-10 15:00,2025-05-03 04:40,2025-05-05 04:40,0,准时,0,中通
DLV-04046,WO-202505-06789,C003,佛吉亚,2025-05-24 16:00,2025-05-05 11:27,2025-05-08 10:27,0,准时,0,客户自提
DLV-04047,WO-202505-06790,C008,吉利商用车,2025-05-21 17:00,2025-05-08 03:45,2025-05-10 18:45,0,准时,0,中通
DLV-04048,WO-202505-06791,C010,长城精工,2025-05-21 15:00,2025-05-07 10:07,2025-05-09 20:07,0,准时,0,顺丰
DLV-04049,WO-202505-06793,C007,东风乘用车,2025-05-14 18:00,2025-05-03 18:55,2025-05-06 03:55,0,准时,0,顺丰
DLV-04050,WO-202505-06797,C008,吉利商用车,2025-05-22 15:00,2025-05-06 22:37,2025-05-07 13:37,0,准时,0,客户自提
DLV-04051,WO-202505-06804,C010,长城精工,2025-05-11 13:00,2025-05-04 18:22,2025-05-05 09:22,0,准时,0,中通
DLV-04052,WO-202505-06805,C006,岚图汽车,2025-05-22 14:00,2025-05-05 07:25,2025-05-07 14:25,0,准时,0,中通
DLV-04053,WO-202505-06806,C007,东风乘用车,2025-05-10 09:00,2025-05-03 20:34,2025-05-04 06:34,0,准时,0,中通
DLV-04054,WO-202505-06807,C008,吉利商用车,2025-05-16 18:00,2025-05-08 09:03,2025-05-11 06:03,0,准时,0,顺丰
DLV-04055,WO-202505-06808,C006,岚图汽车,2025-05-14 14:00,2025-05-05 03:53,2025-05-08 01:53,0,准时,0,京东物流
DLV-04056,WO-202505-06810,C012,小鹏汽车,2025-05-22 11:00,2025-05-07 21:23,2025-05-10 09:23,0,准时,0,京东物流
DLV-04057,WO-202505-06811,C001,东风彼欧,2025-05-16 13:00,2025-05-10 01:28,2025-05-10 22:28,0,准时,0,自配送
DLV-04058,WO-202505-06812,C007,东风乘用车,2025-05-10 13:00,2025-05-07 11:55,2025-05-08 16:55,0,准时,0,客户自提
DLV-04059,WO-202505-06814,C007,东风乘用车,2025-05-23 14:00,2025-05-09 15:33,2025-05-10 01:33,0,准时,0,客户自提
DLV-04060,WO-202505-06816,C001,东风彼欧,2025-05-14 10:00,2025-05-08 04:37,2025-05-09 03:37,0,准时,0,客户自提
DLV-04061,WO-202505-06817,C010,长城精工,2025-05-21 09:00,2025-05-08 05:57,2025-05-10 22:57,0,准时,0,客户自提
DLV-04062,WO-202505-06821,C005,本田汽配,2025-05-24 15:00,2025-05-09 22:52,2025-05-10 11:52,0,准时,0,顺丰
DLV-04063,WO-202505-06824,C005,本田汽配,2025-05-13 13:00,2025-05-06 04:39,2025-05-08 02:39,0,准时,0,京东物流
DLV-04064,WO-202505-06825,C003,佛吉亚,2025-05-20 18:00,2025-05-08 12:23,2025-05-10 21:23,0,准时,0,顺丰
DLV-04065,WO-202505-06826,C010,长城精工,2025-05-19 16:00,2025-05-08 04:16,2025-05-10 12:16,0,准时,0,京东物流
DLV-04066,WO-202505-06828,C010,长城精工,2025-05-15 16:00,2025-05-07 10:21,2025-05-08 07:21,0,准时,0,客户自提
DLV-04067,WO-202505-06829,C002,伟世通,2025-05-15 18:00,2025-05-05 19:03,2025-05-08 04:03,0,准时,0,顺丰
DLV-04068,WO-202505-06830,C004,麦格纳,2025-05-23 18:00,2025-05-10 05:16,2025-05-12 09:16,0,准时,0,京东物流
DLV-04069,WO-202505-06831,C010,长城精工,2025-05-26 16:00,2025-05-07 14:54,2025-05-08 04:54,0,准时,0,自配送
DLV-04070,WO-202505-06832,C004,麦格纳,2025-05-22 18:00,2025-05-06 20:23,2025-05-08 01:23,0,准时,0,中通
DLV-04071,WO-202505-06833,C004,麦格纳,2025-05-14 08:00,2025-05-03 13:27,2025-05-05 02:27,0,准时,0,自配送
DLV-04072,WO-202505-06834,C005,本田汽配,2025-05-15 14:00,2025-05-07 19:32,2025-05-09 01:32,0,准时,0,自配送
DLV-04073,WO-202505-06835,C012,小鹏汽车,2025-05-10 14:00,2025-05-05 05:12,2025-05-06 23:12,0,准时,0,京东物流
DLV-04074,WO-202505-06838,C010,长城精工,2025-05-20 14:00,2025-05-06 07:52,2025-05-08 00:52,0,准时,0,顺丰
DLV-04075,WO-202505-06839,C007,东风乘用车,2025-05-15 13:00,2025-05-04 23:33,2025-05-05 20:33,0,准时,0,顺丰
DLV-04076,WO-202505-06842,C001,东风彼欧,2025-05-15 18:00,2025-05-05 13:28,2025-05-08 11:28,0,准时,0,自配送
DLV-04077,WO-202505-06845,C006,岚图汽车,2025-05-22 14:00,2025-05-07 02:22,2025-05-08 17:22,0,准时,0,京东物流
DLV-04078,WO-202505-06846,C006,岚图汽车,2025-05-21 17:00,2025-05-04 21:34,2025-05-05 06:34,0,准时,0,京东物流
DLV-04079,WO-202505-06847,C005,本田汽配,2025-05-18 13:00,2025-05-07 22:36,2025-05-08 13:36,0,准时,0,中通
DLV-04080,WO-202505-06848,C004,麦格纳,2025-05-23 17:00,2025-05-05 13:21,2025-05-08 01:21,0,准时,0,自配送
DLV-04081,WO-202505-06849,C006,岚图汽车,2025-05-15 18:00,2025-05-09 05:14,2025-05-11 16:14,0,准时,0,顺丰
DLV-04082,WO-202505-06852,C004,麦格纳,2025-05-18 09:00,2025-05-06 23:12,2025-05-07 12:12,0,准时,0,京东物流
DLV-04083,WO-202505-06853,C010,长城精工,2025-05-21 16:00,2025-05-06 21:12,2025-05-07 09:12,0,准时,0,顺丰
DLV-04084,WO-202505-06859,C003,佛吉亚,2025-05-20 18:00,2025-05-08 08:50,2025-05-09 11:50,0,准时,0,京东物流
DLV-04085,WO-202505-06860,C004,麦格纳,2025-05-16 12:00,2025-05-05 07:12,2025-05-08 01:12,0,准时,0,自配送
DLV-04086,WO-202505-06862,C004,麦格纳,2025-05-10 15:00,2025-05-07 11:35,2025-05-09 16:35,0,准时,0,客户自提
DLV-04087,WO-202505-06863,C012,小鹏汽车,2025-05-10 18:00,2025-05-05 17:11,2025-05-06 06:11,0,准时,0,京东物流
DLV-04088,WO-202505-06866,C002,伟世通,2025-05-18 14:00,2025-05-07 04:33,2025-05-08 11:33,0,准时,0,京东物流
DLV-04089,WO-202505-06867,C009,零跑汽车,2025-05-16 15:00,2025-05-08 21:52,2025-05-09 09:52,0,准时,0,顺丰
DLV-04090,WO-202505-06868,C011,比亚迪事业群,2025-05-19 08:00,2025-05-04 02:45,2025-05-06 16:45,0,准时,0,客户自提
DLV-04091,WO-202505-06870,C006,岚图汽车,2025-05-15 15:00,2025-05-07 05:44,2025-05-08 05:44,0,准时,0,中通
DLV-04092,WO-202505-06871,C007,东风乘用车,2025-05-23 15:00,2025-05-06 04:56,2025-05-06 22:56,0,准时,0,客户自提
DLV-04093,WO-202505-06873,C006,岚图汽车,2025-05-13 09:00,2025-05-08 14:39,2025-05-11 00:39,0,准时,0,京东物流
DLV-04094,WO-202505-06874,C005,本田汽配,2025-05-18 18:00,2025-05-05 18:04,2025-05-06 18:04,0,准时,0,客户自提
DLV-04095,WO-202505-06876,C004,麦格纳,2025-05-17 11:00,2025-05-06 00:58,2025-05-07 04:58,0,准时,0,顺丰
DLV-04096,WO-202505-06878,C011,比亚迪事业群,2025-05-14 12:00,2025-05-06 10:06,2025-05-09 03:06,0,准时,0,中通
DLV-04097,WO-202505-06880,C012,小鹏汽车,2025-05-19 13:00,2025-05-05 20:47,2025-05-08 18:47,0,准时,0,客户自提
DLV-04098,WO-202505-06884,C003,佛吉亚,2025-05-12 15:00,2025-05-07 11:36,2025-05-09 11:36,0,准时,0,客户自提
DLV-04099,WO-202505-06886,C005,本田汽配,2025-05-16 14:00,2025-05-02 16:53,2025-05-03 11:53,0,准时,0,顺丰
DLV-04100,WO-202505-06888,C001,东风彼欧,2025-05-18 12:00,2025-05-07 13:52,2025-05-09 12:52,0,准时,0,自配送
DLV-04101,WO-202505-06889,C007,东风乘用车,2025-05-26 14:00,2025-05-09 18:02,2025-05-12 01:02,0,准时,0,京东物流
DLV-04102,WO-202505-06890,C009,零跑汽车,2025-05-13 09:00,2025-05-09 06:44,2025-05-11 15:44,0,准时,0,京东物流
DLV-04103,WO-202505-06892,C004,麦格纳,2025-05-22 16:00,2025-05-06 05:19,2025-05-07 09:19,0,准时,0,自配送
DLV-04104,WO-202505-06893,C006,岚图汽车,2025-05-17 11:00,2025-05-04 11:16,2025-05-06 00:16,0,准时,0,客户自提
DLV-04105,WO-202505-06895,C002,伟世通,2025-05-19 12:00,2025-05-04 01:55,2025-05-06 08:55,0,准时,0,京东物流
DLV-04106,WO-202505-06896,C010,长城精工,2025-05-19 13:00,2025-05-10 06:25,2025-05-13 04:25,0,准时,0,中通
DLV-04107,WO-202505-06898,C003,佛吉亚,2025-05-20 14:00,2025-05-08 14:07,2025-05-09 05:07,0,准时,0,中通
DLV-04108,WO-202505-06900,C004,麦格纳,2025-05-20 11:00,2025-05-06 03:33,2025-05-07 09:33,0,准时,0,客户自提
DLV-04109,WO-202505-06901,C003,佛吉亚,2025-05-15 17:00,2025-05-08 02:17,2025-05-09 18:17,0,准时,0,客户自提
DLV-04110,WO-202505-06902,C010,长城精工,2025-05-09 13:00,2025-05-03 17:22,2025-05-04 23:22,0,准时,0,顺丰
DLV-04111,WO-202505-06904,C001,东风彼欧,2025-05-18 14:00,2025-05-06 03:07,2025-05-08 16:07,0,准时,0,客户自提
DLV-04112,WO-202505-06905,C011,比亚迪事业群,2025-05-19 15:00,2025-05-06 20:23,2025-05-08 04:23,0,准时,0,中通
DLV-04113,WO-202505-06906,C006,岚图汽车,2025-05-13 13:00,2025-05-08 07:48,2025-05-10 20:48,0,准时,0,客户自提
DLV-04114,WO-202505-06907,C010,长城精工,2025-05-23 10:00,2025-05-08 15:30,2025-05-10 03:30,0,准时,0,京东物流
DLV-04115,WO-202505-06908,C011,比亚迪事业群,2025-05-20 13:00,2025-05-08 21:12,2025-05-10 18:12,0,准时,0,自配送
DLV-04116,WO-202505-06909,C007,东风乘用车,2025-05-18 14:00,2025-05-07 18:36,2025-05-09 19:36,0,准时,0,顺丰
DLV-04117,WO-202505-06911,C011,比亚迪事业群,2025-05-10 10:00,2025-05-06 23:12,2025-05-07 12:12,0,准时,0,京东物流
DLV-04118,WO-202505-06913,C003,佛吉亚,2025-05-11 09:00,2025-05-06 05:48,2025-05-08 02:48,0,准时,0,京东物流
DLV-04119,WO-202505-06914,C010,长城精工,2025-05-21 11:00,2025-05-03 11:25,2025-05-05 02:25,0,准时,0,京东物流
DLV-04120,WO-202505-06916,C001,东风彼欧,2025-05-23 16:00,2025-05-07 17:03,2025-05-08 23:03,0,准时,0,顺丰
DLV-04121,WO-202505-06917,C005,本田汽配,2025-05-22 10:00,2025-05-09 10:25,2025-05-11 02:25,0,准时,0,自配送
DLV-04122,WO-202505-06918,C007,东风乘用车,2025-05-20 17:00,2025-05-07 06:05,2025-05-08 21:05,0,准时,0,自配送
DLV-04123,WO-202505-06919,C010,长城精工,2025-05-15 11:00,2025-05-09 00:28,2025-05-11 03:28,0,准时,0,自配送
DLV-04124,WO-202505-06920,C010,长城精工,2025-05-18 13:00,2025-05-06 19:22,2025-05-07 09:22,0,准时,0,顺丰
DLV-04125,WO-202505-06921,C005,本田汽配,2025-05-23 12:00,2025-05-06 23:05,2025-05-07 07:05,0,准时,0,京东物流
DLV-04126,WO-202505-06922,C002,伟世通,2025-05-20 17:00,2025-05-06 15:27,2025-05-08 12:27,0,准时,0,中通
DLV-04127,WO-202505-06926,C004,麦格纳,2025-05-16 13:00,2025-05-09 21:22,2025-05-12 16:22,0,准时,0,自配送
DLV-04128,WO-202505-06927,C003,佛吉亚,2025-05-18 12:00,2025-05-03 12:36,2025-05-05 19:36,0,准时,0,客户自提
DLV-04129,WO-202505-06928,C001,东风彼欧,2025-05-18 11:00,2025-05-05 02:19,2025-05-05 21:19,0,准时,0,中通
DLV-04130,WO-202505-06932,C003,佛吉亚,2025-05-14 11:00,2025-05-09 13:51,2025-05-11 20:51,0,准时,0,自配送
DLV-04131,WO-202505-06934,C003,佛吉亚,2025-05-17 09:00,2025-05-07 15:42,2025-05-08 07:42,0,准时,0,京东物流
DLV-04132,WO-202505-06935,C003,佛吉亚,2025-05-19 10:00,2025-05-07 02:33,2025-05-08 18:33,0,准时,0,客户自提
DLV-04133,WO-202505-06936,C001,东风彼欧,2025-05-17 11:00,2025-05-09 02:10,2025-05-10 16:10,0,准时,0,京东物流
DLV-04134,WO-202505-06937,C011,比亚迪事业群,2025-05-17 18:00,2025-05-04 20:55,2025-05-07 17:55,0,准时,0,自配送
DLV-04135,WO-202505-06938,C005,本田汽配,2025-05-22 18:00,2025-05-04 08:03,2025-05-05 00:03,0,准时,0,自配送
DLV-04136,WO-202505-06939,C012,小鹏汽车,2025-05-16 15:00,2025-05-09 09:50,2025-05-11 02:50,0,准时,0,客户自提
DLV-04137,WO-202505-06940,C011,比亚迪事业群,2025-05-24 17:00,2025-05-09 03:20,2025-05-10 21:20,0,准时,0,自配送
DLV-04138,WO-202505-06941,C002,伟世通,2025-05-13 16:00,2025-05-09 13:29,2025-05-12 00:29,0,准时,0,京东物流
DLV-04139,WO-202505-06942,C002,伟世通,2025-05-11 18:00,2025-05-07 02:05,2025-05-10 01:05,0,准时,0,京东物流
DLV-04140,WO-202506-06943,C002,伟世通,2025-06-16 10:00,2025-06-04 20:35,2025-06-07 17:35,0,准时,0,中通
DLV-04141,WO-202506-06944,C008,吉利商用车,2025-06-21 08:00,2025-06-05 10:26,2025-06-08 07:26,0,准时,0,自配送
DLV-04142,WO-202506-06945,C003,佛吉亚,2025-06-17 10:00,2025-06-08 10:03,2025-06-11 03:03,0,准时,0,中通
DLV-04143,WO-202506-06946,C002,伟世通,2025-06-18 08:00,2025-06-07 19:04,2025-06-10 03:04,0,准时,0,京东物流
DLV-04144,WO-202506-06947,C006,岚图汽车,2025-06-10 13:00,2025-06-06 21:48,2025-06-07 14:48,0,准时,0,自配送
DLV-04145,WO-202506-06949,C003,佛吉亚,2025-06-22 18:00,2025-06-05 22:29,2025-06-08 00:29,0,准时,0,顺丰
DLV-04146,WO-202506-06950,C005,本田汽配,2025-06-15 16:00,2025-06-03 00:55,2025-06-03 08:55,0,准时,0,中通
DLV-04147,WO-202506-06952,C006,岚图汽车,2025-06-24 18:00,2025-06-06 06:25,2025-06-07 12:25,0,准时,0,自配送
DLV-04148,WO-202506-06953,C006,岚图汽车,2025-06-16 14:00,2025-06-05 13:30,2025-06-07 23:30,0,准时,0,中通
DLV-04149,WO-202506-06954,C004,麦格纳,2025-06-24 15:00,2025-06-07 17:16,2025-06-10 14:16,0,准时,0,京东物流
DLV-04150,WO-202506-06955,C001,东风彼欧,2025-06-16 18:00,2025-06-09 09:36,2025-06-11 02:36,0,准时,0,京东物流
DLV-04151,WO-202506-06956,C007,东风乘用车,2025-06-14 16:00,2025-06-08 08:27,2025-06-09 05:27,0,准时,0,中通
DLV-04152,WO-202506-06959,C001,东风彼欧,2025-06-26 14:00,2025-06-08 17:04,2025-06-09 03:04,0,准时,0,京东物流
DLV-04153,WO-202506-06960,C012,小鹏汽车,2025-06-15 14:00,2025-06-10 05:52,2025-06-11 11:52,0,准时,0,客户自提
DLV-04154,WO-202506-06961,C010,长城精工,2025-06-21 10:00,2025-06-07 20:30,2025-06-10 19:30,0,准时,0,京东物流
DLV-04155,WO-202506-06963,C005,本田汽配,2025-06-12 17:00,2025-06-07 19:09,2025-06-10 07:09,0,准时,0,京东物流
DLV-04156,WO-202506-06968,C006,岚图汽车,2025-06-19 09:00,2025-06-06 12:45,2025-06-08 17:45,0,准时,0,客户自提
DLV-04157,WO-202506-06969,C012,小鹏汽车,2025-06-11 10:00,2025-06-03 20:42,2025-06-04 18:42,0,准时,0,自配送
DLV-04158,WO-202506-06970,C005,本田汽配,2025-06-19 10:00,2025-06-07 15:55,2025-06-08 20:55,0,准时,0,自配送
DLV-04159,WO-202506-06971,C001,东风彼欧,2025-06-23 14:00,2025-06-06 04:52,2025-06-06 13:52,0,准时,0,客户自提
DLV-04160,WO-202506-06972,C001,东风彼欧,2025-06-16 15:00,2025-06-07 09:10,2025-06-08 19:10,0,准时,0,自配送
DLV-04161,WO-202506-06975,C001,东风彼欧,2025-06-17 18:00,2025-06-09 05:43,2025-06-10 03:43,0,准时,0,客户自提
DLV-04162,WO-202506-06976,C001,东风彼欧,2025-06-13 18:00,2025-06-10 08:08,2025-06-12 03:08,0,准时,0,顺丰
DLV-04163,WO-202506-06980,C011,比亚迪事业群,2025-06-13 17:00,2025-06-09 17:03,2025-06-11 22:03,0,准时,0,顺丰
DLV-04164,WO-202506-06981,C002,伟世通,2025-06-22 15:00,2025-06-08 17:43,2025-06-09 14:43,0,准时,0,自配送
DLV-04165,WO-202506-06982,C004,麦格纳,2025-06-10 18:00,2025-06-03 18:12,2025-06-05 11:12,0,准时,0,顺丰
DLV-04166,WO-202506-06983,C011,比亚迪事业群,2025-06-22 16:00,2025-06-08 10:12,2025-06-09 10:12,0,准时,0,京东物流
DLV-04167,WO-202506-06988,C012,小鹏汽车,2025-06-21 08:00,2025-06-09 17:38,2025-06-11 17:38,0,准时,0,中通
DLV-04168,WO-202506-06989,C009,零跑汽车,2025-06-21 10:00,2025-06-07 21:28,2025-06-10 07:28,0,准时,0,顺丰
DLV-04169,WO-202506-06991,C004,麦格纳,2025-06-18 09:00,2025-06-03 06:17,2025-06-05 14:17,0,准时,0,京东物流
DLV-04170,WO-202506-06994,C005,本田汽配,2025-06-18 13:00,2025-06-08 23:15,2025-06-10 07:15,0,准时,0,中通
DLV-04171,WO-202506-06998,C006,岚图汽车,2025-06-22 14:00,2025-06-05 13:55,2025-06-08 06:55,0,准时,0,自配送
DLV-04172,WO-202506-06999,C010,长城精工,2025-06-18 13:00,2025-06-07 20:30,2025-06-10 09:30,0,准时,0,中通
DLV-04173,WO-202506-07001,C002,伟世通,2025-06-17 09:00,2025-06-06 10:48,2025-06-08 05:48,0,准时,0,顺丰
DLV-04174,WO-202506-07003,C012,小鹏汽车,2025-06-13 13:00,2025-06-08 06:03,2025-06-09 19:03,0,准时,0,京东物流
DLV-04175,WO-202506-07005,C002,伟世通,2025-06-20 12:00,2025-06-05 18:24,2025-06-07 09:24,0,准时,0,京东物流
DLV-04176,WO-202506-07007,C012,小鹏汽车,2025-06-20 08:00,2025-06-05 02:36,2025-06-07 08:36,0,准时,0,京东物流
DLV-04177,WO-202506-07008,C007,东风乘用车,2025-06-24 09:00,2025-06-04 10:00,2025-06-05 13:00,0,准时,0,顺丰
DLV-04178,WO-202506-07009,C008,吉利商用车,2025-06-18 18:00,2025-06-06 13:39,2025-06-08 05:39,0,准时,0,中通
DLV-04179,WO-202506-07011,C009,零跑汽车,2025-06-15 09:00,2025-06-06 13:27,2025-06-07 07:27,0,准时,0,自配送
DLV-04180,WO-202506-07012,C006,岚图汽车,2025-06-20 12:00,2025-06-08 23:12,2025-06-11 14:12,0,准时,0,顺丰
DLV-04181,WO-202506-07014,C007,东风乘用车,2025-06-22 13:00,2025-06-09 22:13,2025-06-10 16:13,0,准时,0,自配送
DLV-04182,WO-202506-07016,C004,麦格纳,2025-06-20 10:00,2025-06-03 23:32,2025-06-04 14:32,0,准时,0,顺丰
DLV-04183,WO-202506-07017,C005,本田汽配,2025-06-11 15:00,2025-06-05 07:34,2025-06-07 23:34,0,准时,0,京东物流
DLV-04184,WO-202506-07018,C002,伟世通,2025-06-18 12:00,2025-06-05 02:51,2025-06-06 03:51,0,准时,0,顺丰
DLV-04185,WO-202506-07019,C002,伟世通,2025-06-22 13:00,2025-06-06 12:32,2025-06-07 10:32,0,准时,0,顺丰
DLV-04186,WO-202506-07020,C001,东风彼欧,2025-06-19 15:00,2025-06-07 20:32,2025-06-10 16:32,0,准时,0,客户自提
DLV-04187,WO-202506-07024,C001,东风彼欧,2025-06-18 16:00,2025-06-02 16:12,2025-06-03 01:12,0,准时,0,自配送
DLV-04188,WO-202506-07025,C002,伟世通,2025-06-22 18:00,2025-06-09 14:26,2025-06-11 03:26,0,准时,0,客户自提
DLV-04189,WO-202506-07028,C009,零跑汽车,2025-06-10 15:00,2025-06-04 10:27,2025-06-05 02:27,0,准时,0,中通
DLV-04190,WO-202506-07030,C007,东风乘用车,2025-06-17 13:00,2025-06-03 00:17,2025-06-06 00:17,0,准时,0,顺丰
DLV-04191,WO-202506-07033,C003,佛吉亚,2025-06-17 14:00,2025-06-08 01:16,2025-06-09 05:16,0,准时,0,顺丰
DLV-04192,WO-202506-07034,C011,比亚迪事业群,2025-06-19 15:00,2025-06-04 10:36,2025-06-05 23:36,0,准时,0,顺丰
DLV-04193,WO-202506-07039,C008,吉利商用车,2025-06-16 10:00,2025-06-09 15:52,2025-06-11 16:52,0,准时,0,顺丰
DLV-04194,WO-202506-07040,C004,麦格纳,2025-06-16 13:00,2025-06-07 07:14,2025-06-08 15:14,0,准时,0,顺丰
DLV-04195,WO-202506-07041,C008,吉利商用车,2025-06-10 09:00,2025-06-05 00:21,2025-06-06 00:21,0,准时,0,顺丰
DLV-04196,WO-202506-07042,C007,东风乘用车,2025-06-19 16:00,2025-06-06 17:51,2025-06-07 03:51,0,准时,0,京东物流
DLV-04197,WO-202506-07045,C006,岚图汽车,2025-06-11 09:00,2025-06-07 00:08,2025-06-09 09:08,0,准时,0,客户自提
DLV-04198,WO-202506-07046,C005,本田汽配,2025-06-13 15:00,2025-06-09 22:39,2025-06-10 07:39,0,准时,0,客户自提
DLV-04199,WO-202506-07047,C001,东风彼欧,2025-06-17 15:00,2025-06-04 23:12,2025-06-06 10:12,0,准时,0,京东物流
DLV-04200,WO-202506-07048,C007,东风乘用车,2025-06-24 17:00,2025-06-07 09:45,2025-06-09 23:45,0,准时,0,中通
DLV-04201,WO-202506-07049,C001,东风彼欧,2025-06-19 15:00,2025-06-06 10:09,2025-06-08 20:09,0,准时,0,客户自提
DLV-04202,WO-202506-07052,C007,东风乘用车,2025-06-26 16:00,2025-06-08 12:04,2025-06-11 10:04,0,准时,0,自配送
DLV-04203,WO-202506-07053,C010,长城精工,2025-06-13 08:00,2025-06-03 10:18,2025-06-04 21:18,0,准时,0,自配送
DLV-04204,WO-202506-07054,C012,小鹏汽车,2025-06-12 12:00,2025-06-05 17:21,2025-06-06 20:21,0,准时,0,客户自提
DLV-04205,WO-202506-07058,C009,零跑汽车,2025-06-18 11:00,2025-06-10 04:15,2025-06-11 00:15,0,准时,0,京东物流
DLV-04206,WO-202506-07059,C006,岚图汽车,2025-06-13 18:00,2025-06-05 18:16,2025-06-07 04:16,0,准时,0,中通
DLV-04207,WO-202506-07061,C008,吉利商用车,2025-06-12 11:00,2025-06-05 08:00,2025-06-08 06:00,0,准时,0,中通
DLV-04208,WO-202506-07062,C010,长城精工,2025-06-17 16:00,2025-06-05 12:49,2025-06-06 02:49,0,准时,0,客户自提
DLV-04209,WO-202506-07063,C002,伟世通,2025-06-23 17:00,2025-06-09 19:40,2025-06-11 01:40,0,准时,0,顺丰
DLV-04210,WO-202506-07065,C009,零跑汽车,2025-06-19 08:00,2025-06-04 11:23,2025-06-05 19:23,0,准时,0,中通
DLV-04211,WO-202506-07066,C003,佛吉亚,2025-06-26 12:00,2025-06-08 10:54,2025-06-09 10:54,0,准时,0,京东物流
DLV-04212,WO-202506-07069,C012,小鹏汽车,2025-06-19 10:00,2025-06-08 11:32,2025-06-10 04:32,0,准时,0,客户自提
DLV-04213,WO-202506-07071,C010,长城精工,2025-06-23 18:00,2025-06-06 13:10,2025-06-07 08:10,0,准时,0,自配送
DLV-04214,WO-202506-07073,C011,比亚迪事业群,2025-06-18 12:00,2025-06-03 02:12,2025-06-04 15:12,0,准时,0,顺丰
DLV-04215,WO-202506-07076,C007,东风乘用车,2025-06-17 15:00,2025-06-05 09:25,2025-06-07 14:25,0,准时,0,顺丰
DLV-04216,WO-202506-07077,C010,长城精工,2025-06-16 17:00,2025-06-07 21:22,2025-06-08 22:22,0,准时,0,客户自提
DLV-04217,WO-202506-07078,C004,麦格纳,2025-06-16 09:00,2025-06-07 21:57,2025-06-09 15:57,0,准时,0,中通
DLV-04218,WO-202506-07080,C006,岚图汽车,2025-06-12 09:00,2025-06-02 17:34,2025-06-04 10:34,0,准时,0,中通
DLV-04219,WO-202506-07081,C009,零跑汽车,2025-06-18 18:00,2025-06-04 03:02,2025-06-06 15:02,0,准时,0,顺丰
DLV-04220,WO-202506-07083,C007,东风乘用车,2025-06-15 14:00,2025-06-09 19:51,2025-06-10 08:51,0,准时,0,京东物流
DLV-04221,WO-202506-07084,C006,岚图汽车,2025-06-19 18:00,2025-06-05 00:27,2025-06-07 18:27,0,准时,0,中通
DLV-04222,WO-202506-07085,C012,小鹏汽车,2025-06-20 09:00,2025-06-10 21:04,2025-06-12 02:04,0,准时,0,自配送
DLV-04223,WO-202506-07086,C003,佛吉亚,2025-06-13 12:00,2025-06-09 20:51,2025-06-10 18:51,0,准时,0,顺丰
DLV-04224,WO-202506-07088,C009,零跑汽车,2025-06-17 14:00,2025-06-09 02:15,2025-06-11 23:15,0,准时,0,顺丰
DLV-04225,WO-202506-07089,C001,东风彼欧,2025-06-15 16:00,2025-06-08 11:53,2025-06-10 21:53,0,准时,0,客户自提
DLV-04226,WO-202506-07093,C001,东风彼欧,2025-06-22 15:00,2025-06-06 09:22,2025-06-08 13:22,0,准时,0,顺丰
DLV-04227,WO-202506-07094,C003,佛吉亚,2025-06-25 17:00,2025-06-06 07:27,2025-06-07 22:27,0,准时,0,自配送
DLV-04228,WO-202506-07095,C001,东风彼欧,2025-06-19 14:00,2025-06-08 06:14,2025-06-10 17:14,0,准时,0,顺丰
DLV-04229,WO-202506-07096,C010,长城精工,2025-06-21 11:00,2025-06-08 13:03,2025-06-11 13:03,0,准时,0,自配送
DLV-04230,WO-202506-07097,C001,东风彼欧,2025-06-12 14:00,2025-06-05 12:51,2025-06-07 09:51,0,准时,0,自配送
DLV-04231,WO-202506-07102,C010,长城精工,2025-06-25 09:00,2025-06-06 21:16,2025-06-08 11:16,0,准时,0,客户自提
DLV-04232,WO-202506-07104,C005,本田汽配,2025-06-22 13:00,2025-06-06 03:22,2025-06-08 07:22,0,准时,0,顺丰
DLV-04233,WO-202506-07105,C005,本田汽配,2025-06-21 15:00,2025-06-04 16:32,2025-06-05 15:32,0,准时,0,自配送
DLV-04234,WO-202506-07106,C001,东风彼欧,2025-06-16 08:00,2025-06-05 02:02,2025-06-06 07:02,0,准时,0,自配送
DLV-04235,WO-202506-07108,C009,零跑汽车,2025-06-18 17:00,2025-06-07 21:54,2025-06-08 13:54,0,准时,0,顺丰
DLV-04236,WO-202506-07109,C003,佛吉亚,2025-06-25 11:00,2025-06-05 18:09,2025-06-08 15:09,0,准时,0,顺丰
DLV-04237,WO-202506-07111,C001,东风彼欧,2025-06-22 11:00,2025-06-09 20:51,2025-06-11 05:51,0,准时,0,客户自提
DLV-04238,WO-202506-07113,C010,长城精工,2025-06-11 18:00,2025-06-05 20:51,2025-06-06 15:51,0,准时,0,中通
DLV-04239,WO-202506-07114,C010,长城精工,2025-06-15 13:00,2025-06-03 17:59,2025-06-06 04:59,0,准时,0,顺丰
DLV-04240,WO-202506-07116,C008,吉利商用车,2025-06-21 18:00,2025-06-04 20:14,2025-06-06 14:14,0,准时,0,顺丰
DLV-04241,WO-202506-07119,C010,长城精工,2025-06-12 15:00,2025-06-07 06:19,2025-06-08 15:19,0,准时,0,客户自提
DLV-04242,WO-202506-07120,C003,佛吉亚,2025-06-26 09:00,2025-06-08 16:22,2025-06-09 05:22,0,准时,0,京东物流
DLV-04243,WO-202506-07124,C003,佛吉亚,2025-06-19 09:00,2025-06-06 18:34,2025-06-08 19:34,0,准时,0,客户自提
DLV-04244,WO-202506-07125,C009,零跑汽车,2025-06-17 18:00,2025-06-08 14:10,2025-06-09 23:10,0,准时,0,京东物流
DLV-04245,WO-202506-07126,C011,比亚迪事业群,2025-06-23 16:00,2025-06-06 11:12,2025-06-07 18:12,0,准时,0,京东物流
DLV-04246,WO-202506-07127,C011,比亚迪事业群,2025-06-25 15:00,2025-06-06 13:13,2025-06-08 23:13,0,准时,0,自配送
DLV-04247,WO-202506-07128,C012,小鹏汽车,2025-06-12 12:00,2025-06-03 13:33,2025-06-05 23:33,0,准时,0,客户自提
DLV-04248,WO-202506-07131,C010,长城精工,2025-06-22 13:00,2025-06-10 22:31,2025-06-13 01:31,0,准时,0,京东物流
DLV-04249,WO-202506-07132,C003,佛吉亚,2025-06-24 11:00,2025-06-08 16:27,2025-06-10 17:27,0,准时,0,京东物流
DLV-04250,WO-202506-07135,C012,小鹏汽车,2025-06-21 09:00,2025-06-10 00:43,2025-06-12 17:43,0,准时,0,中通
DLV-04251,WO-202506-07141,C010,长城精工,2025-06-15 11:00,2025-06-09 12:27,2025-06-10 08:27,0,准时,0,中通
DLV-04252,WO-202506-07143,C002,伟世通,2025-06-17 08:00,2025-06-09 15:01,2025-06-11 05:01,0,准时,0,京东物流
DLV-04253,WO-202506-07146,C012,小鹏汽车,2025-06-14 17:00,2025-06-06 14:06,2025-06-08 04:06,0,准时,0,中通
DLV-04254,WO-202506-07147,C009,零跑汽车,2025-06-09 10:00,2025-06-02 12:36,2025-06-04 07:36,0,准时,0,京东物流
DLV-04255,WO-202506-07148,C002,伟世通,2025-06-21 16:00,2025-06-08 01:18,2025-06-08 10:18,0,准时,0,客户自提
DLV-04256,WO-202506-07149,C012,小鹏汽车,2025-06-15 17:00,2025-06-06 10:24,2025-06-07 23:24,0,准时,0,客户自提
DLV-04257,WO-202506-07150,C005,本田汽配,2025-06-25 17:00,2025-06-07 23:15,2025-06-09 00:15,0,准时,0,顺丰
DLV-04258,WO-202506-07151,C008,吉利商用车,2025-06-15 13:00,2025-06-08 12:18,2025-06-11 03:18,0,准时,0,客户自提
DLV-04259,WO-202506-07152,C007,东风乘用车,2025-06-22 09:00,2025-06-03 09:04,2025-06-04 19:04,0,准时,0,顺丰
DLV-04260,WO-202506-07153,C005,本田汽配,2025-06-15 13:00,2025-06-09 07:24,2025-06-11 11:24,0,准时,0,京东物流
DLV-04261,WO-202506-07154,C005,本田汽配,2025-06-17 10:00,2025-06-10 07:10,2025-06-10 16:10,0,准时,0,自配送
DLV-04262,WO-202506-07156,C005,本田汽配,2025-06-15 14:00,2025-06-05 16:31,2025-06-06 05:31,0,准时,0,自配送
DLV-04263,WO-202506-07157,C011,比亚迪事业群,2025-06-22 12:00,2025-06-07 01:49,2025-06-09 14:49,0,准时,0,京东物流
DLV-04264,WO-202506-07158,C006,岚图汽车,2025-06-22 11:00,2025-06-04 00:07,2025-06-05 13:07,0,准时,0,京东物流
DLV-04265,WO-202506-07159,C001,东风彼欧,2025-06-16 13:00,2025-06-06 11:29,2025-06-06 21:29,0,准时,0,自配送
DLV-04266,WO-202506-07162,C007,东风乘用车,2025-06-11 08:00,2025-06-03 01:30,2025-06-04 03:30,0,准时,0,自配送
DLV-04267,WO-202506-07164,C012,小鹏汽车,2025-06-15 14:00,2025-06-08 02:37,2025-06-09 20:37,0,准时,0,中通
DLV-04268,WO-202506-07166,C012,小鹏汽车,2025-06-19 18:00,2025-06-09 00:21,2025-06-10 03:21,0,准时,0,京东物流
DLV-04269,WO-202506-07167,C007,东风乘用车,2025-06-24 16:00,2025-06-07 08:23,2025-06-08 09:23,0,准时,0,顺丰
DLV-04270,WO-202506-07168,C008,吉利商用车,2025-06-22 14:00,2025-06-06 22:19,2025-06-09 06:19,0,准时,0,中通
DLV-04271,WO-202506-07169,C007,东风乘用车,2025-06-20 09:00,2025-06-08 02:43,2025-06-09 19:43,0,准时,0,京东物流
DLV-04272,WO-202506-07170,C008,吉利商用车,2025-06-11 14:00,2025-06-05 17:32,2025-06-08 01:32,0,准时,0,京东物流
DLV-04273,WO-202506-07171,C009,零跑汽车,2025-06-22 08:00,2025-06-08 17:26,2025-06-09 08:26,0,准时,0,中通
DLV-04274,WO-202506-07172,C007,东风乘用车,2025-06-13 08:00,2025-06-05 01:55,2025-06-07 14:55,0,准时,0,中通
DLV-04275,WO-202506-07175,C009,零跑汽车,2025-06-19 13:00,2025-06-04 18:59,2025-06-06 01:59,0,准时,0,中通
DLV-04276,WO-202506-07177,C010,长城精工,2025-06-12 08:00,2025-06-05 21:10,2025-06-07 23:10,0,准时,0,京东物流
DLV-04277,WO-202506-07179,C011,比亚迪事业群,2025-06-18 12:00,2025-06-05 17:33,2025-06-06 10:33,0,准时,0,客户自提
DLV-04278,WO-202506-07180,C011,比亚迪事业群,2025-06-23 14:00,2025-06-05 21:28,2025-06-08 17:28,0,准时,0,中通
DLV-04279,WO-202506-07181,C002,伟世通,2025-06-22 12:00,2025-06-07 06:57,2025-06-09 17:57,0,准时,0,客户自提
DLV-04280,WO-202506-07183,C008,吉利商用车,2025-06-15 11:00,2025-06-05 03:16,2025-06-08 01:16,0,准时,0,自配送
DLV-04281,WO-202506-07184,C006,岚图汽车,2025-06-10 08:00,2025-06-03 14:49,2025-06-04 20:49,0,准时,0,京东物流
DLV-04282,WO-202506-07185,C009,零跑汽车,2025-06-21 18:00,2025-06-07 05:18,2025-06-09 22:18,0,准时,0,顺丰
DLV-04283,WO-202506-07186,C010,长城精工,2025-06-22 15:00,2025-06-06 21:16,2025-06-09 01:16,0,准时,0,中通
DLV-04284,WO-202506-07188,C001,东风彼欧,2025-06-10 10:00,2025-06-07 03:09,2025-06-08 12:09,0,准时,0,京东物流
DLV-04285,WO-202506-07192,C006,岚图汽车,2025-06-19 16:00,2025-06-05 08:46,2025-06-08 02:46,0,准时,0,中通
DLV-04286,WO-202506-07193,C012,小鹏汽车,2025-06-19 08:00,2025-06-05 02:42,2025-06-07 13:42,0,准时,0,顺丰
DLV-04287,WO-202506-07194,C003,佛吉亚,2025-06-15 15:00,2025-06-09 07:46,2025-06-10 02:46,0,准时,0,顺丰
DLV-04288,WO-202506-07196,C004,麦格纳,2025-06-11 18:00,2025-06-04 21:37,2025-06-05 15:37,0,准时,0,京东物流
DLV-04289,WO-202506-07197,C002,伟世通,2025-06-25 17:00,2025-06-08 17:01,2025-06-10 12:01,0,准时,0,中通
DLV-04290,WO-202506-07198,C012,小鹏汽车,2025-06-20 13:00,2025-06-06 19:06,2025-06-09 02:06,0,准时,0,京东物流
DLV-04291,WO-202506-07199,C002,伟世通,2025-06-16 11:00,2025-06-08 13:12,2025-06-10 06:12,0,准时,0,客户自提
DLV-04292,WO-202506-07201,C007,东风乘用车,2025-06-22 16:00,2025-06-02 16:27,2025-06-03 22:27,0,准时,0,顺丰
DLV-04293,WO-202506-07204,C011,比亚迪事业群,2025-06-20 12:00,2025-06-04 19:22,2025-06-06 22:22,0,准时,0,客户自提
DLV-04294,WO-202506-07205,C006,岚图汽车,2025-06-17 08:00,2025-06-08 16:10,2025-06-10 07:10,0,准时,0,自配送
DLV-04295,WO-202506-07208,C007,东风乘用车,2025-06-21 16:00,2025-06-07 18:42,2025-06-10 17:42,0,准时,0,京东物流
DLV-04296,WO-202506-07209,C001,东风彼欧,2025-06-24 13:00,2025-06-06 17:37,2025-06-09 13:37,0,准时,0,自配送
DLV-04297,WO-202506-07210,C001,东风彼欧,2025-06-25 09:00,2025-06-08 12:10,2025-06-09 18:10,0,准时,0,自配送
DLV-04298,WO-202506-07212,C005,本田汽配,2025-06-11 12:00,2025-06-07 23:01,2025-06-09 21:01,0,准时,0,中通
DLV-04299,WO-202506-07215,C009,零跑汽车,2025-06-17 08:00,2025-06-03 03:33,2025-06-04 17:33,0,准时,0,顺丰
DLV-04300,WO-202506-07216,C011,比亚迪事业群,2025-06-12 11:00,2025-06-07 10:07,2025-06-09 03:07,0,准时,0,自配送
DLV-04301,WO-202506-07218,C004,麦格纳,2025-06-18 15:00,2025-06-05 04:17,2025-06-07 08:17,0,准时,0,客户自提
DLV-04302,WO-202506-07219,C006,岚图汽车,2025-06-21 11:00,2025-06-05 18:33,2025-06-08 07:33,0,准时,0,京东物流
DLV-04303,WO-202506-07220,C001,东风彼欧,2025-06-19 13:00,2025-06-09 18:25,2025-06-10 19:25,0,准时,0,自配送
DLV-04304,WO-202506-07222,C007,东风乘用车,2025-06-11 08:00,2025-06-03 09:45,2025-06-04 15:45,0,准时,0,顺丰
DLV-04305,WO-202506-07223,C005,本田汽配,2025-06-15 15:00,2025-06-07 17:25,2025-06-09 22:25,0,准时,0,客户自提
DLV-04306,WO-202506-07224,C005,本田汽配,2025-06-13 12:00,2025-06-06 03:21,2025-06-07 14:21,0,准时,0,客户自提
DLV-04307,WO-202506-07226,C003,佛吉亚,2025-06-19 17:00,2025-06-05 03:13,2025-06-05 11:13,0,准时,0,中通
DLV-04308,WO-202506-07227,C007,东风乘用车,2025-06-15 13:00,2025-06-05 19:27,2025-06-07 23:27,0,准时,0,自配送
DLV-04309,WO-202506-07228,C009,零跑汽车,2025-06-20 09:00,2025-06-07 15:07,2025-06-08 12:07,0,准时,0,顺丰
DLV-04310,WO-202506-07229,C012,小鹏汽车,2025-06-21 09:00,2025-06-07 05:55,2025-06-07 16:55,0,准时,0,客户自提
DLV-04311,WO-202506-07231,C004,麦格纳,2025-06-19 12:00,2025-06-05 18:45,2025-06-07 02:45,0,准时,0,自配送
DLV-04312,WO-202506-07232,C010,长城精工,2025-06-15 10:00,2025-06-09 02:07,2025-06-09 17:07,0,准时,0,顺丰
DLV-04313,WO-202506-07233,C002,伟世通,2025-06-15 11:00,2025-06-09 02:08,2025-06-11 05:08,0,准时,0,顺丰
DLV-04314,WO-202506-07234,C009,零跑汽车,2025-06-14 12:00,2025-06-05 07:16,2025-06-06 22:16,0,准时,0,客户自提
DLV-04315,WO-202506-07235,C003,佛吉亚,2025-06-17 10:00,2025-06-07 18:16,2025-06-09 00:16,0,准时,0,客户自提
DLV-04316,WO-202506-07237,C007,东风乘用车,2025-06-14 11:00,2025-06-09 21:45,2025-06-12 21:45,0,准时,0,京东物流
DLV-04317,WO-202506-07238,C001,东风彼欧,2025-06-14 13:00,2025-06-04 09:56,2025-06-07 03:56,0,准时,0,自配送
DLV-04318,WO-202506-07239,C004,麦格纳,2025-06-20 13:00,2025-06-02 22:18,2025-06-04 15:18,0,准时,0,自配送
DLV-04319,WO-202506-07241,C001,东风彼欧,2025-06-16 11:00,2025-06-08 11:32,2025-06-09 01:32,0,准时,0,自配送
DLV-04320,WO-202506-07247,C003,佛吉亚,2025-06-26 14:00,2025-06-09 00:40,2025-06-11 19:40,0,准时,0,顺丰
DLV-04321,WO-202506-07249,C003,佛吉亚,2025-06-18 17:00,2025-06-07 03:15,2025-06-09 02:15,0,准时,0,顺丰
DLV-04322,WO-202506-07250,C003,佛吉亚,2025-06-25 14:00,2025-06-07 14:22,2025-06-09 10:22,0,准时,0,客户自提
DLV-04323,WO-202506-07251,C008,吉利商用车,2025-06-09 15:00,2025-06-04 11:02,2025-06-06 03:02,0,准时,0,客户自提
DLV-04324,WO-202506-07252,C006,岚图汽车,2025-06-13 17:00,2025-06-07 18:32,2025-06-08 22:32,0,准时,0,自配送
DLV-04325,WO-202506-07254,C011,比亚迪事业群,2025-06-14 13:00,2025-06-08 17:55,2025-06-10 14:55,0,准时,0,顺丰
DLV-04326,WO-202506-07256,C005,本田汽配,2025-06-21 17:00,2025-06-08 09:08,2025-06-11 02:08,0,准时,0,客户自提
DLV-04327,WO-202506-07257,C011,比亚迪事业群,2025-06-23 08:00,2025-06-06 04:49,2025-06-06 20:49,0,准时,0,客户自提
DLV-04328,WO-202506-07258,C012,小鹏汽车,2025-06-23 10:00,2025-06-07 04:09,2025-06-07 17:09,0,准时,0,中通
DLV-04329,WO-202506-07259,C007,东风乘用车,2025-06-10 11:00,2025-06-03 11:01,2025-06-06 09:01,0,准时,0,中通
DLV-04330,WO-202506-07260,C012,小鹏汽车,2025-06-11 10:00,2025-06-05 17:19,2025-06-06 06:19,0,准时,0,顺丰
DLV-04331,WO-202506-07262,C006,岚图汽车,2025-06-08 17:00,2025-06-03 03:27,2025-06-06 03:27,0,准时,0,客户自提
DLV-04332,WO-202506-07263,C009,零跑汽车,2025-06-12 12:00,2025-06-07 16:03,2025-06-08 08:03,0,准时,0,自配送
DLV-04333,WO-202506-07264,C011,比亚迪事业群,2025-06-20 17:00,2025-06-05 07:49,2025-06-06 09:49,0,准时,0,客户自提
DLV-04334,WO-202506-07265,C003,佛吉亚,2025-06-19 16:00,2025-06-05 15:07,2025-06-06 03:07,0,准时,0,顺丰
DLV-04335,WO-202506-07266,C001,东风彼欧,2025-06-08 14:00,2025-06-05 16:36,2025-06-07 13:36,0,准时,0,自配送
DLV-04336,WO-202506-07267,C012,小鹏汽车,2025-06-11 12:00,2025-06-06 14:10,2025-06-07 23:10,0,准时,0,客户自提
DLV-04337,WO-202506-07268,C001,东风彼欧,2025-06-22 10:00,2025-06-07 06:45,2025-06-07 22:45,0,准时,0,客户自提
DLV-04338,WO-202506-07269,C009,零跑汽车,2025-06-16 14:00,2025-06-07 06:39,2025-06-09 23:39,0,准时,0,客户自提
DLV-04339,WO-202506-07270,C007,东风乘用车,2025-06-15 15:00,2025-06-07 16:00,2025-06-08 16:00,0,准时,0,中通
DLV-04340,WO-202506-07271,C010,长城精工,2025-06-14 17:00,2025-06-04 16:16,2025-06-07 11:16,0,准时,0,客户自提
DLV-04341,WO-202506-07272,C012,小鹏汽车,2025-06-22 15:00,2025-06-04 17:18,2025-06-07 00:18,0,准时,0,客户自提
DLV-04342,WO-202506-07273,C011,比亚迪事业群,2025-06-08 12:00,2025-06-03 14:49,2025-06-04 03:49,0,准时,0,京东物流
DLV-04343,WO-202506-07274,C011,比亚迪事业群,2025-06-16 12:00,2025-06-04 15:37,2025-06-06 07:37,0,准时,0,自配送
DLV-04344,WO-202506-07276,C005,本田汽配,2025-06-13 14:00,2025-06-07 01:24,2025-06-09 14:24,0,准时,0,客户自提
DLV-04345,WO-202506-07277,C006,岚图汽车,2025-06-15 15:00,2025-06-04 22:52,2025-06-06 07:52,0,准时,0,顺丰
DLV-04346,WO-202506-07280,C004,麦格纳,2025-06-16 13:00,2025-06-07 18:52,2025-06-08 22:52,0,准时,0,中通
DLV-04347,WO-202506-07281,C005,本田汽配,2025-06-13 16:00,2025-06-04 00:44,2025-06-06 19:44,0,准时,0,中通
DLV-04348,WO-202506-07283,C008,吉利商用车,2025-06-22 17:00,2025-06-08 04:08,2025-06-08 16:08,0,准时,0,京东物流
DLV-04349,WO-202506-07286,C011,比亚迪事业群,2025-06-22 17:00,2025-06-09 09:12,2025-06-12 05:12,0,准时,0,京东物流
DLV-04350,WO-202506-07288,C012,小鹏汽车,2025-06-21 11:00,2025-06-04 08:23,2025-06-04 21:23,0,准时,0,中通
DLV-04351,WO-202506-07289,C010,长城精工,2025-06-21 16:00,2025-06-09 08:48,2025-06-09 22:48,0,准时,0,客户自提
DLV-04352,WO-202506-07291,C012,小鹏汽车,2025-06-12 15:00,2025-06-05 00:07,2025-06-07 08:07,0,准时,0,京东物流
DLV-04353,WO-202506-07293,C005,本田汽配,2025-06-08 08:00,2025-06-03 18:16,2025-06-04 11:16,0,准时,0,顺丰
DLV-04354,WO-202506-07299,C010,长城精工,2025-06-24 16:00,2025-06-08 01:01,2025-06-08 17:01,0,准时,0,客户自提
DLV-04355,WO-202506-07303,C006,岚图汽车,2025-06-16 14:00,2025-06-03 17:02,2025-06-05 17:02,0,准时,0,自配送
DLV-04356,WO-202506-07305,C012,小鹏汽车,2025-06-13 08:00,2025-06-05 17:00,2025-06-06 23:00,0,准时,0,顺丰
DLV-04357,WO-202506-07306,C012,小鹏汽车,2025-06-15 16:00,2025-06-06 10:27,2025-06-08 04:27,0,准时,0,中通
DLV-04358,WO-202506-07307,C008,吉利商用车,2025-06-14 16:00,2025-06-06 04:12,2025-06-06 12:12,0,准时,0,顺丰
DLV-04359,WO-202506-07308,C002,伟世通,2025-06-22 08:00,2025-06-06 22:10,2025-06-07 17:10,0,准时,0,中通
DLV-04360,WO-202506-07309,C001,东风彼欧,2025-06-19 18:00,2025-06-03 16:15,2025-06-06 15:15,0,准时,0,客户自提
DLV-04361,WO-202506-07311,C001,东风彼欧,2025-06-23 18:00,2025-06-07 18:48,2025-06-09 19:48,0,准时,0,京东物流
DLV-04362,WO-202506-07312,C008,吉利商用车,2025-06-18 14:00,2025-06-05 14:32,2025-06-05 22:32,0,准时,0,自配送
DLV-04363,WO-202506-07313,C003,佛吉亚,2025-06-11 10:00,2025-06-10 14:59,2025-06-12 10:59,25.0,延迟,4205.0,自配送
DLV-04364,WO-202506-07314,C003,佛吉亚,2025-06-20 18:00,2025-06-04 09:57,2025-06-05 11:57,0,准时,0,自配送
DLV-04365,WO-202506-07316,C009,零跑汽车,2025-06-19 13:00,2025-06-05 11:34,2025-06-08 03:34,0,准时,0,中通
DLV-04366,WO-202506-07320,C006,岚图汽车,2025-06-17 17:00,2025-06-04 14:16,2025-06-06 07:16,0,准时,0,中通
DLV-04367,WO-202506-07321,C008,吉利商用车,2025-06-10 12:00,2025-06-04 02:49,2025-06-05 16:49,0,准时,0,京东物流
DLV-04368,WO-202506-07323,C009,零跑汽车,2025-06-21 09:00,2025-06-09 19:48,2025-06-11 19:48,0,准时,0,中通
DLV-04369,WO-202506-07325,C009,零跑汽车,2025-06-15 09:00,2025-06-09 09:19,2025-06-10 23:19,0,准时,0,中通
DLV-04370,WO-202506-07326,C009,零跑汽车,2025-06-25 15:00,2025-06-09 15:16,2025-06-11 20:16,0,准时,0,京东物流
DLV-04371,WO-202506-07327,C002,伟世通,2025-06-17 09:00,2025-06-04 19:49,2025-06-06 01:49,0,准时,0,自配送
DLV-04372,WO-202506-07328,C004,麦格纳,2025-06-20 14:00,2025-06-07 03:33,2025-06-09 10:33,0,准时,0,京东物流
DLV-04373,WO-202506-07330,C004,麦格纳,2025-06-11 15:00,2025-06-04 21:00,2025-06-07 21:00,0,准时,0,顺丰
DLV-04374,WO-202506-07331,C006,岚图汽车,2025-06-22 14:00,2025-06-08 09:03,2025-06-10 14:03,0,准时,0,中通
DLV-04375,WO-202506-07332,C008,吉利商用车,2025-06-24 13:00,2025-06-06 15:00,2025-06-07 16:00,0,准时,0,自配送
DLV-04376,WO-202506-07333,C004,麦格纳,2025-06-11 18:00,2025-06-03 11:07,2025-06-06 06:07,0,准时,0,客户自提
DLV-04377,WO-202506-07343,C010,长城精工,2025-06-16 08:00,2025-06-03 11:03,2025-06-06 11:03,0,准时,0,中通
DLV-04378,WO-202506-07344,C004,麦格纳,2025-06-16 16:00,2025-06-08 22:33,2025-06-09 07:33,0,准时,0,中通
DLV-04379,WO-202506-07345,C006,岚图汽车,2025-06-13 13:00,2025-06-06 09:51,2025-06-08 20:51,0,准时,0,中通
DLV-04380,WO-202506-07347,C002,伟世通,2025-06-14 15:00,2025-06-07 08:08,2025-06-09 03:08,0,准时,0,中通
DLV-04381,WO-202506-07348,C001,东风彼欧,2025-06-20 11:00,2025-06-08 12:15,2025-06-11 01:15,0,准时,0,中通
DLV-04382,WO-202506-07349,C011,比亚迪事业群,2025-06-15 14:00,2025-06-04 19:26,2025-06-07 13:26,0,准时,0,自配送
DLV-04383,WO-202506-07351,C006,岚图汽车,2025-06-13 09:00,2025-06-04 22:22,2025-06-05 06:22,0,准时,0,京东物流
DLV-04384,WO-202506-07352,C007,东风乘用车,2025-06-11 17:00,2025-06-04 21:31,2025-06-06 10:31,0,准时,0,顺丰
DLV-04385,WO-202506-07353,C002,伟世通,2025-06-24 10:00,2025-06-08 17:41,2025-06-11 03:41,0,准时,0,自配送
DLV-04386,WO-202506-07355,C007,东风乘用车,2025-06-26 14:00,2025-06-09 18:05,2025-06-12 12:05,0,准时,0,中通
DLV-04387,WO-202506-07359,C001,东风彼欧,2025-06-15 13:00,2025-06-08 08:32,2025-06-09 17:32,0,准时,0,自配送
DLV-04388,WO-202506-07361,C002,伟世通,2025-06-23 11:00,2025-06-06 11:07,2025-06-07 09:07,0,准时,0,客户自提
DLV-04389,WO-202506-07362,C001,东风彼欧,2025-06-13 13:00,2025-06-05 12:00,2025-06-08 10:00,0,准时,0,中通
DLV-04390,WO-202506-07364,C004,麦格纳,2025-06-17 08:00,2025-06-04 16:31,2025-06-06 00:31,0,准时,0,顺丰
DLV-04391,WO-202506-07365,C001,东风彼欧,2025-06-25 09:00,2025-06-08 14:45,2025-06-10 22:45,0,准时,0,客户自提
DLV-04392,WO-202506-07366,C012,小鹏汽车,2025-06-14 12:00,2025-06-06 14:27,2025-06-08 02:27,0,准时,0,京东物流
DLV-04393,WO-202506-07368,C011,比亚迪事业群,2025-06-14 12:00,2025-06-08 18:45,2025-06-11 10:45,0,准时,0,京东物流
DLV-04394,WO-202506-07369,C004,麦格纳,2025-06-21 09:00,2025-06-03 08:58,2025-06-03 17:58,0,准时,0,中通
DLV-04395,WO-202506-07370,C004,麦格纳,2025-06-16 14:00,2025-06-06 00:58,2025-06-08 16:58,0,准时,0,中通
DLV-04396,WO-202506-07373,C011,比亚迪事业群,2025-06-15 13:00,2025-06-08 18:44,2025-06-11 05:44,0,准时,0,客户自提
DLV-04397,WO-202506-07375,C012,小鹏汽车,2025-06-19 10:00,2025-06-07 08:08,2025-06-08 02:08,0,准时,0,自配送
DLV-04398,WO-202506-07376,C001,东风彼欧,2025-06-13 08:00,2025-06-08 03:00,2025-06-08 12:00,0,准时,0,京东物流
DLV-04399,WO-202506-07378,C005,本田汽配,2025-06-16 13:00,2025-06-08 11:20,2025-06-10 10:20,0,准时,0,顺丰
DLV-04400,WO-202506-07379,C011,比亚迪事业群,2025-06-14 12:00,2025-06-06 01:46,2025-06-08 01:46,0,准时,0,顺丰
DLV-04401,WO-202506-07380,C009,零跑汽车,2025-06-13 10:00,2025-06-04 15:40,2025-06-05 15:40,0,准时,0,京东物流
DLV-04402,WO-202506-07382,C003,佛吉亚,2025-06-19 18:00,2025-06-07 05:26,2025-06-08 13:26,0,准时,0,顺丰
DLV-04403,WO-202506-07383,C012,小鹏汽车,2025-06-13 16:00,2025-06-04 23:34,2025-06-07 14:34,0,准时,0,京东物流
DLV-04404,WO-202506-07384,C002,伟世通,2025-06-19 18:00,2025-06-05 05:22,2025-06-08 03:22,0,准时,0,顺丰
DLV-04405,WO-202506-07385,C008,吉利商用车,2025-06-15 16:00,2025-06-08 17:44,2025-06-11 12:44,0,准时,0,京东物流
DLV-04406,WO-202506-07386,C012,小鹏汽车,2025-06-23 13:00,2025-06-10 23:18,2025-06-11 23:18,0,准时,0,中通
DLV-04407,WO-202506-07391,C002,伟世通,2025-06-18 12:00,2025-06-05 02:33,2025-06-07 13:33,0,准时,0,京东物流
DLV-04408,WO-202506-07393,C010,长城精工,2025-06-23 12:00,2025-06-08 08:11,2025-06-09 15:11,0,准时,0,客户自提
DLV-04409,WO-202506-07395,C007,东风乘用车,2025-06-21 11:00,2025-06-05 03:19,2025-06-05 21:19,0,准时,0,客户自提
DLV-04410,WO-202506-07396,C008,吉利商用车,2025-06-13 16:00,2025-06-09 23:57,2025-06-12 11:57,0,准时,0,顺丰
DLV-04411,WO-202506-07398,C004,麦格纳,2025-06-16 17:00,2025-06-05 05:06,2025-06-06 11:06,0,准时,0,京东物流
DLV-04412,WO-202506-07399,C004,麦格纳,2025-06-14 11:00,2025-06-07 12:40,2025-06-07 23:40,0,准时,0,中通
DLV-04413,WO-202506-07401,C011,比亚迪事业群,2025-06-21 16:00,2025-06-03 06:51,2025-06-05 17:51,0,准时,0,顺丰
DLV-04414,WO-202506-07402,C001,东风彼欧,2025-06-21 11:00,2025-06-05 09:56,2025-06-06 22:56,0,准时,0,中通
DLV-04415,WO-202506-07403,C007,东风乘用车,2025-06-18 15:00,2025-06-08 11:05,2025-06-09 05:05,0,准时,0,顺丰
DLV-04416,WO-202506-07404,C004,麦格纳,2025-06-12 09:00,2025-06-07 12:39,2025-06-10 04:39,0,准时,0,中通
DLV-04417,WO-202506-07405,C001,东风彼欧,2025-06-25 12:00,2025-06-07 03:31,2025-06-08 02:31,0,准时,0,中通
DLV-04418,WO-202506-07407,C008,吉利商用车,2025-06-09 11:00,2025-06-04 08:54,2025-06-05 03:54,0,准时,0,顺丰
DLV-04419,WO-202506-07409,C004,麦格纳,2025-06-18 11:00,2025-06-07 18:46,2025-06-08 12:46,0,准时,0,自配送
DLV-04420,WO-202506-07410,C008,吉利商用车,2025-06-24 16:00,2025-06-09 18:24,2025-06-11 17:24,0,准时,0,客户自提
DLV-04421,WO-202506-07414,C005,本田汽配,2025-06-12 16:00,2025-06-07 05:44,2025-06-09 11:44,0,准时,0,顺丰
DLV-04422,WO-202506-07415,C002,伟世通,2025-06-26 14:00,2025-06-10 03:51,2025-06-11 10:51,0,准时,0,京东物流
DLV-04423,WO-202506-07416,C010,长城精工,2025-06-19 08:00,2025-06-03 08:22,2025-06-04 19:22,0,准时,0,顺丰
DLV-04424,WO-202506-07418,C003,佛吉亚,2025-06-15 11:00,2025-06-06 20:33,2025-06-07 23:33,0,准时,0,顺丰
DLV-04425,WO-202506-07419,C001,东风彼欧,2025-06-10 08:00,2025-06-03 15:41,2025-06-05 08:41,0,准时,0,中通
DLV-04426,WO-202506-07427,C009,零跑汽车,2025-06-24 17:00,2025-06-04 20:46,2025-06-05 19:46,0,准时,0,自配送
DLV-04427,WO-202506-07430,C009,零跑汽车,2025-06-18 10:00,2025-06-08 15:19,2025-06-11 05:19,0,准时,0,自配送
DLV-04428,WO-202506-07431,C010,长城精工,2025-06-13 18:00,2025-06-09 02:58,2025-06-11 03:58,0,准时,0,京东物流
DLV-04429,WO-202506-07432,C003,佛吉亚,2025-06-14 14:00,2025-06-06 03:36,2025-06-08 08:36,0,准时,0,顺丰
DLV-04430,WO-202506-07434,C005,本田汽配,2025-06-18 10:00,2025-06-07 22:43,2025-06-08 14:43,0,准时,0,客户自提
DLV-04431,WO-202506-07436,C002,伟世通,2025-06-14 15:00,2025-06-08 15:17,2025-06-09 12:17,0,准时,0,客户自提
DLV-04432,WO-202506-07437,C008,吉利商用车,2025-06-14 17:00,2025-06-08 06:27,2025-06-10 02:27,0,准时,0,顺丰
DLV-04433,WO-202506-07438,C004,麦格纳,2025-06-16 14:00,2025-06-06 19:42,2025-06-07 09:42,0,准时,0,顺丰
DLV-04434,WO-202507-07439,C010,长城精工,2025-07-23 16:00,2025-07-06 15:43,2025-07-08 02:43,0,准时,0,客户自提
DLV-04435,WO-202507-07442,C001,东风彼欧,2025-07-19 08:00,2025-07-06 19:29,2025-07-08 12:29,0,准时,0,京东物流
DLV-04436,WO-202507-07444,C007,东风乘用车,2025-07-10 08:00,2025-07-05 10:04,2025-07-07 04:04,0,准时,0,中通
DLV-04437,WO-202507-07445,C007,东风乘用车,2025-07-19 17:00,2025-07-04 23:30,2025-07-05 08:30,0,准时,0,顺丰
DLV-04438,WO-202507-07446,C011,比亚迪事业群,2025-07-23 11:00,2025-07-07 10:30,2025-07-08 04:30,0,准时,0,京东物流
DLV-04439,WO-202507-07447,C003,佛吉亚,2025-07-24 09:00,2025-07-06 03:35,2025-07-07 17:35,0,准时,0,顺丰
DLV-04440,WO-202507-07450,C008,吉利商用车,2025-07-12 12:00,2025-07-05 20:16,2025-07-06 07:16,0,准时,0,京东物流
DLV-04441,WO-202507-07451,C011,比亚迪事业群,2025-07-26 18:00,2025-07-08 08:24,2025-07-10 01:24,0,准时,0,自配送
DLV-04442,WO-202507-07453,C007,东风乘用车,2025-07-14 11:00,2025-07-07 00:58,2025-07-08 22:58,0,准时,0,客户自提
DLV-04443,WO-202507-07454,C001,东风彼欧,2025-07-11 11:00,2025-07-04 09:36,2025-07-06 13:36,0,准时,0,中通
DLV-04444,WO-202507-07457,C009,零跑汽车,2025-07-12 11:00,2025-07-06 04:29,2025-07-09 04:29,0,准时,0,自配送
DLV-04445,WO-202507-07458,C010,长城精工,2025-07-17 13:00,2025-07-07 03:43,2025-07-09 13:43,0,准时,0,客户自提
DLV-04446,WO-202507-07460,C004,麦格纳,2025-07-15 13:00,2025-07-04 01:54,2025-07-05 05:54,0,准时,0,客户自提
DLV-04447,WO-202507-07463,C012,小鹏汽车,2025-07-12 11:00,2025-07-07 10:04,2025-07-09 03:04,0,准时,0,自配送
DLV-04448,WO-202507-07464,C001,东风彼欧,2025-07-10 12:00,2025-07-05 05:13,2025-07-06 07:13,0,准时,0,中通
DLV-04449,WO-202507-07465,C003,佛吉亚,2025-07-16 13:00,2025-07-07 05:41,2025-07-08 09:41,0,准时,0,顺丰
DLV-04450,WO-202507-07466,C003,佛吉亚,2025-07-11 11:00,2025-07-08 01:46,2025-07-09 03:46,0,准时,0,中通
DLV-04451,WO-202507-07471,C003,佛吉亚,2025-07-22 13:00,2025-07-03 20:46,2025-07-05 14:46,0,准时,0,京东物流
DLV-04452,WO-202507-07472,C002,伟世通,2025-07-17 15:00,2025-07-05 20:24,2025-07-07 20:24,0,准时,0,自配送
DLV-04453,WO-202507-07473,C009,零跑汽车,2025-07-13 14:00,2025-07-06 08:10,2025-07-08 15:10,0,准时,0,中通
DLV-04454,WO-202507-07474,C011,比亚迪事业群,2025-07-21 09:00,2025-07-08 09:22,2025-07-10 12:22,0,准时,0,顺丰
DLV-04455,WO-202507-07475,C003,佛吉亚,2025-07-23 14:00,2025-07-06 19:58,2025-07-08 11:58,0,准时,0,中通
DLV-04456,WO-202507-07477,C011,比亚迪事业群,2025-07-16 12:00,2025-07-06 20:07,2025-07-07 21:07,0,准时,0,自配送
DLV-04457,WO-202507-07480,C003,佛吉亚,2025-07-22 08:00,2025-07-09 05:34,2025-07-11 04:34,0,准时,0,自配送
DLV-04458,WO-202507-07482,C001,东风彼欧,2025-07-16 17:00,2025-07-09 02:26,2025-07-09 15:26,0,准时,0,顺丰
DLV-04459,WO-202507-07483,C008,吉利商用车,2025-07-17 14:00,2025-07-06 20:05,2025-07-09 01:05,0,准时,0,客户自提
DLV-04460,WO-202507-07484,C010,长城精工,2025-07-23 12:00,2025-07-06 13:27,2025-07-07 00:27,0,准时,0,中通
DLV-04461,WO-202507-07485,C008,吉利商用车,2025-07-25 17:00,2025-07-08 14:20,2025-07-10 12:20,0,准时,0,京东物流
DLV-04462,WO-202507-07486,C010,长城精工,2025-07-13 11:00,2025-07-07 20:58,2025-07-09 08:58,0,准时,0,京东物流
DLV-04463,WO-202507-07489,C006,岚图汽车,2025-07-18 18:00,2025-07-06 00:52,2025-07-06 14:52,0,准时,0,自配送
DLV-04464,WO-202507-07492,C001,东风彼欧,2025-07-19 11:00,2025-07-06 16:00,2025-07-07 20:00,0,准时,0,自配送
DLV-04465,WO-202507-07493,C004,麦格纳,2025-07-16 15:00,2025-07-08 00:48,2025-07-10 01:48,0,准时,0,中通
DLV-04466,WO-202507-07496,C010,长城精工,2025-07-21 09:00,2025-07-09 05:16,2025-07-11 07:16,0,准时,0,自配送
DLV-04467,WO-202507-07499,C010,长城精工,2025-07-18 13:00,2025-07-05 19:28,2025-07-07 20:28,0,准时,0,客户自提
DLV-04468,WO-202507-07500,C003,佛吉亚,2025-07-11 08:00,2025-07-04 12:49,2025-07-06 10:49,0,准时,0,京东物流
DLV-04469,WO-202507-07502,C001,东风彼欧,2025-07-18 12:00,2025-07-04 02:54,2025-07-06 21:54,0,准时,0,顺丰
DLV-04470,WO-202507-07503,C001,东风彼欧,2025-07-25 17:00,2025-07-09 15:55,2025-07-12 14:55,0,准时,0,中通
DLV-04471,WO-202507-07505,C009,零跑汽车,2025-07-16 15:00,2025-07-10 04:16,2025-07-10 15:16,0,准时,0,京东物流
DLV-04472,WO-202507-07506,C010,长城精工,2025-07-16 18:00,2025-07-08 10:45,2025-07-11 10:45,0,准时,0,自配送
DLV-04473,WO-202507-07508,C008,吉利商用车,2025-07-11 08:00,2025-07-07 11:17,2025-07-07 23:17,0,准时,0,客户自提
DLV-04474,WO-202507-07510,C002,伟世通,2025-07-17 12:00,2025-07-07 10:37,2025-07-10 09:37,0,准时,0,顺丰
DLV-04475,WO-202507-07512,C012,小鹏汽车,2025-07-23 18:00,2025-07-10 13:10,2025-07-11 12:10,0,准时,0,顺丰
DLV-04476,WO-202507-07513,C010,长城精工,2025-07-22 14:00,2025-07-08 11:12,2025-07-10 18:12,0,准时,0,顺丰
DLV-04477,WO-202507-07514,C012,小鹏汽车,2025-07-13 09:00,2025-07-09 04:06,2025-07-11 19:06,0,准时,0,自配送
DLV-04478,WO-202507-07516,C006,岚图汽车,2025-07-20 14:00,2025-07-07 15:07,2025-07-09 22:07,0,准时,0,中通
DLV-04479,WO-202507-07517,C004,麦格纳,2025-07-20 18:00,2025-07-07 00:13,2025-07-07 19:13,0,准时,0,顺丰
DLV-04480,WO-202507-07523,C008,吉利商用车,2025-07-14 16:00,2025-07-07 08:42,2025-07-07 21:42,0,准时,0,京东物流
DLV-04481,WO-202507-07524,C008,吉利商用车,2025-07-16 12:00,2025-07-07 19:52,2025-07-10 04:52,0,准时,0,自配送
DLV-04482,WO-202507-07525,C012,小鹏汽车,2025-07-15 11:00,2025-07-06 23:29,2025-07-07 14:29,0,准时,0,自配送
DLV-04483,WO-202507-07526,C009,零跑汽车,2025-07-16 11:00,2025-07-09 04:37,2025-07-10 11:37,0,准时,0,中通
DLV-04484,WO-202507-07527,C010,长城精工,2025-07-08 17:00,2025-07-03 06:08,2025-07-05 17:08,0,准时,0,客户自提
DLV-04485,WO-202507-07528,C004,麦格纳,2025-07-15 10:00,2025-07-09 04:19,2025-07-11 17:19,0,准时,0,京东物流
DLV-04486,WO-202507-07530,C007,东风乘用车,2025-07-26 12:00,2025-07-10 03:34,2025-07-12 11:34,0,准时,0,客户自提
DLV-04487,WO-202507-07531,C003,佛吉亚,2025-07-12 16:00,2025-07-06 03:37,2025-07-08 06:37,0,准时,0,京东物流
DLV-04488,WO-202507-07535,C010,长城精工,2025-07-12 12:00,2025-07-04 00:30,2025-07-06 09:30,0,准时,0,顺丰
DLV-04489,WO-202507-07536,C003,佛吉亚,2025-07-24 15:00,2025-07-08 12:09,2025-07-11 08:09,0,准时,0,自配送
DLV-04490,WO-202507-07537,C011,比亚迪事业群,2025-07-27 08:00,2025-07-07 16:44,2025-07-09 05:44,0,准时,0,中通
DLV-04491,WO-202507-07538,C004,麦格纳,2025-07-27 15:00,2025-07-09 13:39,2025-07-10 01:39,0,准时,0,自配送
DLV-04492,WO-202507-07540,C010,长城精工,2025-07-20 18:00,2025-07-09 08:00,2025-07-09 17:00,0,准时,0,自配送
DLV-04493,WO-202507-07541,C004,麦格纳,2025-07-23 09:00,2025-07-10 01:28,2025-07-12 03:28,0,准时,0,自配送
DLV-04494,WO-202507-07542,C004,麦格纳,2025-07-12 14:00,2025-07-03 20:09,2025-07-06 15:09,0,准时,0,客户自提
DLV-04495,WO-202507-07545,C010,长城精工,2025-07-25 11:00,2025-07-08 05:11,2025-07-09 02:11,0,准时,0,顺丰
DLV-04496,WO-202507-07546,C001,东风彼欧,2025-07-17 10:00,2025-07-10 00:22,2025-07-11 06:22,0,准时,0,客户自提
DLV-04497,WO-202507-07548,C002,伟世通,2025-07-15 15:00,2025-07-08 06:33,2025-07-09 20:33,0,准时,0,自配送
DLV-04498,WO-202507-07549,C008,吉利商用车,2025-07-23 10:00,2025-07-05 13:20,2025-07-08 09:20,0,准时,0,中通
DLV-04499,WO-202507-07550,C001,东风彼欧,2025-07-21 18:00,2025-07-07 22:21,2025-07-09 20:21,0,准时,0,顺丰
DLV-04500,WO-202507-07554,C006,岚图汽车,2025-07-11 13:00,2025-07-07 22:05,2025-07-08 10:05,0,准时,0,顺丰
DLV-04501,WO-202507-07555,C004,麦格纳,2025-07-24 18:00,2025-07-04 18:56,2025-07-06 03:56,0,准时,0,顺丰
DLV-04502,WO-202507-07558,C011,比亚迪事业群,2025-07-12 17:00,2025-07-05 19:20,2025-07-08 01:20,0,准时,0,京东物流
DLV-04503,WO-202507-07559,C004,麦格纳,2025-07-21 17:00,2025-07-09 01:02,2025-07-09 22:02,0,准时,0,中通
DLV-04504,WO-202507-07561,C012,小鹏汽车,2025-07-11 10:00,2025-07-04 08:03,2025-07-06 04:03,0,准时,0,中通
DLV-04505,WO-202507-07563,C006,岚图汽车,2025-07-18 14:00,2025-07-09 05:40,2025-07-09 19:40,0,准时,0,顺丰
DLV-04506,WO-202507-07564,C002,伟世通,2025-07-25 14:00,2025-07-08 13:35,2025-07-10 10:35,0,准时,0,顺丰
DLV-04507,WO-202507-07566,C008,吉利商用车,2025-07-12 10:00,2025-07-05 18:11,2025-07-08 10:11,0,准时,0,顺丰
DLV-04508,WO-202507-07567,C006,岚图汽车,2025-07-12 17:00,2025-07-06 19:49,2025-07-08 15:49,0,准时,0,自配送
DLV-04509,WO-202507-07569,C003,佛吉亚,2025-07-13 13:00,2025-07-09 09:01,2025-07-12 09:01,0,准时,0,京东物流
DLV-04510,WO-202507-07570,C011,比亚迪事业群,2025-07-18 18:00,2025-07-04 06:23,2025-07-07 02:23,0,准时,0,自配送
DLV-04511,WO-202507-07571,C004,麦格纳,2025-07-20 16:00,2025-07-03 20:27,2025-07-05 21:27,0,准时,0,自配送
DLV-04512,WO-202507-07572,C012,小鹏汽车,2025-07-10 18:00,2025-07-06 23:59,2025-07-08 12:59,0,准时,0,京东物流
DLV-04513,WO-202507-07573,C009,零跑汽车,2025-07-20 09:00,2025-07-05 07:33,2025-07-06 11:33,0,准时,0,客户自提
DLV-04514,WO-202507-07575,C012,小鹏汽车,2025-07-16 15:00,2025-07-07 11:45,2025-07-09 03:45,0,准时,0,自配送
DLV-04515,WO-202507-07576,C001,东风彼欧,2025-07-15 16:00,2025-07-05 00:44,2025-07-06 18:44,0,准时,0,顺丰
DLV-04516,WO-202507-07577,C003,佛吉亚,2025-07-23 10:00,2025-07-08 17:24,2025-07-09 22:24,0,准时,0,京东物流
DLV-04517,WO-202507-07578,C002,伟世通,2025-07-25 13:00,2025-07-09 04:51,2025-07-10 12:51,0,准时,0,中通
DLV-04518,WO-202507-07580,C010,长城精工,2025-07-21 10:00,2025-07-05 22:31,2025-07-06 11:31,0,准时,0,客户自提
DLV-04519,WO-202507-07583,C008,吉利商用车,2025-07-17 16:00,2025-07-04 00:41,2025-07-06 05:41,0,准时,0,自配送
DLV-04520,WO-202507-07584,C007,东风乘用车,2025-07-13 10:00,2025-07-09 10:25,2025-07-10 03:25,0,准时,0,顺丰
DLV-04521,WO-202507-07585,C003,佛吉亚,2025-07-11 08:00,2025-07-05 23:36,2025-07-08 13:36,0,准时,0,客户自提
DLV-04522,WO-202507-07586,C004,麦格纳,2025-07-24 13:00,2025-07-06 04:21,2025-07-09 00:21,0,准时,0,顺丰
DLV-04523,WO-202507-07588,C009,零跑汽车,2025-07-23 08:00,2025-07-05 04:31,2025-07-08 00:31,0,准时,0,自配送
DLV-04524,WO-202507-07589,C005,本田汽配,2025-07-22 11:00,2025-07-10 04:12,2025-07-12 05:12,0,准时,0,客户自提
DLV-04525,WO-202507-07592,C002,伟世通,2025-07-10 18:00,2025-07-06 21:34,2025-07-08 12:34,0,准时,0,客户自提
DLV-04526,WO-202507-07594,C001,东风彼欧,2025-07-10 12:00,2025-07-05 17:15,2025-07-06 19:15,0,准时,0,中通
DLV-04527,WO-202507-07595,C012,小鹏汽车,2025-07-21 11:00,2025-07-06 12:55,2025-07-08 06:55,0,准时,0,客户自提
DLV-04528,WO-202507-07597,C009,零跑汽车,2025-07-16 12:00,2025-07-07 02:52,2025-07-08 00:52,0,准时,0,客户自提
DLV-04529,WO-202507-07599,C008,吉利商用车,2025-07-24 17:00,2025-07-10 16:15,2025-07-12 02:15,0,准时,0,中通
DLV-04530,WO-202507-07600,C004,麦格纳,2025-07-12 11:00,2025-07-06 08:37,2025-07-08 13:37,0,准时,0,自配送
DLV-04531,WO-202507-07601,C011,比亚迪事业群,2025-07-15 14:00,2025-07-05 13:37,2025-07-06 05:37,0,准时,0,客户自提
DLV-04532,WO-202507-07604,C004,麦格纳,2025-07-15 14:00,2025-07-07 10:47,2025-07-09 05:47,0,准时,0,京东物流
DLV-04533,WO-202507-07605,C006,岚图汽车,2025-07-25 15:00,2025-07-07 22:12,2025-07-09 00:12,0,准时,0,京东物流
DLV-04534,WO-202507-07607,C005,本田汽配,2025-07-16 10:00,2025-07-09 18:31,2025-07-12 01:31,0,准时,0,京东物流
DLV-04535,WO-202507-07608,C009,零跑汽车,2025-07-13 16:00,2025-07-05 14:25,2025-07-07 21:25,0,准时,0,顺丰
DLV-04536,WO-202507-07609,C011,比亚迪事业群,2025-07-22 12:00,2025-07-04 18:10,2025-07-06 05:10,0,准时,0,顺丰
DLV-04537,WO-202507-07610,C011,比亚迪事业群,2025-07-18 13:00,2025-07-07 15:42,2025-07-09 19:42,0,准时,0,自配送
DLV-04538,WO-202507-07611,C003,佛吉亚,2025-07-14 08:00,2025-07-09 09:09,2025-07-09 21:09,0,准时,0,客户自提
DLV-04539,WO-202507-07617,C009,零跑汽车,2025-07-23 10:00,2025-07-05 23:31,2025-07-08 22:31,0,准时,0,京东物流
DLV-04540,WO-202507-07618,C005,本田汽配,2025-07-14 10:00,2025-07-09 01:28,2025-07-10 03:28,0,准时,0,自配送
DLV-04541,WO-202507-07619,C008,吉利商用车,2025-07-20 18:00,2025-07-07 02:21,2025-07-09 03:21,0,准时,0,中通
DLV-04542,WO-202507-07620,C007,东风乘用车,2025-07-21 16:00,2025-07-03 09:00,2025-07-04 17:00,0,准时,0,自配送
DLV-04543,WO-202507-07622,C008,吉利商用车,2025-07-19 18:00,2025-07-06 20:57,2025-07-09 04:57,0,准时,0,客户自提
DLV-04544,WO-202507-07624,C012,小鹏汽车,2025-07-11 17:00,2025-07-07 21:45,2025-07-08 22:45,0,准时,0,自配送
DLV-04545,WO-202507-07625,C003,佛吉亚,2025-07-19 18:00,2025-07-08 18:48,2025-07-11 10:48,0,准时,0,客户自提
DLV-04546,WO-202507-07626,C004,麦格纳,2025-07-12 18:00,2025-07-04 20:21,2025-07-06 03:21,0,准时,0,顺丰
DLV-04547,WO-202507-07631,C012,小鹏汽车,2025-07-18 10:00,2025-07-08 02:06,2025-07-10 14:06,0,准时,0,客户自提
DLV-04548,WO-202507-07633,C006,岚图汽车,2025-07-23 18:00,2025-07-05 02:09,2025-07-05 12:09,0,准时,0,自配送
DLV-04549,WO-202507-07636,C005,本田汽配,2025-07-16 14:00,2025-07-05 03:12,2025-07-07 00:12,0,准时,0,客户自提
DLV-04550,WO-202507-07637,C009,零跑汽车,2025-07-11 08:00,2025-07-05 04:12,2025-07-06 19:12,0,准时,0,京东物流
DLV-04551,WO-202507-07638,C004,麦格纳,2025-07-13 12:00,2025-07-04 15:09,2025-07-05 22:09,0,准时,0,顺丰
DLV-04552,WO-202507-07640,C003,佛吉亚,2025-07-23 18:00,2025-07-10 04:01,2025-07-11 12:01,0,准时,0,京东物流
DLV-04553,WO-202507-07641,C004,麦格纳,2025-07-23 10:00,2025-07-07 00:39,2025-07-07 15:39,0,准时,0,客户自提
DLV-04554,WO-202507-07642,C009,零跑汽车,2025-07-15 11:00,2025-07-06 12:16,2025-07-08 20:16,0,准时,0,京东物流
DLV-04555,WO-202507-07643,C009,零跑汽车,2025-07-23 09:00,2025-07-04 11:23,2025-07-06 18:23,0,准时,0,京东物流
DLV-04556,WO-202507-07644,C010,长城精工,2025-07-22 16:00,2025-07-05 17:22,2025-07-06 02:22,0,准时,0,中通
DLV-04557,WO-202507-07646,C003,佛吉亚,2025-07-13 15:00,2025-07-08 13:55,2025-07-10 10:55,0,准时,0,京东物流
DLV-04558,WO-202507-07647,C008,吉利商用车,2025-07-18 18:00,2025-07-06 03:13,2025-07-08 14:13,0,准时,0,自配送
DLV-04559,WO-202507-07649,C001,东风彼欧,2025-07-19 17:00,2025-07-06 14:32,2025-07-09 03:32,0,准时,0,中通
DLV-04560,WO-202507-07650,C003,佛吉亚,2025-07-19 09:00,2025-07-04 06:17,2025-07-06 02:17,0,准时,0,客户自提
DLV-04561,WO-202507-07652,C012,小鹏汽车,2025-07-13 17:00,2025-07-09 17:58,2025-07-12 15:58,0,准时,0,京东物流
DLV-04562,WO-202507-07653,C008,吉利商用车,2025-07-15 18:00,2025-07-07 02:46,2025-07-08 08:46,0,准时,0,京东物流
DLV-04563,WO-202507-07654,C003,佛吉亚,2025-07-13 09:00,2025-07-09 05:49,2025-07-09 15:49,0,准时,0,中通
DLV-04564,WO-202507-07656,C002,伟世通,2025-07-15 17:00,2025-07-08 08:48,2025-07-09 02:48,0,准时,0,京东物流
DLV-04565,WO-202507-07657,C006,岚图汽车,2025-07-21 18:00,2025-07-09 20:50,2025-07-10 09:50,0,准时,0,京东物流
DLV-04566,WO-202507-07658,C010,长城精工,2025-07-08 17:00,2025-07-04 12:15,2025-07-05 08:15,0,准时,0,京东物流
DLV-04567,WO-202507-07659,C009,零跑汽车,2025-07-12 11:00,2025-07-04 15:10,2025-07-05 14:10,0,准时,0,京东物流
DLV-04568,WO-202507-07662,C009,零跑汽车,2025-07-15 14:00,2025-07-08 07:03,2025-07-09 12:03,0,准时,0,自配送
DLV-04569,WO-202507-07663,C012,小鹏汽车,2025-07-22 12:00,2025-07-06 19:28,2025-07-07 21:28,0,准时,0,中通
DLV-04570,WO-202507-07664,C003,佛吉亚,2025-07-21 11:00,2025-07-08 04:54,2025-07-09 16:54,0,准时,0,客户自提
DLV-04571,WO-202507-07665,C002,伟世通,2025-07-18 08:00,2025-07-03 22:46,2025-07-05 06:46,0,准时,0,顺丰
DLV-04572,WO-202507-07666,C002,伟世通,2025-07-18 17:00,2025-07-05 14:28,2025-07-08 02:28,0,准时,0,中通
DLV-04573,WO-202507-07668,C001,东风彼欧,2025-07-18 16:00,2025-07-03 21:37,2025-07-06 16:37,0,准时,0,客户自提
DLV-04574,WO-202507-07669,C012,小鹏汽车,2025-07-24 13:00,2025-07-09 21:13,2025-07-12 15:13,0,准时,0,顺丰
DLV-04575,WO-202507-07672,C002,伟世通,2025-07-22 15:00,2025-07-09 09:07,2025-07-11 13:07,0,准时,0,顺丰
DLV-04576,WO-202507-07673,C006,岚图汽车,2025-07-24 14:00,2025-07-07 10:24,2025-07-08 05:24,0,准时,0,中通
DLV-04577,WO-202507-07676,C006,岚图汽车,2025-07-23 09:00,2025-07-07 10:32,2025-07-09 10:32,0,准时,0,中通
DLV-04578,WO-202507-07678,C007,东风乘用车,2025-07-14 13:00,2025-07-09 09:54,2025-07-10 02:54,0,准时,0,京东物流
DLV-04579,WO-202507-07679,C004,麦格纳,2025-07-15 14:00,2025-07-07 08:29,2025-07-09 23:29,0,准时,0,自配送
DLV-04580,WO-202507-07680,C012,小鹏汽车,2025-07-19 12:00,2025-07-07 14:32,2025-07-08 16:32,0,准时,0,顺丰
DLV-04581,WO-202507-07683,C008,吉利商用车,2025-07-20 16:00,2025-07-08 05:22,2025-07-10 23:22,0,准时,0,京东物流
DLV-04582,WO-202507-07684,C010,长城精工,2025-07-14 12:00,2025-07-07 03:30,2025-07-09 19:30,0,准时,0,京东物流
DLV-04583,WO-202507-07685,C003,佛吉亚,2025-07-18 08:00,2025-07-06 23:41,2025-07-09 11:41,0,准时,0,自配送
DLV-04584,WO-202507-07686,C002,伟世通,2025-07-17 17:00,2025-07-08 12:28,2025-07-09 12:28,0,准时,0,自配送
DLV-04585,WO-202507-07688,C008,吉利商用车,2025-07-15 10:00,2025-07-08 05:54,2025-07-10 03:54,0,准时,0,客户自提
DLV-04586,WO-202507-07689,C009,零跑汽车,2025-07-17 14:00,2025-07-04 17:00,2025-07-05 06:00,0,准时,0,客户自提
DLV-04587,WO-202507-07690,C002,伟世通,2025-07-16 15:00,2025-07-07 00:42,2025-07-09 11:42,0,准时,0,顺丰
DLV-04588,WO-202507-07692,C007,东风乘用车,2025-07-15 12:00,2025-07-11 20:38,2025-07-12 20:38,0,准时,0,顺丰
DLV-04589,WO-202507-07694,C002,伟世通,2025-07-21 08:00,2025-07-03 09:29,2025-07-04 07:29,0,准时,0,顺丰
DLV-04590,WO-202507-07695,C007,东风乘用车,2025-07-25 13:00,2025-07-08 22:50,2025-07-09 19:50,0,准时,0,客户自提
DLV-04591,WO-202507-07696,C003,佛吉亚,2025-07-23 13:00,2025-07-07 21:28,2025-07-09 21:28,0,准时,0,中通
DLV-04592,WO-202507-07698,C003,佛吉亚,2025-07-13 17:00,2025-07-07 10:21,2025-07-09 16:21,0,准时,0,顺丰
DLV-04593,WO-202507-07701,C007,东风乘用车,2025-07-17 12:00,2025-07-04 18:46,2025-07-05 02:46,0,准时,0,客户自提
DLV-04594,WO-202507-07702,C005,本田汽配,2025-07-12 10:00,2025-07-03 13:12,2025-07-04 14:12,0,准时,0,京东物流
DLV-04595,WO-202507-07704,C010,长城精工,2025-07-19 12:00,2025-07-08 23:19,2025-07-10 15:19,0,准时,0,自配送
DLV-04596,WO-202507-07705,C004,麦格纳,2025-07-13 12:00,2025-07-09 04:19,2025-07-10 12:19,0,准时,0,京东物流
DLV-04597,WO-202507-07706,C008,吉利商用车,2025-07-09 10:00,2025-07-03 07:08,2025-07-05 21:08,0,准时,0,顺丰
DLV-04598,WO-202507-07707,C011,比亚迪事业群,2025-07-16 11:00,2025-07-04 07:36,2025-07-05 16:36,0,准时,0,顺丰
DLV-04599,WO-202507-07710,C003,佛吉亚,2025-07-16 18:00,2025-07-07 01:35,2025-07-10 01:35,0,准时,0,中通
DLV-04600,WO-202507-07713,C009,零跑汽车,2025-07-26 08:00,2025-07-07 11:41,2025-07-09 06:41,0,准时,0,顺丰
DLV-04601,WO-202507-07714,C012,小鹏汽车,2025-07-11 10:00,2025-07-06 19:53,2025-07-09 02:53,0,准时,0,顺丰
DLV-04602,WO-202507-07716,C005,本田汽配,2025-07-15 14:00,2025-07-08 12:06,2025-07-10 18:06,0,准时,0,京东物流
DLV-04603,WO-202507-07720,C003,佛吉亚,2025-07-21 14:00,2025-07-08 10:20,2025-07-09 14:20,0,准时,0,中通
DLV-04604,WO-202507-07721,C007,东风乘用车,2025-07-21 16:00,2025-07-05 22:59,2025-07-07 15:59,0,准时,0,顺丰
DLV-04605,WO-202507-07722,C005,本田汽配,2025-07-15 08:00,2025-07-04 19:36,2025-07-06 04:36,0,准时,0,京东物流
DLV-04606,WO-202507-07723,C003,佛吉亚,2025-07-10 11:00,2025-07-06 21:28,2025-07-08 08:28,0,准时,0,客户自提
DLV-04607,WO-202507-07725,C012,小鹏汽车,2025-07-20 10:00,2025-07-04 21:13,2025-07-06 22:13,0,准时,0,自配送
DLV-04608,WO-202507-07727,C012,小鹏汽车,2025-07-16 18:00,2025-07-06 12:01,2025-07-07 22:01,0,准时,0,中通
DLV-04609,WO-202507-07729,C010,长城精工,2025-07-10 18:00,2025-07-04 20:15,2025-07-05 13:15,0,准时,0,客户自提
DLV-04610,WO-202507-07730,C008,吉利商用车,2025-07-11 11:00,2025-07-06 11:49,2025-07-07 07:49,0,准时,0,京东物流
DLV-04611,WO-202507-07732,C012,小鹏汽车,2025-07-26 09:00,2025-07-09 04:07,2025-07-10 20:07,0,准时,0,京东物流
DLV-04612,WO-202507-07733,C003,佛吉亚,2025-07-14 10:00,2025-07-06 03:46,2025-07-08 17:46,0,准时,0,顺丰
DLV-04613,WO-202507-07735,C004,麦格纳,2025-07-20 14:00,2025-07-07 17:32,2025-07-09 07:32,0,准时,0,自配送
DLV-04614,WO-202507-07736,C011,比亚迪事业群,2025-07-19 09:00,2025-07-09 09:55,2025-07-10 08:55,0,准时,0,自配送
DLV-04615,WO-202507-07737,C010,长城精工,2025-07-11 18:00,2025-07-03 22:46,2025-07-05 00:46,0,准时,0,自配送
DLV-04616,WO-202507-07738,C010,长城精工,2025-07-15 15:00,2025-07-06 17:13,2025-07-07 18:13,0,准时,0,自配送
DLV-04617,WO-202507-07739,C001,东风彼欧,2025-07-15 08:00,2025-07-09 03:00,2025-07-10 20:00,0,准时,0,客户自提
DLV-04618,WO-202507-07741,C002,伟世通,2025-07-15 08:00,2025-07-06 16:08,2025-07-09 11:08,0,准时,0,自配送
DLV-04619,WO-202507-07743,C001,东风彼欧,2025-07-08 13:00,2025-07-03 01:31,2025-07-04 00:31,0,准时,0,客户自提
DLV-04620,WO-202507-07745,C008,吉利商用车,2025-07-14 18:00,2025-07-08 14:01,2025-07-10 21:01,0,准时,0,客户自提
DLV-04621,WO-202507-07746,C005,本田汽配,2025-07-23 10:00,2025-07-07 02:55,2025-07-08 23:55,0,准时,0,京东物流
DLV-04622,WO-202507-07747,C010,长城精工,2025-07-17 12:00,2025-07-03 08:40,2025-07-04 10:40,0,准时,0,中通
DLV-04623,WO-202507-07749,C006,岚图汽车,2025-07-24 14:00,2025-07-07 20:03,2025-07-09 14:03,0,准时,0,京东物流
DLV-04624,WO-202507-07750,C001,东风彼欧,2025-07-17 10:00,2025-07-07 11:29,2025-07-08 18:29,0,准时,0,自配送
DLV-04625,WO-202507-07751,C004,麦格纳,2025-07-16 11:00,2025-07-05 13:43,2025-07-08 00:43,0,准时,0,自配送
DLV-04626,WO-202507-07752,C005,本田汽配,2025-07-21 17:00,2025-07-09 00:25,2025-07-11 12:25,0,准时,0,自配送
DLV-04627,WO-202507-07755,C011,比亚迪事业群,2025-07-22 12:00,2025-07-05 03:12,2025-07-05 18:12,0,准时,0,中通
DLV-04628,WO-202507-07756,C005,本田汽配,2025-07-22 16:00,2025-07-07 16:40,2025-07-08 10:40,0,准时,0,京东物流
DLV-04629,WO-202507-07758,C007,东风乘用车,2025-07-12 15:00,2025-07-07 07:02,2025-07-07 21:02,0,准时,0,京东物流
DLV-04630,WO-202507-07760,C005,本田汽配,2025-07-21 08:00,2025-07-08 14:55,2025-07-11 09:55,0,准时,0,顺丰
DLV-04631,WO-202507-07761,C010,长城精工,2025-07-17 10:00,2025-07-06 04:47,2025-07-08 21:47,0,准时,0,京东物流
DLV-04632,WO-202507-07763,C002,伟世通,2025-07-11 18:00,2025-07-02 23:06,2025-07-04 04:06,0,准时,0,中通
DLV-04633,WO-202507-07765,C007,东风乘用车,2025-07-13 11:00,2025-07-08 12:27,2025-07-10 21:27,0,准时,0,顺丰
DLV-04634,WO-202507-07769,C001,东风彼欧,2025-07-13 11:00,2025-07-09 04:34,2025-07-10 06:34,0,准时,0,客户自提
DLV-04635,WO-202507-07770,C002,伟世通,2025-07-09 17:00,2025-07-05 07:56,2025-07-06 01:56,0,准时,0,中通
DLV-04636,WO-202507-07771,C011,比亚迪事业群,2025-07-17 13:00,2025-07-07 13:35,2025-07-08 21:35,0,准时,0,自配送
DLV-04637,WO-202507-07772,C007,东风乘用车,2025-07-19 08:00,2025-07-08 07:14,2025-07-10 22:14,0,准时,0,顺丰
DLV-04638,WO-202507-07773,C003,佛吉亚,2025-07-16 11:00,2025-07-05 23:10,2025-07-08 22:10,0,准时,0,京东物流
DLV-04639,WO-202507-07776,C006,岚图汽车,2025-07-20 17:00,2025-07-08 05:06,2025-07-10 04:06,0,准时,0,顺丰
DLV-04640,WO-202507-07777,C004,麦格纳,2025-07-20 16:00,2025-07-06 06:14,2025-07-08 07:14,0,准时,0,顺丰
DLV-04641,WO-202507-07779,C001,东风彼欧,2025-07-12 18:00,2025-07-04 21:11,2025-07-05 18:11,0,准时,0,京东物流
DLV-04642,WO-202507-07783,C005,本田汽配,2025-07-13 11:00,2025-07-07 11:36,2025-07-10 08:36,0,准时,0,京东物流
DLV-04643,WO-202507-07785,C005,本田汽配,2025-07-11 14:00,2025-07-05 14:10,2025-07-08 11:10,0,准时,0,自配送
DLV-04644,WO-202507-07786,C004,麦格纳,2025-07-14 16:00,2025-07-03 03:51,2025-07-04 15:51,0,准时,0,京东物流
DLV-04645,WO-202507-07787,C008,吉利商用车,2025-07-20 11:00,2025-07-08 22:23,2025-07-09 21:23,0,准时,0,京东物流
DLV-04646,WO-202507-07788,C011,比亚迪事业群,2025-07-20 11:00,2025-07-07 14:53,2025-07-07 22:53,0,准时,0,客户自提
DLV-04647,WO-202507-07791,C003,佛吉亚,2025-07-22 11:00,2025-07-08 16:11,2025-07-09 23:11,0,准时,0,京东物流
DLV-04648,WO-202507-07792,C006,岚图汽车,2025-07-14 09:00,2025-07-04 09:37,2025-07-05 23:37,0,准时,0,自配送
DLV-04649,WO-202507-07793,C007,东风乘用车,2025-07-26 15:00,2025-07-07 22:51,2025-07-09 01:51,0,准时,0,客户自提
DLV-04650,WO-202507-07795,C012,小鹏汽车,2025-07-15 15:00,2025-07-03 16:40,2025-07-04 19:40,0,准时,0,京东物流
DLV-04651,WO-202507-07797,C011,比亚迪事业群,2025-07-24 09:00,2025-07-09 12:23,2025-07-10 00:23,0,准时,0,客户自提
DLV-04652,WO-202507-07798,C008,吉利商用车,2025-07-20 11:00,2025-07-04 09:46,2025-07-06 11:46,0,准时,0,客户自提
DLV-04653,WO-202507-07799,C009,零跑汽车,2025-07-21 17:00,2025-07-05 02:48,2025-07-06 13:48,0,准时,0,顺丰
DLV-04654,WO-202507-07800,C006,岚图汽车,2025-07-19 16:00,2025-07-05 02:32,2025-07-07 23:32,0,准时,0,中通
DLV-04655,WO-202507-07801,C012,小鹏汽车,2025-07-14 15:00,2025-07-10 13:33,2025-07-12 15:33,0,准时,0,顺丰
DLV-04656,WO-202507-07802,C010,长城精工,2025-07-12 11:00,2025-07-05 19:29,2025-07-06 14:29,0,准时,0,中通
DLV-04657,WO-202507-07803,C007,东风乘用车,2025-07-10 09:00,2025-07-02 19:51,2025-07-04 11:51,0,准时,0,中通
DLV-04658,WO-202507-07804,C004,麦格纳,2025-07-16 12:00,2025-07-05 10:48,2025-07-08 10:48,0,准时,0,客户自提
DLV-04659,WO-202507-07805,C011,比亚迪事业群,2025-07-17 18:00,2025-07-09 18:39,2025-07-12 10:39,0,准时,0,客户自提
DLV-04660,WO-202507-07807,C003,佛吉亚,2025-07-13 12:00,2025-07-04 12:01,2025-07-05 08:01,0,准时,0,客户自提
DLV-04661,WO-202507-07808,C009,零跑汽车,2025-07-18 09:00,2025-07-06 09:34,2025-07-06 22:34,0,准时,0,自配送
DLV-04662,WO-202507-07810,C012,小鹏汽车,2025-07-14 09:00,2025-07-08 03:02,2025-07-10 20:02,0,准时,0,客户自提
DLV-04663,WO-202507-07812,C005,本田汽配,2025-07-24 09:00,2025-07-06 09:36,2025-07-07 11:36,0,准时,0,中通
DLV-04664,WO-202507-07813,C009,零跑汽车,2025-07-16 09:00,2025-07-05 20:07,2025-07-07 09:07,0,准时,0,客户自提
DLV-04665,WO-202507-07814,C009,零跑汽车,2025-07-11 10:00,2025-07-04 08:25,2025-07-05 05:25,0,准时,0,京东物流
DLV-04666,WO-202507-07816,C006,岚图汽车,2025-07-12 18:00,2025-07-06 23:48,2025-07-09 15:48,0,准时,0,自配送
DLV-04667,WO-202507-07818,C008,吉利商用车,2025-07-25 16:00,2025-07-10 17:58,2025-07-12 04:58,0,准时,0,客户自提
DLV-04668,WO-202507-07819,C001,东风彼欧,2025-07-14 16:00,2025-07-04 10:06,2025-07-06 21:06,0,准时,0,中通
DLV-04669,WO-202507-07820,C005,本田汽配,2025-07-14 15:00,2025-07-05 07:34,2025-07-06 05:34,0,准时,0,自配送
DLV-04670,WO-202507-07821,C001,东风彼欧,2025-07-15 16:00,2025-07-06 00:35,2025-07-07 07:35,0,准时,0,自配送
DLV-04671,WO-202507-07823,C006,岚图汽车,2025-07-20 16:00,2025-07-05 04:42,2025-07-07 11:42,0,准时,0,顺丰
DLV-04672,WO-202507-07826,C007,东风乘用车,2025-07-18 14:00,2025-07-02 19:53,2025-07-03 13:53,0,准时,0,中通
DLV-04673,WO-202507-07827,C004,麦格纳,2025-07-17 14:00,2025-07-10 14:08,2025-07-11 11:08,0,准时,0,顺丰
DLV-04674,WO-202507-07829,C003,佛吉亚,2025-07-14 14:00,2025-07-05 07:18,2025-07-08 07:18,0,准时,0,客户自提
DLV-04675,WO-202507-07835,C004,麦格纳,2025-07-24 17:00,2025-07-07 10:10,2025-07-08 05:10,0,准时,0,顺丰
DLV-04676,WO-202507-07836,C004,麦格纳,2025-07-13 11:00,2025-07-04 22:46,2025-07-06 12:46,0,准时,0,京东物流
DLV-04677,WO-202507-07837,C006,岚图汽车,2025-07-18 10:00,2025-07-08 12:25,2025-07-09 13:25,0,准时,0,顺丰
DLV-04678,WO-202507-07839,C002,伟世通,2025-07-19 14:00,2025-07-04 09:40,2025-07-06 23:40,0,准时,0,京东物流
DLV-04679,WO-202507-07841,C010,长城精工,2025-07-12 14:00,2025-07-09 11:07,2025-07-11 21:07,0,准时,0,自配送
DLV-04680,WO-202507-07842,C006,岚图汽车,2025-07-13 11:00,2025-07-08 21:35,2025-07-10 14:35,0,准时,0,京东物流
DLV-04681,WO-202507-07843,C009,零跑汽车,2025-07-21 09:00,2025-07-09 05:22,2025-07-09 18:22,0,准时,0,自配送
DLV-04682,WO-202507-07848,C005,本田汽配,2025-07-17 17:00,2025-07-07 13:25,2025-07-09 09:25,0,准时,0,顺丰
DLV-04683,WO-202507-07849,C001,东风彼欧,2025-07-27 17:00,2025-07-09 21:27,2025-07-10 15:27,0,准时,0,自配送
DLV-04684,WO-202507-07850,C011,比亚迪事业群,2025-07-21 18:00,2025-07-04 22:56,2025-07-05 06:56,0,准时,0,顺丰
DLV-04685,WO-202507-07851,C003,佛吉亚,2025-07-22 15:00,2025-07-09 05:30,2025-07-10 01:30,0,准时,0,中通
DLV-04686,WO-202507-07853,C007,东风乘用车,2025-07-26 08:00,2025-07-08 04:19,2025-07-09 09:19,0,准时,0,客户自提
DLV-04687,WO-202507-07855,C005,本田汽配,2025-07-14 11:00,2025-07-07 03:25,2025-07-09 20:25,0,准时,0,中通
DLV-04688,WO-202507-07858,C006,岚图汽车,2025-07-15 12:00,2025-07-03 21:36,2025-07-05 18:36,0,准时,0,京东物流
DLV-04689,WO-202507-07859,C010,长城精工,2025-07-19 09:00,2025-07-07 08:39,2025-07-08 03:39,0,准时,0,中通
DLV-04690,WO-202507-07860,C001,东风彼欧,2025-07-22 17:00,2025-07-05 10:59,2025-07-08 02:59,0,准时,0,客户自提
DLV-04691,WO-202507-07861,C001,东风彼欧,2025-07-09 12:00,2025-07-02 14:52,2025-07-04 13:52,0,准时,0,自配送
DLV-04692,WO-202507-07864,C006,岚图汽车,2025-07-19 13:00,2025-07-08 09:21,2025-07-09 00:21,0,准时,0,京东物流
DLV-04693,WO-202507-07865,C001,东风彼欧,2025-07-09 08:00,2025-07-05 03:36,2025-07-05 17:36,0,准时,0,自配送
DLV-04694,WO-202507-07866,C012,小鹏汽车,2025-07-12 12:00,2025-07-04 16:07,2025-07-06 00:07,0,准时,0,自配送
DLV-04695,WO-202507-07868,C004,麦格纳,2025-07-19 17:00,2025-07-05 12:13,2025-07-07 14:13,0,准时,0,顺丰
DLV-04696,WO-202507-07869,C007,东风乘用车,2025-07-17 12:00,2025-07-03 22:26,2025-07-04 08:26,0,准时,0,客户自提
DLV-04697,WO-202507-07871,C010,长城精工,2025-07-22 18:00,2025-07-05 10:03,2025-07-06 15:03,0,准时,0,中通
DLV-04698,WO-202507-07873,C002,伟世通,2025-07-12 10:00,2025-07-08 11:07,2025-07-11 00:07,0,准时,0,京东物流
DLV-04699,WO-202507-07875,C010,长城精工,2025-07-17 10:00,2025-07-05 07:27,2025-07-06 20:27,0,准时,0,客户自提
DLV-04700,WO-202507-07877,C006,岚图汽车,2025-07-12 10:00,2025-07-08 09:38,2025-07-10 19:38,0,准时,0,顺丰
DLV-04701,WO-202507-07878,C003,佛吉亚,2025-07-13 13:00,2025-07-07 03:31,2025-07-08 13:31,0,准时,0,中通
DLV-04702,WO-202507-07879,C005,本田汽配,2025-07-16 17:00,2025-07-07 10:13,2025-07-09 14:13,0,准时,0,中通
DLV-04703,WO-202507-07880,C001,东风彼欧,2025-07-22 15:00,2025-07-05 21:48,2025-07-06 21:48,0,准时,0,客户自提
DLV-04704,WO-202507-07882,C010,长城精工,2025-07-26 13:00,2025-07-08 14:13,2025-07-09 09:13,0,准时,0,顺丰
DLV-04705,WO-202507-07883,C003,佛吉亚,2025-07-23 09:00,2025-07-09 19:38,2025-07-10 10:38,0,准时,0,自配送
DLV-04706,WO-202507-07885,C012,小鹏汽车,2025-07-20 12:00,2025-07-08 01:51,2025-07-09 10:51,0,准时,0,中通
DLV-04707,WO-202507-07886,C006,岚图汽车,2025-07-14 11:00,2025-07-08 09:31,2025-07-10 15:31,0,准时,0,自配送
DLV-04708,WO-202507-07887,C008,吉利商用车,2025-07-16 15:00,2025-07-09 04:12,2025-07-09 18:12,0,准时,0,顺丰
DLV-04709,WO-202507-07890,C008,吉利商用车,2025-07-21 18:00,2025-07-03 22:35,2025-07-05 12:35,0,准时,0,客户自提
DLV-04710,WO-202507-07891,C005,本田汽配,2025-07-23 13:00,2025-07-08 18:36,2025-07-10 01:36,0,准时,0,中通
DLV-04711,WO-202507-07892,C001,东风彼欧,2025-07-17 17:00,2025-07-05 03:52,2025-07-05 18:52,0,准时,0,顺丰
DLV-04712,WO-202507-07893,C001,东风彼欧,2025-07-20 09:00,2025-07-06 21:12,2025-07-09 14:12,0,准时,0,中通
DLV-04713,WO-202507-07895,C007,东风乘用车,2025-07-24 10:00,2025-07-07 06:16,2025-07-09 22:16,0,准时,0,客户自提
DLV-04714,WO-202507-07897,C010,长城精工,2025-07-14 16:00,2025-07-03 06:13,2025-07-04 10:13,0,准时,0,客户自提
DLV-04715,WO-202507-07898,C006,岚图汽车,2025-07-23 13:00,2025-07-07 18:13,2025-07-08 05:13,0,准时,0,顺丰
DLV-04716,WO-202507-07899,C002,伟世通,2025-07-19 08:00,2025-07-08 02:48,2025-07-09 23:48,0,准时,0,自配送
DLV-04717,WO-202508-07902,C007,东风乘用车,2025-08-17 12:00,2025-08-04 07:41,2025-08-06 21:41,0,准时,0,中通
DLV-04718,WO-202508-07903,C009,零跑汽车,2025-08-25 14:00,2025-08-08 18:28,2025-08-10 07:28,0,准时,0,中通
DLV-04719,WO-202508-07904,C004,麦格纳,2025-08-24 14:00,2025-08-09 02:30,2025-08-11 19:30,0,准时,0,客户自提
DLV-04720,WO-202508-07905,C007,东风乘用车,2025-08-22 09:00,2025-08-04 07:55,2025-08-06 07:55,0,准时,0,京东物流
DLV-04721,WO-202508-07906,C007,东风乘用车,2025-08-16 14:00,2025-08-04 15:55,2025-08-05 12:55,0,准时,0,京东物流
DLV-04722,WO-202508-07907,C001,东风彼欧,2025-08-12 14:00,2025-08-05 04:21,2025-08-06 12:21,0,准时,0,自配送
DLV-04723,WO-202508-07909,C010,长城精工,2025-08-13 14:00,2025-08-05 19:17,2025-08-08 01:17,0,准时,0,京东物流
DLV-04724,WO-202508-07910,C002,伟世通,2025-08-24 16:00,2025-08-04 23:39,2025-08-06 20:39,0,准时,0,京东物流
DLV-04725,WO-202508-07912,C004,麦格纳,2025-08-24 10:00,2025-08-07 22:13,2025-08-10 15:13,0,准时,0,中通
DLV-04726,WO-202508-07913,C001,东风彼欧,2025-08-20 15:00,2025-08-02 23:16,2025-08-05 19:16,0,准时,0,中通
DLV-04727,WO-202508-07917,C012,小鹏汽车,2025-08-12 12:00,2025-08-08 21:10,2025-08-09 23:10,0,准时,0,自配送
DLV-04728,WO-202508-07918,C007,东风乘用车,2025-08-21 18:00,2025-08-08 04:25,2025-08-09 20:25,0,准时,0,客户自提
DLV-04729,WO-202508-07919,C002,伟世通,2025-08-13 18:00,2025-08-09 14:41,2025-08-11 12:41,0,准时,0,京东物流
DLV-04730,WO-202508-07920,C012,小鹏汽车,2025-08-21 16:00,2025-08-03 23:39,2025-08-04 13:39,0,准时,0,中通
DLV-04731,WO-202508-07922,C009,零跑汽车,2025-08-22 08:00,2025-08-06 21:00,2025-08-07 09:00,0,准时,0,京东物流
DLV-04732,WO-202508-07925,C001,东风彼欧,2025-08-11 12:00,2025-08-04 18:10,2025-08-05 15:10,0,准时,0,客户自提
DLV-04733,WO-202508-07927,C012,小鹏汽车,2025-08-20 11:00,2025-08-08 08:03,2025-08-09 12:03,0,准时,0,顺丰
DLV-04734,WO-202508-07928,C009,零跑汽车,2025-08-24 10:00,2025-08-07 00:01,2025-08-08 09:01,0,准时,0,自配送
DLV-04735,WO-202508-07931,C001,东风彼欧,2025-08-20 18:00,2025-08-05 20:30,2025-08-08 18:30,0,准时,0,客户自提
DLV-04736,WO-202508-07932,C009,零跑汽车,2025-08-20 18:00,2025-08-08 18:28,2025-08-10 23:28,0,准时,0,客户自提
DLV-04737,WO-202508-07934,C005,本田汽配,2025-08-24 11:00,2025-08-06 17:04,2025-08-07 11:04,0,准时,0,京东物流
DLV-04738,WO-202508-07936,C006,岚图汽车,2025-08-13 10:00,2025-08-05 20:55,2025-08-07 23:55,0,准时,0,京东物流
DLV-04739,WO-202508-07940,C010,长城精工,2025-08-09 14:00,2025-08-03 15:54,2025-08-04 17:54,0,准时,0,自配送
DLV-04740,WO-202508-07942,C012,小鹏汽车,2025-08-12 17:00,2025-08-07 02:10,2025-08-09 15:10,0,准时,0,顺丰
DLV-04741,WO-202508-07948,C001,东风彼欧,2025-08-15 11:00,2025-08-08 09:34,2025-08-09 03:34,0,准时,0,中通
DLV-04742,WO-202508-07949,C009,零跑汽车,2025-08-13 17:00,2025-08-07 12:33,2025-08-09 03:33,0,准时,0,客户自提
DLV-04743,WO-202508-07951,C003,佛吉亚,2025-08-11 10:00,2025-08-05 08:16,2025-08-08 05:16,0,准时,0,中通
DLV-04744,WO-202508-07953,C004,麦格纳,2025-08-20 11:00,2025-08-06 13:51,2025-08-09 09:51,0,准时,0,自配送
DLV-04745,WO-202508-07955,C004,麦格纳,2025-08-16 10:00,2025-08-04 02:19,2025-08-05 13:19,0,准时,0,客户自提
DLV-04746,WO-202508-07958,C011,比亚迪事业群,2025-08-09 09:00,2025-08-03 23:01,2025-08-04 17:01,0,准时,0,自配送
DLV-04747,WO-202508-07959,C005,本田汽配,2025-08-21 16:00,2025-08-06 11:34,2025-08-06 20:34,0,准时,0,京东物流
DLV-04748,WO-202508-07960,C007,东风乘用车,2025-08-18 13:00,2025-08-06 19:48,2025-08-09 02:48,0,准时,0,客户自提
DLV-04749,WO-202508-07962,C009,零跑汽车,2025-08-13 15:00,2025-08-07 05:10,2025-08-09 14:10,0,准时,0,中通
DLV-04750,WO-202508-07963,C012,小鹏汽车,2025-08-19 10:00,2025-08-08 00:54,2025-08-08 17:54,0,准时,0,顺丰
DLV-04751,WO-202508-07964,C006,岚图汽车,2025-08-11 10:00,2025-08-05 14:08,2025-08-08 07:08,0,准时,0,客户自提
DLV-04752,WO-202508-07965,C001,东风彼欧,2025-08-24 15:00,2025-08-07 18:51,2025-08-10 06:51,0,准时,0,顺丰
DLV-04753,WO-202508-07967,C012,小鹏汽车,2025-08-26 13:00,2025-08-07 15:49,2025-08-10 15:49,0,准时,0,客户自提
DLV-04754,WO-202508-07968,C007,东风乘用车,2025-08-15 14:00,2025-08-07 21:10,2025-08-08 23:10,0,准时,0,京东物流
DLV-04755,WO-202508-07969,C007,东风乘用车,2025-08-19 16:00,2025-08-05 13:09,2025-08-06 23:09,0,准时,0,京东物流
DLV-04756,WO-202508-07970,C006,岚图汽车,2025-08-15 12:00,2025-08-06 05:28,2025-08-08 05:28,0,准时,0,客户自提
DLV-04757,WO-202508-07971,C006,岚图汽车,2025-08-09 15:00,2025-08-03 19:41,2025-08-04 22:41,0,准时,0,自配送
DLV-04758,WO-202508-07972,C007,东风乘用车,2025-08-14 14:00,2025-08-06 19:17,2025-08-08 04:17,0,准时,0,自配送
DLV-04759,WO-202508-07974,C008,吉利商用车,2025-08-18 13:00,2025-08-05 19:24,2025-08-06 03:24,0,准时,0,京东物流
DLV-04760,WO-202508-07975,C009,零跑汽车,2025-08-10 13:00,2025-08-03 11:08,2025-08-03 21:08,0,准时,0,顺丰
DLV-04761,WO-202508-07981,C003,佛吉亚,2025-08-16 11:00,2025-08-10 05:36,2025-08-10 13:36,0,准时,0,客户自提
DLV-04762,WO-202508-07982,C012,小鹏汽车,2025-08-11 17:00,2025-08-04 16:12,2025-08-06 12:12,0,准时,0,京东物流
DLV-04763,WO-202508-07983,C011,比亚迪事业群,2025-08-20 12:00,2025-08-06 14:30,2025-08-07 18:30,0,准时,0,顺丰
DLV-04764,WO-202508-07984,C011,比亚迪事业群,2025-08-13 13:00,2025-08-09 01:16,2025-08-10 07:16,0,准时,0,京东物流
DLV-04765,WO-202508-07985,C012,小鹏汽车,2025-08-12 10:00,2025-08-05 16:52,2025-08-06 19:52,0,准时,0,京东物流
DLV-04766,WO-202508-07986,C009,零跑汽车,2025-08-23 18:00,2025-08-09 15:47,2025-08-10 00:47,0,准时,0,中通
DLV-04767,WO-202508-07987,C012,小鹏汽车,2025-08-14 09:00,2025-08-04 12:21,2025-08-06 10:21,0,准时,0,自配送
DLV-04768,WO-202508-07989,C005,本田汽配,2025-08-24 17:00,2025-08-09 02:05,2025-08-11 15:05,0,准时,0,客户自提
DLV-04769,WO-202508-07993,C010,长城精工,2025-08-16 16:00,2025-08-07 03:08,2025-08-08 23:08,0,准时,0,中通
DLV-04770,WO-202508-07995,C008,吉利商用车,2025-08-16 15:00,2025-08-04 16:55,2025-08-05 22:55,0,准时,0,客户自提
DLV-04771,WO-202508-07998,C007,东风乘用车,2025-08-22 14:00,2025-08-05 13:40,2025-08-07 10:40,0,准时,0,自配送
DLV-04772,WO-202508-07999,C009,零跑汽车,2025-08-15 15:00,2025-08-06 20:40,2025-08-08 03:40,0,准时,0,自配送
DLV-04773,WO-202508-08000,C012,小鹏汽车,2025-08-13 17:00,2025-08-04 13:54,2025-08-06 23:54,0,准时,0,客户自提
DLV-04774,WO-202508-08003,C007,东风乘用车,2025-08-24 17:00,2025-08-09 11:36,2025-08-12 07:36,0,准时,0,京东物流
DLV-04775,WO-202508-08005,C001,东风彼欧,2025-08-22 08:00,2025-08-03 21:11,2025-08-04 10:11,0,准时,0,客户自提
DLV-04776,WO-202508-08006,C002,伟世通,2025-08-17 08:00,2025-08-08 15:37,2025-08-09 23:37,0,准时,0,客户自提
DLV-04777,WO-202508-08007,C011,比亚迪事业群,2025-08-20 11:00,2025-08-05 01:06,2025-08-07 04:06,0,准时,0,中通
DLV-04778,WO-202508-08008,C010,长城精工,2025-08-19 09:00,2025-08-05 14:10,2025-08-06 01:10,0,准时,0,京东物流
DLV-04779,WO-202508-08009,C006,岚图汽车,2025-08-16 13:00,2025-08-05 04:58,2025-08-08 00:58,0,准时,0,中通
DLV-04780,WO-202508-08010,C010,长城精工,2025-08-19 12:00,2025-08-06 03:41,2025-08-08 16:41,0,准时,0,客户自提
DLV-04781,WO-202508-08011,C010,长城精工,2025-08-17 10:00,2025-08-08 04:05,2025-08-11 01:05,0,准时,0,京东物流
DLV-04782,WO-202508-08012,C010,长城精工,2025-08-14 12:00,2025-08-06 07:28,2025-08-07 15:28,0,准时,0,顺丰
DLV-04783,WO-202508-08013,C009,零跑汽车,2025-08-10 14:00,2025-08-06 11:13,2025-08-07 13:13,0,准时,0,顺丰
DLV-04784,WO-202508-08014,C008,吉利商用车,2025-08-22 09:00,2025-08-08 21:37,2025-08-10 07:37,0,准时,0,顺丰
DLV-04785,WO-202508-08016,C006,岚图汽车,2025-08-11 08:00,2025-08-05 15:51,2025-08-07 07:51,0,准时,0,中通
DLV-04786,WO-202508-08017,C009,零跑汽车,2025-08-18 08:00,2025-08-08 23:40,2025-08-09 17:40,0,准时,0,自配送
DLV-04787,WO-202508-08020,C002,伟世通,2025-08-21 14:00,2025-08-10 01:22,2025-08-12 10:22,0,准时,0,京东物流
DLV-04788,WO-202508-08026,C003,佛吉亚,2025-08-22 14:00,2025-08-04 16:09,2025-08-05 02:09,0,准时,0,京东物流
DLV-04789,WO-202508-08027,C008,吉利商用车,2025-08-21 15:00,2025-08-08 08:08,2025-08-08 19:08,0,准时,0,顺丰
DLV-04790,WO-202508-08028,C011,比亚迪事业群,2025-08-11 10:00,2025-08-04 14:25,2025-08-06 21:25,0,准时,0,客户自提
DLV-04791,WO-202508-08029,C009,零跑汽车,2025-08-11 13:00,2025-08-06 18:34,2025-08-07 13:34,0,准时,0,顺丰
DLV-04792,WO-202508-08030,C004,麦格纳,2025-08-14 09:00,2025-08-06 12:54,2025-08-08 23:54,0,准时,0,中通
DLV-04793,WO-202508-08031,C005,本田汽配,2025-08-13 08:00,2025-08-03 13:58,2025-08-04 12:58,0,准时,0,中通
DLV-04794,WO-202508-08033,C005,本田汽配,2025-08-17 10:00,2025-08-03 10:05,2025-08-04 03:05,0,准时,0,京东物流
DLV-04795,WO-202508-08035,C002,伟世通,2025-08-18 12:00,2025-08-03 22:08,2025-08-06 19:08,0,准时,0,京东物流
DLV-04796,WO-202508-08036,C011,比亚迪事业群,2025-08-21 11:00,2025-08-06 08:58,2025-08-08 14:58,0,准时,0,中通
DLV-04797,WO-202508-08037,C012,小鹏汽车,2025-08-19 15:00,2025-08-09 03:15,2025-08-10 18:15,0,准时,0,客户自提
DLV-04798,WO-202508-08038,C009,零跑汽车,2025-08-25 13:00,2025-08-09 19:44,2025-08-12 15:44,0,准时,0,中通
DLV-04799,WO-202508-08039,C003,佛吉亚,2025-08-16 13:00,2025-08-07 09:12,2025-08-08 13:12,0,准时,0,顺丰
DLV-04800,WO-202508-08041,C011,比亚迪事业群,2025-08-23 08:00,2025-08-05 15:33,2025-08-06 06:33,0,准时,0,自配送
DLV-04801,WO-202508-08042,C008,吉利商用车,2025-08-10 08:00,2025-08-04 10:22,2025-08-06 14:22,0,准时,0,京东物流
DLV-04802,WO-202508-08043,C001,东风彼欧,2025-08-23 09:00,2025-08-05 11:24,2025-08-07 11:24,0,准时,0,顺丰
DLV-04803,WO-202508-08044,C001,东风彼欧,2025-08-15 10:00,2025-08-04 04:19,2025-08-04 20:19,0,准时,0,顺丰
DLV-04804,WO-202508-08046,C009,零跑汽车,2025-08-22 09:00,2025-08-06 12:09,2025-08-07 19:09,0,准时,0,自配送
DLV-04805,WO-202508-08050,C006,岚图汽车,2025-08-18 10:00,2025-08-07 21:32,2025-08-08 06:32,0,准时,0,客户自提
DLV-04806,WO-202508-08051,C005,本田汽配,2025-08-15 12:00,2025-08-08 14:40,2025-08-10 02:40,0,准时,0,顺丰
DLV-04807,WO-202508-08053,C004,麦格纳,2025-08-12 17:00,2025-08-04 09:25,2025-08-06 12:25,0,准时,0,自配送
DLV-04808,WO-202508-08054,C012,小鹏汽车,2025-08-15 12:00,2025-08-05 15:19,2025-08-06 15:19,0,准时,0,自配送
DLV-04809,WO-202508-08055,C010,长城精工,2025-08-13 16:00,2025-08-05 07:25,2025-08-05 18:25,0,准时,0,京东物流
DLV-04810,WO-202508-08056,C009,零跑汽车,2025-08-15 10:00,2025-08-03 01:34,2025-08-04 03:34,0,准时,0,中通
DLV-04811,WO-202508-08058,C008,吉利商用车,2025-08-19 17:00,2025-08-04 21:57,2025-08-05 18:57,0,准时,0,客户自提
DLV-04812,WO-202508-08059,C012,小鹏汽车,2025-08-11 15:00,2025-08-04 20:35,2025-08-07 18:35,0,准时,0,客户自提
DLV-04813,WO-202508-08060,C007,东风乘用车,2025-08-16 18:00,2025-08-04 21:26,2025-08-05 23:26,0,准时,0,客户自提
DLV-04814,WO-202508-08062,C007,东风乘用车,2025-08-14 17:00,2025-08-09 07:19,2025-08-11 18:19,0,准时,0,顺丰
DLV-04815,WO-202508-08063,C002,伟世通,2025-08-16 15:00,2025-08-08 14:53,2025-08-10 17:53,0,准时,0,京东物流
DLV-04816,WO-202508-08064,C008,吉利商用车,2025-08-19 10:00,2025-08-09 13:02,2025-08-12 08:02,0,准时,0,客户自提
DLV-04817,WO-202508-08065,C010,长城精工,2025-08-09 15:00,2025-08-04 22:29,2025-08-05 16:29,0,准时,0,自配送
DLV-04818,WO-202508-08066,C005,本田汽配,2025-08-13 17:00,2025-08-10 00:13,2025-08-10 20:13,0,准时,0,顺丰
DLV-04819,WO-202508-08067,C003,佛吉亚,2025-08-22 18:00,2025-08-03 08:25,2025-08-04 02:25,0,准时,0,京东物流
DLV-04820,WO-202508-08068,C007,东风乘用车,2025-08-22 17:00,2025-08-04 08:31,2025-08-05 17:31,0,准时,0,自配送
DLV-04821,WO-202508-08069,C002,伟世通,2025-08-20 17:00,2025-08-07 07:20,2025-08-10 04:20,0,准时,0,自配送
DLV-04822,WO-202508-08070,C012,小鹏汽车,2025-08-27 08:00,2025-08-09 17:43,2025-08-12 00:43,0,准时,0,中通
DLV-04823,WO-202508-08071,C002,伟世通,2025-08-19 09:00,2025-08-09 03:28,2025-08-11 10:28,0,准时,0,顺丰
DLV-04824,WO-202508-08074,C010,长城精工,2025-08-18 17:00,2025-08-04 06:21,2025-08-04 23:21,0,准时,0,客户自提
DLV-04825,WO-202508-08075,C006,岚图汽车,2025-08-12 15:00,2025-08-05 02:37,2025-08-07 22:37,0,准时,0,顺丰
DLV-04826,WO-202508-08076,C004,麦格纳,2025-08-14 13:00,2025-08-10 06:18,2025-08-11 03:18,0,准时,0,中通
DLV-04827,WO-202508-08077,C012,小鹏汽车,2025-08-21 18:00,2025-08-07 19:10,2025-08-09 01:10,0,准时,0,客户自提
DLV-04828,WO-202508-08081,C007,东风乘用车,2025-08-22 08:00,2025-08-09 16:09,2025-08-11 14:09,0,准时,0,中通
DLV-04829,WO-202508-08085,C006,岚图汽车,2025-08-12 13:00,2025-08-04 06:06,2025-08-05 07:06,0,准时,0,中通
DLV-04830,WO-202508-08086,C003,佛吉亚,2025-08-18 17:00,2025-08-07 14:25,2025-08-08 08:25,0,准时,0,顺丰
DLV-04831,WO-202508-08087,C001,东风彼欧,2025-08-12 08:00,2025-08-06 22:27,2025-08-08 21:27,0,准时,0,京东物流
DLV-04832,WO-202508-08089,C010,长城精工,2025-08-13 16:00,2025-08-05 21:55,2025-08-08 05:55,0,准时,0,自配送
DLV-04833,WO-202508-08090,C002,伟世通,2025-08-24 10:00,2025-08-07 07:05,2025-08-09 17:05,0,准时,0,顺丰
DLV-04834,WO-202508-08091,C003,佛吉亚,2025-08-23 14:00,2025-08-10 12:32,2025-08-12 06:32,0,准时,0,自配送
DLV-04835,WO-202508-08092,C012,小鹏汽车,2025-08-23 08:00,2025-08-10 12:10,2025-08-12 20:10,0,准时,0,自配送
DLV-04836,WO-202508-08094,C010,长城精工,2025-08-09 12:00,2025-08-05 03:49,2025-08-07 02:49,0,准时,0,中通
DLV-04837,WO-202508-08095,C012,小鹏汽车,2025-08-16 10:00,2025-08-05 22:43,2025-08-07 19:43,0,准时,0,客户自提
DLV-04838,WO-202508-08096,C004,麦格纳,2025-08-14 11:00,2025-08-05 07:10,2025-08-05 19:10,0,准时,0,客户自提
DLV-04839,WO-202508-08097,C007,东风乘用车,2025-08-09 11:00,2025-08-05 03:24,2025-08-06 03:24,0,准时,0,客户自提
DLV-04840,WO-202508-08098,C005,本田汽配,2025-08-23 16:00,2025-08-07 08:10,2025-08-09 01:10,0,准时,0,中通
DLV-04841,WO-202508-08101,C002,伟世通,2025-08-08 10:00,2025-08-03 09:24,2025-08-05 00:24,0,准时,0,顺丰
DLV-04842,WO-202508-08104,C003,佛吉亚,2025-08-15 09:00,2025-08-05 10:06,2025-08-08 10:06,0,准时,0,中通
DLV-04843,WO-202508-08107,C011,比亚迪事业群,2025-08-13 08:00,2025-08-07 12:14,2025-08-08 10:14,0,准时,0,自配送
DLV-04844,WO-202508-08109,C006,岚图汽车,2025-08-22 15:00,2025-08-07 04:36,2025-08-07 16:36,0,准时,0,客户自提
DLV-04845,WO-202508-08110,C008,吉利商用车,2025-08-19 17:00,2025-08-04 19:06,2025-08-06 07:06,0,准时,0,客户自提
DLV-04846,WO-202508-08112,C007,东风乘用车,2025-08-27 08:00,2025-08-10 05:54,2025-08-12 13:54,0,准时,0,客户自提
DLV-04847,WO-202508-08113,C006,岚图汽车,2025-08-21 08:00,2025-08-07 02:01,2025-08-09 14:01,0,准时,0,京东物流
DLV-04848,WO-202508-08115,C001,东风彼欧,2025-08-21 10:00,2025-08-03 23:19,2025-08-04 11:19,0,准时,0,自配送
DLV-04849,WO-202508-08116,C008,吉利商用车,2025-08-23 11:00,2025-08-05 13:47,2025-08-06 07:47,0,准时,0,京东物流
DLV-04850,WO-202508-08117,C009,零跑汽车,2025-08-16 10:00,2025-08-03 02:46,2025-08-04 04:46,0,准时,0,中通
DLV-04851,WO-202508-08118,C006,岚图汽车,2025-08-18 13:00,2025-08-06 17:22,2025-08-08 21:22,0,准时,0,顺丰
DLV-04852,WO-202508-08119,C002,伟世通,2025-08-23 13:00,2025-08-09 08:45,2025-08-11 20:45,0,准时,0,中通
DLV-04853,WO-202508-08121,C011,比亚迪事业群,2025-08-17 09:00,2025-08-04 05:30,2025-08-06 19:30,0,准时,0,顺丰
DLV-04854,WO-202508-08122,C004,麦格纳,2025-08-18 08:00,2025-08-08 21:12,2025-08-11 19:12,0,准时,0,自配送
DLV-04855,WO-202508-08123,C002,伟世通,2025-08-13 11:00,2025-08-10 04:39,2025-08-12 13:39,0,准时,0,顺丰
DLV-04856,WO-202508-08124,C007,东风乘用车,2025-08-24 11:00,2025-08-10 06:42,2025-08-13 00:42,0,准时,0,自配送
DLV-04857,WO-202508-08125,C012,小鹏汽车,2025-08-21 16:00,2025-08-04 15:38,2025-08-05 19:38,0,准时,0,中通
DLV-04858,WO-202508-08126,C007,东风乘用车,2025-08-21 14:00,2025-08-06 21:01,2025-08-08 07:01,0,准时,0,自配送
DLV-04859,WO-202508-08128,C009,零跑汽车,2025-08-21 12:00,2025-08-08 06:52,2025-08-10 09:52,0,准时,0,京东物流
DLV-04860,WO-202508-08129,C011,比亚迪事业群,2025-08-19 17:00,2025-08-06 07:50,2025-08-08 02:50,0,准时,0,自配送
DLV-04861,WO-202508-08130,C012,小鹏汽车,2025-08-26 10:00,2025-08-08 08:16,2025-08-10 22:16,0,准时,0,中通
DLV-04862,WO-202508-08131,C004,麦格纳,2025-08-15 10:00,2025-08-04 18:15,2025-08-07 05:15,0,准时,0,京东物流
DLV-04863,WO-202508-08132,C010,长城精工,2025-08-16 09:00,2025-08-05 17:04,2025-08-07 18:04,0,准时,0,中通
DLV-04864,WO-202508-08136,C012,小鹏汽车,2025-08-19 08:00,2025-08-04 04:40,2025-08-06 17:40,0,准时,0,中通
DLV-04865,WO-202508-08138,C012,小鹏汽车,2025-08-16 08:00,2025-08-06 20:25,2025-08-08 17:25,0,准时,0,顺丰
DLV-04866,WO-202508-08141,C012,小鹏汽车,2025-08-15 15:00,2025-08-09 08:50,2025-08-10 02:50,0,准时,0,客户自提
DLV-04867,WO-202508-08143,C001,东风彼欧,2025-08-17 16:00,2025-08-09 20:47,2025-08-11 12:47,0,准时,0,中通
DLV-04868,WO-202508-08144,C005,本田汽配,2025-08-21 12:00,2025-08-09 07:52,2025-08-11 10:52,0,准时,0,中通
DLV-04869,WO-202508-08145,C012,小鹏汽车,2025-08-24 14:00,2025-08-07 12:27,2025-08-09 05:27,0,准时,0,自配送
DLV-04870,WO-202508-08146,C010,长城精工,2025-08-10 13:00,2025-08-04 16:40,2025-08-06 20:40,0,准时,0,京东物流
DLV-04871,WO-202508-08149,C011,比亚迪事业群,2025-08-18 17:00,2025-08-09 06:10,2025-08-11 08:10,0,准时,0,京东物流
DLV-04872,WO-202508-08151,C005,本田汽配,2025-08-21 10:00,2025-08-05 21:42,2025-08-06 09:42,0,准时,0,自配送
DLV-04873,WO-202508-08152,C003,佛吉亚,2025-08-15 09:00,2025-08-05 05:24,2025-08-07 09:24,0,准时,0,中通
DLV-04874,WO-202508-08155,C001,东风彼欧,2025-08-15 16:00,2025-08-03 02:56,2025-08-04 21:56,0,准时,0,中通
DLV-04875,WO-202508-08158,C006,岚图汽车,2025-08-10 16:00,2025-08-06 09:06,2025-08-08 00:06,0,准时,0,顺丰
DLV-04876,WO-202508-08160,C011,比亚迪事业群,2025-08-16 16:00,2025-08-08 11:22,2025-08-08 21:22,0,准时,0,顺丰
DLV-04877,WO-202508-08164,C009,零跑汽车,2025-08-12 09:00,2025-08-05 15:40,2025-08-06 10:40,0,准时,0,京东物流
DLV-04878,WO-202508-08165,C005,本田汽配,2025-08-15 14:00,2025-08-06 12:01,2025-08-07 23:01,0,准时,0,自配送
DLV-04879,WO-202508-08166,C009,零跑汽车,2025-08-20 08:00,2025-08-05 09:48,2025-08-06 08:48,0,准时,0,中通
DLV-04880,WO-202508-08168,C005,本田汽配,2025-08-17 11:00,2025-08-07 00:27,2025-08-08 02:27,0,准时,0,京东物流
DLV-04881,WO-202508-08170,C011,比亚迪事业群,2025-08-17 09:00,2025-08-04 07:19,2025-08-05 01:19,0,准时,0,顺丰
DLV-04882,WO-202508-08171,C005,本田汽配,2025-08-16 08:00,2025-08-04 00:26,2025-08-04 16:26,0,准时,0,中通
DLV-04883,WO-202508-08175,C009,零跑汽车,2025-08-13 12:00,2025-08-06 14:50,2025-08-09 09:50,0,准时,0,自配送
DLV-04884,WO-202508-08178,C004,麦格纳,2025-08-25 14:00,2025-08-10 20:50,2025-08-12 13:50,0,准时,0,京东物流
DLV-04885,WO-202508-08180,C004,麦格纳,2025-08-18 08:00,2025-08-04 02:43,2025-08-07 00:43,0,准时,0,京东物流
DLV-04886,WO-202508-08183,C001,东风彼欧,2025-08-09 10:00,2025-08-04 06:51,2025-08-07 06:51,0,准时,0,自配送
DLV-04887,WO-202508-08185,C002,伟世通,2025-08-16 16:00,2025-08-06 05:09,2025-08-09 03:09,0,准时,0,自配送
DLV-04888,WO-202508-08186,C011,比亚迪事业群,2025-08-13 14:00,2025-08-04 14:18,2025-08-05 05:18,0,准时,0,京东物流
DLV-04889,WO-202508-08187,C010,长城精工,2025-08-09 16:00,2025-08-04 18:14,2025-08-05 16:14,0,准时,0,自配送
DLV-04890,WO-202508-08189,C008,吉利商用车,2025-08-21 15:00,2025-08-11 06:54,2025-08-13 06:54,0,准时,0,中通
DLV-04891,WO-202508-08190,C002,伟世通,2025-08-18 17:00,2025-08-08 00:48,2025-08-09 03:48,0,准时,0,自配送
DLV-04892,WO-202508-08191,C005,本田汽配,2025-08-19 16:00,2025-08-05 15:08,2025-08-07 08:08,0,准时,0,京东物流
DLV-04893,WO-202508-08195,C007,东风乘用车,2025-08-19 10:00,2025-08-03 08:14,2025-08-03 19:14,0,准时,0,顺丰
DLV-04894,WO-202508-08198,C008,吉利商用车,2025-08-17 18:00,2025-08-10 08:28,2025-08-12 06:28,0,准时,0,顺丰
DLV-04895,WO-202508-08199,C012,小鹏汽车,2025-08-22 13:00,2025-08-06 10:37,2025-08-09 08:37,0,准时,0,中通
DLV-04896,WO-202508-08202,C001,东风彼欧,2025-08-19 12:00,2025-08-08 02:50,2025-08-08 13:50,0,准时,0,顺丰
DLV-04897,WO-202508-08204,C007,东风乘用车,2025-08-15 14:00,2025-08-07 08:07,2025-08-07 19:07,0,准时,0,客户自提
DLV-04898,WO-202508-08205,C009,零跑汽车,2025-08-11 08:00,2025-08-05 04:28,2025-08-06 17:28,0,准时,0,顺丰
DLV-04899,WO-202508-08206,C006,岚图汽车,2025-08-20 18:00,2025-08-07 14:19,2025-08-10 02:19,0,准时,0,顺丰
DLV-04900,WO-202508-08207,C003,佛吉亚,2025-08-18 14:00,2025-08-11 03:45,2025-08-12 02:45,0,准时,0,中通
DLV-04901,WO-202508-08208,C009,零跑汽车,2025-08-25 11:00,2025-08-08 04:28,2025-08-10 20:28,0,准时,0,京东物流
DLV-04902,WO-202508-08210,C006,岚图汽车,2025-08-14 15:00,2025-08-04 10:54,2025-08-06 19:54,0,准时,0,自配送
DLV-04903,WO-202508-08211,C008,吉利商用车,2025-08-27 14:00,2025-08-09 17:26,2025-08-10 07:26,0,准时,0,顺丰
DLV-04904,WO-202508-08212,C012,小鹏汽车,2025-08-12 12:00,2025-08-03 00:07,2025-08-04 11:07,0,准时,0,顺丰
DLV-04905,WO-202508-08214,C004,麦格纳,2025-08-13 08:00,2025-08-03 06:06,2025-08-05 07:06,0,准时,0,客户自提
DLV-04906,WO-202508-08215,C008,吉利商用车,2025-08-24 15:00,2025-08-07 18:55,2025-08-08 08:55,0,准时,0,顺丰
DLV-04907,WO-202508-08216,C003,佛吉亚,2025-08-15 13:00,2025-08-06 15:10,2025-08-07 16:10,0,准时,0,自配送
DLV-04908,WO-202508-08218,C005,本田汽配,2025-08-21 08:00,2025-08-08 04:09,2025-08-09 03:09,0,准时,0,客户自提
DLV-04909,WO-202508-08219,C003,佛吉亚,2025-08-13 09:00,2025-08-03 04:25,2025-08-05 21:25,0,准时,0,京东物流
DLV-04910,WO-202508-08220,C004,麦格纳,2025-08-21 17:00,2025-08-04 02:21,2025-08-06 11:21,0,准时,0,客户自提
DLV-04911,WO-202508-08222,C010,长城精工,2025-08-15 17:00,2025-08-06 20:49,2025-08-07 07:49,0,准时,0,中通
DLV-04912,WO-202508-08225,C001,东风彼欧,2025-08-12 08:00,2025-08-04 15:43,2025-08-06 19:43,0,准时,0,中通
DLV-04913,WO-202508-08227,C012,小鹏汽车,2025-08-23 18:00,2025-08-08 17:49,2025-08-11 09:49,0,准时,0,京东物流
DLV-04914,WO-202508-08230,C010,长城精工,2025-08-23 08:00,2025-08-05 06:06,2025-08-07 10:06,0,准时,0,中通
DLV-04915,WO-202508-08231,C009,零跑汽车,2025-08-20 08:00,2025-08-05 02:24,2025-08-07 13:24,0,准时,0,中通
DLV-04916,WO-202508-08232,C005,本田汽配,2025-08-17 09:00,2025-08-04 19:41,2025-08-07 07:41,0,准时,0,客户自提
DLV-04917,WO-202508-08234,C008,吉利商用车,2025-08-16 14:00,2025-08-09 12:51,2025-08-10 13:51,0,准时,0,客户自提
DLV-04918,WO-202508-08235,C007,东风乘用车,2025-08-10 13:00,2025-08-05 08:51,2025-08-06 13:51,0,准时,0,顺丰
DLV-04919,WO-202508-08237,C009,零跑汽车,2025-08-26 10:00,2025-08-09 05:30,2025-08-11 21:30,0,准时,0,顺丰
DLV-04920,WO-202508-08238,C002,伟世通,2025-08-18 15:00,2025-08-07 11:25,2025-08-08 18:25,0,准时,0,京东物流
DLV-04921,WO-202508-08239,C012,小鹏汽车,2025-08-14 09:00,2025-08-05 23:04,2025-08-07 06:04,0,准时,0,顺丰
DLV-04922,WO-202508-08240,C005,本田汽配,2025-08-25 09:00,2025-08-09 18:54,2025-08-11 21:54,0,准时,0,中通
DLV-04923,WO-202508-08241,C002,伟世通,2025-08-13 12:00,2025-08-04 02:40,2025-08-05 18:40,0,准时,0,客户自提
DLV-04924,WO-202508-08243,C004,麦格纳,2025-08-23 09:00,2025-08-07 03:49,2025-08-09 09:49,0,准时,0,京东物流
DLV-04925,WO-202508-08245,C007,东风乘用车,2025-08-21 10:00,2025-08-04 21:43,2025-08-06 11:43,0,准时,0,自配送
DLV-04926,WO-202508-08246,C007,东风乘用车,2025-08-21 11:00,2025-08-07 04:03,2025-08-09 07:03,0,准时,0,京东物流
DLV-04927,WO-202508-08247,C005,本田汽配,2025-08-09 16:00,2025-08-05 07:30,2025-08-06 17:30,0,准时,0,客户自提
DLV-04928,WO-202508-08253,C005,本田汽配,2025-08-22 14:00,2025-08-08 12:42,2025-08-10 10:42,0,准时,0,中通
DLV-04929,WO-202508-08254,C001,东风彼欧,2025-08-13 15:00,2025-08-09 13:07,2025-08-11 08:07,0,准时,0,客户自提
DLV-04930,WO-202508-08255,C006,岚图汽车,2025-08-10 15:00,2025-08-05 08:26,2025-08-06 14:26,0,准时,0,京东物流
DLV-04931,WO-202508-08257,C009,零跑汽车,2025-08-20 12:00,2025-08-06 11:38,2025-08-07 21:38,0,准时,0,京东物流
DLV-04932,WO-202508-08259,C008,吉利商用车,2025-08-23 16:00,2025-08-09 11:06,2025-08-11 19:06,0,准时,0,自配送
DLV-04933,WO-202508-08260,C003,佛吉亚,2025-08-23 10:00,2025-08-08 18:30,2025-08-09 07:30,0,准时,0,自配送
DLV-04934,WO-202508-08262,C010,长城精工,2025-08-26 16:00,2025-08-07 11:36,2025-08-10 10:36,0,准时,0,自配送
DLV-04935,WO-202508-08263,C009,零跑汽车,2025-08-17 15:00,2025-08-03 17:57,2025-08-05 11:57,0,准时,0,京东物流
DLV-04936,WO-202508-08264,C005,本田汽配,2025-08-08 14:00,2025-08-04 06:03,2025-08-06 22:03,0,准时,0,中通
DLV-04937,WO-202508-08265,C011,比亚迪事业群,2025-08-22 08:00,2025-08-07 10:57,2025-08-09 07:57,0,准时,0,顺丰
DLV-04938,WO-202508-08267,C005,本田汽配,2025-08-12 12:00,2025-08-03 07:19,2025-08-04 18:19,0,准时,0,中通
DLV-04939,WO-202508-08268,C007,东风乘用车,2025-08-21 10:00,2025-08-04 15:12,2025-08-06 20:12,0,准时,0,京东物流
DLV-04940,WO-202508-08269,C005,本田汽配,2025-08-19 11:00,2025-08-03 14:15,2025-08-05 17:15,0,准时,0,顺丰
DLV-04941,WO-202508-08270,C007,东风乘用车,2025-08-10 09:00,2025-08-02 20:55,2025-08-05 08:55,0,准时,0,顺丰
DLV-04942,WO-202508-08271,C007,东风乘用车,2025-08-24 17:00,2025-08-06 03:52,2025-08-06 14:52,0,准时,0,中通
DLV-04943,WO-202508-08273,C003,佛吉亚,2025-08-14 09:00,2025-08-02 18:40,2025-08-03 21:40,0,准时,0,客户自提
DLV-04944,WO-202508-08275,C001,东风彼欧,2025-08-17 17:00,2025-08-06 13:10,2025-08-08 22:10,0,准时,0,顺丰
DLV-04945,WO-202508-08276,C012,小鹏汽车,2025-08-15 11:00,2025-08-04 21:08,2025-08-07 11:08,0,准时,0,自配送
DLV-04946,WO-202508-08277,C003,佛吉亚,2025-08-09 15:00,2025-08-05 09:52,2025-08-07 20:52,0,准时,0,客户自提
DLV-04947,WO-202508-08278,C008,吉利商用车,2025-08-16 14:00,2025-08-08 15:17,2025-08-10 19:17,0,准时,0,客户自提
DLV-04948,WO-202508-08282,C012,小鹏汽车,2025-08-17 10:00,2025-08-04 15:57,2025-08-06 21:57,0,准时,0,京东物流
DLV-04949,WO-202508-08284,C006,岚图汽车,2025-08-17 11:00,2025-08-05 22:49,2025-08-08 09:49,0,准时,0,自配送
DLV-04950,WO-202508-08285,C008,吉利商用车,2025-08-21 12:00,2025-08-08 22:51,2025-08-11 19:51,0,准时,0,中通
DLV-04951,WO-202508-08286,C002,伟世通,2025-08-24 10:00,2025-08-04 20:48,2025-08-05 05:48,0,准时,0,京东物流
DLV-04952,WO-202508-08287,C006,岚图汽车,2025-08-15 09:00,2025-08-03 23:03,2025-08-05 13:03,0,准时,0,顺丰
DLV-04953,WO-202508-08289,C003,佛吉亚,2025-08-23 08:00,2025-08-07 13:14,2025-08-08 07:14,0,准时,0,中通
DLV-04954,WO-202508-08291,C003,佛吉亚,2025-08-18 14:00,2025-08-07 13:43,2025-08-07 21:43,0,准时,0,自配送
DLV-04955,WO-202508-08292,C012,小鹏汽车,2025-08-20 08:00,2025-08-06 04:13,2025-08-06 14:13,0,准时,0,客户自提
DLV-04956,WO-202508-08293,C005,本田汽配,2025-08-18 14:00,2025-08-06 12:44,2025-08-08 19:44,0,准时,0,客户自提
DLV-04957,WO-202508-08298,C006,岚图汽车,2025-08-16 12:00,2025-08-06 06:38,2025-08-07 09:38,0,准时,0,中通
DLV-04958,WO-202508-08300,C012,小鹏汽车,2025-08-18 11:00,2025-08-03 21:34,2025-08-04 23:34,0,准时,0,客户自提
DLV-04959,WO-202508-08307,C005,本田汽配,2025-08-11 10:00,2025-08-03 13:51,2025-08-04 16:51,0,准时,0,京东物流
DLV-04960,WO-202508-08308,C005,本田汽配,2025-08-15 12:00,2025-08-04 15:50,2025-08-05 22:50,0,准时,0,中通
DLV-04961,WO-202508-08309,C003,佛吉亚,2025-08-15 16:00,2025-08-05 02:22,2025-08-07 04:22,0,准时,0,顺丰
DLV-04962,WO-202508-08310,C011,比亚迪事业群,2025-08-09 08:00,2025-08-04 17:52,2025-08-05 22:52,0,准时,0,客户自提
DLV-04963,WO-202508-08313,C012,小鹏汽车,2025-08-13 14:00,2025-08-05 10:29,2025-08-06 16:29,0,准时,0,客户自提
DLV-04964,WO-202508-08314,C007,东风乘用车,2025-08-20 08:00,2025-08-05 09:50,2025-08-06 16:50,0,准时,0,客户自提
DLV-04965,WO-202508-08315,C012,小鹏汽车,2025-08-14 09:00,2025-08-04 09:36,2025-08-06 13:36,0,准时,0,顺丰
DLV-04966,WO-202508-08316,C011,比亚迪事业群,2025-08-20 14:00,2025-08-07 18:34,2025-08-08 08:34,0,准时,0,京东物流
DLV-04967,WO-202508-08317,C007,东风乘用车,2025-08-10 18:00,2025-08-05 07:16,2025-08-07 23:16,0,准时,0,自配送
DLV-04968,WO-202508-08318,C011,比亚迪事业群,2025-08-20 16:00,2025-08-04 20:39,2025-08-06 03:39,0,准时,0,中通
DLV-04969,WO-202508-08319,C001,东风彼欧,2025-08-12 10:00,2025-08-06 17:45,2025-08-07 07:45,0,准时,0,中通
DLV-04970,WO-202508-08321,C007,东风乘用车,2025-08-18 14:00,2025-08-06 07:51,2025-08-06 17:51,0,准时,0,京东物流
DLV-04971,WO-202508-08322,C011,比亚迪事业群,2025-08-14 12:00,2025-08-06 12:56,2025-08-07 02:56,0,准时,0,京东物流
DLV-04972,WO-202508-08323,C006,岚图汽车,2025-08-10 17:00,2025-08-09 06:57,2025-08-11 21:57,28.9,延迟,3433.0,中通
DLV-04973,WO-202508-08324,C008,吉利商用车,2025-08-14 11:00,2025-08-07 17:07,2025-08-08 16:07,0,准时,0,自配送
DLV-04974,WO-202508-08326,C006,岚图汽车,2025-08-18 10:00,2025-08-03 13:59,2025-08-03 21:59,0,准时,0,自配送
DLV-04975,WO-202508-08332,C008,吉利商用车,2025-08-17 09:00,2025-08-04 09:33,2025-08-05 03:33,0,准时,0,自配送
DLV-04976,WO-202508-08333,C005,本田汽配,2025-08-14 11:00,2025-08-07 03:07,2025-08-07 19:07,0,准时,0,顺丰
DLV-04977,WO-202508-08335,C007,东风乘用车,2025-08-22 17:00,2025-08-07 02:34,2025-08-07 20:34,0,准时,0,京东物流
DLV-04978,WO-202508-08336,C006,岚图汽车,2025-08-19 08:00,2025-08-04 23:19,2025-08-07 00:19,0,准时,0,顺丰
DLV-04979,WO-202508-08337,C008,吉利商用车,2025-08-12 12:00,2025-08-04 11:28,2025-08-05 03:28,0,准时,0,京东物流
DLV-04980,WO-202509-08338,C004,麦格纳,2025-09-22 10:00,2025-09-04 11:53,2025-09-05 12:53,0,准时,0,自配送
DLV-04981,WO-202509-08340,C005,本田汽配,2025-09-11 17:00,2025-09-05 13:43,2025-09-07 09:43,0,准时,0,客户自提
DLV-04982,WO-202509-08341,C007,东风乘用车,2025-09-17 18:00,2025-09-05 05:13,2025-09-06 18:13,0,准时,0,自配送
DLV-04983,WO-202509-08343,C008,吉利商用车,2025-09-12 18:00,2025-09-05 05:20,2025-09-05 16:20,0,准时,0,客户自提
DLV-04984,WO-202509-08345,C004,麦格纳,2025-09-25 16:00,2025-09-07 20:12,2025-09-08 14:12,0,准时,0,京东物流
DLV-04985,WO-202509-08347,C005,本田汽配,2025-09-24 10:00,2025-09-06 18:39,2025-09-07 06:39,0,准时,0,顺丰
DLV-04986,WO-202509-08348,C009,零跑汽车,2025-09-17 18:00,2025-09-09 20:13,2025-09-11 09:13,0,准时,0,顺丰
DLV-04987,WO-202509-08349,C001,东风彼欧,2025-09-23 16:00,2025-09-09 10:01,2025-09-11 14:01,0,准时,0,自配送
DLV-04988,WO-202509-08350,C007,东风乘用车,2025-09-24 13:00,2025-09-08 18:58,2025-09-09 15:58,0,准时,0,自配送
DLV-04989,WO-202509-08354,C008,吉利商用车,2025-09-19 18:00,2025-09-05 12:13,2025-09-08 01:13,0,准时,0,顺丰
DLV-04990,WO-202509-08355,C009,零跑汽车,2025-09-22 13:00,2025-09-07 12:36,2025-09-09 23:36,0,准时,0,中通
DLV-04991,WO-202509-08356,C009,零跑汽车,2025-09-19 08:00,2025-09-06 21:35,2025-09-08 15:35,0,准时,0,京东物流
DLV-04992,WO-202509-08357,C002,伟世通,2025-09-19 10:00,2025-09-07 03:19,2025-09-09 08:19,0,准时,0,客户自提
DLV-04993,WO-202509-08358,C007,东风乘用车,2025-09-14 10:00,2025-09-10 07:31,2025-09-10 20:31,0,准时,0,自配送
DLV-04994,WO-202509-08360,C004,麦格纳,2025-09-23 10:00,2025-09-08 04:55,2025-09-09 03:55,0,准时,0,顺丰
DLV-04995,WO-202509-08361,C009,零跑汽车,2025-09-19 15:00,2025-09-05 02:40,2025-09-06 12:40,0,准时,0,京东物流
DLV-04996,WO-202509-08362,C004,麦格纳,2025-09-21 08:00,2025-09-07 07:24,2025-09-08 15:24,0,准时,0,京东物流
DLV-04997,WO-202509-08363,C002,伟世通,2025-09-23 17:00,2025-09-06 07:00,2025-09-08 21:00,0,准时,0,中通
DLV-04998,WO-202509-08367,C008,吉利商用车,2025-09-16 11:00,2025-09-03 22:36,2025-09-05 19:36,0,准时,0,中通
DLV-04999,WO-202509-08368,C004,麦格纳,2025-09-20 10:00,2025-09-08 16:20,2025-09-10 18:20,0,准时,0,中通
DLV-05000,WO-202509-08369,C004,麦格纳,2025-09-15 18:00,2025-09-07 14:43,2025-09-10 12:43,0,准时,0,自配送
DLV-05001,WO-202509-08370,C003,佛吉亚,2025-09-21 17:00,2025-09-05 23:56,2025-09-07 13:56,0,准时,0,顺丰
DLV-05002,WO-202509-08371,C010,长城精工,2025-09-23 11:00,2025-09-05 03:36,2025-09-06 21:36,0,准时,0,顺丰
DLV-05003,WO-202509-08373,C009,零跑汽车,2025-09-10 09:00,2025-09-06 06:36,2025-09-06 17:36,0,准时,0,京东物流
DLV-05004,WO-202509-08374,C010,长城精工,2025-09-21 12:00,2025-09-05 18:37,2025-09-07 00:37,0,准时,0,客户自提
DLV-05005,WO-202509-08376,C008,吉利商用车,2025-09-23 08:00,2025-09-08 09:07,2025-09-10 05:07,0,准时,0,京东物流
DLV-05006,WO-202509-08379,C001,东风彼欧,2025-09-09 08:00,2025-09-06 06:31,2025-09-06 19:31,0,准时,0,顺丰
DLV-05007,WO-202509-08380,C010,长城精工,2025-09-24 13:00,2025-09-06 01:06,2025-09-08 18:06,0,准时,0,京东物流
DLV-05008,WO-202509-08381,C007,东风乘用车,2025-09-26 11:00,2025-09-09 14:06,2025-09-10 14:06,0,准时,0,顺丰
DLV-05009,WO-202509-08382,C012,小鹏汽车,2025-09-25 15:00,2025-09-09 23:12,2025-09-12 04:12,0,准时,0,顺丰
DLV-05010,WO-202509-08383,C010,长城精工,2025-09-23 10:00,2025-09-08 23:12,2025-09-10 09:12,0,准时,0,自配送
DLV-05011,WO-202509-08384,C002,伟世通,2025-09-26 13:00,2025-09-09 07:29,2025-09-10 12:29,0,准时,0,顺丰
DLV-05012,WO-202509-08385,C001,东风彼欧,2025-09-15 16:00,2025-09-08 23:37,2025-09-11 13:37,0,准时,0,京东物流
DLV-05013,WO-202509-08387,C002,伟世通,2025-09-17 14:00,2025-09-09 09:03,2025-09-10 18:03,0,准时,0,自配送
DLV-05014,WO-202509-08388,C009,零跑汽车,2025-09-15 12:00,2025-09-08 05:10,2025-09-11 01:10,0,准时,0,顺丰
DLV-05015,WO-202509-08390,C011,比亚迪事业群,2025-09-14 12:00,2025-09-05 03:02,2025-09-06 20:02,0,准时,0,京东物流
DLV-05016,WO-202509-08391,C002,伟世通,2025-09-16 12:00,2025-09-06 15:48,2025-09-07 10:48,0,准时,0,京东物流
DLV-05017,WO-202509-08395,C007,东风乘用车,2025-09-12 18:00,2025-09-08 10:09,2025-09-08 21:09,0,准时,0,顺丰
DLV-05018,WO-202509-08397,C009,零跑汽车,2025-09-21 16:00,2025-09-04 15:15,2025-09-05 16:15,0,准时,0,自配送
DLV-05019,WO-202509-08398,C007,东风乘用车,2025-09-21 11:00,2025-09-09 23:17,2025-09-12 07:17,0,准时,0,中通
DLV-05020,WO-202509-08400,C010,长城精工,2025-09-18 08:00,2025-09-09 03:12,2025-09-09 15:12,0,准时,0,自配送
DLV-05021,WO-202509-08402,C011,比亚迪事业群,2025-09-16 10:00,2025-09-04 11:30,2025-09-06 22:30,0,准时,0,顺丰
DLV-05022,WO-202509-08403,C006,岚图汽车,2025-09-16 14:00,2025-09-09 22:28,2025-09-10 12:28,0,准时,0,自配送
DLV-05023,WO-202509-08404,C003,佛吉亚,2025-09-11 09:00,2025-09-07 14:05,2025-09-08 15:05,0,准时,0,自配送
DLV-05024,WO-202509-08406,C001,东风彼欧,2025-09-12 17:00,2025-09-08 15:26,2025-09-11 12:26,0,准时,0,中通
DLV-05025,WO-202509-08408,C010,长城精工,2025-09-18 12:00,2025-09-05 10:45,2025-09-05 18:45,0,准时,0,京东物流
DLV-05026,WO-202509-08409,C003,佛吉亚,2025-09-22 08:00,2025-09-03 19:53,2025-09-04 16:53,0,准时,0,顺丰
DLV-05027,WO-202509-08410,C009,零跑汽车,2025-09-17 13:00,2025-09-05 20:40,2025-09-06 06:40,0,准时,0,中通
DLV-05028,WO-202509-08413,C007,东风乘用车,2025-09-24 08:00,2025-09-10 00:43,2025-09-11 07:43,0,准时,0,顺丰
DLV-05029,WO-202509-08414,C006,岚图汽车,2025-09-23 15:00,2025-09-07 17:30,2025-09-08 03:30,0,准时,0,京东物流
DLV-05030,WO-202509-08415,C001,东风彼欧,2025-09-17 14:00,2025-09-05 15:39,2025-09-08 15:39,0,准时,0,京东物流
DLV-05031,WO-202509-08417,C003,佛吉亚,2025-09-24 08:00,2025-09-07 09:21,2025-09-08 13:21,0,准时,0,客户自提
DLV-05032,WO-202509-08419,C004,麦格纳,2025-09-19 15:00,2025-09-09 13:17,2025-09-11 16:17,0,准时,0,京东物流
DLV-05033,WO-202509-08420,C005,本田汽配,2025-09-20 11:00,2025-09-10 10:52,2025-09-12 20:52,0,准时,0,中通
DLV-05034,WO-202509-08423,C003,佛吉亚,2025-09-23 18:00,2025-09-10 09:19,2025-09-11 10:19,0,准时,0,自配送
DLV-05035,WO-202509-08424,C010,长城精工,2025-09-10 08:00,2025-09-05 10:32,2025-09-08 05:32,0,准时,0,京东物流
DLV-05036,WO-202509-08425,C009,零跑汽车,2025-09-18 12:00,2025-09-03 05:16,2025-09-04 09:16,0,准时,0,中通
DLV-05037,WO-202509-08426,C003,佛吉亚,2025-09-13 14:00,2025-09-07 21:30,2025-09-10 11:30,0,准时,0,自配送
DLV-05038,WO-202509-08429,C012,小鹏汽车,2025-09-17 12:00,2025-09-07 22:43,2025-09-10 09:43,0,准时,0,顺丰
DLV-05039,WO-202509-08431,C007,东风乘用车,2025-09-13 10:00,2025-09-05 22:50,2025-09-06 23:50,0,准时,0,京东物流
DLV-05040,WO-202509-08434,C004,麦格纳,2025-09-22 10:00,2025-09-06 16:32,2025-09-08 09:32,0,准时,0,顺丰
DLV-05041,WO-202509-08436,C001,东风彼欧,2025-09-23 17:00,2025-09-09 12:00,2025-09-12 12:00,0,准时,0,顺丰
DLV-05042,WO-202509-08437,C009,零跑汽车,2025-09-14 08:00,2025-09-07 22:26,2025-09-09 19:26,0,准时,0,顺丰
DLV-05043,WO-202509-08438,C004,麦格纳,2025-09-23 10:00,2025-09-08 10:24,2025-09-09 16:24,0,准时,0,顺丰
DLV-05044,WO-202509-08439,C003,佛吉亚,2025-09-12 08:00,2025-09-08 02:36,2025-09-08 19:36,0,准时,0,客户自提
DLV-05045,WO-202509-08440,C005,本田汽配,2025-09-13 18:00,2025-09-07 14:14,2025-09-07 23:14,0,准时,0,自配送
DLV-05046,WO-202509-08441,C012,小鹏汽车,2025-09-21 17:00,2025-09-04 03:44,2025-09-05 17:44,0,准时,0,中通
DLV-05047,WO-202509-08445,C008,吉利商用车,2025-09-26 15:00,2025-09-07 13:34,2025-09-08 14:34,0,准时,0,京东物流
DLV-05048,WO-202509-08446,C007,东风乘用车,2025-09-16 18:00,2025-09-05 12:42,2025-09-08 10:42,0,准时,0,中通
DLV-05049,WO-202509-08447,C009,零跑汽车,2025-09-17 18:00,2025-09-10 15:07,2025-09-13 02:07,0,准时,0,中通
DLV-05050,WO-202509-08448,C008,吉利商用车,2025-09-26 15:00,2025-09-09 00:19,2025-09-11 02:19,0,准时,0,客户自提
DLV-05051,WO-202509-08449,C004,麦格纳,2025-09-23 18:00,2025-09-06 18:05,2025-09-09 03:05,0,准时,0,自配送
DLV-05052,WO-202509-08450,C009,零跑汽车,2025-09-12 18:00,2025-09-05 23:10,2025-09-08 20:10,0,准时,0,自配送
DLV-05053,WO-202509-08452,C003,佛吉亚,2025-09-16 18:00,2025-09-10 02:10,2025-09-10 14:10,0,准时,0,自配送
DLV-05054,WO-202509-08454,C001,东风彼欧,2025-09-23 18:00,2025-09-08 07:57,2025-09-09 15:57,0,准时,0,顺丰
DLV-05055,WO-202509-08455,C004,麦格纳,2025-09-14 09:00,2025-09-04 04:54,2025-09-05 10:54,0,准时,0,顺丰
DLV-05056,WO-202509-08457,C010,长城精工,2025-09-23 16:00,2025-09-04 01:40,2025-09-06 23:40,0,准时,0,顺丰
DLV-05057,WO-202509-08458,C001,东风彼欧,2025-09-18 18:00,2025-09-06 22:49,2025-09-07 17:49,0,准时,0,客户自提
DLV-05058,WO-202509-08459,C006,岚图汽车,2025-09-17 18:00,2025-09-05 10:13,2025-09-05 23:13,0,准时,0,顺丰
DLV-05059,WO-202509-08460,C011,比亚迪事业群,2025-09-16 15:00,2025-09-08 22:35,2025-09-10 00:35,0,准时,0,客户自提
DLV-05060,WO-202509-08461,C007,东风乘用车,2025-09-17 18:00,2025-09-03 13:54,2025-09-05 20:54,0,准时,0,顺丰
DLV-05061,WO-202509-08462,C006,岚图汽车,2025-09-26 17:00,2025-09-08 14:03,2025-09-09 12:03,0,准时,0,京东物流
DLV-05062,WO-202509-08466,C002,伟世通,2025-09-17 16:00,2025-09-08 09:46,2025-09-08 23:46,0,准时,0,自配送
DLV-05063,WO-202509-08468,C005,本田汽配,2025-09-24 14:00,2025-09-08 05:19,2025-09-08 21:19,0,准时,0,京东物流
DLV-05064,WO-202509-08469,C004,麦格纳,2025-09-17 11:00,2025-09-07 01:10,2025-09-09 00:10,0,准时,0,顺丰
DLV-05065,WO-202509-08470,C001,东风彼欧,2025-09-22 16:00,2025-09-09 12:53,2025-09-10 21:53,0,准时,0,中通
DLV-05066,WO-202509-08472,C006,岚图汽车,2025-09-18 16:00,2025-09-04 22:27,2025-09-05 06:27,0,准时,0,客户自提
DLV-05067,WO-202509-08475,C002,伟世通,2025-09-09 09:00,2025-09-04 12:15,2025-09-06 14:15,0,准时,0,客户自提
DLV-05068,WO-202509-08478,C003,佛吉亚,2025-09-18 17:00,2025-09-10 05:55,2025-09-12 16:55,0,准时,0,自配送
DLV-05069,WO-202509-08479,C005,本田汽配,2025-09-12 11:00,2025-09-05 02:46,2025-09-06 23:46,0,准时,0,顺丰
DLV-05070,WO-202509-08484,C010,长城精工,2025-09-11 18:00,2025-09-06 17:59,2025-09-07 09:59,0,准时,0,自配送
DLV-05071,WO-202509-08485,C006,岚图汽车,2025-09-18 18:00,2025-09-07 20:14,2025-09-10 04:14,0,准时,0,中通
DLV-05072,WO-202509-08487,C002,伟世通,2025-09-13 11:00,2025-09-04 07:30,2025-09-07 00:30,0,准时,0,中通
DLV-05073,WO-202509-08488,C010,长城精工,2025-09-12 14:00,2025-09-05 02:36,2025-09-07 11:36,0,准时,0,自配送
DLV-05074,WO-202509-08491,C011,比亚迪事业群,2025-09-15 17:00,2025-09-09 13:18,2025-09-11 00:18,0,准时,0,京东物流
DLV-05075,WO-202509-08492,C005,本田汽配,2025-09-22 11:00,2025-09-06 21:58,2025-09-07 17:58,0,准时,0,中通
DLV-05076,WO-202509-08493,C012,小鹏汽车,2025-09-22 15:00,2025-09-04 13:15,2025-09-06 15:15,0,准时,0,客户自提
DLV-05077,WO-202509-08494,C004,麦格纳,2025-09-14 17:00,2025-09-07 00:48,2025-09-08 22:48,0,准时,0,京东物流
DLV-05078,WO-202509-08495,C009,零跑汽车,2025-09-14 18:00,2025-09-05 19:55,2025-09-06 06:55,0,准时,0,客户自提
DLV-05079,WO-202509-08496,C003,佛吉亚,2025-09-21 09:00,2025-09-04 13:00,2025-09-07 13:00,0,准时,0,京东物流
DLV-05080,WO-202509-08497,C002,伟世通,2025-09-10 11:00,2025-09-05 12:28,2025-09-07 07:28,0,准时,0,京东物流
DLV-05081,WO-202509-08498,C010,长城精工,2025-09-10 08:00,2025-09-03 17:12,2025-09-05 23:12,0,准时,0,自配送
DLV-05082,WO-202509-08499,C005,本田汽配,2025-09-10 17:00,2025-09-03 20:12,2025-09-05 15:12,0,准时,0,客户自提
DLV-05083,WO-202509-08502,C001,东风彼欧,2025-09-21 11:00,2025-09-09 09:34,2025-09-11 00:34,0,准时,0,中通
DLV-05084,WO-202509-08506,C003,佛吉亚,2025-09-14 15:00,2025-09-09 16:38,2025-09-11 17:38,0,准时,0,客户自提
DLV-05085,WO-202509-08507,C011,比亚迪事业群,2025-09-20 13:00,2025-09-08 10:34,2025-09-09 17:34,0,准时,0,顺丰
DLV-05086,WO-202509-08508,C012,小鹏汽车,2025-09-18 18:00,2025-09-05 13:17,2025-09-06 13:17,0,准时,0,客户自提
DLV-05087,WO-202509-08509,C011,比亚迪事业群,2025-09-23 12:00,2025-09-08 19:27,2025-09-11 07:27,0,准时,0,中通
DLV-05088,WO-202509-08510,C008,吉利商用车,2025-09-15 17:00,2025-09-05 20:10,2025-09-06 05:10,0,准时,0,自配送
DLV-05089,WO-202509-08511,C008,吉利商用车,2025-09-12 10:00,2025-09-04 11:48,2025-09-07 11:48,0,准时,0,中通
DLV-05090,WO-202509-08516,C003,佛吉亚,2025-09-24 14:00,2025-09-08 14:32,2025-09-11 05:32,0,准时,0,客户自提
DLV-05091,WO-202509-08517,C007,东风乘用车,2025-09-24 09:00,2025-09-09 00:15,2025-09-11 20:15,0,准时,0,自配送
DLV-05092,WO-202509-08519,C009,零跑汽车,2025-09-11 13:00,2025-09-07 10:01,2025-09-09 03:01,0,准时,0,京东物流
DLV-05093,WO-202509-08520,C002,伟世通,2025-09-12 13:00,2025-09-04 08:52,2025-09-05 00:52,0,准时,0,自配送
DLV-05094,WO-202509-08521,C009,零跑汽车,2025-09-14 14:00,2025-09-05 07:53,2025-09-05 22:53,0,准时,0,京东物流
DLV-05095,WO-202509-08523,C004,麦格纳,2025-09-16 13:00,2025-09-09 08:25,2025-09-09 17:25,0,准时,0,京东物流
DLV-05096,WO-202509-08524,C009,零跑汽车,2025-09-12 13:00,2025-09-08 03:13,2025-09-08 14:13,0,准时,0,中通
DLV-05097,WO-202509-08527,C012,小鹏汽车,2025-09-18 14:00,2025-09-06 02:48,2025-09-07 17:48,0,准时,0,顺丰
DLV-05098,WO-202509-08528,C007,东风乘用车,2025-09-23 12:00,2025-09-08 00:22,2025-09-08 16:22,0,准时,0,顺丰
DLV-05099,WO-202509-08529,C003,佛吉亚,2025-09-18 13:00,2025-09-04 22:40,2025-09-06 10:40,0,准时,0,中通
DLV-05100,WO-202509-08530,C001,东风彼欧,2025-09-23 11:00,2025-09-04 21:54,2025-09-07 03:54,0,准时,0,客户自提
DLV-05101,WO-202509-08531,C001,东风彼欧,2025-09-16 12:00,2025-09-07 01:12,2025-09-09 11:12,0,准时,0,自配送
DLV-05102,WO-202509-08533,C003,佛吉亚,2025-09-17 13:00,2025-09-07 22:31,2025-09-10 15:31,0,准时,0,顺丰
DLV-05103,WO-202509-08536,C001,东风彼欧,2025-09-15 13:00,2025-09-06 20:35,2025-09-08 10:35,0,准时,0,客户自提
DLV-05104,WO-202509-08537,C006,岚图汽车,2025-09-26 16:00,2025-09-09 12:21,2025-09-10 11:21,0,准时,0,中通
DLV-05105,WO-202509-08538,C009,零跑汽车,2025-09-26 09:00,2025-09-06 20:49,2025-09-07 21:49,0,准时,0,自配送
DLV-05106,WO-202509-08539,C010,长城精工,2025-09-12 09:00,2025-09-04 08:32,2025-09-05 06:32,0,准时,0,顺丰
DLV-05107,WO-202509-08540,C007,东风乘用车,2025-09-14 10:00,2025-09-03 19:09,2025-09-05 17:09,0,准时,0,京东物流
DLV-05108,WO-202509-08543,C004,麦格纳,2025-09-22 15:00,2025-09-09 22:26,2025-09-10 22:26,0,准时,0,顺丰
DLV-05109,WO-202509-08544,C010,长城精工,2025-09-13 09:00,2025-09-03 02:57,2025-09-05 19:57,0,准时,0,自配送
DLV-05110,WO-202509-08545,C006,岚图汽车,2025-09-12 08:00,2025-09-08 15:31,2025-09-09 07:31,0,准时,0,顺丰
DLV-05111,WO-202509-08546,C008,吉利商用车,2025-09-19 09:00,2025-09-09 02:40,2025-09-09 18:40,0,准时,0,京东物流
DLV-05112,WO-202509-08547,C002,伟世通,2025-09-21 12:00,2025-09-03 10:45,2025-09-04 00:45,0,准时,0,客户自提
DLV-05113,WO-202509-08548,C007,东风乘用车,2025-09-22 14:00,2025-09-08 04:24,2025-09-10 17:24,0,准时,0,顺丰
DLV-05114,WO-202509-08549,C008,吉利商用车,2025-09-11 15:00,2025-09-08 00:10,2025-09-10 03:10,0,准时,0,京东物流
DLV-05115,WO-202509-08550,C010,长城精工,2025-09-13 11:00,2025-09-09 20:09,2025-09-10 11:09,0,准时,0,京东物流
DLV-05116,WO-202509-08551,C005,本田汽配,2025-09-11 11:00,2025-09-06 20:37,2025-09-09 12:37,0,准时,0,京东物流
DLV-05117,WO-202509-08552,C002,伟世通,2025-09-22 10:00,2025-09-06 12:48,2025-09-08 14:48,0,准时,0,自配送
DLV-05118,WO-202509-08553,C010,长城精工,2025-09-19 09:00,2025-09-06 10:59,2025-09-08 14:59,0,准时,0,中通
DLV-05119,WO-202509-08555,C002,伟世通,2025-09-23 13:00,2025-09-07 18:07,2025-09-08 12:07,0,准时,0,顺丰
DLV-05120,WO-202509-08557,C010,长城精工,2025-09-16 13:00,2025-09-05 21:18,2025-09-07 05:18,0,准时,0,中通
DLV-05121,WO-202509-08558,C007,东风乘用车,2025-09-16 08:00,2025-09-07 15:37,2025-09-10 10:37,0,准时,0,中通
DLV-05122,WO-202509-08560,C008,吉利商用车,2025-09-12 08:00,2025-09-04 23:34,2025-09-07 11:34,0,准时,0,自配送
DLV-05123,WO-202509-08564,C003,佛吉亚,2025-09-20 13:00,2025-09-03 11:03,2025-09-06 03:03,0,准时,0,中通
DLV-05124,WO-202509-08565,C004,麦格纳,2025-09-11 10:00,2025-09-07 20:54,2025-09-09 02:54,0,准时,0,客户自提
DLV-05125,WO-202509-08566,C012,小鹏汽车,2025-09-15 16:00,2025-09-06 19:03,2025-09-07 23:03,0,准时,0,客户自提
DLV-05126,WO-202509-08567,C001,东风彼欧,2025-09-14 18:00,2025-09-05 14:42,2025-09-08 03:42,0,准时,0,京东物流
DLV-05127,WO-202509-08568,C003,佛吉亚,2025-09-09 17:00,2025-09-04 11:25,2025-09-07 03:25,0,准时,0,客户自提
DLV-05128,WO-202509-08573,C001,东风彼欧,2025-09-09 14:00,2025-09-03 06:41,2025-09-03 23:41,0,准时,0,中通
DLV-05129,WO-202509-08574,C006,岚图汽车,2025-09-18 13:00,2025-09-07 20:18,2025-09-09 05:18,0,准时,0,自配送
DLV-05130,WO-202509-08575,C009,零跑汽车,2025-09-20 18:00,2025-09-08 11:51,2025-09-11 00:51,0,准时,0,中通
DLV-05131,WO-202509-08576,C012,小鹏汽车,2025-09-25 14:00,2025-09-08 14:48,2025-09-08 22:48,0,准时,0,京东物流
DLV-05132,WO-202509-08579,C004,麦格纳,2025-09-15 16:00,2025-09-06 10:01,2025-09-07 12:01,0,准时,0,京东物流
DLV-05133,WO-202509-08581,C008,吉利商用车,2025-09-23 08:00,2025-09-05 23:11,2025-09-07 04:11,0,准时,0,自配送
DLV-05134,WO-202509-08584,C007,东风乘用车,2025-09-15 16:00,2025-09-02 17:15,2025-09-04 14:15,0,准时,0,顺丰
DLV-05135,WO-202509-08585,C007,东风乘用车,2025-09-11 16:00,2025-09-04 22:20,2025-09-06 01:20,0,准时,0,顺丰
DLV-05136,WO-202509-08586,C001,东风彼欧,2025-09-22 17:00,2025-09-07 10:04,2025-09-09 19:04,0,准时,0,自配送
DLV-05137,WO-202509-08588,C008,吉利商用车,2025-09-20 17:00,2025-09-08 22:21,2025-09-11 12:21,0,准时,0,中通
DLV-05138,WO-202509-08589,C007,东风乘用车,2025-09-15 10:00,2025-09-06 21:37,2025-09-09 16:37,0,准时,0,客户自提
DLV-05139,WO-202509-08592,C009,零跑汽车,2025-09-25 12:00,2025-09-06 21:19,2025-09-07 23:19,0,准时,0,京东物流
DLV-05140,WO-202509-08594,C007,东风乘用车,2025-09-15 12:00,2025-09-06 12:19,2025-09-07 23:19,0,准时,0,客户自提
DLV-05141,WO-202509-08595,C012,小鹏汽车,2025-09-22 18:00,2025-09-08 17:30,2025-09-09 06:30,0,准时,0,中通
DLV-05142,WO-202509-08596,C003,佛吉亚,2025-09-23 16:00,2025-09-09 08:53,2025-09-10 21:53,0,准时,0,客户自提
DLV-05143,WO-202509-08598,C010,长城精工,2025-09-17 14:00,2025-09-10 00:42,2025-09-12 17:42,0,准时,0,中通
DLV-05144,WO-202509-08600,C003,佛吉亚,2025-09-13 09:00,2025-09-05 16:21,2025-09-08 13:21,0,准时,0,顺丰
DLV-05145,WO-202509-08601,C011,比亚迪事业群,2025-09-20 17:00,2025-09-02 20:33,2025-09-05 05:33,0,准时,0,顺丰
DLV-05146,WO-202509-08602,C002,伟世通,2025-09-24 15:00,2025-09-07 20:27,2025-09-08 16:27,0,准时,0,客户自提
DLV-05147,WO-202509-08604,C009,零跑汽车,2025-09-10 09:00,2025-09-05 04:54,2025-09-05 20:54,0,准时,0,中通
DLV-05148,WO-202509-08605,C001,东风彼欧,2025-09-14 08:00,2025-09-05 00:22,2025-09-06 04:22,0,准时,0,客户自提
DLV-05149,WO-202509-08606,C003,佛吉亚,2025-09-19 18:00,2025-09-06 15:22,2025-09-06 23:22,0,准时,0,中通
DLV-05150,WO-202509-08607,C011,比亚迪事业群,2025-09-14 18:00,2025-09-05 19:51,2025-09-06 16:51,0,准时,0,自配送
DLV-05151,WO-202509-08608,C004,麦格纳,2025-09-13 08:00,2025-09-05 05:22,2025-09-07 06:22,0,准时,0,自配送
DLV-05152,WO-202509-08609,C001,东风彼欧,2025-09-11 11:00,2025-09-06 14:55,2025-09-07 22:55,0,准时,0,中通
DLV-05153,WO-202509-08610,C011,比亚迪事业群,2025-09-23 12:00,2025-09-04 11:03,2025-09-05 01:03,0,准时,0,自配送
DLV-05154,WO-202509-08611,C007,东风乘用车,2025-09-24 12:00,2025-09-07 18:19,2025-09-08 02:19,0,准时,0,顺丰
DLV-05155,WO-202509-08613,C002,伟世通,2025-09-26 10:00,2025-09-07 16:42,2025-09-09 00:42,0,准时,0,自配送
DLV-05156,WO-202509-08615,C009,零跑汽车,2025-09-14 10:00,2025-09-07 00:26,2025-09-07 14:26,0,准时,0,京东物流
DLV-05157,WO-202509-08616,C003,佛吉亚,2025-09-17 15:00,2025-09-05 23:51,2025-09-08 04:51,0,准时,0,自配送
DLV-05158,WO-202509-08618,C006,岚图汽车,2025-09-11 17:00,2025-09-06 03:09,2025-09-08 01:09,0,准时,0,顺丰
DLV-05159,WO-202509-08621,C009,零跑汽车,2025-09-23 11:00,2025-09-06 10:21,2025-09-07 14:21,0,准时,0,客户自提
DLV-05160,WO-202509-08622,C005,本田汽配,2025-09-12 14:00,2025-09-09 16:36,2025-09-11 19:36,0,准时,0,顺丰
DLV-05161,WO-202509-08624,C009,零跑汽车,2025-09-14 16:00,2025-09-08 10:30,2025-09-11 05:30,0,准时,0,客户自提
DLV-05162,WO-202509-08625,C001,东风彼欧,2025-09-18 12:00,2025-09-08 15:15,2025-09-11 06:15,0,准时,0,客户自提
DLV-05163,WO-202509-08627,C010,长城精工,2025-09-18 13:00,2025-09-05 10:39,2025-09-07 07:39,0,准时,0,自配送
DLV-05164,WO-202509-08630,C002,伟世通,2025-09-24 09:00,2025-09-07 01:29,2025-09-09 04:29,0,准时,0,自配送
DLV-05165,WO-202509-08631,C010,长城精工,2025-09-14 12:00,2025-09-05 03:18,2025-09-07 09:18,0,准时,0,京东物流
DLV-05166,WO-202509-08634,C012,小鹏汽车,2025-09-21 11:00,2025-09-05 13:27,2025-09-07 04:27,0,准时,0,顺丰
DLV-05167,WO-202509-08635,C009,零跑汽车,2025-09-18 18:00,2025-09-08 03:59,2025-09-08 20:59,0,准时,0,中通
DLV-05168,WO-202509-08636,C009,零跑汽车,2025-09-15 18:00,2025-09-09 10:24,2025-09-10 04:24,0,准时,0,自配送
DLV-05169,WO-202509-08637,C004,麦格纳,2025-09-20 11:00,2025-09-08 07:35,2025-09-09 09:35,0,准时,0,自配送
DLV-05170,WO-202509-08639,C004,麦格纳,2025-09-14 10:00,2025-09-08 22:45,2025-09-10 11:45,0,准时,0,自配送
DLV-05171,WO-202509-08640,C008,吉利商用车,2025-09-25 09:00,2025-09-07 14:18,2025-09-10 05:18,0,准时,0,客户自提
DLV-05172,WO-202509-08641,C002,伟世通,2025-09-27 18:00,2025-09-08 12:26,2025-09-11 11:26,0,准时,0,客户自提
DLV-05173,WO-202509-08642,C002,伟世通,2025-09-20 14:00,2025-09-04 23:40,2025-09-07 17:40,0,准时,0,顺丰
DLV-05174,WO-202509-08643,C006,岚图汽车,2025-09-12 12:00,2025-09-05 17:55,2025-09-07 22:55,0,准时,0,自配送
DLV-05175,WO-202509-08644,C009,零跑汽车,2025-09-16 11:00,2025-09-03 02:02,2025-09-05 08:02,0,准时,0,自配送
DLV-05176,WO-202509-08645,C007,东风乘用车,2025-09-18 12:00,2025-09-07 13:37,2025-09-08 23:37,0,准时,0,中通
DLV-05177,WO-202509-08646,C009,零跑汽车,2025-09-20 15:00,2025-09-05 20:21,2025-09-07 15:21,0,准时,0,自配送
DLV-05178,WO-202509-08649,C008,吉利商用车,2025-09-18 12:00,2025-09-07 17:25,2025-09-09 09:25,0,准时,0,京东物流
DLV-05179,WO-202509-08652,C003,佛吉亚,2025-09-19 17:00,2025-09-09 00:09,2025-09-09 20:09,0,准时,0,自配送
DLV-05180,WO-202509-08654,C010,长城精工,2025-09-08 15:00,2025-09-03 09:51,2025-09-06 03:51,0,准时,0,京东物流
DLV-05181,WO-202509-08655,C008,吉利商用车,2025-09-16 17:00,2025-09-04 02:41,2025-09-05 00:41,0,准时,0,京东物流
DLV-05182,WO-202509-08656,C012,小鹏汽车,2025-09-14 15:00,2025-09-07 01:03,2025-09-09 07:03,0,准时,0,顺丰
DLV-05183,WO-202509-08657,C005,本田汽配,2025-09-12 16:00,2025-09-06 17:20,2025-09-07 12:20,0,准时,0,自配送
DLV-05184,WO-202509-08658,C006,岚图汽车,2025-09-17 16:00,2025-09-08 04:11,2025-09-10 10:11,0,准时,0,客户自提
DLV-05185,WO-202509-08659,C010,长城精工,2025-09-18 12:00,2025-09-05 11:27,2025-09-07 14:27,0,准时,0,顺丰
DLV-05186,WO-202509-08660,C008,吉利商用车,2025-09-19 10:00,2025-09-07 06:06,2025-09-08 12:06,0,准时,0,中通
DLV-05187,WO-202509-08661,C007,东风乘用车,2025-09-18 10:00,2025-09-04 20:51,2025-09-05 07:51,0,准时,0,顺丰
DLV-05188,WO-202509-08663,C005,本田汽配,2025-09-25 16:00,2025-09-07 08:32,2025-09-08 22:32,0,准时,0,中通
DLV-05189,WO-202509-08664,C008,吉利商用车,2025-09-15 15:00,2025-09-07 09:09,2025-09-08 13:09,0,准时,0,中通
DLV-05190,WO-202509-08669,C006,岚图汽车,2025-09-22 11:00,2025-09-09 11:38,2025-09-10 10:38,0,准时,0,京东物流
DLV-05191,WO-202509-08670,C010,长城精工,2025-09-27 10:00,2025-09-09 12:18,2025-09-11 00:18,0,准时,0,客户自提
DLV-05192,WO-202509-08673,C008,吉利商用车,2025-09-13 11:00,2025-09-07 18:26,2025-09-10 04:26,0,准时,0,自配送
DLV-05193,WO-202509-08674,C005,本田汽配,2025-09-15 08:00,2025-09-06 20:09,2025-09-07 10:09,0,准时,0,中通
DLV-05194,WO-202509-08676,C008,吉利商用车,2025-09-22 12:00,2025-09-06 11:04,2025-09-08 18:04,0,准时,0,京东物流
DLV-05195,WO-202509-08681,C006,岚图汽车,2025-09-24 17:00,2025-09-09 20:30,2025-09-12 02:30,0,准时,0,京东物流
DLV-05196,WO-202509-08682,C002,伟世通,2025-09-24 17:00,2025-09-08 02:21,2025-09-10 00:21,0,准时,0,京东物流
DLV-05197,WO-202509-08685,C009,零跑汽车,2025-09-14 09:00,2025-09-02 15:57,2025-09-05 08:57,0,准时,0,自配送
DLV-05198,WO-202509-08687,C001,东风彼欧,2025-09-14 09:00,2025-09-06 14:31,2025-09-08 16:31,0,准时,0,中通
DLV-05199,WO-202509-08690,C012,小鹏汽车,2025-09-20 14:00,2025-09-03 20:28,2025-09-06 18:28,0,准时,0,客户自提
DLV-05200,WO-202509-08691,C004,麦格纳,2025-09-20 09:00,2025-09-08 15:02,2025-09-11 04:02,0,准时,0,顺丰
DLV-05201,WO-202509-08692,C001,东风彼欧,2025-09-24 08:00,2025-09-08 17:24,2025-09-09 03:24,0,准时,0,自配送
DLV-05202,WO-202509-08696,C002,伟世通,2025-09-22 11:00,2025-09-06 01:33,2025-09-08 12:33,0,准时,0,顺丰
DLV-05203,WO-202509-08697,C010,长城精工,2025-09-15 15:00,2025-09-09 04:16,2025-09-09 12:16,0,准时,0,顺丰
DLV-05204,WO-202509-08698,C003,佛吉亚,2025-09-11 17:00,2025-09-07 10:11,2025-09-07 23:11,0,准时,0,京东物流
DLV-05205,WO-202509-08701,C008,吉利商用车,2025-09-25 08:00,2025-09-09 02:25,2025-09-09 22:25,0,准时,0,自配送
DLV-05206,WO-202509-08703,C005,本田汽配,2025-09-18 14:00,2025-09-05 09:28,2025-09-06 03:28,0,准时,0,中通
DLV-05207,WO-202509-08705,C003,佛吉亚,2025-09-23 08:00,2025-09-04 12:14,2025-09-05 14:14,0,准时,0,自配送
DLV-05208,WO-202509-08709,C009,零跑汽车,2025-09-21 18:00,2025-09-07 12:48,2025-09-09 10:48,0,准时,0,自配送
DLV-05209,WO-202509-08710,C004,麦格纳,2025-09-16 08:00,2025-09-03 21:31,2025-09-05 22:31,0,准时,0,中通
DLV-05210,WO-202509-08711,C004,麦格纳,2025-09-12 13:00,2025-09-06 22:13,2025-09-09 15:13,0,准时,0,自配送
DLV-05211,WO-202509-08713,C001,东风彼欧,2025-09-09 12:00,2025-09-06 01:41,2025-09-06 16:41,0,准时,0,京东物流
DLV-05212,WO-202509-08714,C007,东风乘用车,2025-09-09 10:00,2025-09-05 21:37,2025-09-08 08:37,0,准时,0,中通
DLV-05213,WO-202509-08715,C001,东风彼欧,2025-09-22 18:00,2025-09-08 03:28,2025-09-09 18:28,0,准时,0,客户自提
DLV-05214,WO-202509-08718,C008,吉利商用车,2025-09-14 08:00,2025-09-04 23:34,2025-09-07 15:34,0,准时,0,客户自提
DLV-05215,WO-202509-08720,C009,零跑汽车,2025-09-09 14:00,2025-09-06 06:01,2025-09-08 09:01,0,准时,0,京东物流
DLV-05216,WO-202509-08722,C001,东风彼欧,2025-09-19 14:00,2025-09-08 14:50,2025-09-09 17:50,0,准时,0,自配送
DLV-05217,WO-202509-08723,C004,麦格纳,2025-09-14 11:00,2025-09-05 03:18,2025-09-06 09:18,0,准时,0,顺丰
DLV-05218,WO-202509-08724,C005,本田汽配,2025-09-24 08:00,2025-09-05 06:16,2025-09-07 11:16,0,准时,0,中通
DLV-05219,WO-202509-08725,C010,长城精工,2025-09-18 14:00,2025-09-09 01:18,2025-09-10 04:18,0,准时,0,自配送
DLV-05220,WO-202509-08726,C012,小鹏汽车,2025-09-22 12:00,2025-09-07 18:13,2025-09-10 15:13,0,准时,0,客户自提
DLV-05221,WO-202509-08727,C002,伟世通,2025-09-12 11:00,2025-09-03 17:33,2025-09-05 15:33,0,准时,0,自配送
DLV-05222,WO-202509-08729,C007,东风乘用车,2025-09-19 14:00,2025-09-04 05:12,2025-09-06 03:12,0,准时,0,京东物流
DLV-05223,WO-202509-08731,C009,零跑汽车,2025-09-13 10:00,2025-09-09 07:30,2025-09-11 04:30,0,准时,0,中通
DLV-05224,WO-202509-08733,C012,小鹏汽车,2025-09-24 16:00,2025-09-05 23:13,2025-09-06 16:13,0,准时,0,客户自提
DLV-05225,WO-202509-08734,C012,小鹏汽车,2025-09-19 17:00,2025-09-10 08:45,2025-09-10 18:45,0,准时,0,顺丰
DLV-05226,WO-202509-08736,C002,伟世通,2025-09-12 17:00,2025-09-05 08:12,2025-09-08 03:12,0,准时,0,自配送
DLV-05227,WO-202509-08737,C002,伟世通,2025-09-11 17:00,2025-09-04 19:20,2025-09-05 07:20,0,准时,0,京东物流
DLV-05228,WO-202509-08739,C011,比亚迪事业群,2025-09-25 14:00,2025-09-07 11:10,2025-09-09 19:10,0,准时,0,顺丰
DLV-05229,WO-202509-08740,C007,东风乘用车,2025-09-15 11:00,2025-09-02 22:16,2025-09-05 16:16,0,准时,0,中通
DLV-05230,WO-202509-08741,C010,长城精工,2025-09-08 11:00,2025-09-04 01:25,2025-09-05 02:25,0,准时,0,中通
DLV-05231,WO-202509-08743,C006,岚图汽车,2025-09-12 13:00,2025-09-07 20:58,2025-09-09 20:58,0,准时,0,中通
DLV-05232,WO-202509-08745,C002,伟世通,2025-09-22 11:00,2025-09-05 04:33,2025-09-05 18:33,0,准时,0,中通
DLV-05233,WO-202509-08746,C004,麦格纳,2025-09-16 12:00,2025-09-08 04:52,2025-09-09 06:52,0,准时,0,自配送
DLV-05234,WO-202509-08748,C008,吉利商用车,2025-09-18 13:00,2025-09-07 22:39,2025-09-10 11:39,0,准时,0,顺丰
DLV-05235,WO-202509-08749,C007,东风乘用车,2025-09-11 17:00,2025-09-09 19:15,2025-09-11 20:15,3.2,准时,0,京东物流
DLV-05236,WO-202509-08750,C001,东风彼欧,2025-09-24 12:00,2025-09-10 00:19,2025-09-11 11:19,0,准时,0,顺丰
DLV-05237,WO-202509-08751,C001,东风彼欧,2025-09-24 14:00,2025-09-08 09:10,2025-09-09 10:10,0,准时,0,自配送
DLV-05238,WO-202509-08752,C006,岚图汽车,2025-09-19 14:00,2025-09-10 20:09,2025-09-12 06:09,0,准时,0,顺丰
DLV-05239,WO-202509-08756,C007,东风乘用车,2025-09-15 14:00,2025-09-08 03:58,2025-09-08 13:58,0,准时,0,客户自提
DLV-05240,WO-202509-08758,C005,本田汽配,2025-09-26 14:00,2025-09-07 14:12,2025-09-08 04:12,0,准时,0,京东物流
DLV-05241,WO-202509-08760,C005,本田汽配,2025-09-17 16:00,2025-09-04 09:37,2025-09-05 18:37,0,准时,0,顺丰
DLV-05242,WO-202509-08761,C002,伟世通,2025-09-25 17:00,2025-09-08 11:46,2025-09-09 22:46,0,准时,0,京东物流
DLV-05243,WO-202509-08763,C005,本田汽配,2025-09-20 12:00,2025-09-10 01:25,2025-09-12 20:25,0,准时,0,自配送
DLV-05244,WO-202509-08764,C010,长城精工,2025-09-16 17:00,2025-09-07 17:06,2025-09-08 19:06,0,准时,0,京东物流
DLV-05245,WO-202509-08765,C011,比亚迪事业群,2025-09-15 18:00,2025-09-05 07:24,2025-09-07 08:24,0,准时,0,客户自提
DLV-05246,WO-202509-08767,C004,麦格纳,2025-09-09 15:00,2025-09-05 00:35,2025-09-07 13:35,0,准时,0,顺丰
DLV-05247,WO-202509-08769,C003,佛吉亚,2025-09-09 09:00,2025-09-06 17:48,2025-09-07 22:48,0,准时,0,京东物流
DLV-05248,WO-202509-08770,C012,小鹏汽车,2025-09-22 15:00,2025-09-04 19:40,2025-09-07 14:40,0,准时,0,客户自提
DLV-05249,WO-202509-08772,C008,吉利商用车,2025-09-22 09:00,2025-09-07 22:31,2025-09-08 13:31,0,准时,0,中通
DLV-05250,WO-202509-08773,C005,本田汽配,2025-09-19 15:00,2025-09-05 15:52,2025-09-07 17:52,0,准时,0,中通
DLV-05251,WO-202509-08774,C007,东风乘用车,2025-09-14 16:00,2025-09-09 12:40,2025-09-11 02:40,0,准时,0,顺丰
DLV-05252,WO-202509-08775,C004,麦格纳,2025-09-19 16:00,2025-09-07 16:30,2025-09-08 06:30,0,准时,0,自配送
DLV-05253,WO-202509-08777,C007,东风乘用车,2025-09-11 10:00,2025-09-05 12:45,2025-09-07 17:45,0,准时,0,自配送
DLV-05254,WO-202509-08779,C009,零跑汽车,2025-09-16 11:00,2025-09-07 11:59,2025-09-09 09:59,0,准时,0,客户自提
DLV-05255,WO-202509-08780,C001,东风彼欧,2025-09-22 15:00,2025-09-07 23:13,2025-09-08 18:13,0,准时,0,自配送
DLV-05256,WO-202509-08782,C011,比亚迪事业群,2025-09-18 16:00,2025-09-06 18:17,2025-09-08 11:17,0,准时,0,中通
DLV-05257,WO-202509-08783,C011,比亚迪事业群,2025-09-12 10:00,2025-09-04 14:21,2025-09-07 03:21,0,准时,0,中通
DLV-05258,WO-202509-08785,C006,岚图汽车,2025-09-18 16:00,2025-09-07 00:01,2025-09-08 12:01,0,准时,0,中通
DLV-05259,WO-202509-08786,C003,佛吉亚,2025-09-25 14:00,2025-09-08 15:40,2025-09-11 02:40,0,准时,0,京东物流
DLV-05260,WO-202509-08787,C007,东风乘用车,2025-09-13 08:00,2025-09-05 16:06,2025-09-06 15:06,0,准时,0,客户自提
DLV-05261,WO-202509-08788,C009,零跑汽车,2025-09-12 09:00,2025-09-03 17:34,2025-09-05 06:34,0,准时,0,京东物流
DLV-05262,WO-202509-08790,C004,麦格纳,2025-09-20 17:00,2025-09-04 12:48,2025-09-07 02:48,0,准时,0,中通
DLV-05263,WO-202509-08791,C002,伟世通,2025-09-26 15:00,2025-09-10 07:31,2025-09-11 17:31,0,准时,0,顺丰
DLV-05264,WO-202509-08792,C010,长城精工,2025-09-22 08:00,2025-09-07 02:39,2025-09-08 16:39,0,准时,0,中通
DLV-05265,WO-202509-08795,C011,比亚迪事业群,2025-09-17 13:00,2025-09-08 06:43,2025-09-09 00:43,0,准时,0,京东物流
DLV-05266,WO-202509-08796,C010,长城精工,2025-09-22 10:00,2025-09-07 03:40,2025-09-08 17:40,0,准时,0,客户自提
DLV-05267,WO-202509-08798,C009,零跑汽车,2025-09-19 12:00,2025-09-05 03:30,2025-09-06 04:30,0,准时,0,自配送
DLV-05268,WO-202509-08799,C003,佛吉亚,2025-09-13 18:00,2025-09-06 20:35,2025-09-09 07:35,0,准时,0,京东物流
DLV-05269,WO-202509-08801,C006,岚图汽车,2025-09-23 14:00,2025-09-04 19:03,2025-09-06 22:03,0,准时,0,京东物流
DLV-05270,WO-202509-08804,C009,零跑汽车,2025-09-21 10:00,2025-09-07 20:12,2025-09-08 11:12,0,准时,0,顺丰
DLV-05271,WO-202509-08805,C008,吉利商用车,2025-09-22 16:00,2025-09-07 01:26,2025-09-08 21:26,0,准时,0,客户自提
DLV-05272,WO-202509-08806,C012,小鹏汽车,2025-09-11 11:00,2025-09-05 06:12,2025-09-06 10:12,0,准时,0,中通
DLV-05273,WO-202509-08807,C009,零跑汽车,2025-09-08 15:00,2025-09-05 10:43,2025-09-05 21:43,0,准时,0,顺丰
DLV-05274,WO-202509-08811,C008,吉利商用车,2025-09-19 08:00,2025-09-09 12:39,2025-09-12 05:39,0,准时,0,自配送
DLV-05275,WO-202509-08814,C005,本田汽配,2025-09-21 16:00,2025-09-07 09:15,2025-09-09 05:15,0,准时,0,中通
DLV-05276,WO-202509-08815,C006,岚图汽车,2025-09-14 16:00,2025-09-07 04:13,2025-09-09 13:13,0,准时,0,客户自提
DLV-05277,WO-202509-08816,C004,麦格纳,2025-09-14 14:00,2025-09-03 18:30,2025-09-06 04:30,0,准时,0,顺丰
DLV-05278,WO-202509-08817,C012,小鹏汽车,2025-09-14 08:00,2025-09-08 05:46,2025-09-10 17:46,0,准时,0,顺丰
DLV-05279,WO-202509-08819,C001,东风彼欧,2025-09-19 12:00,2025-09-04 23:33,2025-09-06 16:33,0,准时,0,客户自提
DLV-05280,WO-202510-08823,C006,岚图汽车,2025-10-24 13:00,2025-10-08 00:43,2025-10-10 15:43,0,准时,0,自配送
DLV-05281,WO-202510-08825,C008,吉利商用车,2025-10-24 12:00,2025-10-10 05:57,2025-10-11 12:57,0,准时,0,自配送
DLV-05282,WO-202510-08826,C006,岚图汽车,2025-10-25 18:00,2025-10-07 19:36,2025-10-08 04:36,0,准时,0,顺丰
DLV-05283,WO-202510-08828,C007,东风乘用车,2025-10-16 14:00,2025-10-06 19:39,2025-10-08 16:39,0,准时,0,京东物流
DLV-05284,WO-202510-08829,C003,佛吉亚,2025-10-09 14:00,2025-10-05 09:40,2025-10-07 22:40,0,准时,0,中通
DLV-05285,WO-202510-08830,C007,东风乘用车,2025-10-21 17:00,2025-10-07 17:56,2025-10-10 17:56,0,准时,0,京东物流
DLV-05286,WO-202510-08832,C010,长城精工,2025-10-23 08:00,2025-10-08 03:18,2025-10-09 22:18,0,准时,0,京东物流
DLV-05287,WO-202510-08834,C003,佛吉亚,2025-10-11 13:00,2025-10-03 15:48,2025-10-06 09:48,0,准时,0,顺丰
DLV-05288,WO-202510-08836,C010,长城精工,2025-10-11 14:00,2025-10-06 14:44,2025-10-09 04:44,0,准时,0,顺丰
DLV-05289,WO-202510-08837,C001,东风彼欧,2025-10-17 14:00,2025-10-07 13:24,2025-10-09 18:24,0,准时,0,中通
DLV-05290,WO-202510-08838,C006,岚图汽车,2025-10-23 12:00,2025-10-06 18:22,2025-10-08 05:22,0,准时,0,京东物流
DLV-05291,WO-202510-08839,C004,麦格纳,2025-10-13 13:00,2025-10-08 09:43,2025-10-08 21:43,0,准时,0,客户自提
DLV-05292,WO-202510-08841,C005,本田汽配,2025-10-14 15:00,2025-10-06 19:10,2025-10-08 02:10,0,准时,0,客户自提
DLV-05293,WO-202510-08842,C005,本田汽配,2025-10-25 10:00,2025-10-08 17:55,2025-10-11 13:55,0,准时,0,京东物流
DLV-05294,WO-202510-08846,C002,伟世通,2025-10-26 08:00,2025-10-10 05:45,2025-10-12 09:45,0,准时,0,客户自提
DLV-05295,WO-202510-08850,C003,佛吉亚,2025-10-23 11:00,2025-10-07 04:09,2025-10-09 23:09,0,准时,0,客户自提
DLV-05296,WO-202510-08854,C010,长城精工,2025-10-21 15:00,2025-10-07 15:21,2025-10-09 14:21,0,准时,0,中通
DLV-05297,WO-202510-08855,C003,佛吉亚,2025-10-18 11:00,2025-10-03 22:25,2025-10-04 13:25,0,准时,0,自配送
DLV-05298,WO-202510-08856,C009,零跑汽车,2025-10-19 17:00,2025-10-08 04:00,2025-10-08 17:00,0,准时,0,京东物流
DLV-05299,WO-202510-08857,C005,本田汽配,2025-10-22 13:00,2025-10-07 22:39,2025-10-09 13:39,0,准时,0,顺丰
DLV-05300,WO-202510-08859,C003,佛吉亚,2025-10-21 14:00,2025-10-10 09:39,2025-10-11 01:39,0,准时,0,自配送
DLV-05301,WO-202510-08860,C001,东风彼欧,2025-10-14 10:00,2025-10-05 12:33,2025-10-05 23:33,0,准时,0,自配送
DLV-05302,WO-202510-08862,C007,东风乘用车,2025-10-22 09:00,2025-10-06 07:13,2025-10-08 10:13,0,准时,0,顺丰
DLV-05303,WO-202510-08864,C010,长城精工,2025-10-15 10:00,2025-10-08 02:32,2025-10-10 01:32,0,准时,0,自配送
DLV-05304,WO-202510-08865,C005,本田汽配,2025-10-15 18:00,2025-10-04 08:51,2025-10-06 08:51,0,准时,0,自配送
DLV-05305,WO-202510-08866,C003,佛吉亚,2025-10-10 16:00,2025-10-03 20:07,2025-10-05 16:07,0,准时,0,顺丰
DLV-05306,WO-202510-08869,C012,小鹏汽车,2025-10-21 10:00,2025-10-05 18:01,2025-10-08 04:01,0,准时,0,顺丰
DLV-05307,WO-202510-08870,C002,伟世通,2025-10-18 09:00,2025-10-07 19:05,2025-10-09 23:05,0,准时,0,顺丰
DLV-05308,WO-202510-08871,C011,比亚迪事业群,2025-10-22 10:00,2025-10-04 08:08,2025-10-06 11:08,0,准时,0,中通
DLV-05309,WO-202510-08873,C012,小鹏汽车,2025-10-19 16:00,2025-10-08 00:34,2025-10-10 20:34,0,准时,0,京东物流
DLV-05310,WO-202510-08874,C005,本田汽配,2025-10-11 18:00,2025-10-05 15:25,2025-10-06 11:25,0,准时,0,顺丰
DLV-05311,WO-202510-08878,C011,比亚迪事业群,2025-10-09 15:00,2025-10-04 04:07,2025-10-06 08:07,0,准时,0,客户自提
DLV-05312,WO-202510-08879,C010,长城精工,2025-10-12 16:00,2025-10-06 12:40,2025-10-08 14:40,0,准时,0,自配送
DLV-05313,WO-202510-08880,C012,小鹏汽车,2025-10-10 14:00,2025-10-04 21:39,2025-10-05 07:39,0,准时,0,中通
DLV-05314,WO-202510-08881,C004,麦格纳,2025-10-16 12:00,2025-10-09 10:52,2025-10-10 07:52,0,准时,0,中通
DLV-05315,WO-202510-08885,C001,东风彼欧,2025-10-11 08:00,2025-10-06 06:49,2025-10-09 01:49,0,准时,0,顺丰
DLV-05316,WO-202510-08886,C006,岚图汽车,2025-10-22 15:00,2025-10-05 09:26,2025-10-07 12:26,0,准时,0,顺丰
DLV-05317,WO-202510-08887,C010,长城精工,2025-10-20 08:00,2025-10-08 13:06,2025-10-10 01:06,0,准时,0,客户自提
DLV-05318,WO-202510-08888,C011,比亚迪事业群,2025-10-14 08:00,2025-10-08 10:46,2025-10-10 01:46,0,准时,0,中通
DLV-05319,WO-202510-08890,C009,零跑汽车,2025-10-20 10:00,2025-10-03 14:53,2025-10-04 18:53,0,准时,0,自配送
DLV-05320,WO-202510-08891,C012,小鹏汽车,2025-10-23 09:00,2025-10-08 05:27,2025-10-10 21:27,0,准时,0,中通
DLV-05321,WO-202510-08892,C005,本田汽配,2025-10-19 15:00,2025-10-09 10:19,2025-10-09 23:19,0,准时,0,客户自提
DLV-05322,WO-202510-08893,C008,吉利商用车,2025-10-17 15:00,2025-10-06 23:58,2025-10-09 18:58,0,准时,0,客户自提
DLV-05323,WO-202510-08894,C005,本田汽配,2025-10-19 12:00,2025-10-06 15:56,2025-10-08 21:56,0,准时,0,京东物流
DLV-05324,WO-202510-08895,C012,小鹏汽车,2025-10-14 08:00,2025-10-08 07:45,2025-10-09 17:45,0,准时,0,顺丰
DLV-05325,WO-202510-08896,C001,东风彼欧,2025-10-10 17:00,2025-10-05 05:11,2025-10-07 12:11,0,准时,0,京东物流
DLV-05326,WO-202510-08897,C011,比亚迪事业群,2025-10-12 13:00,2025-10-04 00:26,2025-10-04 15:26,0,准时,0,客户自提
DLV-05327,WO-202510-08898,C011,比亚迪事业群,2025-10-18 16:00,2025-10-06 08:55,2025-10-08 09:55,0,准时,0,自配送
DLV-05328,WO-202510-08899,C003,佛吉亚,2025-10-22 15:00,2025-10-08 03:15,2025-10-10 07:15,0,准时,0,自配送
DLV-05329,WO-202510-08900,C003,佛吉亚,2025-10-19 15:00,2025-10-05 03:03,2025-10-07 12:03,0,准时,0,京东物流
DLV-05330,WO-202510-08905,C008,吉利商用车,2025-10-25 09:00,2025-10-07 00:09,2025-10-07 20:09,0,准时,0,顺丰
DLV-05331,WO-202510-08906,C004,麦格纳,2025-10-17 15:00,2025-10-05 02:17,2025-10-08 01:17,0,准时,0,客户自提
DLV-05332,WO-202510-08907,C012,小鹏汽车,2025-10-17 10:00,2025-10-07 13:13,2025-10-08 09:13,0,准时,0,顺丰
DLV-05333,WO-202510-08908,C003,佛吉亚,2025-10-17 14:00,2025-10-06 00:23,2025-10-08 03:23,0,准时,0,京东物流
DLV-05334,WO-202510-08912,C008,吉利商用车,2025-10-22 16:00,2025-10-05 20:48,2025-10-08 07:48,0,准时,0,自配送
DLV-05335,WO-202510-08915,C009,零跑汽车,2025-10-18 17:00,2025-10-06 13:17,2025-10-09 06:17,0,准时,0,客户自提
DLV-05336,WO-202510-08916,C007,东风乘用车,2025-10-15 13:00,2025-10-08 05:12,2025-10-09 14:12,0,准时,0,京东物流
DLV-05337,WO-202510-08918,C012,小鹏汽车,2025-10-17 16:00,2025-10-07 05:01,2025-10-07 20:01,0,准时,0,自配送
DLV-05338,WO-202510-08919,C007,东风乘用车,2025-10-17 08:00,2025-10-07 18:24,2025-10-08 22:24,0,准时,0,客户自提
DLV-05339,WO-202510-08920,C007,东风乘用车,2025-10-16 16:00,2025-10-05 07:07,2025-10-06 15:07,0,准时,0,客户自提
DLV-05340,WO-202510-08921,C009,零跑汽车,2025-10-22 09:00,2025-10-09 09:54,2025-10-09 22:54,0,准时,0,客户自提
DLV-05341,WO-202510-08923,C010,长城精工,2025-10-15 08:00,2025-10-05 16:12,2025-10-07 08:12,0,准时,0,自配送
DLV-05342,WO-202510-08924,C002,伟世通,2025-10-26 11:00,2025-10-07 20:25,2025-10-10 01:25,0,准时,0,客户自提
DLV-05343,WO-202510-08925,C002,伟世通,2025-10-19 16:00,2025-10-03 07:06,2025-10-04 08:06,0,准时,0,京东物流
DLV-05344,WO-202510-08928,C001,东风彼欧,2025-10-14 18:00,2025-10-06 20:25,2025-10-08 16:25,0,准时,0,自配送
DLV-05345,WO-202510-08930,C009,零跑汽车,2025-10-13 11:00,2025-10-04 05:45,2025-10-05 16:45,0,准时,0,顺丰
DLV-05346,WO-202510-08931,C007,东风乘用车,2025-10-14 17:00,2025-10-04 11:28,2025-10-05 00:28,0,准时,0,客户自提
DLV-05347,WO-202510-08933,C005,本田汽配,2025-10-09 18:00,2025-10-04 03:40,2025-10-06 01:40,0,准时,0,顺丰
DLV-05348,WO-202510-08935,C008,吉利商用车,2025-10-13 10:00,2025-10-07 03:41,2025-10-09 05:41,0,准时,0,客户自提
DLV-05349,WO-202510-08936,C006,岚图汽车,2025-10-12 11:00,2025-10-05 14:31,2025-10-08 05:31,0,准时,0,中通
DLV-05350,WO-202510-08937,C008,吉利商用车,2025-10-14 09:00,2025-10-10 08:12,2025-10-12 17:12,0,准时,0,中通
DLV-05351,WO-202510-08941,C008,吉利商用车,2025-10-22 08:00,2025-10-04 14:57,2025-10-05 22:57,0,准时,0,顺丰
DLV-05352,WO-202510-08942,C004,麦格纳,2025-10-12 09:00,2025-10-06 20:12,2025-10-07 10:12,0,准时,0,中通
DLV-05353,WO-202510-08943,C007,东风乘用车,2025-10-16 13:00,2025-10-07 19:21,2025-10-08 19:21,0,准时,0,中通
DLV-05354,WO-202510-08945,C006,岚图汽车,2025-10-15 09:00,2025-10-08 03:25,2025-10-08 18:25,0,准时,0,京东物流
DLV-05355,WO-202510-08947,C005,本田汽配,2025-10-15 12:00,2025-10-06 09:31,2025-10-07 01:31,0,准时,0,客户自提
DLV-05356,WO-202510-08948,C007,东风乘用车,2025-10-18 10:00,2025-10-03 14:48,2025-10-06 06:48,0,准时,0,客户自提
DLV-05357,WO-202510-08950,C011,比亚迪事业群,2025-10-19 11:00,2025-10-07 21:19,2025-10-08 08:19,0,准时,0,中通
DLV-05358,WO-202510-08951,C010,长城精工,2025-10-27 18:00,2025-10-10 01:14,2025-10-11 16:14,0,准时,0,京东物流
DLV-05359,WO-202510-08954,C004,麦格纳,2025-10-22 13:00,2025-10-07 12:50,2025-10-08 18:50,0,准时,0,中通
DLV-05360,WO-202510-08955,C008,吉利商用车,2025-10-24 11:00,2025-10-06 11:18,2025-10-07 07:18,0,准时,0,京东物流
DLV-05361,WO-202510-08957,C004,麦格纳,2025-10-18 08:00,2025-10-06 14:28,2025-10-07 16:28,0,准时,0,自配送
DLV-05362,WO-202510-08958,C005,本田汽配,2025-10-21 14:00,2025-10-03 06:50,2025-10-04 09:50,0,准时,0,京东物流
DLV-05363,WO-202510-08960,C004,麦格纳,2025-10-18 17:00,2025-10-07 07:56,2025-10-07 17:56,0,准时,0,京东物流
DLV-05364,WO-202510-08964,C002,伟世通,2025-10-12 15:00,2025-10-05 12:01,2025-10-07 15:01,0,准时,0,客户自提
DLV-05365,WO-202510-08965,C005,本田汽配,2025-10-11 13:00,2025-10-06 16:11,2025-10-08 01:11,0,准时,0,自配送
DLV-05366,WO-202510-08966,C012,小鹏汽车,2025-10-13 15:00,2025-10-04 04:40,2025-10-06 06:40,0,准时,0,中通
DLV-05367,WO-202510-08968,C012,小鹏汽车,2025-10-16 10:00,2025-10-05 20:29,2025-10-07 08:29,0,准时,0,中通
DLV-05368,WO-202510-08970,C004,麦格纳,2025-10-18 08:00,2025-10-08 14:04,2025-10-09 22:04,0,准时,0,客户自提
DLV-05369,WO-202510-08971,C007,东风乘用车,2025-10-18 14:00,2025-10-04 12:57,2025-10-05 15:57,0,准时,0,客户自提
DLV-05370,WO-202510-08972,C011,比亚迪事业群,2025-10-22 16:00,2025-10-05 01:03,2025-10-06 02:03,0,准时,0,客户自提
DLV-05371,WO-202510-08973,C010,长城精工,2025-10-17 08:00,2025-10-06 01:10,2025-10-08 11:10,0,准时,0,京东物流
DLV-05372,WO-202510-08974,C010,长城精工,2025-10-24 13:00,2025-10-08 10:35,2025-10-10 03:35,0,准时,0,自配送
DLV-05373,WO-202510-08976,C001,东风彼欧,2025-10-15 14:00,2025-10-03 15:30,2025-10-04 03:30,0,准时,0,中通
DLV-05374,WO-202510-08977,C002,伟世通,2025-10-22 18:00,2025-10-07 23:39,2025-10-09 03:39,0,准时,0,中通
DLV-05375,WO-202510-08979,C007,东风乘用车,2025-10-22 09:00,2025-10-04 16:04,2025-10-06 10:04,0,准时,0,中通
DLV-05376,WO-202510-08980,C007,东风乘用车,2025-10-10 08:00,2025-10-05 09:58,2025-10-05 23:58,0,准时,0,中通
DLV-05377,WO-202510-08982,C005,本田汽配,2025-10-13 10:00,2025-10-10 00:24,2025-10-12 02:24,0,准时,0,客户自提
DLV-05378,WO-202510-08983,C008,吉利商用车,2025-10-18 14:00,2025-10-07 20:16,2025-10-09 06:16,0,准时,0,客户自提
DLV-05379,WO-202510-08985,C003,佛吉亚,2025-10-23 09:00,2025-10-09 00:41,2025-10-11 20:41,0,准时,0,顺丰
DLV-05380,WO-202510-08987,C003,佛吉亚,2025-10-14 08:00,2025-10-05 21:07,2025-10-07 04:07,0,准时,0,顺丰
DLV-05381,WO-202510-08989,C005,本田汽配,2025-10-24 10:00,2025-10-09 09:49,2025-10-10 17:49,0,准时,0,京东物流
DLV-05382,WO-202510-08990,C010,长城精工,2025-10-24 17:00,2025-10-10 21:30,2025-10-12 09:30,0,准时,0,京东物流
DLV-05383,WO-202510-08991,C012,小鹏汽车,2025-10-13 10:00,2025-10-09 10:06,2025-10-10 19:06,0,准时,0,顺丰
DLV-05384,WO-202510-08992,C011,比亚迪事业群,2025-10-18 15:00,2025-10-06 22:16,2025-10-08 00:16,0,准时,0,中通
DLV-05385,WO-202510-08995,C011,比亚迪事业群,2025-10-08 11:00,2025-10-03 09:59,2025-10-04 11:59,0,准时,0,京东物流
DLV-05386,WO-202510-08996,C011,比亚迪事业群,2025-10-23 17:00,2025-10-09 02:58,2025-10-11 05:58,0,准时,0,京东物流
DLV-05387,WO-202510-08998,C003,佛吉亚,2025-10-16 17:00,2025-10-03 07:07,2025-10-05 19:07,0,准时,0,顺丰
DLV-05388,WO-202510-08999,C009,零跑汽车,2025-10-10 15:00,2025-10-06 09:07,2025-10-07 03:07,0,准时,0,自配送
DLV-05389,WO-202510-09000,C004,麦格纳,2025-10-17 16:00,2025-10-05 17:32,2025-10-07 00:32,0,准时,0,自配送
DLV-05390,WO-202510-09001,C007,东风乘用车,2025-10-22 08:00,2025-10-05 18:42,2025-10-07 01:42,0,准时,0,顺丰
DLV-05391,WO-202510-09004,C005,本田汽配,2025-10-26 16:00,2025-10-07 01:31,2025-10-08 06:31,0,准时,0,中通
DLV-05392,WO-202510-09008,C007,东风乘用车,2025-10-26 14:00,2025-10-07 03:52,2025-10-09 06:52,0,准时,0,中通
DLV-05393,WO-202510-09009,C001,东风彼欧,2025-10-21 12:00,2025-10-02 23:51,2025-10-05 06:51,0,准时,0,客户自提
DLV-05394,WO-202510-09011,C003,佛吉亚,2025-10-23 08:00,2025-10-08 08:57,2025-10-10 06:57,0,准时,0,中通
DLV-05395,WO-202510-09013,C001,东风彼欧,2025-10-13 14:00,2025-10-08 06:39,2025-10-10 06:39,0,准时,0,中通
DLV-05396,WO-202510-09014,C011,比亚迪事业群,2025-10-17 17:00,2025-10-07 20:38,2025-10-08 11:38,0,准时,0,自配送
DLV-05397,WO-202510-09015,C008,吉利商用车,2025-10-18 15:00,2025-10-10 09:05,2025-10-11 11:05,0,准时,0,顺丰
DLV-05398,WO-202510-09016,C005,本田汽配,2025-10-15 09:00,2025-10-05 17:18,2025-10-08 10:18,0,准时,0,京东物流
DLV-05399,WO-202510-09017,C010,长城精工,2025-10-15 11:00,2025-10-05 01:03,2025-10-06 09:03,0,准时,0,客户自提
DLV-05400,WO-202510-09018,C012,小鹏汽车,2025-10-11 12:00,2025-10-03 16:09,2025-10-05 07:09,0,准时,0,京东物流
DLV-05401,WO-202510-09019,C005,本田汽配,2025-10-20 12:00,2025-10-06 13:40,2025-10-06 23:40,0,准时,0,自配送
DLV-05402,WO-202510-09021,C003,佛吉亚,2025-10-18 08:00,2025-10-04 17:22,2025-10-06 13:22,0,准时,0,自配送
DLV-05403,WO-202510-09022,C010,长城精工,2025-10-11 09:00,2025-10-03 21:22,2025-10-06 13:22,0,准时,0,自配送
DLV-05404,WO-202510-09025,C006,岚图汽车,2025-10-10 10:00,2025-10-06 08:56,2025-10-06 23:56,0,准时,0,顺丰
DLV-05405,WO-202510-09027,C011,比亚迪事业群,2025-10-15 13:00,2025-10-05 17:13,2025-10-08 09:13,0,准时,0,自配送
DLV-05406,WO-202510-09030,C002,伟世通,2025-10-15 10:00,2025-10-05 20:57,2025-10-08 11:57,0,准时,0,中通
DLV-05407,WO-202510-09032,C002,伟世通,2025-10-22 14:00,2025-10-08 22:20,2025-10-11 00:20,0,准时,0,京东物流
DLV-05408,WO-202510-09033,C008,吉利商用车,2025-10-15 15:00,2025-10-03 17:39,2025-10-04 03:39,0,准时,0,京东物流
DLV-05409,WO-202510-09035,C011,比亚迪事业群,2025-10-19 15:00,2025-10-05 05:07,2025-10-07 22:07,0,准时,0,中通
DLV-05410,WO-202510-09038,C009,零跑汽车,2025-10-15 10:00,2025-10-09 07:27,2025-10-11 12:27,0,准时,0,京东物流
DLV-05411,WO-202510-09040,C004,麦格纳,2025-10-11 18:00,2025-10-08 02:52,2025-10-09 13:52,0,准时,0,自配送
DLV-05412,WO-202510-09041,C011,比亚迪事业群,2025-10-19 18:00,2025-10-06 13:19,2025-10-08 17:19,0,准时,0,顺丰
DLV-05413,WO-202510-09042,C009,零跑汽车,2025-10-10 11:00,2025-10-04 22:12,2025-10-05 20:12,0,准时,0,自配送
DLV-05414,WO-202510-09043,C012,小鹏汽车,2025-10-17 14:00,2025-10-08 06:45,2025-10-10 12:45,0,准时,0,中通
DLV-05415,WO-202510-09044,C009,零跑汽车,2025-10-22 13:00,2025-10-06 00:43,2025-10-07 21:43,0,准时,0,客户自提
DLV-05416,WO-202510-09045,C012,小鹏汽车,2025-10-19 18:00,2025-10-07 20:39,2025-10-09 22:39,0,准时,0,顺丰
DLV-05417,WO-202510-09046,C006,岚图汽车,2025-10-23 12:00,2025-10-04 22:32,2025-10-07 18:32,0,准时,0,客户自提
DLV-05418,WO-202510-09047,C008,吉利商用车,2025-10-12 15:00,2025-10-08 09:34,2025-10-10 17:34,0,准时,0,京东物流
DLV-05419,WO-202510-09049,C003,佛吉亚,2025-10-20 14:00,2025-10-08 05:42,2025-10-08 20:42,0,准时,0,自配送
DLV-05420,WO-202510-09051,C012,小鹏汽车,2025-10-22 10:00,2025-10-05 17:08,2025-10-07 23:08,0,准时,0,中通
DLV-05421,WO-202510-09054,C012,小鹏汽车,2025-10-12 12:00,2025-10-04 23:19,2025-10-06 11:19,0,准时,0,顺丰
DLV-05422,WO-202510-09056,C009,零跑汽车,2025-10-20 14:00,2025-10-04 09:43,2025-10-05 12:43,0,准时,0,自配送
DLV-05423,WO-202510-09058,C012,小鹏汽车,2025-10-27 09:00,2025-10-09 05:20,2025-10-10 02:20,0,准时,0,中通
DLV-05424,WO-202510-09062,C003,佛吉亚,2025-10-14 18:00,2025-10-07 03:16,2025-10-08 12:16,0,准时,0,顺丰
DLV-05425,WO-202510-09063,C006,岚图汽车,2025-10-19 12:00,2025-10-05 10:09,2025-10-06 17:09,0,准时,0,顺丰
DLV-05426,WO-202510-09064,C011,比亚迪事业群,2025-10-21 18:00,2025-10-07 03:58,2025-10-10 01:58,0,准时,0,京东物流
DLV-05427,WO-202510-09066,C012,小鹏汽车,2025-10-22 10:00,2025-10-05 21:56,2025-10-06 23:56,0,准时,0,中通
DLV-05428,WO-202510-09067,C007,东风乘用车,2025-10-22 13:00,2025-10-06 20:12,2025-10-08 20:12,0,准时,0,顺丰
DLV-05429,WO-202510-09071,C009,零跑汽车,2025-10-20 16:00,2025-10-07 23:37,2025-10-09 02:37,0,准时,0,中通
DLV-05430,WO-202510-09073,C001,东风彼欧,2025-10-21 10:00,2025-10-03 14:27,2025-10-06 06:27,0,准时,0,京东物流
DLV-05431,WO-202510-09074,C002,伟世通,2025-10-19 12:00,2025-10-07 20:18,2025-10-09 14:18,0,准时,0,客户自提
DLV-05432,WO-202510-09075,C002,伟世通,2025-10-17 18:00,2025-10-09 21:10,2025-10-11 22:10,0,准时,0,自配送
DLV-05433,WO-202510-09080,C007,东风乘用车,2025-10-22 13:00,2025-10-06 13:30,2025-10-07 21:30,0,准时,0,顺丰
DLV-05434,WO-202510-09081,C006,岚图汽车,2025-10-19 11:00,2025-10-06 00:30,2025-10-08 09:30,0,准时,0,京东物流
DLV-05435,WO-202510-09082,C008,吉利商用车,2025-10-18 16:00,2025-10-05 22:15,2025-10-07 23:15,0,准时,0,中通
DLV-05436,WO-202510-09083,C007,东风乘用车,2025-10-15 08:00,2025-10-04 09:30,2025-10-05 04:30,0,准时,0,客户自提
DLV-05437,WO-202510-09085,C004,麦格纳,2025-10-09 18:00,2025-10-04 18:43,2025-10-07 09:43,0,准时,0,客户自提
DLV-05438,WO-202510-09086,C012,小鹏汽车,2025-10-16 08:00,2025-10-04 08:51,2025-10-05 16:51,0,准时,0,客户自提
DLV-05439,WO-202510-09087,C007,东风乘用车,2025-10-19 12:00,2025-10-08 12:10,2025-10-10 07:10,0,准时,0,客户自提
DLV-05440,WO-202510-09089,C005,本田汽配,2025-10-27 17:00,2025-10-10 01:51,2025-10-12 21:51,0,准时,0,自配送
DLV-05441,WO-202510-09090,C011,比亚迪事业群,2025-10-26 14:00,2025-10-09 02:37,2025-10-12 02:37,0,准时,0,客户自提
DLV-05442,WO-202510-09091,C005,本田汽配,2025-10-22 15:00,2025-10-09 12:42,2025-10-10 05:42,0,准时,0,自配送
DLV-05443,WO-202510-09092,C007,东风乘用车,2025-10-24 10:00,2025-10-09 01:43,2025-10-10 05:43,0,准时,0,自配送
DLV-05444,WO-202510-09094,C011,比亚迪事业群,2025-10-14 14:00,2025-10-05 05:09,2025-10-06 03:09,0,准时,0,客户自提
DLV-05445,WO-202510-09097,C012,小鹏汽车,2025-10-17 10:00,2025-10-05 06:53,2025-10-08 02:53,0,准时,0,自配送
DLV-05446,WO-202510-09100,C008,吉利商用车,2025-10-16 15:00,2025-10-04 09:51,2025-10-07 06:51,0,准时,0,客户自提
DLV-05447,WO-202510-09101,C003,佛吉亚,2025-10-25 15:00,2025-10-09 15:16,2025-10-10 17:16,0,准时,0,顺丰
DLV-05448,WO-202510-09105,C010,长城精工,2025-10-13 10:00,2025-10-05 06:43,2025-10-06 06:43,0,准时,0,顺丰
DLV-05449,WO-202510-09106,C010,长城精工,2025-10-17 14:00,2025-10-04 16:30,2025-10-05 11:30,0,准时,0,客户自提
DLV-05450,WO-202510-09107,C002,伟世通,2025-10-13 16:00,2025-10-10 05:37,2025-10-11 01:37,0,准时,0,顺丰
DLV-05451,WO-202510-09108,C011,比亚迪事业群,2025-10-20 08:00,2025-10-04 08:18,2025-10-06 15:18,0,准时,0,客户自提
DLV-05452,WO-202510-09109,C012,小鹏汽车,2025-10-24 10:00,2025-10-07 14:48,2025-10-09 13:48,0,准时,0,中通
DLV-05453,WO-202510-09110,C005,本田汽配,2025-10-16 08:00,2025-10-05 15:13,2025-10-06 02:13,0,准时,0,自配送
DLV-05454,WO-202510-09111,C007,东风乘用车,2025-10-09 18:00,2025-10-05 13:30,2025-10-06 20:30,0,准时,0,顺丰
DLV-05455,WO-202510-09113,C001,东风彼欧,2025-10-18 12:00,2025-10-07 09:13,2025-10-08 11:13,0,准时,0,京东物流
DLV-05456,WO-202510-09114,C001,东风彼欧,2025-10-23 14:00,2025-10-05 02:58,2025-10-07 03:58,0,准时,0,自配送
DLV-05457,WO-202510-09116,C005,本田汽配,2025-10-17 14:00,2025-10-07 06:24,2025-10-07 17:24,0,准时,0,京东物流
DLV-05458,WO-202510-09119,C008,吉利商用车,2025-10-09 09:00,2025-10-05 03:34,2025-10-06 21:34,0,准时,0,京东物流
DLV-05459,WO-202510-09120,C012,小鹏汽车,2025-10-13 12:00,2025-10-04 15:28,2025-10-06 00:28,0,准时,0,京东物流
DLV-05460,WO-202510-09123,C006,岚图汽车,2025-10-25 10:00,2025-10-08 05:49,2025-10-11 05:49,0,准时,0,顺丰
DLV-05461,WO-202510-09124,C001,东风彼欧,2025-10-11 13:00,2025-10-05 01:22,2025-10-06 12:22,0,准时,0,客户自提
DLV-05462,WO-202510-09126,C012,小鹏汽车,2025-10-20 15:00,2025-10-03 20:24,2025-10-06 06:24,0,准时,0,京东物流
DLV-05463,WO-202510-09127,C011,比亚迪事业群,2025-10-19 12:00,2025-10-09 02:41,2025-10-10 02:41,0,准时,0,京东物流
DLV-05464,WO-202510-09131,C003,佛吉亚,2025-10-17 16:00,2025-10-04 00:22,2025-10-06 19:22,0,准时,0,中通
DLV-05465,WO-202510-09132,C011,比亚迪事业群,2025-10-16 10:00,2025-10-04 12:52,2025-10-05 05:52,0,准时,0,中通
DLV-05466,WO-202510-09133,C006,岚图汽车,2025-10-21 17:00,2025-10-07 02:36,2025-10-08 09:36,0,准时,0,中通
DLV-05467,WO-202510-09134,C010,长城精工,2025-10-16 16:00,2025-10-05 05:21,2025-10-07 17:21,0,准时,0,客户自提
DLV-05468,WO-202510-09135,C005,本田汽配,2025-10-27 18:00,2025-10-08 22:33,2025-10-09 16:33,0,准时,0,客户自提
DLV-05469,WO-202510-09136,C003,佛吉亚,2025-10-16 17:00,2025-10-08 15:44,2025-10-10 11:44,0,准时,0,京东物流
DLV-05470,WO-202510-09137,C006,岚图汽车,2025-10-20 12:00,2025-10-04 23:51,2025-10-07 05:51,0,准时,0,客户自提
DLV-05471,WO-202510-09138,C001,东风彼欧,2025-10-24 08:00,2025-10-07 04:15,2025-10-09 11:15,0,准时,0,自配送
DLV-05472,WO-202510-09140,C012,小鹏汽车,2025-10-26 18:00,2025-10-07 09:49,2025-10-09 16:49,0,准时,0,京东物流
DLV-05473,WO-202510-09143,C011,比亚迪事业群,2025-10-17 16:00,2025-10-07 18:48,2025-10-10 05:48,0,准时,0,顺丰
DLV-05474,WO-202510-09144,C006,岚图汽车,2025-10-23 09:00,2025-10-07 07:37,2025-10-08 02:37,0,准时,0,顺丰
DLV-05475,WO-202510-09145,C002,伟世通,2025-10-25 11:00,2025-10-07 11:40,2025-10-08 02:40,0,准时,0,京东物流
DLV-05476,WO-202510-09147,C001,东风彼欧,2025-10-11 15:00,2025-10-06 16:24,2025-10-08 23:24,0,准时,0,中通
DLV-05477,WO-202510-09149,C002,伟世通,2025-10-13 10:00,2025-10-06 20:27,2025-10-07 23:27,0,准时,0,顺丰
DLV-05478,WO-202510-09150,C008,吉利商用车,2025-10-17 09:00,2025-10-08 20:40,2025-10-09 09:40,0,准时,0,顺丰
DLV-05479,WO-202510-09154,C008,吉利商用车,2025-10-16 16:00,2025-10-04 04:15,2025-10-04 23:15,0,准时,0,客户自提
DLV-05480,WO-202510-09155,C001,东风彼欧,2025-10-21 13:00,2025-10-07 19:29,2025-10-10 07:29,0,准时,0,顺丰
DLV-05481,WO-202510-09156,C006,岚图汽车,2025-10-19 13:00,2025-10-03 18:29,2025-10-05 11:29,0,准时,0,自配送
DLV-05482,WO-202510-09159,C002,伟世通,2025-10-14 14:00,2025-10-06 21:54,2025-10-08 09:54,0,准时,0,顺丰
DLV-05483,WO-202510-09160,C002,伟世通,2025-10-25 11:00,2025-10-07 18:00,2025-10-10 16:00,0,准时,0,京东物流
DLV-05484,WO-202510-09163,C009,零跑汽车,2025-10-18 14:00,2025-10-08 01:48,2025-10-08 15:48,0,准时,0,自配送
DLV-05485,WO-202510-09165,C010,长城精工,2025-10-22 15:00,2025-10-07 17:21,2025-10-10 07:21,0,准时,0,中通
DLV-05486,WO-202510-09169,C010,长城精工,2025-10-17 14:00,2025-10-10 02:03,2025-10-12 02:03,0,准时,0,京东物流
DLV-05487,WO-202510-09170,C006,岚图汽车,2025-10-14 16:00,2025-10-06 06:15,2025-10-08 13:15,0,准时,0,中通
DLV-05488,WO-202510-09171,C005,本田汽配,2025-10-16 13:00,2025-10-07 11:37,2025-10-07 23:37,0,准时,0,中通
DLV-05489,WO-202510-09173,C004,麦格纳,2025-10-23 11:00,2025-10-05 21:27,2025-10-06 05:27,0,准时,0,中通
DLV-05490,WO-202510-09175,C008,吉利商用车,2025-10-18 17:00,2025-10-08 22:30,2025-10-11 21:30,0,准时,0,京东物流
DLV-05491,WO-202510-09176,C007,东风乘用车,2025-10-24 11:00,2025-10-08 15:22,2025-10-10 04:22,0,准时,0,客户自提
DLV-05492,WO-202510-09177,C012,小鹏汽车,2025-10-10 18:00,2025-10-03 13:13,2025-10-04 09:13,0,准时,0,中通
DLV-05493,WO-202510-09178,C007,东风乘用车,2025-10-21 15:00,2025-10-05 03:51,2025-10-06 06:51,0,准时,0,中通
DLV-05494,WO-202510-09180,C005,本田汽配,2025-10-09 09:00,2025-10-04 03:24,2025-10-07 02:24,0,准时,0,中通
DLV-05495,WO-202510-09183,C009,零跑汽车,2025-10-19 18:00,2025-10-06 10:34,2025-10-07 11:34,0,准时,0,京东物流
DLV-05496,WO-202510-09184,C002,伟世通,2025-10-24 14:00,2025-10-10 02:55,2025-10-12 21:55,0,准时,0,自配送
DLV-05497,WO-202510-09187,C002,伟世通,2025-10-09 16:00,2025-10-04 16:39,2025-10-05 19:39,0,准时,0,自配送
DLV-05498,WO-202510-09189,C002,伟世通,2025-10-19 16:00,2025-10-06 18:15,2025-10-07 05:15,0,准时,0,自配送
DLV-05499,WO-202510-09190,C007,东风乘用车,2025-10-15 11:00,2025-10-09 07:18,2025-10-11 08:18,0,准时,0,客户自提
DLV-05500,WO-202510-09191,C010,长城精工,2025-10-13 15:00,2025-10-08 03:24,2025-10-08 13:24,0,准时,0,京东物流
DLV-05501,WO-202510-09192,C006,岚图汽车,2025-10-13 18:00,2025-10-08 12:36,2025-10-09 00:36,0,准时,0,客户自提
DLV-05502,WO-202510-09195,C010,长城精工,2025-10-12 10:00,2025-10-06 00:22,2025-10-07 04:22,0,准时,0,京东物流
DLV-05503,WO-202510-09197,C010,长城精工,2025-10-14 11:00,2025-10-03 04:45,2025-10-06 00:45,0,准时,0,客户自提
DLV-05504,WO-202510-09198,C002,伟世通,2025-10-15 08:00,2025-10-09 08:08,2025-10-09 23:08,0,准时,0,中通
DLV-05505,WO-202510-09201,C007,东风乘用车,2025-10-17 11:00,2025-10-06 07:32,2025-10-08 18:32,0,准时,0,顺丰
DLV-05506,WO-202510-09202,C010,长城精工,2025-10-19 14:00,2025-10-08 06:26,2025-10-08 22:26,0,准时,0,客户自提
DLV-05507,WO-202510-09203,C008,吉利商用车,2025-10-19 13:00,2025-10-09 13:28,2025-10-11 13:28,0,准时,0,自配送
DLV-05508,WO-202510-09204,C008,吉利商用车,2025-10-17 11:00,2025-10-02 23:54,2025-10-04 20:54,0,准时,0,中通
DLV-05509,WO-202510-09205,C003,佛吉亚,2025-10-19 10:00,2025-10-06 11:07,2025-10-09 03:07,0,准时,0,京东物流
DLV-05510,WO-202510-09209,C012,小鹏汽车,2025-10-15 10:00,2025-10-06 13:03,2025-10-08 07:03,0,准时,0,中通
DLV-05511,WO-202510-09210,C004,麦格纳,2025-10-17 13:00,2025-10-10 07:16,2025-10-12 10:16,0,准时,0,客户自提
DLV-05512,WO-202510-09212,C008,吉利商用车,2025-10-21 12:00,2025-10-07 20:21,2025-10-09 11:21,0,准时,0,客户自提
DLV-05513,WO-202510-09213,C005,本田汽配,2025-10-16 18:00,2025-10-07 05:39,2025-10-08 04:39,0,准时,0,客户自提
DLV-05514,WO-202510-09215,C006,岚图汽车,2025-10-18 16:00,2025-10-05 18:48,2025-10-06 17:48,0,准时,0,客户自提
DLV-05515,WO-202510-09216,C001,东风彼欧,2025-10-23 15:00,2025-10-06 11:11,2025-10-07 06:11,0,准时,0,顺丰
DLV-05516,WO-202510-09217,C012,小鹏汽车,2025-10-12 12:00,2025-10-03 17:28,2025-10-04 18:28,0,准时,0,中通
DLV-05517,WO-202510-09218,C008,吉利商用车,2025-10-11 13:00,2025-10-05 09:44,2025-10-07 20:44,0,准时,0,顺丰
DLV-05518,WO-202510-09220,C008,吉利商用车,2025-10-25 11:00,2025-10-07 11:46,2025-10-10 08:46,0,准时,0,客户自提
DLV-05519,WO-202510-09221,C004,麦格纳,2025-10-27 08:00,2025-10-10 00:22,2025-10-12 15:22,0,准时,0,京东物流
DLV-05520,WO-202510-09222,C007,东风乘用车,2025-10-21 09:00,2025-10-07 22:15,2025-10-09 22:15,0,准时,0,顺丰
DLV-05521,WO-202510-09223,C004,麦格纳,2025-10-13 14:00,2025-10-04 00:43,2025-10-05 09:43,0,准时,0,京东物流
DLV-05522,WO-202510-09224,C001,东风彼欧,2025-10-13 11:00,2025-10-06 20:32,2025-10-09 01:32,0,准时,0,京东物流
DLV-05523,WO-202510-09225,C012,小鹏汽车,2025-10-16 11:00,2025-10-08 01:57,2025-10-09 00:57,0,准时,0,客户自提
DLV-05524,WO-202510-09228,C005,本田汽配,2025-10-24 13:00,2025-10-07 09:04,2025-10-09 20:04,0,准时,0,自配送
DLV-05525,WO-202510-09229,C004,麦格纳,2025-10-10 08:00,2025-10-06 19:17,2025-10-07 22:17,0,准时,0,京东物流
DLV-05526,WO-202510-09233,C002,伟世通,2025-10-20 17:00,2025-10-07 14:25,2025-10-08 20:25,0,准时,0,自配送
DLV-05527,WO-202510-09234,C001,东风彼欧,2025-10-20 18:00,2025-10-06 09:45,2025-10-09 08:45,0,准时,0,客户自提
DLV-05528,WO-202510-09235,C007,东风乘用车,2025-10-13 12:00,2025-10-02 16:23,2025-10-03 11:23,0,准时,0,自配送
DLV-05529,WO-202510-09236,C010,长城精工,2025-10-26 12:00,2025-10-08 22:54,2025-10-10 12:54,0,准时,0,顺丰
DLV-05530,WO-202510-09238,C004,麦格纳,2025-10-13 16:00,2025-10-08 11:12,2025-10-09 08:12,0,准时,0,中通
DLV-05531,WO-202510-09239,C010,长城精工,2025-10-23 12:00,2025-10-07 16:16,2025-10-08 22:16,0,准时,0,顺丰
DLV-05532,WO-202510-09240,C004,麦格纳,2025-10-13 13:00,2025-10-03 15:27,2025-10-04 19:27,0,准时,0,自配送
DLV-05533,WO-202510-09242,C010,长城精工,2025-10-20 18:00,2025-10-07 06:26,2025-10-08 15:26,0,准时,0,自配送
DLV-05534,WO-202510-09244,C011,比亚迪事业群,2025-10-23 10:00,2025-10-08 03:52,2025-10-09 05:52,0,准时,0,京东物流
DLV-05535,WO-202510-09246,C001,东风彼欧,2025-10-13 16:00,2025-10-05 03:03,2025-10-07 13:03,0,准时,0,顺丰
DLV-05536,WO-202510-09247,C006,岚图汽车,2025-10-14 15:00,2025-10-02 16:45,2025-10-03 01:45,0,准时,0,中通
DLV-05537,WO-202510-09248,C003,佛吉亚,2025-10-08 16:00,2025-10-04 17:01,2025-10-06 17:01,0,准时,0,中通
DLV-05538,WO-202510-09249,C011,比亚迪事业群,2025-10-13 12:00,2025-10-07 13:25,2025-10-09 08:25,0,准时,0,顺丰
DLV-05539,WO-202510-09250,C005,本田汽配,2025-10-25 15:00,2025-10-10 13:01,2025-10-13 13:01,0,准时,0,顺丰
DLV-05540,WO-202510-09252,C006,岚图汽车,2025-10-15 09:00,2025-10-02 15:55,2025-10-05 09:55,0,准时,0,自配送
DLV-05541,WO-202510-09254,C001,东风彼欧,2025-10-19 08:00,2025-10-05 05:39,2025-10-06 05:39,0,准时,0,中通
DLV-05542,WO-202510-09255,C004,麦格纳,2025-10-23 12:00,2025-10-06 02:07,2025-10-07 00:07,0,准时,0,中通
DLV-05543,WO-202510-09256,C012,小鹏汽车,2025-10-20 10:00,2025-10-07 01:42,2025-10-09 13:42,0,准时,0,客户自提
DLV-05544,WO-202510-09257,C002,伟世通,2025-10-15 12:00,2025-10-05 21:19,2025-10-08 18:19,0,准时,0,中通
DLV-05545,WO-202510-09259,C010,长城精工,2025-10-11 11:00,2025-10-05 12:43,2025-10-07 18:43,0,准时,0,客户自提
DLV-05546,WO-202510-09260,C008,吉利商用车,2025-10-24 12:00,2025-10-11 10:57,2025-10-13 06:57,0,准时,0,客户自提
DLV-05547,WO-202510-09263,C011,比亚迪事业群,2025-10-12 08:00,2025-10-04 11:10,2025-10-06 16:10,0,准时,0,顺丰
DLV-05548,WO-202510-09266,C012,小鹏汽车,2025-10-21 12:00,2025-10-06 01:54,2025-10-07 10:54,0,准时,0,客户自提
DLV-05549,WO-202510-09270,C006,岚图汽车,2025-10-15 16:00,2025-10-05 18:48,2025-10-06 19:48,0,准时,0,自配送
DLV-05550,WO-202510-09271,C010,长城精工,2025-10-23 17:00,2025-10-10 16:28,2025-10-12 18:28,0,准时,0,自配送
DLV-05551,WO-202510-09275,C007,东风乘用车,2025-10-25 12:00,2025-10-06 18:06,2025-10-07 04:06,0,准时,0,顺丰
DLV-05552,WO-202510-09280,C009,零跑汽车,2025-10-23 18:00,2025-10-08 19:22,2025-10-09 05:22,0,准时,0,顺丰
DLV-05553,WO-202510-09281,C009,零跑汽车,2025-10-24 16:00,2025-10-10 02:27,2025-10-11 01:27,0,准时,0,顺丰
DLV-05554,WO-202510-09283,C011,比亚迪事业群,2025-10-19 14:00,2025-10-04 21:56,2025-10-05 09:56,0,准时,0,客户自提
DLV-05555,WO-202510-09284,C004,麦格纳,2025-10-23 15:00,2025-10-09 14:49,2025-10-12 00:49,0,准时,0,客户自提
DLV-05556,WO-202510-09287,C011,比亚迪事业群,2025-10-23 18:00,2025-10-05 05:16,2025-10-07 05:16,0,准时,0,京东物流
DLV-05557,WO-202510-09289,C010,长城精工,2025-10-24 11:00,2025-10-08 19:34,2025-10-09 17:34,0,准时,0,京东物流
DLV-05558,WO-202510-09290,C007,东风乘用车,2025-10-08 16:00,2025-10-03 09:09,2025-10-05 22:09,0,准时,0,顺丰
DLV-05559,WO-202510-09292,C010,长城精工,2025-10-25 09:00,2025-10-07 12:11,2025-10-08 18:11,0,准时,0,自配送
DLV-05560,WO-202510-09293,C007,东风乘用车,2025-10-12 14:00,2025-10-04 15:11,2025-10-07 14:11,0,准时,0,客户自提
DLV-05561,WO-202510-09295,C011,比亚迪事业群,2025-10-21 11:00,2025-10-05 21:43,2025-10-08 06:43,0,准时,0,自配送
DLV-05562,WO-202510-09297,C009,零跑汽车,2025-10-13 16:00,2025-10-04 09:13,2025-10-07 00:13,0,准时,0,顺丰
DLV-05563,WO-202510-09300,C012,小鹏汽车,2025-10-16 14:00,2025-10-10 00:11,2025-10-11 05:11,0,准时,0,顺丰
DLV-05564,WO-202510-09301,C009,零跑汽车,2025-10-12 13:00,2025-10-06 01:39,2025-10-07 07:39,0,准时,0,中通
DLV-05565,WO-202510-09303,C010,长城精工,2025-10-21 13:00,2025-10-03 19:19,2025-10-05 22:19,0,准时,0,客户自提
DLV-05566,WO-202510-09304,C012,小鹏汽车,2025-10-19 12:00,2025-10-06 18:50,2025-10-09 14:50,0,准时,0,顺丰
DLV-05567,WO-202510-09305,C007,东风乘用车,2025-10-10 12:00,2025-10-07 02:42,2025-10-07 16:42,0,准时,0,中通
DLV-05568,WO-202510-09307,C004,麦格纳,2025-10-16 18:00,2025-10-09 15:43,2025-10-10 05:43,0,准时,0,顺丰
DLV-05569,WO-202510-09308,C010,长城精工,2025-10-23 09:00,2025-10-07 03:24,2025-10-09 07:24,0,准时,0,自配送
DLV-05570,WO-202510-09309,C005,本田汽配,2025-10-16 08:00,2025-10-06 16:52,2025-10-08 17:52,0,准时,0,中通
DLV-05571,WO-202510-09310,C007,东风乘用车,2025-10-18 15:00,2025-10-09 12:33,2025-10-11 08:33,0,准时,0,中通
DLV-05572,WO-202510-09312,C007,东风乘用车,2025-10-09 16:00,2025-10-04 21:10,2025-10-05 16:10,0,准时,0,自配送
DLV-05573,WO-202510-09313,C003,佛吉亚,2025-10-22 14:00,2025-10-02 20:00,2025-10-05 19:00,0,准时,0,顺丰
DLV-05574,WO-202510-09314,C011,比亚迪事业群,2025-10-20 11:00,2025-10-08 22:31,2025-10-09 09:31,0,准时,0,中通
DLV-05575,WO-202510-09315,C002,伟世通,2025-10-19 13:00,2025-10-06 23:10,2025-10-08 12:10,0,准时,0,京东物流
DLV-05576,WO-202510-09317,C002,伟世通,2025-10-13 12:00,2025-10-06 01:31,2025-10-06 13:31,0,准时,0,自配送
DLV-05577,WO-202510-09319,C003,佛吉亚,2025-10-12 18:00,2025-10-03 12:27,2025-10-04 18:27,0,准时,0,客户自提
DLV-05578,WO-202510-09321,C006,岚图汽车,2025-10-14 10:00,2025-10-08 21:18,2025-10-09 08:18,0,准时,0,自配送
DLV-05579,WO-202510-09322,C009,零跑汽车,2025-10-12 16:00,2025-10-08 00:36,2025-10-09 00:36,0,准时,0,顺丰
DLV-05580,WO-202510-09323,C011,比亚迪事业群,2025-10-21 16:00,2025-10-04 02:40,2025-10-06 16:40,0,准时,0,京东物流
DLV-05581,WO-202510-09325,C002,伟世通,2025-10-21 16:00,2025-10-10 00:18,2025-10-12 08:18,0,准时,0,客户自提
DLV-05582,WO-202510-09326,C003,佛吉亚,2025-10-15 10:00,2025-10-04 22:34,2025-10-07 11:34,0,准时,0,自配送
DLV-05583,WO-202510-09327,C008,吉利商用车,2025-10-12 17:00,2025-10-07 20:18,2025-10-09 07:18,0,准时,0,京东物流
DLV-05584,WO-202510-09331,C004,麦格纳,2025-10-15 17:00,2025-10-08 04:03,2025-10-10 13:03,0,准时,0,自配送
DLV-05585,WO-202510-09333,C003,佛吉亚,2025-10-15 08:00,2025-10-02 08:16,2025-10-03 21:16,0,准时,0,客户自提
DLV-05586,WO-202510-09338,C011,比亚迪事业群,2025-10-21 09:00,2025-10-04 05:04,2025-10-07 04:04,0,准时,0,京东物流
DLV-05587,WO-202510-09339,C006,岚图汽车,2025-10-21 18:00,2025-10-04 04:04,2025-10-05 06:04,0,准时,0,中通
DLV-05588,WO-202510-09340,C003,佛吉亚,2025-10-27 18:00,2025-10-08 18:27,2025-10-10 01:27,0,准时,0,自配送
DLV-05589,WO-202510-09341,C008,吉利商用车,2025-10-15 09:00,2025-10-09 00:15,2025-10-11 09:15,0,准时,0,京东物流
DLV-05590,WO-202510-09345,C012,小鹏汽车,2025-10-14 14:00,2025-10-03 21:39,2025-10-04 12:39,0,准时,0,顺丰
DLV-05591,WO-202510-09348,C012,小鹏汽车,2025-10-23 16:00,2025-10-06 02:28,2025-10-08 03:28,0,准时,0,顺丰
DLV-05592,WO-202510-09349,C003,佛吉亚,2025-10-24 11:00,2025-10-09 15:39,2025-10-12 08:39,0,准时,0,中通
DLV-05593,WO-202510-09352,C011,比亚迪事业群,2025-10-15 09:00,2025-10-05 05:21,2025-10-07 13:21,0,准时,0,京东物流
DLV-05594,WO-202510-09353,C004,麦格纳,2025-10-14 12:00,2025-10-06 00:06,2025-10-08 14:06,0,准时,0,顺丰
DLV-05595,WO-202510-09355,C002,伟世通,2025-10-27 16:00,2025-10-08 19:24,2025-10-11 05:24,0,准时,0,自配送
DLV-05596,WO-202510-09356,C009,零跑汽车,2025-10-24 11:00,2025-10-09 09:31,2025-10-10 16:31,0,准时,0,顺丰
DLV-05597,WO-202510-09357,C011,比亚迪事业群,2025-10-20 13:00,2025-10-02 19:36,2025-10-03 16:36,0,准时,0,京东物流
DLV-05598,WO-202510-09358,C004,麦格纳,2025-10-20 15:00,2025-10-08 01:38,2025-10-09 07:38,0,准时,0,客户自提
DLV-05599,WO-202510-09359,C007,东风乘用车,2025-10-16 09:00,2025-10-06 05:50,2025-10-07 16:50,0,准时,0,顺丰
DLV-05600,WO-202510-09361,C009,零跑汽车,2025-10-12 16:00,2025-10-07 16:59,2025-10-10 14:59,0,准时,0,自配送
DLV-05601,WO-202510-09362,C002,伟世通,2025-10-21 13:00,2025-10-04 18:46,2025-10-07 17:46,0,准时,0,客户自提
DLV-05602,WO-202510-09364,C003,佛吉亚,2025-10-14 14:00,2025-10-05 14:24,2025-10-08 03:24,0,准时,0,客户自提
DLV-05603,WO-202510-09368,C005,本田汽配,2025-10-20 09:00,2025-10-06 02:17,2025-10-08 13:17,0,准时,0,自配送
DLV-05604,WO-202510-09369,C008,吉利商用车,2025-10-15 11:00,2025-10-08 16:54,2025-10-09 10:54,0,准时,0,京东物流
DLV-05605,WO-202510-09371,C007,东风乘用车,2025-10-17 18:00,2025-10-05 04:27,2025-10-05 13:27,0,准时,0,顺丰
DLV-05606,WO-202510-09373,C006,岚图汽车,2025-10-24 13:00,2025-10-07 06:05,2025-10-07 17:05,0,准时,0,中通
DLV-05607,WO-202510-09374,C001,东风彼欧,2025-10-21 15:00,2025-10-08 18:05,2025-10-10 20:05,0,准时,0,客户自提
DLV-05608,WO-202510-09375,C002,伟世通,2025-10-15 09:00,2025-10-04 13:13,2025-10-05 18:13,0,准时,0,顺丰
DLV-05609,WO-202510-09376,C001,东风彼欧,2025-10-11 13:00,2025-10-06 12:39,2025-10-08 06:39,0,准时,0,客户自提
DLV-05610,WO-202510-09377,C006,岚图汽车,2025-10-21 18:00,2025-10-04 06:58,2025-10-05 23:58,0,准时,0,自配送
DLV-05611,WO-202510-09379,C006,岚图汽车,2025-10-13 13:00,2025-10-05 01:21,2025-10-07 12:21,0,准时,0,顺丰
DLV-05612,WO-202510-09381,C008,吉利商用车,2025-10-14 11:00,2025-10-04 14:30,2025-10-06 01:30,0,准时,0,自配送
DLV-05613,WO-202510-09382,C004,麦格纳,2025-10-12 18:00,2025-10-09 10:36,2025-10-10 00:36,0,准时,0,自配送
DLV-05614,WO-202510-09383,C005,本田汽配,2025-10-21 18:00,2025-10-05 16:37,2025-10-08 13:37,0,准时,0,中通
DLV-05615,WO-202510-09384,C001,东风彼欧,2025-10-16 16:00,2025-10-02 18:07,2025-10-05 05:07,0,准时,0,客户自提
DLV-05616,WO-202510-09385,C011,比亚迪事业群,2025-10-17 14:00,2025-10-04 19:26,2025-10-05 16:26,0,准时,0,自配送
DLV-05617,WO-202510-09386,C003,佛吉亚,2025-10-21 13:00,2025-10-05 09:14,2025-10-07 14:14,0,准时,0,自配送
DLV-05618,WO-202511-09389,C011,比亚迪事业群,2025-11-11 16:00,2025-11-06 11:16,2025-11-09 05:16,0,准时,0,中通
DLV-05619,WO-202511-09391,C007,东风乘用车,2025-11-13 16:00,2025-11-08 05:34,2025-11-08 18:34,0,准时,0,顺丰
DLV-05620,WO-202511-09394,C011,比亚迪事业群,2025-11-15 09:00,2025-11-04 06:43,2025-11-05 01:43,0,准时,0,自配送
DLV-05621,WO-202511-09395,C012,小鹏汽车,2025-11-18 10:00,2025-11-07 01:11,2025-11-08 07:11,0,准时,0,自配送
DLV-05622,WO-202511-09396,C007,东风乘用车,2025-11-25 12:00,2025-11-09 05:06,2025-11-10 23:06,0,准时,0,中通
DLV-05623,WO-202511-09397,C006,岚图汽车,2025-11-15 13:00,2025-11-03 04:43,2025-11-05 12:43,0,准时,0,中通
DLV-05624,WO-202511-09400,C009,零跑汽车,2025-11-11 17:00,2025-11-08 05:31,2025-11-09 01:31,0,准时,0,顺丰
DLV-05625,WO-202511-09401,C003,佛吉亚,2025-11-10 10:00,2025-11-04 11:34,2025-11-07 03:34,0,准时,0,顺丰
DLV-05626,WO-202511-09402,C010,长城精工,2025-11-16 11:00,2025-11-03 15:48,2025-11-04 12:48,0,准时,0,客户自提
DLV-05627,WO-202511-09404,C006,岚图汽车,2025-11-20 10:00,2025-11-03 08:30,2025-11-04 22:30,0,准时,0,自配送
DLV-05628,WO-202511-09406,C004,麦格纳,2025-11-25 09:00,2025-11-08 07:12,2025-11-09 17:12,0,准时,0,顺丰
DLV-05629,WO-202511-09408,C006,岚图汽车,2025-11-15 12:00,2025-11-04 20:49,2025-11-07 13:49,0,准时,0,自配送
DLV-05630,WO-202511-09409,C010,长城精工,2025-11-24 12:00,2025-11-06 05:55,2025-11-08 09:55,0,准时,0,自配送
DLV-05631,WO-202511-09413,C005,本田汽配,2025-11-16 13:00,2025-11-07 00:18,2025-11-09 11:18,0,准时,0,客户自提
DLV-05632,WO-202511-09414,C010,长城精工,2025-11-25 13:00,2025-11-10 05:39,2025-11-11 15:39,0,准时,0,京东物流
DLV-05633,WO-202511-09415,C007,东风乘用车,2025-11-15 10:00,2025-11-04 16:17,2025-11-06 14:17,0,准时,0,顺丰
DLV-05634,WO-202511-09417,C003,佛吉亚,2025-11-08 14:00,2025-11-05 09:09,2025-11-07 21:09,0,准时,0,顺丰
DLV-05635,WO-202511-09418,C002,伟世通,2025-11-12 09:00,2025-11-05 09:49,2025-11-06 22:49,0,准时,0,中通
DLV-05636,WO-202511-09420,C003,佛吉亚,2025-11-12 13:00,2025-11-02 17:07,2025-11-03 04:07,0,准时,0,中通
DLV-05637,WO-202511-09421,C004,麦格纳,2025-11-15 11:00,2025-11-10 07:39,2025-11-10 21:39,0,准时,0,客户自提
DLV-05638,WO-202511-09422,C005,本田汽配,2025-11-27 15:00,2025-11-09 14:36,2025-11-11 20:36,0,准时,0,顺丰
DLV-05639,WO-202511-09423,C010,长城精工,2025-11-25 15:00,2025-11-06 02:07,2025-11-07 08:07,0,准时,0,中通
DLV-05640,WO-202511-09424,C010,长城精工,2025-11-14 12:00,2025-11-08 17:18,2025-11-10 07:18,0,准时,0,自配送
DLV-05641,WO-202511-09427,C012,小鹏汽车,2025-11-20 11:00,2025-11-06 01:09,2025-11-06 15:09,0,准时,0,自配送
DLV-05642,WO-202511-09428,C009,零跑汽车,2025-11-11 16:00,2025-11-06 11:33,2025-11-06 22:33,0,准时,0,京东物流
DLV-05643,WO-202511-09430,C004,麦格纳,2025-11-22 14:00,2025-11-05 01:35,2025-11-06 17:35,0,准时,0,京东物流
DLV-05644,WO-202511-09431,C003,佛吉亚,2025-11-13 16:00,2025-11-10 12:09,2025-11-11 15:09,0,准时,0,客户自提
DLV-05645,WO-202511-09432,C003,佛吉亚,2025-11-10 14:00,2025-11-04 05:31,2025-11-05 13:31,0,准时,0,客户自提
DLV-05646,WO-202511-09434,C007,东风乘用车,2025-11-22 17:00,2025-11-04 11:06,2025-11-07 11:06,0,准时,0,京东物流
DLV-05647,WO-202511-09435,C004,麦格纳,2025-11-10 10:00,2025-11-03 17:10,2025-11-06 14:10,0,准时,0,顺丰
DLV-05648,WO-202511-09437,C010,长城精工,2025-11-24 17:00,2025-11-07 12:00,2025-11-08 01:00,0,准时,0,京东物流
DLV-05649,WO-202511-09439,C008,吉利商用车,2025-11-22 08:00,2025-11-04 04:50,2025-11-05 20:50,0,准时,0,自配送
DLV-05650,WO-202511-09440,C001,东风彼欧,2025-11-16 11:00,2025-11-06 02:16,2025-11-06 12:16,0,准时,0,中通
DLV-05651,WO-202511-09441,C003,佛吉亚,2025-11-26 17:00,2025-11-08 21:22,2025-11-10 07:22,0,准时,0,中通
DLV-05652,WO-202511-09442,C012,小鹏汽车,2025-11-15 14:00,2025-11-06 19:15,2025-11-09 03:15,0,准时,0,顺丰
DLV-05653,WO-202511-09443,C009,零跑汽车,2025-11-12 16:00,2025-11-07 16:12,2025-11-09 22:12,0,准时,0,中通
DLV-05654,WO-202511-09444,C004,麦格纳,2025-11-11 15:00,2025-11-05 01:33,2025-11-07 04:33,0,准时,0,自配送
DLV-05655,WO-202511-09447,C009,零跑汽车,2025-11-24 10:00,2025-11-05 22:55,2025-11-08 13:55,0,准时,0,顺丰
DLV-05656,WO-202511-09448,C005,本田汽配,2025-11-17 17:00,2025-11-06 14:58,2025-11-07 01:58,0,准时,0,京东物流
DLV-05657,WO-202511-09449,C006,岚图汽车,2025-11-14 13:00,2025-11-07 18:20,2025-11-08 18:20,0,准时,0,自配送
DLV-05658,WO-202511-09450,C003,佛吉亚,2025-11-18 18:00,2025-11-07 04:18,2025-11-07 19:18,0,准时,0,客户自提
DLV-05659,WO-202511-09453,C007,东风乘用车,2025-11-14 17:00,2025-11-07 04:46,2025-11-09 14:46,0,准时,0,京东物流
DLV-05660,WO-202511-09454,C004,麦格纳,2025-11-17 18:00,2025-11-07 14:48,2025-11-09 22:48,0,准时,0,中通
DLV-05661,WO-202511-09455,C011,比亚迪事业群,2025-11-26 11:00,2025-11-09 05:39,2025-11-09 22:39,0,准时,0,顺丰
DLV-05662,WO-202511-09456,C007,东风乘用车,2025-11-23 14:00,2025-11-06 00:11,2025-11-07 08:11,0,准时,0,顺丰
DLV-05663,WO-202511-09460,C002,伟世通,2025-11-12 08:00,2025-11-03 00:52,2025-11-05 07:52,0,准时,0,自配送
DLV-05664,WO-202511-09461,C006,岚图汽车,2025-11-18 16:00,2025-11-07 02:18,2025-11-08 20:18,0,准时,0,京东物流
DLV-05665,WO-202511-09462,C012,小鹏汽车,2025-11-20 18:00,2025-11-09 11:10,2025-11-10 22:10,0,准时,0,中通
DLV-05666,WO-202511-09463,C001,东风彼欧,2025-11-13 13:00,2025-11-05 07:31,2025-11-06 07:31,0,准时,0,客户自提
DLV-05667,WO-202511-09465,C001,东风彼欧,2025-11-25 09:00,2025-11-07 19:40,2025-11-08 08:40,0,准时,0,客户自提
DLV-05668,WO-202511-09466,C008,吉利商用车,2025-11-18 12:00,2025-11-08 03:42,2025-11-10 11:42,0,准时,0,中通
DLV-05669,WO-202511-09467,C002,伟世通,2025-11-09 17:00,2025-11-02 22:35,2025-11-05 16:35,0,准时,0,客户自提
DLV-05670,WO-202511-09469,C003,佛吉亚,2025-11-10 12:00,2025-11-03 03:49,2025-11-04 19:49,0,准时,0,顺丰
DLV-05671,WO-202511-09472,C008,吉利商用车,2025-11-13 13:00,2025-11-05 07:45,2025-11-06 02:45,0,准时,0,客户自提
DLV-05672,WO-202511-09473,C003,佛吉亚,2025-11-12 13:00,2025-11-02 19:57,2025-11-05 09:57,0,准时,0,自配送
DLV-05673,WO-202511-09475,C003,佛吉亚,2025-11-11 13:00,2025-11-05 10:40,2025-11-06 06:40,0,准时,0,中通
DLV-05674,WO-202511-09478,C011,比亚迪事业群,2025-11-14 09:00,2025-11-07 04:19,2025-11-07 22:19,0,准时,0,京东物流
DLV-05675,WO-202511-09479,C007,东风乘用车,2025-11-19 12:00,2025-11-05 02:23,2025-11-05 22:23,0,准时,0,顺丰
DLV-05676,WO-202511-09480,C005,本田汽配,2025-11-21 08:00,2025-11-03 13:40,2025-11-04 02:40,0,准时,0,中通
DLV-05677,WO-202511-09484,C007,东风乘用车,2025-11-20 16:00,2025-11-03 14:09,2025-11-03 22:09,0,准时,0,客户自提
DLV-05678,WO-202511-09485,C005,本田汽配,2025-11-18 15:00,2025-11-04 18:15,2025-11-06 18:15,0,准时,0,顺丰
DLV-05679,WO-202511-09486,C007,东风乘用车,2025-11-23 16:00,2025-11-08 21:10,2025-11-11 18:10,0,准时,0,京东物流
DLV-05680,WO-202511-09487,C004,麦格纳,2025-11-18 12:00,2025-11-04 15:03,2025-11-05 22:03,0,准时,0,中通
DLV-05681,WO-202511-09489,C006,岚图汽车,2025-11-15 14:00,2025-11-10 09:48,2025-11-12 05:48,0,准时,0,自配送
DLV-05682,WO-202511-09490,C005,本田汽配,2025-11-10 14:00,2025-11-04 21:10,2025-11-06 15:10,0,准时,0,顺丰
DLV-05683,WO-202511-09491,C008,吉利商用车,2025-11-13 18:00,2025-11-07 17:46,2025-11-08 04:46,0,准时,0,自配送
DLV-05684,WO-202511-09492,C009,零跑汽车,2025-11-22 09:00,2025-11-08 11:20,2025-11-10 21:20,0,准时,0,自配送
DLV-05685,WO-202511-09494,C004,麦格纳,2025-11-14 18:00,2025-11-09 20:11,2025-11-10 04:11,0,准时,0,中通
DLV-05686,WO-202511-09495,C006,岚图汽车,2025-11-22 11:00,2025-11-05 05:05,2025-11-06 16:05,0,准时,0,顺丰
DLV-05687,WO-202511-09496,C007,东风乘用车,2025-11-13 13:00,2025-11-04 18:24,2025-11-06 10:24,0,准时,0,中通
DLV-05688,WO-202511-09497,C008,吉利商用车,2025-11-15 09:00,2025-11-06 22:45,2025-11-09 09:45,0,准时,0,自配送
DLV-05689,WO-202511-09498,C007,东风乘用车,2025-11-23 08:00,2025-11-07 22:13,2025-11-08 11:13,0,准时,0,京东物流
DLV-05690,WO-202511-09499,C002,伟世通,2025-11-09 18:00,2025-11-04 17:15,2025-11-07 02:15,0,准时,0,中通
DLV-05691,WO-202511-09500,C010,长城精工,2025-11-17 10:00,2025-11-06 12:15,2025-11-07 05:15,0,准时,0,顺丰
DLV-05692,WO-202511-09501,C012,小鹏汽车,2025-11-26 14:00,2025-11-09 09:34,2025-11-10 18:34,0,准时,0,京东物流
DLV-05693,WO-202511-09502,C006,岚图汽车,2025-11-20 11:00,2025-11-05 09:21,2025-11-08 01:21,0,准时,0,客户自提
DLV-05694,WO-202511-09503,C004,麦格纳,2025-11-21 08:00,2025-11-06 12:23,2025-11-07 05:23,0,准时,0,客户自提
DLV-05695,WO-202511-09504,C011,比亚迪事业群,2025-11-18 14:00,2025-11-07 19:46,2025-11-09 19:46,0,准时,0,顺丰
DLV-05696,WO-202511-09505,C006,岚图汽车,2025-11-21 15:00,2025-11-04 19:27,2025-11-06 10:27,0,准时,0,自配送
DLV-05697,WO-202511-09506,C006,岚图汽车,2025-11-17 14:00,2025-11-07 05:34,2025-11-08 18:34,0,准时,0,京东物流
DLV-05698,WO-202511-09507,C010,长城精工,2025-11-15 18:00,2025-11-05 09:27,2025-11-07 04:27,0,准时,0,客户自提
DLV-05699,WO-202511-09508,C011,比亚迪事业群,2025-11-10 13:00,2025-11-04 18:21,2025-11-05 04:21,0,准时,0,中通
DLV-05700,WO-202511-09509,C002,伟世通,2025-11-26 16:00,2025-11-07 01:20,2025-11-09 07:20,0,准时,0,自配送
DLV-05701,WO-202511-09510,C009,零跑汽车,2025-11-14 14:00,2025-11-06 02:59,2025-11-08 06:59,0,准时,0,客户自提
DLV-05702,WO-202511-09511,C001,东风彼欧,2025-11-15 08:00,2025-11-03 07:33,2025-11-06 07:33,0,准时,0,顺丰
DLV-05703,WO-202511-09512,C004,麦格纳,2025-11-17 17:00,2025-11-06 12:20,2025-11-08 15:20,0,准时,0,自配送
DLV-05704,WO-202511-09513,C003,佛吉亚,2025-11-19 18:00,2025-11-08 23:41,2025-11-11 19:41,0,准时,0,顺丰
DLV-05705,WO-202511-09514,C005,本田汽配,2025-11-23 13:00,2025-11-08 03:31,2025-11-10 14:31,0,准时,0,客户自提
DLV-05706,WO-202511-09515,C005,本田汽配,2025-11-14 10:00,2025-11-04 01:12,2025-11-06 03:12,0,准时,0,京东物流
DLV-05707,WO-202511-09516,C004,麦格纳,2025-11-18 09:00,2025-11-06 04:38,2025-11-07 08:38,0,准时,0,自配送
DLV-05708,WO-202511-09518,C011,比亚迪事业群,2025-11-25 14:00,2025-11-06 23:23,2025-11-09 00:23,0,准时,0,顺丰
DLV-05709,WO-202511-09521,C010,长城精工,2025-11-15 12:00,2025-11-05 13:43,2025-11-08 02:43,0,准时,0,客户自提
DLV-05710,WO-202511-09522,C007,东风乘用车,2025-11-09 08:00,2025-11-05 11:40,2025-11-07 02:40,0,准时,0,自配送
DLV-05711,WO-202511-09523,C007,东风乘用车,2025-11-25 09:00,2025-11-06 02:33,2025-11-07 10:33,0,准时,0,京东物流
DLV-05712,WO-202511-09524,C011,比亚迪事业群,2025-11-14 13:00,2025-11-03 06:24,2025-11-05 11:24,0,准时,0,自配送
DLV-05713,WO-202511-09525,C009,零跑汽车,2025-11-22 11:00,2025-11-09 04:53,2025-11-11 22:53,0,准时,0,顺丰
DLV-05714,WO-202511-09526,C011,比亚迪事业群,2025-11-19 15:00,2025-11-04 02:13,2025-11-04 23:13,0,准时,0,自配送
DLV-05715,WO-202511-09528,C008,吉利商用车,2025-11-19 13:00,2025-11-06 06:38,2025-11-08 17:38,0,准时,0,顺丰
DLV-05716,WO-202511-09531,C012,小鹏汽车,2025-11-13 10:00,2025-11-09 14:58,2025-11-12 12:58,0,准时,0,客户自提
DLV-05717,WO-202511-09532,C012,小鹏汽车,2025-11-23 12:00,2025-11-09 14:08,2025-11-11 18:08,0,准时,0,客户自提
DLV-05718,WO-202511-09533,C002,伟世通,2025-11-14 14:00,2025-11-07 06:19,2025-11-09 06:19,0,准时,0,中通
DLV-05719,WO-202511-09534,C010,长城精工,2025-11-20 14:00,2025-11-04 13:31,2025-11-05 16:31,0,准时,0,中通
DLV-05720,WO-202511-09536,C003,佛吉亚,2025-11-24 18:00,2025-11-07 05:23,2025-11-10 05:23,0,准时,0,自配送
DLV-05721,WO-202511-09537,C008,吉利商用车,2025-11-18 13:00,2025-11-02 20:16,2025-11-03 13:16,0,准时,0,自配送
DLV-05722,WO-202511-09538,C004,麦格纳,2025-11-11 15:00,2025-11-05 00:40,2025-11-05 09:40,0,准时,0,中通
DLV-05723,WO-202511-09539,C009,零跑汽车,2025-11-11 18:00,2025-11-08 07:19,2025-11-10 14:19,0,准时,0,顺丰
DLV-05724,WO-202511-09540,C003,佛吉亚,2025-11-08 08:00,2025-11-05 15:43,2025-11-06 10:43,0,准时,0,中通
DLV-05725,WO-202511-09544,C002,伟世通,2025-11-22 16:00,2025-11-08 17:50,2025-11-10 17:50,0,准时,0,客户自提
DLV-05726,WO-202511-09546,C010,长城精工,2025-11-12 13:00,2025-11-03 03:48,2025-11-04 00:48,0,准时,0,客户自提
DLV-05727,WO-202511-09547,C009,零跑汽车,2025-11-23 15:00,2025-11-08 09:15,2025-11-09 20:15,0,准时,0,京东物流
DLV-05728,WO-202511-09548,C006,岚图汽车,2025-11-17 18:00,2025-11-07 06:15,2025-11-09 23:15,0,准时,0,顺丰
DLV-05729,WO-202511-09551,C007,东风乘用车,2025-11-16 18:00,2025-11-07 05:33,2025-11-08 09:33,0,准时,0,自配送
DLV-05730,WO-202511-09553,C006,岚图汽车,2025-11-25 17:00,2025-11-07 01:19,2025-11-07 16:19,0,准时,0,中通
DLV-05731,WO-202511-09555,C010,长城精工,2025-11-24 18:00,2025-11-07 06:40,2025-11-09 17:40,0,准时,0,客户自提
DLV-05732,WO-202511-09557,C005,本田汽配,2025-11-10 12:00,2025-11-05 12:21,2025-11-05 21:21,0,准时,0,自配送
DLV-05733,WO-202511-09558,C011,比亚迪事业群,2025-11-15 15:00,2025-11-05 20:25,2025-11-08 09:25,0,准时,0,京东物流
DLV-05734,WO-202511-09559,C004,麦格纳,2025-11-13 16:00,2025-11-03 02:13,2025-11-04 08:13,0,准时,0,顺丰
DLV-05735,WO-202511-09562,C003,佛吉亚,2025-11-21 12:00,2025-11-05 19:27,2025-11-07 09:27,0,准时,0,顺丰
DLV-05736,WO-202511-09564,C007,东风乘用车,2025-11-18 09:00,2025-11-08 13:19,2025-11-11 03:19,0,准时,0,中通
DLV-05737,WO-202511-09566,C011,比亚迪事业群,2025-11-23 10:00,2025-11-06 05:58,2025-11-08 03:58,0,准时,0,客户自提
DLV-05738,WO-202511-09570,C012,小鹏汽车,2025-11-15 16:00,2025-11-05 00:28,2025-11-07 21:28,0,准时,0,京东物流
DLV-05739,WO-202511-09571,C005,本田汽配,2025-11-21 09:00,2025-11-07 21:41,2025-11-10 19:41,0,准时,0,自配送
DLV-05740,WO-202511-09573,C006,岚图汽车,2025-11-13 16:00,2025-11-07 12:48,2025-11-09 12:48,0,准时,0,顺丰
DLV-05741,WO-202511-09577,C008,吉利商用车,2025-11-10 10:00,2025-11-05 23:10,2025-11-06 09:10,0,准时,0,顺丰
DLV-05742,WO-202511-09580,C009,零跑汽车,2025-11-24 09:00,2025-11-07 06:40,2025-11-09 16:40,0,准时,0,自配送
DLV-05743,WO-202511-09581,C012,小鹏汽车,2025-11-12 08:00,2025-11-07 21:41,2025-11-09 14:41,0,准时,0,顺丰
DLV-05744,WO-202511-09583,C012,小鹏汽车,2025-11-20 09:00,2025-11-05 23:10,2025-11-06 13:10,0,准时,0,顺丰
DLV-05745,WO-202511-09584,C006,岚图汽车,2025-11-12 09:00,2025-11-04 11:07,2025-11-06 02:07,0,准时,0,京东物流
DLV-05746,WO-202511-09585,C001,东风彼欧,2025-11-18 09:00,2025-11-03 11:27,2025-11-03 20:27,0,准时,0,自配送
DLV-05747,WO-202511-09588,C007,东风乘用车,2025-11-15 15:00,2025-11-08 01:37,2025-11-08 15:37,0,准时,0,顺丰
DLV-05748,WO-202511-09592,C003,佛吉亚,2025-11-21 15:00,2025-11-02 20:18,2025-11-04 19:18,0,准时,0,顺丰
DLV-05749,WO-202511-09593,C005,本田汽配,2025-11-09 18:00,2025-11-06 11:13,2025-11-07 05:13,0,准时,0,自配送
DLV-05750,WO-202511-09594,C006,岚图汽车,2025-11-26 09:00,2025-11-10 06:18,2025-11-11 02:18,0,准时,0,京东物流
DLV-05751,WO-202511-09595,C001,东风彼欧,2025-11-15 10:00,2025-11-07 04:47,2025-11-09 23:47,0,准时,0,中通
DLV-05752,WO-202511-09596,C002,伟世通,2025-11-18 18:00,2025-11-07 04:52,2025-11-07 13:52,0,准时,0,客户自提
DLV-05753,WO-202511-09597,C001,东风彼欧,2025-11-15 14:00,2025-11-07 09:34,2025-11-09 15:34,0,准时,0,顺丰
DLV-05754,WO-202511-09598,C006,岚图汽车,2025-11-14 13:00,2025-11-09 14:52,2025-11-10 01:52,0,准时,0,中通
DLV-05755,WO-202511-09599,C004,麦格纳,2025-11-18 09:00,2025-11-10 04:01,2025-11-11 21:01,0,准时,0,京东物流
DLV-05756,WO-202511-09600,C007,东风乘用车,2025-11-18 10:00,2025-11-07 06:33,2025-11-10 01:33,0,准时,0,自配送
DLV-05757,WO-202511-09601,C011,比亚迪事业群,2025-11-13 11:00,2025-11-07 05:56,2025-11-07 17:56,0,准时,0,中通
DLV-05758,WO-202511-09605,C005,本田汽配,2025-11-24 12:00,2025-11-08 13:55,2025-11-11 02:55,0,准时,0,中通
DLV-05759,WO-202511-09607,C008,吉利商用车,2025-11-21 11:00,2025-11-06 01:27,2025-11-08 10:27,0,准时,0,自配送
DLV-05760,WO-202511-09608,C009,零跑汽车,2025-11-11 12:00,2025-11-06 03:03,2025-11-06 15:03,0,准时,0,中通
DLV-05761,WO-202511-09609,C006,岚图汽车,2025-11-19 08:00,2025-11-09 02:41,2025-11-11 02:41,0,准时,0,中通
DLV-05762,WO-202511-09611,C004,麦格纳,2025-11-20 16:00,2025-11-04 23:42,2025-11-07 06:42,0,准时,0,京东物流
DLV-05763,WO-202511-09612,C002,伟世通,2025-11-11 12:00,2025-11-05 02:43,2025-11-06 16:43,0,准时,0,中通
DLV-05764,WO-202511-09613,C011,比亚迪事业群,2025-11-11 16:00,2025-11-05 04:30,2025-11-06 14:30,0,准时,0,顺丰
DLV-05765,WO-202511-09615,C010,长城精工,2025-11-13 08:00,2025-11-08 13:10,2025-11-10 16:10,0,准时,0,顺丰
DLV-05766,WO-202511-09617,C001,东风彼欧,2025-11-25 11:00,2025-11-07 08:39,2025-11-07 23:39,0,准时,0,京东物流
DLV-05767,WO-202511-09618,C005,本田汽配,2025-11-26 09:00,2025-11-08 02:04,2025-11-09 09:04,0,准时,0,京东物流
DLV-05768,WO-202511-09619,C011,比亚迪事业群,2025-11-23 08:00,2025-11-07 10:43,2025-11-09 20:43,0,准时,0,自配送
DLV-05769,WO-202511-09620,C007,东风乘用车,2025-11-18 11:00,2025-11-04 15:44,2025-11-05 00:44,0,准时,0,自配送
DLV-05770,WO-202511-09622,C004,麦格纳,2025-11-27 16:00,2025-11-08 12:09,2025-11-10 00:09,0,准时,0,京东物流
DLV-05771,WO-202511-09624,C002,伟世通,2025-11-16 17:00,2025-11-03 22:04,2025-11-04 10:04,0,准时,0,京东物流
DLV-05772,WO-202511-09625,C004,麦格纳,2025-11-22 09:00,2025-11-07 05:54,2025-11-07 22:54,0,准时,0,京东物流
DLV-05773,WO-202511-09626,C011,比亚迪事业群,2025-11-21 12:00,2025-11-09 01:06,2025-11-11 23:06,0,准时,0,自配送
DLV-05774,WO-202511-09630,C003,佛吉亚,2025-11-21 10:00,2025-11-05 19:26,2025-11-07 23:26,0,准时,0,顺丰
DLV-05775,WO-202511-09631,C003,佛吉亚,2025-11-15 11:00,2025-11-07 21:01,2025-11-09 12:01,0,准时,0,自配送
DLV-05776,WO-202511-09634,C001,东风彼欧,2025-11-14 16:00,2025-11-06 07:19,2025-11-07 14:19,0,准时,0,客户自提
DLV-05777,WO-202511-09637,C009,零跑汽车,2025-11-08 08:00,2025-11-03 11:29,2025-11-04 10:29,0,准时,0,自配送
DLV-05778,WO-202511-09638,C002,伟世通,2025-11-10 12:00,2025-11-05 01:07,2025-11-07 19:07,0,准时,0,自配送
DLV-05779,WO-202511-09640,C008,吉利商用车,2025-11-12 16:00,2025-11-05 17:42,2025-11-06 04:42,0,准时,0,中通
DLV-05780,WO-202511-09641,C009,零跑汽车,2025-11-25 09:00,2025-11-10 06:37,2025-11-12 08:37,0,准时,0,自配送
DLV-05781,WO-202511-09644,C003,佛吉亚,2025-11-10 11:00,2025-11-05 16:19,2025-11-07 07:19,0,准时,0,自配送
DLV-05782,WO-202511-09645,C010,长城精工,2025-11-16 12:00,2025-11-06 04:54,2025-11-06 13:54,0,准时,0,顺丰
DLV-05783,WO-202511-09647,C005,本田汽配,2025-11-15 09:00,2025-11-08 03:09,2025-11-10 00:09,0,准时,0,顺丰
DLV-05784,WO-202511-09649,C010,长城精工,2025-11-13 08:00,2025-11-05 09:43,2025-11-06 13:43,0,准时,0,客户自提
DLV-05785,WO-202511-09651,C012,小鹏汽车,2025-11-25 18:00,2025-11-10 10:50,2025-11-13 03:50,0,准时,0,中通
DLV-05786,WO-202511-09652,C005,本田汽配,2025-11-16 15:00,2025-11-06 03:23,2025-11-07 20:23,0,准时,0,自配送
DLV-05787,WO-202511-09653,C009,零跑汽车,2025-11-11 09:00,2025-11-03 05:25,2025-11-05 22:25,0,准时,0,中通
DLV-05788,WO-202511-09656,C005,本田汽配,2025-11-12 17:00,2025-11-05 13:01,2025-11-06 12:01,0,准时,0,京东物流
DLV-05789,WO-202511-09657,C010,长城精工,2025-11-19 10:00,2025-11-08 22:55,2025-11-09 10:55,0,准时,0,顺丰
DLV-05790,WO-202511-09658,C007,东风乘用车,2025-11-09 15:00,2025-11-06 07:51,2025-11-09 06:51,0,准时,0,客户自提
DLV-05791,WO-202511-09660,C010,长城精工,2025-11-15 14:00,2025-11-09 03:19,2025-11-09 15:19,0,准时,0,顺丰
DLV-05792,WO-202511-09661,C010,长城精工,2025-11-12 10:00,2025-11-07 10:36,2025-11-08 03:36,0,准时,0,自配送
DLV-05793,WO-202511-09662,C003,佛吉亚,2025-11-18 08:00,2025-11-02 19:01,2025-11-03 12:01,0,准时,0,顺丰
DLV-05794,WO-202511-09664,C006,岚图汽车,2025-11-24 17:00,2025-11-08 17:39,2025-11-10 10:39,0,准时,0,自配送
DLV-05795,WO-202511-09665,C006,岚图汽车,2025-11-21 10:00,2025-11-08 02:56,2025-11-11 00:56,0,准时,0,京东物流
DLV-05796,WO-202511-09666,C006,岚图汽车,2025-11-15 09:00,2025-11-05 03:01,2025-11-07 21:01,0,准时,0,京东物流
DLV-05797,WO-202511-09667,C011,比亚迪事业群,2025-11-18 11:00,2025-11-05 02:16,2025-11-05 20:16,0,准时,0,顺丰
DLV-05798,WO-202511-09669,C008,吉利商用车,2025-11-16 15:00,2025-11-07 23:16,2025-11-08 21:16,0,准时,0,客户自提
DLV-05799,WO-202511-09670,C007,东风乘用车,2025-11-14 13:00,2025-11-02 18:58,2025-11-05 05:58,0,准时,0,自配送
DLV-05800,WO-202511-09671,C008,吉利商用车,2025-11-14 09:00,2025-11-09 17:59,2025-11-12 01:59,0,准时,0,客户自提
DLV-05801,WO-202511-09673,C012,小鹏汽车,2025-11-13 18:00,2025-11-04 21:32,2025-11-07 14:32,0,准时,0,自配送
DLV-05802,WO-202511-09674,C005,本田汽配,2025-11-08 13:00,2025-11-05 15:25,2025-11-07 02:25,0,准时,0,中通
DLV-05803,WO-202511-09675,C003,佛吉亚,2025-11-27 12:00,2025-11-10 06:22,2025-11-12 17:22,0,准时,0,京东物流
DLV-05804,WO-202511-09676,C007,东风乘用车,2025-11-19 15:00,2025-11-08 01:41,2025-11-10 19:41,0,准时,0,自配送
DLV-05805,WO-202511-09677,C009,零跑汽车,2025-11-14 08:00,2025-11-08 19:05,2025-11-10 02:05,0,准时,0,中通
DLV-05806,WO-202511-09678,C009,零跑汽车,2025-11-15 13:00,2025-11-07 00:11,2025-11-09 13:11,0,准时,0,中通
DLV-05807,WO-202511-09679,C012,小鹏汽车,2025-11-22 09:00,2025-11-03 19:25,2025-11-04 12:25,0,准时,0,顺丰
DLV-05808,WO-202511-09682,C012,小鹏汽车,2025-11-18 12:00,2025-11-08 23:47,2025-11-11 17:47,0,准时,0,自配送
DLV-05809,WO-202511-09685,C009,零跑汽车,2025-11-20 13:00,2025-11-05 08:22,2025-11-07 14:22,0,准时,0,顺丰
DLV-05810,WO-202511-09686,C004,麦格纳,2025-11-19 18:00,2025-11-06 03:52,2025-11-08 20:52,0,准时,0,京东物流
DLV-05811,WO-202511-09687,C002,伟世通,2025-11-23 13:00,2025-11-06 16:49,2025-11-07 05:49,0,准时,0,自配送
DLV-05812,WO-202511-09691,C005,本田汽配,2025-11-20 11:00,2025-11-06 14:47,2025-11-07 22:47,0,准时,0,顺丰
DLV-05813,WO-202511-09692,C004,麦格纳,2025-11-20 17:00,2025-11-05 09:01,2025-11-06 12:01,0,准时,0,自配送
DLV-05814,WO-202511-09693,C005,本田汽配,2025-11-17 11:00,2025-11-06 19:42,2025-11-07 15:42,0,准时,0,京东物流
DLV-05815,WO-202511-09694,C006,岚图汽车,2025-11-25 16:00,2025-11-07 17:56,2025-11-09 01:56,0,准时,0,京东物流
DLV-05816,WO-202511-09696,C004,麦格纳,2025-11-20 11:00,2025-11-04 05:22,2025-11-05 22:22,0,准时,0,自配送
DLV-05817,WO-202511-09699,C009,零跑汽车,2025-11-19 15:00,2025-11-05 23:12,2025-11-07 23:12,0,准时,0,中通
DLV-05818,WO-202511-09700,C002,伟世通,2025-11-17 14:00,2025-11-09 19:51,2025-11-11 06:51,0,准时,0,京东物流
DLV-05819,WO-202511-09701,C001,东风彼欧,2025-11-17 14:00,2025-11-06 06:54,2025-11-07 10:54,0,准时,0,顺丰
DLV-05820,WO-202511-09703,C008,吉利商用车,2025-11-10 12:00,2025-11-04 05:39,2025-11-05 14:39,0,准时,0,京东物流
DLV-05821,WO-202511-09704,C005,本田汽配,2025-11-15 11:00,2025-11-03 09:36,2025-11-06 07:36,0,准时,0,京东物流
DLV-05822,WO-202511-09706,C001,东风彼欧,2025-11-14 15:00,2025-11-05 01:13,2025-11-07 03:13,0,准时,0,中通
DLV-05823,WO-202511-09707,C002,伟世通,2025-11-20 17:00,2025-11-09 00:40,2025-11-09 19:40,0,准时,0,中通
DLV-05824,WO-202511-09710,C002,伟世通,2025-11-21 18:00,2025-11-09 09:06,2025-11-11 03:06,0,准时,0,顺丰
DLV-05825,WO-202511-09712,C011,比亚迪事业群,2025-11-26 18:00,2025-11-09 06:27,2025-11-10 00:27,0,准时,0,顺丰
DLV-05826,WO-202511-09713,C002,伟世通,2025-11-08 14:00,2025-11-05 10:34,2025-11-06 19:34,0,准时,0,中通
DLV-05827,WO-202511-09714,C004,麦格纳,2025-11-11 18:00,2025-11-08 13:57,2025-11-10 17:57,0,准时,0,自配送
DLV-05828,WO-202511-09715,C007,东风乘用车,2025-11-10 13:00,2025-11-04 17:02,2025-11-07 13:02,0,准时,0,顺丰
DLV-05829,WO-202511-09718,C005,本田汽配,2025-11-18 08:00,2025-11-07 04:45,2025-11-09 12:45,0,准时,0,顺丰
DLV-05830,WO-202511-09719,C009,零跑汽车,2025-11-21 10:00,2025-11-06 17:31,2025-11-08 09:31,0,准时,0,客户自提
DLV-05831,WO-202511-09720,C003,佛吉亚,2025-11-11 14:00,2025-11-07 15:55,2025-11-09 14:55,0,准时,0,中通
DLV-05832,WO-202511-09722,C009,零跑汽车,2025-11-24 18:00,2025-11-08 09:16,2025-11-10 10:16,0,准时,0,顺丰
DLV-05833,WO-202511-09723,C008,吉利商用车,2025-11-25 18:00,2025-11-09 02:08,2025-11-09 23:08,0,准时,0,中通
DLV-05834,WO-202511-09724,C010,长城精工,2025-11-24 13:00,2025-11-08 12:59,2025-11-09 06:59,0,准时,0,中通
DLV-05835,WO-202511-09726,C009,零跑汽车,2025-11-27 11:00,2025-11-08 16:16,2025-11-09 12:16,0,准时,0,顺丰
DLV-05836,WO-202511-09727,C001,东风彼欧,2025-11-15 12:00,2025-11-08 13:48,2025-11-09 12:48,0,准时,0,京东物流
DLV-05837,WO-202511-09728,C003,佛吉亚,2025-11-16 17:00,2025-11-09 07:40,2025-11-12 02:40,0,准时,0,客户自提
DLV-05838,WO-202511-09729,C007,东风乘用车,2025-11-17 16:00,2025-11-07 15:20,2025-11-09 00:20,0,准时,0,自配送
DLV-05839,WO-202511-09731,C009,零跑汽车,2025-11-16 17:00,2025-11-07 09:55,2025-11-07 19:55,0,准时,0,中通
DLV-05840,WO-202511-09733,C001,东风彼欧,2025-11-18 14:00,2025-11-06 03:06,2025-11-07 01:06,0,准时,0,自配送
DLV-05841,WO-202511-09738,C009,零跑汽车,2025-11-20 12:00,2025-11-04 15:58,2025-11-06 11:58,0,准时,0,顺丰
DLV-05842,WO-202511-09739,C007,东风乘用车,2025-11-21 18:00,2025-11-04 18:03,2025-11-06 03:03,0,准时,0,客户自提
DLV-05843,WO-202511-09740,C012,小鹏汽车,2025-11-21 12:00,2025-11-07 03:03,2025-11-09 21:03,0,准时,0,中通
DLV-05844,WO-202511-09745,C009,零跑汽车,2025-11-16 18:00,2025-11-05 03:31,2025-11-07 19:31,0,准时,0,京东物流
DLV-05845,WO-202511-09747,C002,伟世通,2025-11-11 10:00,2025-11-05 20:37,2025-11-08 11:37,0,准时,0,客户自提
DLV-05846,WO-202511-09748,C004,麦格纳,2025-11-13 16:00,2025-11-07 19:10,2025-11-09 10:10,0,准时,0,顺丰
DLV-05847,WO-202511-09749,C005,本田汽配,2025-11-21 13:00,2025-11-04 04:51,2025-11-04 19:51,0,准时,0,客户自提
DLV-05848,WO-202511-09750,C011,比亚迪事业群,2025-11-14 14:00,2025-11-07 16:48,2025-11-10 13:48,0,准时,0,客户自提
DLV-05849,WO-202511-09754,C012,小鹏汽车,2025-11-18 10:00,2025-11-07 23:22,2025-11-09 12:22,0,准时,0,客户自提
DLV-05850,WO-202511-09755,C002,伟世通,2025-11-22 17:00,2025-11-05 16:28,2025-11-07 22:28,0,准时,0,中通
DLV-05851,WO-202511-09757,C007,东风乘用车,2025-11-26 18:00,2025-11-09 12:23,2025-11-11 22:23,0,准时,0,顺丰
DLV-05852,WO-202511-09758,C002,伟世通,2025-11-12 10:00,2025-11-02 21:54,2025-11-03 21:54,0,准时,0,顺丰
DLV-05853,WO-202511-09760,C005,本田汽配,2025-11-18 08:00,2025-11-09 19:16,2025-11-11 21:16,0,准时,0,客户自提
DLV-05854,WO-202511-09761,C001,东风彼欧,2025-11-18 10:00,2025-11-04 14:34,2025-11-05 16:34,0,准时,0,客户自提
DLV-05855,WO-202511-09762,C004,麦格纳,2025-11-22 15:00,2025-11-05 01:19,2025-11-07 23:19,0,准时,0,顺丰
DLV-05856,WO-202511-09765,C005,本田汽配,2025-11-23 09:00,2025-11-09 22:17,2025-11-11 16:17,0,准时,0,客户自提
DLV-05857,WO-202511-09766,C010,长城精工,2025-11-16 15:00,2025-11-08 22:22,2025-11-11 01:22,0,准时,0,自配送
DLV-05858,WO-202511-09767,C011,比亚迪事业群,2025-11-08 13:00,2025-11-02 22:08,2025-11-05 04:08,0,准时,0,顺丰
DLV-05859,WO-202511-09768,C009,零跑汽车,2025-11-25 17:00,2025-11-08 20:24,2025-11-11 08:24,0,准时,0,客户自提
DLV-05860,WO-202511-09770,C010,长城精工,2025-11-23 09:00,2025-11-06 00:21,2025-11-07 15:21,0,准时,0,客户自提
DLV-05861,WO-202511-09773,C011,比亚迪事业群,2025-11-10 11:00,2025-11-05 01:00,2025-11-05 20:00,0,准时,0,自配送
DLV-05862,WO-202511-09775,C002,伟世通,2025-11-12 13:00,2025-11-06 07:24,2025-11-07 10:24,0,准时,0,京东物流
DLV-05863,WO-202511-09777,C007,东风乘用车,2025-11-14 15:00,2025-11-04 01:06,2025-11-04 11:06,0,准时,0,顺丰
DLV-05864,WO-202511-09780,C008,吉利商用车,2025-11-13 12:00,2025-11-07 14:41,2025-11-08 04:41,0,准时,0,自配送
DLV-05865,WO-202511-09781,C012,小鹏汽车,2025-11-19 08:00,2025-11-06 19:49,2025-11-08 11:49,0,准时,0,客户自提
DLV-05866,WO-202511-09782,C009,零跑汽车,2025-11-14 09:00,2025-11-05 18:02,2025-11-07 06:02,0,准时,0,顺丰
DLV-05867,WO-202511-09783,C004,麦格纳,2025-11-22 13:00,2025-11-07 21:47,2025-11-10 10:47,0,准时,0,自配送
DLV-05868,WO-202511-09784,C009,零跑汽车,2025-11-13 10:00,2025-11-05 20:42,2025-11-08 11:42,0,准时,0,中通
DLV-05869,WO-202511-09786,C002,伟世通,2025-11-16 15:00,2025-11-05 18:42,2025-11-06 06:42,0,准时,0,京东物流
DLV-05870,WO-202511-09787,C007,东风乘用车,2025-11-20 08:00,2025-11-02 23:33,2025-11-05 01:33,0,准时,0,自配送
DLV-05871,WO-202511-09790,C010,长城精工,2025-11-21 18:00,2025-11-07 02:12,2025-11-08 09:12,0,准时,0,顺丰
DLV-05872,WO-202511-09791,C009,零跑汽车,2025-11-19 09:00,2025-11-06 08:49,2025-11-08 11:49,0,准时,0,京东物流
DLV-05873,WO-202511-09792,C003,佛吉亚,2025-11-19 12:00,2025-11-03 00:35,2025-11-04 11:35,0,准时,0,中通
DLV-05874,WO-202511-09793,C010,长城精工,2025-11-23 11:00,2025-11-08 20:54,2025-11-11 11:54,0,准时,0,客户自提
DLV-05875,WO-202511-09794,C003,佛吉亚,2025-11-11 10:00,2025-11-05 05:29,2025-11-07 00:29,0,准时,0,中通
DLV-05876,WO-202511-09796,C004,麦格纳,2025-11-13 16:00,2025-11-06 01:28,2025-11-06 21:28,0,准时,0,京东物流
DLV-05877,WO-202511-09797,C010,长城精工,2025-11-15 11:00,2025-11-04 09:51,2025-11-07 08:51,0,准时,0,自配送
DLV-05878,WO-202511-09798,C010,长城精工,2025-11-15 18:00,2025-11-03 22:16,2025-11-05 05:16,0,准时,0,自配送
DLV-05879,WO-202511-09800,C005,本田汽配,2025-11-24 17:00,2025-11-07 22:01,2025-11-08 15:01,0,准时,0,自配送
DLV-05880,WO-202511-09801,C009,零跑汽车,2025-11-18 10:00,2025-11-04 05:24,2025-11-05 02:24,0,准时,0,中通
DLV-05881,WO-202511-09802,C007,东风乘用车,2025-11-18 10:00,2025-11-05 16:01,2025-11-07 20:01,0,准时,0,京东物流
DLV-05882,WO-202511-09803,C011,比亚迪事业群,2025-11-21 14:00,2025-11-04 11:36,2025-11-05 18:36,0,准时,0,京东物流
DLV-05883,WO-202511-09804,C006,岚图汽车,2025-11-23 10:00,2025-11-08 11:00,2025-11-11 01:00,0,准时,0,客户自提
DLV-05884,WO-202511-09806,C003,佛吉亚,2025-11-16 13:00,2025-11-10 11:43,2025-11-10 20:43,0,准时,0,自配送
DLV-05885,WO-202511-09807,C001,东风彼欧,2025-11-24 11:00,2025-11-08 19:39,2025-11-10 10:39,0,准时,0,中通
DLV-05886,WO-202511-09808,C001,东风彼欧,2025-11-16 13:00,2025-11-04 16:42,2025-11-05 11:42,0,准时,0,顺丰
DLV-05887,WO-202511-09812,C003,佛吉亚,2025-11-08 12:00,2025-11-04 09:58,2025-11-04 18:58,0,准时,0,京东物流
DLV-05888,WO-202511-09813,C011,比亚迪事业群,2025-11-18 15:00,2025-11-08 06:06,2025-11-11 02:06,0,准时,0,自配送
DLV-05889,WO-202511-09814,C002,伟世通,2025-11-17 15:00,2025-11-07 19:56,2025-11-09 09:56,0,准时,0,顺丰
DLV-05890,WO-202511-09816,C011,比亚迪事业群,2025-11-17 10:00,2025-11-06 00:49,2025-11-07 10:49,0,准时,0,自配送
DLV-05891,WO-202511-09820,C002,伟世通,2025-11-23 09:00,2025-11-05 20:43,2025-11-06 13:43,0,准时,0,顺丰
DLV-05892,WO-202511-09821,C006,岚图汽车,2025-11-15 14:00,2025-11-09 08:07,2025-11-10 18:07,0,准时,0,中通
DLV-05893,WO-202511-09822,C009,零跑汽车,2025-11-26 09:00,2025-11-09 18:55,2025-11-12 11:55,0,准时,0,顺丰
DLV-05894,WO-202511-09823,C007,东风乘用车,2025-11-10 18:00,2025-11-03 10:25,2025-11-04 08:25,0,准时,0,顺丰
DLV-05895,WO-202511-09824,C002,伟世通,2025-11-12 08:00,2025-11-08 08:01,2025-11-10 13:01,0,准时,0,顺丰
DLV-05896,WO-202511-09825,C012,小鹏汽车,2025-11-18 14:00,2025-11-07 02:04,2025-11-08 07:04,0,准时,0,自配送
DLV-05897,WO-202511-09826,C005,本田汽配,2025-11-22 16:00,2025-11-09 02:14,2025-11-09 11:14,0,准时,0,顺丰
DLV-05898,WO-202511-09827,C001,东风彼欧,2025-11-13 08:00,2025-11-05 09:36,2025-11-07 03:36,0,准时,0,中通
DLV-05899,WO-202511-09828,C002,伟世通,2025-11-12 15:00,2025-11-04 22:47,2025-11-07 20:47,0,准时,0,客户自提
DLV-05900,WO-202511-09830,C002,伟世通,2025-11-25 11:00,2025-11-09 11:22,2025-11-10 17:22,0,准时,0,客户自提
DLV-05901,WO-202511-09832,C003,佛吉亚,2025-11-18 12:00,2025-11-08 20:33,2025-11-10 03:33,0,准时,0,顺丰
DLV-05902,WO-202511-09833,C012,小鹏汽车,2025-11-16 17:00,2025-11-02 18:16,2025-11-04 23:16,0,准时,0,自配送
DLV-05903,WO-202511-09834,C001,东风彼欧,2025-11-16 09:00,2025-11-08 23:04,2025-11-10 05:04,0,准时,0,客户自提
DLV-05904,WO-202511-09835,C008,吉利商用车,2025-11-20 11:00,2025-11-07 07:28,2025-11-08 09:28,0,准时,0,中通
DLV-05905,WO-202511-09836,C010,长城精工,2025-11-15 12:00,2025-11-09 07:43,2025-11-09 23:43,0,准时,0,京东物流
DLV-05906,WO-202511-09837,C006,岚图汽车,2025-11-23 11:00,2025-11-06 01:46,2025-11-08 11:46,0,准时,0,京东物流
DLV-05907,WO-202511-09839,C011,比亚迪事业群,2025-11-15 12:00,2025-11-06 04:24,2025-11-08 10:24,0,准时,0,中通
DLV-05908,WO-202511-09840,C005,本田汽配,2025-11-15 13:00,2025-11-08 00:12,2025-11-09 11:12,0,准时,0,京东物流
DLV-05909,WO-202511-09841,C002,伟世通,2025-11-20 08:00,2025-11-05 13:45,2025-11-07 07:45,0,准时,0,中通
DLV-05910,WO-202511-09843,C010,长城精工,2025-11-18 13:00,2025-11-06 02:13,2025-11-06 13:13,0,准时,0,顺丰
DLV-05911,WO-202511-09845,C002,伟世通,2025-11-17 16:00,2025-11-06 21:49,2025-11-09 18:49,0,准时,0,自配送
DLV-05912,WO-202511-09846,C005,本田汽配,2025-11-12 08:00,2025-11-08 05:16,2025-11-10 16:16,0,准时,0,客户自提
DLV-05913,WO-202511-09847,C002,伟世通,2025-11-23 15:00,2025-11-09 21:15,2025-11-12 17:15,0,准时,0,客户自提
DLV-05914,WO-202511-09848,C007,东风乘用车,2025-11-15 10:00,2025-11-07 04:18,2025-11-09 03:18,0,准时,0,自配送
DLV-05915,WO-202511-09849,C010,长城精工,2025-11-24 18:00,2025-11-07 13:31,2025-11-09 17:31,0,准时,0,自配送
DLV-05916,WO-202511-09853,C012,小鹏汽车,2025-11-15 13:00,2025-11-04 10:13,2025-11-06 01:13,0,准时,0,自配送
DLV-05917,WO-202511-09856,C001,东风彼欧,2025-11-21 13:00,2025-11-06 04:48,2025-11-07 19:48,0,准时,0,客户自提
DLV-05918,WO-202511-09860,C008,吉利商用车,2025-11-11 13:00,2025-11-05 17:24,2025-11-08 04:24,0,准时,0,客户自提
DLV-05919,WO-202511-09861,C003,佛吉亚,2025-11-21 10:00,2025-11-07 02:14,2025-11-09 18:14,0,准时,0,自配送
DLV-05920,WO-202511-09862,C005,本田汽配,2025-11-10 13:00,2025-11-06 08:32,2025-11-09 00:32,0,准时,0,中通
DLV-05921,WO-202511-09863,C012,小鹏汽车,2025-11-13 11:00,2025-11-05 19:25,2025-11-08 00:25,0,准时,0,京东物流
DLV-05922,WO-202511-09865,C011,比亚迪事业群,2025-11-21 16:00,2025-11-04 21:51,2025-11-07 12:51,0,准时,0,顺丰
DLV-05923,WO-202511-09866,C004,麦格纳,2025-11-21 08:00,2025-11-04 14:16,2025-11-05 18:16,0,准时,0,中通
DLV-05924,WO-202511-09867,C001,东风彼欧,2025-11-20 10:00,2025-11-06 23:09,2025-11-09 04:09,0,准时,0,京东物流
DLV-05925,WO-202511-09868,C001,东风彼欧,2025-11-16 16:00,2025-11-06 22:41,2025-11-08 05:41,0,准时,0,客户自提
DLV-05926,WO-202511-09869,C010,长城精工,2025-11-11 10:00,2025-11-03 14:32,2025-11-06 09:32,0,准时,0,京东物流
DLV-05927,WO-202511-09871,C004,麦格纳,2025-11-20 08:00,2025-11-07 11:00,2025-11-08 05:00,0,准时,0,自配送
DLV-05928,WO-202511-09872,C006,岚图汽车,2025-11-21 17:00,2025-11-08 13:55,2025-11-11 10:55,0,准时,0,客户自提
DLV-05929,WO-202511-09874,C011,比亚迪事业群,2025-11-23 08:00,2025-11-06 18:37,2025-11-09 10:37,0,准时,0,顺丰
DLV-05930,WO-202511-09875,C003,佛吉亚,2025-11-21 14:00,2025-11-09 15:42,2025-11-10 19:42,0,准时,0,客户自提
DLV-05931,WO-202511-09876,C009,零跑汽车,2025-11-20 17:00,2025-11-03 23:10,2025-11-04 23:10,0,准时,0,自配送
DLV-05932,WO-202511-09878,C003,佛吉亚,2025-11-18 18:00,2025-11-09 06:01,2025-11-10 05:01,0,准时,0,客户自提
DLV-05933,WO-202511-09880,C010,长城精工,2025-11-15 16:00,2025-11-06 15:09,2025-11-08 19:09,0,准时,0,自配送
DLV-05934,WO-202511-09883,C007,东风乘用车,2025-11-18 16:00,2025-11-06 23:25,2025-11-08 20:25,0,准时,0,顺丰
DLV-05935,WO-202511-09885,C012,小鹏汽车,2025-11-24 15:00,2025-11-05 10:00,2025-11-07 15:00,0,准时,0,京东物流
DLV-05936,WO-202511-09886,C010,长城精工,2025-11-12 09:00,2025-11-06 00:25,2025-11-08 12:25,0,准时,0,中通
DLV-05937,WO-202511-09888,C007,东风乘用车,2025-11-11 13:00,2025-11-04 19:14,2025-11-06 06:14,0,准时,0,京东物流
DLV-05938,WO-202511-09890,C010,长城精工,2025-11-13 10:00,2025-11-05 19:57,2025-11-07 19:57,0,准时,0,中通
DLV-05939,WO-202511-09891,C011,比亚迪事业群,2025-11-20 10:00,2025-11-09 11:30,2025-11-12 00:30,0,准时,0,客户自提
DLV-05940,WO-202511-09892,C001,东风彼欧,2025-11-19 15:00,2025-11-09 05:54,2025-11-12 05:54,0,准时,0,京东物流
DLV-05941,WO-202511-09894,C002,伟世通,2025-11-24 08:00,2025-11-05 14:21,2025-11-06 06:21,0,准时,0,顺丰
DLV-05942,WO-202511-09895,C012,小鹏汽车,2025-11-25 09:00,2025-11-09 14:58,2025-11-10 21:58,0,准时,0,顺丰
DLV-05943,WO-202511-09896,C001,东风彼欧,2025-11-11 18:00,2025-11-05 22:04,2025-11-07 12:04,0,准时,0,中通
DLV-05944,WO-202511-09897,C005,本田汽配,2025-11-13 09:00,2025-11-07 17:34,2025-11-09 05:34,0,准时,0,京东物流
DLV-05945,WO-202511-09898,C005,本田汽配,2025-11-15 10:00,2025-11-04 18:54,2025-11-05 04:54,0,准时,0,客户自提
DLV-05946,WO-202511-09899,C002,伟世通,2025-11-23 14:00,2025-11-07 18:17,2025-11-10 03:17,0,准时,0,京东物流
DLV-05947,WO-202511-09900,C011,比亚迪事业群,2025-11-19 16:00,2025-11-03 18:38,2025-11-05 15:38,0,准时,0,顺丰
DLV-05948,WO-202511-09903,C010,长城精工,2025-11-12 15:00,2025-11-03 07:08,2025-11-05 18:08,0,准时,0,中通
DLV-05949,WO-202511-09906,C002,伟世通,2025-11-15 18:00,2025-11-10 03:42,2025-11-12 16:42,0,准时,0,顺丰
DLV-05950,WO-202511-09907,C005,本田汽配,2025-11-18 18:00,2025-11-08 07:24,2025-11-09 13:24,0,准时,0,中通
DLV-05951,WO-202511-09909,C007,东风乘用车,2025-11-16 11:00,2025-11-06 07:11,2025-11-06 15:11,0,准时,0,顺丰
DLV-05952,WO-202511-09911,C004,麦格纳,2025-11-24 13:00,2025-11-06 21:12,2025-11-09 21:12,0,准时,0,顺丰
DLV-05953,WO-202511-09913,C003,佛吉亚,2025-11-15 08:00,2025-11-07 00:13,2025-11-09 15:13,0,准时,0,顺丰
DLV-05954,WO-202511-09915,C012,小鹏汽车,2025-11-13 15:00,2025-11-07 03:07,2025-11-09 06:07,0,准时,0,自配送
DLV-05955,WO-202511-09916,C007,东风乘用车,2025-11-22 10:00,2025-11-06 12:26,2025-11-08 19:26,0,准时,0,顺丰
DLV-05956,WO-202511-09917,C009,零跑汽车,2025-11-16 13:00,2025-11-05 12:36,2025-11-06 05:36,0,准时,0,自配送
DLV-05957,WO-202511-09920,C005,本田汽配,2025-11-14 17:00,2025-11-05 22:42,2025-11-07 14:42,0,准时,0,京东物流
DLV-05958,WO-202511-09921,C005,本田汽配,2025-11-25 10:00,2025-11-08 12:42,2025-11-09 13:42,0,准时,0,自配送
DLV-05959,WO-202511-09923,C003,佛吉亚,2025-11-15 17:00,2025-11-06 08:09,2025-11-08 23:09,0,准时,0,顺丰
DLV-05960,WO-202511-09924,C002,伟世通,2025-11-10 12:00,2025-11-04 00:38,2025-11-05 18:38,0,准时,0,客户自提
DLV-05961,WO-202511-09925,C005,本田汽配,2025-11-25 12:00,2025-11-08 08:19,2025-11-08 16:19,0,准时,0,中通
DLV-05962,WO-202511-09926,C004,麦格纳,2025-11-23 10:00,2025-11-06 07:18,2025-11-07 14:18,0,准时,0,中通
DLV-05963,WO-202511-09927,C008,吉利商用车,2025-11-14 11:00,2025-11-06 05:48,2025-11-08 22:48,0,准时,0,中通
DLV-05964,WO-202511-09928,C010,长城精工,2025-11-17 13:00,2025-11-10 11:40,2025-11-12 12:40,0,准时,0,自配送
DLV-05965,WO-202511-09929,C009,零跑汽车,2025-11-21 14:00,2025-11-05 17:09,2025-11-08 03:09,0,准时,0,客户自提
DLV-05966,WO-202511-09930,C008,吉利商用车,2025-11-10 16:00,2025-11-05 02:03,2025-11-06 23:03,0,准时,0,顺丰
DLV-05967,WO-202511-09931,C003,佛吉亚,2025-11-15 12:00,2025-11-06 20:12,2025-11-09 20:12,0,准时,0,中通
DLV-05968,WO-202511-09932,C011,比亚迪事业群,2025-11-12 12:00,2025-11-05 20:49,2025-11-08 18:49,0,准时,0,自配送
DLV-05969,WO-202511-09936,C004,麦格纳,2025-11-17 18:00,2025-11-07 06:52,2025-11-08 19:52,0,准时,0,中通
DLV-05970,WO-202511-09943,C011,比亚迪事业群,2025-11-14 12:00,2025-11-07 21:40,2025-11-10 13:40,0,准时,0,客户自提
DLV-05971,WO-202511-09944,C009,零跑汽车,2025-11-26 15:00,2025-11-08 01:33,2025-11-09 03:33,0,准时,0,客户自提
DLV-05972,WO-202511-09947,C006,岚图汽车,2025-11-20 10:00,2025-11-08 06:31,2025-11-09 13:31,0,准时,0,顺丰
DLV-05973,WO-202511-09948,C005,本田汽配,2025-11-20 16:00,2025-11-07 10:30,2025-11-08 10:30,0,准时,0,中通
DLV-05974,WO-202511-09949,C009,零跑汽车,2025-11-24 10:00,2025-11-07 21:43,2025-11-08 06:43,0,准时,0,中通
DLV-05975,WO-202511-09951,C003,佛吉亚,2025-11-20 13:00,2025-11-07 11:36,2025-11-08 07:36,0,准时,0,顺丰
DLV-05976,WO-202511-09952,C011,比亚迪事业群,2025-11-18 08:00,2025-11-07 14:05,2025-11-10 04:05,0,准时,0,顺丰
DLV-05977,WO-202511-09953,C005,本田汽配,2025-11-24 15:00,2025-11-06 14:48,2025-11-06 23:48,0,准时,0,顺丰
DLV-05978,WO-202511-09957,C002,伟世通,2025-11-24 12:00,2025-11-07 20:45,2025-11-08 20:45,0,准时,0,顺丰
DLV-05979,WO-202511-09958,C006,岚图汽车,2025-11-20 14:00,2025-11-06 18:57,2025-11-08 01:57,0,准时,0,自配送
DLV-05980,WO-202511-09960,C002,伟世通,2025-11-19 17:00,2025-11-08 01:15,2025-11-10 00:15,0,准时,0,客户自提
DLV-05981,WO-202511-09962,C007,东风乘用车,2025-11-15 11:00,2025-11-03 11:25,2025-11-05 22:25,0,准时,0,京东物流
DLV-05982,WO-202511-09964,C008,吉利商用车,2025-11-10 16:00,2025-11-03 15:12,2025-11-05 17:12,0,准时,0,京东物流
DLV-05983,WO-202511-09965,C011,比亚迪事业群,2025-11-20 17:00,2025-11-06 10:16,2025-11-07 01:16,0,准时,0,中通
DLV-05984,WO-202511-09966,C012,小鹏汽车,2025-11-13 17:00,2025-11-06 13:29,2025-11-06 22:29,0,准时,0,顺丰
DLV-05985,WO-202511-09967,C004,麦格纳,2025-11-17 14:00,2025-11-08 13:11,2025-11-10 02:11,0,准时,0,自配送
DLV-05986,WO-202511-09968,C008,吉利商用车,2025-11-11 13:00,2025-11-06 22:09,2025-11-07 08:09,0,准时,0,顺丰
DLV-05987,WO-202511-09970,C012,小鹏汽车,2025-11-11 11:00,2025-11-05 01:57,2025-11-07 07:57,0,准时,0,京东物流
DLV-05988,WO-202511-09973,C012,小鹏汽车,2025-11-13 18:00,2025-11-09 23:27,2025-11-10 09:27,0,准时,0,客户自提
DLV-05989,WO-202511-09978,C011,比亚迪事业群,2025-11-20 13:00,2025-11-08 12:08,2025-11-10 06:08,0,准时,0,中通
DLV-05990,WO-202512-09982,C001,东风彼欧,2025-12-13 12:00,2025-12-07 01:25,2025-12-08 02:25,0,准时,0,顺丰
DLV-05991,WO-202512-09983,C010,长城精工,2025-12-19 17:00,2025-12-08 19:21,2025-12-10 18:21,0,准时,0,京东物流
DLV-05992,WO-202512-09984,C002,伟世通,2025-12-11 10:00,2025-12-06 19:32,2025-12-09 12:32,0,准时,0,顺丰
DLV-05993,WO-202512-09986,C002,伟世通,2025-12-15 09:00,2025-12-03 21:25,2025-12-06 03:25,0,准时,0,顺丰
DLV-05994,WO-202512-09987,C009,零跑汽车,2025-12-18 11:00,2025-12-07 22:46,2025-12-08 11:46,0,准时,0,客户自提
DLV-05995,WO-202512-09988,C003,佛吉亚,2025-12-13 08:00,2025-12-06 20:10,2025-12-09 01:10,0,准时,0,自配送
DLV-05996,WO-202512-09989,C012,小鹏汽车,2025-12-14 08:00,2025-12-03 13:51,2025-12-06 00:51,0,准时,0,客户自提
DLV-05997,WO-202512-09990,C003,佛吉亚,2025-12-26 14:00,2025-12-09 12:38,2025-12-10 06:38,0,准时,0,客户自提
DLV-05998,WO-202512-09995,C004,麦格纳,2025-12-17 08:00,2025-12-10 01:27,2025-12-10 12:27,0,准时,0,客户自提
DLV-05999,WO-202512-09996,C008,吉利商用车,2025-12-12 14:00,2025-12-06 11:07,2025-12-07 14:07,0,准时,0,中通
DLV-06000,WO-202512-09997,C010,长城精工,2025-12-25 14:00,2025-12-08 08:30,2025-12-08 19:30,0,准时,0,京东物流
DLV-06001,WO-202512-09998,C002,伟世通,2025-12-23 17:00,2025-12-08 00:58,2025-12-09 17:58,0,准时,0,京东物流
DLV-06002,WO-202512-09999,C010,长城精工,2025-12-13 15:00,2025-12-07 00:06,2025-12-09 09:06,0,准时,0,客户自提
DLV-06003,WO-202512-10000,C012,小鹏汽车,2025-12-24 14:00,2025-12-10 12:36,2025-12-13 02:36,0,准时,0,中通
DLV-06004,WO-202512-10001,C009,零跑汽车,2025-12-23 09:00,2025-12-08 02:09,2025-12-10 21:09,0,准时,0,顺丰
DLV-06005,WO-202512-10002,C003,佛吉亚,2025-12-22 09:00,2025-12-04 10:27,2025-12-06 07:27,0,准时,0,中通
DLV-06006,WO-202512-10007,C006,岚图汽车,2025-12-24 09:00,2025-12-09 05:17,2025-12-11 10:17,0,准时,0,京东物流
DLV-06007,WO-202512-10008,C012,小鹏汽车,2025-12-17 17:00,2025-12-06 16:11,2025-12-07 01:11,0,准时,0,自配送
DLV-06008,WO-202512-10010,C003,佛吉亚,2025-12-14 14:00,2025-12-06 02:04,2025-12-07 13:04,0,准时,0,中通
DLV-06009,WO-202512-10015,C011,比亚迪事业群,2025-12-18 18:00,2025-12-10 08:27,2025-12-11 21:27,0,准时,0,中通
DLV-06010,WO-202512-10017,C004,麦格纳,2025-12-20 14:00,2025-12-09 01:07,2025-12-10 10:07,0,准时,0,顺丰
DLV-06011,WO-202512-10019,C005,本田汽配,2025-12-12 10:00,2025-12-03 01:34,2025-12-04 04:34,0,准时,0,自配送
DLV-06012,WO-202512-10020,C002,伟世通,2025-12-24 16:00,2025-12-05 05:02,2025-12-05 23:02,0,准时,0,京东物流
DLV-06013,WO-202512-10021,C001,东风彼欧,2025-12-22 12:00,2025-12-05 19:40,2025-12-06 03:40,0,准时,0,中通
DLV-06014,WO-202512-10022,C006,岚图汽车,2025-12-15 09:00,2025-12-04 22:34,2025-12-07 10:34,0,准时,0,中通
DLV-06015,WO-202512-10023,C003,佛吉亚,2025-12-09 12:00,2025-12-05 21:57,2025-12-08 11:57,0,准时,0,顺丰
DLV-06016,WO-202512-10024,C004,麦格纳,2025-12-14 17:00,2025-12-05 09:09,2025-12-07 14:09,0,准时,0,京东物流
DLV-06017,WO-202512-10026,C005,本田汽配,2025-12-20 09:00,2025-12-05 04:57,2025-12-08 04:57,0,准时,0,顺丰
DLV-06018,WO-202512-10027,C003,佛吉亚,2025-12-11 12:00,2025-12-03 11:22,2025-12-04 16:22,0,准时,0,京东物流
DLV-06019,WO-202512-10029,C006,岚图汽车,2025-12-15 09:00,2025-12-05 13:40,2025-12-07 11:40,0,准时,0,中通
DLV-06020,WO-202512-10031,C006,岚图汽车,2025-12-22 17:00,2025-12-06 03:17,2025-12-06 11:17,0,准时,0,自配送
DLV-06021,WO-202512-10033,C005,本田汽配,2025-12-12 08:00,2025-12-05 19:12,2025-12-06 04:12,0,准时,0,自配送
DLV-06022,WO-202512-10034,C011,比亚迪事业群,2025-12-18 13:00,2025-12-08 22:02,2025-12-10 17:02,0,准时,0,顺丰
DLV-06023,WO-202512-10037,C010,长城精工,2025-12-22 09:00,2025-12-08 16:28,2025-12-11 14:28,0,准时,0,自配送
DLV-06024,WO-202512-10038,C008,吉利商用车,2025-12-09 09:00,2025-12-04 12:39,2025-12-07 02:39,0,准时,0,客户自提
DLV-06025,WO-202512-10039,C009,零跑汽车,2025-12-24 12:00,2025-12-06 05:12,2025-12-08 08:12,0,准时,0,客户自提
DLV-06026,WO-202512-10041,C006,岚图汽车,2025-12-26 13:00,2025-12-08 14:58,2025-12-09 17:58,0,准时,0,顺丰
DLV-06027,WO-202512-10042,C004,麦格纳,2025-12-17 09:00,2025-12-07 18:32,2025-12-08 06:32,0,准时,0,中通
DLV-06028,WO-202512-10047,C001,东风彼欧,2025-12-21 08:00,2025-12-08 03:27,2025-12-09 06:27,0,准时,0,顺丰
DLV-06029,WO-202512-10049,C002,伟世通,2025-12-15 09:00,2025-12-04 09:18,2025-12-06 00:18,0,准时,0,中通
DLV-06030,WO-202512-10050,C005,本田汽配,2025-12-22 18:00,2025-12-02 19:05,2025-12-04 05:05,0,准时,0,中通
DLV-06031,WO-202512-10051,C009,零跑汽车,2025-12-18 08:00,2025-12-05 04:45,2025-12-07 02:45,0,准时,0,中通
DLV-06032,WO-202512-10052,C006,岚图汽车,2025-12-26 10:00,2025-12-07 03:46,2025-12-08 21:46,0,准时,0,客户自提
DLV-06033,WO-202512-10053,C008,吉利商用车,2025-12-17 09:00,2025-12-06 22:37,2025-12-08 07:37,0,准时,0,顺丰
DLV-06034,WO-202512-10054,C010,长城精工,2025-12-09 11:00,2025-12-04 10:58,2025-12-05 07:58,0,准时,0,京东物流
DLV-06035,WO-202512-10055,C009,零跑汽车,2025-12-14 16:00,2025-12-10 12:39,2025-12-13 00:39,0,准时,0,自配送
DLV-06036,WO-202512-10056,C002,伟世通,2025-12-11 14:00,2025-12-08 00:48,2025-12-09 06:48,0,准时,0,自配送
DLV-06037,WO-202512-10057,C011,比亚迪事业群,2025-12-19 15:00,2025-12-07 09:27,2025-12-08 03:27,0,准时,0,客户自提
DLV-06038,WO-202512-10059,C008,吉利商用车,2025-12-12 08:00,2025-12-05 06:12,2025-12-05 14:12,0,准时,0,中通
DLV-06039,WO-202512-10060,C007,东风乘用车,2025-12-18 14:00,2025-12-06 16:37,2025-12-07 01:37,0,准时,0,中通
DLV-06040,WO-202512-10063,C005,本田汽配,2025-12-16 14:00,2025-12-03 06:21,2025-12-04 22:21,0,准时,0,中通
DLV-06041,WO-202512-10064,C005,本田汽配,2025-12-14 18:00,2025-12-06 22:30,2025-12-09 00:30,0,准时,0,中通
DLV-06042,WO-202512-10065,C002,伟世通,2025-12-14 09:00,2025-12-08 05:26,2025-12-09 14:26,0,准时,0,京东物流
DLV-06043,WO-202512-10066,C008,吉利商用车,2025-12-26 09:00,2025-12-06 20:40,2025-12-07 12:40,0,准时,0,中通
DLV-06044,WO-202512-10067,C006,岚图汽车,2025-12-18 18:00,2025-12-08 23:17,2025-12-10 19:17,0,准时,0,客户自提
DLV-06045,WO-202512-10068,C008,吉利商用车,2025-12-24 08:00,2025-12-07 05:19,2025-12-09 05:19,0,准时,0,客户自提
DLV-06046,WO-202512-10070,C001,东风彼欧,2025-12-09 09:00,2025-12-05 04:07,2025-12-06 08:07,0,准时,0,客户自提
DLV-06047,WO-202512-10071,C010,长城精工,2025-12-18 17:00,2025-12-06 19:46,2025-12-08 08:46,0,准时,0,京东物流
DLV-06048,WO-202512-10073,C002,伟世通,2025-12-17 13:00,2025-12-09 23:25,2025-12-12 15:25,0,准时,0,客户自提
DLV-06049,WO-202512-10074,C008,吉利商用车,2025-12-20 12:00,2025-12-04 02:11,2025-12-06 07:11,0,准时,0,中通
DLV-06050,WO-202512-10079,C008,吉利商用车,2025-12-24 18:00,2025-12-05 09:33,2025-12-06 06:33,0,准时,0,顺丰
DLV-06051,WO-202512-10081,C012,小鹏汽车,2025-12-18 12:00,2025-12-07 20:31,2025-12-08 21:31,0,准时,0,中通
DLV-06052,WO-202512-10082,C010,长城精工,2025-12-11 13:00,2025-12-07 07:20,2025-12-09 18:20,0,准时,0,京东物流
DLV-06053,WO-202512-10083,C001,东风彼欧,2025-12-16 16:00,2025-12-09 20:01,2025-12-12 16:01,0,准时,0,顺丰
DLV-06054,WO-202512-10084,C006,岚图汽车,2025-12-21 16:00,2025-12-05 17:58,2025-12-06 18:58,0,准时,0,京东物流
DLV-06055,WO-202512-10085,C007,东风乘用车,2025-12-18 10:00,2025-12-10 09:14,2025-12-13 07:14,0,准时,0,中通
DLV-06056,WO-202512-10088,C002,伟世通,2025-12-26 14:00,2025-12-09 03:30,2025-12-11 08:30,0,准时,0,京东物流
DLV-06057,WO-202512-10089,C007,东风乘用车,2025-12-19 14:00,2025-12-03 19:12,2025-12-04 19:12,0,准时,0,顺丰
DLV-06058,WO-202512-10090,C007,东风乘用车,2025-12-15 18:00,2025-12-07 16:45,2025-12-10 16:45,0,准时,0,中通
DLV-06059,WO-202512-10091,C009,零跑汽车,2025-12-10 18:00,2025-12-07 18:07,2025-12-09 10:07,0,准时,0,客户自提
DLV-06060,WO-202512-10092,C005,本田汽配,2025-12-18 12:00,2025-12-07 16:07,2025-12-09 21:07,0,准时,0,客户自提
DLV-06061,WO-202512-10093,C002,伟世通,2025-12-23 15:00,2025-12-07 09:34,2025-12-08 13:34,0,准时,0,京东物流
DLV-06062,WO-202512-10096,C008,吉利商用车,2025-12-16 11:00,2025-12-03 08:51,2025-12-04 08:51,0,准时,0,中通
DLV-06063,WO-202512-10097,C001,东风彼欧,2025-12-24 11:00,2025-12-06 11:57,2025-12-09 10:57,0,准时,0,自配送
DLV-06064,WO-202512-10098,C004,麦格纳,2025-12-17 10:00,2025-12-03 06:18,2025-12-03 14:18,0,准时,0,顺丰
DLV-06065,WO-202512-10099,C011,比亚迪事业群,2025-12-15 10:00,2025-12-09 14:49,2025-12-12 06:49,0,准时,0,中通
DLV-06066,WO-202512-10100,C001,东风彼欧,2025-12-20 16:00,2025-12-04 06:06,2025-12-05 14:06,0,准时,0,中通
DLV-06067,WO-202512-10101,C003,佛吉亚,2025-12-21 12:00,2025-12-06 09:17,2025-12-09 07:17,0,准时,0,顺丰
DLV-06068,WO-202512-10102,C003,佛吉亚,2025-12-19 12:00,2025-12-04 05:21,2025-12-05 04:21,0,准时,0,中通
DLV-06069,WO-202512-10103,C002,伟世通,2025-12-17 14:00,2025-12-08 12:41,2025-12-10 22:41,0,准时,0,顺丰
DLV-06070,WO-202512-10105,C008,吉利商用车,2025-12-19 12:00,2025-12-03 11:22,2025-12-06 10:22,0,准时,0,自配送
DLV-06071,WO-202512-10106,C009,零跑汽车,2025-12-16 11:00,2025-12-03 20:34,2025-12-04 07:34,0,准时,0,顺丰
DLV-06072,WO-202512-10107,C006,岚图汽车,2025-12-24 17:00,2025-12-09 10:43,2025-12-10 21:43,0,准时,0,客户自提
DLV-06073,WO-202512-10109,C011,比亚迪事业群,2025-12-18 14:00,2025-12-04 22:39,2025-12-05 20:39,0,准时,0,客户自提
DLV-06074,WO-202512-10111,C002,伟世通,2025-12-20 14:00,2025-12-08 13:30,2025-12-10 20:30,0,准时,0,客户自提
DLV-06075,WO-202512-10112,C006,岚图汽车,2025-12-12 14:00,2025-12-04 03:56,2025-12-05 02:56,0,准时,0,客户自提
DLV-06076,WO-202512-10114,C002,伟世通,2025-12-16 14:00,2025-12-07 02:13,2025-12-08 00:13,0,准时,0,顺丰
DLV-06077,WO-202512-10118,C011,比亚迪事业群,2025-12-08 15:00,2025-12-02 23:45,2025-12-04 13:45,0,准时,0,客户自提
DLV-06078,WO-202512-10122,C007,东风乘用车,2025-12-22 08:00,2025-12-05 22:45,2025-12-08 03:45,0,准时,0,顺丰
DLV-06079,WO-202512-10126,C012,小鹏汽车,2025-12-22 17:00,2025-12-04 05:43,2025-12-06 21:43,0,准时,0,自配送
DLV-06080,WO-202512-10128,C006,岚图汽车,2025-12-22 18:00,2025-12-10 12:21,2025-12-11 21:21,0,准时,0,顺丰
DLV-06081,WO-202512-10129,C004,麦格纳,2025-12-13 17:00,2025-12-06 22:06,2025-12-09 06:06,0,准时,0,中通
DLV-06082,WO-202512-10130,C009,零跑汽车,2025-12-23 14:00,2025-12-10 07:10,2025-12-11 06:10,0,准时,0,顺丰
DLV-06083,WO-202512-10131,C003,佛吉亚,2025-12-16 15:00,2025-12-05 12:27,2025-12-06 16:27,0,准时,0,中通
DLV-06084,WO-202512-10132,C007,东风乘用车,2025-12-25 11:00,2025-12-08 19:45,2025-12-09 15:45,0,准时,0,客户自提
DLV-06085,WO-202512-10133,C011,比亚迪事业群,2025-12-22 14:00,2025-12-06 02:42,2025-12-08 21:42,0,准时,0,自配送
DLV-06086,WO-202512-10134,C007,东风乘用车,2025-12-19 18:00,2025-12-03 18:09,2025-12-04 14:09,0,准时,0,自配送
DLV-06087,WO-202512-10135,C009,零跑汽车,2025-12-23 18:00,2025-12-07 05:36,2025-12-09 20:36,0,准时,0,中通
DLV-06088,WO-202512-10139,C003,佛吉亚,2025-12-19 14:00,2025-12-06 01:09,2025-12-08 07:09,0,准时,0,京东物流
DLV-06089,WO-202512-10140,C004,麦格纳,2025-12-23 14:00,2025-12-08 08:39,2025-12-11 00:39,0,准时,0,顺丰
DLV-06090,WO-202512-10142,C010,长城精工,2025-12-16 13:00,2025-12-07 14:43,2025-12-08 21:43,0,准时,0,顺丰
DLV-06091,WO-202512-10144,C011,比亚迪事业群,2025-12-14 09:00,2025-12-07 12:48,2025-12-07 23:48,0,准时,0,京东物流
DLV-06092,WO-202512-10148,C001,东风彼欧,2025-12-22 18:00,2025-12-08 14:43,2025-12-10 19:43,0,准时,0,顺丰
DLV-06093,WO-202512-10149,C004,麦格纳,2025-12-16 11:00,2025-12-04 03:00,2025-12-05 04:00,0,准时,0,京东物流
DLV-06094,WO-202512-10150,C001,东风彼欧,2025-12-17 10:00,2025-12-09 02:30,2025-12-11 17:30,0,准时,0,京东物流
DLV-06095,WO-202512-10155,C002,伟世通,2025-12-18 15:00,2025-12-03 20:05,2025-12-06 00:05,0,准时,0,京东物流
DLV-06096,WO-202512-10156,C012,小鹏汽车,2025-12-18 09:00,2025-12-06 01:10,2025-12-07 09:10,0,准时,0,中通
DLV-06097,WO-202512-10157,C005,本田汽配,2025-12-22 12:00,2025-12-05 19:49,2025-12-06 08:49,0,准时,0,京东物流
DLV-06098,WO-202512-10158,C004,麦格纳,2025-12-17 17:00,2025-12-08 22:12,2025-12-11 19:12,0,准时,0,中通
DLV-06099,WO-202512-10161,C006,岚图汽车,2025-12-19 18:00,2025-12-06 06:12,2025-12-06 16:12,0,准时,0,中通
DLV-06100,WO-202512-10163,C010,长城精工,2025-12-24 11:00,2025-12-07 11:47,2025-12-10 04:47,0,准时,0,顺丰
DLV-06101,WO-202512-10165,C010,长城精工,2025-12-21 16:00,2025-12-08 14:58,2025-12-09 06:58,0,准时,0,顺丰
DLV-06102,WO-202512-10166,C008,吉利商用车,2025-12-21 18:00,2025-12-08 13:31,2025-12-10 21:31,0,准时,0,顺丰
DLV-06103,WO-202512-10170,C007,东风乘用车,2025-12-17 15:00,2025-12-02 19:27,2025-12-03 10:27,0,准时,0,顺丰
DLV-06104,WO-202512-10171,C005,本田汽配,2025-12-18 12:00,2025-12-06 19:54,2025-12-08 11:54,0,准时,0,客户自提
DLV-06105,WO-202512-10173,C002,伟世通,2025-12-15 12:00,2025-12-05 03:35,2025-12-05 18:35,0,准时,0,京东物流
DLV-06106,WO-202512-10174,C001,东风彼欧,2025-12-13 08:00,2025-12-06 04:24,2025-12-06 15:24,0,准时,0,客户自提
DLV-06107,WO-202512-10175,C011,比亚迪事业群,2025-12-13 08:00,2025-12-05 06:03,2025-12-07 15:03,0,准时,0,自配送
DLV-06108,WO-202512-10177,C010,长城精工,2025-12-26 15:00,2025-12-07 19:17,2025-12-09 03:17,0,准时,0,中通
DLV-06109,WO-202512-10179,C009,零跑汽车,2025-12-12 11:00,2025-12-05 20:39,2025-12-07 21:39,0,准时,0,自配送
DLV-06110,WO-202512-10180,C002,伟世通,2025-12-19 08:00,2025-12-07 13:42,2025-12-08 04:42,0,准时,0,顺丰
DLV-06111,WO-202512-10181,C010,长城精工,2025-12-22 15:00,2025-12-04 21:20,2025-12-07 01:20,0,准时,0,京东物流
DLV-06112,WO-202512-10182,C003,佛吉亚,2025-12-11 17:00,2025-12-05 03:43,2025-12-05 20:43,0,准时,0,中通
DLV-06113,WO-202512-10183,C009,零跑汽车,2025-12-21 15:00,2025-12-09 20:45,2025-12-10 17:45,0,准时,0,京东物流
DLV-06114,WO-202512-10187,C012,小鹏汽车,2025-12-23 14:00,2025-12-07 02:18,2025-12-09 14:18,0,准时,0,自配送
DLV-06115,WO-202512-10189,C011,比亚迪事业群,2025-12-21 11:00,2025-12-05 02:18,2025-12-05 12:18,0,准时,0,顺丰
DLV-06116,WO-202512-10190,C004,麦格纳,2025-12-21 10:00,2025-12-09 08:40,2025-12-10 07:40,0,准时,0,客户自提
DLV-06117,WO-202512-10191,C011,比亚迪事业群,2025-12-10 18:00,2025-12-06 16:04,2025-12-07 18:04,0,准时,0,自配送
DLV-06118,WO-202512-10195,C006,岚图汽车,2025-12-16 17:00,2025-12-08 18:09,2025-12-11 10:09,0,准时,0,客户自提
DLV-06119,WO-202512-10196,C002,伟世通,2025-12-25 11:00,2025-12-07 16:36,2025-12-09 20:36,0,准时,0,自配送
DLV-06120,WO-202512-10198,C002,伟世通,2025-12-26 13:00,2025-12-09 12:19,2025-12-11 07:19,0,准时,0,顺丰
DLV-06121,WO-202512-10199,C006,岚图汽车,2025-12-15 17:00,2025-12-08 03:45,2025-12-10 04:45,0,准时,0,自配送
DLV-06122,WO-202512-10201,C001,东风彼欧,2025-12-13 09:00,2025-12-05 22:07,2025-12-07 00:07,0,准时,0,自配送
DLV-06123,WO-202512-10202,C007,东风乘用车,2025-12-08 16:00,2025-12-04 17:45,2025-12-07 06:45,0,准时,0,自配送
DLV-06124,WO-202512-10203,C004,麦格纳,2025-12-14 17:00,2025-12-05 21:45,2025-12-06 22:45,0,准时,0,顺丰
DLV-06125,WO-202512-10204,C006,岚图汽车,2025-12-14 18:00,2025-12-08 22:09,2025-12-09 22:09,0,准时,0,京东物流
DLV-06126,WO-202512-10205,C005,本田汽配,2025-12-09 10:00,2025-12-04 04:37,2025-12-07 04:37,0,准时,0,京东物流
DLV-06127,WO-202512-10206,C006,岚图汽车,2025-12-24 13:00,2025-12-10 01:54,2025-12-11 17:54,0,准时,0,顺丰
DLV-06128,WO-202512-10207,C004,麦格纳,2025-12-26 09:00,2025-12-09 06:22,2025-12-10 02:22,0,准时,0,中通
DLV-06129,WO-202512-10208,C005,本田汽配,2025-12-16 09:00,2025-12-05 09:41,2025-12-05 23:41,0,准时,0,京东物流
DLV-06130,WO-202512-10210,C011,比亚迪事业群,2025-12-19 13:00,2025-12-07 23:49,2025-12-09 06:49,0,准时,0,自配送
DLV-06131,WO-202512-10212,C011,比亚迪事业群,2025-12-14 09:00,2025-12-07 02:59,2025-12-09 14:59,0,准时,0,中通
DLV-06132,WO-202512-10215,C011,比亚迪事业群,2025-12-09 16:00,2025-12-06 01:16,2025-12-07 12:16,0,准时,0,自配送
DLV-06133,WO-202512-10216,C006,岚图汽车,2025-12-13 16:00,2025-12-08 09:39,2025-12-11 09:39,0,准时,0,京东物流
DLV-06134,WO-202512-10219,C003,佛吉亚,2025-12-11 16:00,2025-12-04 14:35,2025-12-05 06:35,0,准时,0,京东物流
DLV-06135,WO-202512-10221,C006,岚图汽车,2025-12-15 11:00,2025-12-06 12:27,2025-12-08 04:27,0,准时,0,中通
DLV-06136,WO-202512-10222,C002,伟世通,2025-12-14 13:00,2025-12-06 19:32,2025-12-08 22:32,0,准时,0,顺丰
DLV-06137,WO-202512-10223,C006,岚图汽车,2025-12-18 17:00,2025-12-04 00:19,2025-12-05 10:19,0,准时,0,客户自提
DLV-06138,WO-202512-10224,C008,吉利商用车,2025-12-13 13:00,2025-12-05 15:16,2025-12-07 19:16,0,准时,0,京东物流
DLV-06139,WO-202512-10226,C003,佛吉亚,2025-12-12 09:00,2025-12-07 08:58,2025-12-09 02:58,0,准时,0,京东物流
DLV-06140,WO-202512-10227,C001,东风彼欧,2025-12-24 17:00,2025-12-08 01:56,2025-12-11 01:56,0,准时,0,京东物流
DLV-06141,WO-202512-10229,C001,东风彼欧,2025-12-17 17:00,2025-12-04 19:41,2025-12-06 03:41,0,准时,0,顺丰
DLV-06142,WO-202512-10231,C008,吉利商用车,2025-12-19 18:00,2025-12-05 18:53,2025-12-08 01:53,0,准时,0,顺丰
DLV-06143,WO-202512-10235,C002,伟世通,2025-12-17 18:00,2025-12-05 08:34,2025-12-06 13:34,0,准时,0,自配送
DLV-06144,WO-202512-10236,C001,东风彼欧,2025-12-17 13:00,2025-12-08 08:10,2025-12-09 23:10,0,准时,0,中通
DLV-06145,WO-202512-10237,C008,吉利商用车,2025-12-16 16:00,2025-12-07 14:06,2025-12-10 00:06,0,准时,0,自配送
DLV-06146,WO-202512-10238,C004,麦格纳,2025-12-19 16:00,2025-12-05 20:54,2025-12-06 15:54,0,准时,0,京东物流
DLV-06147,WO-202512-10239,C002,伟世通,2025-12-15 13:00,2025-12-08 05:23,2025-12-10 23:23,0,准时,0,自配送
DLV-06148,WO-202512-10240,C012,小鹏汽车,2025-12-12 16:00,2025-12-04 18:04,2025-12-06 14:04,0,准时,0,中通
DLV-06149,WO-202512-10241,C007,东风乘用车,2025-12-14 16:00,2025-12-03 12:44,2025-12-04 00:44,0,准时,0,自配送
DLV-06150,WO-202512-10243,C003,佛吉亚,2025-12-16 09:00,2025-12-09 05:01,2025-12-10 15:01,0,准时,0,自配送
DLV-06151,WO-202512-10251,C011,比亚迪事业群,2025-12-22 11:00,2025-12-03 23:03,2025-12-06 12:03,0,准时,0,京东物流
DLV-06152,WO-202512-10252,C012,小鹏汽车,2025-12-10 14:00,2025-12-05 02:35,2025-12-06 05:35,0,准时,0,中通
DLV-06153,WO-202512-10254,C005,本田汽配,2025-12-12 10:00,2025-12-06 05:50,2025-12-06 15:50,0,准时,0,京东物流
DLV-06154,WO-202512-10255,C003,佛吉亚,2025-12-12 18:00,2025-12-05 08:09,2025-12-06 05:09,0,准时,0,中通
DLV-06155,WO-202512-10259,C009,零跑汽车,2025-12-12 11:00,2025-12-03 07:59,2025-12-05 15:59,0,准时,0,中通
DLV-06156,WO-202512-10261,C004,麦格纳,2025-12-14 10:00,2025-12-10 08:12,2025-12-10 22:12,0,准时,0,京东物流
DLV-06157,WO-202512-10265,C008,吉利商用车,2025-12-15 12:00,2025-12-06 15:20,2025-12-07 00:20,0,准时,0,中通
DLV-06158,WO-202512-10266,C008,吉利商用车,2025-12-19 11:00,2025-12-03 19:30,2025-12-04 03:30,0,准时,0,中通
DLV-06159,WO-202512-10269,C009,零跑汽车,2025-12-14 08:00,2025-12-04 13:38,2025-12-06 14:38,0,准时,0,京东物流
DLV-06160,WO-202512-10270,C001,东风彼欧,2025-12-22 16:00,2025-12-05 08:50,2025-12-08 02:50,0,准时,0,京东物流
DLV-06161,WO-202512-10271,C010,长城精工,2025-12-13 11:00,2025-12-08 04:19,2025-12-09 22:19,0,准时,0,顺丰
DLV-06162,WO-202512-10272,C003,佛吉亚,2025-12-08 11:00,2025-12-04 23:52,2025-12-06 11:52,0,准时,0,中通
DLV-06163,WO-202512-10273,C008,吉利商用车,2025-12-23 15:00,2025-12-04 19:18,2025-12-06 23:18,0,准时,0,自配送
DLV-06164,WO-202512-10274,C003,佛吉亚,2025-12-20 11:00,2025-12-04 01:20,2025-12-07 00:20,0,准时,0,京东物流
DLV-06165,WO-202512-10275,C011,比亚迪事业群,2025-12-21 09:00,2025-12-04 12:13,2025-12-05 16:13,0,准时,0,客户自提
DLV-06166,WO-202512-10276,C002,伟世通,2025-12-25 17:00,2025-12-07 19:15,2025-12-10 15:15,0,准时,0,客户自提
DLV-06167,WO-202512-10277,C003,佛吉亚,2025-12-22 14:00,2025-12-07 06:44,2025-12-08 03:44,0,准时,0,京东物流
DLV-06168,WO-202512-10278,C002,伟世通,2025-12-11 09:00,2025-12-05 09:20,2025-12-06 18:20,0,准时,0,自配送
DLV-06169,WO-202512-10279,C005,本田汽配,2025-12-11 15:00,2025-12-07 11:18,2025-12-08 15:18,0,准时,0,客户自提
DLV-06170,WO-202512-10280,C008,吉利商用车,2025-12-21 13:00,2025-12-06 23:10,2025-12-08 17:10,0,准时,0,客户自提
DLV-06171,WO-202512-10283,C012,小鹏汽车,2025-12-14 15:00,2025-12-05 16:55,2025-12-06 15:55,0,准时,0,顺丰
DLV-06172,WO-202512-10284,C002,伟世通,2025-12-16 16:00,2025-12-06 10:58,2025-12-08 19:58,0,准时,0,客户自提
DLV-06173,WO-202512-10285,C008,吉利商用车,2025-12-27 11:00,2025-12-08 19:18,2025-12-10 06:18,0,准时,0,京东物流
DLV-06174,WO-202512-10287,C002,伟世通,2025-12-26 12:00,2025-12-09 02:19,2025-12-10 10:19,0,准时,0,中通
DLV-06175,WO-202512-10291,C005,本田汽配,2025-12-15 16:00,2025-12-02 20:37,2025-12-03 22:37,0,准时,0,中通
DLV-06176,WO-202512-10293,C002,伟世通,2025-12-13 15:00,2025-12-06 23:54,2025-12-07 11:54,0,准时,0,顺丰
DLV-06177,WO-202512-10295,C004,麦格纳,2025-12-09 08:00,2025-12-04 10:15,2025-12-07 03:15,0,准时,0,顺丰
DLV-06178,WO-202512-10297,C009,零跑汽车,2025-12-16 08:00,2025-12-07 04:21,2025-12-09 15:21,0,准时,0,顺丰
DLV-06179,WO-202512-10298,C009,零跑汽车,2025-12-12 13:00,2025-12-07 12:12,2025-12-09 02:12,0,准时,0,京东物流
DLV-06180,WO-202512-10299,C010,长城精工,2025-12-17 10:00,2025-12-03 15:45,2025-12-05 12:45,0,准时,0,自配送
DLV-06181,WO-202512-10302,C007,东风乘用车,2025-12-18 09:00,2025-12-08 23:52,2025-12-09 11:52,0,准时,0,自配送
DLV-06182,WO-202512-10305,C008,吉利商用车,2025-12-26 16:00,2025-12-08 16:15,2025-12-11 10:15,0,准时,0,顺丰
DLV-06183,WO-202512-10307,C012,小鹏汽车,2025-12-11 17:00,2025-12-07 00:30,2025-12-08 23:30,0,准时,0,顺丰
DLV-06184,WO-202512-10310,C002,伟世通,2025-12-20 18:00,2025-12-07 10:00,2025-12-10 04:00,0,准时,0,京东物流
DLV-06185,WO-202512-10311,C001,东风彼欧,2025-12-16 11:00,2025-12-08 07:23,2025-12-10 16:23,0,准时,0,顺丰
DLV-06186,WO-202512-10312,C007,东风乘用车,2025-12-21 13:00,2025-12-05 17:12,2025-12-07 13:12,0,准时,0,中通
DLV-06187,WO-202512-10313,C006,岚图汽车,2025-12-20 17:00,2025-12-06 19:58,2025-12-09 11:58,0,准时,0,京东物流
DLV-06188,WO-202512-10315,C006,岚图汽车,2025-12-19 16:00,2025-12-05 06:43,2025-12-07 01:43,0,准时,0,中通
DLV-06189,WO-202512-10316,C011,比亚迪事业群,2025-12-25 12:00,2025-12-07 14:43,2025-12-09 11:43,0,准时,0,客户自提
DLV-06190,WO-202512-10317,C010,长城精工,2025-12-15 08:00,2025-12-04 23:45,2025-12-05 16:45,0,准时,0,自配送
DLV-06191,WO-202512-10318,C008,吉利商用车,2025-12-21 14:00,2025-12-07 04:07,2025-12-07 23:07,0,准时,0,客户自提
DLV-06192,WO-202512-10319,C001,东风彼欧,2025-12-10 10:00,2025-12-06 17:50,2025-12-07 06:50,0,准时,0,京东物流
DLV-06193,WO-202512-10324,C012,小鹏汽车,2025-12-23 14:00,2025-12-08 17:27,2025-12-11 10:27,0,准时,0,自配送
DLV-06194,WO-202512-10326,C012,小鹏汽车,2025-12-19 17:00,2025-12-06 10:30,2025-12-08 08:30,0,准时,0,中通
DLV-06195,WO-202512-10327,C001,东风彼欧,2025-12-21 08:00,2025-12-06 00:57,2025-12-07 07:57,0,准时,0,顺丰
DLV-06196,WO-202512-10328,C006,岚图汽车,2025-12-18 11:00,2025-12-08 06:22,2025-12-10 11:22,0,准时,0,客户自提
DLV-06197,WO-202512-10329,C009,零跑汽车,2025-12-21 16:00,2025-12-11 17:52,2025-12-13 04:52,0,准时,0,顺丰
DLV-06198,WO-202512-10330,C011,比亚迪事业群,2025-12-12 10:00,2025-12-05 01:24,2025-12-05 11:24,0,准时,0,客户自提
DLV-06199,WO-202512-10331,C008,吉利商用车,2025-12-26 14:00,2025-12-08 16:39,2025-12-09 21:39,0,准时,0,客户自提
DLV-06200,WO-202512-10332,C005,本田汽配,2025-12-26 09:00,2025-12-09 13:27,2025-12-10 02:27,0,准时,0,自配送
DLV-06201,WO-202512-10334,C006,岚图汽车,2025-12-20 18:00,2025-12-07 18:03,2025-12-09 10:03,0,准时,0,客户自提
DLV-06202,WO-202512-10336,C004,麦格纳,2025-12-22 16:00,2025-12-03 02:02,2025-12-03 15:02,0,准时,0,客户自提
DLV-06203,WO-202512-10337,C002,伟世通,2025-12-23 13:00,2025-12-09 03:16,2025-12-09 20:16,0,准时,0,京东物流
DLV-06204,WO-202512-10338,C009,零跑汽车,2025-12-21 09:00,2025-12-02 14:46,2025-12-03 12:46,0,准时,0,京东物流
DLV-06205,WO-202512-10339,C010,长城精工,2025-12-19 13:00,2025-12-07 10:21,2025-12-07 19:21,0,准时,0,客户自提
DLV-06206,WO-202512-10340,C003,佛吉亚,2025-12-20 13:00,2025-12-05 17:54,2025-12-07 08:54,0,准时,0,自配送
DLV-06207,WO-202512-10341,C006,岚图汽车,2025-12-17 09:00,2025-12-08 17:07,2025-12-10 18:07,0,准时,0,自配送
DLV-06208,WO-202512-10342,C011,比亚迪事业群,2025-12-18 17:00,2025-12-05 23:33,2025-12-07 19:33,0,准时,0,自配送
DLV-06209,WO-202512-10343,C008,吉利商用车,2025-12-11 14:00,2025-12-06 09:13,2025-12-08 00:13,0,准时,0,顺丰
DLV-06210,WO-202512-10344,C007,东风乘用车,2025-12-17 13:00,2025-12-07 08:38,2025-12-07 22:38,0,准时,0,顺丰
DLV-06211,WO-202512-10345,C008,吉利商用车,2025-12-13 08:00,2025-12-05 09:36,2025-12-06 08:36,0,准时,0,京东物流
DLV-06212,WO-202512-10349,C007,东风乘用车,2025-12-12 12:00,2025-12-05 07:36,2025-12-07 15:36,0,准时,0,自配送
DLV-06213,WO-202512-10350,C005,本田汽配,2025-12-23 09:00,2025-12-06 00:57,2025-12-06 20:57,0,准时,0,自配送
DLV-06214,WO-202512-10351,C011,比亚迪事业群,2025-12-23 18:00,2025-12-07 11:22,2025-12-08 18:22,0,准时,0,客户自提
DLV-06215,WO-202512-10352,C005,本田汽配,2025-12-18 11:00,2025-12-04 01:27,2025-12-06 07:27,0,准时,0,客户自提
DLV-06216,WO-202512-10354,C012,小鹏汽车,2025-12-16 09:00,2025-12-03 20:28,2025-12-06 20:28,0,准时,0,京东物流
DLV-06217,WO-202512-10356,C007,东风乘用车,2025-12-18 08:00,2025-12-06 08:42,2025-12-07 13:42,0,准时,0,顺丰
DLV-06218,WO-202512-10357,C008,吉利商用车,2025-12-16 12:00,2025-12-09 08:38,2025-12-10 23:38,0,准时,0,自配送
DLV-06219,WO-202512-10362,C002,伟世通,2025-12-16 16:00,2025-12-06 19:30,2025-12-09 00:30,0,准时,0,中通
DLV-06220,WO-202512-10364,C004,麦格纳,2025-12-21 17:00,2025-12-07 20:18,2025-12-08 10:18,0,准时,0,京东物流
DLV-06221,WO-202512-10365,C003,佛吉亚,2025-12-18 10:00,2025-12-05 23:50,2025-12-08 09:50,0,准时,0,自配送
DLV-06222,WO-202512-10368,C007,东风乘用车,2025-12-14 10:00,2025-12-04 22:18,2025-12-05 14:18,0,准时,0,中通
DLV-06223,WO-202512-10371,C009,零跑汽车,2025-12-17 15:00,2025-12-04 04:40,2025-12-06 09:40,0,准时,0,自配送
DLV-06224,WO-202512-10372,C009,零跑汽车,2025-12-24 16:00,2025-12-10 11:43,2025-12-11 03:43,0,准时,0,京东物流
DLV-06225,WO-202512-10373,C006,岚图汽车,2025-12-12 08:00,2025-12-06 01:10,2025-12-08 14:10,0,准时,0,顺丰
DLV-06226,WO-202512-10374,C005,本田汽配,2025-12-25 10:00,2025-12-10 08:42,2025-12-11 04:42,0,准时,0,中通
DLV-06227,WO-202512-10375,C010,长城精工,2025-12-13 16:00,2025-12-04 13:58,2025-12-04 23:58,0,准时,0,客户自提
DLV-06228,WO-202512-10378,C008,吉利商用车,2025-12-13 17:00,2025-12-09 19:16,2025-12-11 17:16,0,准时,0,客户自提
DLV-06229,WO-202512-10379,C010,长城精工,2025-12-20 16:00,2025-12-03 16:15,2025-12-04 03:15,0,准时,0,自配送
DLV-06230,WO-202512-10380,C005,本田汽配,2025-12-15 17:00,2025-12-03 20:45,2025-12-06 10:45,0,准时,0,客户自提
DLV-06231,WO-202512-10381,C008,吉利商用车,2025-12-08 09:00,2025-12-03 11:12,2025-12-06 09:12,0,准时,0,京东物流
DLV-06232,WO-202512-10382,C004,麦格纳,2025-12-10 10:00,2025-12-05 21:22,2025-12-07 00:22,0,准时,0,客户自提
DLV-06233,WO-202512-10383,C001,东风彼欧,2025-12-15 09:00,2025-12-07 17:22,2025-12-08 02:22,0,准时,0,中通
DLV-06234,WO-202512-10384,C008,吉利商用车,2025-12-14 11:00,2025-12-05 00:23,2025-12-05 22:23,0,准时,0,中通
DLV-06235,WO-202512-10385,C002,伟世通,2025-12-17 17:00,2025-12-07 17:36,2025-12-08 17:36,0,准时,0,顺丰
DLV-06236,WO-202512-10388,C004,麦格纳,2025-12-13 13:00,2025-12-08 04:25,2025-12-09 08:25,0,准时,0,中通
DLV-06237,WO-202512-10389,C010,长城精工,2025-12-12 14:00,2025-12-06 05:47,2025-12-08 11:47,0,准时,0,京东物流
DLV-06238,WO-202512-10390,C003,佛吉亚,2025-12-19 11:00,2025-12-07 18:57,2025-12-09 22:57,0,准时,0,京东物流
DLV-06239,WO-202512-10392,C007,东风乘用车,2025-12-15 16:00,2025-12-08 09:59,2025-12-11 01:59,0,准时,0,京东物流
DLV-06240,WO-202512-10393,C002,伟世通,2025-12-21 11:00,2025-12-07 02:33,2025-12-08 12:33,0,准时,0,客户自提
DLV-06241,WO-202512-10394,C007,东风乘用车,2025-12-18 11:00,2025-12-03 18:21,2025-12-04 11:21,0,准时,0,顺丰
DLV-06242,WO-202512-10395,C007,东风乘用车,2025-12-13 09:00,2025-12-08 07:15,2025-12-11 03:15,0,准时,0,自配送
DLV-06243,WO-202512-10396,C008,吉利商用车,2025-12-26 10:00,2025-12-09 04:25,2025-12-10 15:25,0,准时,0,中通
DLV-06244,WO-202512-10397,C007,东风乘用车,2025-12-14 09:00,2025-12-08 14:11,2025-12-09 17:11,0,准时,0,客户自提
DLV-06245,WO-202512-10398,C002,伟世通,2025-12-17 09:00,2025-12-04 19:23,2025-12-05 13:23,0,准时,0,客户自提
DLV-06246,WO-202512-10404,C002,伟世通,2025-12-17 13:00,2025-12-06 04:39,2025-12-08 15:39,0,准时,0,客户自提
DLV-06247,WO-202512-10406,C005,本田汽配,2025-12-11 13:00,2025-12-02 22:34,2025-12-04 00:34,0,准时,0,自配送
DLV-06248,WO-202512-10410,C011,比亚迪事业群,2025-12-17 14:00,2025-12-07 18:32,2025-12-08 10:32,0,准时,0,中通
DLV-06249,WO-202512-10411,C003,佛吉亚,2025-12-15 08:00,2025-12-04 17:26,2025-12-06 02:26,0,准时,0,客户自提
DLV-06250,WO-202512-10412,C008,吉利商用车,2025-12-22 10:00,2025-12-05 10:49,2025-12-05 19:49,0,准时,0,中通
DLV-06251,WO-202512-10415,C010,长城精工,2025-12-20 10:00,2025-12-07 15:51,2025-12-09 12:51,0,准时,0,顺丰
DLV-06252,WO-202512-10417,C005,本田汽配,2025-12-19 14:00,2025-12-02 14:58,2025-12-03 08:58,0,准时,0,自配送
DLV-06253,WO-202512-10422,C001,东风彼欧,2025-12-15 18:00,2025-12-10 17:19,2025-12-13 11:19,0,准时,0,京东物流
DLV-06254,WO-202512-10423,C010,长城精工,2025-12-12 15:00,2025-12-03 12:06,2025-12-05 11:06,0,准时,0,自配送
DLV-06255,WO-202512-10427,C009,零跑汽车,2025-12-22 17:00,2025-12-08 02:56,2025-12-08 10:56,0,准时,0,自配送
DLV-06256,WO-202512-10430,C009,零跑汽车,2025-12-21 18:00,2025-12-06 20:10,2025-12-07 17:10,0,准时,0,顺丰
DLV-06257,WO-202512-10431,C005,本田汽配,2025-12-13 13:00,2025-12-09 13:28,2025-12-11 18:28,0,准时,0,京东物流
DLV-06258,WO-202512-10433,C008,吉利商用车,2025-12-08 17:00,2025-12-03 19:21,2025-12-06 14:21,0,准时,0,中通
DLV-06259,WO-202512-10434,C001,东风彼欧,2025-12-21 13:00,2025-12-05 12:50,2025-12-08 07:50,0,准时,0,京东物流
DLV-06260,WO-202512-10436,C012,小鹏汽车,2025-12-22 09:00,2025-12-04 20:09,2025-12-07 06:09,0,准时,0,中通
DLV-06261,WO-202512-10438,C005,本田汽配,2025-12-17 08:00,2025-12-06 20:54,2025-12-07 09:54,0,准时,0,客户自提
DLV-06262,WO-202512-10439,C008,吉利商用车,2025-12-19 15:00,2025-12-06 09:05,2025-12-07 20:05,0,准时,0,自配送
DLV-06263,WO-202512-10442,C009,零跑汽车,2025-12-13 14:00,2025-12-06 23:48,2025-12-08 11:48,0,准时,0,中通
DLV-06264,WO-202512-10445,C005,本田汽配,2025-12-22 16:00,2025-12-09 03:40,2025-12-11 16:40,0,准时,0,客户自提
DLV-06265,WO-202512-10448,C001,东风彼欧,2025-12-13 16:00,2025-12-04 23:39,2025-12-07 02:39,0,准时,0,中通
DLV-06266,WO-202512-10449,C012,小鹏汽车,2025-12-26 17:00,2025-12-08 02:52,2025-12-08 15:52,0,准时,0,顺丰
DLV-06267,WO-202512-10452,C003,佛吉亚,2025-12-11 14:00,2025-12-07 07:12,2025-12-09 10:12,0,准时,0,自配送
DLV-06268,WO-202512-10456,C003,佛吉亚,2025-12-11 16:00,2025-12-06 06:45,2025-12-08 20:45,0,准时,0,客户自提
DLV-06269,WO-202512-10458,C002,伟世通,2025-12-13 09:00,2025-12-04 15:44,2025-12-05 03:44,0,准时,0,客户自提
