snapshot_date,sku,family,wip_qty,finished_goods_qty,reorder_point,value_yuan,status,aging_days
2024-01-01,BUM-027,BUM,291,531,145,4497.57,低库存预警,24
2024-01-01,DUO-004,DUO,221,815,172,17049.8,低库存预警,13
2024-01-01,HND-019,HND,292,247,619,5305.56,过库存,28
2024-01-01,CUP-006,CUP,350,1413,734,26832.87,过库存,16
2024-01-01,VEN-003,VEN,376,1265,478,37153.05,过库存,28
2024-01-01,BUM-009,BUM,416,1404,146,31070.52,低库存预警,16
2024-01-01,TLM-026,TLM,457,476,511,8853.6,正常,27
2024-01-01,DRH-011,DRH,484,1162,359,35382.9,过库存,28
2024-01-01,DUO-015,DUO,156,1474,161,30541.28,过库存,30
2024-01-01,HND-023,HND,122,1253,165,11815.79,过库存,24
2024-01-01,LRB-021,LRB,4,379,318,4134.89,正常,13
2024-01-01,BUM-014,BUM,244,1245,641,9437.1,低库存预警,10
2024-01-01,WLC-009,WLC,110,208,420,6433.44,正常,14
2024-01-01,LFR-007,LFR,439,362,426,1259.76,正常,21
2024-01-01,BUM-017,BUM,287,1571,645,9206.06,低库存预警,26
2024-01-01,DUO-012,DUO,277,941,245,10755.63,正常,3
2024-01-01,LFR-002,LFR,361,1019,517,11045.96,正常,1
2024-01-01,BUM-003,BUM,172,527,654,9306.82,正常,12
2024-01-01,TLP-013,TLP,321,1107,650,2568.24,正常,21
2024-01-01,CUP-016,CUP,234,162,392,2447.82,正常,2
2024-01-01,LFR-018,LFR,490,569,222,13832.39,低库存预警,22
2024-01-01,HND-010,HND,394,1375,622,44453.75,正常,23
2024-01-01,TLM-021,TLM,22,61,239,419.07,正常,29
2024-01-01,HND-007,HND,345,1133,544,4441.36,正常,23
2024-01-01,CUP-023,CUP,336,985,525,12489.8,过库存,5
2024-01-01,TLM-022,TLM,165,1613,404,6774.6,正常,2
2024-01-01,CUP-003,CUP,362,1023,336,34986.6,低库存预警,29
2024-01-01,TLM-004,TLM,123,1667,729,54094.15,低库存预警,3
2024-01-01,TLM-006,TLM,198,1317,114,8995.11,正常,23
2024-01-01,CUP-010,CUP,94,898,338,25781.58,低库存预警,28
2024-01-01,VEN-019,VEN,225,325,493,5638.75,低库存预警,13
2024-01-01,WLC-022,WLC,395,1341,711,45044.19,正常,9
2024-01-01,HND-011,HND,343,1822,260,20679.7,过库存,26
2024-01-01,LRB-016,LRB,97,992,411,23589.76,正常,30
2024-01-01,TLM-001,TLM,229,500,140,3415.0,正常,17
2024-01-01,CUP-028,CUP,374,897,629,10934.43,正常,16
2024-01-01,LRB-014,LRB,464,1629,296,30885.84,正常,28
2024-01-01,TLP-020,TLP,445,391,390,680.34,正常,3
2024-01-01,CUP-001,CUP,88,38,214,250.8,过库存,26
2024-01-01,DRH-003,DRH,116,1155,318,10753.05,低库存预警,26
2024-01-01,TLP-001,TLP,392,328,597,2522.32,正常,23
2024-01-01,TLP-004,TLP,55,1345,770,11432.5,正常,25
2024-01-01,HND-026,HND,362,1413,466,41838.93,过库存,23
2024-01-01,WLC-003,WLC,91,362,381,2628.12,过库存,6
2024-01-01,DUO-006,DUO,198,457,519,15103.85,正常,30
2024-01-01,VEN-006,VEN,370,1838,482,25658.48,过库存,16
2024-01-01,CUP-021,CUP,212,190,372,5219.3,低库存预警,16
2024-01-01,LRB-019,LRB,455,914,139,30948.04,正常,27
2024-01-01,VEN-010,VEN,377,1810,630,23711.0,过库存,8
2024-01-01,TLM-009,TLM,337,1841,734,37850.96,正常,6
2024-01-01,DRH-028,DRH,160,1510,793,39758.3,过库存,23
2024-01-01,LFR-015,LFR,39,938,472,4568.06,正常,7
2024-01-01,BUM-011,BUM,337,1094,651,31375.92,正常,12
2024-01-01,DUO-016,DUO,1,845,234,19189.95,正常,24
2024-01-01,LFR-019,LFR,6,965,363,16115.5,正常,27
2024-01-01,LFR-016,LFR,427,1509,137,25366.29,正常,21
2024-01-01,HND-005,HND,460,1067,492,29609.25,正常,11
2024-01-01,DRH-005,DRH,467,555,186,14296.8,过库存,2
2024-01-01,LRB-002,LRB,429,57,590,1470.03,正常,6
2024-01-01,HND-015,HND,404,80,741,1109.6,正常,8
2024-01-02,HND-013,HND,30,686,236,11511.08,正常,29
2024-01-02,BUM-011,BUM,102,940,418,26959.2,正常,7
2024-01-02,WLC-020,WLC,230,1928,711,22731.12,低库存预警,8
2024-01-02,DRH-005,DRH,373,1874,782,48274.24,正常,16
2024-01-02,HND-016,HND,92,259,329,3939.39,正常,19
2024-01-02,LFR-017,LFR,355,1652,485,39928.84,正常,10
2024-01-02,TLP-025,TLP,324,845,115,2594.15,低库存预警,23
2024-01-02,DRH-025,DRH,427,1502,604,15786.02,正常,25
2024-01-02,TLP-016,TLP,113,891,756,23014.53,正常,7
2024-01-02,LFR-016,LFR,304,427,485,7177.87,正常,27
2024-01-02,VEN-007,VEN,328,209,549,3176.8,正常,20
2024-01-02,WLC-016,WLC,456,819,649,25380.81,正常,8
2024-01-02,HND-021,HND,445,1096,769,29142.64,正常,7
2024-01-02,DRH-023,DRH,418,806,516,6625.32,低库存预警,2
2024-01-02,LRB-017,LRB,283,1153,265,29343.85,正常,16
2024-01-02,DRH-009,DRH,197,1358,294,17572.52,低库存预警,18
2024-01-02,HND-011,HND,248,1792,522,20339.2,低库存预警,24
2024-01-02,BUM-003,BUM,50,286,387,5050.76,正常,14
2024-01-02,CUP-024,CUP,55,1210,539,2238.5,低库存预警,19
2024-01-02,LRB-013,LRB,102,1613,386,55422.68,低库存预警,6
2024-01-02,HND-004,HND,455,113,355,1467.87,正常,5
2024-01-02,TLP-013,TLP,187,1296,659,3006.72,低库存预警,12
2024-01-02,CUP-029,CUP,401,784,372,1764.0,正常,4
2024-01-02,LRB-002,LRB,299,718,155,18517.22,正常,1
2024-01-02,CUP-008,CUP,431,362,372,760.2,正常,5
2024-01-02,HND-003,HND,220,1453,551,15619.75,低库存预警,30
2024-01-02,WLC-019,WLC,476,1883,675,37057.44,正常,0
2024-01-02,LRB-016,LRB,483,1033,794,24564.74,低库存预警,24
2024-01-02,VEN-010,VEN,387,1971,657,25820.1,过库存,29
2024-01-02,LRB-018,LRB,483,1608,502,17430.72,正常,1
2024-01-02,TLM-017,TLM,478,331,443,4405.61,低库存预警,10
2024-01-02,DUO-008,DUO,470,725,404,7010.75,低库存预警,14
2024-01-02,LFR-008,LFR,466,825,535,16351.5,正常,18
2024-01-02,LFR-009,LFR,53,1685,519,27701.4,正常,13
2024-01-02,LRB-020,LRB,418,334,358,7304.58,低库存预警,20
2024-01-02,BUM-004,BUM,321,887,397,28676.71,低库存预警,9
2024-01-02,DRH-003,DRH,264,1456,636,13555.36,过库存,6
2024-01-02,LFR-019,LFR,265,970,499,16199.0,正常,28
2024-01-02,BUM-024,BUM,227,1158,134,32134.5,低库存预警,28
2024-01-02,HND-024,HND,440,1047,201,21913.71,正常,6
2024-01-02,WLC-024,WLC,483,761,520,5136.75,过库存,15
2024-01-02,DRH-030,DRH,77,372,231,2005.08,过库存,29
2024-01-02,DUO-012,DUO,392,102,580,1165.86,正常,2
2024-01-02,LFR-006,LFR,274,469,358,3526.88,正常,13
2024-01-02,DRH-018,DRH,30,1582,178,32462.64,正常,11
2024-01-02,LRB-008,LRB,179,572,561,17943.64,低库存预警,18
2024-01-02,TLP-009,TLP,92,1187,221,30339.72,过库存,5
2024-01-02,TLP-003,TLP,97,773,617,11672.3,正常,15
2024-01-02,BUM-009,BUM,259,350,531,7745.5,正常,29
2024-01-02,LFR-018,LFR,36,938,216,22802.78,正常,12
2024-01-02,LFR-004,LFR,73,1512,638,28198.8,正常,26
2024-01-02,VEN-025,VEN,177,67,285,909.19,正常,23
2024-01-02,BUM-017,BUM,122,815,360,4775.9,过库存,0
2024-01-02,TLM-024,TLM,165,417,250,6780.42,正常,19
2024-01-02,VEN-029,VEN,379,1660,544,19239.4,正常,26
2024-01-02,TLP-011,TLP,284,1408,447,48252.16,低库存预警,3
2024-01-02,CUP-001,CUP,109,1823,133,12031.8,正常,7
2024-01-02,TLM-022,TLM,90,1442,395,6056.4,正常,26
2024-01-02,TLP-014,TLP,412,959,186,31157.91,正常,8
2024-01-02,TLM-016,TLM,77,1536,375,53253.12,低库存预警,15
2024-01-03,HND-009,HND,80,245,413,7462.7,正常,24
2024-01-03,VEN-003,VEN,480,692,535,20324.04,低库存预警,3
2024-01-03,DUO-008,DUO,298,18,632,174.06,正常,20
2024-01-03,LFR-008,LFR,90,610,550,12090.2,正常,27
2024-01-03,DUO-015,DUO,312,19,180,393.68,低库存预警,10
2024-01-03,BUM-028,BUM,190,1230,376,38400.6,正常,3
2024-01-03,DRH-028,DRH,249,219,717,5766.27,正常,15
2024-01-03,HND-013,HND,165,206,471,3456.68,低库存预警,4
2024-01-03,CUP-026,CUP,33,1363,711,15851.69,正常,27
2024-01-03,WLC-024,WLC,429,1901,678,12831.75,低库存预警,5
2024-01-03,LRB-001,LRB,411,787,519,9924.07,正常,4
2024-01-03,TLP-025,TLP,78,803,485,2465.21,低库存预警,22
2024-01-03,CUP-025,CUP,359,720,213,23472.0,过库存,23
2024-01-03,CUP-021,CUP,4,1237,722,33980.39,过库存,21
2024-01-03,VEN-001,VEN,351,1251,662,4378.5,正常,6
2024-01-03,CUP-020,CUP,352,268,729,1516.88,正常,1
2024-01-03,BUM-002,BUM,426,963,624,20868.21,正常,8
2024-01-03,BUM-026,BUM,100,1511,611,16741.88,过库存,7
2024-01-03,LRB-017,LRB,483,1528,448,38887.6,过库存,26
2024-01-03,TLM-009,TLM,460,157,706,3227.92,正常,11
2024-01-03,DUO-006,DUO,111,1822,715,60217.1,正常,21
2024-01-03,TLP-006,TLP,1,1205,280,34282.25,正常,14
2024-01-03,TLP-005,TLP,317,1962,578,11281.5,正常,23
2024-01-03,VEN-025,VEN,107,135,455,1831.95,正常,4
2024-01-03,WLC-016,WLC,231,1790,438,55472.1,低库存预警,11
2024-01-03,WLC-008,WLC,245,139,269,2356.05,低库存预警,23
2024-01-03,TLM-004,TLM,186,1955,630,63439.75,正常,30
2024-01-03,TLM-013,TLM,172,213,791,6255.81,正常,24
2024-01-03,TLM-005,TLM,472,1011,539,21594.96,低库存预警,30
2024-01-03,TLP-020,TLP,453,735,677,1278.9,正常,15
2024-01-03,VEN-027,VEN,277,1599,454,14359.02,正常,4
2024-01-03,HND-012,HND,35,163,374,697.64,正常,28
2024-01-03,VEN-030,VEN,89,619,736,7168.02,正常,17
2024-01-03,DUO-002,DUO,314,1198,451,20473.82,正常,2
2024-01-03,DRH-003,DRH,230,1295,678,12056.45,正常,29
2024-01-03,LFR-006,LFR,489,230,347,1729.6,正常,2
2024-01-03,HND-017,HND,264,1783,387,39190.34,正常,25
2024-01-03,TLM-002,TLM,46,772,192,3836.84,正常,3
2024-01-03,DRH-008,DRH,219,744,355,25943.28,正常,6
2024-01-03,WLC-011,WLC,202,432,734,7063.2,过库存,18
2024-01-03,BUM-021,BUM,105,1019,723,23172.06,低库存预警,25
2024-01-03,LRB-015,LRB,480,1383,146,29236.62,过库存,28
2024-01-03,DRH-012,DRH,438,1705,353,41806.6,过库存,23
2024-01-03,TLP-013,TLP,181,503,387,1166.96,正常,23
2024-01-03,BUM-007,BUM,492,796,392,8071.44,正常,11
2024-01-03,VEN-015,VEN,431,488,281,15533.04,正常,24
2024-01-03,LRB-020,LRB,82,816,719,17845.92,正常,29
2024-01-03,DRH-023,DRH,99,1405,480,11549.1,正常,10
2024-01-03,LFR-005,LFR,393,1753,297,2997.63,过库存,15
2024-01-03,TLP-017,TLP,327,1072,565,31012.96,过库存,27
2024-01-03,DRH-010,DRH,401,403,345,2643.68,正常,22
2024-01-03,VEN-014,VEN,240,1811,643,12858.1,正常,19
2024-01-03,CUP-014,CUP,27,1991,345,37530.35,过库存,28
2024-01-03,DRH-001,DRH,363,319,291,9547.67,低库存预警,7
2024-01-03,DUO-011,DUO,139,416,344,2433.6,正常,10
2024-01-03,TLP-007,TLP,188,1786,724,20789.04,正常,14
2024-01-03,DRH-024,DRH,308,1022,424,8124.9,低库存预警,5
2024-01-03,DUO-016,DUO,299,1834,434,41650.14,正常,13
2024-01-03,TLP-004,TLP,287,1742,274,14807.0,低库存预警,10
2024-01-03,HND-005,HND,488,1241,114,34437.75,低库存预警,7
2024-01-04,BUM-002,BUM,244,1451,549,31443.17,低库存预警,2
2024-01-04,DUO-010,DUO,217,184,610,2804.16,过库存,26
2024-01-04,TLP-015,TLP,481,1796,509,36189.4,过库存,8
2024-01-04,WLC-009,WLC,360,1446,638,44724.78,正常,23
2024-01-04,WLC-014,WLC,38,1735,220,14990.4,正常,21
2024-01-04,DUO-006,DUO,227,1681,499,55557.05,低库存预警,4
2024-01-04,HND-017,HND,159,301,113,6615.98,正常,15
2024-01-04,CUP-004,CUP,233,483,413,16504.11,正常,5
2024-01-04,VEN-022,VEN,48,1511,118,50694.05,正常,22
2024-01-04,DRH-029,DRH,137,64,228,1219.2,正常,1
2024-01-04,TLP-021,TLP,107,150,191,1302.0,正常,27
2024-01-04,CUP-008,CUP,86,795,441,1669.5,正常,28
2024-01-04,TLM-023,TLM,417,1472,227,45278.72,正常,0
2024-01-04,HND-019,HND,49,1192,610,25604.16,正常,10
2024-01-04,TLM-028,TLM,196,1989,604,65656.89,正常,24
2024-01-04,LFR-020,LFR,139,1757,734,54607.56,低库存预警,2
2024-01-04,WLC-005,WLC,96,1223,411,4696.32,正常,12
2024-01-04,CUP-021,CUP,442,820,437,22525.4,正常,9
2024-01-04,VEN-028,VEN,41,1159,782,20757.69,正常,30
2024-01-04,LFR-021,LFR,474,1324,369,25910.68,正常,25
2024-01-04,BUM-004,BUM,179,304,295,9828.32,正常,11
2024-01-04,LFR-004,LFR,182,1916,599,35733.4,过库存,8
2024-01-04,CUP-022,CUP,124,647,244,9821.46,正常,12
2024-01-04,TLP-011,TLP,457,1024,788,35092.48,正常,24
2024-01-04,WLC-018,WLC,229,1976,494,64259.52,低库存预警,11
2024-01-04,TLM-010,TLM,465,879,393,8754.84,低库存预警,19
2024-01-04,VEN-006,VEN,477,1090,132,15216.4,过库存,2
2024-01-04,BUM-020,BUM,304,217,501,7375.83,正常,28
2024-01-04,BUM-017,BUM,161,332,642,1945.52,低库存预警,25
2024-01-04,DRH-021,DRH,176,68,461,260.44,正常,14
2024-01-04,DUO-015,DUO,91,712,345,14752.64,正常,22
2024-01-04,HND-016,HND,151,246,338,3741.66,过库存,3
2024-01-04,BUM-014,BUM,253,1094,714,8292.52,正常,7
2024-01-04,CUP-018,CUP,399,1812,771,33467.64,正常,16
2024-01-04,CUP-016,CUP,28,642,343,9700.62,正常,13
2024-01-04,CUP-010,CUP,495,787,208,22594.77,正常,25
2024-01-04,LRB-016,LRB,384,1545,188,36740.1,正常,24
2024-01-04,LRB-014,LRB,291,1819,428,34488.24,正常,29
2024-01-04,DRH-004,DRH,488,974,187,14590.52,过库存,24
2024-01-04,CUP-020,CUP,314,1407,368,7963.62,正常,22
2024-01-04,TLM-002,TLM,12,1537,115,7638.89,正常,16
2024-01-04,LRB-008,LRB,439,1883,748,59069.71,正常,21
2024-01-04,WLC-017,WLC,43,453,341,1168.74,低库存预警,5
2024-01-04,TLP-023,TLP,230,813,622,20698.98,正常,21
2024-01-04,HND-026,HND,207,651,380,19276.11,正常,19
2024-01-04,BUM-001,BUM,448,1876,329,9736.44,过库存,8
2024-01-04,LFR-012,LFR,251,295,363,5259.85,正常,0
2024-01-04,CUP-023,CUP,108,1807,757,22912.76,正常,3
2024-01-04,CUP-003,CUP,496,1215,204,41553.0,低库存预警,11
2024-01-04,VEN-012,VEN,43,158,375,2362.1,正常,4
2024-01-04,CUP-027,CUP,195,1568,308,31438.4,正常,11
2024-01-04,DUO-025,DUO,487,1910,722,23244.7,正常,3
2024-01-04,TLM-019,TLM,361,109,398,3214.41,过库存,5
2024-01-04,DRH-009,DRH,474,1723,192,22295.62,正常,21
2024-01-04,DRH-014,DRH,142,1519,565,11498.83,低库存预警,28
2024-01-04,LFR-022,LFR,328,75,739,2614.5,低库存预警,13
2024-01-04,TLM-011,TLM,131,274,515,9420.12,正常,29
2024-01-04,VEN-010,VEN,34,695,799,9104.5,过库存,21
2024-01-04,LFR-009,LFR,245,1994,314,32781.36,正常,6
2024-01-04,VEN-008,VEN,51,571,496,18968.62,低库存预警,25
2024-01-05,WLC-018,WLC,455,264,136,8585.28,正常,11
2024-01-05,CUP-013,CUP,451,325,516,6305.0,过库存,22
2024-01-05,WLC-019,WLC,495,622,247,12240.96,正常,15
2024-01-05,WLC-016,WLC,494,351,756,10877.49,过库存,28
2024-01-05,DRH-023,DRH,195,2000,551,16440.0,正常,20
2024-01-05,WLC-013,WLC,271,1885,390,44109.0,正常,26
2024-01-05,HND-010,HND,224,1103,619,35659.99,正常,6
2024-01-05,CUP-026,CUP,313,703,381,8175.89,过库存,27
2024-01-05,DUO-010,DUO,367,563,638,8580.12,正常,29
2024-01-05,BUM-017,BUM,434,274,530,1605.64,正常,25
2024-01-05,DUO-012,DUO,141,1706,682,19499.58,低库存预警,24
2024-01-05,CUP-029,CUP,458,1070,387,2407.5,低库存预警,10
2024-01-05,TLP-024,TLP,68,37,782,129.5,正常,12
2024-01-05,HND-021,HND,96,843,669,22415.37,正常,13
2024-01-05,DUO-013,DUO,429,72,115,255.6,过库存,19
2024-01-05,WLC-008,WLC,483,1848,624,31323.6,正常,6
2024-01-05,CUP-002,CUP,127,970,391,4656.0,正常,2
2024-01-05,WLC-023,WLC,95,1000,493,23920.0,过库存,10
2024-01-05,CUP-030,CUP,106,546,230,13966.68,正常,12
2024-01-05,DUO-015,DUO,486,399,536,8267.28,低库存预警,20
2024-01-05,DRH-029,DRH,271,1204,634,22936.2,正常,13
2024-01-05,TLM-001,TLM,401,1938,468,13236.54,正常,16
2024-01-05,DUO-003,DUO,377,1014,491,1612.26,正常,20
2024-01-05,TLP-016,TLP,373,687,661,17745.21,低库存预警,1
2024-01-05,BUM-019,BUM,414,874,368,16317.58,低库存预警,5
2024-01-05,TLP-025,TLP,317,1590,669,4881.3,正常,21
2024-01-05,LRB-009,LRB,286,1696,717,45859.84,低库存预警,6
2024-01-05,LFR-004,LFR,405,1553,684,28963.45,正常,27
2024-01-05,CUP-015,CUP,449,383,670,11670.01,低库存预警,24
2024-01-05,VEN-018,VEN,369,1937,497,12009.4,低库存预警,6
2024-01-05,TLP-021,TLP,81,1412,365,12256.16,正常,7
2024-01-05,HND-017,HND,234,1975,547,43410.5,过库存,24
2024-01-05,TLM-007,TLM,53,534,588,1778.22,低库存预警,30
2024-01-05,LRB-007,LRB,409,77,664,398.09,正常,0
2024-01-05,DUO-009,DUO,423,1712,179,35900.64,正常,15
2024-01-05,TLP-005,TLP,185,1953,727,11229.75,正常,10
2024-01-05,LFR-002,LFR,360,1781,295,19306.04,低库存预警,2
2024-01-05,TLP-004,TLP,304,1367,548,11619.5,低库存预警,30
2024-01-05,TLP-003,TLP,71,1193,512,18014.3,正常,7
2024-01-05,BUM-028,BUM,272,479,557,14954.38,正常,30
2024-01-05,VEN-030,VEN,84,454,155,5257.32,过库存,12
2024-01-05,TLM-006,TLM,310,1514,214,10340.62,正常,6
2024-01-05,HND-008,HND,440,520,712,12885.6,正常,29
2024-01-05,DRH-017,DRH,489,127,152,656.59,低库存预警,25
2024-01-05,LFR-007,LFR,77,129,671,448.92,过库存,14
2024-01-05,VEN-027,VEN,189,189,103,1697.22,正常,0
2024-01-05,DRH-013,DRH,264,1898,644,15582.58,正常,15
2024-01-05,DUO-011,DUO,290,1923,545,11249.55,正常,10
2024-01-05,BUM-011,BUM,235,1867,448,53545.56,正常,12
2024-01-05,WLC-004,WLC,100,715,220,4711.85,低库存预警,5
2024-01-05,BUM-010,BUM,264,356,103,11146.36,正常,7
2024-01-05,DRH-024,DRH,295,387,559,3076.65,正常,9
2024-01-05,WLC-007,WLC,417,1959,256,67389.6,低库存预警,8
2024-01-05,LRB-019,LRB,97,1525,294,51636.5,低库存预警,27
2024-01-05,LRB-004,LRB,483,1140,589,14911.2,过库存,13
2024-01-05,CUP-004,CUP,95,723,790,24704.91,过库存,3
2024-01-05,LFR-019,LFR,88,1371,125,22895.7,低库存预警,26
2024-01-05,WLC-005,WLC,394,1614,534,6197.76,正常,7
2024-01-05,TLP-018,TLP,413,1344,206,23990.4,正常,29
2024-01-05,VEN-008,VEN,452,346,605,11494.12,低库存预警,6
2024-01-06,WLC-015,WLC,163,1318,593,28442.44,正常,23
2024-01-06,BUM-004,BUM,212,1676,388,54185.08,过库存,20
2024-01-06,HND-024,HND,133,514,268,10758.02,过库存,4
2024-01-06,DRH-009,DRH,427,1885,588,24391.9,正常,9
2024-01-06,HND-014,HND,244,287,343,6509.16,过库存,21
2024-01-06,TLM-026,TLM,465,893,514,16609.8,过库存,26
2024-01-06,BUM-011,BUM,32,93,456,2667.24,低库存预警,14
2024-01-06,BUM-021,BUM,325,483,772,10983.42,正常,3
2024-01-06,CUP-029,CUP,346,904,263,2034.0,正常,21
2024-01-06,DUO-018,DUO,174,480,717,1228.8,正常,16
2024-01-06,WLC-023,WLC,299,44,193,1052.48,低库存预警,28
2024-01-06,TLM-007,TLM,36,1167,338,3886.11,正常,3
2024-01-06,LRB-001,LRB,409,944,742,11903.84,正常,2
2024-01-06,DUO-023,DUO,426,632,471,20641.12,过库存,20
2024-01-06,HND-022,HND,103,1719,271,55437.75,正常,4
2024-01-06,VEN-022,VEN,151,735,351,24659.25,过库存,7
2024-01-06,BUM-026,BUM,390,1535,762,17007.8,低库存预警,11
2024-01-06,LRB-014,LRB,500,1976,752,37464.96,低库存预警,12
2024-01-06,TLM-014,TLM,303,432,535,9313.92,正常,12
2024-01-06,TLP-021,TLP,458,1235,106,10719.8,低库存预警,6
2024-01-06,DUO-020,DUO,238,1131,723,24011.13,正常,26
2024-01-06,TLP-017,TLP,269,278,197,8042.54,过库存,5
2024-01-06,LRB-003,LRB,243,1531,640,30068.84,低库存预警,23
2024-01-06,TLP-004,TLP,377,1368,338,11628.0,正常,16
2024-01-06,DUO-016,DUO,118,943,281,21415.53,正常,14
2024-01-06,LFR-005,LFR,470,1565,749,2676.15,正常,27
2024-01-06,TLM-003,TLM,336,710,330,5765.2,正常,10
2024-01-06,LFR-009,LFR,11,1193,633,19612.92,正常,25
2024-01-06,TLP-022,TLP,180,65,291,1531.4,正常,9
2024-01-06,LRB-020,LRB,328,509,599,11131.83,低库存预警,23
2024-01-06,LFR-002,LFR,55,1179,422,12780.36,正常,9
2024-01-06,DUO-006,DUO,455,1152,778,38073.6,正常,8
2024-01-06,WLC-013,WLC,345,723,747,16918.2,低库存预警,2
2024-01-06,WLC-016,WLC,231,348,244,10784.52,低库存预警,24
2024-01-06,LFR-016,LFR,5,305,556,5127.05,正常,9
2024-01-06,TLM-023,TLM,298,1055,316,32451.8,过库存,22
2024-01-06,LRB-016,LRB,9,1222,767,29059.16,过库存,8
2024-01-06,BUM-003,BUM,450,89,211,1571.74,低库存预警,11
2024-01-06,LFR-001,LFR,59,250,328,995.0,正常,5
2024-01-06,DUO-001,DUO,376,503,328,9189.81,正常,27
2024-01-06,VEN-009,VEN,128,331,383,3012.1,正常,17
2024-01-06,BUM-025,BUM,58,1703,374,38351.56,低库存预警,2
2024-01-06,DUO-024,DUO,435,1653,535,16282.05,过库存,6
2024-01-06,WLC-020,WLC,391,231,190,2723.49,低库存预警,14
2024-01-06,DUO-014,DUO,465,1945,441,22542.55,低库存预警,9
2024-01-06,LFR-021,LFR,234,1213,472,23738.41,低库存预警,24
2024-01-06,HND-021,HND,455,464,243,12337.76,过库存,22
2024-01-06,DUO-011,DUO,149,1173,654,6862.05,过库存,30
2024-01-06,VEN-002,VEN,319,979,629,32659.44,正常,5
2024-01-06,DRH-028,DRH,95,1472,294,38757.76,低库存预警,9
2024-01-06,VEN-007,VEN,237,1215,163,18468.0,过库存,16
2024-01-06,LRB-007,LRB,224,840,106,4342.8,正常,24
2024-01-06,CUP-025,CUP,154,1001,452,32632.6,正常,25
2024-01-06,DRH-015,DRH,263,1861,152,13883.06,正常,25
2024-01-06,LRB-006,LRB,300,1660,688,56738.8,正常,11
2024-01-06,WLC-005,WLC,456,812,465,3118.08,正常,24
2024-01-06,DUO-021,DUO,232,471,614,4446.24,过库存,10
2024-01-06,BUM-019,BUM,5,764,702,14263.88,正常,7
2024-01-06,DRH-018,DRH,443,1521,702,31210.92,低库存预警,27
2024-01-06,CUP-013,CUP,212,1135,593,22019.0,低库存预警,3
2024-01-07,CUP-002,CUP,89,1186,243,5692.8,正常,5
2024-01-07,TLP-008,TLP,359,518,589,12390.56,正常,21
2024-01-07,TLP-024,TLP,160,378,679,1323.0,正常,13
2024-01-07,TLP-007,TLP,151,196,186,2281.44,过库存,19
2024-01-07,BUM-015,BUM,178,1576,546,17997.92,低库存预警,5
2024-01-07,LFR-022,LFR,146,1696,721,59122.56,正常,8
2024-01-07,LFR-019,LFR,117,1929,738,32214.3,正常,27
2024-01-07,HND-005,HND,292,1486,702,41236.5,正常,8
2024-01-07,TLM-009,TLM,459,900,132,18504.0,正常,11
2024-01-07,DUO-015,DUO,251,623,303,12908.56,正常,14
2024-01-07,DUO-011,DUO,307,420,462,2457.0,过库存,0
2024-01-07,BUM-026,BUM,421,1975,113,21883.0,低库存预警,18
2024-01-07,WLC-002,WLC,500,1049,791,27085.18,正常,30
2024-01-07,TLM-003,TLM,22,1417,496,11506.04,正常,15
2024-01-07,LRB-011,LRB,181,1851,393,9810.3,正常,26
2024-01-07,VEN-017,VEN,460,999,505,22637.34,过库存,23
2024-01-07,VEN-016,VEN,448,320,469,10684.8,正常,10
2024-01-07,HND-012,HND,83,1296,346,5546.88,正常,13
2024-01-07,BUM-003,BUM,209,839,225,14816.74,低库存预警,12
2024-01-07,TLP-002,TLP,234,1413,666,9382.32,正常,15
2024-01-07,CUP-013,CUP,379,374,300,7255.6,低库存预警,5
2024-01-07,CUP-025,CUP,193,1100,720,35860.0,低库存预警,17
2024-01-07,VEN-027,VEN,405,528,630,4741.44,正常,6
2024-01-07,VEN-003,VEN,402,1646,173,48343.02,正常,19
2024-01-07,DRH-019,DRH,313,1121,123,21579.25,正常,15
2024-01-07,LFR-006,LFR,425,1525,307,11468.0,低库存预警,27
2024-01-07,WLC-016,WLC,5,23,601,712.77,正常,30
2024-01-07,TLP-014,TLP,36,1602,731,52048.98,正常,21
2024-01-07,LRB-017,LRB,68,947,200,24101.15,低库存预警,25
2024-01-07,DRH-018,DRH,450,1469,619,30143.88,正常,20
2024-01-07,CUP-006,CUP,105,1450,429,27535.5,正常,7
2024-01-07,DRH-002,DRH,125,836,696,7850.04,正常,12
2024-01-07,LFR-015,LFR,457,992,321,4831.04,正常,6
2024-01-07,VEN-006,VEN,449,192,624,2680.32,正常,15
2024-01-07,LRB-001,LRB,316,336,728,4236.96,正常,3
2024-01-07,HND-013,HND,311,871,604,14615.38,正常,28
2024-01-07,BUM-021,BUM,296,237,626,5389.38,正常,18
2024-01-07,TLM-019,TLM,271,1742,283,51371.58,正常,4
2024-01-07,BUM-017,BUM,449,290,793,1699.4,过库存,8
2024-01-07,BUM-016,BUM,147,723,303,6347.94,正常,5
2024-01-07,DUO-012,DUO,60,1166,451,13327.38,低库存预警,1
2024-01-07,WLC-019,WLC,184,1541,781,30326.88,正常,16
2024-01-07,WLC-014,WLC,404,554,548,4786.56,过库存,22
2024-01-07,TLM-018,TLM,252,339,193,10044.57,正常,27
2024-01-07,WLC-024,WLC,271,913,321,6162.75,正常,14
2024-01-07,TLP-011,TLP,430,1813,106,62131.51,低库存预警,24
2024-01-07,VEN-015,VEN,113,732,361,23299.56,正常,28
2024-01-07,TLM-013,TLM,251,1558,500,45758.46,正常,5
2024-01-07,TLM-001,TLM,369,546,180,3729.18,正常,6
2024-01-07,LRB-015,LRB,243,1601,207,33845.14,正常,15
2024-01-07,WLC-022,WLC,90,398,127,13368.82,正常,23
2024-01-07,CUP-001,CUP,437,1385,773,9141.0,过库存,28
2024-01-07,BUM-012,BUM,373,1464,229,38620.32,正常,20
2024-01-07,CUP-024,CUP,309,243,667,449.55,正常,7
2024-01-07,DUO-018,DUO,66,400,183,1024.0,过库存,30
2024-01-07,BUM-011,BUM,152,200,675,5736.0,正常,17
2024-01-07,CUP-028,CUP,298,1509,426,18394.71,过库存,16
2024-01-07,CUP-011,CUP,214,532,634,15662.08,低库存预警,13
2024-01-07,TLP-009,TLP,454,1646,181,42071.76,正常,15
2024-01-07,DRH-005,DRH,121,582,773,14992.32,正常,12
2024-01-08,WLC-002,WLC,378,210,621,5422.2,低库存预警,6
2024-01-08,VEN-005,VEN,490,1913,360,34835.73,正常,28
2024-01-08,DRH-030,DRH,44,1628,317,8774.92,低库存预警,26
2024-01-08,TLP-007,TLP,64,1261,271,14678.04,过库存,2
2024-01-08,DRH-020,DRH,16,1293,276,39229.62,低库存预警,28
2024-01-08,BUM-008,BUM,95,1583,140,48091.54,正常,4
2024-01-08,WLC-015,WLC,287,1,673,21.58,过库存,2
2024-01-08,BUM-027,BUM,291,1376,552,11654.72,低库存预警,17
2024-01-08,LRB-004,LRB,61,969,310,12674.52,低库存预警,23
2024-01-08,CUP-008,CUP,499,1812,134,3805.2,低库存预警,0
2024-01-08,TLP-004,TLP,401,1996,699,16966.0,正常,2
2024-01-08,HND-013,HND,122,1306,636,21914.68,过库存,7
2024-01-08,HND-006,HND,355,489,693,5775.09,正常,2
2024-01-08,HND-003,HND,125,564,341,6063.0,过库存,6
2024-01-08,HND-025,HND,455,1473,587,13463.22,低库存预警,19
2024-01-08,DRH-022,DRH,211,1766,281,21527.54,正常,2
2024-01-08,DRH-004,DRH,365,1990,193,29810.2,正常,6
2024-01-08,CUP-024,CUP,444,8,736,14.8,正常,10
2024-01-08,DUO-005,DUO,280,1404,503,16735.68,低库存预警,11
2024-01-08,BUM-026,BUM,99,1782,159,19744.56,正常,15
2024-01-08,TLP-014,TLP,379,1399,530,45453.51,过库存,29
2024-01-08,WLC-012,WLC,63,632,498,7508.16,低库存预警,27
2024-01-08,HND-011,HND,352,1169,698,13268.15,过库存,0
2024-01-08,BUM-002,BUM,194,451,684,9773.17,正常,29
2024-01-08,TLM-005,TLM,376,668,596,14268.48,正常,22
2024-01-08,TLM-025,TLM,32,785,738,10581.8,正常,29
2024-01-08,CUP-023,CUP,422,1689,537,21416.52,正常,5
2024-01-08,TLP-015,TLP,483,1842,681,37116.3,正常,24
2024-01-08,DRH-023,DRH,123,317,455,2605.74,低库存预警,27
2024-01-08,BUM-022,BUM,472,1250,622,19737.5,低库存预警,21
2024-01-08,HND-018,HND,357,1,344,2.35,过库存,24
2024-01-08,WLC-013,WLC,247,535,122,12519.0,正常,3
2024-01-08,LRB-010,LRB,489,516,298,6083.64,正常,7
2024-01-08,BUM-011,BUM,447,1212,351,34760.16,低库存预警,17
2024-01-08,LFR-008,LFR,265,1349,277,26737.18,低库存预警,15
2024-01-08,DRH-002,DRH,264,1593,664,14958.27,低库存预警,30
2024-01-08,BUM-021,BUM,310,1457,438,33132.18,正常,13
2024-01-08,HND-023,HND,311,1522,680,14352.46,正常,2
2024-01-08,CUP-019,CUP,18,1554,728,27039.6,正常,27
2024-01-08,DRH-001,DRH,499,1943,173,58153.99,低库存预警,2
2024-01-08,HND-004,HND,483,1837,732,23862.63,低库存预警,16
2024-01-08,CUP-001,CUP,134,745,725,4917.0,正常,20
2024-01-08,LRB-002,LRB,358,438,762,11296.02,正常,21
2024-01-08,VEN-010,VEN,419,1601,465,20973.1,低库存预警,0
2024-01-08,LRB-020,LRB,155,1108,146,24231.96,正常,27
2024-01-08,TLM-023,TLM,110,1688,209,51922.88,过库存,16
2024-01-08,CUP-012,CUP,386,655,442,10073.9,正常,19
2024-01-08,DRH-027,DRH,279,305,758,7609.75,低库存预警,19
2024-01-08,HND-022,HND,351,546,343,17608.5,过库存,14
2024-01-08,DUO-002,DUO,471,425,729,7263.25,正常,4
2024-01-08,TLP-016,TLP,283,1151,406,29730.33,过库存,1
2024-01-08,CUP-015,CUP,29,611,699,18617.17,正常,1
2024-01-08,TLM-021,TLM,37,954,616,6553.98,过库存,11
2024-01-08,BUM-017,BUM,475,1458,601,8543.88,过库存,30
2024-01-08,TLM-009,TLM,159,313,597,6435.28,过库存,12
2024-01-08,VEN-027,VEN,456,26,567,233.48,正常,27
2024-01-08,DRH-013,DRH,439,283,410,2323.43,过库存,26
2024-01-08,DUO-001,DUO,83,683,221,12478.41,正常,25
2024-01-08,TLP-024,TLP,348,1090,552,3815.0,过库存,5
2024-01-08,DUO-016,DUO,83,642,487,14579.82,正常,1
2024-01-09,HND-016,HND,8,1383,602,21035.43,正常,28
2024-01-09,LFR-007,LFR,335,1437,176,5000.76,正常,8
2024-01-09,CUP-011,CUP,242,1585,230,46662.4,正常,13
2024-01-09,LRB-011,LRB,47,441,475,2337.3,正常,28
2024-01-09,WLC-023,WLC,309,1343,169,32124.56,正常,1
2024-01-09,WLC-012,WLC,397,138,131,1639.44,过库存,3
2024-01-09,LRB-002,LRB,489,1812,575,46731.48,正常,8
2024-01-09,CUP-013,CUP,336,1265,587,24541.0,正常,11
2024-01-09,TLP-013,TLP,330,1002,504,2324.64,正常,14
2024-01-09,TLP-009,TLP,23,1874,302,47899.44,正常,15
2024-01-09,TLM-011,TLM,346,1437,296,49404.06,低库存预警,30
2024-01-09,TLM-021,TLM,141,1962,295,13478.94,正常,0
2024-01-09,DUO-010,DUO,382,479,126,7299.96,正常,27
2024-01-09,HND-001,HND,221,439,385,2919.35,过库存,17
2024-01-09,VEN-028,VEN,489,14,507,250.74,低库存预警,21
2024-01-09,LRB-001,LRB,286,1231,468,15522.91,低库存预警,5
2024-01-09,VEN-024,VEN,323,1006,753,13581.0,正常,27
2024-01-09,TLP-004,TLP,88,1324,222,11254.0,低库存预警,0
2024-01-09,HND-012,HND,410,61,119,261.08,过库存,3
2024-01-09,BUM-015,BUM,205,151,347,1724.42,过库存,17
2024-01-09,HND-025,HND,316,587,467,5365.18,低库存预警,10
2024-01-09,HND-011,HND,465,986,288,11191.1,低库存预警,0
2024-01-09,VEN-012,VEN,180,1970,724,29451.5,低库存预警,1
2024-01-09,TLM-013,TLM,237,1501,517,44084.37,正常,30
2024-01-09,VEN-023,VEN,490,1212,233,9186.96,过库存,9
2024-01-09,DUO-013,DUO,459,693,410,2460.15,正常,0
2024-01-09,TLP-005,TLP,83,199,744,1144.25,正常,8
2024-01-09,WLC-014,WLC,487,559,400,4829.76,过库存,15
2024-01-09,DRH-010,DRH,406,1150,664,7544.0,低库存预警,2
2024-01-09,CUP-005,CUP,188,1805,384,59348.4,低库存预警,12
2024-01-09,DRH-013,DRH,125,102,349,837.42,过库存,29
2024-01-09,WLC-006,WLC,250,1697,239,20211.27,低库存预警,8
2024-01-09,DRH-026,DRH,258,1596,644,4772.04,低库存预警,3
2024-01-09,BUM-020,BUM,405,1935,512,65770.65,正常,23
2024-01-09,VEN-020,VEN,278,1717,418,3313.81,正常,10
2024-01-09,WLC-002,WLC,9,395,295,10198.9,正常,30
2024-01-09,DRH-012,DRH,114,1347,524,33028.44,低库存预警,1
2024-01-09,HND-006,HND,75,1883,156,22238.23,正常,26
2024-01-09,DUO-022,DUO,400,1062,370,4078.08,正常,27
2024-01-09,TLM-005,TLM,403,197,412,4207.92,低库存预警,6
2024-01-09,WLC-005,WLC,128,1123,230,4312.32,正常,7
2024-01-09,TLM-012,TLM,414,664,339,19627.84,正常,25
2024-01-09,DUO-008,DUO,36,61,215,589.87,正常,16
2024-01-09,WLC-021,WLC,222,1957,618,17554.29,正常,15
2024-01-09,WLC-024,WLC,480,1880,331,12690.0,正常,24
2024-01-09,DUO-023,DUO,56,169,673,5519.54,过库存,19
2024-01-09,LFR-022,LFR,477,533,683,18580.38,正常,15
2024-01-09,LFR-020,LFR,338,46,298,1429.68,正常,20
2024-01-09,CUP-024,CUP,246,1078,779,1994.3,过库存,9
2024-01-09,DUO-025,DUO,256,863,237,10502.71,正常,11
2024-01-09,WLC-017,WLC,237,1851,701,4775.58,正常,23
2024-01-09,HND-023,HND,149,1210,675,11410.3,正常,8
2024-01-09,DUO-024,DUO,351,922,700,9081.7,正常,23
2024-01-09,HND-021,HND,82,455,753,12098.45,正常,16
2024-01-09,LFR-013,LFR,39,933,100,10701.51,低库存预警,16
2024-01-09,DRH-018,DRH,3,1523,265,31251.96,正常,30
2024-01-09,TLP-002,TLP,205,1308,458,8685.12,正常,25
2024-01-09,DRH-015,DRH,385,1014,125,7564.44,低库存预警,7
2024-01-09,VEN-005,VEN,87,1106,488,20140.26,正常,26
2024-01-09,VEN-008,VEN,87,244,623,8105.68,过库存,5
2024-01-10,TLP-012,TLP,58,1964,476,41931.4,正常,20
2024-01-10,DUO-003,DUO,106,1063,452,1690.17,过库存,26
2024-01-10,DRH-002,DRH,265,172,453,1615.08,正常,13
2024-01-10,WLC-003,WLC,422,1095,615,7949.7,正常,11
2024-01-10,TLM-013,TLM,236,50,216,1468.5,正常,24
2024-01-10,VEN-024,VEN,78,181,760,2443.5,过库存,15
2024-01-10,TLP-021,TLP,56,322,345,2794.96,正常,28
2024-01-10,WLC-002,WLC,208,1210,219,31242.2,低库存预警,10
2024-01-10,TLP-023,TLP,177,1079,545,27471.34,低库存预警,9
2024-01-10,HND-014,HND,238,106,124,2404.08,正常,1
2024-01-10,LRB-011,LRB,19,1725,730,9142.5,正常,12
2024-01-10,VEN-012,VEN,396,22,143,328.9,低库存预警,9
2024-01-10,CUP-006,CUP,253,1433,642,27212.67,正常,16
2024-01-10,DRH-024,DRH,245,1411,349,11217.45,低库存预警,23
2024-01-10,BUM-027,BUM,178,203,727,1719.41,低库存预警,16
2024-01-10,TLP-017,TLP,36,193,197,5583.49,正常,25
2024-01-10,TLM-008,TLM,117,1930,594,44949.7,正常,3
2024-01-10,TLM-027,TLM,289,1755,746,26518.05,正常,30
2024-01-10,VEN-026,VEN,301,98,231,2079.56,低库存预警,15
2024-01-10,TLM-016,TLM,284,1854,105,64278.18,正常,0
2024-01-10,DRH-009,DRH,428,1003,299,12978.82,正常,13
2024-01-10,DUO-013,DUO,160,791,521,2808.05,低库存预警,23
2024-01-10,LFR-003,LFR,107,1197,144,31876.11,正常,3
2024-01-10,DUO-020,DUO,429,1616,420,34307.68,正常,7
2024-01-10,VEN-001,VEN,295,412,299,1442.0,正常,20
2024-01-10,TLM-005,TLM,118,1056,397,22556.16,正常,16
2024-01-10,CUP-018,CUP,371,804,318,14849.88,正常,6
2024-01-10,CUP-011,CUP,450,1275,414,37536.0,正常,30
2024-01-10,TLM-023,TLM,172,863,650,26545.88,正常,29
2024-01-10,WLC-018,WLC,427,1180,676,38373.6,正常,11
2024-01-10,DRH-022,DRH,104,1032,462,12580.08,过库存,28
2024-01-10,TLP-007,TLP,35,458,340,5331.12,过库存,9
2024-01-10,WLC-020,WLC,158,1290,137,15209.1,正常,18
2024-01-10,LRB-007,LRB,215,1198,674,6193.66,正常,21
2024-01-10,TLP-022,TLP,4,1059,381,24950.04,正常,10
2024-01-10,TLP-006,TLP,283,1180,698,33571.0,正常,21
2024-01-10,BUM-024,BUM,23,936,689,25974.0,正常,22
2024-01-10,TLM-011,TLM,319,170,214,5844.6,低库存预警,21
2024-01-10,HND-027,HND,342,569,275,14111.2,正常,11
2024-01-10,DRH-006,DRH,382,986,565,17590.24,过库存,30
2024-01-10,HND-009,HND,29,625,531,19037.5,低库存预警,2
2024-01-10,CUP-008,CUP,413,443,588,930.3,过库存,24
2024-01-10,DRH-013,DRH,255,384,676,3152.64,正常,14
2024-01-10,WLC-017,WLC,388,420,140,1083.6,正常,17
2024-01-10,VEN-011,VEN,315,1314,229,42455.34,过库存,14
2024-01-10,TLP-018,TLP,300,1066,148,19028.1,正常,22
2024-01-10,TLM-025,TLM,113,1124,518,15151.52,过库存,29
2024-01-10,DRH-023,DRH,390,114,152,937.08,正常,4
2024-01-10,LFR-018,LFR,490,389,193,9456.59,过库存,4
2024-01-10,DUO-016,DUO,34,72,409,1635.12,过库存,26
2024-01-10,WLC-006,WLC,141,1499,769,17853.09,正常,3
2024-01-10,HND-001,HND,405,1182,458,7860.3,正常,17
2024-01-10,BUM-014,BUM,74,511,183,3873.38,低库存预警,10
2024-01-10,VEN-018,VEN,226,426,523,2641.2,正常,29
2024-01-10,BUM-019,BUM,471,1282,605,23934.94,正常,27
2024-01-10,TLP-020,TLP,82,1457,426,2535.18,正常,21
2024-01-10,LFR-015,LFR,27,920,206,4480.4,过库存,1
2024-01-10,VEN-014,VEN,499,1461,128,10373.1,正常,18
2024-01-10,TLP-003,TLP,331,14,397,211.4,正常,23
2024-01-10,BUM-008,BUM,386,1667,525,50643.46,过库存,2
2024-01-11,HND-022,HND,109,1860,731,59985.0,低库存预警,8
2024-01-11,TLM-012,TLM,483,1970,104,58233.2,过库存,27
2024-01-11,CUP-010,CUP,136,83,470,2382.93,正常,16
2024-01-11,BUM-028,BUM,475,328,354,10240.16,正常,24
2024-01-11,LFR-007,LFR,129,411,624,1430.28,正常,26
2024-01-11,WLC-001,WLC,231,225,316,4153.5,正常,4
2024-01-11,VEN-001,VEN,412,1160,487,4060.0,正常,4
2024-01-11,TLP-021,TLP,46,515,422,4470.2,过库存,17
2024-01-11,LRB-007,LRB,341,1531,361,7915.27,低库存预警,23
2024-01-11,LFR-013,LFR,6,1141,513,13087.27,正常,23
2024-01-11,BUM-010,BUM,460,748,582,23419.88,正常,18
2024-01-11,DUO-025,DUO,71,1406,341,17111.02,低库存预警,9
2024-01-11,HND-007,HND,375,1488,297,5832.96,正常,26
2024-01-11,TLP-019,TLP,99,907,568,2285.64,低库存预警,12
2024-01-11,BUM-022,BUM,429,1485,210,23448.15,正常,8
2024-01-11,VEN-005,VEN,111,54,562,983.34,低库存预警,10
2024-01-11,CUP-009,CUP,445,342,270,10352.34,低库存预警,30
2024-01-11,BUM-018,BUM,68,480,225,7891.2,低库存预警,7
2024-01-11,WLC-011,WLC,98,1362,505,22268.7,正常,15
2024-01-11,WLC-009,WLC,67,662,506,20475.66,正常,18
2024-01-11,CUP-012,CUP,226,386,409,5936.68,低库存预警,8
2024-01-11,LFR-005,LFR,142,1136,302,1942.56,低库存预警,6
2024-01-11,DRH-008,DRH,191,466,415,16249.42,正常,14
2024-01-11,WLC-006,WLC,77,1112,776,13243.92,正常,21
2024-01-11,CUP-011,CUP,105,1885,420,55494.4,正常,6
2024-01-11,HND-017,HND,358,842,168,18507.16,正常,15
2024-01-11,WLC-018,WLC,78,1633,349,53105.16,正常,22
2024-01-11,BUM-023,BUM,196,1736,607,10780.56,正常,8
2024-01-11,VEN-011,VEN,98,1247,565,40290.57,正常,17
2024-01-11,TLM-004,TLM,451,187,740,6068.15,正常,22
2024-01-11,VEN-021,VEN,43,210,615,6247.5,正常,16
2024-01-11,DUO-002,DUO,37,371,727,6340.39,低库存预警,13
2024-01-11,TLM-020,TLM,0,908,228,28620.16,过库存,19
2024-01-11,CUP-003,CUP,16,301,163,10294.2,正常,21
2024-01-11,DUO-018,DUO,114,185,467,473.6,正常,15
2024-01-11,TLP-023,TLP,70,1069,164,27216.74,正常,17
2024-01-11,CUP-008,CUP,130,1676,661,3519.6,正常,12
2024-01-11,DUO-019,DUO,124,622,639,9093.64,正常,4
2024-01-11,VEN-016,VEN,116,593,566,19800.27,过库存,1
2024-01-11,WLC-025,WLC,388,912,288,24259.2,正常,25
2024-01-11,VEN-009,VEN,407,1781,615,16207.1,低库存预警,27
2024-01-11,TLP-018,TLP,266,529,574,9442.65,低库存预警,17
2024-01-11,DRH-027,DRH,472,1144,242,28542.8,低库存预警,12
2024-01-11,DRH-019,DRH,85,44,657,847.0,正常,23
2024-01-11,DRH-004,DRH,149,1073,477,16073.54,低库存预警,27
2024-01-11,HND-010,HND,393,306,239,9892.98,正常,7
2024-01-11,HND-009,HND,157,47,392,1431.62,过库存,6
2024-01-11,CUP-022,CUP,231,595,115,9032.1,低库存预警,9
2024-01-11,HND-019,HND,70,633,144,13596.84,正常,2
2024-01-11,VEN-024,VEN,214,1594,604,21519.0,过库存,10
2024-01-11,CUP-013,CUP,299,1752,512,33988.8,正常,30
2024-01-11,VEN-004,VEN,48,1334,155,43168.24,过库存,26
2024-01-11,CUP-030,CUP,123,1820,495,46555.6,正常,2
2024-01-11,TLP-006,TLP,293,652,198,18549.4,正常,9
2024-01-11,CUP-002,CUP,213,1011,313,4852.8,过库存,1
2024-01-11,LRB-006,LRB,302,97,772,3315.46,低库存预警,25
2024-01-11,LRB-011,LRB,101,436,284,2310.8,正常,24
2024-01-11,BUM-006,BUM,81,1335,167,30531.45,过库存,12
2024-01-11,TLM-008,TLM,98,1572,113,36611.88,低库存预警,23
2024-01-11,HND-004,HND,113,316,634,4104.84,正常,15
2024-01-12,LRB-021,LRB,132,909,497,9917.19,正常,17
2024-01-12,WLC-009,WLC,291,1473,307,45559.89,过库存,30
2024-01-12,LRB-002,LRB,155,338,600,8717.02,低库存预警,1
2024-01-12,HND-011,HND,169,1292,409,14664.2,过库存,1
2024-01-12,TLM-022,TLM,308,1846,206,7753.2,过库存,7
2024-01-12,TLP-022,TLP,19,1355,250,31923.8,正常,26
2024-01-12,BUM-014,BUM,341,678,327,5139.24,正常,7
2024-01-12,BUM-018,BUM,486,1973,679,32436.12,低库存预警,7
2024-01-12,LFR-014,LFR,67,1939,636,17858.19,低库存预警,9
2024-01-12,HND-012,HND,226,1789,640,7656.92,正常,17
2024-01-12,VEN-010,VEN,321,1097,490,14370.7,正常,21
2024-01-12,HND-001,HND,122,671,388,4462.15,正常,5
2024-01-12,VEN-020,VEN,443,1638,221,3161.34,正常,17
2024-01-12,TLP-024,TLP,364,728,755,2548.0,正常,29
2024-01-12,HND-017,HND,9,542,613,11913.16,正常,29
2024-01-12,BUM-015,BUM,365,884,636,10095.28,正常,7
2024-01-12,TLP-019,TLP,213,1016,400,2560.32,正常,16
2024-01-12,TLP-015,TLP,54,914,414,18417.1,过库存,29
2024-01-12,CUP-029,CUP,78,74,195,166.5,过库存,16
2024-01-12,DRH-015,DRH,54,1414,710,10548.44,正常,10
2024-01-12,VEN-007,VEN,375,26,369,395.2,低库存预警,17
2024-01-12,DRH-030,DRH,54,1381,157,7443.59,正常,26
2024-01-12,BUM-024,BUM,462,96,483,2664.0,过库存,16
2024-01-12,HND-016,HND,176,1844,726,28047.24,低库存预警,11
2024-01-12,WLC-002,WLC,447,623,694,16085.86,正常,12
2024-01-12,LFR-013,LFR,481,1983,113,22745.01,低库存预警,10
2024-01-12,HND-014,HND,492,680,294,15422.4,正常,20
2024-01-12,DRH-012,DRH,0,609,398,14932.68,正常,5
2024-01-12,TLP-006,TLP,102,44,453,1251.8,正常,25
2024-01-12,CUP-018,CUP,143,1,740,18.47,正常,14
2024-01-12,HND-024,HND,479,555,659,11616.15,正常,18
2024-01-12,BUM-012,BUM,219,1096,564,28912.48,低库存预警,28
2024-01-12,BUM-027,BUM,426,928,384,7860.16,过库存,20
2024-01-12,LFR-002,LFR,110,400,462,4336.0,过库存,13
2024-01-12,DUO-019,DUO,343,306,368,4473.72,低库存预警,17
2024-01-12,WLC-025,WLC,102,1866,656,49635.6,正常,2
2024-01-12,DUO-009,DUO,164,1517,271,31811.49,正常,15
2024-01-12,VEN-011,VEN,465,1456,175,47043.36,正常,2
2024-01-12,TLM-019,TLM,418,667,745,19669.83,正常,27
2024-01-12,TLM-010,TLM,439,654,618,6513.84,正常,19
2024-01-12,LFR-022,LFR,8,1532,607,53405.52,正常,9
2024-01-12,BUM-010,BUM,72,547,673,17126.57,低库存预警,9
2024-01-12,VEN-002,VEN,78,282,569,9407.52,正常,27
2024-01-12,TLM-028,TLM,10,1096,337,36178.96,低库存预警,2
2024-01-12,BUM-028,BUM,474,1381,759,43114.82,过库存,15
2024-01-12,BUM-003,BUM,312,273,691,4821.18,正常,20
2024-01-12,VEN-021,VEN,2,759,565,22580.25,正常,23
2024-01-12,VEN-012,VEN,323,1000,169,14950.0,正常,28
2024-01-12,TLM-023,TLM,353,177,463,5444.52,低库存预警,1
2024-01-12,VEN-017,VEN,285,1504,267,34080.64,过库存,4
2024-01-12,LFR-011,LFR,63,707,366,13977.39,正常,29
2024-01-12,LRB-015,LRB,25,1389,246,29363.46,低库存预警,0
2024-01-12,WLC-004,WLC,177,1422,199,9370.98,正常,25
2024-01-12,DRH-022,DRH,416,178,270,2169.82,低库存预警,15
2024-01-12,DUO-015,DUO,322,17,727,352.24,正常,1
2024-01-12,WLC-013,WLC,340,139,563,3252.6,过库存,26
2024-01-12,BUM-025,BUM,496,652,777,14683.04,正常,29
2024-01-12,LFR-006,LFR,203,1976,482,14859.52,正常,24
2024-01-12,VEN-030,VEN,118,1600,204,18528.0,正常,27
2024-01-12,LRB-001,LRB,21,208,570,2622.88,正常,12
2024-01-13,TLM-001,TLM,335,1487,495,10156.21,正常,29
2024-01-13,LRB-005,LRB,438,1107,238,27176.85,正常,22
2024-01-13,VEN-026,VEN,72,622,420,13198.84,正常,20
2024-01-13,CUP-009,CUP,285,1345,507,40713.15,过库存,21
2024-01-13,TLP-018,TLP,195,565,411,10085.25,正常,29
2024-01-13,DRH-002,DRH,17,495,650,4648.05,正常,22
2024-01-13,BUM-028,BUM,199,630,708,19668.6,正常,30
2024-01-13,DUO-014,DUO,99,867,465,10048.53,正常,9
2024-01-13,HND-023,HND,354,643,522,6063.49,正常,25
2024-01-13,LFR-007,LFR,51,332,657,1155.36,过库存,12
2024-01-13,CUP-013,CUP,224,332,740,6440.8,过库存,25
2024-01-13,LFR-005,LFR,71,1141,532,1951.11,正常,6
2024-01-13,DUO-005,DUO,350,1929,623,22993.68,正常,22
2024-01-13,WLC-006,WLC,232,486,233,5788.26,正常,27
2024-01-13,HND-004,HND,343,1783,750,23161.17,正常,24
2024-01-13,VEN-006,VEN,149,1812,746,25295.52,过库存,20
2024-01-13,TLM-023,TLM,380,573,341,17625.48,正常,27
2024-01-13,CUP-008,CUP,315,762,398,1600.2,过库存,1
2024-01-13,HND-009,HND,92,1625,471,49497.5,正常,11
2024-01-13,LRB-022,LRB,357,1003,522,17692.92,过库存,15
2024-01-13,DUO-001,DUO,480,533,642,9737.91,正常,25
2024-01-13,CUP-016,CUP,394,1852,239,27983.72,正常,18
2024-01-13,CUP-028,CUP,291,1475,626,17980.25,正常,28
2024-01-13,VEN-004,VEN,215,1672,428,54105.92,低库存预警,11
2024-01-13,LFR-002,LFR,201,1467,398,15902.28,正常,23
2024-01-13,DUO-013,DUO,108,119,414,422.45,正常,9
2024-01-13,DRH-003,DRH,322,1462,396,13611.22,正常,7
2024-01-13,TLP-017,TLP,386,1305,259,37753.65,正常,2
2024-01-13,DUO-011,DUO,41,359,260,2100.15,正常,30
2024-01-13,HND-008,HND,385,858,283,21261.24,正常,11
2024-01-13,DRH-008,DRH,52,1470,183,51258.9,过库存,7
2024-01-13,CUP-003,CUP,188,1666,536,56977.2,过库存,10
2024-01-13,BUM-007,BUM,378,1566,386,15879.24,正常,20
2024-01-13,TLM-018,TLM,484,1040,722,30815.2,正常,2
2024-01-13,WLC-022,WLC,376,667,267,22404.53,低库存预警,0
2024-01-13,BUM-010,BUM,478,338,517,10582.78,低库存预警,21
2024-01-13,CUP-006,CUP,94,15,340,284.85,低库存预警,19
2024-01-13,DUO-009,DUO,66,1278,648,26799.66,过库存,2
2024-01-13,TLP-004,TLP,458,903,474,7675.5,正常,19
2024-01-13,DRH-012,DRH,297,1409,525,34548.68,正常,5
2024-01-13,TLP-023,TLP,196,1599,777,40710.54,正常,3
2024-01-13,BUM-006,BUM,374,881,701,20148.47,正常,1
2024-01-13,WLC-009,WLC,464,317,288,9804.81,正常,25
2024-01-13,BUM-001,BUM,350,148,528,768.12,正常,9
2024-01-13,VEN-025,VEN,196,422,664,5726.54,过库存,12
2024-01-13,TLP-002,TLP,153,1796,613,11925.44,低库存预警,21
2024-01-13,DRH-004,DRH,149,155,609,2321.9,正常,7
2024-01-13,DRH-019,DRH,355,1967,168,37864.75,正常,0
2024-01-13,HND-012,HND,500,1314,565,5623.92,正常,21
2024-01-13,LRB-017,LRB,243,176,595,4479.2,过库存,14
2024-01-13,CUP-014,CUP,254,340,280,6409.0,过库存,13
2024-01-13,DUO-006,DUO,162,1837,623,60712.85,正常,17
2024-01-13,LFR-021,LFR,251,734,760,14364.38,过库存,27
2024-01-13,TLP-024,TLP,337,532,396,1862.0,正常,22
2024-01-13,TLM-011,TLM,236,1262,349,43387.56,正常,16
2024-01-13,LFR-020,LFR,83,1688,215,52463.04,正常,23
2024-01-13,WLC-017,WLC,149,943,406,2432.94,正常,28
2024-01-13,TLP-008,TLP,71,1862,610,44539.04,低库存预警,8
2024-01-13,HND-026,HND,369,1361,137,40299.21,过库存,27
2024-01-13,VEN-015,VEN,171,1834,116,58376.22,正常,29
2024-01-14,LRB-017,LRB,431,1860,225,47337.0,正常,16
2024-01-14,WLC-024,WLC,467,1822,242,12298.5,正常,1
2024-01-14,LFR-017,LFR,89,1730,235,41814.1,低库存预警,30
2024-01-14,TLP-014,TLP,247,565,488,18356.85,正常,3
2024-01-14,VEN-024,VEN,338,338,256,4563.0,低库存预警,8
2024-01-14,TLP-010,TLP,229,459,177,2152.71,正常,18
2024-01-14,TLP-013,TLP,414,446,647,1034.72,过库存,4
2024-01-14,WLC-002,WLC,59,361,387,9321.02,正常,29
2024-01-14,DUO-006,DUO,38,1966,163,64976.3,过库存,4
2024-01-14,WLC-023,WLC,355,248,634,5932.16,低库存预警,16
2024-01-14,DRH-001,DRH,451,957,381,28643.01,低库存预警,10
2024-01-14,DRH-002,DRH,163,1489,623,13981.71,低库存预警,6
2024-01-14,DRH-006,DRH,45,1285,170,22924.4,正常,28
2024-01-14,CUP-006,CUP,178,487,577,9248.13,低库存预警,21
2024-01-14,TLM-027,TLM,481,1527,466,23072.97,正常,0
2024-01-14,TLM-025,TLM,150,754,646,10163.92,正常,17
2024-01-14,VEN-008,VEN,288,1322,566,43916.84,低库存预警,4
2024-01-14,WLC-016,WLC,217,842,678,26093.58,正常,5
2024-01-14,TLP-006,TLP,293,1078,562,30669.1,低库存预警,4
2024-01-14,DUO-001,DUO,423,347,465,6339.69,过库存,7
2024-01-14,CUP-023,CUP,219,55,117,697.4,过库存,0
2024-01-14,WLC-011,WLC,104,1695,557,27713.25,正常,22
2024-01-14,TLM-026,TLM,174,189,680,3515.4,正常,9
2024-01-14,TLM-018,TLM,326,578,635,17126.14,过库存,16
2024-01-14,TLM-028,TLM,40,1673,150,55225.73,过库存,24
2024-01-14,TLM-012,TLM,248,1301,306,38457.56,正常,2
2024-01-14,HND-018,HND,353,913,582,2145.55,正常,18
2024-01-14,TLM-002,TLM,359,7,351,34.79,正常,16
2024-01-14,DUO-012,DUO,420,1489,527,17019.27,正常,30
2024-01-14,TLP-007,TLP,441,327,254,3806.28,正常,16
2024-01-14,TLP-017,TLP,413,72,226,2082.96,正常,28
2024-01-14,LFR-003,LFR,366,454,395,12090.02,低库存预警,29
2024-01-14,BUM-026,BUM,492,1907,167,21129.56,正常,21
2024-01-14,LRB-013,LRB,383,1096,634,37658.56,过库存,16
2024-01-14,LRB-021,LRB,484,1503,722,16397.73,低库存预警,1
2024-01-14,BUM-001,BUM,393,904,796,4691.76,正常,16
2024-01-14,HND-012,HND,79,751,495,3214.28,正常,22
2024-01-14,CUP-010,CUP,440,1419,793,40739.49,正常,21
2024-01-14,TLM-020,TLM,311,434,703,13679.68,过库存,23
2024-01-14,HND-017,HND,413,895,718,19672.1,低库存预警,6
2024-01-14,LRB-015,LRB,369,357,168,7546.98,过库存,26
2024-01-14,DRH-005,DRH,86,947,521,24394.72,过库存,20
2024-01-14,BUM-022,BUM,22,1857,121,29322.03,正常,27
2024-01-14,CUP-016,CUP,139,1533,245,23163.63,正常,29
2024-01-14,BUM-027,BUM,467,1498,786,12688.06,正常,17
2024-01-14,LFR-013,LFR,470,560,746,6423.2,过库存,4
2024-01-14,WLC-006,WLC,453,1905,484,22688.55,正常,17
2024-01-14,BUM-011,BUM,65,555,793,15917.4,低库存预警,5
2024-01-14,BUM-018,BUM,361,350,536,5754.0,低库存预警,18
2024-01-14,HND-016,HND,176,924,618,14054.04,过库存,2
2024-01-14,BUM-024,BUM,261,1758,193,48784.5,过库存,29
2024-01-14,BUM-021,BUM,498,1039,745,23626.86,正常,20
2024-01-14,TLP-022,TLP,240,1190,158,28036.4,正常,22
2024-01-14,LRB-002,LRB,29,1518,209,39149.22,正常,11
2024-01-14,CUP-014,CUP,432,1432,607,26993.2,正常,20
2024-01-14,WLC-017,WLC,54,383,169,988.14,正常,9
2024-01-14,TLP-018,TLP,27,224,436,3998.4,正常,19
2024-01-14,TLM-023,TLM,53,934,785,28729.84,低库存预警,3
2024-01-14,TLP-025,TLP,371,83,466,254.81,正常,23
2024-01-14,TLM-022,TLM,149,340,175,1428.0,正常,8
2024-01-15,DUO-019,DUO,235,65,602,950.3,低库存预警,27
2024-01-15,WLC-011,WLC,155,281,704,4594.35,正常,0
2024-01-15,TLP-005,TLP,281,1253,728,7204.75,正常,18
2024-01-15,VEN-020,VEN,396,645,743,1244.85,正常,2
2024-01-15,LRB-011,LRB,22,862,424,4568.6,正常,24
2024-01-15,LFR-003,LFR,471,1525,147,40610.75,正常,30
2024-01-15,HND-005,HND,29,935,769,25946.25,过库存,19
2024-01-15,TLM-006,TLM,462,684,782,4671.72,正常,18
2024-01-15,VEN-010,VEN,288,1926,209,25230.6,正常,3
2024-01-15,DUO-016,DUO,181,1250,482,28387.5,正常,28
2024-01-15,DUO-001,DUO,272,1025,510,18726.75,正常,17
2024-01-15,TLM-016,TLM,385,936,431,32451.12,过库存,1
2024-01-15,VEN-011,VEN,429,574,583,18545.94,正常,19
2024-01-15,WLC-015,WLC,309,122,736,2632.76,正常,7
2024-01-15,WLC-018,WLC,160,793,444,25788.36,正常,27
2024-01-15,TLP-007,TLP,488,123,629,1431.72,正常,6
2024-01-15,BUM-004,BUM,458,1620,578,52374.6,正常,21
2024-01-15,BUM-007,BUM,70,740,522,7503.6,低库存预警,9
2024-01-15,DUO-020,DUO,471,1728,721,36685.44,正常,12
2024-01-15,DUO-010,DUO,362,788,475,12009.12,低库存预警,5
2024-01-15,CUP-018,CUP,23,1170,311,21609.9,正常,4
2024-01-15,LFR-008,LFR,112,920,439,18234.4,正常,17
2024-01-15,LFR-015,LFR,163,1034,554,5035.58,正常,13
2024-01-15,DRH-003,DRH,385,611,483,5688.41,过库存,24
2024-01-15,TLP-010,TLP,383,1162,129,5449.78,过库存,30
2024-01-15,DRH-019,DRH,6,61,796,1174.25,低库存预警,16
2024-01-15,TLP-024,TLP,181,562,507,1967.0,正常,23
2024-01-15,BUM-009,BUM,341,1169,704,25869.97,正常,27
2024-01-15,BUM-017,BUM,18,1320,427,7735.2,正常,5
2024-01-15,WLC-008,WLC,132,1069,598,18119.55,低库存预警,3
2024-01-15,TLP-022,TLP,448,1213,279,28578.28,正常,8
2024-01-15,DRH-018,DRH,306,1576,686,32339.52,正常,30
2024-01-15,CUP-001,CUP,378,543,148,3583.8,低库存预警,7
2024-01-15,TLM-019,TLM,402,1747,676,51519.03,过库存,27
2024-01-15,VEN-003,VEN,341,1394,450,40941.78,过库存,16
2024-01-15,TLM-001,TLM,62,1883,653,12860.89,正常,12
2024-01-15,LFR-020,LFR,455,1344,612,41771.52,正常,9
2024-01-15,DRH-022,DRH,124,127,232,1548.13,正常,6
2024-01-15,HND-023,HND,375,1381,366,13022.83,低库存预警,30
2024-01-15,DUO-013,DUO,154,1572,179,5580.6,过库存,5
2024-01-15,TLP-009,TLP,13,616,194,15744.96,正常,30
2024-01-15,DRH-007,DRH,161,442,747,3880.76,低库存预警,8
2024-01-15,TLP-008,TLP,408,61,190,1459.12,正常,30
2024-01-15,WLC-001,WLC,27,1253,547,23130.38,过库存,30
2024-01-15,VEN-022,VEN,164,198,299,6642.9,低库存预警,18
2024-01-15,VEN-014,VEN,137,1156,623,8207.6,正常,18
2024-01-15,HND-028,HND,437,1041,800,10087.29,正常,11
2024-01-15,TLM-028,TLM,249,61,155,2013.61,低库存预警,25
2024-01-15,BUM-020,BUM,131,52,135,1767.48,低库存预警,23
2024-01-15,HND-011,HND,246,360,567,4086.0,正常,11
2024-01-15,TLM-014,TLM,331,1917,651,41330.52,正常,11
2024-01-15,DRH-020,DRH,81,1907,277,57858.38,低库存预警,12
2024-01-15,TLM-002,TLM,433,1268,429,6301.96,正常,5
2024-01-15,HND-020,HND,414,995,291,9800.75,过库存,2
2024-01-15,DUO-003,DUO,273,1312,284,2086.08,正常,3
2024-01-15,DRH-027,DRH,3,1579,618,39396.05,正常,2
2024-01-15,HND-008,HND,58,1502,726,37219.56,低库存预警,16
2024-01-15,LRB-019,LRB,368,448,562,15169.28,正常,7
2024-01-15,WLC-009,WLC,216,1369,498,42343.17,过库存,11
2024-01-15,WLC-010,WLC,38,457,679,11502.69,过库存,8
2024-01-16,CUP-023,CUP,352,1118,167,14176.24,低库存预警,20
2024-01-16,TLM-018,TLM,211,261,225,7733.43,过库存,16
2024-01-16,TLM-006,TLM,24,1205,622,8230.15,正常,26
2024-01-16,HND-015,HND,442,1551,796,21512.37,正常,9
2024-01-16,DRH-008,DRH,116,1523,741,53107.01,正常,12
2024-01-16,DRH-010,DRH,307,224,331,1469.44,正常,8
2024-01-16,WLC-008,WLC,385,1660,587,28137.0,正常,8
2024-01-16,VEN-019,VEN,467,290,188,5031.5,正常,30
2024-01-16,WLC-011,WLC,473,1166,638,19064.1,低库存预警,8
2024-01-16,HND-023,HND,430,1321,680,12457.03,过库存,13
2024-01-16,DUO-013,DUO,335,1613,791,5726.15,正常,14
2024-01-16,TLM-026,TLM,27,1518,399,28234.8,正常,14
2024-01-16,DRH-023,DRH,73,194,437,1594.68,正常,24
2024-01-16,CUP-022,CUP,231,541,584,8212.38,过库存,1
2024-01-16,WLC-021,WLC,347,688,736,6171.36,正常,17
2024-01-16,WLC-016,WLC,174,1055,635,32694.45,正常,8
2024-01-16,TLM-023,TLM,46,1931,303,59397.56,正常,12
2024-01-16,TLM-027,TLM,489,1236,448,18675.96,低库存预警,22
2024-01-16,LRB-021,LRB,26,322,248,3513.02,正常,18
2024-01-16,BUM-007,BUM,154,1793,596,18181.02,过库存,23
2024-01-16,LFR-017,LFR,339,1093,492,26417.81,正常,0
2024-01-16,DRH-001,DRH,357,1951,495,58393.43,过库存,2
2024-01-16,CUP-017,CUP,66,448,236,5550.72,低库存预警,14
2024-01-16,BUM-002,BUM,188,834,719,18072.78,正常,8
2024-01-16,WLC-010,WLC,218,823,201,20714.91,正常,8
2024-01-16,BUM-012,BUM,364,872,433,23003.36,正常,5
2024-01-16,TLM-009,TLM,212,1722,724,35404.32,低库存预警,25
2024-01-16,DRH-016,DRH,374,1894,566,36876.18,低库存预警,26
2024-01-16,DRH-022,DRH,63,1924,626,23453.56,正常,20
2024-01-16,VEN-013,VEN,254,1433,185,44609.29,正常,9
2024-01-16,DRH-013,DRH,171,1171,507,9613.91,低库存预警,11
2024-01-16,CUP-025,CUP,447,1580,754,51508.0,低库存预警,23
2024-01-16,HND-008,HND,204,869,701,21533.82,低库存预警,6
2024-01-16,VEN-012,VEN,26,1552,502,23202.4,过库存,10
2024-01-16,LFR-013,LFR,417,1393,447,15977.71,正常,5
2024-01-16,HND-011,HND,74,471,146,5345.85,正常,8
2024-01-16,CUP-020,CUP,58,84,702,475.44,正常,20
2024-01-16,LFR-021,LFR,479,251,505,4912.07,正常,18
2024-01-16,HND-004,HND,119,1837,734,23862.63,正常,26
2024-01-16,TLM-019,TLM,192,1375,143,40548.75,正常,30
2024-01-16,BUM-016,BUM,196,264,455,2317.92,正常,22
2024-01-16,HND-009,HND,322,1256,453,38257.76,正常,11
2024-01-16,VEN-006,VEN,160,1521,762,21233.16,低库存预警,0
2024-01-16,LFR-001,LFR,67,1772,435,7052.56,正常,18
2024-01-16,CUP-012,CUP,276,599,479,9212.62,正常,18
2024-01-16,BUM-023,BUM,9,37,151,229.77,正常,8
2024-01-16,WLC-020,WLC,233,884,541,10422.36,低库存预警,5
2024-01-16,DRH-014,DRH,87,1848,385,13989.36,正常,29
2024-01-16,LFR-009,LFR,1,1713,768,28161.72,低库存预警,11
2024-01-16,LFR-003,LFR,111,839,715,22342.57,正常,24
2024-01-16,CUP-018,CUP,276,726,732,13409.22,低库存预警,3
2024-01-16,TLP-009,TLP,141,1883,622,48129.48,正常,18
2024-01-16,TLP-013,TLP,469,747,420,1733.04,过库存,1
2024-01-16,LFR-010,LFR,387,1693,368,35349.84,过库存,2
2024-01-16,CUP-019,CUP,280,1270,287,22098.0,正常,9
2024-01-16,LFR-008,LFR,35,753,747,14924.46,正常,12
2024-01-16,DRH-029,DRH,51,576,392,10972.8,低库存预警,9
2024-01-16,WLC-018,WLC,209,1549,477,50373.48,低库存预警,16
2024-01-16,LRB-011,LRB,120,694,274,3678.2,正常,19
2024-01-16,DRH-026,DRH,116,33,612,98.67,正常,16
2024-01-17,VEN-011,VEN,3,1901,721,61421.31,正常,30
2024-01-17,TLM-005,TLM,391,1242,711,26529.12,低库存预警,19
2024-01-17,DRH-011,DRH,117,1738,364,52922.1,低库存预警,4
2024-01-17,CUP-002,CUP,118,1669,396,8011.2,低库存预警,10
2024-01-17,DRH-028,DRH,170,1522,420,40074.26,正常,27
2024-01-17,DRH-021,DRH,59,1752,685,6710.16,正常,15
2024-01-17,HND-004,HND,152,178,155,2312.22,低库存预警,23
2024-01-17,VEN-023,VEN,307,1011,795,7663.38,正常,16
2024-01-17,LRB-006,LRB,233,1435,581,49048.3,正常,26
2024-01-17,BUM-009,BUM,377,244,754,5399.72,正常,18
2024-01-17,TLM-009,TLM,157,131,448,2693.36,低库存预警,1
2024-01-17,VEN-027,VEN,267,153,498,1373.94,正常,22
2024-01-17,DUO-016,DUO,8,1331,547,30227.01,正常,12
2024-01-17,BUM-017,BUM,410,1173,100,6873.78,正常,0
2024-01-17,VEN-006,VEN,419,1098,489,15328.08,正常,24
2024-01-17,BUM-012,BUM,366,722,335,19046.36,正常,4
2024-01-17,LFR-006,LFR,289,569,736,4278.88,正常,27
2024-01-17,BUM-014,BUM,431,1566,448,11870.28,过库存,20
2024-01-17,HND-009,HND,123,1462,678,44532.52,过库存,10
2024-01-17,DRH-003,DRH,14,1308,737,12177.48,正常,6
2024-01-17,LRB-004,LRB,243,1692,800,22131.36,低库存预警,8
2024-01-17,LFR-009,LFR,210,170,379,2794.8,正常,1
2024-01-17,CUP-022,CUP,458,253,577,3840.54,正常,9
2024-01-17,TLP-020,TLP,64,479,694,833.46,过库存,24
2024-01-17,TLP-016,TLP,353,1911,311,49361.13,正常,22
2024-01-17,CUP-026,CUP,159,1414,745,16444.82,正常,4
2024-01-17,WLC-025,WLC,32,848,213,22556.8,低库存预警,28
2024-01-17,VEN-024,VEN,91,1332,457,17982.0,正常,18
2024-01-17,WLC-009,WLC,221,35,113,1082.55,正常,19
2024-01-17,VEN-014,VEN,437,1356,430,9627.6,正常,23
2024-01-17,TLP-015,TLP,432,1788,740,36028.2,正常,20
2024-01-17,LRB-014,LRB,277,1560,556,29577.6,低库存预警,30
2024-01-17,LFR-022,LFR,352,1296,235,45178.56,正常,14
2024-01-17,WLC-023,WLC,80,1615,456,38630.8,低库存预警,26
2024-01-17,LFR-011,LFR,449,590,389,11664.3,正常,4
2024-01-17,WLC-018,WLC,434,146,360,4747.92,低库存预警,14
2024-01-17,CUP-029,CUP,431,1213,347,2729.25,正常,11
2024-01-17,BUM-021,BUM,411,1503,465,34178.22,正常,12
2024-01-17,VEN-009,VEN,303,1359,680,12366.9,正常,3
2024-01-17,LFR-014,LFR,254,1607,411,14800.47,正常,18
2024-01-17,CUP-011,CUP,469,1814,174,53404.16,正常,30
2024-01-17,DRH-015,DRH,439,11,210,82.06,正常,5
2024-01-17,WLC-024,WLC,335,1113,169,7512.75,过库存,2
2024-01-17,HND-028,HND,103,621,440,6017.49,正常,9
2024-01-17,LFR-010,LFR,143,1993,567,41613.84,正常,16
2024-01-17,TLP-001,TLP,253,599,125,4606.31,正常,7
2024-01-17,TLP-024,TLP,196,1270,709,4445.0,低库存预警,18
2024-01-17,WLC-004,WLC,129,1126,563,7420.34,正常,15
2024-01-17,TLM-008,TLM,460,89,109,2072.81,正常,7
2024-01-17,DUO-013,DUO,15,115,505,408.25,过库存,28
2024-01-17,TLP-003,TLP,137,960,438,14496.0,正常,0
2024-01-17,DUO-018,DUO,376,951,112,2434.56,低库存预警,7
2024-01-17,WLC-002,WLC,299,1955,263,50478.1,低库存预警,6
2024-01-17,DUO-001,DUO,221,997,131,18215.19,正常,18
2024-01-17,HND-018,HND,415,1147,708,2695.45,低库存预警,29
2024-01-17,CUP-001,CUP,446,1678,693,11074.8,正常,16
2024-01-17,WLC-012,WLC,78,1519,311,18045.72,正常,8
2024-01-17,BUM-016,BUM,192,845,312,7419.1,低库存预警,20
2024-01-17,HND-005,HND,12,177,408,4911.75,正常,28
2024-01-17,TLM-007,TLM,295,1062,489,3536.46,低库存预警,29
2024-01-18,DUO-010,DUO,282,300,533,4572.0,正常,25
2024-01-18,DRH-021,DRH,350,1747,645,6691.01,过库存,17
2024-01-18,DRH-013,DRH,113,1415,304,11617.15,正常,26
2024-01-18,TLP-006,TLP,191,1801,449,51238.45,正常,19
2024-01-18,CUP-003,CUP,218,1872,797,64022.4,低库存预警,18
2024-01-18,DRH-020,DRH,271,1820,509,55218.8,正常,10
2024-01-18,LFR-022,LFR,292,1053,532,36707.58,正常,23
2024-01-18,WLC-023,WLC,395,1471,477,35186.32,过库存,2
2024-01-18,TLM-025,TLM,297,70,584,943.6,低库存预警,0
2024-01-18,DUO-013,DUO,439,788,471,2797.4,正常,0
2024-01-18,HND-015,HND,294,1131,653,15686.97,正常,26
2024-01-18,LFR-014,LFR,267,754,779,6944.34,正常,24
2024-01-18,WLC-011,WLC,366,981,468,16039.35,正常,4
2024-01-18,TLP-008,TLP,457,1372,167,32818.24,正常,5
2024-01-18,WLC-003,WLC,281,115,493,834.9,过库存,25
2024-01-18,BUM-019,BUM,442,654,632,12210.18,正常,5
2024-01-18,DUO-001,DUO,28,937,103,17118.99,正常,22
2024-01-18,TLM-015,TLM,148,560,275,4172.0,过库存,20
2024-01-18,CUP-030,CUP,52,774,353,19798.92,正常,20
2024-01-18,WLC-016,WLC,331,638,374,19771.62,正常,28
2024-01-18,DRH-007,DRH,42,605,327,5311.9,低库存预警,18
2024-01-18,VEN-001,VEN,287,672,248,2352.0,过库存,24
2024-01-18,BUM-005,BUM,392,349,613,5761.99,过库存,24
2024-01-18,HND-024,HND,141,1096,121,22939.28,低库存预警,8
2024-01-18,BUM-022,BUM,104,221,615,3489.59,正常,28
2024-01-18,VEN-028,VEN,467,1499,460,26847.09,正常,13
2024-01-18,DUO-002,DUO,54,317,475,5417.53,低库存预警,11
2024-01-18,DRH-012,DRH,79,860,679,21087.2,低库存预警,28
2024-01-18,LFR-012,LFR,25,267,488,4760.61,正常,20
2024-01-18,BUM-009,BUM,168,1658,556,36691.54,低库存预警,5
2024-01-18,CUP-025,CUP,111,1954,580,63700.4,过库存,1
2024-01-18,CUP-014,CUP,152,1152,428,21715.2,正常,19
2024-01-18,DRH-017,DRH,47,1929,770,9972.93,过库存,4
2024-01-18,LFR-011,LFR,339,102,348,2016.54,低库存预警,4
2024-01-18,TLM-027,TLM,401,1422,720,21486.42,正常,28
2024-01-18,VEN-014,VEN,332,35,165,248.5,低库存预警,3
2024-01-18,HND-012,HND,134,654,438,2799.12,正常,28
2024-01-18,WLC-018,WLC,403,1554,669,50536.08,正常,17
2024-01-18,CUP-010,CUP,472,593,415,17025.03,过库存,23
2024-01-18,DRH-004,DRH,109,1197,445,17931.06,过库存,19
2024-01-18,VEN-026,VEN,147,1974,718,41888.28,正常,0
2024-01-18,CUP-006,CUP,134,1478,462,28067.22,正常,0
2024-01-18,WLC-021,WLC,130,611,456,5480.67,正常,0
2024-01-18,DRH-011,DRH,417,1341,269,40833.45,正常,2
2024-01-18,BUM-024,BUM,486,231,182,6410.25,正常,0
2024-01-18,TLM-001,TLM,495,510,117,3483.3,低库存预警,23
2024-01-18,DUO-009,DUO,418,245,517,5137.65,过库存,8
2024-01-18,DRH-010,DRH,37,1541,625,10108.96,正常,22
2024-01-18,TLM-022,TLM,90,1746,648,7333.2,低库存预警,8
2024-01-18,VEN-002,VEN,418,1492,448,49773.12,正常,7
2024-01-18,BUM-028,BUM,197,1266,480,39524.52,过库存,26
2024-01-18,VEN-030,VEN,14,1173,495,13583.34,低库存预警,26
2024-01-18,TLM-013,TLM,486,1950,268,57271.5,低库存预警,8
2024-01-18,VEN-027,VEN,174,1685,176,15131.3,低库存预警,14
2024-01-18,WLC-004,WLC,339,1822,511,12006.98,正常,25
2024-01-18,DUO-008,DUO,340,1778,614,17193.26,正常,12
2024-01-18,LRB-008,LRB,60,1294,715,40592.78,正常,25
2024-01-18,BUM-021,BUM,121,1541,421,35042.34,正常,13
2024-01-18,LFR-016,LFR,159,780,115,13111.8,正常,3
2024-01-18,LRB-004,LRB,252,907,330,11863.56,过库存,3
2024-01-19,HND-003,HND,49,1915,627,20586.25,正常,18
2024-01-19,DRH-027,DRH,3,908,301,22654.6,过库存,27
2024-01-19,BUM-018,BUM,349,1664,328,27356.16,低库存预警,24
2024-01-19,VEN-001,VEN,270,1616,470,5656.0,正常,22
2024-01-19,VEN-023,VEN,265,1655,273,12544.9,正常,16
2024-01-19,VEN-015,VEN,261,1181,521,37591.23,正常,4
2024-01-19,BUM-024,BUM,410,1128,126,31302.0,正常,5
2024-01-19,HND-006,HND,130,1967,105,23230.27,低库存预警,13
2024-01-19,DUO-021,DUO,324,1029,319,9713.76,过库存,16
2024-01-19,WLC-021,WLC,316,1922,147,17240.34,正常,16
2024-01-19,HND-013,HND,474,1375,521,23072.5,低库存预警,10
2024-01-19,DRH-016,DRH,74,1919,203,37362.93,正常,30
2024-01-19,CUP-022,CUP,332,1721,459,26124.78,过库存,18
2024-01-19,BUM-007,BUM,415,27,793,273.78,正常,20
2024-01-19,HND-027,HND,12,226,264,5604.8,正常,19
2024-01-19,DRH-024,DRH,381,528,190,4197.6,正常,28
2024-01-19,DUO-009,DUO,406,1221,601,25604.37,正常,7
2024-01-19,LFR-013,LFR,19,856,383,9818.32,过库存,14
2024-01-19,LFR-008,LFR,116,1720,333,34090.4,过库存,3
2024-01-19,VEN-025,VEN,320,405,745,5495.85,正常,26
2024-01-19,DUO-011,DUO,380,799,247,4674.15,正常,16
2024-01-19,CUP-006,CUP,388,1063,256,20186.37,正常,20
2024-01-19,LRB-011,LRB,289,391,180,2072.3,正常,19
2024-01-19,DUO-018,DUO,302,98,777,250.88,正常,0
2024-01-19,DUO-002,DUO,500,275,666,4699.75,正常,11
2024-01-19,WLC-019,WLC,53,668,709,13146.24,低库存预警,17
2024-01-19,TLM-011,TLM,145,1199,263,41221.62,正常,5
2024-01-19,DUO-008,DUO,168,1203,765,11633.01,低库存预警,7
2024-01-19,CUP-030,CUP,392,1815,204,46427.7,低库存预警,6
2024-01-19,TLM-024,TLM,143,1087,341,17674.62,过库存,0
2024-01-19,TLM-013,TLM,466,204,216,5991.48,过库存,6
2024-01-19,LFR-006,LFR,431,337,280,2534.24,正常,20
2024-01-19,VEN-013,VEN,285,359,290,11175.67,过库存,30
2024-01-19,DRH-018,DRH,189,632,574,12968.64,正常,27
2024-01-19,BUM-023,BUM,458,7,363,43.47,正常,25
2024-01-19,DUO-019,DUO,137,150,732,2193.0,低库存预警,18
2024-01-19,TLP-015,TLP,310,474,374,9551.1,过库存,28
2024-01-19,CUP-013,CUP,126,911,436,17673.4,正常,5
2024-01-19,HND-010,HND,236,576,497,18622.08,低库存预警,27
2024-01-19,TLM-023,TLM,259,798,110,24546.48,正常,12
2024-01-19,CUP-007,CUP,93,1560,247,32962.8,过库存,21
2024-01-19,HND-012,HND,3,300,689,1284.0,过库存,21
2024-01-19,BUM-012,BUM,39,35,624,923.3,正常,6
2024-01-19,LFR-019,LFR,487,623,180,10404.1,正常,11
2024-01-19,LRB-021,LRB,211,1467,224,16004.97,正常,17
2024-01-19,WLC-023,WLC,333,832,572,19901.44,正常,23
2024-01-19,WLC-025,WLC,294,1802,179,47933.2,低库存预警,1
2024-01-19,LFR-022,LFR,82,1623,553,56577.78,过库存,2
2024-01-19,TLM-006,TLM,40,495,553,3380.85,低库存预警,21
2024-01-19,DRH-008,DRH,136,1304,267,45470.48,正常,26
2024-01-19,BUM-013,BUM,483,1497,449,8757.45,低库存预警,23
2024-01-19,VEN-017,VEN,218,1575,766,35689.5,过库存,9
2024-01-19,CUP-016,CUP,33,1206,576,18222.66,正常,25
2024-01-19,LRB-005,LRB,366,1480,234,36334.0,低库存预警,26
2024-01-19,LRB-006,LRB,14,1435,337,49048.3,过库存,17
2024-01-19,TLP-019,TLP,323,297,162,748.44,低库存预警,22
2024-01-19,DRH-007,DRH,369,1481,566,13003.18,正常,5
2024-01-19,TLP-003,TLP,90,1206,482,18210.6,正常,3
2024-01-19,VEN-008,VEN,89,1962,733,65177.64,低库存预警,29
2024-01-19,DUO-015,DUO,495,1757,322,36405.04,过库存,22
2024-01-20,VEN-019,VEN,30,1803,644,31282.05,正常,13
2024-01-20,LFR-008,LFR,230,989,199,19601.98,低库存预警,29
2024-01-20,LRB-019,LRB,253,634,364,21467.24,低库存预警,20
2024-01-20,CUP-003,CUP,374,644,175,22024.8,正常,19
2024-01-20,TLP-025,TLP,109,1040,642,3192.8,正常,8
2024-01-20,DUO-014,DUO,12,31,517,359.29,正常,14
2024-01-20,DRH-006,DRH,289,128,312,2283.52,过库存,8
2024-01-20,DRH-010,DRH,281,156,166,1023.36,低库存预警,7
2024-01-20,HND-015,HND,143,710,226,9847.7,正常,28
2024-01-20,WLC-023,WLC,277,694,413,16600.48,正常,7
2024-01-20,TLM-027,TLM,362,290,583,4381.9,正常,0
2024-01-20,BUM-016,BUM,193,509,458,4469.02,低库存预警,10
2024-01-20,LRB-011,LRB,146,565,768,2994.5,过库存,6
2024-01-20,LFR-004,LFR,457,885,306,16505.25,低库存预警,10
2024-01-20,WLC-001,WLC,264,1997,603,36864.62,正常,6
2024-01-20,BUM-003,BUM,6,1713,647,30251.58,低库存预警,18
2024-01-20,BUM-026,BUM,60,1913,434,21196.04,正常,7
2024-01-20,DUO-007,DUO,336,343,643,4164.02,正常,11
2024-01-20,HND-008,HND,92,1175,485,29116.5,低库存预警,6
2024-01-20,TLP-017,TLP,331,1969,797,56963.17,低库存预警,7
2024-01-20,HND-019,HND,358,787,377,16904.76,低库存预警,8
2024-01-20,LFR-011,LFR,40,337,681,6662.49,正常,22
2024-01-20,VEN-028,VEN,53,699,696,12519.09,过库存,9
2024-01-20,LFR-013,LFR,188,1956,507,22435.32,正常,9
2024-01-20,DRH-019,DRH,405,1379,286,26545.75,正常,5
2024-01-20,CUP-030,CUP,391,443,491,11331.94,正常,16
2024-01-20,WLC-008,WLC,7,1545,318,26187.75,正常,23
2024-01-20,TLP-012,TLP,91,696,231,14859.6,正常,15
2024-01-20,LFR-002,LFR,128,1683,623,18243.72,低库存预警,27
2024-01-20,CUP-015,CUP,228,970,612,29555.9,过库存,2
2024-01-20,LFR-009,LFR,362,926,211,15223.44,过库存,30
2024-01-20,WLC-022,WLC,340,109,110,3661.31,过库存,16
2024-01-20,VEN-023,VEN,388,1273,289,9649.34,正常,29
2024-01-20,WLC-013,WLC,482,980,400,22932.0,正常,10
2024-01-20,TLM-006,TLM,270,441,548,3012.03,正常,24
2024-01-20,DRH-025,DRH,232,30,120,315.3,正常,21
2024-01-20,HND-022,HND,17,1832,737,59082.0,正常,26
2024-01-20,CUP-006,CUP,231,643,206,12210.57,低库存预警,3
2024-01-20,LFR-021,LFR,49,489,578,9569.73,正常,17
2024-01-20,VEN-029,VEN,12,1957,447,22681.63,正常,18
2024-01-20,TLM-004,TLM,376,238,276,7723.1,正常,7
2024-01-20,LRB-003,LRB,3,1658,412,32563.12,正常,19
2024-01-20,LRB-016,LRB,92,808,109,19214.24,低库存预警,13
2024-01-20,TLP-021,TLP,487,1803,385,15650.04,正常,17
2024-01-20,HND-013,HND,289,1622,759,27217.16,正常,20
2024-01-20,CUP-017,CUP,121,1395,471,17284.05,正常,19
2024-01-20,HND-010,HND,380,1353,729,43742.49,低库存预警,18
2024-01-20,CUP-028,CUP,166,1229,116,14981.51,过库存,0
2024-01-20,TLM-012,TLM,72,1670,212,49365.2,正常,11
2024-01-20,CUP-029,CUP,293,876,234,1971.0,正常,16
2024-01-20,LRB-018,LRB,130,934,330,10124.56,过库存,19
2024-01-20,BUM-013,BUM,451,333,789,1948.05,正常,11
2024-01-20,TLM-003,TLM,60,991,723,8046.92,正常,26
2024-01-20,LFR-019,LFR,486,1329,578,22194.3,正常,12
2024-01-20,TLM-007,TLM,153,1869,740,6223.77,正常,30
2024-01-20,TLP-024,TLP,6,1600,761,5600.0,正常,9
2024-01-20,BUM-011,BUM,430,1144,519,32809.92,低库存预警,4
2024-01-20,CUP-019,CUP,462,1916,630,33338.4,过库存,25
2024-01-20,DRH-007,DRH,206,1978,209,17366.84,正常,19
2024-01-20,TLP-019,TLP,134,833,571,2099.16,低库存预警,4
2024-01-21,BUM-012,BUM,285,39,305,1028.82,正常,22
2024-01-21,DRH-023,DRH,111,1380,364,11343.6,低库存预警,1
2024-01-21,DUO-012,DUO,62,1854,589,21191.22,过库存,1
2024-01-21,LRB-002,LRB,90,1614,722,41625.06,低库存预警,8
2024-01-21,DRH-017,DRH,175,511,692,2641.87,正常,26
2024-01-21,BUM-020,BUM,219,686,624,23317.14,正常,4
2024-01-21,TLP-013,TLP,14,1451,574,3366.32,正常,1
2024-01-21,TLM-017,TLM,413,333,484,4432.23,正常,26
2024-01-21,VEN-029,VEN,454,913,319,10581.67,正常,6
2024-01-21,TLM-026,TLM,297,1082,129,20125.2,正常,0
2024-01-21,LFR-001,LFR,397,286,661,1138.28,正常,22
2024-01-21,LRB-018,LRB,376,562,288,6092.08,低库存预警,22
2024-01-21,DRH-011,DRH,270,306,666,9317.7,正常,29
2024-01-21,LFR-019,LFR,94,1619,504,27037.3,过库存,27
2024-01-21,BUM-028,BUM,340,1164,693,36340.08,正常,0
2024-01-21,LRB-011,LRB,124,725,278,3842.5,正常,0
2024-01-21,TLP-017,TLP,260,79,744,2285.47,正常,29
2024-01-21,LRB-013,LRB,305,1896,454,65146.56,过库存,18
2024-01-21,DRH-027,DRH,289,1589,510,39645.55,过库存,29
2024-01-21,HND-017,HND,201,1711,410,37607.78,正常,18
2024-01-21,HND-018,HND,460,1411,587,3315.85,正常,20
2024-01-21,VEN-025,VEN,55,838,153,11371.66,正常,2
2024-01-21,LFR-002,LFR,293,1017,509,11024.28,低库存预警,8
2024-01-21,LFR-021,LFR,356,1910,266,37378.7,正常,24
2024-01-21,BUM-013,BUM,249,1228,430,7183.8,正常,14
2024-01-21,VEN-010,VEN,398,597,385,7820.7,过库存,3
2024-01-21,TLP-025,TLP,280,1421,178,4362.47,正常,12
2024-01-21,TLM-025,TLM,326,1635,423,22039.8,低库存预警,14
2024-01-21,BUM-002,BUM,149,192,774,4160.64,低库存预警,15
2024-01-21,WLC-012,WLC,337,1724,228,20481.12,正常,6
2024-01-21,CUP-001,CUP,166,405,143,2673.0,正常,23
2024-01-21,TLP-009,TLP,241,1758,347,44934.48,过库存,14
2024-01-21,CUP-006,CUP,342,1972,716,37448.28,正常,23
2024-01-21,LFR-016,LFR,266,1528,201,25685.68,正常,9
2024-01-21,DRH-004,DRH,8,1535,763,22994.3,正常,3
2024-01-21,LRB-003,LRB,478,561,590,11018.04,正常,3
2024-01-21,TLM-015,TLM,35,521,333,3881.45,正常,23
2024-01-21,DRH-013,DRH,500,1118,509,9178.78,正常,3
2024-01-21,TLP-022,TLP,360,1200,645,28272.0,正常,5
2024-01-21,BUM-015,BUM,152,576,749,6577.92,正常,27
2024-01-21,VEN-002,VEN,31,152,698,5070.72,正常,26
2024-01-21,DUO-024,DUO,454,1680,671,16548.0,正常,21
2024-01-21,BUM-023,BUM,255,1618,423,10047.78,正常,7
2024-01-21,DUO-007,DUO,46,1080,257,13111.2,低库存预警,5
2024-01-21,LRB-016,LRB,456,1686,334,40093.08,过库存,20
2024-01-21,DRH-008,DRH,494,349,787,12169.63,正常,15
2024-01-21,CUP-003,CUP,396,1641,223,56122.2,过库存,30
2024-01-21,DRH-007,DRH,491,951,470,8349.78,过库存,17
2024-01-21,VEN-030,VEN,31,1849,613,21411.42,正常,29
2024-01-21,LFR-005,LFR,452,894,688,1528.74,正常,3
2024-01-21,HND-002,HND,429,1813,441,16679.6,正常,28
2024-01-21,DRH-020,DRH,158,253,153,7676.02,过库存,30
2024-01-21,BUM-011,BUM,2,128,655,3671.04,正常,30
2024-01-21,CUP-021,CUP,370,27,372,741.69,正常,30
2024-01-21,TLM-019,TLM,187,1755,603,51754.95,过库存,12
2024-01-21,HND-016,HND,472,657,291,9992.97,正常,4
2024-01-21,LRB-012,LRB,276,1166,237,4815.58,过库存,30
2024-01-21,LRB-005,LRB,212,4,216,98.2,低库存预警,2
2024-01-21,VEN-024,VEN,342,1860,398,25110.0,低库存预警,22
2024-01-21,TLM-004,TLM,1,558,719,18107.1,正常,13
2024-01-22,DUO-001,DUO,436,438,481,8002.26,低库存预警,15
2024-01-22,DUO-017,DUO,351,1677,420,22605.96,过库存,28
2024-01-22,BUM-017,BUM,79,1277,202,7483.22,正常,15
2024-01-22,TLM-018,TLM,467,1512,381,44800.56,正常,10
2024-01-22,CUP-024,CUP,319,519,365,960.15,正常,12
2024-01-22,LFR-008,LFR,188,1633,721,32366.06,过库存,15
2024-01-22,LRB-006,LRB,143,2000,432,68360.0,低库存预警,2
2024-01-22,CUP-011,CUP,384,45,617,1324.8,正常,30
2024-01-22,VEN-020,VEN,455,34,304,65.62,低库存预警,22
2024-01-22,LRB-007,LRB,418,1377,694,7119.09,正常,21
2024-01-22,VEN-028,VEN,389,738,173,13217.58,低库存预警,5
2024-01-22,LFR-018,LFR,429,584,526,14197.04,正常,28
2024-01-22,HND-022,HND,177,218,425,7030.5,正常,23
2024-01-22,LFR-014,LFR,277,387,543,3564.27,正常,13
2024-01-22,LRB-001,LRB,187,1845,189,23265.45,正常,10
2024-01-22,DUO-008,DUO,150,1767,572,17086.89,过库存,26
2024-01-22,LFR-009,LFR,115,981,372,16127.64,过库存,4
2024-01-22,WLC-011,WLC,101,1979,610,32356.65,正常,10
2024-01-22,TLP-025,TLP,8,486,499,1492.02,正常,23
2024-01-22,TLM-019,TLM,469,1207,168,35594.43,低库存预警,6
2024-01-22,CUP-001,CUP,265,1732,148,11431.2,正常,2
2024-01-22,WLC-004,WLC,196,142,187,935.78,过库存,10
2024-01-22,TLM-024,TLM,435,251,549,4081.26,正常,8
2024-01-22,WLC-008,WLC,188,76,523,1288.2,正常,11
2024-01-22,HND-003,HND,301,1337,606,14372.75,低库存预警,6
2024-01-22,TLP-010,TLP,463,1912,603,8967.28,正常,11
2024-01-22,HND-013,HND,234,1882,160,31579.96,正常,23
2024-01-22,DUO-014,DUO,440,533,403,6177.47,正常,5
2024-01-22,HND-024,HND,360,806,271,16869.58,正常,3
2024-01-22,DRH-029,DRH,34,460,370,8763.0,正常,28
2024-01-22,TLP-014,TLP,117,993,726,32262.57,正常,9
2024-01-22,BUM-026,BUM,466,508,403,5628.64,正常,1
2024-01-22,TLP-001,TLP,112,1925,105,14803.25,过库存,13
2024-01-22,TLM-026,TLM,219,847,169,15754.2,低库存预警,10
2024-01-22,LFR-010,LFR,25,1395,446,29127.6,过库存,19
2024-01-22,DRH-010,DRH,186,1758,265,11532.48,低库存预警,30
2024-01-22,TLP-008,TLP,488,1850,580,44252.0,正常,19
2024-01-22,DRH-008,DRH,52,349,452,12169.63,正常,24
2024-01-22,LRB-017,LRB,337,1561,596,39727.45,正常,25
2024-01-22,DUO-023,DUO,28,1102,635,35991.32,正常,10
2024-01-22,VEN-025,VEN,323,670,281,9091.9,过库存,29
2024-01-22,CUP-003,CUP,222,733,659,25068.6,低库存预警,12
2024-01-22,TLP-015,TLP,86,1544,657,31111.6,低库存预警,10
2024-01-22,CUP-008,CUP,399,1252,556,2629.2,正常,18
2024-01-22,VEN-023,VEN,14,1902,407,14417.16,正常,27
2024-01-22,BUM-007,BUM,356,279,512,2829.06,低库存预警,9
2024-01-22,LFR-011,LFR,30,1362,583,26926.74,正常,23
2024-01-22,VEN-027,VEN,408,1965,470,17645.7,过库存,23
2024-01-22,HND-008,HND,69,1290,327,31966.2,低库存预警,4
2024-01-22,BUM-003,BUM,445,1693,150,29898.38,过库存,22
2024-01-22,CUP-010,CUP,248,1877,629,53888.67,过库存,4
2024-01-22,HND-021,HND,286,207,733,5504.13,正常,17
2024-01-22,BUM-011,BUM,49,440,192,12619.2,正常,12
2024-01-22,HND-026,HND,244,1067,620,31593.87,正常,21
2024-01-22,TLM-011,TLM,145,603,352,20731.14,正常,7
2024-01-22,TLP-005,TLP,456,884,352,5083.0,正常,14
2024-01-22,DRH-019,DRH,24,364,142,7007.0,正常,26
2024-01-22,DRH-001,DRH,372,314,110,9398.02,低库存预警,19
2024-01-22,DUO-007,DUO,352,147,341,1784.58,过库存,25
2024-01-22,TLM-016,TLM,207,377,561,13070.59,正常,15
2024-01-23,WLC-011,WLC,411,192,596,3139.2,低库存预警,27
2024-01-23,DRH-028,DRH,138,5,477,131.65,过库存,8
2024-01-23,TLP-010,TLP,261,1432,712,6716.08,低库存预警,12
2024-01-23,VEN-028,VEN,357,954,202,17086.14,正常,15
2024-01-23,LFR-013,LFR,242,855,613,9806.85,正常,24
2024-01-23,CUP-014,CUP,463,471,140,8878.35,正常,3
2024-01-23,DRH-013,DRH,283,1819,406,14933.99,正常,3
2024-01-23,LFR-017,LFR,31,1523,274,36810.91,正常,29
2024-01-23,LRB-009,LRB,322,207,221,5597.28,正常,23
2024-01-23,VEN-019,VEN,317,592,585,10271.2,过库存,21
2024-01-23,BUM-017,BUM,187,1737,563,10178.82,低库存预警,16
2024-01-23,BUM-019,BUM,38,1366,765,25503.22,正常,12
2024-01-23,BUM-020,BUM,454,1961,448,66654.39,正常,6
2024-01-23,HND-014,HND,292,1449,110,32863.32,正常,21
2024-01-23,BUM-014,BUM,495,703,777,5328.74,正常,24
2024-01-23,WLC-024,WLC,454,919,230,6203.25,过库存,6
2024-01-23,TLM-015,TLM,393,77,415,573.65,低库存预警,22
2024-01-23,VEN-017,VEN,114,166,226,3761.56,正常,14
2024-01-23,LFR-015,LFR,499,1734,303,8444.58,正常,2
2024-01-23,HND-024,HND,8,1219,251,25513.67,正常,19
2024-01-23,WLC-005,WLC,396,851,488,3267.84,低库存预警,26
2024-01-23,CUP-015,CUP,118,777,397,23675.19,正常,17
2024-01-23,HND-011,HND,53,711,517,8069.85,低库存预警,11
2024-01-23,DRH-002,DRH,293,1107,732,10394.73,低库存预警,30
2024-01-23,DRH-030,DRH,1,506,586,2727.34,正常,23
2024-01-23,LFR-009,LFR,119,674,183,11080.56,正常,26
2024-01-23,VEN-001,VEN,253,519,724,1816.5,正常,10
2024-01-23,VEN-013,VEN,253,197,138,6132.61,低库存预警,26
2024-01-23,DUO-010,DUO,45,1893,319,28849.32,正常,15
2024-01-23,HND-027,HND,352,1664,777,41267.2,正常,18
2024-01-23,HND-015,HND,492,1881,403,26089.47,过库存,12
2024-01-23,CUP-004,CUP,338,440,606,15034.8,正常,24
2024-01-23,LFR-001,LFR,468,940,475,3741.2,正常,19
2024-01-23,BUM-009,BUM,93,168,269,3717.84,正常,2
2024-01-23,TLP-019,TLP,312,700,757,1764.0,过库存,24
2024-01-23,CUP-025,CUP,443,653,527,21287.8,过库存,28
2024-01-23,TLM-021,TLM,171,327,796,2246.49,正常,9
2024-01-23,LRB-019,LRB,151,625,446,21162.5,正常,11
2024-01-23,DUO-004,DUO,199,415,637,8681.8,低库存预警,22
2024-01-23,DRH-019,DRH,14,1029,286,19808.25,正常,29
2024-01-23,DUO-003,DUO,63,848,310,1348.32,正常,17
2024-01-23,LFR-005,LFR,388,325,246,555.75,正常,8
2024-01-23,HND-012,HND,276,1843,372,7888.04,过库存,21
2024-01-23,LFR-010,LFR,377,1682,402,35120.16,正常,15
2024-01-23,TLP-004,TLP,97,806,449,6851.0,低库存预警,26
2024-01-23,VEN-004,VEN,214,12,595,388.32,过库存,1
2024-01-23,CUP-012,CUP,206,482,134,7413.16,正常,1
2024-01-23,LRB-014,LRB,70,1933,295,36649.68,正常,8
2024-01-23,WLC-017,WLC,99,1889,474,4873.62,正常,22
2024-01-23,WLC-018,WLC,122,942,275,30633.84,正常,21
2024-01-23,LFR-022,LFR,448,1243,610,43330.98,过库存,5
2024-01-23,TLP-021,TLP,343,977,137,8480.36,正常,11
2024-01-23,DRH-014,DRH,293,1483,197,11226.31,低库存预警,14
2024-01-23,DUO-016,DUO,376,753,152,17100.63,低库存预警,0
2024-01-23,BUM-005,BUM,453,1716,398,28331.16,正常,27
2024-01-23,CUP-013,CUP,319,1774,723,34415.6,正常,29
2024-01-23,CUP-007,CUP,311,1657,781,35012.41,低库存预警,28
2024-01-23,DRH-011,DRH,343,1502,759,45735.9,正常,25
2024-01-23,BUM-007,BUM,163,1256,252,12735.84,正常,9
2024-01-23,VEN-016,VEN,260,1626,200,54292.14,低库存预警,3
2024-01-24,TLM-017,TLM,387,1143,422,15213.33,正常,13
2024-01-24,TLP-003,TLP,356,32,230,483.2,正常,2
2024-01-24,CUP-025,CUP,90,1981,603,64580.6,正常,23
2024-01-24,LRB-018,LRB,319,74,477,802.16,过库存,22
2024-01-24,HND-028,HND,15,136,416,1317.84,正常,23
2024-01-24,LFR-022,LFR,333,988,212,34441.68,正常,11
2024-01-24,LFR-017,LFR,127,634,596,15323.78,正常,14
2024-01-24,TLM-026,TLM,264,1990,417,37014.0,正常,30
2024-01-24,TLP-015,TLP,483,1772,259,35705.8,正常,27
2024-01-24,LRB-008,LRB,343,132,170,4140.84,低库存预警,16
2024-01-24,HND-008,HND,193,1224,401,30330.72,正常,24
2024-01-24,HND-001,HND,34,1773,181,11790.45,正常,4
2024-01-24,BUM-009,BUM,426,1401,208,31004.13,过库存,15
2024-01-24,CUP-012,CUP,467,346,162,5321.48,低库存预警,23
2024-01-24,CUP-002,CUP,434,1666,759,7996.8,正常,17
2024-01-24,BUM-025,BUM,138,575,223,12949.0,低库存预警,14
2024-01-24,WLC-016,WLC,295,1282,223,39729.18,正常,18
2024-01-24,LFR-012,LFR,111,621,121,11072.43,正常,17
2024-01-24,TLM-025,TLM,57,770,473,10379.6,正常,18
2024-01-24,VEN-014,VEN,18,403,266,2861.3,正常,28
2024-01-24,VEN-028,VEN,132,115,557,2059.65,正常,24
2024-01-24,TLP-018,TLP,353,436,139,7782.6,正常,29
2024-01-24,TLP-025,TLP,406,526,221,1614.82,过库存,0
2024-01-24,BUM-004,BUM,223,74,650,2392.42,低库存预警,10
2024-01-24,DUO-009,DUO,176,208,192,4361.76,正常,2
2024-01-24,BUM-011,BUM,241,377,374,10812.36,正常,25
2024-01-24,LFR-014,LFR,294,853,266,7856.13,正常,19
2024-01-24,BUM-023,BUM,17,1286,663,7986.06,正常,11
2024-01-24,DRH-007,DRH,444,1756,717,15417.68,过库存,0
2024-01-24,VEN-018,VEN,472,783,227,4854.6,正常,29
2024-01-24,VEN-003,VEN,29,856,304,25140.72,正常,24
2024-01-24,LFR-018,LFR,290,324,653,7876.44,正常,16
2024-01-24,HND-011,HND,193,1592,267,18069.2,正常,29
2024-01-24,HND-004,HND,281,1806,584,23459.94,低库存预警,20
2024-01-24,VEN-013,VEN,367,392,794,12202.96,正常,26
2024-01-24,DRH-010,DRH,95,1956,473,12831.36,低库存预警,0
2024-01-24,LFR-008,LFR,285,290,548,5747.8,正常,15
2024-01-24,VEN-001,VEN,246,863,527,3020.5,过库存,11
2024-01-24,TLM-027,TLM,489,1233,290,18630.63,正常,12
2024-01-24,HND-003,HND,30,1773,186,19059.75,正常,6
2024-01-24,CUP-018,CUP,297,681,241,12578.07,正常,13
2024-01-24,DRH-019,DRH,17,1995,186,38403.75,低库存预警,28
2024-01-24,CUP-022,CUP,383,374,218,5677.32,正常,26
2024-01-24,LRB-014,LRB,168,1688,143,32004.48,低库存预警,25
2024-01-24,DUO-024,DUO,136,1672,344,16469.2,正常,17
2024-01-24,BUM-007,BUM,244,1596,542,16183.44,过库存,20
2024-01-24,DUO-021,DUO,467,591,155,5579.04,正常,24
2024-01-24,TLM-001,TLM,159,1166,448,7963.78,正常,26
2024-01-24,VEN-022,VEN,458,531,604,17815.05,正常,9
2024-01-24,DRH-004,DRH,147,125,216,1872.5,正常,14
2024-01-24,WLC-002,WLC,33,607,148,15672.74,正常,11
2024-01-24,LFR-016,LFR,488,1713,138,28795.53,正常,9
2024-01-24,CUP-017,CUP,95,1985,139,24594.15,过库存,28
2024-01-24,TLM-009,TLM,113,1053,712,21649.68,低库存预警,16
2024-01-24,LRB-003,LRB,157,780,726,15319.2,正常,19
2024-01-24,VEN-006,VEN,227,745,722,10400.2,低库存预警,3
2024-01-24,BUM-028,BUM,320,1385,426,43239.7,过库存,24
2024-01-24,DUO-007,DUO,286,1317,252,15988.38,低库存预警,27
2024-01-24,VEN-004,VEN,50,1435,550,46436.6,正常,19
2024-01-24,CUP-007,CUP,370,1462,726,30892.06,正常,0
2024-01-25,WLC-005,WLC,21,1720,618,6604.8,低库存预警,9
2024-01-25,CUP-016,CUP,325,356,453,5379.16,低库存预警,1
2024-01-25,BUM-027,BUM,475,1311,537,11104.17,过库存,16
2024-01-25,TLP-020,TLP,429,956,713,1663.44,过库存,13
2024-01-25,LFR-012,LFR,115,1682,799,29990.06,正常,25
2024-01-25,BUM-016,BUM,253,793,742,6962.54,正常,16
2024-01-25,VEN-030,VEN,174,1446,688,16744.68,低库存预警,4
2024-01-25,TLM-023,TLM,193,1259,497,38726.84,正常,20
2024-01-25,TLP-005,TLP,211,1163,416,6687.25,低库存预警,3
2024-01-25,LFR-014,LFR,144,1273,664,11724.33,正常,6
2024-01-25,DUO-016,DUO,132,771,711,17509.41,低库存预警,13
2024-01-25,DRH-026,DRH,117,1563,296,4673.37,过库存,3
2024-01-25,TLP-015,TLP,293,559,568,11263.85,低库存预警,15
2024-01-25,CUP-003,CUP,71,1008,281,34473.6,过库存,7
2024-01-25,CUP-020,CUP,446,646,676,3656.36,正常,7
2024-01-25,TLP-009,TLP,294,489,430,12498.84,正常,20
2024-01-25,BUM-013,BUM,253,1861,267,10886.85,过库存,24
2024-01-25,WLC-011,WLC,139,1193,304,19505.55,低库存预警,10
2024-01-25,CUP-010,CUP,37,2,508,57.42,正常,26
2024-01-25,TLP-017,TLP,247,383,460,11080.19,低库存预警,24
2024-01-25,HND-020,HND,129,362,651,3565.7,正常,27
2024-01-25,CUP-008,CUP,410,1526,564,3204.6,正常,26
2024-01-25,VEN-024,VEN,356,930,515,12555.0,过库存,25
2024-01-25,TLM-021,TLM,281,437,551,3002.19,正常,5
2024-01-25,TLP-012,TLP,115,1919,202,40970.65,低库存预警,11
2024-01-25,DUO-010,DUO,48,1535,785,23393.4,过库存,6
2024-01-25,BUM-001,BUM,361,1832,400,9508.08,正常,26
2024-01-25,CUP-001,CUP,49,1697,103,11200.2,过库存,26
2024-01-25,HND-008,HND,405,1945,545,48197.1,正常,16
2024-01-25,TLP-001,TLP,291,1095,733,8420.55,正常,14
2024-01-25,TLM-016,TLM,437,1174,659,40702.58,低库存预警,5
2024-01-25,WLC-003,WLC,273,1225,682,8893.5,低库存预警,12
2024-01-25,DRH-016,DRH,99,476,221,9267.72,正常,20
2024-01-25,CUP-026,CUP,120,1801,647,20945.63,正常,3
2024-01-25,TLP-007,TLP,268,1235,594,14375.4,低库存预警,12
2024-01-25,DRH-002,DRH,17,1240,729,11643.6,正常,25
2024-01-25,HND-023,HND,69,269,186,2536.67,过库存,26
2024-01-25,WLC-007,WLC,184,402,533,13828.8,正常,18
2024-01-25,TLP-024,TLP,35,914,751,3199.0,正常,16
2024-01-25,WLC-004,WLC,258,248,483,1634.32,正常,22
2024-01-25,BUM-024,BUM,51,1784,279,49506.0,低库存预警,20
2024-01-25,BUM-025,BUM,300,1092,177,24591.84,低库存预警,12
2024-01-25,DUO-008,DUO,152,1942,317,18779.14,正常,19
2024-01-25,WLC-023,WLC,107,311,157,7439.12,正常,27
2024-01-25,LFR-019,LFR,16,1514,495,25283.8,正常,0
2024-01-25,LRB-006,LRB,11,574,495,19619.32,过库存,28
2024-01-25,DUO-004,DUO,401,213,216,4455.96,正常,27
2024-01-25,TLM-003,TLM,53,1688,300,13706.56,正常,18
2024-01-25,DUO-020,DUO,140,1416,504,30061.68,正常,8
2024-01-25,TLM-014,TLM,464,1458,236,31434.48,过库存,4
2024-01-25,DRH-020,DRH,375,349,534,10588.66,过库存,20
2024-01-25,TLP-016,TLP,345,174,702,4494.42,正常,15
2024-01-25,CUP-002,CUP,358,1923,674,9230.4,过库存,0
2024-01-25,HND-026,HND,341,341,315,10097.01,正常,8
2024-01-25,VEN-013,VEN,343,1404,525,43706.52,正常,18
2024-01-25,WLC-001,WLC,3,1748,791,32268.08,过库存,25
2024-01-25,VEN-007,VEN,85,928,434,14105.6,正常,5
2024-01-25,LRB-015,LRB,159,731,210,15453.34,低库存预警,7
2024-01-25,CUP-007,CUP,109,1362,100,28779.06,过库存,13
2024-01-25,VEN-023,VEN,33,501,787,3797.58,正常,12
2024-01-26,WLC-024,WLC,23,214,517,1444.5,正常,21
2024-01-26,TLM-002,TLM,203,1777,746,8831.69,低库存预警,21
2024-01-26,TLP-015,TLP,376,1185,599,23877.75,正常,15
2024-01-26,BUM-020,BUM,130,220,406,7477.8,过库存,29
2024-01-26,LRB-007,LRB,403,360,469,1861.2,正常,29
2024-01-26,BUM-023,BUM,68,814,795,5054.94,低库存预警,27
2024-01-26,HND-022,HND,49,1062,630,34249.5,过库存,27
2024-01-26,CUP-025,CUP,473,1855,127,60473.0,正常,8
2024-01-26,TLM-011,TLM,255,781,140,26850.78,正常,19
2024-01-26,LFR-014,LFR,169,1953,667,17987.13,正常,28
2024-01-26,DRH-009,DRH,41,369,662,4774.86,正常,22
2024-01-26,HND-027,HND,177,943,414,23386.4,低库存预警,27
2024-01-26,DUO-003,DUO,277,0,532,0.0,正常,24
2024-01-26,TLM-023,TLM,52,429,687,13196.04,低库存预警,3
2024-01-26,DUO-008,DUO,29,456,696,4409.52,正常,24
2024-01-26,HND-019,HND,386,717,531,15401.16,正常,11
2024-01-26,HND-014,HND,360,978,705,22181.04,正常,19
2024-01-26,CUP-029,CUP,83,765,438,1721.25,正常,22
2024-01-26,LFR-019,LFR,23,1615,630,26970.5,正常,26
2024-01-26,LFR-010,LFR,383,894,314,18666.72,过库存,23
2024-01-26,DRH-021,DRH,476,272,633,1041.76,过库存,30
2024-01-26,BUM-010,BUM,94,346,739,10833.26,低库存预警,28
2024-01-26,LRB-004,LRB,369,1815,436,23740.2,正常,2
2024-01-26,LFR-022,LFR,117,690,643,24053.4,正常,17
2024-01-26,TLP-022,TLP,486,800,271,18848.0,正常,11
2024-01-26,CUP-008,CUP,98,202,705,424.2,过库存,27
2024-01-26,DRH-025,DRH,1,1586,637,16668.86,正常,22
2024-01-26,LFR-015,LFR,129,1932,590,9408.84,低库存预警,17
2024-01-26,WLC-019,WLC,471,1185,536,23320.8,低库存预警,14
2024-01-26,CUP-010,CUP,127,317,240,9101.07,过库存,3
2024-01-26,HND-025,HND,132,1399,116,12786.86,低库存预警,17
2024-01-26,TLP-012,TLP,121,1880,180,40138.0,正常,27
2024-01-26,WLC-001,WLC,294,1349,123,24902.54,正常,1
2024-01-26,HND-004,HND,288,1777,550,23083.23,正常,20
2024-01-26,HND-009,HND,153,227,683,6914.42,正常,18
2024-01-26,TLM-022,TLM,253,1132,191,4754.4,正常,22
2024-01-26,LFR-001,LFR,38,1591,752,6332.18,低库存预警,17
2024-01-26,LRB-016,LRB,430,935,603,22234.3,低库存预警,20
2024-01-26,DRH-013,DRH,181,1900,276,15599.0,正常,21
2024-01-26,BUM-004,BUM,31,653,752,21111.49,正常,8
2024-01-26,DRH-019,DRH,405,734,712,14129.5,正常,27
2024-01-26,DRH-012,DRH,37,1528,136,37466.56,过库存,2
2024-01-26,CUP-024,CUP,231,1819,641,3365.15,正常,4
2024-01-26,HND-017,HND,436,833,515,18309.34,正常,20
2024-01-26,TLM-018,TLM,363,76,271,2251.88,正常,11
2024-01-26,DRH-001,DRH,295,612,300,18317.16,低库存预警,0
2024-01-26,LRB-013,LRB,109,1286,111,44186.96,正常,28
2024-01-26,HND-023,HND,470,948,513,8939.64,正常,1
2024-01-26,CUP-003,CUP,279,463,191,15834.6,低库存预警,30
2024-01-26,VEN-028,VEN,216,1021,234,18286.11,低库存预警,1
2024-01-26,LRB-018,LRB,261,289,552,3132.76,过库存,12
2024-01-26,VEN-020,VEN,208,404,638,779.72,正常,10
2024-01-26,CUP-027,CUP,115,725,488,14536.25,正常,0
2024-01-26,DUO-023,DUO,147,1649,412,53856.34,正常,7
2024-01-26,TLM-013,TLM,409,1057,500,31044.09,正常,21
2024-01-26,DRH-024,DRH,448,1562,256,12417.9,低库存预警,26
2024-01-26,DUO-010,DUO,233,549,432,8366.76,正常,8
2024-01-26,TLP-016,TLP,460,1973,124,50962.59,正常,24
2024-01-26,DRH-020,DRH,112,204,771,6189.36,正常,7
2024-01-26,BUM-002,BUM,457,1225,166,26545.75,正常,21
2024-01-27,CUP-027,CUP,425,1537,200,30816.85,低库存预警,13
2024-01-27,VEN-010,VEN,270,751,279,9838.1,低库存预警,8
2024-01-27,LRB-012,LRB,208,314,466,1296.82,低库存预警,23
2024-01-27,TLM-002,TLM,82,1555,266,7728.35,正常,28
2024-01-27,HND-005,HND,172,1554,494,43123.5,低库存预警,1
2024-01-27,CUP-007,CUP,279,149,749,3148.37,正常,9
2024-01-27,BUM-015,BUM,406,793,132,9056.06,正常,3
2024-01-27,TLM-012,TLM,194,495,362,14632.2,过库存,9
2024-01-27,DRH-006,DRH,130,1877,440,33485.68,正常,25
2024-01-27,BUM-014,BUM,267,1417,720,10740.86,正常,30
2024-01-27,DUO-025,DUO,456,816,594,9930.72,正常,16
2024-01-27,DRH-015,DRH,213,599,574,4468.54,过库存,0
2024-01-27,WLC-009,WLC,465,274,329,8474.82,低库存预警,11
2024-01-27,HND-011,HND,485,631,143,7161.85,过库存,13
2024-01-27,DRH-009,DRH,463,671,158,8682.74,正常,4
2024-01-27,BUM-002,BUM,336,79,274,1711.93,过库存,21
2024-01-27,VEN-007,VEN,451,84,649,1276.8,低库存预警,23
2024-01-27,LFR-021,LFR,489,1900,340,37183.0,正常,23
2024-01-27,HND-022,HND,1,946,255,30508.5,低库存预警,26
2024-01-27,VEN-013,VEN,498,635,202,19767.55,过库存,8
2024-01-27,TLM-024,TLM,107,1515,481,24633.9,正常,26
2024-01-27,HND-010,HND,353,1971,353,63722.43,正常,3
2024-01-27,DRH-024,DRH,399,514,306,4086.3,正常,28
2024-01-27,VEN-020,VEN,166,1359,191,2622.87,正常,12
2024-01-27,BUM-007,BUM,408,601,675,6094.14,正常,13
2024-01-27,WLC-025,WLC,71,1705,116,45353.0,正常,23
2024-01-27,HND-014,HND,270,598,794,13562.64,过库存,17
2024-01-27,HND-015,HND,135,1410,396,19556.7,正常,22
2024-01-27,TLP-004,TLP,295,520,361,4420.0,正常,7
2024-01-27,DUO-015,DUO,236,1593,688,33006.96,正常,30
2024-01-27,HND-012,HND,243,390,339,1669.2,低库存预警,6
2024-01-27,CUP-008,CUP,310,1153,756,2421.3,正常,12
2024-01-27,DRH-003,DRH,96,110,195,1024.1,正常,30
2024-01-27,TLP-003,TLP,419,966,543,14586.6,过库存,20
2024-01-27,TLP-013,TLP,131,1499,281,3477.68,正常,30
2024-01-27,CUP-006,CUP,5,1995,240,37885.05,正常,11
2024-01-27,DUO-017,DUO,95,335,362,4515.8,正常,14
2024-01-27,TLM-008,TLM,373,824,706,19190.96,正常,7
2024-01-27,HND-009,HND,338,1857,737,56564.22,正常,9
2024-01-27,CUP-028,CUP,288,697,162,8496.43,过库存,29
2024-01-27,LRB-020,LRB,7,732,784,16008.84,低库存预警,4
2024-01-27,HND-008,HND,362,697,564,17271.66,正常,13
2024-01-27,WLC-023,WLC,158,1948,441,46596.16,低库存预警,2
2024-01-27,LFR-006,LFR,377,1867,690,14039.84,正常,25
2024-01-27,WLC-015,WLC,270,350,194,7553.0,过库存,15
2024-01-27,LFR-010,LFR,240,943,308,19689.84,正常,20
2024-01-27,VEN-017,VEN,127,1741,475,39451.06,过库存,26
2024-01-27,TLP-024,TLP,253,600,243,2100.0,低库存预警,4
2024-01-27,BUM-017,BUM,293,1203,445,7049.58,正常,1
2024-01-27,BUM-027,BUM,344,983,306,8326.01,低库存预警,19
2024-01-27,TLP-017,TLP,134,1115,793,32256.95,正常,3
2024-01-27,DUO-009,DUO,99,1521,170,31895.37,正常,10
2024-01-27,VEN-005,VEN,257,1101,714,20049.21,过库存,1
2024-01-27,LFR-001,LFR,208,376,716,1496.48,低库存预警,12
2024-01-27,CUP-030,CUP,421,1756,678,44918.48,正常,15
2024-01-27,BUM-010,BUM,470,1124,372,35192.44,正常,14
2024-01-27,DUO-023,DUO,33,1106,610,36121.96,正常,8
2024-01-27,DRH-028,DRH,136,1201,327,31622.33,低库存预警,21
2024-01-27,TLM-013,TLM,5,1616,794,47461.92,正常,20
2024-01-27,CUP-016,CUP,284,1192,275,18011.12,正常,18
2024-01-28,CUP-011,CUP,221,396,327,11658.24,正常,27
2024-01-28,HND-017,HND,361,864,681,18990.72,过库存,4
2024-01-28,DUO-018,DUO,172,431,601,1103.36,正常,0
2024-01-28,TLM-006,TLM,237,1164,406,7950.12,过库存,21
2024-01-28,VEN-011,VEN,245,579,635,18707.49,低库存预警,1
2024-01-28,VEN-014,VEN,110,813,167,5772.3,过库存,7
2024-01-28,LFR-018,LFR,416,767,533,18645.77,正常,6
2024-01-28,TLP-023,TLP,453,36,505,916.56,低库存预警,16
2024-01-28,DUO-023,DUO,411,1694,103,55326.04,正常,4
2024-01-28,DUO-014,DUO,176,1178,100,13653.02,正常,9
2024-01-28,WLC-025,WLC,169,1512,738,40219.2,过库存,25
2024-01-28,WLC-015,WLC,447,345,503,7445.1,正常,16
2024-01-28,WLC-022,WLC,56,1903,628,63921.77,低库存预警,10
2024-01-28,DUO-011,DUO,118,13,529,76.05,正常,0
2024-01-28,LRB-017,LRB,380,1547,670,39371.15,低库存预警,20
2024-01-28,BUM-018,BUM,112,205,556,3370.2,低库存预警,15
2024-01-28,BUM-023,BUM,498,1891,404,11743.11,过库存,6
2024-01-28,DRH-023,DRH,167,1950,118,16029.0,正常,2
2024-01-28,BUM-008,BUM,443,923,179,28040.74,正常,24
2024-01-28,CUP-017,CUP,150,1396,104,17296.44,正常,18
2024-01-28,TLM-019,TLM,122,91,108,2683.59,正常,14
2024-01-28,CUP-014,CUP,130,1492,185,28124.2,低库存预警,25
2024-01-28,HND-019,HND,451,1036,555,22253.28,正常,22
2024-01-28,LFR-015,LFR,231,20,188,97.4,正常,14
2024-01-28,VEN-021,VEN,217,271,627,8062.25,低库存预警,1
2024-01-28,WLC-014,WLC,125,1518,318,13115.52,正常,14
2024-01-28,BUM-009,BUM,306,25,354,553.25,正常,8
2024-01-28,TLM-028,TLM,137,925,243,30534.25,过库存,0
2024-01-28,BUM-012,BUM,472,520,463,13717.6,低库存预警,8
2024-01-28,WLC-019,WLC,48,91,143,1790.88,正常,19
2024-01-28,CUP-023,CUP,421,1836,577,23280.48,正常,13
2024-01-28,DUO-007,DUO,330,982,312,11921.48,正常,9
2024-01-28,HND-014,HND,82,763,524,17304.84,正常,17
2024-01-28,HND-018,HND,87,730,129,1715.5,正常,10
2024-01-28,DUO-002,DUO,420,940,155,16064.6,过库存,21
2024-01-28,TLM-007,TLM,113,518,457,1724.94,正常,7
2024-01-28,CUP-019,CUP,288,101,677,1757.4,低库存预警,17
2024-01-28,VEN-004,VEN,423,1489,505,48184.04,过库存,15
2024-01-28,CUP-025,CUP,409,467,338,15224.2,低库存预警,26
2024-01-28,VEN-009,VEN,356,1993,103,18136.3,低库存预警,11
2024-01-28,CUP-030,CUP,11,774,744,19798.92,正常,1
2024-01-28,HND-020,HND,139,23,309,226.55,正常,3
2024-01-28,WLC-005,WLC,211,1622,760,6228.48,正常,17
2024-01-28,TLP-014,TLP,252,1602,246,52048.98,正常,15
2024-01-28,TLP-005,TLP,179,469,400,2696.75,正常,5
2024-01-28,CUP-024,CUP,49,910,159,1683.5,正常,1
2024-01-28,LRB-009,LRB,466,1158,369,31312.32,过库存,29
2024-01-28,DUO-008,DUO,383,1314,119,12706.38,正常,12
2024-01-28,CUP-026,CUP,123,448,190,5210.24,正常,23
2024-01-28,VEN-025,VEN,229,1457,303,19771.49,正常,6
2024-01-28,TLP-024,TLP,394,816,433,2856.0,低库存预警,13
2024-01-28,LFR-011,LFR,412,1576,470,31157.52,正常,22
2024-01-28,BUM-028,BUM,267,1464,663,45706.08,正常,26
2024-01-28,TLM-004,TLM,441,1449,676,47020.05,正常,28
2024-01-28,WLC-008,WLC,127,1933,697,32764.35,过库存,12
2024-01-28,VEN-001,VEN,6,30,543,105.0,正常,17
2024-01-28,LFR-009,LFR,90,1421,328,23361.24,过库存,15
2024-01-28,HND-006,HND,289,1598,153,18872.38,过库存,4
2024-01-28,LFR-004,LFR,297,1839,663,34297.35,正常,13
2024-01-28,DUO-025,DUO,20,517,795,6291.89,低库存预警,8
2024-01-29,LFR-001,LFR,482,1224,537,4871.52,过库存,7
2024-01-29,WLC-015,WLC,377,428,217,9236.24,低库存预警,19
2024-01-29,VEN-008,VEN,132,630,517,20928.6,正常,21
2024-01-29,HND-002,HND,297,1376,723,12659.2,正常,24
2024-01-29,VEN-014,VEN,223,1311,290,9308.1,过库存,14
2024-01-29,CUP-012,CUP,66,1805,725,27760.9,过库存,14
2024-01-29,LFR-016,LFR,468,423,257,7110.63,过库存,2
2024-01-29,CUP-006,CUP,469,1008,168,19141.92,正常,11
2024-01-29,DUO-011,DUO,161,1222,554,7148.7,过库存,13
2024-01-29,BUM-028,BUM,207,147,154,4589.34,过库存,12
2024-01-29,TLP-001,TLP,348,227,478,1745.63,正常,29
2024-01-29,DUO-022,DUO,214,555,599,2131.2,正常,14
2024-01-29,TLP-014,TLP,17,1995,605,64817.55,正常,13
2024-01-29,TLM-021,TLM,345,1767,649,12139.29,低库存预警,21
2024-01-29,VEN-005,VEN,478,1932,464,35181.72,正常,12
2024-01-29,HND-017,HND,343,1270,577,27914.6,低库存预警,24
2024-01-29,DRH-016,DRH,22,760,578,14797.2,正常,10
2024-01-29,LFR-008,LFR,82,1911,218,37876.02,低库存预警,22
2024-01-29,DRH-005,DRH,14,1570,745,40443.2,正常,8
2024-01-29,BUM-026,BUM,9,1982,745,21960.56,过库存,6
2024-01-29,DRH-009,DRH,154,845,570,10934.3,低库存预警,21
2024-01-29,HND-008,HND,477,595,734,14744.1,正常,10
2024-01-29,LFR-021,LFR,402,1593,310,31175.01,正常,3
2024-01-29,LRB-019,LRB,120,1764,515,59729.04,低库存预警,1
2024-01-29,BUM-018,BUM,341,1179,466,19382.76,过库存,12
2024-01-29,TLP-012,TLP,68,1771,608,37810.85,正常,19
2024-01-29,CUP-021,CUP,496,1315,439,36123.05,正常,9
2024-01-29,LRB-015,LRB,143,1107,399,23401.98,正常,23
2024-01-29,TLM-018,TLM,454,1895,365,56148.85,过库存,18
2024-01-29,BUM-015,BUM,385,288,119,3288.96,正常,25
2024-01-29,BUM-022,BUM,223,39,252,615.81,低库存预警,17
2024-01-29,DRH-004,DRH,265,1849,166,27698.02,低库存预警,30
2024-01-29,VEN-011,VEN,286,697,512,22520.07,正常,11
2024-01-29,LFR-006,LFR,161,101,314,759.52,过库存,7
2024-01-29,TLP-004,TLP,75,599,795,5091.5,低库存预警,28
2024-01-29,WLC-016,WLC,346,1494,338,46299.06,过库存,23
2024-01-29,BUM-011,BUM,83,314,778,9005.52,正常,6
2024-01-29,LRB-009,LRB,42,1820,644,49212.8,正常,17
2024-01-29,LRB-016,LRB,427,268,524,6373.04,正常,29
2024-01-29,LRB-004,LRB,24,1120,752,14649.6,过库存,20
2024-01-29,WLC-007,WLC,398,1425,221,49020.0,过库存,2
2024-01-29,CUP-024,CUP,388,1742,205,3222.7,正常,15
2024-01-29,BUM-010,BUM,395,911,191,28523.41,正常,20
2024-01-29,BUM-017,BUM,486,574,181,3363.64,正常,22
2024-01-29,LFR-017,LFR,58,696,589,16822.32,正常,13
2024-01-29,WLC-011,WLC,182,1933,694,31604.55,低库存预警,13
2024-01-29,DRH-026,DRH,45,621,355,1856.79,过库存,15
2024-01-29,CUP-011,CUP,431,207,578,6094.08,过库存,30
2024-01-29,VEN-004,VEN,89,1686,484,54558.96,正常,14
2024-01-29,VEN-007,VEN,212,485,463,7372.0,过库存,9
2024-01-29,TLM-010,TLM,316,123,501,1225.08,低库存预警,6
2024-01-29,LFR-007,LFR,458,1478,307,5143.44,低库存预警,10
2024-01-29,BUM-024,BUM,482,561,578,15567.75,正常,10
2024-01-29,CUP-022,CUP,457,620,153,9411.6,正常,30
2024-01-29,CUP-013,CUP,151,301,623,5839.4,正常,25
2024-01-29,TLM-005,TLM,31,1404,338,29989.44,正常,20
2024-01-29,CUP-018,CUP,182,619,510,11432.93,低库存预警,10
2024-01-29,LRB-020,LRB,316,418,626,9141.66,低库存预警,8
2024-01-29,TLM-028,TLM,445,1266,103,41790.66,正常,18
2024-01-29,CUP-001,CUP,66,354,144,2336.4,低库存预警,24
2024-01-30,VEN-013,VEN,400,144,624,4482.72,正常,5
2024-01-30,LRB-007,LRB,371,249,651,1287.33,正常,28
2024-01-30,WLC-019,WLC,142,944,556,18577.92,正常,29
2024-01-30,LRB-003,LRB,334,622,178,12216.08,过库存,17
2024-01-30,DUO-015,DUO,429,1365,738,28282.8,正常,16
2024-01-30,VEN-019,VEN,443,1165,684,20212.75,正常,28
2024-01-30,WLC-010,WLC,381,664,247,16712.88,正常,30
2024-01-30,BUM-017,BUM,252,153,447,896.58,正常,12
2024-01-30,TLM-003,TLM,29,1044,576,8477.28,正常,2
2024-01-30,HND-025,HND,24,1318,468,12046.52,过库存,0
2024-01-30,VEN-012,VEN,105,88,690,1315.6,正常,16
2024-01-30,TLP-002,TLP,184,1505,582,9993.2,低库存预警,12
2024-01-30,DUO-024,DUO,86,1425,322,14036.25,正常,26
2024-01-30,BUM-001,BUM,6,491,469,2548.29,过库存,19
2024-01-30,CUP-016,CUP,256,320,425,4835.2,过库存,2
2024-01-30,CUP-020,CUP,104,259,660,1465.94,正常,17
2024-01-30,WLC-022,WLC,500,1014,272,34060.26,低库存预警,17
2024-01-30,BUM-014,BUM,228,1945,541,14743.1,正常,8
2024-01-30,CUP-008,CUP,279,529,743,1110.9,正常,17
2024-01-30,WLC-001,WLC,234,979,486,18072.34,正常,20
2024-01-30,LRB-010,LRB,200,511,783,6024.69,正常,9
2024-01-30,VEN-017,VEN,349,1778,214,40289.48,过库存,6
2024-01-30,TLM-006,TLM,73,290,409,1980.7,过库存,3
2024-01-30,VEN-030,VEN,224,1912,119,22140.96,正常,1
2024-01-30,DRH-016,DRH,196,531,290,10338.57,低库存预警,11
2024-01-30,CUP-023,CUP,420,1832,504,23229.76,正常,12
2024-01-30,DRH-029,DRH,403,1398,778,26631.9,正常,16
2024-01-30,DUO-018,DUO,295,1580,524,4044.8,正常,29
2024-01-30,LFR-019,LFR,122,692,232,11556.4,正常,26
2024-01-30,DRH-018,DRH,66,204,350,4186.08,过库存,16
2024-01-30,DUO-008,DUO,259,859,428,8306.53,低库存预警,5
2024-01-30,CUP-003,CUP,284,1077,210,36833.4,过库存,21
2024-01-30,LRB-004,LRB,262,1285,656,16807.8,正常,21
2024-01-30,LFR-001,LFR,359,1151,134,4580.98,过库存,23
2024-01-30,TLM-017,TLM,131,123,233,1637.13,低库存预警,8
2024-01-30,TLP-013,TLP,205,1887,358,4377.84,低库存预警,13
2024-01-30,LFR-012,LFR,392,1260,223,22465.8,低库存预警,9
2024-01-30,TLM-016,TLM,446,1338,262,46388.46,低库存预警,3
2024-01-30,BUM-027,BUM,262,1214,408,10282.58,正常,30
2024-01-30,TLP-020,TLP,329,1244,146,2164.56,过库存,22
2024-01-30,BUM-028,BUM,202,802,327,25038.44,正常,10
2024-01-30,BUM-011,BUM,480,1499,762,42991.32,正常,11
2024-01-30,BUM-010,BUM,206,1106,155,34628.86,正常,2
2024-01-30,VEN-004,VEN,75,1546,282,50028.56,正常,21
2024-01-30,TLM-004,TLM,30,1391,347,45137.95,低库存预警,18
2024-01-30,DRH-020,DRH,191,141,288,4277.94,过库存,0
2024-01-30,DUO-011,DUO,170,542,692,3170.7,低库存预警,27
2024-01-30,BUM-026,BUM,21,907,537,10049.56,过库存,9
2024-01-30,LRB-018,LRB,63,1748,109,18948.32,过库存,20
2024-01-30,BUM-018,BUM,249,1900,596,31236.0,低库存预警,21
2024-01-30,DRH-003,DRH,301,1711,170,15929.41,正常,19
2024-01-30,BUM-005,BUM,97,671,691,11078.21,正常,15
2024-01-30,CUP-009,CUP,383,1212,598,36687.24,正常,26
2024-01-30,HND-005,HND,156,1034,440,28693.5,正常,10
2024-01-30,LRB-021,LRB,91,0,593,0.0,正常,12
2024-01-30,VEN-009,VEN,67,1199,693,10910.9,正常,30
2024-01-30,LRB-008,LRB,155,1760,141,55211.2,正常,18
2024-01-30,TLM-022,TLM,11,446,198,1873.2,低库存预警,27
2024-01-30,VEN-005,VEN,342,1918,689,34926.78,正常,2
2024-01-30,CUP-005,CUP,389,676,776,22226.88,低库存预警,10
2024-01-31,LFR-016,LFR,359,1828,301,30728.68,正常,20
2024-01-31,BUM-004,BUM,320,1585,430,51243.05,过库存,9
2024-01-31,WLC-013,WLC,285,1577,156,36901.8,低库存预警,30
2024-01-31,TLM-006,TLM,98,1537,535,10497.71,正常,30
2024-01-31,LRB-004,LRB,325,1475,440,19293.0,正常,2
2024-01-31,DRH-016,DRH,435,557,659,10844.79,正常,20
2024-01-31,LRB-009,LRB,275,1397,770,37774.88,过库存,27
2024-01-31,LRB-015,LRB,87,447,126,9449.58,正常,28
2024-01-31,VEN-003,VEN,236,1984,171,58270.08,正常,26
2024-01-31,WLC-008,WLC,184,1590,379,26950.5,正常,14
2024-01-31,TLM-023,TLM,190,782,303,24054.32,过库存,1
2024-01-31,VEN-012,VEN,252,203,457,3034.85,过库存,1
2024-01-31,TLP-001,TLP,474,875,124,6728.75,正常,15
2024-01-31,DRH-009,DRH,87,544,759,7039.36,正常,16
2024-01-31,VEN-025,VEN,499,295,430,4003.15,正常,19
2024-01-31,HND-019,HND,308,595,269,12780.6,正常,25
2024-01-31,LFR-015,LFR,194,333,549,1621.71,低库存预警,23
2024-01-31,WLC-016,WLC,261,240,161,7437.6,正常,7
2024-01-31,BUM-015,BUM,339,993,767,11340.06,低库存预警,19
2024-01-31,TLP-007,TLP,45,1848,230,21510.72,低库存预警,29
2024-01-31,VEN-004,VEN,324,368,259,11908.48,过库存,11
2024-01-31,DRH-025,DRH,441,45,595,472.95,正常,11
2024-01-31,VEN-001,VEN,166,39,645,136.5,正常,26
2024-01-31,HND-012,HND,243,1927,231,8247.56,低库存预警,21
2024-01-31,DRH-030,DRH,487,670,502,3611.3,低库存预警,8
2024-01-31,WLC-020,WLC,381,1811,431,21351.69,正常,3
2024-01-31,VEN-021,VEN,271,1718,284,51110.5,正常,9
2024-01-31,HND-020,HND,422,695,167,6845.75,正常,30
2024-01-31,LRB-014,LRB,294,1406,363,26657.76,低库存预警,7
2024-01-31,TLP-010,TLP,483,875,306,4103.75,过库存,28
2024-01-31,LFR-010,LFR,142,1684,165,35161.92,正常,11
2024-01-31,WLC-005,WLC,218,1410,510,5414.4,低库存预警,24
2024-01-31,HND-021,HND,243,1955,188,51983.45,正常,16
2024-01-31,TLM-019,TLM,422,992,213,29254.08,低库存预警,12
2024-01-31,VEN-007,VEN,447,109,436,1656.8,过库存,11
2024-01-31,BUM-019,BUM,431,1881,202,35118.27,过库存,26
2024-01-31,BUM-011,BUM,155,378,575,10841.04,正常,4
2024-01-31,HND-018,HND,3,377,541,885.95,正常,24
2024-01-31,CUP-026,CUP,83,151,735,1756.13,低库存预警,24
2024-01-31,TLM-015,TLM,404,1064,399,7926.8,正常,13
2024-01-31,DUO-004,DUO,209,1346,196,28158.32,正常,28
2024-01-31,WLC-003,WLC,137,238,589,1727.88,正常,30
2024-01-31,DRH-029,DRH,455,395,563,7524.75,正常,24
2024-01-31,TLM-003,TLM,9,1747,228,14185.64,正常,6
2024-01-31,TLP-008,TLP,58,570,415,13634.4,过库存,30
2024-01-31,TLP-005,TLP,218,1862,383,10706.5,正常,28
2024-01-31,DRH-012,DRH,366,861,194,21111.72,低库存预警,2
2024-01-31,TLM-020,TLM,239,498,567,15696.96,正常,24
2024-01-31,TLP-018,TLP,364,333,451,5944.05,正常,25
2024-01-31,CUP-012,CUP,370,1909,417,29360.42,低库存预警,23
2024-01-31,BUM-010,BUM,462,1547,800,48436.57,正常,30
2024-01-31,CUP-011,CUP,432,984,707,28968.96,正常,23
2024-01-31,DUO-008,DUO,498,697,219,6739.99,正常,18
2024-01-31,CUP-006,CUP,39,757,463,14375.43,过库存,22
2024-01-31,LFR-004,LFR,135,933,255,17400.45,过库存,20
2024-01-31,DRH-022,DRH,26,1166,578,14213.54,正常,19
2024-01-31,WLC-015,WLC,279,1313,519,28334.54,正常,8
2024-01-31,VEN-009,VEN,423,1827,271,16625.7,正常,13
2024-01-31,TLP-013,TLP,61,732,604,1698.24,低库存预警,19
2024-01-31,VEN-020,VEN,131,1032,353,1991.76,正常,9
2024-02-01,DUO-021,DUO,247,713,229,6730.72,正常,12
2024-02-01,CUP-028,CUP,58,508,226,6192.52,正常,16
2024-02-01,TLM-017,TLM,251,1597,648,21256.07,过库存,13
2024-02-01,DUO-024,DUO,480,344,670,3388.4,正常,16
2024-02-01,TLM-020,TLM,179,1954,703,61590.08,过库存,19
2024-02-01,TLM-026,TLM,270,564,185,10490.4,正常,0
2024-02-01,LRB-014,LRB,156,1355,287,25690.8,正常,14
2024-02-01,HND-009,HND,150,1415,547,43100.9,正常,10
2024-02-01,LRB-010,LRB,486,776,195,9149.04,过库存,28
2024-02-01,TLM-005,TLM,263,1249,236,26678.64,正常,16
2024-02-01,LRB-017,LRB,94,1566,491,39854.7,正常,16
2024-02-01,TLM-019,TLM,243,1859,201,54821.91,过库存,26
2024-02-01,HND-027,HND,461,202,649,5009.6,正常,24
2024-02-01,LFR-010,LFR,22,54,660,1127.52,正常,17
2024-02-01,DUO-018,DUO,467,678,654,1735.68,低库存预警,28
2024-02-01,DUO-011,DUO,34,745,135,4358.25,正常,26
2024-02-01,WLC-021,WLC,435,686,753,6153.42,过库存,9
2024-02-01,DRH-009,DRH,26,11,751,142.34,正常,13
2024-02-01,VEN-022,VEN,410,610,542,20465.5,正常,16
2024-02-01,BUM-008,BUM,226,1178,592,35787.64,正常,1
2024-02-01,HND-010,HND,108,681,582,22016.73,正常,0
2024-02-01,TLM-008,TLM,428,340,296,7918.6,过库存,28
2024-02-01,HND-019,HND,439,585,320,12565.8,正常,8
2024-02-01,HND-025,HND,138,181,619,1654.34,正常,13
2024-02-01,BUM-007,BUM,34,1604,265,16264.56,过库存,30
2024-02-01,HND-028,HND,306,432,360,4186.08,低库存预警,9
2024-02-01,DRH-025,DRH,236,1080,692,11350.8,正常,10
2024-02-01,HND-015,HND,119,1913,324,26533.31,正常,1
2024-02-01,VEN-023,VEN,280,986,562,7473.88,正常,22
2024-02-01,DRH-002,DRH,353,1831,497,17193.09,低库存预警,3
2024-02-01,LFR-019,LFR,404,1541,220,25734.7,低库存预警,11
2024-02-01,TLP-009,TLP,349,150,313,3834.0,正常,17
2024-02-01,BUM-015,BUM,282,1306,227,14914.52,正常,16
2024-02-01,VEN-019,VEN,69,1449,595,25140.15,正常,25
2024-02-01,LFR-003,LFR,125,1004,704,26736.52,正常,13
2024-02-01,BUM-024,BUM,495,1036,622,28749.0,正常,12
2024-02-01,LFR-005,LFR,187,1089,117,1862.19,低库存预警,24
2024-02-01,LRB-016,LRB,405,1487,486,35360.86,过库存,7
2024-02-01,LRB-006,LRB,466,376,191,12851.68,过库存,8
2024-02-01,BUM-020,BUM,129,291,203,9891.09,正常,13
2024-02-01,LFR-018,LFR,497,1187,740,28855.97,正常,20
2024-02-01,TLM-003,TLM,221,900,308,7308.0,低库存预警,23
2024-02-01,DRH-016,DRH,331,1592,669,30996.24,正常,24
2024-02-01,BUM-019,BUM,249,1540,686,28751.8,正常,8
2024-02-01,HND-011,HND,236,885,409,10044.75,正常,23
2024-02-01,HND-002,HND,499,833,587,7663.6,正常,29
2024-02-01,TLM-007,TLM,390,440,205,1465.2,低库存预警,15
2024-02-01,LRB-022,LRB,199,795,425,14023.8,过库存,29
2024-02-01,BUM-021,BUM,123,366,778,8322.84,低库存预警,26
2024-02-01,LRB-002,LRB,330,559,689,14416.61,正常,15
2024-02-01,CUP-012,CUP,24,1268,620,19501.84,低库存预警,13
2024-02-01,HND-016,HND,116,1312,207,19955.52,正常,25
2024-02-01,TLP-004,TLP,437,1054,800,8959.0,正常,17
2024-02-01,TLP-010,TLP,108,1610,720,7550.9,正常,26
2024-02-01,DRH-006,DRH,299,1465,194,26135.6,正常,6
2024-02-01,VEN-011,VEN,345,836,658,27011.16,正常,12
2024-02-01,BUM-002,BUM,44,13,302,281.71,正常,26
2024-02-01,DRH-021,DRH,173,1432,334,5484.56,过库存,0
2024-02-01,WLC-020,WLC,220,1169,537,13782.51,过库存,20
2024-02-01,TLM-011,TLM,119,1330,706,45725.4,正常,11
2024-02-02,DRH-014,DRH,109,899,613,6805.43,低库存预警,22
2024-02-02,BUM-005,BUM,183,1561,550,25772.11,过库存,0
2024-02-02,LRB-009,LRB,324,633,365,17116.32,低库存预警,12
2024-02-02,CUP-017,CUP,433,62,662,768.18,正常,2
2024-02-02,TLM-015,TLM,176,1103,297,8217.35,正常,1
2024-02-02,LRB-016,LRB,170,1444,544,34338.32,过库存,24
2024-02-02,TLM-017,TLM,458,1292,152,17196.52,过库存,12
2024-02-02,HND-003,HND,475,1899,660,20414.25,过库存,10
2024-02-02,TLM-025,TLM,464,1099,732,14814.52,过库存,14
2024-02-02,HND-006,HND,340,466,411,5503.46,低库存预警,15
2024-02-02,VEN-001,VEN,431,1750,359,6125.0,正常,13
2024-02-02,TLM-012,TLM,380,1797,149,53119.32,低库存预警,1
2024-02-02,CUP-024,CUP,258,818,777,1513.3,正常,24
2024-02-02,DUO-017,DUO,332,508,662,6847.84,过库存,24
2024-02-02,LFR-003,LFR,482,1252,659,33340.76,正常,27
2024-02-02,DRH-005,DRH,261,1377,445,35471.52,正常,14
2024-02-02,TLM-013,TLM,56,389,629,11424.93,正常,15
2024-02-02,HND-014,HND,458,612,732,13880.16,过库存,15
2024-02-02,LRB-004,LRB,185,615,401,8044.2,正常,3
2024-02-02,LFR-016,LFR,391,736,486,12372.16,低库存预警,29
2024-02-02,BUM-003,BUM,25,700,797,12362.0,正常,11
2024-02-02,DRH-007,DRH,336,1337,140,11738.86,正常,6
2024-02-02,CUP-020,CUP,207,806,324,4561.96,过库存,25
2024-02-02,CUP-015,CUP,17,129,116,3930.63,正常,27
2024-02-02,TLP-019,TLP,277,690,107,1738.8,正常,28
2024-02-02,CUP-012,CUP,166,436,368,6705.68,过库存,5
2024-02-02,TLM-023,TLM,360,1669,761,51338.44,过库存,26
2024-02-02,BUM-001,BUM,480,425,423,2205.75,过库存,25
2024-02-02,BUM-004,BUM,134,1918,274,62008.94,正常,12
2024-02-02,DUO-020,DUO,326,385,491,8173.55,过库存,27
2024-02-02,TLP-003,TLP,352,1973,329,29792.3,低库存预警,30
2024-02-02,TLM-028,TLM,116,730,630,24097.3,正常,18
2024-02-02,VEN-008,VEN,292,593,267,19699.46,正常,6
2024-02-02,HND-025,HND,367,1499,621,13700.86,正常,10
2024-02-02,CUP-026,CUP,64,1645,398,19131.35,低库存预警,12
2024-02-02,DUO-001,DUO,229,1112,601,20316.24,正常,5
2024-02-02,DUO-010,DUO,207,183,727,2788.92,过库存,2
2024-02-02,VEN-014,VEN,375,1929,404,13695.9,正常,17
2024-02-02,HND-024,HND,328,54,111,1130.22,正常,8
2024-02-02,WLC-008,WLC,54,665,109,11271.75,正常,30
2024-02-02,DRH-011,DRH,192,1815,103,55266.75,过库存,20
2024-02-02,CUP-023,CUP,436,1310,492,16610.8,正常,12
2024-02-02,BUM-007,BUM,208,1821,501,18464.94,正常,18
2024-02-02,TLP-020,TLP,469,1783,236,3102.42,正常,15
2024-02-02,DRH-013,DRH,308,1112,172,9129.52,低库存预警,5
2024-02-02,BUM-028,BUM,166,1059,539,33061.98,正常,1
2024-02-02,BUM-019,BUM,221,28,540,522.76,正常,5
2024-02-02,WLC-020,WLC,208,1396,753,16458.84,正常,2
2024-02-02,WLC-011,WLC,318,947,212,15483.45,过库存,11
2024-02-02,LFR-021,LFR,416,1411,665,27613.27,正常,23
2024-02-02,TLM-021,TLM,415,387,558,2658.69,过库存,3
2024-02-02,VEN-026,VEN,200,1154,489,24487.88,正常,4
2024-02-02,BUM-011,BUM,313,1885,775,54061.8,过库存,16
2024-02-02,WLC-003,WLC,320,1238,539,8987.88,低库存预警,9
2024-02-02,TLP-006,TLP,441,382,629,10867.9,过库存,9
2024-02-02,WLC-001,WLC,436,1,620,18.46,正常,5
2024-02-02,HND-007,HND,83,310,214,1215.2,过库存,1
2024-02-02,WLC-024,WLC,303,696,372,4698.0,低库存预警,12
2024-02-02,TLP-015,TLP,319,320,468,6448.0,低库存预警,29
2024-02-02,DRH-016,DRH,357,1227,476,23889.69,正常,9
2024-02-03,DUO-003,DUO,191,1946,437,3094.14,正常,27
2024-02-03,TLM-008,TLM,288,542,644,12623.18,正常,4
2024-02-03,DRH-004,DRH,34,795,191,11909.1,正常,1
2024-02-03,DUO-010,DUO,418,1926,319,29352.24,正常,10
2024-02-03,CUP-020,CUP,426,500,795,2830.0,低库存预警,20
2024-02-03,WLC-014,WLC,412,793,593,6851.52,正常,7
2024-02-03,HND-023,HND,354,39,783,367.77,过库存,18
2024-02-03,BUM-026,BUM,362,425,695,4709.0,正常,17
2024-02-03,LRB-012,LRB,70,1939,701,8008.07,低库存预警,23
2024-02-03,HND-020,HND,80,1162,705,11445.7,正常,21
2024-02-03,LRB-010,LRB,130,1846,292,21764.34,过库存,21
2024-02-03,DRH-011,DRH,61,647,526,19701.15,正常,7
2024-02-03,WLC-024,WLC,286,416,651,2808.0,正常,5
2024-02-03,DRH-028,DRH,103,124,119,3264.92,过库存,3
2024-02-03,CUP-006,CUP,163,200,143,3798.0,正常,10
2024-02-03,HND-018,HND,166,1598,719,3755.3,低库存预警,28
2024-02-03,LFR-002,LFR,340,1109,684,12021.56,低库存预警,7
2024-02-03,LFR-016,LFR,323,1092,313,18356.52,低库存预警,1
2024-02-03,LRB-006,LRB,110,15,388,512.7,低库存预警,26
2024-02-03,HND-026,HND,449,654,141,19364.94,低库存预警,16
2024-02-03,TLP-008,TLP,431,392,472,9376.64,正常,12
2024-02-03,BUM-006,BUM,211,1117,129,25545.79,低库存预警,25
2024-02-03,BUM-025,BUM,58,272,217,6125.44,正常,24
2024-02-03,TLM-025,TLM,315,1062,102,14315.76,正常,10
2024-02-03,TLP-020,TLP,270,104,776,180.96,正常,0
2024-02-03,HND-013,HND,385,1824,736,30606.72,正常,3
2024-02-03,WLC-012,WLC,451,1236,469,14683.68,低库存预警,27
2024-02-03,DUO-014,DUO,59,238,215,2758.42,正常,19
2024-02-03,TLP-011,TLP,266,606,639,20767.62,正常,3
2024-02-03,LRB-007,LRB,41,1858,694,9605.86,过库存,29
2024-02-03,CUP-002,CUP,422,1816,115,8716.8,正常,23
2024-02-03,LRB-019,LRB,103,1127,116,38160.22,低库存预警,26
2024-02-03,VEN-028,VEN,78,1514,625,27115.74,过库存,22
2024-02-03,TLP-023,TLP,42,446,347,11355.16,正常,28
2024-02-03,VEN-026,VEN,120,1998,177,42397.56,正常,3
2024-02-03,TLP-006,TLP,177,921,371,26202.45,过库存,5
2024-02-03,VEN-002,VEN,255,311,195,10374.96,过库存,6
2024-02-03,TLM-022,TLM,275,1743,524,7320.6,过库存,1
2024-02-03,HND-006,HND,2,479,442,5656.99,正常,24
2024-02-03,CUP-022,CUP,121,804,676,12204.72,正常,4
2024-02-03,LFR-021,LFR,379,1810,511,35421.7,过库存,25
2024-02-03,CUP-014,CUP,89,1533,496,28897.05,正常,30
2024-02-03,CUP-016,CUP,390,187,281,2825.57,正常,16
2024-02-03,WLC-011,WLC,66,614,109,10038.9,正常,15
2024-02-03,BUM-014,BUM,471,867,561,6571.86,正常,17
2024-02-03,LFR-013,LFR,215,1354,693,15530.38,过库存,20
2024-02-03,LFR-009,LFR,44,1560,387,25646.4,低库存预警,13
2024-02-03,HND-028,HND,469,196,506,1899.24,正常,28
2024-02-03,CUP-023,CUP,11,124,146,1572.32,正常,9
2024-02-03,BUM-013,BUM,114,1013,747,5926.05,过库存,9
2024-02-03,CUP-013,CUP,1,1082,492,20990.8,低库存预警,29
2024-02-03,VEN-013,VEN,196,359,135,11175.67,低库存预警,21
2024-02-03,DUO-007,DUO,256,229,536,2780.06,正常,21
2024-02-03,HND-027,HND,247,636,228,15772.8,正常,1
2024-02-03,TLP-016,TLP,160,1655,238,42748.65,正常,9
2024-02-03,LRB-016,LRB,448,1286,636,30581.08,低库存预警,23
2024-02-03,BUM-001,BUM,245,1452,679,7535.88,正常,12
2024-02-03,DRH-026,DRH,325,1533,672,4583.67,低库存预警,21
2024-02-03,TLP-002,TLP,184,1334,458,8857.76,正常,2
2024-02-03,WLC-020,WLC,110,1406,552,16576.74,正常,22
2024-02-04,CUP-005,CUP,327,640,676,21043.2,过库存,2
2024-02-04,BUM-007,BUM,141,1541,517,15625.74,正常,22
2024-02-04,LRB-012,LRB,276,138,322,569.94,过库存,8
2024-02-04,LFR-012,LFR,493,976,279,17402.08,正常,17
2024-02-04,DUO-023,DUO,119,866,459,28283.56,正常,6
2024-02-04,HND-026,HND,39,320,370,9475.2,过库存,8
2024-02-04,TLM-007,TLM,170,1682,514,5601.06,低库存预警,29
2024-02-04,VEN-024,VEN,351,1561,692,21073.5,正常,3
2024-02-04,LRB-009,LRB,303,219,432,5921.76,低库存预警,23
2024-02-04,DUO-004,DUO,492,422,401,8828.24,正常,22
2024-02-04,DRH-021,DRH,198,645,378,2470.35,正常,20
2024-02-04,TLM-004,TLM,81,1404,389,45559.8,过库存,11
2024-02-04,HND-013,HND,17,1158,564,19431.24,正常,9
2024-02-04,TLM-011,TLM,238,1289,679,44315.82,正常,6
2024-02-04,TLM-001,TLM,169,1118,586,7635.94,正常,1
2024-02-04,VEN-030,VEN,258,1185,523,13722.3,低库存预警,3
2024-02-04,BUM-018,BUM,25,738,635,12132.72,正常,22
2024-02-04,BUM-019,BUM,53,474,558,8849.58,正常,24
2024-02-04,VEN-005,VEN,292,814,495,14822.94,过库存,5
2024-02-04,DRH-014,DRH,169,771,470,5836.47,正常,26
2024-02-04,HND-010,HND,141,320,454,10345.6,正常,14
2024-02-04,TLM-016,TLM,57,851,410,29504.17,正常,21
2024-02-04,DUO-006,DUO,79,1755,712,58002.75,正常,6
2024-02-04,HND-022,HND,333,1934,362,62371.5,过库存,12
2024-02-04,DRH-029,DRH,254,230,249,4381.5,正常,22
2024-02-04,BUM-010,BUM,116,1529,697,47872.99,过库存,23
2024-02-04,DRH-020,DRH,237,799,307,24241.66,正常,23
2024-02-04,CUP-019,CUP,147,1319,638,22950.6,过库存,11
2024-02-04,DRH-009,DRH,199,1442,670,18659.48,低库存预警,22
2024-02-04,LRB-017,LRB,188,462,723,11757.9,正常,27
2024-02-04,WLC-009,WLC,98,467,293,14444.31,正常,13
2024-02-04,BUM-025,BUM,353,1114,656,25087.28,正常,17
2024-02-04,DUO-013,DUO,183,871,232,3092.05,正常,26
2024-02-04,VEN-026,VEN,406,1126,409,23893.72,过库存,3
2024-02-04,HND-027,HND,358,204,617,5059.2,正常,5
2024-02-04,DUO-022,DUO,241,1492,693,5729.28,低库存预警,0
2024-02-04,LRB-018,LRB,15,793,743,8596.12,正常,28
2024-02-04,VEN-001,VEN,341,241,522,843.5,低库存预警,22
2024-02-04,HND-003,HND,419,1832,770,19694.0,过库存,22
2024-02-04,CUP-016,CUP,380,530,198,8008.3,低库存预警,3
2024-02-04,CUP-002,CUP,233,1414,201,6787.2,正常,13
2024-02-04,VEN-014,VEN,476,1126,311,7994.6,正常,15
2024-02-04,HND-012,HND,19,471,360,2015.88,过库存,26
2024-02-04,HND-028,HND,276,1490,252,14438.1,过库存,2
2024-02-04,DUO-020,DUO,341,1789,654,37980.47,过库存,24
2024-02-04,BUM-027,BUM,113,1827,641,15474.69,过库存,24
2024-02-04,TLM-021,TLM,467,1211,599,8319.57,正常,28
2024-02-04,DUO-012,DUO,6,528,564,6035.04,低库存预警,14
2024-02-04,VEN-007,VEN,84,662,385,10062.4,低库存预警,25
2024-02-04,CUP-001,CUP,11,1236,272,8157.6,正常,13
2024-02-04,VEN-013,VEN,213,1435,367,44671.55,低库存预警,4
2024-02-04,VEN-002,VEN,426,1891,629,63083.76,正常,10
2024-02-04,HND-024,HND,194,1060,290,22185.8,正常,10
2024-02-04,TLM-014,TLM,467,372,189,8020.32,过库存,15
2024-02-04,CUP-014,CUP,70,1737,260,32742.45,正常,0
2024-02-04,LRB-006,LRB,476,501,153,17124.18,正常,25
2024-02-04,DUO-019,DUO,414,1477,703,21593.74,过库存,0
2024-02-04,TLP-009,TLP,442,1795,307,45880.2,正常,19
2024-02-04,TLP-010,TLP,453,1171,335,5491.99,低库存预警,7
2024-02-04,DRH-016,DRH,249,1193,448,23227.71,正常,18
2024-02-05,DUO-005,DUO,18,168,447,2002.56,过库存,14
2024-02-05,CUP-009,CUP,436,717,614,21703.59,低库存预警,4
2024-02-05,TLM-027,TLM,175,344,474,5197.84,正常,4
2024-02-05,VEN-002,VEN,272,449,427,14978.64,正常,27
2024-02-05,BUM-025,BUM,9,246,279,5539.92,正常,2
2024-02-05,VEN-021,VEN,310,667,254,19843.25,正常,28
2024-02-05,TLP-018,TLP,455,59,428,1053.15,过库存,27
2024-02-05,DRH-023,DRH,449,378,231,3107.16,正常,18
2024-02-05,TLM-017,TLM,21,195,547,2595.45,正常,26
2024-02-05,TLP-004,TLP,462,440,295,3740.0,正常,26
2024-02-05,WLC-006,WLC,36,1498,544,17841.18,正常,12
2024-02-05,DRH-024,DRH,470,760,274,6042.0,正常,30
2024-02-05,TLP-010,TLP,246,1957,117,9178.33,正常,11
2024-02-05,HND-008,HND,220,1210,256,29983.8,正常,9
2024-02-05,TLP-019,TLP,48,169,373,425.88,低库存预警,15
2024-02-05,BUM-018,BUM,105,1227,225,20171.88,正常,26
2024-02-05,WLC-015,WLC,424,521,150,11243.18,低库存预警,0
2024-02-05,HND-027,HND,434,1527,341,37869.6,正常,6
2024-02-05,LRB-002,LRB,195,709,536,18285.11,低库存预警,28
2024-02-05,DUO-023,DUO,352,634,193,20706.44,过库存,15
2024-02-05,TLP-020,TLP,252,462,463,803.88,正常,24
2024-02-05,DRH-009,DRH,262,407,370,5266.58,低库存预警,28
2024-02-05,CUP-028,CUP,205,370,101,4510.3,低库存预警,28
2024-02-05,CUP-022,CUP,192,1145,497,17381.1,正常,29
2024-02-05,HND-001,HND,76,437,377,2906.05,正常,5
2024-02-05,DUO-021,DUO,32,963,532,9090.72,正常,30
2024-02-05,CUP-023,CUP,208,642,350,8140.56,低库存预警,7
2024-02-05,DRH-028,DRH,80,1491,206,39258.03,正常,18
2024-02-05,LFR-016,LFR,70,1303,436,21903.43,正常,21
2024-02-05,BUM-008,BUM,351,1905,592,57873.9,正常,28
2024-02-05,LFR-011,LFR,160,1850,508,36574.5,过库存,4
2024-02-05,DUO-024,DUO,56,693,239,6826.05,过库存,24
2024-02-05,TLM-024,TLM,207,1258,146,20455.08,低库存预警,29
2024-02-05,LRB-015,LRB,229,1921,366,40609.94,低库存预警,16
2024-02-05,LFR-019,LFR,204,1785,210,29809.5,正常,25
2024-02-05,VEN-007,VEN,388,542,708,8238.4,低库存预警,27
2024-02-05,DUO-009,DUO,294,1875,191,39318.75,正常,5
2024-02-05,VEN-028,VEN,379,921,349,16495.11,正常,6
2024-02-05,LFR-007,LFR,337,585,720,2035.8,低库存预警,5
2024-02-05,DUO-019,DUO,139,1088,419,15906.56,正常,28
2024-02-05,TLP-025,TLP,158,162,117,497.34,低库存预警,13
2024-02-05,BUM-021,BUM,123,1822,564,41432.28,正常,10
2024-02-05,DUO-004,DUO,280,1674,245,35020.08,过库存,7
2024-02-05,DRH-007,DRH,373,814,327,7146.92,正常,17
2024-02-05,VEN-019,VEN,315,1292,438,22416.2,低库存预警,1
2024-02-05,LRB-021,LRB,404,563,605,6142.33,过库存,25
2024-02-05,BUM-019,BUM,226,322,716,6011.74,低库存预警,4
2024-02-05,TLP-001,TLP,469,1292,294,9935.48,过库存,18
2024-02-05,DRH-025,DRH,454,151,399,1587.01,正常,14
2024-02-05,TLP-014,TLP,409,1939,230,62998.11,过库存,10
2024-02-05,DUO-011,DUO,152,1787,441,10453.95,过库存,0
2024-02-05,DUO-016,DUO,168,224,735,5087.04,低库存预警,29
2024-02-05,TLM-011,TLM,21,1582,440,54389.16,低库存预警,14
2024-02-05,DRH-026,DRH,463,1744,652,5214.56,过库存,23
2024-02-05,VEN-024,VEN,106,1283,145,17320.5,低库存预警,5
2024-02-05,LFR-017,LFR,238,1301,669,31445.17,低库存预警,9
2024-02-05,DUO-008,DUO,108,150,775,1450.5,正常,22
2024-02-05,DRH-016,DRH,253,1420,331,27647.4,正常,14
2024-02-05,CUP-030,CUP,155,1516,190,38779.28,正常,8
2024-02-05,CUP-014,CUP,290,127,735,2393.95,过库存,12
2024-02-06,VEN-015,VEN,60,1325,728,42174.75,正常,30
2024-02-06,CUP-008,CUP,100,118,636,247.8,正常,25
2024-02-06,HND-023,HND,343,1511,593,14248.73,正常,28
2024-02-06,TLM-007,TLM,12,407,599,1355.31,过库存,29
2024-02-06,DUO-014,DUO,186,650,670,7533.5,正常,2
2024-02-06,TLP-010,TLP,408,983,272,4610.27,正常,29
2024-02-06,WLC-022,WLC,285,792,543,26603.28,正常,26
2024-02-06,DUO-017,DUO,122,140,692,1887.2,过库存,4
2024-02-06,BUM-001,BUM,347,145,187,752.55,正常,8
2024-02-06,CUP-011,CUP,212,1832,268,53934.08,正常,28
2024-02-06,TLM-016,TLM,175,1688,311,58522.96,正常,17
2024-02-06,DRH-030,DRH,277,1621,190,8737.19,过库存,2
2024-02-06,HND-025,HND,342,328,351,2997.92,正常,19
2024-02-06,WLC-019,WLC,247,351,770,6907.68,正常,12
2024-02-06,DRH-002,DRH,410,567,410,5324.13,正常,30
2024-02-06,VEN-027,VEN,148,863,682,7749.74,正常,1
2024-02-06,TLM-026,TLM,14,1008,377,18748.8,过库存,10
2024-02-06,DRH-018,DRH,303,1804,528,37018.08,正常,27
2024-02-06,BUM-017,BUM,496,75,172,439.5,正常,7
2024-02-06,DRH-005,DRH,337,885,182,22797.6,过库存,14
2024-02-06,DRH-025,DRH,478,809,796,8502.59,正常,17
2024-02-06,TLP-020,TLP,376,1177,202,2047.98,正常,27
2024-02-06,TLM-022,TLM,486,786,722,3301.2,正常,20
2024-02-06,DRH-020,DRH,414,163,266,4945.42,过库存,2
2024-02-06,BUM-012,BUM,136,44,349,1160.72,低库存预警,3
2024-02-06,DUO-013,DUO,441,242,782,859.1,正常,16
2024-02-06,CUP-002,CUP,71,1445,428,6936.0,正常,26
2024-02-06,VEN-007,VEN,122,1551,491,23575.2,正常,4
2024-02-06,LRB-018,LRB,147,1663,275,18026.92,正常,12
2024-02-06,VEN-026,VEN,192,1030,604,21856.6,正常,25
2024-02-06,LRB-006,LRB,84,1743,480,59575.74,正常,21
2024-02-06,DUO-022,DUO,7,295,773,1132.8,低库存预警,27
2024-02-06,CUP-010,CUP,231,796,182,22853.16,正常,13
2024-02-06,CUP-018,CUP,220,644,265,11894.68,正常,22
2024-02-06,DUO-025,DUO,383,192,775,2336.64,低库存预警,26
2024-02-06,BUM-013,BUM,58,907,557,5305.95,过库存,30
2024-02-06,VEN-002,VEN,431,1618,471,53976.48,正常,20
2024-02-06,DUO-002,DUO,320,1108,490,18935.72,过库存,5
2024-02-06,DRH-016,DRH,392,393,583,7651.71,过库存,1
2024-02-06,LFR-002,LFR,375,1144,484,12400.96,低库存预警,18
2024-02-06,VEN-023,VEN,154,758,137,5745.64,低库存预警,6
2024-02-06,BUM-003,BUM,270,38,599,671.08,正常,22
2024-02-06,TLP-001,TLP,59,58,780,446.02,正常,17
2024-02-06,BUM-026,BUM,79,1940,454,21495.2,低库存预警,29
2024-02-06,DRH-023,DRH,205,1728,417,14204.16,过库存,18
2024-02-06,TLP-005,TLP,79,1604,485,9223.0,低库存预警,29
2024-02-06,DUO-006,DUO,96,1887,368,62365.35,正常,5
2024-02-06,LFR-014,LFR,165,962,293,8860.02,低库存预警,8
2024-02-06,LFR-016,LFR,390,1310,591,22021.1,低库存预警,12
2024-02-06,TLP-012,TLP,239,755,416,16119.25,正常,22
2024-02-06,HND-008,HND,500,1189,467,29463.42,过库存,13
2024-02-06,DRH-013,DRH,146,1028,773,8439.88,正常,1
2024-02-06,HND-004,HND,423,1989,159,25837.11,正常,15
2024-02-06,TLP-002,TLP,58,636,507,4223.04,低库存预警,25
2024-02-06,VEN-019,VEN,253,1660,246,28801.0,过库存,26
2024-02-06,TLP-017,TLP,137,452,190,13076.36,低库存预警,20
2024-02-06,VEN-010,VEN,224,170,321,2227.0,低库存预警,20
2024-02-06,TLP-014,TLP,56,1105,217,35901.45,正常,22
2024-02-06,BUM-022,BUM,316,1890,265,29843.1,过库存,27
2024-02-06,DUO-020,DUO,142,822,139,17451.06,正常,8
2024-02-07,TLP-024,TLP,335,684,230,2394.0,低库存预警,3
2024-02-07,LFR-022,LFR,240,1207,645,42076.02,正常,8
2024-02-07,BUM-018,BUM,168,445,311,7315.8,正常,2
2024-02-07,VEN-004,VEN,470,1757,110,56856.52,正常,29
2024-02-07,DUO-017,DUO,276,786,538,10595.28,正常,28
2024-02-07,VEN-027,VEN,482,951,133,8539.98,正常,19
2024-02-07,DRH-026,DRH,437,725,232,2167.75,正常,8
2024-02-07,DRH-022,DRH,203,1466,448,17870.54,正常,15
2024-02-07,HND-021,HND,387,1209,145,32147.31,过库存,20
2024-02-07,LFR-011,LFR,469,1307,230,25839.39,低库存预警,10
2024-02-07,WLC-025,WLC,161,15,622,399.0,低库存预警,25
2024-02-07,HND-004,HND,96,1113,311,14457.87,过库存,1
2024-02-07,LRB-019,LRB,396,1369,531,46354.34,正常,21
2024-02-07,BUM-015,BUM,65,1706,322,19482.52,正常,9
2024-02-07,TLP-012,TLP,484,1087,155,23207.45,过库存,10
2024-02-07,BUM-009,BUM,329,74,643,1637.62,过库存,20
2024-02-07,LRB-012,LRB,434,56,711,231.28,过库存,4
2024-02-07,TLP-021,TLP,303,499,403,4331.32,正常,13
2024-02-07,BUM-006,BUM,364,1038,668,23739.06,低库存预警,17
2024-02-07,TLM-001,TLM,404,1799,399,12287.17,正常,23
2024-02-07,CUP-017,CUP,98,1232,367,15264.48,正常,18
2024-02-07,TLM-018,TLM,119,783,206,23200.29,正常,3
2024-02-07,DUO-011,DUO,23,1443,131,8441.55,正常,8
2024-02-07,LRB-018,LRB,48,389,126,4216.76,正常,21
2024-02-07,WLC-006,WLC,341,592,688,7050.72,过库存,8
2024-02-07,DRH-001,DRH,19,1527,605,45703.11,正常,26
2024-02-07,TLM-003,TLM,278,1457,401,11830.84,正常,4
2024-02-07,BUM-024,BUM,172,1016,299,28194.0,正常,21
2024-02-07,TLP-001,TLP,189,993,196,7636.17,过库存,0
2024-02-07,TLP-017,TLP,135,1408,771,40733.44,正常,0
2024-02-07,CUP-001,CUP,57,1810,235,11946.0,正常,15
2024-02-07,TLM-022,TLM,337,773,580,3246.6,正常,1
2024-02-07,TLP-007,TLP,136,600,351,6984.0,正常,6
2024-02-07,WLC-018,WLC,23,467,241,15186.84,正常,17
2024-02-07,CUP-013,CUP,46,1398,551,27121.2,正常,6
2024-02-07,CUP-008,CUP,398,576,218,1209.6,正常,3
2024-02-07,TLM-009,TLM,133,1767,275,36329.52,过库存,28
2024-02-07,VEN-023,VEN,78,763,294,5783.54,正常,10
2024-02-07,BUM-021,BUM,315,1340,454,30471.6,低库存预警,10
2024-02-07,DRH-014,DRH,333,13,560,98.41,正常,23
2024-02-07,WLC-003,WLC,83,894,213,6490.44,过库存,8
2024-02-07,TLM-025,TLM,384,542,276,7306.16,正常,19
2024-02-07,WLC-024,WLC,62,967,186,6527.25,低库存预警,3
2024-02-07,TLP-003,TLP,389,1444,658,21804.4,过库存,10
2024-02-07,BUM-022,BUM,191,183,779,2889.57,正常,11
2024-02-07,VEN-016,VEN,6,817,555,27279.63,过库存,3
2024-02-07,DUO-010,DUO,281,981,121,14950.44,低库存预警,14
2024-02-07,VEN-008,VEN,300,1935,115,64280.7,低库存预警,20
2024-02-07,WLC-007,WLC,21,957,126,32920.8,正常,16
2024-02-07,HND-015,HND,258,1620,332,22469.4,正常,25
2024-02-07,TLP-002,TLP,80,39,538,258.96,正常,26
2024-02-07,LFR-021,LFR,23,892,633,17456.44,正常,28
2024-02-07,VEN-018,VEN,375,304,135,1884.8,正常,17
2024-02-07,WLC-009,WLC,45,408,244,12619.44,正常,3
2024-02-07,TLM-013,TLM,76,1427,587,41910.99,过库存,7
2024-02-07,DRH-015,DRH,19,218,135,1626.28,正常,11
2024-02-07,VEN-014,VEN,1,251,478,1782.1,正常,11
2024-02-07,HND-010,HND,191,1579,280,51049.07,正常,7
2024-02-07,DRH-019,DRH,408,549,204,10568.25,正常,4
2024-02-07,TLM-020,TLM,276,319,576,10054.88,正常,30
2024-02-08,VEN-023,VEN,491,83,146,629.14,正常,26
2024-02-08,CUP-009,CUP,426,230,510,6962.1,过库存,17
2024-02-08,CUP-024,CUP,448,691,120,1278.35,低库存预警,16
2024-02-08,TLP-011,TLP,132,519,555,17786.13,正常,26
2024-02-08,TLM-024,TLM,49,1029,455,16731.54,低库存预警,21
2024-02-08,HND-006,HND,173,1850,637,21848.5,正常,22
2024-02-08,HND-027,HND,120,879,130,21799.2,低库存预警,8
2024-02-08,HND-021,HND,337,1430,211,38023.7,过库存,23
2024-02-08,VEN-013,VEN,440,1189,108,37013.57,正常,10
2024-02-08,DRH-023,DRH,51,42,565,345.24,过库存,26
2024-02-08,LFR-018,LFR,482,160,621,3889.6,正常,19
2024-02-08,WLC-023,WLC,419,763,246,18250.96,低库存预警,17
2024-02-08,TLP-008,TLP,258,209,291,4999.28,过库存,25
2024-02-08,BUM-025,BUM,182,334,720,7521.68,过库存,23
2024-02-08,LFR-022,LFR,80,1072,523,37369.92,低库存预警,13
2024-02-08,HND-023,HND,411,158,699,1489.94,过库存,16
2024-02-08,VEN-007,VEN,327,636,625,9667.2,低库存预警,0
2024-02-08,LRB-013,LRB,266,538,572,18485.68,正常,16
2024-02-08,TLP-019,TLP,460,735,704,1852.2,过库存,29
2024-02-08,VEN-002,VEN,451,1781,445,59414.16,过库存,13
2024-02-08,DRH-029,DRH,64,1925,186,36671.25,正常,22
2024-02-08,DRH-005,DRH,498,885,368,22797.6,正常,10
2024-02-08,CUP-006,CUP,156,1683,295,31960.17,过库存,11
2024-02-08,LFR-003,LFR,57,199,641,5299.37,正常,15
2024-02-08,LFR-016,LFR,293,754,316,12674.74,正常,28
2024-02-08,TLM-006,TLM,116,507,578,3462.81,过库存,17
2024-02-08,LRB-011,LRB,259,1464,292,7759.2,过库存,28
2024-02-08,HND-019,HND,240,899,704,19310.52,过库存,4
2024-02-08,BUM-007,BUM,129,1493,118,15139.02,低库存预警,6
2024-02-08,WLC-020,WLC,376,903,324,10646.37,正常,13
2024-02-08,CUP-013,CUP,66,1147,577,22251.8,正常,24
2024-02-08,CUP-028,CUP,233,125,751,1523.75,正常,20
2024-02-08,BUM-006,BUM,200,1162,569,26574.94,过库存,4
2024-02-08,CUP-018,CUP,441,542,274,10010.74,正常,28
2024-02-08,CUP-015,CUP,108,1750,494,53322.5,正常,14
2024-02-08,VEN-010,VEN,180,433,315,5672.3,正常,24
2024-02-08,DRH-022,DRH,379,702,133,8557.38,正常,4
2024-02-08,BUM-002,BUM,176,1393,429,30186.31,正常,6
2024-02-08,BUM-027,BUM,496,13,629,110.11,过库存,20
2024-02-08,TLP-017,TLP,97,965,318,27917.45,正常,17
2024-02-08,LFR-010,LFR,274,1404,645,29315.52,正常,23
2024-02-08,TLM-002,TLM,480,693,107,3444.21,正常,29
2024-02-08,LFR-007,LFR,63,319,239,1110.12,正常,5
2024-02-08,HND-028,HND,121,443,537,4292.67,正常,2
2024-02-08,TLP-015,TLP,5,1938,144,39050.7,正常,14
2024-02-08,DRH-007,DRH,118,969,709,8507.82,正常,23
2024-02-08,TLM-028,TLM,185,504,173,16637.04,低库存预警,12
2024-02-08,BUM-015,BUM,274,406,285,4636.52,正常,2
2024-02-08,HND-008,HND,341,591,168,14644.98,正常,6
2024-02-08,WLC-016,WLC,328,514,689,15928.86,正常,24
2024-02-08,LFR-008,LFR,468,1919,669,38034.58,正常,22
2024-02-08,VEN-029,VEN,489,350,207,4056.5,过库存,4
2024-02-08,LFR-013,LFR,327,969,344,11114.43,正常,2
2024-02-08,TLP-013,TLP,132,1294,291,3002.08,正常,9
2024-02-08,TLP-009,TLP,53,1961,243,50123.16,正常,27
2024-02-08,DUO-007,DUO,5,691,408,8388.74,正常,30
2024-02-08,LFR-019,LFR,489,359,670,5995.3,正常,24
2024-02-08,HND-018,HND,274,1830,753,4300.5,过库存,11
2024-02-08,WLC-010,WLC,483,49,339,1233.33,正常,11
2024-02-08,TLP-012,TLP,2,1416,247,30231.6,低库存预警,17
2024-02-09,HND-012,HND,22,1239,508,5302.92,正常,10
2024-02-09,CUP-001,CUP,380,1207,509,7966.2,正常,2
2024-02-09,DRH-025,DRH,349,1921,202,20189.71,低库存预警,23
2024-02-09,DRH-027,DRH,378,505,788,12599.75,过库存,8
2024-02-09,HND-022,HND,480,452,248,14577.0,正常,28
2024-02-09,VEN-007,VEN,186,133,281,2021.6,过库存,14
2024-02-09,VEN-016,VEN,315,107,396,3572.73,正常,28
2024-02-09,LFR-007,LFR,405,1172,676,4078.56,低库存预警,23
2024-02-09,DUO-015,DUO,185,1706,576,35348.32,过库存,15
2024-02-09,TLM-003,TLM,30,183,317,1485.96,低库存预警,7
2024-02-09,VEN-024,VEN,476,1831,584,24718.5,低库存预警,23
2024-02-09,CUP-005,CUP,492,1884,389,61945.92,过库存,4
2024-02-09,WLC-011,WLC,466,523,746,8551.05,正常,2
2024-02-09,WLC-017,WLC,275,1487,210,3836.46,过库存,4
2024-02-09,CUP-017,CUP,387,1311,596,16243.29,过库存,21
2024-02-09,BUM-028,BUM,131,1168,515,36464.96,正常,2
2024-02-09,WLC-009,WLC,129,926,293,28641.18,低库存预警,9
2024-02-09,LFR-015,LFR,377,910,100,4431.7,过库存,19
2024-02-09,CUP-026,CUP,72,927,444,10781.01,正常,22
2024-02-09,BUM-007,BUM,225,1697,497,17207.58,正常,20
2024-02-09,DRH-005,DRH,72,1168,105,30087.68,正常,29
2024-02-09,TLP-009,TLP,26,77,467,1968.12,低库存预警,29
2024-02-09,DRH-023,DRH,143,717,708,5893.74,正常,5
2024-02-09,WLC-005,WLC,411,496,245,1904.64,过库存,4
2024-02-09,LRB-019,LRB,422,519,354,17573.34,正常,18
2024-02-09,CUP-023,CUP,222,1221,165,15482.28,低库存预警,5
2024-02-09,HND-010,HND,251,143,733,4623.19,低库存预警,30
2024-02-09,CUP-008,CUP,352,746,123,1566.6,低库存预警,10
2024-02-09,HND-008,HND,201,1041,412,25795.98,正常,28
2024-02-09,LRB-012,LRB,228,974,490,4022.62,过库存,29
2024-02-09,BUM-002,BUM,156,296,686,6414.32,正常,6
2024-02-09,BUM-023,BUM,153,130,540,807.3,正常,0
2024-02-09,HND-023,HND,53,1950,291,18388.5,过库存,29
2024-02-09,DUO-022,DUO,342,697,171,2676.48,正常,30
2024-02-09,HND-020,HND,42,1459,590,14371.15,低库存预警,5
2024-02-09,CUP-016,CUP,306,506,109,7645.66,低库存预警,19
2024-02-09,HND-026,HND,423,238,145,7047.18,正常,27
2024-02-09,BUM-020,BUM,150,1320,767,44866.8,正常,29
2024-02-09,VEN-004,VEN,295,355,639,11487.8,正常,12
2024-02-09,TLM-024,TLM,241,482,458,7837.32,低库存预警,29
2024-02-09,DUO-025,DUO,134,1028,179,12510.76,正常,17
2024-02-09,WLC-019,WLC,424,1102,429,21687.36,正常,21
2024-02-09,DUO-003,DUO,369,520,601,826.8,正常,0
2024-02-09,TLM-005,TLM,382,296,480,6322.56,过库存,1
2024-02-09,VEN-019,VEN,189,443,267,7686.05,正常,3
2024-02-09,HND-013,HND,375,286,137,4799.08,正常,21
2024-02-09,LFR-020,LFR,380,1434,416,44568.72,过库存,16
2024-02-09,TLP-001,TLP,237,262,763,2014.78,正常,21
2024-02-09,BUM-024,BUM,404,1992,529,55278.0,低库存预警,5
2024-02-09,CUP-024,CUP,306,133,324,246.05,过库存,21
2024-02-09,LFR-002,LFR,57,1948,665,21116.32,正常,7
2024-02-09,BUM-017,BUM,287,997,152,5842.42,过库存,18
2024-02-09,CUP-006,CUP,458,1234,629,23433.66,正常,19
2024-02-09,LRB-010,LRB,267,1194,789,14077.26,过库存,5
2024-02-09,LRB-016,LRB,127,739,714,17573.42,正常,19
2024-02-09,CUP-022,CUP,272,283,456,4295.94,低库存预警,19
2024-02-09,VEN-013,VEN,227,733,126,22818.29,正常,11
2024-02-09,DUO-006,DUO,262,1675,317,55358.75,正常,8
2024-02-09,HND-005,HND,453,1666,486,46231.5,正常,23
2024-02-09,CUP-027,CUP,338,732,258,14676.6,正常,20
2024-02-10,TLP-004,TLP,477,1036,172,8806.0,正常,26
2024-02-10,DUO-015,DUO,485,350,593,7252.0,正常,23
2024-02-10,HND-013,HND,177,1287,543,21595.86,正常,3
2024-02-10,CUP-026,CUP,426,1695,761,19712.85,低库存预警,25
2024-02-10,LRB-013,LRB,482,377,479,12953.72,正常,22
2024-02-10,DRH-020,DRH,335,1929,724,58525.86,正常,14
2024-02-10,WLC-015,WLC,289,1837,767,39642.46,正常,1
2024-02-10,HND-023,HND,213,720,146,6789.6,过库存,16
2024-02-10,DRH-018,DRH,430,79,727,1621.08,正常,10
2024-02-10,HND-025,HND,132,773,165,7065.22,过库存,14
2024-02-10,TLP-024,TLP,383,891,318,3118.5,正常,24
2024-02-10,CUP-029,CUP,379,266,153,598.5,低库存预警,16
2024-02-10,BUM-012,BUM,70,1237,585,32632.06,正常,11
2024-02-10,CUP-010,CUP,250,787,451,22594.77,正常,30
2024-02-10,DUO-002,DUO,464,469,219,8015.21,过库存,30
2024-02-10,WLC-006,WLC,377,1191,123,14184.81,低库存预警,23
2024-02-10,TLM-008,TLM,299,1715,351,39942.35,低库存预警,5
2024-02-10,WLC-004,WLC,338,1865,213,12290.35,正常,10
2024-02-10,DUO-014,DUO,413,881,293,10210.79,正常,19
2024-02-10,DRH-014,DRH,146,251,217,1900.07,过库存,10
2024-02-10,BUM-015,BUM,193,439,158,5013.38,低库存预警,22
2024-02-10,BUM-003,BUM,371,649,128,11461.34,正常,11
2024-02-10,CUP-019,CUP,302,643,261,11188.2,正常,0
2024-02-10,WLC-003,WLC,180,1244,399,9031.44,正常,22
2024-02-10,CUP-018,CUP,98,1508,438,27852.76,过库存,12
2024-02-10,DRH-003,DRH,485,1748,150,16273.88,过库存,5
2024-02-10,HND-014,HND,118,1013,589,22974.84,正常,21
2024-02-10,DUO-022,DUO,331,309,493,1186.56,正常,24
2024-02-10,TLP-022,TLP,227,1616,700,38072.96,正常,4
2024-02-10,LRB-017,LRB,438,979,412,24915.55,正常,15
2024-02-10,DRH-017,DRH,93,1090,145,5635.3,正常,18
2024-02-10,TLP-007,TLP,467,1432,355,16668.48,低库存预警,15
2024-02-10,LRB-002,LRB,179,484,783,12482.36,正常,20
2024-02-10,TLM-012,TLM,189,55,571,1625.8,低库存预警,12
2024-02-10,LFR-019,LFR,185,1572,743,26252.4,正常,3
2024-02-10,CUP-024,CUP,281,1387,380,2565.95,过库存,27
2024-02-10,TLM-025,TLM,173,630,688,8492.4,正常,30
2024-02-10,DRH-004,DRH,14,1404,673,21031.92,正常,19
2024-02-10,LFR-001,LFR,451,557,528,2216.86,正常,23
2024-02-10,LRB-012,LRB,301,914,569,3774.82,正常,23
2024-02-10,TLM-027,TLM,9,1677,520,25339.47,低库存预警,2
2024-02-10,DUO-016,DUO,24,203,322,4610.13,正常,19
2024-02-10,HND-010,HND,130,1784,505,57676.72,正常,26
2024-02-10,WLC-001,WLC,446,167,277,3082.82,低库存预警,15
2024-02-10,BUM-022,BUM,279,452,419,7137.08,过库存,22
2024-02-10,DRH-013,DRH,388,1919,540,15754.99,正常,14
2024-02-10,WLC-011,WLC,4,1104,597,18050.4,正常,3
2024-02-10,BUM-016,BUM,498,1177,427,10334.06,过库存,7
2024-02-10,HND-015,HND,480,269,670,3731.03,正常,9
2024-02-10,CUP-011,CUP,101,1940,372,57113.6,过库存,12
2024-02-10,LFR-008,LFR,318,513,407,10167.66,过库存,19
2024-02-10,VEN-030,VEN,384,1906,152,22071.48,过库存,3
2024-02-10,LRB-010,LRB,122,1404,102,16553.16,过库存,14
2024-02-10,DUO-001,DUO,273,1485,152,27130.95,过库存,3
2024-02-10,CUP-004,CUP,186,1775,501,60651.75,正常,7
2024-02-10,TLP-011,TLP,40,901,620,30877.27,正常,25
2024-02-10,HND-027,HND,258,1700,380,42160.0,正常,30
2024-02-10,BUM-001,BUM,276,1394,145,7234.86,过库存,16
2024-02-10,VEN-023,VEN,272,357,178,2706.06,正常,26
2024-02-10,DRH-012,DRH,371,1655,674,40580.6,正常,18
2024-02-11,BUM-020,BUM,254,64,179,2175.36,正常,15
2024-02-11,VEN-022,VEN,304,1775,366,59551.25,正常,0
2024-02-11,TLM-003,TLM,130,1696,445,13771.52,低库存预警,17
2024-02-11,TLM-006,TLM,237,1735,661,11850.05,正常,8
2024-02-11,DRH-016,DRH,397,1928,159,37538.16,低库存预警,6
2024-02-11,HND-011,HND,348,1344,432,15254.4,正常,19
2024-02-11,HND-025,HND,445,36,459,329.04,过库存,25
2024-02-11,LFR-009,LFR,27,1652,183,27158.88,正常,27
2024-02-11,TLM-018,TLM,145,576,136,17066.88,低库存预警,30
2024-02-11,DRH-028,DRH,22,517,267,13612.61,低库存预警,26
2024-02-11,BUM-002,BUM,304,309,164,6696.03,过库存,0
2024-02-11,LRB-018,LRB,482,1363,249,14774.92,正常,9
2024-02-11,VEN-016,VEN,81,142,109,4741.38,过库存,18
2024-02-11,HND-019,HND,175,407,416,8742.36,正常,21
2024-02-11,TLM-009,TLM,258,1039,751,21361.84,正常,14
2024-02-11,CUP-020,CUP,42,1142,433,6463.72,过库存,18
2024-02-11,DRH-003,DRH,410,777,186,7233.87,正常,10
2024-02-11,HND-009,HND,134,733,237,22327.18,正常,28
2024-02-11,LFR-022,LFR,336,1490,345,51941.4,过库存,15
2024-02-11,LFR-016,LFR,20,725,423,12187.25,正常,17
2024-02-11,HND-024,HND,251,1567,509,32797.31,正常,9
2024-02-11,WLC-016,WLC,360,1860,410,57641.4,正常,21
2024-02-11,WLC-022,WLC,321,1462,763,49108.58,过库存,19
2024-02-11,DUO-024,DUO,188,981,392,9662.85,正常,30
2024-02-11,LRB-004,LRB,499,1747,738,22850.76,正常,30
2024-02-11,DRH-024,DRH,265,1306,166,10382.7,正常,7
2024-02-11,DUO-012,DUO,144,1729,190,19762.47,正常,28
2024-02-11,DRH-001,DRH,226,553,135,16551.29,低库存预警,13
2024-02-11,DRH-023,DRH,333,1702,236,13990.44,正常,15
2024-02-11,CUP-023,CUP,327,1500,245,19020.0,正常,23
2024-02-11,DUO-015,DUO,345,1531,599,31722.32,过库存,3
2024-02-11,TLM-024,TLM,314,299,543,4861.74,正常,2
2024-02-11,LRB-016,LRB,0,412,651,9797.36,过库存,7
2024-02-11,LRB-009,LRB,29,1562,324,42236.48,正常,1
2024-02-11,TLM-004,TLM,488,72,652,2336.4,正常,5
2024-02-11,HND-017,HND,204,1655,406,36376.9,正常,7
2024-02-11,VEN-001,VEN,437,627,659,2194.5,低库存预警,18
2024-02-11,CUP-017,CUP,176,858,649,10630.62,过库存,1
2024-02-11,BUM-025,BUM,444,751,153,16912.52,正常,26
2024-02-11,BUM-018,BUM,451,649,448,10669.56,正常,17
2024-02-11,TLM-023,TLM,469,443,123,13626.68,正常,16
2024-02-11,VEN-014,VEN,125,240,270,1704.0,过库存,25
2024-02-11,TLM-012,TLM,362,369,737,10907.64,正常,5
2024-02-11,HND-020,HND,203,1820,247,17927.0,正常,13
2024-02-11,TLP-010,TLP,64,1990,436,9333.1,正常,19
2024-02-11,BUM-007,BUM,150,1427,296,14469.78,正常,14
2024-02-11,DRH-009,DRH,499,117,242,1513.98,低库存预警,24
2024-02-11,TLP-025,TLP,315,1903,542,5842.21,正常,3
2024-02-11,WLC-018,WLC,109,1608,562,52292.16,正常,27
2024-02-11,TLM-015,TLM,379,1443,637,10750.35,正常,24
2024-02-11,TLM-001,TLM,445,1180,140,8059.4,低库存预警,11
2024-02-11,TLP-020,TLP,301,1602,532,2787.48,过库存,21
2024-02-11,LRB-008,LRB,249,991,435,31087.67,正常,14
2024-02-11,WLC-010,WLC,88,171,705,4304.07,低库存预警,0
2024-02-11,DUO-014,DUO,175,619,412,7174.21,正常,6
2024-02-11,DRH-012,DRH,53,188,351,4609.76,正常,0
2024-02-11,DUO-010,DUO,422,1654,215,25206.96,正常,26
2024-02-11,LRB-021,LRB,333,331,526,3611.21,正常,18
2024-02-11,LFR-008,LFR,447,1031,348,20434.42,正常,12
2024-02-11,CUP-013,CUP,79,758,184,14705.2,正常,11
2024-02-12,BUM-028,BUM,487,1293,144,40367.46,过库存,29
2024-02-12,CUP-008,CUP,4,1710,636,3591.0,正常,9
2024-02-12,VEN-024,VEN,147,20,200,270.0,正常,29
2024-02-12,TLM-020,TLM,434,210,219,6619.2,正常,6
2024-02-12,LFR-006,LFR,384,1381,348,10385.12,过库存,0
2024-02-12,VEN-027,VEN,99,1420,295,12751.6,正常,4
2024-02-12,HND-003,HND,246,1368,301,14706.0,正常,1
2024-02-12,DRH-025,DRH,237,804,418,8450.04,正常,10
2024-02-12,WLC-016,WLC,150,769,717,23831.31,正常,13
2024-02-12,LRB-011,LRB,262,852,492,4515.6,正常,18
2024-02-12,VEN-018,VEN,154,1869,197,11587.8,正常,29
2024-02-12,DUO-015,DUO,169,1912,359,39616.64,正常,27
2024-02-12,WLC-022,WLC,96,392,584,13167.28,正常,2
2024-02-12,VEN-025,VEN,83,895,450,12145.15,正常,19
2024-02-12,TLM-005,TLM,196,1391,421,29711.76,正常,10
2024-02-12,BUM-007,BUM,218,1724,197,17481.36,正常,8
2024-02-12,VEN-016,VEN,404,1093,202,36495.27,低库存预警,16
2024-02-12,DUO-022,DUO,310,1598,631,6136.32,正常,17
2024-02-12,TLM-004,TLM,14,1826,119,59253.7,正常,22
2024-02-12,CUP-006,CUP,456,412,189,7823.88,低库存预警,2
2024-02-12,CUP-010,CUP,186,1468,124,42146.28,正常,17
2024-02-12,WLC-002,WLC,324,1234,164,31861.88,正常,12
2024-02-12,TLM-008,TLM,363,50,787,1164.5,过库存,29
2024-02-12,DUO-009,DUO,448,1595,710,33447.15,过库存,25
2024-02-12,TLP-015,TLP,495,473,518,9530.95,低库存预警,1
2024-02-12,LFR-002,LFR,354,1868,588,20249.12,正常,17
2024-02-12,LFR-010,LFR,222,479,702,10001.52,正常,0
2024-02-12,TLM-023,TLM,112,274,440,8428.24,过库存,4
2024-02-12,BUM-001,BUM,390,1809,380,9388.71,正常,18
2024-02-12,DRH-019,DRH,426,873,368,16805.25,过库存,25
2024-02-12,DRH-014,DRH,115,140,773,1059.8,正常,12
2024-02-12,BUM-021,BUM,273,1613,654,36679.62,正常,18
2024-02-12,CUP-005,CUP,207,1882,586,61880.16,低库存预警,7
2024-02-12,DRH-027,DRH,146,87,407,2170.65,低库存预警,19
2024-02-12,DRH-010,DRH,491,1802,477,11821.12,正常,7
2024-02-12,TLM-017,TLM,405,427,572,5683.37,低库存预警,12
2024-02-12,LRB-020,LRB,262,1139,616,24909.93,过库存,27
2024-02-12,DRH-007,DRH,103,458,172,4021.24,正常,27
2024-02-12,TLP-003,TLP,441,1839,419,27768.9,正常,2
2024-02-12,TLP-010,TLP,309,1602,684,7513.38,正常,21
2024-02-12,VEN-009,VEN,344,1096,266,9973.6,低库存预警,9
2024-02-12,BUM-025,BUM,68,1564,217,35221.28,正常,29
2024-02-12,HND-008,HND,282,464,787,11497.92,正常,3
2024-02-12,TLM-021,TLM,487,1166,117,8010.42,正常,26
2024-02-12,TLM-022,TLM,346,573,168,2406.6,正常,21
2024-02-12,LRB-018,LRB,35,566,256,6135.44,正常,4
2024-02-12,DRH-004,DRH,58,892,299,13362.16,正常,6
2024-02-12,CUP-002,CUP,346,1563,197,7502.4,过库存,3
2024-02-12,CUP-025,CUP,41,998,646,32534.8,正常,11
2024-02-12,HND-005,HND,467,118,755,3274.5,过库存,12
2024-02-12,LFR-022,LFR,42,1808,434,63026.88,正常,22
2024-02-12,LRB-002,LRB,185,1021,514,26331.59,低库存预警,1
2024-02-12,BUM-016,BUM,165,1740,312,15277.2,正常,8
2024-02-12,WLC-008,WLC,133,55,779,932.25,正常,6
2024-02-12,DRH-012,DRH,166,133,129,3261.16,过库存,29
2024-02-12,TLM-007,TLM,293,1281,500,4265.73,正常,28
2024-02-12,TLP-024,TLP,249,173,414,605.5,正常,0
2024-02-12,DUO-018,DUO,416,1959,412,5015.04,正常,13
2024-02-12,DUO-017,DUO,136,1018,176,13722.64,正常,8
2024-02-12,VEN-006,VEN,109,610,379,8515.6,正常,2
2024-02-13,VEN-030,VEN,425,653,536,7561.74,低库存预警,28
2024-02-13,WLC-022,WLC,234,1837,203,61704.83,过库存,24
2024-02-13,TLP-016,TLP,310,605,185,15627.15,正常,7
2024-02-13,HND-027,HND,44,1207,669,29933.6,正常,20
2024-02-13,DUO-001,DUO,101,451,255,8239.77,过库存,17
2024-02-13,LFR-011,LFR,12,1010,426,19967.7,正常,6
2024-02-13,HND-023,HND,51,1738,204,16389.34,正常,12
2024-02-13,TLM-014,TLM,63,1999,237,43098.44,正常,13
2024-02-13,LRB-013,LRB,315,416,216,14293.76,正常,1
2024-02-13,DRH-016,DRH,59,209,435,4069.23,过库存,25
2024-02-13,VEN-023,VEN,100,1852,775,14038.16,低库存预警,29
2024-02-13,BUM-015,BUM,288,83,142,947.86,正常,25
2024-02-13,HND-010,HND,102,329,107,10636.57,正常,27
2024-02-13,CUP-017,CUP,231,875,255,10841.25,正常,10
2024-02-13,VEN-008,VEN,359,1828,331,60726.16,正常,16
2024-02-13,DRH-026,DRH,55,763,210,2281.37,过库存,12
2024-02-13,DUO-013,DUO,273,518,113,1838.9,低库存预警,18
2024-02-13,WLC-012,WLC,437,1939,394,23035.32,低库存预警,27
2024-02-13,TLM-004,TLM,474,1979,363,64218.55,正常,16
2024-02-13,TLP-014,TLP,428,301,540,9779.49,低库存预警,6
2024-02-13,WLC-020,WLC,185,1692,494,19948.68,正常,26
2024-02-13,WLC-009,WLC,148,1402,425,43363.86,过库存,4
2024-02-13,LRB-012,LRB,196,51,518,210.63,正常,21
2024-02-13,TLM-003,TLM,356,701,756,5692.12,正常,12
2024-02-13,VEN-016,VEN,410,1187,210,39633.93,正常,12
2024-02-13,CUP-024,CUP,407,493,108,912.05,正常,24
2024-02-13,VEN-024,VEN,230,1505,294,20317.5,正常,11
2024-02-13,TLM-006,TLM,194,1944,110,13277.52,正常,1
2024-02-13,LFR-022,LFR,470,314,106,10946.04,低库存预警,27
2024-02-13,VEN-012,VEN,284,582,137,8700.9,正常,26
2024-02-13,TLM-028,TLM,391,1588,542,52419.88,过库存,16
2024-02-13,BUM-023,BUM,137,1536,586,9538.56,低库存预警,8
2024-02-13,CUP-030,CUP,139,107,525,2737.06,正常,19
2024-02-13,BUM-012,BUM,86,28,442,738.64,正常,8
2024-02-13,CUP-001,CUP,223,1368,631,9028.8,正常,15
2024-02-13,LFR-016,LFR,483,1164,364,19566.84,低库存预警,11
2024-02-13,DUO-011,DUO,310,592,421,3463.2,正常,4
2024-02-13,CUP-004,CUP,241,588,358,20091.96,正常,11
2024-02-13,LRB-002,LRB,238,1482,132,38220.78,正常,1
2024-02-13,LRB-005,LRB,370,330,356,8101.5,过库存,13
2024-02-13,BUM-020,BUM,350,107,519,3636.93,正常,30
2024-02-13,CUP-002,CUP,443,1680,343,8064.0,正常,12
2024-02-13,TLM-015,TLM,194,880,258,6556.0,正常,2
2024-02-13,DUO-025,DUO,30,1035,194,12595.95,正常,18
2024-02-13,HND-005,HND,10,99,396,2747.25,正常,20
2024-02-13,DRH-029,DRH,335,1766,104,33642.3,过库存,6
2024-02-13,VEN-002,VEN,185,1756,461,58580.16,正常,29
2024-02-13,DRH-019,DRH,198,1269,177,24428.25,正常,26
2024-02-13,HND-003,HND,258,1436,563,15437.0,低库存预警,3
2024-02-13,DRH-012,DRH,318,1780,212,43645.6,正常,26
2024-02-13,TLP-005,TLP,264,1671,499,9608.25,正常,27
2024-02-13,CUP-010,CUP,331,1260,146,36174.6,正常,10
2024-02-13,TLP-022,TLP,320,1590,525,37460.4,正常,30
2024-02-13,HND-001,HND,318,1786,295,11876.9,低库存预警,7
2024-02-13,BUM-019,BUM,28,925,721,17269.75,正常,21
2024-02-13,DRH-018,DRH,443,310,757,6361.2,低库存预警,27
2024-02-13,DRH-002,DRH,244,640,370,6009.6,正常,22
2024-02-13,BUM-021,BUM,414,1310,513,29789.4,低库存预警,10
2024-02-13,WLC-016,WLC,385,1196,678,37064.04,正常,21
2024-02-13,VEN-026,VEN,421,648,757,13750.56,正常,27
2024-02-14,DRH-028,DRH,361,1257,442,33096.81,正常,12
2024-02-14,DRH-030,DRH,265,1603,521,8640.17,正常,22
2024-02-14,CUP-024,CUP,368,140,364,259.0,低库存预警,28
2024-02-14,LRB-001,LRB,460,861,447,10857.21,正常,25
2024-02-14,VEN-007,VEN,349,1075,511,16340.0,正常,6
2024-02-14,DUO-023,DUO,254,755,655,24658.3,正常,15
2024-02-14,LFR-017,LFR,263,1533,357,37052.61,正常,13
2024-02-14,WLC-011,WLC,107,127,562,2076.45,正常,12
2024-02-14,LFR-012,LFR,72,1408,162,25104.64,过库存,4
2024-02-14,WLC-017,WLC,21,721,286,1860.18,过库存,24
2024-02-14,TLP-007,TLP,0,993,631,11558.52,低库存预警,21
2024-02-14,DRH-012,DRH,130,1431,600,35088.12,低库存预警,11
2024-02-14,BUM-005,BUM,421,1487,581,24550.37,过库存,29
2024-02-14,TLP-019,TLP,349,566,764,1426.32,过库存,6
2024-02-14,TLM-025,TLM,315,1595,654,21500.6,过库存,14
2024-02-14,TLM-006,TLM,393,890,364,6078.7,过库存,3
2024-02-14,TLP-021,TLP,342,1672,578,14512.96,低库存预警,18
2024-02-14,BUM-006,BUM,343,209,429,4779.83,正常,16
2024-02-14,CUP-030,CUP,391,1423,431,36400.34,正常,28
2024-02-14,TLP-024,TLP,470,897,407,3139.5,过库存,17
2024-02-14,HND-024,HND,159,787,398,16471.91,正常,3
2024-02-14,TLM-020,TLM,89,1987,463,62630.24,过库存,18
2024-02-14,HND-027,HND,481,76,563,1884.8,正常,12
2024-02-14,CUP-022,CUP,213,1677,183,25456.86,低库存预警,4
2024-02-14,BUM-023,BUM,191,502,588,3117.42,正常,12
2024-02-14,LRB-018,LRB,233,866,417,9387.44,过库存,14
2024-02-14,DUO-019,DUO,383,320,676,4678.4,正常,24
2024-02-14,WLC-002,WLC,343,1902,316,49109.64,低库存预警,13
2024-02-14,LRB-016,LRB,130,916,591,21782.48,正常,5
2024-02-14,LRB-017,LRB,410,1777,688,45224.65,正常,28
2024-02-14,TLM-014,TLM,216,612,645,13194.72,正常,27
2024-02-14,BUM-017,BUM,72,610,465,3574.6,低库存预警,9
2024-02-14,CUP-011,CUP,360,70,473,2060.8,正常,8
2024-02-14,LFR-007,LFR,112,811,303,2822.28,正常,6
2024-02-14,VEN-026,VEN,54,1389,575,29474.58,正常,28
2024-02-14,DRH-025,DRH,124,1205,434,12664.55,过库存,27
2024-02-14,LRB-014,LRB,409,928,291,17594.88,低库存预警,19
2024-02-14,HND-025,HND,368,485,354,4432.9,低库存预警,16
2024-02-14,CUP-025,CUP,150,1529,400,49845.4,正常,0
2024-02-14,TLM-021,TLM,233,395,633,2713.65,正常,23
2024-02-14,DRH-005,DRH,180,311,197,8011.36,正常,11
2024-02-14,VEN-027,VEN,227,1223,582,10982.54,正常,26
2024-02-14,CUP-019,CUP,495,801,729,13937.4,低库存预警,28
2024-02-14,TLP-004,TLP,466,1543,208,13115.5,过库存,14
2024-02-14,HND-013,HND,329,313,321,5252.14,正常,13
2024-02-14,BUM-004,BUM,198,789,592,25508.37,正常,16
2024-02-14,LRB-006,LRB,437,1924,708,65762.32,过库存,28
2024-02-14,DUO-021,DUO,303,822,532,7759.68,正常,13
2024-02-14,DRH-029,DRH,34,1544,620,29413.2,过库存,19
2024-02-14,HND-010,HND,346,776,733,25088.08,过库存,8
2024-02-14,LFR-002,LFR,348,1338,693,14503.92,正常,12
2024-02-14,DRH-023,DRH,463,1220,163,10028.4,正常,0
2024-02-14,VEN-001,VEN,326,615,496,2152.5,正常,3
2024-02-14,BUM-011,BUM,448,565,117,16204.2,过库存,3
2024-02-14,BUM-026,BUM,474,890,540,9861.2,正常,3
2024-02-14,LFR-006,LFR,479,1516,487,11400.32,低库存预警,22
2024-02-14,HND-015,HND,322,1462,452,20277.94,正常,21
2024-02-14,LRB-015,LRB,53,1629,556,34437.06,正常,13
2024-02-14,LFR-003,LFR,134,423,332,11264.49,正常,1
2024-02-14,DRH-003,DRH,171,1864,357,17353.84,过库存,20
2024-02-15,TLP-008,TLP,142,1710,744,40903.2,正常,15
2024-02-15,CUP-023,CUP,356,633,420,8026.44,正常,16
2024-02-15,HND-026,HND,92,1255,157,37160.55,正常,9
2024-02-15,DRH-017,DRH,409,543,110,2807.31,正常,19
2024-02-15,TLM-019,TLM,87,639,706,18844.11,低库存预警,3
2024-02-15,TLP-003,TLP,47,1733,799,26168.3,正常,0
2024-02-15,BUM-021,BUM,3,1929,318,43865.46,正常,3
2024-02-15,CUP-004,CUP,389,273,548,9328.41,正常,21
2024-02-15,CUP-026,CUP,62,986,411,11467.18,正常,8
2024-02-15,TLM-002,TLM,241,372,355,1848.84,过库存,3
2024-02-15,CUP-002,CUP,118,1573,690,7550.4,正常,30
2024-02-15,DUO-023,DUO,447,578,498,18877.48,正常,19
2024-02-15,LRB-013,LRB,290,691,438,23742.76,正常,21
2024-02-15,BUM-027,BUM,378,1304,692,11044.88,正常,29
2024-02-15,DUO-011,DUO,427,256,550,1497.6,过库存,8
2024-02-15,BUM-012,BUM,357,204,368,5381.52,正常,18
2024-02-15,WLC-002,WLC,37,146,325,3769.72,低库存预警,11
2024-02-15,LRB-005,LRB,439,776,327,19050.8,正常,6
2024-02-15,DRH-029,DRH,33,1990,727,37909.5,过库存,11
2024-02-15,LFR-015,LFR,243,1468,772,7149.16,正常,15
2024-02-15,HND-006,HND,298,1477,121,17443.37,低库存预警,15
2024-02-15,DRH-005,DRH,359,841,185,21664.16,正常,14
2024-02-15,TLM-012,TLM,54,994,690,29382.64,低库存预警,17
2024-02-15,CUP-015,CUP,36,1627,702,49574.69,过库存,20
2024-02-15,HND-019,HND,6,918,794,19718.64,正常,26
2024-02-15,WLC-004,WLC,7,421,224,2774.39,正常,5
2024-02-15,WLC-024,WLC,68,1875,277,12656.25,正常,29
2024-02-15,WLC-025,WLC,261,1791,337,47640.6,正常,4
2024-02-15,HND-014,HND,56,242,349,5488.56,正常,14
2024-02-15,VEN-006,VEN,234,1193,774,16654.28,正常,0
2024-02-15,TLP-010,TLP,440,788,427,3695.72,过库存,4
2024-02-15,LFR-022,LFR,27,652,558,22728.72,正常,18
2024-02-15,BUM-001,BUM,10,514,492,2667.66,正常,30
2024-02-15,DUO-006,DUO,147,1582,765,52285.1,低库存预警,5
2024-02-15,WLC-012,WLC,432,146,702,1734.48,低库存预警,30
2024-02-15,DUO-004,DUO,350,926,499,19371.92,低库存预警,3
2024-02-15,WLC-009,WLC,398,665,589,20568.45,正常,11
2024-02-15,CUP-006,CUP,154,1906,235,36194.94,正常,18
2024-02-15,LRB-022,LRB,291,1670,510,29458.8,过库存,13
2024-02-15,LFR-017,LFR,377,1166,708,28182.22,正常,14
2024-02-15,LRB-008,LRB,180,104,308,3262.48,过库存,6
2024-02-15,TLM-011,TLM,236,1415,724,48647.7,正常,8
2024-02-15,TLP-007,TLP,412,1620,753,18856.8,正常,7
2024-02-15,VEN-002,VEN,106,1562,114,52108.32,正常,29
2024-02-15,WLC-006,WLC,102,1810,548,21557.1,正常,22
2024-02-15,VEN-013,VEN,419,1821,346,56687.73,正常,2
2024-02-15,TLP-025,TLP,83,1702,533,5225.14,过库存,15
2024-02-15,CUP-030,CUP,292,1534,253,39239.72,过库存,14
2024-02-15,VEN-004,VEN,141,1352,793,43750.72,正常,3
2024-02-15,LFR-009,LFR,205,1668,445,27421.92,正常,15
2024-02-15,DUO-021,DUO,473,1556,428,14688.64,正常,22
2024-02-15,BUM-016,BUM,105,236,144,2072.08,过库存,29
2024-02-15,TLP-018,TLP,31,41,551,731.85,正常,20
2024-02-15,VEN-003,VEN,261,1793,718,52660.41,正常,4
2024-02-15,BUM-006,BUM,443,216,291,4939.92,过库存,25
2024-02-15,WLC-014,WLC,414,1323,769,11430.72,低库存预警,30
2024-02-15,WLC-018,WLC,412,199,381,6471.48,正常,4
2024-02-15,VEN-027,VEN,445,834,648,7489.32,正常,25
2024-02-15,TLP-013,TLP,186,75,463,174.0,正常,6
2024-02-15,LFR-006,LFR,227,737,112,5542.24,正常,2
2024-02-16,CUP-026,CUP,192,1717,725,19968.71,过库存,12
2024-02-16,LRB-004,LRB,448,835,670,10921.8,正常,0
2024-02-16,BUM-027,BUM,57,1801,482,15254.47,正常,17
2024-02-16,BUM-017,BUM,218,1462,202,8567.32,正常,8
2024-02-16,CUP-005,CUP,145,1400,448,46032.0,低库存预警,22
2024-02-16,VEN-011,VEN,321,1089,429,35185.59,正常,28
2024-02-16,TLM-022,TLM,361,1197,553,5027.4,正常,29
2024-02-16,BUM-018,BUM,469,1525,684,25071.0,正常,11
2024-02-16,DUO-003,DUO,91,514,663,817.26,正常,30
2024-02-16,DRH-010,DRH,376,84,480,551.04,正常,18
2024-02-16,TLP-018,TLP,40,1076,762,19206.6,低库存预警,21
2024-02-16,HND-015,HND,205,384,551,5326.08,过库存,28
2024-02-16,VEN-017,VEN,389,1928,193,43688.48,正常,21
2024-02-16,DRH-014,DRH,386,415,231,3141.55,正常,10
2024-02-16,LRB-013,LRB,84,1505,304,51711.8,正常,12
2024-02-16,BUM-010,BUM,172,201,753,6293.31,正常,30
2024-02-16,TLP-013,TLP,436,468,439,1085.76,正常,4
2024-02-16,CUP-008,CUP,92,121,122,254.1,正常,1
2024-02-16,DUO-004,DUO,475,1368,476,28618.56,低库存预警,0
2024-02-16,DRH-004,DRH,267,1080,570,16178.4,低库存预警,2
2024-02-16,BUM-013,BUM,294,931,104,5446.35,正常,27
2024-02-16,LFR-005,LFR,107,1354,130,2315.34,低库存预警,0
2024-02-16,HND-019,HND,301,1778,797,38191.44,低库存预警,8
2024-02-16,DRH-012,DRH,310,117,737,2868.84,过库存,25
2024-02-16,VEN-008,VEN,123,461,235,15314.42,过库存,28
2024-02-16,TLM-014,TLM,401,217,583,4678.52,低库存预警,6
2024-02-16,LRB-018,LRB,142,1806,153,19577.04,低库存预警,19
2024-02-16,WLC-022,WLC,156,1281,603,43028.79,正常,16
2024-02-16,DUO-014,DUO,469,1680,763,19471.2,正常,10
2024-02-16,VEN-023,VEN,464,979,233,7420.82,正常,24
2024-02-16,LRB-022,LRB,337,550,405,9702.0,正常,29
2024-02-16,TLM-001,TLM,478,1623,725,11085.09,正常,28
2024-02-16,HND-006,HND,120,241,252,2846.21,正常,6
2024-02-16,TLP-019,TLP,83,1859,151,4684.68,正常,9
2024-02-16,LRB-010,LRB,444,296,688,3489.84,过库存,6
2024-02-16,VEN-018,VEN,396,1482,383,9188.4,正常,17
2024-02-16,DRH-024,DRH,228,1840,731,14628.0,低库存预警,17
2024-02-16,DUO-010,DUO,359,1411,220,21503.64,低库存预警,29
2024-02-16,CUP-001,CUP,111,1109,668,7319.4,正常,4
2024-02-16,BUM-001,BUM,50,103,295,534.57,正常,30
2024-02-16,BUM-023,BUM,414,751,743,4663.71,正常,25
2024-02-16,TLP-008,TLP,105,1378,379,32961.76,低库存预警,17
2024-02-16,LRB-009,LRB,62,1745,686,47184.8,正常,24
2024-02-16,VEN-007,VEN,108,1171,418,17799.2,正常,28
2024-02-16,HND-018,HND,255,399,106,937.65,正常,25
2024-02-16,WLC-016,WLC,456,745,679,23087.55,正常,9
2024-02-16,DUO-024,DUO,115,1531,468,15080.35,正常,18
2024-02-16,TLM-002,TLM,464,1849,309,9189.53,正常,24
2024-02-16,WLC-002,WLC,287,849,521,21921.18,低库存预警,21
2024-02-16,WLC-010,WLC,129,1220,666,30707.4,低库存预警,23
2024-02-16,VEN-029,VEN,238,1355,119,15704.45,正常,27
2024-02-16,VEN-016,VEN,330,311,100,10384.29,正常,12
2024-02-16,BUM-005,BUM,352,1111,525,18342.61,正常,16
2024-02-16,LFR-011,LFR,454,363,233,7176.51,正常,7
2024-02-16,LRB-005,LRB,218,1415,479,34738.25,正常,0
2024-02-16,LFR-015,LFR,172,1360,149,6623.2,正常,5
2024-02-16,LRB-016,LRB,485,1501,609,35693.78,正常,4
2024-02-16,CUP-003,CUP,87,1572,646,53762.4,正常,8
2024-02-16,LRB-007,LRB,93,1707,195,8825.19,过库存,19
2024-02-16,WLC-015,WLC,249,1367,501,29499.86,过库存,1
2024-02-17,LFR-012,LFR,495,1476,723,26317.08,低库存预警,2
2024-02-17,LRB-015,LRB,228,788,483,16658.32,正常,27
2024-02-17,WLC-016,WLC,279,1083,254,33562.17,正常,24
2024-02-17,CUP-020,CUP,262,400,403,2264.0,正常,2
2024-02-17,BUM-001,BUM,305,1892,787,9819.48,正常,22
2024-02-17,VEN-011,VEN,100,600,693,19386.0,正常,5
2024-02-17,LRB-019,LRB,264,1122,102,37990.92,正常,19
2024-02-17,TLM-015,TLM,434,1332,512,9923.4,过库存,13
2024-02-17,TLM-019,TLM,310,1232,542,36331.68,正常,6
2024-02-17,VEN-007,VEN,454,18,637,273.6,正常,9
2024-02-17,HND-026,HND,393,1998,109,59160.78,正常,13
2024-02-17,DRH-016,DRH,465,768,204,14952.96,正常,11
2024-02-17,VEN-021,VEN,0,252,489,7497.0,正常,13
2024-02-17,BUM-023,BUM,164,1665,364,10339.65,低库存预警,17
2024-02-17,VEN-008,VEN,95,1350,565,44847.0,正常,17
2024-02-17,DRH-022,DRH,72,549,592,6692.31,正常,5
2024-02-17,CUP-022,CUP,317,1921,524,29160.78,低库存预警,21
2024-02-17,CUP-028,CUP,94,1781,265,21710.39,正常,8
2024-02-17,TLM-014,TLM,381,635,274,13690.6,过库存,21
2024-02-17,TLM-009,TLM,330,927,428,19059.12,过库存,25
2024-02-17,WLC-011,WLC,456,44,412,719.4,正常,0
2024-02-17,LFR-017,LFR,374,208,748,5027.36,正常,29
2024-02-17,LFR-015,LFR,200,424,229,2064.88,正常,4
2024-02-17,HND-013,HND,393,1609,649,26999.02,正常,9
2024-02-17,TLM-005,TLM,452,1660,162,35457.6,正常,22
2024-02-17,CUP-002,CUP,89,1801,746,8644.8,过库存,19
2024-02-17,WLC-006,WLC,408,552,622,6574.32,正常,8
2024-02-17,BUM-027,BUM,389,1499,610,12696.53,正常,18
2024-02-17,LRB-009,LRB,140,1921,534,51943.84,低库存预警,4
2024-02-17,BUM-017,BUM,250,1087,577,6369.82,正常,8
2024-02-17,HND-025,HND,176,404,148,3692.56,低库存预警,13
2024-02-17,HND-005,HND,200,27,238,749.25,正常,22
2024-02-17,VEN-002,VEN,86,1343,492,44802.48,过库存,21
2024-02-17,TLP-022,TLP,303,855,320,20143.8,正常,12
2024-02-17,LFR-003,LFR,377,1135,748,30225.05,正常,3
2024-02-17,LFR-006,LFR,6,621,464,4669.92,正常,13
2024-02-17,TLM-012,TLM,191,582,258,17203.92,过库存,7
2024-02-17,VEN-018,VEN,96,1940,124,12028.0,过库存,15
2024-02-17,WLC-010,WLC,233,1446,112,36395.82,正常,21
2024-02-17,TLP-021,TLP,134,850,567,7378.0,低库存预警,16
2024-02-17,VEN-015,VEN,70,1102,635,35076.66,正常,16
2024-02-17,TLM-023,TLM,414,1293,397,39772.68,正常,13
2024-02-17,CUP-029,CUP,355,1173,618,2639.25,过库存,24
2024-02-17,DUO-025,DUO,38,109,288,1326.53,正常,18
2024-02-17,BUM-009,BUM,0,1683,555,37244.79,正常,9
2024-02-17,BUM-022,BUM,209,611,705,9647.69,正常,24
2024-02-17,HND-019,HND,184,867,447,18623.16,正常,28
2024-02-17,TLP-014,TLP,75,1142,517,37103.58,正常,2
2024-02-17,DRH-019,DRH,320,1661,155,31974.25,低库存预警,19
2024-02-17,CUP-005,CUP,498,1961,421,64477.68,正常,12
2024-02-17,TLM-004,TLM,374,372,347,12071.4,过库存,11
2024-02-17,TLP-018,TLP,304,463,571,8264.55,正常,29
2024-02-17,WLC-022,WLC,340,856,173,28753.04,过库存,25
2024-02-17,LFR-014,LFR,131,1159,726,10674.39,正常,8
2024-02-17,DRH-021,DRH,294,689,108,2638.87,过库存,24
2024-02-17,WLC-012,WLC,165,895,331,10632.6,正常,8
2024-02-17,VEN-016,VEN,215,751,794,25075.89,正常,13
2024-02-17,LFR-018,LFR,144,1066,625,25914.46,正常,6
2024-02-17,TLM-011,TLM,1,710,440,24409.8,正常,16
2024-02-17,LRB-018,LRB,146,340,315,3685.6,正常,3
2024-02-18,DRH-023,DRH,315,1482,580,12182.04,正常,26
2024-02-18,HND-001,HND,9,1020,385,6783.0,正常,16
2024-02-18,TLP-005,TLP,426,1850,752,10637.5,过库存,5
2024-02-18,WLC-019,WLC,140,1869,530,36781.92,正常,3
2024-02-18,LRB-011,LRB,198,1987,383,10531.1,正常,18
2024-02-18,LRB-018,LRB,377,472,237,5116.48,过库存,25
2024-02-18,TLP-010,TLP,380,1558,301,7307.02,正常,7
2024-02-18,CUP-027,CUP,266,1488,464,29834.4,正常,23
2024-02-18,HND-025,HND,142,1912,237,17475.68,正常,26
2024-02-18,LFR-015,LFR,40,1413,133,6881.31,过库存,11
2024-02-18,BUM-011,BUM,6,1868,454,53574.24,正常,1
2024-02-18,LRB-021,LRB,90,1961,129,21394.51,正常,4
2024-02-18,CUP-028,CUP,189,475,748,5790.25,正常,2
2024-02-18,VEN-019,VEN,220,723,545,12544.05,正常,13
2024-02-18,BUM-021,BUM,163,1038,745,23604.12,正常,14
2024-02-18,HND-009,HND,9,1367,498,41638.82,正常,6
2024-02-18,WLC-020,WLC,324,1027,515,12108.33,正常,19
2024-02-18,TLP-008,TLP,47,563,236,13466.96,过库存,26
2024-02-18,CUP-001,CUP,131,167,163,1102.2,正常,8
2024-02-18,DRH-028,DRH,237,772,510,20326.76,正常,4
2024-02-18,DRH-029,DRH,129,781,278,14878.05,正常,22
2024-02-18,DUO-014,DUO,463,1246,523,14441.14,正常,22
2024-02-18,CUP-003,CUP,179,1332,544,45554.4,正常,0
2024-02-18,VEN-015,VEN,384,944,212,30047.52,正常,27
2024-02-18,DRH-002,DRH,475,993,749,9324.27,正常,27
2024-02-18,HND-020,HND,158,932,339,9180.2,正常,17
2024-02-18,LFR-021,LFR,204,1988,261,38905.16,正常,19
2024-02-18,BUM-004,BUM,374,1898,476,61362.34,正常,16
2024-02-18,TLP-007,TLP,269,1613,526,18775.32,过库存,15
2024-02-18,LRB-019,LRB,301,298,670,10090.28,过库存,20
2024-02-18,VEN-021,VEN,162,1497,782,44535.75,正常,25
2024-02-18,BUM-013,BUM,327,273,344,1597.05,正常,17
2024-02-18,WLC-017,WLC,330,1365,589,3521.7,正常,26
2024-02-18,DUO-023,DUO,394,934,787,30504.44,低库存预警,23
2024-02-18,DUO-025,DUO,225,1784,186,21711.28,正常,20
2024-02-18,LRB-016,LRB,316,842,375,20022.76,正常,0
2024-02-18,VEN-023,VEN,89,179,619,1356.82,正常,16
2024-02-18,HND-003,HND,107,70,449,752.5,正常,25
2024-02-18,WLC-013,WLC,479,427,360,9991.8,正常,20
2024-02-18,DUO-004,DUO,466,1592,188,33304.64,正常,20
2024-02-18,WLC-015,WLC,427,1674,541,36124.92,正常,21
2024-02-18,BUM-026,BUM,320,1828,396,20254.24,正常,24
2024-02-18,TLM-008,TLM,344,136,741,3167.44,正常,25
2024-02-18,DUO-002,DUO,338,1960,293,33496.4,低库存预警,29
2024-02-18,TLP-025,TLP,198,1198,394,3677.86,正常,26
2024-02-18,TLP-012,TLP,84,1787,128,38152.45,正常,21
2024-02-18,LFR-016,LFR,204,1393,342,23416.33,正常,2
2024-02-18,TLP-019,TLP,176,387,324,975.24,低库存预警,10
2024-02-18,HND-022,HND,128,1697,110,54728.25,过库存,13
2024-02-18,WLC-024,WLC,108,704,526,4752.0,过库存,0
2024-02-18,LRB-006,LRB,175,1873,531,64019.14,正常,9
2024-02-18,TLP-004,TLP,453,507,540,4309.5,正常,20
2024-02-18,TLM-017,TLM,69,67,342,891.77,正常,23
2024-02-18,DRH-020,DRH,161,97,321,2942.98,正常,8
2024-02-18,CUP-018,CUP,43,1658,273,30623.26,正常,10
2024-02-18,BUM-017,BUM,132,79,629,462.94,正常,1
2024-02-18,CUP-004,CUP,64,997,547,34067.49,正常,18
2024-02-18,DRH-016,DRH,22,915,576,17815.05,正常,8
2024-02-18,DRH-017,DRH,269,439,415,2269.63,正常,27
2024-02-18,VEN-010,VEN,61,382,228,5004.2,正常,7
2024-02-19,CUP-028,CUP,108,1652,225,20137.88,正常,16
2024-02-19,CUP-005,CUP,291,320,687,10521.6,正常,9
2024-02-19,TLM-022,TLM,144,1870,309,7854.0,正常,9
2024-02-19,DUO-005,DUO,386,59,269,703.28,正常,8
2024-02-19,TLP-018,TLP,171,1744,633,31130.4,正常,11
2024-02-19,HND-013,HND,482,1482,637,24867.96,低库存预警,17
2024-02-19,VEN-024,VEN,464,1380,563,18630.0,低库存预警,6
2024-02-19,HND-003,HND,407,896,558,9632.0,低库存预警,16
2024-02-19,TLM-024,TLM,162,1393,352,22650.18,正常,1
2024-02-19,CUP-001,CUP,227,313,151,2065.8,正常,8
2024-02-19,DRH-019,DRH,121,472,453,9086.0,正常,7
2024-02-19,DRH-015,DRH,165,1850,298,13801.0,正常,5
2024-02-19,BUM-023,BUM,260,1114,535,6917.94,过库存,11
2024-02-19,VEN-010,VEN,317,104,165,1362.4,正常,16
2024-02-19,WLC-012,WLC,454,1832,339,21764.16,正常,26
2024-02-19,DRH-028,DRH,210,1758,379,46288.14,正常,10
2024-02-19,HND-019,HND,421,312,529,6701.76,正常,15
2024-02-19,CUP-027,CUP,398,1405,387,28170.25,正常,5
2024-02-19,TLM-004,TLM,186,804,435,26089.8,过库存,25
2024-02-19,DUO-014,DUO,154,495,186,5737.05,过库存,7
2024-02-19,HND-012,HND,274,1752,769,7498.56,正常,4
2024-02-19,LFR-004,LFR,161,1193,557,22249.45,过库存,22
2024-02-19,DUO-012,DUO,349,60,266,685.8,正常,3
2024-02-19,TLP-003,TLP,134,949,201,14329.9,过库存,15
2024-02-19,CUP-004,CUP,196,1133,137,38714.61,低库存预警,14
2024-02-19,DUO-015,DUO,332,487,521,10090.64,过库存,24
2024-02-19,HND-014,HND,482,716,423,16238.88,正常,13
2024-02-19,HND-026,HND,292,1175,515,34791.75,正常,17
2024-02-19,LFR-002,LFR,126,1065,295,11544.6,正常,16
2024-02-19,LRB-004,LRB,330,1826,256,23884.08,低库存预警,0
2024-02-19,CUP-012,CUP,270,729,500,11212.02,正常,27
2024-02-19,DUO-008,DUO,57,773,657,7474.91,正常,7
2024-02-19,TLP-011,TLP,436,942,684,32282.34,过库存,30
2024-02-19,BUM-010,BUM,452,596,182,18660.76,正常,7
2024-02-19,LFR-017,LFR,379,1030,309,24895.1,过库存,1
2024-02-19,LFR-007,LFR,26,1544,324,5373.12,过库存,24
2024-02-19,DRH-007,DRH,334,1466,220,12871.48,过库存,3
2024-02-19,DRH-024,DRH,356,1344,301,10684.8,正常,11
2024-02-19,VEN-028,VEN,335,661,125,11838.51,正常,26
2024-02-19,VEN-025,VEN,217,1997,323,27099.29,正常,29
2024-02-19,DRH-027,DRH,428,1433,132,35753.35,正常,21
2024-02-19,VEN-030,VEN,477,662,771,7665.96,低库存预警,8
2024-02-19,DRH-025,DRH,266,1512,236,15891.12,正常,10
2024-02-19,TLP-020,TLP,488,856,790,1489.44,正常,3
2024-02-19,TLM-007,TLM,287,418,559,1391.94,低库存预警,10
2024-02-19,BUM-020,BUM,135,1055,144,35859.45,正常,13
2024-02-19,HND-027,HND,162,310,461,7688.0,正常,18
2024-02-19,WLC-022,WLC,349,73,432,2452.07,过库存,15
2024-02-19,VEN-013,VEN,33,1719,353,53512.47,正常,30
2024-02-19,HND-010,HND,321,933,610,30163.89,正常,22
2024-02-19,VEN-009,VEN,123,264,513,2402.4,正常,24
2024-02-19,TLP-007,TLP,260,1843,307,21452.52,过库存,17
2024-02-19,VEN-017,VEN,311,1807,601,40946.62,低库存预警,1
2024-02-19,DRH-013,DRH,395,567,339,4655.07,正常,10
2024-02-19,LRB-007,LRB,340,255,562,1318.35,低库存预警,22
2024-02-19,TLP-004,TLP,500,80,743,680.0,正常,26
2024-02-19,WLC-005,WLC,312,600,270,2304.0,过库存,26
2024-02-19,DUO-002,DUO,463,1816,597,31035.44,正常,7
2024-02-19,TLM-017,TLM,90,1089,636,14494.59,正常,21
2024-02-19,BUM-019,BUM,266,1569,715,29293.23,低库存预警,8
2024-02-20,DUO-004,DUO,85,1030,739,21547.6,正常,2
2024-02-20,DRH-010,DRH,497,106,216,695.36,正常,27
2024-02-20,BUM-007,BUM,272,151,318,1531.14,正常,23
2024-02-20,TLM-005,TLM,450,1439,487,30737.04,正常,24
2024-02-20,HND-003,HND,382,1711,599,18393.25,正常,23
2024-02-20,TLM-017,TLM,271,755,215,10049.05,低库存预警,19
2024-02-20,TLP-019,TLP,200,858,511,2162.16,低库存预警,18
2024-02-20,LRB-022,LRB,142,1620,388,28576.8,低库存预警,9
2024-02-20,TLP-024,TLP,88,1456,415,5096.0,正常,12
2024-02-20,LRB-016,LRB,333,698,120,16598.44,正常,26
2024-02-20,WLC-016,WLC,154,937,309,29037.63,正常,22
2024-02-20,WLC-018,WLC,191,337,591,10959.24,低库存预警,30
2024-02-20,DRH-025,DRH,305,218,403,2291.18,低库存预警,0
2024-02-20,BUM-024,BUM,160,568,111,15762.0,正常,10
2024-02-20,HND-008,HND,192,293,162,7260.54,正常,7
2024-02-20,BUM-012,BUM,259,1912,683,50438.56,低库存预警,4
2024-02-20,VEN-029,VEN,255,147,617,1703.73,正常,17
2024-02-20,CUP-011,CUP,18,357,531,10510.08,正常,22
2024-02-20,DUO-023,DUO,1,670,474,21882.2,正常,26
2024-02-20,DRH-004,DRH,373,1075,440,16103.5,正常,14
2024-02-20,TLM-006,TLM,358,1313,590,8967.79,正常,19
2024-02-20,WLC-020,WLC,377,77,663,907.83,低库存预警,17
2024-02-20,WLC-002,WLC,114,615,166,15879.3,过库存,4
2024-02-20,LFR-011,LFR,117,110,199,2174.7,低库存预警,6
2024-02-20,HND-020,HND,215,1075,198,10588.75,低库存预警,20
2024-02-20,BUM-001,BUM,51,956,314,4961.64,正常,23
2024-02-20,DUO-010,DUO,469,1841,202,28056.84,正常,28
2024-02-20,VEN-019,VEN,19,51,549,884.85,正常,30
2024-02-20,TLP-001,TLP,131,1674,635,12873.06,正常,23
2024-02-20,TLM-022,TLM,69,227,530,953.4,正常,3
2024-02-20,HND-005,HND,230,1749,320,48534.75,正常,7
2024-02-20,LRB-007,LRB,21,24,499,124.08,正常,22
2024-02-20,DRH-006,DRH,303,1813,233,32343.92,过库存,10
2024-02-20,TLM-025,TLM,98,889,799,11983.72,正常,4
2024-02-20,VEN-022,VEN,81,56,479,1878.8,正常,6
2024-02-20,VEN-013,VEN,257,92,593,2863.96,过库存,2
2024-02-20,CUP-026,CUP,380,955,365,11106.65,低库存预警,20
2024-02-20,WLC-009,WLC,458,1871,673,57870.03,过库存,3
2024-02-20,CUP-015,CUP,261,209,440,6368.23,过库存,21
2024-02-20,TLM-028,TLM,148,751,635,24790.51,正常,29
2024-02-20,BUM-014,BUM,120,1563,346,11847.54,正常,23
2024-02-20,TLP-010,TLP,451,1960,562,9192.4,正常,26
2024-02-20,BUM-026,BUM,416,826,664,9152.08,正常,16
2024-02-20,CUP-010,CUP,24,1407,618,40394.97,正常,1
2024-02-20,CUP-027,CUP,435,1082,398,21694.1,过库存,15
2024-02-20,HND-011,HND,101,1379,360,15651.65,低库存预警,26
2024-02-20,LRB-020,LRB,371,922,222,20164.14,低库存预警,22
2024-02-20,TLM-024,TLM,408,620,642,10081.2,过库存,27
2024-02-20,BUM-009,BUM,66,350,309,7745.5,正常,6
2024-02-20,BUM-003,BUM,235,920,423,16247.2,正常,6
2024-02-20,DUO-009,DUO,356,527,662,11051.19,低库存预警,25
2024-02-20,DRH-015,DRH,152,738,493,5505.48,低库存预警,5
2024-02-20,BUM-022,BUM,316,1891,673,29858.89,正常,4
2024-02-20,HND-004,HND,466,939,344,12197.61,低库存预警,16
2024-02-20,CUP-021,CUP,198,773,398,21234.31,低库存预警,17
2024-02-20,WLC-005,WLC,77,1854,433,7119.36,正常,22
2024-02-20,BUM-002,BUM,277,1490,243,32288.3,过库存,10
2024-02-20,LRB-010,LRB,12,899,229,10599.21,过库存,13
2024-02-20,LFR-003,LFR,27,426,469,11344.38,正常,2
2024-02-20,TLM-007,TLM,345,543,232,1808.19,过库存,11
2024-02-21,TLM-013,TLM,169,1547,761,45435.39,正常,9
2024-02-21,VEN-016,VEN,49,1019,795,34024.41,低库存预警,17
2024-02-21,LFR-014,LFR,307,574,407,5286.54,正常,9
2024-02-21,DRH-001,DRH,223,740,751,22148.2,正常,18
2024-02-21,DUO-004,DUO,354,408,619,8535.36,正常,1
2024-02-21,DUO-025,DUO,120,381,343,4636.77,正常,24
2024-02-21,TLP-012,TLP,464,1886,271,40266.1,正常,19
2024-02-21,LFR-006,LFR,88,177,317,1331.04,正常,19
2024-02-21,CUP-008,CUP,386,1139,349,2391.9,正常,8
2024-02-21,LRB-014,LRB,472,204,365,3867.84,低库存预警,11
2024-02-21,BUM-028,BUM,240,407,774,12706.54,正常,20
2024-02-21,DUO-012,DUO,193,1829,267,20905.47,正常,8
2024-02-21,VEN-010,VEN,254,1394,147,18261.4,过库存,12
2024-02-21,HND-019,HND,75,1789,501,38427.72,正常,29
2024-02-21,DUO-002,DUO,34,1758,439,30044.22,正常,27
2024-02-21,TLM-005,TLM,253,1495,622,31933.2,过库存,12
2024-02-21,BUM-018,BUM,45,538,728,8844.72,正常,5
2024-02-21,HND-010,HND,1,224,628,7241.92,正常,16
2024-02-21,BUM-027,BUM,182,1758,765,14890.26,正常,23
2024-02-21,CUP-028,CUP,408,975,294,11885.25,正常,6
2024-02-21,LFR-009,LFR,179,640,615,10521.6,正常,13
2024-02-21,DUO-003,DUO,159,1743,370,2771.37,过库存,22
2024-02-21,TLP-015,TLP,420,315,645,6347.25,正常,24
2024-02-21,VEN-017,VEN,466,1102,391,24971.32,过库存,19
2024-02-21,LFR-015,LFR,452,1744,695,8493.28,正常,9
2024-02-21,CUP-006,CUP,206,1078,159,20471.22,正常,29
2024-02-21,CUP-018,CUP,66,692,448,12781.24,低库存预警,17
2024-02-21,DUO-014,DUO,16,581,216,6733.79,正常,6
2024-02-21,VEN-013,VEN,199,1685,732,52454.05,正常,29
2024-02-21,LRB-007,LRB,449,449,521,2321.33,正常,1
2024-02-21,LFR-018,LFR,429,1550,619,37680.5,正常,23
2024-02-21,TLM-026,TLM,271,50,791,930.0,低库存预警,5
2024-02-21,WLC-025,WLC,188,1927,602,51258.2,正常,2
2024-02-21,TLM-027,TLM,8,1662,379,25112.82,正常,20
2024-02-21,LFR-010,LFR,462,1388,403,28981.44,正常,3
2024-02-21,VEN-019,VEN,332,1340,660,23249.0,正常,18
2024-02-21,CUP-016,CUP,373,1059,381,16001.49,正常,15
2024-02-21,CUP-002,CUP,99,185,416,888.0,过库存,19
2024-02-21,LRB-022,LRB,195,896,746,15805.44,正常,17
2024-02-21,DRH-030,DRH,239,1118,175,6026.02,正常,17
2024-02-21,HND-016,HND,129,910,146,13841.1,正常,20
2024-02-21,TLP-013,TLP,310,423,300,981.36,正常,8
2024-02-21,HND-017,HND,370,1338,577,29409.24,低库存预警,4
2024-02-21,WLC-012,WLC,36,1872,614,22239.36,正常,30
2024-02-21,BUM-005,BUM,143,1702,788,28100.02,正常,9
2024-02-21,CUP-004,CUP,467,1473,519,50332.41,低库存预警,12
2024-02-21,BUM-011,BUM,374,1607,111,46088.76,正常,1
2024-02-21,TLP-019,TLP,363,461,488,1161.72,正常,24
2024-02-21,DUO-023,DUO,24,1300,757,42458.0,正常,25
2024-02-21,LRB-020,LRB,392,346,414,7567.02,过库存,14
2024-02-21,WLC-002,WLC,443,1427,321,36845.14,正常,16
2024-02-21,TLP-003,TLP,24,1791,179,27044.1,低库存预警,5
2024-02-21,LRB-016,LRB,231,635,559,15100.3,正常,7
2024-02-21,WLC-007,WLC,86,1814,360,62401.6,正常,14
2024-02-21,BUM-024,BUM,275,363,280,10073.25,低库存预警,8
2024-02-21,HND-004,HND,374,1057,587,13730.43,正常,16
2024-02-21,WLC-017,WLC,409,1012,792,2610.96,正常,27
2024-02-21,HND-012,HND,200,1455,729,6227.4,低库存预警,1
2024-02-21,VEN-011,VEN,18,448,130,14474.88,正常,1
2024-02-21,LFR-017,LFR,194,1389,645,33572.13,正常,4
2024-02-22,TLM-024,TLM,123,1113,565,18097.38,正常,11
2024-02-22,DRH-028,DRH,270,1126,283,29647.58,正常,5
2024-02-22,WLC-012,WLC,96,339,559,4027.32,正常,20
2024-02-22,DRH-020,DRH,104,1374,515,41687.16,正常,30
2024-02-22,LRB-003,LRB,123,622,236,12216.08,正常,28
2024-02-22,HND-016,HND,489,741,142,11270.61,低库存预警,1
2024-02-22,VEN-029,VEN,193,1779,507,20618.61,正常,30
2024-02-22,HND-022,HND,166,447,308,14415.75,低库存预警,9
2024-02-22,VEN-030,VEN,410,1114,717,12900.12,低库存预警,9
2024-02-22,DUO-013,DUO,364,1922,273,6823.1,过库存,23
2024-02-22,BUM-013,BUM,246,1678,677,9816.3,过库存,9
2024-02-22,TLP-007,TLP,243,1565,751,18216.6,正常,25
2024-02-22,VEN-002,VEN,249,636,559,21216.96,正常,26
2024-02-22,DUO-012,DUO,194,1899,610,21705.57,正常,26
2024-02-22,LFR-021,LFR,79,42,546,821.94,正常,16
2024-02-22,WLC-005,WLC,257,1686,688,6474.24,过库存,23
2024-02-22,DUO-007,DUO,143,1157,364,14045.98,正常,8
2024-02-22,CUP-015,CUP,351,1062,416,32359.14,正常,7
2024-02-22,DRH-024,DRH,489,1470,331,11686.5,过库存,19
2024-02-22,WLC-002,WLC,222,1312,433,33875.84,正常,0
2024-02-22,BUM-028,BUM,264,9,635,280.98,正常,7
2024-02-22,DRH-005,DRH,489,1764,763,45440.64,过库存,29
2024-02-22,HND-012,HND,106,1058,600,4528.24,低库存预警,3
2024-02-22,WLC-015,WLC,425,232,672,5006.56,正常,6
2024-02-22,HND-005,HND,58,585,484,16233.75,低库存预警,25
2024-02-22,TLM-023,TLM,474,431,425,13257.56,正常,13
2024-02-22,LRB-016,LRB,68,1273,787,30271.94,正常,17
2024-02-22,DRH-015,DRH,289,461,643,3439.06,正常,14
2024-02-22,BUM-020,BUM,448,1385,427,47076.15,正常,25
2024-02-22,TLP-009,TLP,128,913,121,23336.28,正常,4
2024-02-22,LFR-019,LFR,198,1725,240,28807.5,过库存,26
2024-02-22,CUP-021,CUP,491,1770,559,48621.9,低库存预警,8
2024-02-22,WLC-003,WLC,140,462,451,3354.12,正常,4
2024-02-22,DUO-005,DUO,204,1588,643,18928.96,正常,23
2024-02-22,CUP-016,CUP,103,181,596,2734.91,过库存,12
2024-02-22,DRH-030,DRH,455,1034,507,5573.26,正常,18
2024-02-22,TLM-009,TLM,4,1342,732,27591.52,过库存,25
2024-02-22,TLP-016,TLP,172,1871,172,48327.93,正常,18
2024-02-22,TLM-014,TLM,319,681,223,14682.36,正常,13
2024-02-22,LRB-009,LRB,60,323,314,8733.92,过库存,2
2024-02-22,DUO-022,DUO,241,410,256,1574.4,低库存预警,3
2024-02-22,CUP-025,CUP,276,1342,208,43749.2,过库存,0
2024-02-22,LRB-022,LRB,43,250,117,4410.0,正常,11
2024-02-22,CUP-027,CUP,313,602,504,12070.1,正常,12
2024-02-22,CUP-004,CUP,94,317,555,10831.89,正常,29
2024-02-22,TLP-018,TLP,290,839,420,14976.15,正常,19
2024-02-22,TLM-018,TLM,456,1748,215,51793.24,正常,4
2024-02-22,WLC-006,WLC,194,1682,597,20032.62,低库存预警,16
2024-02-22,CUP-002,CUP,93,38,301,182.4,过库存,1
2024-02-22,LRB-020,LRB,419,1859,181,40656.33,正常,24
2024-02-22,VEN-018,VEN,97,484,582,3000.8,过库存,5
2024-02-22,CUP-003,CUP,3,236,765,8071.2,正常,11
2024-02-22,WLC-004,WLC,429,456,780,3005.04,正常,9
2024-02-22,LRB-021,LRB,261,815,130,8891.65,正常,29
2024-02-22,VEN-003,VEN,110,28,209,822.36,正常,28
2024-02-22,HND-028,HND,388,198,674,1918.62,正常,19
2024-02-22,DUO-016,DUO,370,1736,402,39424.56,正常,20
2024-02-22,HND-004,HND,448,739,258,9599.61,正常,12
2024-02-22,HND-024,HND,466,268,719,5609.24,正常,17
2024-02-22,DRH-004,DRH,244,1673,597,25061.54,正常,3
2024-02-23,BUM-026,BUM,466,450,604,4986.0,正常,20
2024-02-23,VEN-028,VEN,4,360,733,6447.6,正常,19
2024-02-23,VEN-019,VEN,242,1413,514,24515.55,正常,5
2024-02-23,HND-005,HND,253,14,650,388.5,正常,23
2024-02-23,CUP-015,CUP,443,719,389,21907.93,低库存预警,29
2024-02-23,WLC-010,WLC,44,1927,340,48502.59,正常,29
2024-02-23,BUM-001,BUM,240,1059,225,5496.21,正常,30
2024-02-23,WLC-008,WLC,337,606,504,10271.7,过库存,17
2024-02-23,DRH-014,DRH,296,250,465,1892.5,正常,14
2024-02-23,HND-023,HND,373,741,458,6987.63,低库存预警,13
2024-02-23,LFR-021,LFR,333,193,105,3777.01,低库存预警,12
2024-02-23,DRH-013,DRH,15,796,394,6535.16,正常,4
2024-02-23,TLP-009,TLP,66,878,510,22441.68,正常,13
2024-02-23,HND-027,HND,231,226,125,5604.8,过库存,15
2024-02-23,WLC-001,WLC,275,1015,122,18736.9,正常,20
2024-02-23,BUM-016,BUM,206,4,705,35.12,过库存,17
2024-02-23,DRH-018,DRH,287,18,568,369.36,正常,17
2024-02-23,VEN-023,VEN,143,1661,162,12590.38,过库存,28
2024-02-23,WLC-014,WLC,405,1678,165,14497.92,正常,19
2024-02-23,WLC-012,WLC,51,1497,269,17784.36,正常,16
2024-02-23,TLM-003,TLM,195,694,187,5635.28,正常,26
2024-02-23,BUM-013,BUM,166,1139,514,6663.15,过库存,15
2024-02-23,VEN-024,VEN,225,1641,241,22153.5,正常,23
2024-02-23,LRB-016,LRB,235,25,478,594.5,正常,11
2024-02-23,LFR-012,LFR,453,1102,248,19648.66,过库存,6
2024-02-23,DUO-020,DUO,353,1142,555,24244.66,正常,27
2024-02-23,VEN-008,VEN,353,672,697,22323.84,正常,19
2024-02-23,TLP-010,TLP,319,1416,253,6641.04,正常,14
2024-02-23,DUO-024,DUO,54,1012,385,9968.2,低库存预警,14
2024-02-23,HND-011,HND,430,659,282,7479.65,低库存预警,7
2024-02-23,VEN-020,VEN,28,241,660,465.13,正常,3
2024-02-23,CUP-003,CUP,264,1434,508,49042.8,正常,7
2024-02-23,LFR-017,LFR,315,1080,776,26103.6,正常,5
2024-02-23,DRH-005,DRH,469,1647,104,42426.72,过库存,18
2024-02-23,TLP-025,TLP,273,820,616,2517.4,低库存预警,14
2024-02-23,TLP-011,TLP,66,1170,743,40095.9,低库存预警,13
2024-02-23,LFR-007,LFR,275,184,319,640.32,正常,25
2024-02-23,LRB-012,LRB,176,1621,491,6694.73,正常,23
2024-02-23,BUM-015,BUM,206,311,256,3551.62,正常,21
2024-02-23,WLC-021,WLC,232,155,301,1390.35,低库存预警,12
2024-02-23,BUM-004,BUM,495,1942,743,62784.86,正常,16
2024-02-23,BUM-003,BUM,164,1377,284,24317.82,正常,3
2024-02-23,WLC-020,WLC,407,569,736,6708.51,低库存预警,5
2024-02-23,BUM-017,BUM,374,665,199,3896.9,过库存,15
2024-02-23,TLP-006,TLP,310,1854,783,52746.3,低库存预警,8
2024-02-23,WLC-006,WLC,196,730,645,8694.3,正常,2
2024-02-23,TLM-016,TLM,317,1183,584,41014.61,正常,16
2024-02-23,DRH-027,DRH,253,110,266,2744.5,正常,19
2024-02-23,CUP-024,CUP,365,1314,694,2430.9,正常,18
2024-02-23,LFR-006,LFR,252,615,374,4624.8,过库存,5
2024-02-23,BUM-028,BUM,97,112,494,3496.64,正常,5
2024-02-23,CUP-005,CUP,274,373,325,12264.24,低库存预警,17
2024-02-23,BUM-010,BUM,38,1964,410,61492.84,正常,11
2024-02-23,DUO-017,DUO,240,197,473,2655.56,正常,3
2024-02-23,WLC-022,WLC,351,1321,508,44372.39,正常,15
2024-02-23,BUM-009,BUM,324,1934,504,42799.42,正常,20
2024-02-23,DUO-019,DUO,391,1083,742,15833.46,正常,23
2024-02-23,TLP-014,TLP,165,1513,480,49157.37,正常,15
2024-02-23,DRH-022,DRH,227,270,660,3291.3,正常,30
2024-02-23,TLM-006,TLM,317,25,653,170.75,正常,13
2024-02-24,BUM-014,BUM,396,1228,471,9308.24,低库存预警,16
2024-02-24,LRB-007,LRB,307,773,624,3996.41,低库存预警,17
2024-02-24,DRH-017,DRH,83,1776,152,9181.92,过库存,7
2024-02-24,WLC-014,WLC,67,1707,703,14748.48,低库存预警,16
2024-02-24,TLP-008,TLP,192,887,691,21217.04,正常,3
2024-02-24,HND-009,HND,219,368,160,11209.28,低库存预警,3
2024-02-24,LRB-012,LRB,9,1018,653,4204.34,过库存,26
2024-02-24,WLC-001,WLC,366,7,550,129.22,正常,3
2024-02-24,LRB-010,LRB,430,323,729,3808.17,过库存,0
2024-02-24,HND-007,HND,118,985,719,3861.2,低库存预警,29
2024-02-24,WLC-009,WLC,383,957,799,29600.01,正常,25
2024-02-24,DUO-023,DUO,481,482,478,15742.12,正常,21
2024-02-24,HND-012,HND,284,425,346,1819.0,正常,0
2024-02-24,DUO-008,DUO,259,1475,262,14263.25,正常,13
2024-02-24,TLP-018,TLP,374,309,671,5515.65,低库存预警,25
2024-02-24,TLP-012,TLP,401,294,445,6276.9,正常,2
2024-02-24,DUO-012,DUO,482,584,328,6675.12,正常,9
2024-02-24,BUM-023,BUM,92,1739,249,10799.19,正常,28
2024-02-24,TLM-001,TLM,392,1130,775,7717.9,正常,6
2024-02-24,HND-013,HND,480,609,221,10219.02,正常,26
2024-02-24,DUO-006,DUO,280,386,131,12757.3,正常,3
2024-02-24,TLP-010,TLP,487,1299,614,6092.31,正常,10
2024-02-24,BUM-009,BUM,382,1218,119,26954.34,低库存预警,13
2024-02-24,WLC-019,WLC,40,983,275,19345.44,低库存预警,21
2024-02-24,DRH-006,DRH,329,1020,715,18196.8,低库存预警,28
2024-02-24,TLP-014,TLP,450,1859,642,60398.91,正常,14
2024-02-24,DUO-017,DUO,464,602,740,8114.96,正常,9
2024-02-24,VEN-005,VEN,275,794,437,14458.74,过库存,20
2024-02-24,TLM-026,TLM,465,1955,448,36363.0,正常,18
2024-02-24,LRB-021,LRB,271,1834,632,20008.94,正常,21
2024-02-24,HND-014,HND,388,1810,793,41050.8,正常,19
2024-02-24,HND-027,HND,128,680,310,16864.0,过库存,10
2024-02-24,DRH-005,DRH,379,1139,153,29340.64,过库存,27
2024-02-24,HND-008,HND,192,924,614,22896.72,正常,15
2024-02-24,DUO-020,DUO,389,1471,775,31229.33,过库存,13
2024-02-24,TLM-027,TLM,143,1071,224,16182.81,正常,13
2024-02-24,HND-018,HND,438,5,356,11.75,正常,8
2024-02-24,TLP-004,TLP,432,536,685,4556.0,正常,26
2024-02-24,LFR-016,LFR,189,1590,726,26727.9,低库存预警,1
2024-02-24,DRH-020,DRH,182,60,627,1820.4,过库存,18
2024-02-24,BUM-006,BUM,267,1372,512,31377.64,过库存,26
2024-02-24,LRB-006,LRB,489,1514,753,51748.52,低库存预警,16
2024-02-24,LFR-011,LFR,240,1943,488,38413.11,过库存,9
2024-02-24,WLC-013,WLC,286,510,221,11934.0,正常,4
2024-02-24,BUM-020,BUM,188,450,224,15295.5,低库存预警,27
2024-02-24,BUM-013,BUM,235,586,245,3428.1,过库存,6
2024-02-24,LFR-014,LFR,451,1968,692,18125.28,正常,27
2024-02-24,LFR-013,LFR,239,1421,492,16298.87,正常,0
2024-02-24,DUO-015,DUO,341,43,556,890.96,低库存预警,13
2024-02-24,LRB-003,LRB,47,1432,190,28124.48,正常,23
2024-02-24,CUP-011,CUP,415,1987,290,58497.28,过库存,22
2024-02-24,DRH-022,DRH,96,785,411,9569.15,低库存预警,6
2024-02-24,CUP-013,CUP,257,1811,551,35133.4,正常,28
2024-02-24,DRH-008,DRH,338,1109,657,38670.83,正常,20
2024-02-24,HND-016,HND,411,1624,557,24701.04,过库存,24
2024-02-24,CUP-030,CUP,334,934,155,23891.72,过库存,28
2024-02-24,BUM-007,BUM,264,131,596,1328.34,低库存预警,23
2024-02-24,TLP-021,TLP,393,397,403,3445.96,低库存预警,16
2024-02-24,DUO-011,DUO,444,149,336,871.65,正常,25
2024-02-24,DUO-003,DUO,73,1862,490,2960.58,正常,2
2024-02-25,DRH-029,DRH,318,521,277,9925.05,正常,16
2024-02-25,TLP-016,TLP,296,782,267,20199.06,正常,14
2024-02-25,TLM-025,TLM,458,961,345,12954.28,低库存预警,26
2024-02-25,HND-020,HND,239,1385,511,13642.25,正常,4
2024-02-25,DRH-019,DRH,129,65,743,1251.25,低库存预警,1
2024-02-25,BUM-009,BUM,356,1065,728,23568.45,过库存,28
2024-02-25,VEN-025,VEN,337,299,638,4057.43,正常,19
2024-02-25,TLM-020,TLM,384,777,681,24491.04,低库存预警,13
2024-02-25,TLP-004,TLP,124,1425,209,12112.5,正常,19
2024-02-25,TLP-001,TLP,226,1148,794,8828.12,正常,8
2024-02-25,VEN-028,VEN,6,1580,290,28297.8,过库存,16
2024-02-25,LRB-021,LRB,95,1190,639,12982.9,正常,18
2024-02-25,BUM-008,BUM,452,1231,446,37397.78,正常,26
2024-02-25,DUO-006,DUO,131,410,352,13550.5,正常,14
2024-02-25,VEN-017,VEN,78,399,731,9041.34,过库存,1
2024-02-25,HND-024,HND,243,227,673,4751.11,低库存预警,8
2024-02-25,LFR-020,LFR,338,371,325,11530.68,低库存预警,2
2024-02-25,WLC-009,WLC,497,851,641,26321.43,低库存预警,18
2024-02-25,DRH-016,DRH,366,1508,626,29360.76,正常,20
2024-02-25,CUP-018,CUP,123,1242,252,22939.74,正常,21
2024-02-25,LRB-018,LRB,268,554,199,6005.36,正常,8
2024-02-25,BUM-003,BUM,472,544,602,9607.04,正常,12
2024-02-25,LRB-014,LRB,148,502,461,9517.92,正常,21
2024-02-25,TLP-014,TLP,70,732,528,23782.68,正常,23
2024-02-25,TLM-003,TLM,247,1624,239,13186.88,过库存,5
2024-02-25,CUP-005,CUP,111,1250,447,41100.0,过库存,28
2024-02-25,BUM-018,BUM,238,1218,267,20023.92,低库存预警,21
2024-02-25,VEN-007,VEN,296,468,409,7113.6,正常,26
2024-02-25,TLM-008,TLM,85,1748,274,40710.92,正常,4
2024-02-25,HND-004,HND,306,1917,328,24901.83,低库存预警,9
2024-02-25,DRH-022,DRH,193,136,375,1657.84,正常,6
2024-02-25,LRB-009,LRB,251,1653,261,44697.12,正常,9
2024-02-25,VEN-020,VEN,464,1532,502,2956.76,正常,27
2024-02-25,DRH-003,DRH,232,1132,183,10538.92,低库存预警,30
2024-02-25,LFR-006,LFR,489,421,439,3165.92,正常,17
2024-02-25,BUM-022,BUM,21,377,187,5952.83,正常,5
2024-02-25,BUM-025,BUM,249,1152,676,25943.04,低库存预警,17
2024-02-25,LFR-018,LFR,90,1854,395,45070.74,低库存预警,18
2024-02-25,BUM-013,BUM,470,1238,604,7242.3,过库存,30
2024-02-25,LFR-015,LFR,187,607,727,2956.09,低库存预警,10
2024-02-25,DUO-001,DUO,103,1962,174,35845.74,正常,16
2024-02-25,VEN-013,VEN,356,1007,659,31347.91,正常,19
2024-02-25,HND-015,HND,22,386,766,5353.82,过库存,13
2024-02-25,HND-012,HND,394,1580,472,6762.4,正常,20
2024-02-25,LRB-013,LRB,252,1052,431,36146.72,正常,27
2024-02-25,VEN-005,VEN,151,1194,623,21742.74,低库存预警,26
2024-02-25,HND-017,HND,360,1468,420,32266.64,低库存预警,21
2024-02-25,VEN-010,VEN,277,630,116,8253.0,低库存预警,23
2024-02-25,DRH-006,DRH,93,155,226,2765.2,正常,7
2024-02-25,HND-026,HND,48,281,192,8320.41,低库存预警,13
2024-02-25,DUO-010,DUO,489,1134,701,17282.16,正常,1
2024-02-25,BUM-023,BUM,14,1507,303,9358.47,低库存预警,29
2024-02-25,TLM-015,TLM,435,1569,142,11689.05,过库存,18
2024-02-25,LRB-022,LRB,33,249,319,4392.36,低库存预警,5
2024-02-25,TLM-024,TLM,48,1756,676,28552.56,正常,18
2024-02-25,VEN-003,VEN,305,1291,182,37916.67,过库存,25
2024-02-25,DRH-015,DRH,39,255,595,1902.3,正常,9
2024-02-25,CUP-022,CUP,15,898,784,13631.64,正常,19
2024-02-25,CUP-006,CUP,212,583,542,11071.17,正常,12
2024-02-25,HND-023,HND,205,1042,512,9826.06,过库存,19
2024-02-26,VEN-005,VEN,398,25,151,455.25,正常,16
2024-02-26,LFR-008,LFR,461,1510,167,29928.2,正常,12
2024-02-26,HND-020,HND,63,826,512,8136.1,低库存预警,28
2024-02-26,WLC-001,WLC,169,357,731,6590.22,正常,18
2024-02-26,VEN-020,VEN,87,1769,778,3414.17,正常,6
2024-02-26,LRB-008,LRB,0,1539,537,48278.43,正常,24
2024-02-26,LFR-022,LFR,83,1130,713,39391.8,正常,20
2024-02-26,DUO-012,DUO,493,346,416,3954.78,正常,22
2024-02-26,LFR-002,LFR,385,1246,537,13506.64,低库存预警,30
2024-02-26,LRB-013,LRB,331,1428,181,49066.08,低库存预警,29
2024-02-26,WLC-016,WLC,128,1554,585,48158.46,过库存,23
2024-02-26,HND-013,HND,85,834,314,13994.52,正常,23
2024-02-26,WLC-010,WLC,163,1837,333,46237.29,过库存,1
2024-02-26,VEN-001,VEN,357,1532,196,5362.0,正常,29
2024-02-26,TLM-023,TLM,19,987,658,30360.12,过库存,28
2024-02-26,DUO-017,DUO,348,1621,610,21851.08,低库存预警,11
2024-02-26,WLC-002,WLC,62,1496,181,38626.72,正常,21
2024-02-26,LRB-021,LRB,121,762,446,8313.42,正常,12
2024-02-26,CUP-018,CUP,244,396,411,7314.12,正常,28
2024-02-26,TLP-002,TLP,56,1192,378,7914.88,正常,13
2024-02-26,VEN-011,VEN,318,1196,760,38642.76,正常,7
2024-02-26,TLM-013,TLM,151,1801,628,52895.37,正常,4
2024-02-26,TLM-012,TLM,429,637,555,18829.72,低库存预警,2
2024-02-26,CUP-021,CUP,78,1411,534,38760.17,正常,22
2024-02-26,LRB-011,LRB,154,1736,603,9200.8,低库存预警,4
2024-02-26,DRH-008,DRH,195,1433,421,49968.71,低库存预警,30
2024-02-26,WLC-004,WLC,39,99,409,652.41,正常,27
2024-02-26,LRB-010,LRB,162,89,509,1049.31,正常,18
2024-02-26,VEN-023,VEN,428,1929,100,14621.82,正常,9
2024-02-26,VEN-006,VEN,407,200,538,2792.0,正常,23
2024-02-26,CUP-015,CUP,448,160,167,4875.2,正常,25
2024-02-26,VEN-008,VEN,283,1772,393,58865.84,正常,20
2024-02-26,WLC-023,WLC,172,869,506,20786.48,低库存预警,0
2024-02-26,TLP-020,TLP,202,1339,755,2329.86,正常,9
2024-02-26,WLC-025,WLC,458,777,216,20668.2,过库存,30
2024-02-26,DRH-014,DRH,331,770,600,5828.9,低库存预警,17
2024-02-26,DUO-020,DUO,492,731,431,15519.13,正常,7
2024-02-26,DUO-003,DUO,308,946,614,1504.14,正常,4
2024-02-26,WLC-003,WLC,404,208,410,1510.08,过库存,19
2024-02-26,CUP-028,CUP,43,715,329,8715.85,过库存,3
2024-02-26,DRH-021,DRH,73,1941,588,7434.03,正常,30
2024-02-26,HND-010,HND,79,1843,252,59584.19,过库存,23
2024-02-26,HND-027,HND,313,1874,357,46475.2,正常,23
2024-02-26,BUM-013,BUM,281,23,684,134.55,低库存预警,23
2024-02-26,CUP-023,CUP,404,798,118,10118.64,正常,20
2024-02-26,TLM-022,TLM,267,187,226,785.4,正常,11
2024-02-26,CUP-008,CUP,415,752,218,1579.2,正常,24
2024-02-26,HND-016,HND,451,1135,163,17263.35,过库存,2
2024-02-26,VEN-021,VEN,84,910,361,27072.5,过库存,5
2024-02-26,WLC-009,WLC,165,49,610,1515.57,正常,7
2024-02-26,TLP-008,TLP,401,1749,746,41836.08,低库存预警,15
2024-02-26,TLM-027,TLM,154,878,204,13266.58,正常,13
2024-02-26,DRH-006,DRH,482,1154,417,20587.36,正常,25
2024-02-26,VEN-016,VEN,392,1443,337,48181.77,正常,10
2024-02-26,LFR-010,LFR,179,211,517,4405.68,低库存预警,14
2024-02-26,CUP-012,CUP,347,1204,783,18517.52,过库存,26
2024-02-26,DRH-013,DRH,262,206,721,1691.26,正常,1
2024-02-26,HND-006,HND,174,1012,127,11951.72,过库存,16
2024-02-26,TLM-028,TLM,148,1626,300,53674.26,正常,15
2024-02-26,DRH-022,DRH,91,2000,226,24380.0,低库存预警,3
2024-02-27,DRH-024,DRH,340,907,595,7210.65,正常,25
2024-02-27,HND-011,HND,359,1339,786,15197.65,低库存预警,8
2024-02-27,VEN-015,VEN,451,1454,514,46280.82,正常,26
2024-02-27,WLC-020,WLC,122,460,747,5423.4,正常,27
2024-02-27,TLM-027,TLM,383,568,560,8582.48,正常,5
2024-02-27,DUO-001,DUO,398,275,692,5024.25,正常,3
2024-02-27,BUM-006,BUM,363,1491,272,34099.17,低库存预警,18
2024-02-27,BUM-027,BUM,416,617,768,5225.99,正常,30
2024-02-27,LFR-004,LFR,165,1384,386,25811.6,过库存,24
2024-02-27,LFR-005,LFR,420,1780,270,3043.8,低库存预警,11
2024-02-27,LRB-020,LRB,206,316,376,6910.92,低库存预警,6
2024-02-27,HND-006,HND,438,1072,525,12660.32,低库存预警,8
2024-02-27,VEN-023,VEN,85,1772,727,13431.76,正常,7
2024-02-27,TLP-025,TLP,74,1556,144,4776.92,正常,27
2024-02-27,LRB-014,LRB,263,1125,579,21330.0,过库存,16
2024-02-27,BUM-013,BUM,105,943,120,5516.55,低库存预警,28
2024-02-27,DUO-003,DUO,158,1558,346,2477.22,正常,28
2024-02-27,LRB-001,LRB,204,696,192,8776.56,低库存预警,21
2024-02-27,TLP-009,TLP,94,103,369,2632.68,正常,19
2024-02-27,LFR-009,LFR,83,809,243,13299.96,正常,2
2024-02-27,VEN-028,VEN,390,1917,542,34333.47,低库存预警,16
2024-02-27,TLM-008,TLM,409,550,267,12809.5,正常,3
2024-02-27,WLC-017,WLC,326,1587,328,4094.46,正常,10
2024-02-27,DRH-021,DRH,473,334,378,1279.22,正常,22
2024-02-27,TLP-023,TLP,233,1591,555,40506.86,正常,28
2024-02-27,CUP-006,CUP,208,404,373,7671.96,正常,27
2024-02-27,DUO-018,DUO,330,98,475,250.88,正常,5
2024-02-27,TLP-004,TLP,341,1911,370,16243.5,正常,19
2024-02-27,HND-023,HND,435,1031,489,9722.33,正常,14
2024-02-27,TLP-012,TLP,199,562,622,11998.7,正常,5
2024-02-27,VEN-026,VEN,6,1410,730,29920.2,正常,10
2024-02-27,HND-001,HND,151,36,214,239.4,正常,12
2024-02-27,CUP-017,CUP,55,1373,749,17011.47,正常,3
2024-02-27,TLP-019,TLP,424,9,752,22.68,低库存预警,23
2024-02-27,WLC-022,WLC,316,998,295,33522.82,低库存预警,22
2024-02-27,HND-004,HND,46,1357,102,17627.43,正常,25
2024-02-27,DRH-023,DRH,307,945,777,7767.9,正常,8
2024-02-27,TLM-015,TLM,94,1498,419,11160.1,正常,4
2024-02-27,HND-017,HND,488,1793,649,39410.14,正常,5
2024-02-27,TLM-005,TLM,445,362,776,7732.32,低库存预警,21
2024-02-27,WLC-025,WLC,450,842,403,22397.2,过库存,7
2024-02-27,TLP-013,TLP,156,210,359,487.2,正常,21
2024-02-27,BUM-012,BUM,13,353,455,9312.14,低库存预警,4
2024-02-27,HND-015,HND,199,1892,523,26242.04,正常,7
2024-02-27,CUP-009,CUP,295,382,385,11563.14,正常,11
2024-02-27,TLP-007,TLP,336,450,750,5238.0,正常,3
2024-02-27,DRH-003,DRH,248,171,280,1592.01,低库存预警,15
2024-02-27,DRH-012,DRH,423,885,267,21700.2,低库存预警,18
2024-02-27,TLP-024,TLP,434,942,773,3297.0,低库存预警,22
2024-02-27,DRH-016,DRH,167,582,792,11331.54,过库存,2
2024-02-27,CUP-028,CUP,192,1809,313,22051.71,低库存预警,20
2024-02-27,CUP-029,CUP,326,1796,799,4041.0,正常,12
2024-02-27,CUP-019,CUP,361,251,131,4367.4,正常,5
2024-02-27,DRH-013,DRH,407,1313,536,10779.73,低库存预警,1
2024-02-27,TLP-015,TLP,114,746,723,15031.9,正常,15
2024-02-27,BUM-005,BUM,199,542,151,8948.42,正常,17
2024-02-27,LFR-017,LFR,261,657,208,15879.69,正常,12
2024-02-27,DUO-016,DUO,105,274,600,6222.54,正常,13
2024-02-27,HND-022,HND,137,39,360,1257.75,过库存,29
2024-02-27,TLM-002,TLM,36,1862,596,9254.14,过库存,29
2024-02-28,VEN-016,VEN,166,1455,131,48582.45,正常,10
2024-02-28,HND-024,HND,222,1889,394,39536.77,正常,28
2024-02-28,CUP-014,CUP,378,416,499,7841.6,正常,13
2024-02-28,DUO-017,DUO,397,498,117,6713.04,正常,5
2024-02-28,LRB-020,LRB,327,736,214,16096.32,正常,23
2024-02-28,HND-022,HND,267,607,525,19575.75,正常,10
2024-02-28,DRH-018,DRH,432,1646,112,33775.92,正常,29
2024-02-28,CUP-020,CUP,486,1252,155,7086.32,低库存预警,29
2024-02-28,HND-004,HND,58,1969,439,25577.31,正常,4
2024-02-28,HND-007,HND,39,714,302,2798.88,过库存,24
2024-02-28,CUP-008,CUP,146,1516,612,3183.6,低库存预警,27
2024-02-28,WLC-020,WLC,252,1815,799,21398.85,正常,23
2024-02-28,CUP-007,CUP,5,1575,395,33279.75,低库存预警,5
2024-02-28,WLC-022,WLC,316,1139,508,38259.01,正常,21
2024-02-28,HND-026,HND,218,27,697,799.47,正常,5
2024-02-28,LRB-012,LRB,225,1062,433,4386.06,过库存,9
2024-02-28,VEN-026,VEN,349,1833,474,38896.26,正常,1
2024-02-28,DRH-028,DRH,305,759,426,19984.47,正常,2
2024-02-28,DRH-015,DRH,405,460,649,3431.6,正常,26
2024-02-28,DUO-006,DUO,322,1468,734,48517.4,低库存预警,6
2024-02-28,LRB-021,LRB,52,1563,328,17052.33,正常,7
2024-02-28,TLM-024,TLM,119,326,608,5300.76,低库存预警,12
2024-02-28,LFR-022,LFR,242,1664,127,58007.04,正常,20
2024-02-28,TLM-002,TLM,260,987,271,4905.39,正常,29
2024-02-28,WLC-015,WLC,61,1180,155,25464.4,正常,23
2024-02-28,DUO-022,DUO,469,121,447,464.64,正常,21
2024-02-28,LRB-006,LRB,54,591,710,20200.38,正常,8
2024-02-28,LRB-005,LRB,11,991,375,24329.05,正常,0
2024-02-28,LRB-004,LRB,66,361,489,4721.88,正常,16
2024-02-28,DRH-003,DRH,334,1971,535,18350.01,正常,8
2024-02-28,VEN-022,VEN,165,1241,396,41635.55,正常,17
2024-02-28,HND-011,HND,386,1746,245,19817.1,正常,15
2024-02-28,LFR-016,LFR,233,998,218,16776.38,正常,7
2024-02-28,TLM-028,TLM,491,537,453,17726.37,正常,20
2024-02-28,CUP-001,CUP,411,874,168,5768.4,低库存预警,25
2024-02-28,DUO-014,DUO,154,1749,554,20270.91,低库存预警,3
2024-02-28,TLM-007,TLM,259,441,485,1468.53,正常,29
2024-02-28,TLP-016,TLP,128,1112,519,28722.96,正常,28
2024-02-28,WLC-013,WLC,152,280,348,6552.0,正常,16
2024-02-28,LFR-007,LFR,309,682,599,2373.36,正常,15
2024-02-28,TLP-021,TLP,45,462,282,4010.16,正常,0
2024-02-28,WLC-004,WLC,17,1572,325,10359.48,正常,5
2024-02-28,WLC-021,WLC,247,769,723,6897.93,低库存预警,5
2024-02-28,DUO-004,DUO,457,642,618,13430.64,正常,14
2024-02-28,VEN-030,VEN,391,1357,726,15714.06,过库存,20
2024-02-28,LFR-002,LFR,431,1563,633,16942.92,低库存预警,5
2024-02-28,LRB-019,LRB,18,1569,208,53126.34,正常,10
2024-02-28,DRH-026,DRH,280,1127,697,3369.73,正常,26
2024-02-28,CUP-004,CUP,415,396,484,13531.32,过库存,1
2024-02-28,TLM-008,TLM,121,1068,496,24873.72,正常,28
2024-02-28,BUM-015,BUM,480,757,679,8644.94,正常,30
2024-02-28,TLP-024,TLP,387,152,123,532.0,正常,19
2024-02-28,TLP-022,TLP,139,1936,111,45612.16,正常,8
2024-02-28,HND-016,HND,323,1431,460,21765.51,过库存,3
2024-02-28,CUP-016,CUP,115,1675,300,25309.25,正常,1
2024-02-28,VEN-013,VEN,369,704,251,21915.52,低库存预警,2
2024-02-28,DRH-030,DRH,89,270,533,1455.3,正常,16
2024-02-28,HND-005,HND,205,1932,440,53613.0,低库存预警,29
2024-02-28,BUM-004,BUM,3,593,247,19171.69,正常,18
2024-02-28,LFR-010,LFR,317,1286,436,26851.68,正常,30
2024-02-29,DRH-007,DRH,497,897,426,7875.66,正常,13
2024-02-29,DUO-007,DUO,347,782,636,9493.48,正常,10
2024-02-29,DUO-003,DUO,259,554,162,880.86,正常,10
2024-02-29,LFR-018,LFR,256,1144,116,27810.64,正常,11
2024-02-29,LRB-004,LRB,473,613,579,8018.04,正常,4
2024-02-29,DUO-024,DUO,400,371,434,3654.35,正常,21
2024-02-29,BUM-021,BUM,361,377,765,8572.98,正常,29
2024-02-29,LRB-018,LRB,117,695,533,7533.8,低库存预警,2
2024-02-29,HND-020,HND,124,760,250,7486.0,正常,2
2024-02-29,VEN-015,VEN,6,538,466,17124.54,正常,30
2024-02-29,TLP-013,TLP,419,1012,365,2347.84,低库存预警,10
2024-02-29,CUP-002,CUP,375,1364,630,6547.2,正常,17
2024-02-29,BUM-023,BUM,204,381,370,2366.01,正常,18
2024-02-29,TLM-018,TLM,14,473,129,14014.99,正常,29
2024-02-29,LFR-012,LFR,71,1538,337,27422.54,正常,22
2024-02-29,BUM-008,BUM,441,127,485,3858.26,正常,26
2024-02-29,HND-013,HND,260,1851,304,31059.78,正常,30
2024-02-29,DRH-019,DRH,282,1327,100,25544.75,正常,16
2024-02-29,LRB-017,LRB,404,1717,765,43697.65,低库存预警,17
2024-02-29,TLP-010,TLP,384,1318,518,6181.42,正常,18
2024-02-29,WLC-013,WLC,489,1981,133,46355.4,低库存预警,2
2024-02-29,LFR-010,LFR,47,95,718,1983.6,正常,5
2024-02-29,VEN-027,VEN,478,1572,406,14116.56,正常,16
2024-02-29,WLC-022,WLC,496,1209,181,40610.31,低库存预警,24
2024-02-29,DUO-025,DUO,193,1986,250,24169.62,正常,8
2024-02-29,TLM-016,TLM,401,935,138,32416.45,过库存,0
2024-02-29,LRB-015,LRB,107,1942,650,41053.88,正常,10
2024-02-29,DRH-006,DRH,95,1649,642,29418.16,正常,22
2024-02-29,DRH-015,DRH,146,794,304,5923.24,正常,2
2024-02-29,TLP-015,TLP,368,534,549,10760.1,正常,28
2024-02-29,TLP-003,TLP,455,462,277,6976.2,低库存预警,8
2024-02-29,WLC-016,WLC,419,1023,312,31702.77,正常,7
2024-02-29,DRH-020,DRH,280,1370,451,41565.8,正常,7
2024-02-29,WLC-005,WLC,392,270,189,1036.8,过库存,30
2024-02-29,TLM-007,TLM,423,1570,492,5228.1,过库存,10
2024-02-29,LFR-011,LFR,44,1568,504,30999.36,正常,23
2024-02-29,HND-028,HND,234,619,795,5998.11,低库存预警,8
2024-02-29,CUP-016,CUP,395,653,396,9866.83,正常,16
2024-02-29,VEN-006,VEN,269,282,319,3936.72,正常,27
2024-02-29,DRH-028,DRH,71,603,464,15876.99,正常,6
2024-02-29,BUM-009,BUM,394,942,460,20846.46,正常,29
2024-02-29,CUP-020,CUP,370,1265,730,7159.9,正常,1
2024-02-29,WLC-015,WLC,71,247,384,5330.26,过库存,25
2024-02-29,TLP-001,TLP,181,1685,121,12957.65,低库存预警,18
2024-02-29,CUP-014,CUP,383,1730,786,32610.5,正常,0
2024-02-29,TLP-006,TLP,443,1204,306,34253.8,低库存预警,24
2024-02-29,DRH-026,DRH,165,907,315,2711.93,低库存预警,5
2024-02-29,DUO-010,DUO,389,1040,617,15849.6,低库存预警,2
2024-02-29,VEN-002,VEN,248,141,189,4703.76,低库存预警,8
2024-02-29,VEN-009,VEN,136,945,283,8599.5,过库存,25
2024-02-29,CUP-004,CUP,100,1308,767,44694.36,正常,4
2024-02-29,HND-009,HND,411,1268,396,38623.28,低库存预警,10
2024-02-29,CUP-022,CUP,477,153,619,2322.54,正常,18
2024-02-29,WLC-021,WLC,321,386,241,3462.42,过库存,13
2024-02-29,TLM-005,TLM,283,1232,408,26315.52,正常,3
2024-02-29,VEN-008,VEN,51,526,186,17473.72,正常,23
2024-02-29,DRH-021,DRH,283,1357,613,5197.31,低库存预警,3
2024-02-29,CUP-023,CUP,383,398,641,5046.64,低库存预警,18
2024-02-29,VEN-017,VEN,128,1873,586,42442.18,过库存,19
2024-02-29,CUP-025,CUP,490,1741,774,56756.6,正常,15
2024-03-01,TLP-003,TLP,500,544,106,8214.4,低库存预警,6
2024-03-01,TLM-013,TLM,84,726,520,21322.62,低库存预警,21
2024-03-01,DRH-001,DRH,123,615,243,18406.95,低库存预警,21
2024-03-01,WLC-002,WLC,223,1296,464,33462.72,正常,1
2024-03-01,CUP-022,CUP,170,510,300,7741.8,正常,23
2024-03-01,DRH-006,DRH,357,1360,394,24262.4,正常,3
2024-03-01,VEN-018,VEN,381,817,695,5065.4,低库存预警,28
2024-03-01,TLP-009,TLP,38,38,278,971.28,过库存,18
2024-03-01,DRH-004,DRH,140,695,231,10411.1,低库存预警,28
2024-03-01,LFR-003,LFR,27,956,686,25458.28,正常,15
2024-03-01,BUM-021,BUM,417,203,368,4616.22,低库存预警,3
2024-03-01,TLM-004,TLM,109,1389,111,45073.05,正常,13
2024-03-01,LRB-001,LRB,108,1233,242,15548.13,过库存,13
2024-03-01,LFR-001,LFR,297,809,239,3219.82,正常,29
2024-03-01,HND-022,HND,348,559,655,18027.75,正常,0
2024-03-01,DRH-008,DRH,340,1049,229,36578.63,正常,8
2024-03-01,BUM-017,BUM,102,1429,794,8373.94,正常,30
2024-03-01,BUM-007,BUM,462,1747,491,17714.58,正常,10
2024-03-01,TLM-027,TLM,176,43,599,649.73,过库存,16
2024-03-01,DUO-021,DUO,99,1713,325,16170.72,正常,17
2024-03-01,BUM-005,BUM,339,1046,482,17269.46,低库存预警,24
2024-03-01,HND-024,HND,210,1383,420,28946.19,正常,17
2024-03-01,WLC-010,WLC,72,939,245,23634.63,低库存预警,7
2024-03-01,HND-026,HND,331,230,240,6810.3,低库存预警,28
2024-03-01,HND-002,HND,50,803,282,7387.6,低库存预警,8
2024-03-01,DRH-023,DRH,361,1050,611,8631.0,正常,22
2024-03-01,CUP-009,CUP,397,1272,610,38503.44,正常,14
2024-03-01,DUO-024,DUO,217,17,612,167.45,正常,12
2024-03-01,TLM-002,TLM,436,1555,614,7728.35,过库存,1
2024-03-01,WLC-020,WLC,59,1367,744,16116.93,正常,22
2024-03-01,WLC-024,WLC,204,633,782,4272.75,正常,30
2024-03-01,TLP-024,TLP,430,319,287,1116.5,正常,9
2024-03-01,VEN-008,VEN,389,1584,161,52620.48,低库存预警,15
2024-03-01,BUM-009,BUM,225,232,301,5134.16,过库存,8
2024-03-01,TLP-006,TLP,86,1882,685,53542.9,正常,9
2024-03-01,DUO-007,DUO,128,1522,248,18477.08,过库存,19
2024-03-01,LRB-017,LRB,110,326,551,8296.7,正常,8
2024-03-01,HND-016,HND,397,276,172,4197.96,正常,29
2024-03-01,TLM-024,TLM,369,741,269,12048.66,正常,6
2024-03-01,DRH-002,DRH,371,631,571,5925.09,低库存预警,11
2024-03-01,LRB-013,LRB,462,1428,427,49066.08,低库存预警,17
2024-03-01,DUO-017,DUO,243,1567,217,21123.16,正常,11
2024-03-01,TLM-008,TLM,41,82,521,1909.78,正常,28
2024-03-01,BUM-006,BUM,257,398,658,9102.26,正常,16
2024-03-01,HND-010,HND,33,1255,162,40574.15,正常,20
2024-03-01,LFR-022,LFR,391,570,766,19870.2,正常,26
2024-03-01,BUM-024,BUM,132,97,452,2691.75,低库存预警,26
2024-03-01,HND-008,HND,124,155,710,3840.9,正常,3
2024-03-01,TLM-028,TLM,494,143,489,4720.43,正常,19
2024-03-01,TLM-018,TLM,278,1008,236,29867.04,过库存,12
2024-03-01,VEN-001,VEN,36,109,600,381.5,正常,8
2024-03-01,LFR-005,LFR,285,1637,702,2799.27,过库存,12
2024-03-01,LFR-004,LFR,464,1501,409,27993.65,正常,25
2024-03-01,HND-027,HND,91,500,704,12400.0,过库存,29
2024-03-01,LRB-012,LRB,21,517,206,2135.21,过库存,28
2024-03-01,WLC-011,WLC,169,1232,168,20143.2,低库存预警,4
2024-03-01,TLM-019,TLM,40,1549,719,45680.01,正常,14
2024-03-01,LFR-020,LFR,143,1883,345,58523.64,正常,10
2024-03-01,TLP-007,TLP,484,1187,223,13816.68,正常,2
2024-03-01,CUP-002,CUP,274,292,550,1401.6,正常,21
2024-03-02,TLP-016,TLP,396,1359,451,35102.97,正常,10
2024-03-02,TLP-008,TLP,396,634,177,15165.28,正常,15
2024-03-02,BUM-005,BUM,154,84,548,1386.84,正常,5
2024-03-02,DUO-020,DUO,243,888,315,18852.24,正常,13
2024-03-02,VEN-008,VEN,33,481,786,15978.82,正常,25
2024-03-02,DRH-018,DRH,177,208,259,4268.16,低库存预警,16
2024-03-02,VEN-016,VEN,203,588,634,19633.32,低库存预警,21
2024-03-02,HND-008,HND,414,371,567,9193.38,正常,22
2024-03-02,BUM-008,BUM,483,1806,449,54866.28,正常,8
2024-03-02,CUP-007,CUP,206,503,148,10628.39,正常,26
2024-03-02,CUP-014,CUP,427,1771,381,33383.35,正常,18
2024-03-02,DRH-005,DRH,137,225,183,5796.0,正常,2
2024-03-02,LFR-010,LFR,193,889,612,18562.32,过库存,12
2024-03-02,WLC-018,WLC,293,842,318,27381.84,过库存,8
2024-03-02,BUM-006,BUM,365,61,704,1395.07,低库存预警,22
2024-03-02,CUP-019,CUP,137,303,650,5272.2,过库存,6
2024-03-02,TLM-012,TLM,355,442,705,13065.52,正常,4
2024-03-02,VEN-026,VEN,28,1307,568,27734.54,正常,24
2024-03-02,TLM-002,TLM,218,499,751,2480.03,过库存,3
2024-03-02,LRB-007,LRB,256,992,162,5128.64,正常,8
2024-03-02,HND-014,HND,218,694,333,15739.92,正常,27
2024-03-02,CUP-027,CUP,134,561,231,11248.05,低库存预警,13
2024-03-02,DRH-009,DRH,358,546,345,7065.24,正常,27
2024-03-02,TLP-013,TLP,395,1046,305,2426.72,过库存,1
2024-03-02,BUM-016,BUM,50,503,536,4416.34,正常,4
2024-03-02,VEN-013,VEN,211,543,300,16903.59,正常,5
2024-03-02,LRB-001,LRB,468,1661,625,20945.21,正常,26
2024-03-02,WLC-010,WLC,143,1876,154,47218.92,过库存,29
2024-03-02,TLP-007,TLP,406,1991,591,23175.24,低库存预警,11
2024-03-02,TLP-001,TLP,0,1792,202,13780.48,低库存预警,15
2024-03-02,WLC-019,WLC,59,1866,767,36722.88,低库存预警,23
2024-03-02,CUP-010,CUP,290,1552,574,44557.92,过库存,12
2024-03-02,WLC-012,WLC,269,1072,479,12735.36,正常,30
2024-03-02,CUP-015,CUP,427,1076,413,32785.72,正常,20
2024-03-02,CUP-026,CUP,62,1541,241,17921.83,过库存,9
2024-03-02,TLM-010,TLM,415,361,408,3595.56,正常,15
2024-03-02,LFR-019,LFR,82,1989,719,33216.3,正常,21
2024-03-02,HND-011,HND,181,201,191,2281.35,低库存预警,25
2024-03-02,DRH-026,DRH,78,340,699,1016.6,正常,26
2024-03-02,LRB-008,LRB,303,331,368,10383.47,正常,3
2024-03-02,DUO-010,DUO,384,914,766,13929.36,正常,13
2024-03-02,DRH-012,DRH,386,1162,230,28492.24,正常,17
2024-03-02,LRB-013,LRB,193,60,688,2061.6,低库存预警,29
2024-03-02,LFR-015,LFR,431,1943,190,9462.41,正常,11
2024-03-02,WLC-022,WLC,61,229,264,7692.11,正常,4
2024-03-02,LFR-009,LFR,159,1167,129,19185.48,正常,25
2024-03-02,HND-019,HND,170,766,380,16453.68,低库存预警,25
2024-03-02,TLM-003,TLM,63,1248,695,10133.76,正常,15
2024-03-02,HND-023,HND,411,1265,222,11928.95,正常,26
2024-03-02,LRB-021,LRB,279,219,710,2389.29,正常,1
2024-03-02,WLC-024,WLC,394,774,582,5224.5,过库存,15
2024-03-02,HND-004,HND,260,375,627,4871.25,低库存预警,20
2024-03-02,DRH-015,DRH,238,137,236,1022.02,低库存预警,20
2024-03-02,TLM-027,TLM,424,1811,569,27364.21,正常,23
2024-03-02,WLC-021,WLC,467,951,492,8530.47,正常,20
2024-03-02,BUM-013,BUM,359,617,493,3609.45,正常,7
2024-03-02,HND-010,HND,471,531,552,17167.23,正常,23
2024-03-02,TLP-018,TLP,53,135,223,2409.75,低库存预警,8
2024-03-02,LRB-003,LRB,230,66,234,1296.24,低库存预警,11
2024-03-02,DRH-007,DRH,493,398,597,3494.44,正常,0
2024-03-03,HND-009,HND,228,268,709,8163.28,低库存预警,6
2024-03-03,DRH-003,DRH,214,1705,642,15873.55,低库存预警,4
2024-03-03,WLC-016,WLC,462,70,696,2169.3,正常,26
2024-03-03,TLP-017,TLP,360,1632,335,47213.76,低库存预警,27
2024-03-03,VEN-009,VEN,158,667,799,6069.7,正常,18
2024-03-03,DRH-015,DRH,73,1298,625,9683.08,过库存,7
2024-03-03,TLP-024,TLP,279,1431,111,5008.5,低库存预警,30
2024-03-03,DUO-023,DUO,276,1892,482,61792.72,正常,11
2024-03-03,LRB-011,LRB,478,287,700,1521.1,正常,9
2024-03-03,CUP-013,CUP,439,1346,264,26112.4,正常,11
2024-03-03,BUM-008,BUM,323,1761,120,53499.18,过库存,19
2024-03-03,LFR-012,LFR,271,1577,162,28117.91,正常,30
2024-03-03,DUO-015,DUO,101,354,334,7334.88,过库存,12
2024-03-03,HND-020,HND,335,315,271,3102.75,正常,26
2024-03-03,WLC-025,WLC,264,978,503,26014.8,过库存,25
2024-03-03,WLC-019,WLC,201,33,388,649.44,过库存,30
2024-03-03,TLP-006,TLP,117,341,418,9701.45,低库存预警,12
2024-03-03,DRH-007,DRH,88,1849,214,16234.22,低库存预警,12
2024-03-03,LFR-013,LFR,423,1461,674,16757.67,正常,25
2024-03-03,HND-026,HND,64,503,729,14893.83,正常,4
2024-03-03,LRB-013,LRB,437,1106,306,38002.16,正常,14
2024-03-03,LRB-015,LRB,265,1560,130,32978.4,过库存,6
2024-03-03,BUM-004,BUM,263,280,578,9052.4,正常,14
2024-03-03,HND-008,HND,286,550,112,13629.0,正常,12
2024-03-03,CUP-009,CUP,294,1594,696,48250.38,正常,26
2024-03-03,DUO-004,DUO,3,26,374,543.92,低库存预警,27
2024-03-03,VEN-020,VEN,238,919,312,1773.67,正常,29
2024-03-03,CUP-004,CUP,106,179,573,6116.43,正常,23
2024-03-03,TLM-010,TLM,217,969,137,9651.24,过库存,29
2024-03-03,BUM-012,BUM,385,1961,328,51731.18,低库存预警,11
2024-03-03,DRH-010,DRH,427,1032,410,6769.92,过库存,0
2024-03-03,LRB-009,LRB,200,1702,794,46022.08,正常,13
2024-03-03,TLM-005,TLM,296,1205,511,25738.8,正常,23
2024-03-03,DRH-025,DRH,258,1874,439,19695.74,正常,27
2024-03-03,WLC-005,WLC,236,481,217,1847.04,正常,2
2024-03-03,WLC-009,WLC,383,1126,249,34827.18,正常,14
2024-03-03,LRB-012,LRB,244,773,307,3192.49,正常,3
2024-03-03,LRB-003,LRB,8,527,466,10350.28,低库存预警,26
2024-03-03,WLC-010,WLC,210,1603,657,40347.51,低库存预警,7
2024-03-03,LFR-018,LFR,109,615,454,14950.65,正常,7
2024-03-03,DRH-013,DRH,179,1513,196,12421.73,过库存,29
2024-03-03,TLM-016,TLM,358,1905,271,66046.35,低库存预警,10
2024-03-03,BUM-017,BUM,81,1849,107,10835.14,正常,26
2024-03-03,LRB-004,LRB,473,1501,705,19633.08,正常,19
2024-03-03,LFR-016,LFR,361,303,372,5093.43,正常,28
2024-03-03,LFR-007,LFR,358,1323,572,4604.04,过库存,29
2024-03-03,DUO-009,DUO,250,1951,115,40912.47,正常,5
2024-03-03,TLP-007,TLP,200,859,452,9998.76,过库存,19
2024-03-03,LRB-019,LRB,274,706,148,23905.16,低库存预警,0
2024-03-03,DUO-010,DUO,137,1066,497,16245.84,正常,27
2024-03-03,TLP-015,TLP,492,61,773,1229.15,过库存,17
2024-03-03,HND-005,HND,115,707,613,19619.25,过库存,9
2024-03-03,BUM-028,BUM,336,1384,698,43208.48,正常,8
2024-03-03,BUM-003,BUM,458,1342,715,23699.72,低库存预警,20
2024-03-03,DRH-028,DRH,53,207,320,5450.31,正常,16
2024-03-03,HND-022,HND,91,1671,350,53889.75,正常,28
2024-03-03,CUP-003,CUP,495,1303,360,44562.6,正常,11
2024-03-03,TLM-006,TLM,202,931,519,6358.73,正常,18
2024-03-03,VEN-013,VEN,102,1469,273,45729.97,低库存预警,0
2024-03-03,DUO-006,DUO,345,1955,593,64612.75,正常,23
2024-03-04,DUO-006,DUO,290,1904,763,62927.2,正常,10
2024-03-04,VEN-013,VEN,217,121,112,3766.73,过库存,15
2024-03-04,WLC-023,WLC,437,853,436,20403.76,低库存预警,11
2024-03-04,TLM-005,TLM,450,1362,418,29092.32,正常,22
2024-03-04,LRB-010,LRB,266,28,703,330.12,正常,10
2024-03-04,LFR-004,LFR,265,168,125,3133.2,过库存,18
2024-03-04,WLC-016,WLC,490,1195,128,37033.05,正常,4
2024-03-04,TLM-016,TLM,119,1317,552,45660.39,正常,17
2024-03-04,DRH-023,DRH,144,898,597,7381.56,正常,21
2024-03-04,BUM-013,BUM,64,525,106,3071.25,正常,9
2024-03-04,VEN-014,VEN,129,990,693,7029.0,过库存,4
2024-03-04,VEN-011,VEN,180,578,367,18675.18,正常,4
2024-03-04,DRH-005,DRH,378,101,257,2601.76,正常,16
2024-03-04,WLC-009,WLC,45,1647,766,50941.71,正常,6
2024-03-04,HND-005,HND,195,1652,116,45843.0,正常,17
2024-03-04,VEN-020,VEN,265,554,443,1069.22,正常,4
2024-03-04,VEN-017,VEN,271,1172,191,26557.52,过库存,26
2024-03-04,DUO-007,DUO,111,1510,281,18331.4,正常,0
2024-03-04,TLP-014,TLP,491,1312,635,42626.88,低库存预警,22
2024-03-04,CUP-004,CUP,457,1625,467,55526.25,正常,20
2024-03-04,VEN-029,VEN,99,1394,455,16156.46,过库存,28
2024-03-04,DUO-001,DUO,151,1643,767,30017.61,正常,27
2024-03-04,DRH-002,DRH,121,243,756,2281.77,正常,18
2024-03-04,DUO-010,DUO,236,155,424,2362.2,过库存,11
2024-03-04,DRH-012,DRH,280,1812,255,44430.24,过库存,30
2024-03-04,DUO-003,DUO,492,990,446,1574.1,正常,10
2024-03-04,VEN-022,VEN,340,218,456,7313.9,低库存预警,28
2024-03-04,TLM-012,TLM,221,1476,449,43630.56,过库存,11
2024-03-04,HND-015,HND,312,609,599,8446.83,低库存预警,8
2024-03-04,LRB-004,LRB,410,738,194,9653.04,正常,8
2024-03-04,LRB-011,LRB,499,1302,319,6900.6,低库存预警,25
2024-03-04,CUP-011,CUP,170,764,208,22492.16,过库存,25
2024-03-04,DUO-025,DUO,64,15,261,182.55,低库存预警,29
2024-03-04,HND-022,HND,264,1002,316,32314.5,正常,11
2024-03-04,VEN-015,VEN,234,1882,439,59904.06,正常,28
2024-03-04,LFR-005,LFR,444,1322,231,2260.62,正常,12
2024-03-04,TLM-028,TLM,249,1777,254,58658.77,过库存,12
2024-03-04,LFR-018,LFR,225,1785,106,43393.35,正常,4
2024-03-04,BUM-001,BUM,232,96,386,498.24,正常,0
2024-03-04,HND-019,HND,229,1079,402,23176.92,过库存,14
2024-03-04,TLP-002,TLP,196,1436,197,9535.04,低库存预警,30
2024-03-04,LRB-015,LRB,284,451,739,9534.14,正常,8
2024-03-04,VEN-028,VEN,299,735,483,13163.85,正常,30
2024-03-04,HND-006,HND,419,170,166,2007.7,正常,24
2024-03-04,DUO-023,DUO,274,470,273,15350.2,正常,24
2024-03-04,LFR-020,LFR,149,363,500,11282.04,过库存,27
2024-03-04,CUP-002,CUP,127,53,223,254.4,低库存预警,10
2024-03-04,VEN-005,VEN,73,437,302,7957.77,正常,24
2024-03-04,TLM-006,TLM,185,1407,475,9609.81,正常,20
2024-03-04,HND-025,HND,164,941,705,8600.74,正常,7
2024-03-04,LRB-020,LRB,367,811,431,17736.57,正常,22
2024-03-04,CUP-018,CUP,300,1014,285,18728.58,过库存,29
2024-03-04,BUM-008,BUM,136,1157,322,35149.66,正常,24
2024-03-04,DRH-013,DRH,304,365,310,2996.65,正常,24
2024-03-04,WLC-018,WLC,257,125,200,4065.0,正常,2
2024-03-04,TLP-007,TLP,233,1451,717,16889.64,正常,24
2024-03-04,HND-010,HND,126,1639,117,52988.87,低库存预警,15
2024-03-04,DRH-019,DRH,21,1997,446,38442.25,低库存预警,3
2024-03-04,WLC-014,WLC,386,1800,658,15552.0,正常,13
2024-03-04,TLM-010,TLM,394,1923,156,19153.08,过库存,1
2024-03-05,VEN-030,VEN,23,1352,778,15656.16,正常,18
2024-03-05,VEN-019,VEN,319,1670,648,28974.5,正常,0
2024-03-05,TLM-005,TLM,78,1599,712,34154.64,正常,15
2024-03-05,WLC-021,WLC,246,938,146,8413.86,正常,23
2024-03-05,VEN-020,VEN,48,839,114,1619.27,过库存,3
2024-03-05,CUP-025,CUP,218,849,359,27677.4,正常,12
2024-03-05,HND-010,HND,8,78,107,2521.74,正常,14
2024-03-05,LFR-002,LFR,200,861,629,9333.24,正常,22
2024-03-05,TLM-006,TLM,113,742,612,5067.86,低库存预警,5
2024-03-05,VEN-008,VEN,110,717,315,23818.74,过库存,23
2024-03-05,VEN-007,VEN,173,615,644,9348.0,正常,3
2024-03-05,LRB-022,LRB,491,1059,449,18680.76,正常,0
2024-03-05,LFR-014,LFR,272,1163,260,10711.23,过库存,28
2024-03-05,VEN-018,VEN,70,1554,733,9634.8,正常,10
2024-03-05,CUP-017,CUP,119,1956,124,24234.84,低库存预警,21
2024-03-05,VEN-015,VEN,239,283,655,9007.89,正常,10
2024-03-05,WLC-017,WLC,461,1581,204,4078.98,正常,19
2024-03-05,DRH-012,DRH,113,1567,237,38422.84,正常,2
2024-03-05,WLC-005,WLC,481,739,673,2837.76,过库存,14
2024-03-05,VEN-027,VEN,262,258,547,2316.84,正常,21
2024-03-05,TLM-028,TLM,256,1546,280,51033.46,低库存预警,14
2024-03-05,VEN-026,VEN,111,466,120,9888.52,过库存,3
2024-03-05,TLP-023,TLP,426,1822,569,46388.12,正常,20
2024-03-05,TLP-001,TLP,363,988,655,7597.72,正常,24
2024-03-05,HND-017,HND,227,1619,783,35585.62,正常,22
2024-03-05,CUP-011,CUP,259,1681,294,49488.64,正常,1
2024-03-05,LFR-004,LFR,318,1453,430,27098.45,正常,26
2024-03-05,DUO-007,DUO,279,1952,570,23697.28,低库存预警,1
2024-03-05,TLP-009,TLP,319,1747,285,44653.32,正常,10
2024-03-05,VEN-017,VEN,409,104,104,2356.64,过库存,13
2024-03-05,LRB-015,LRB,166,1625,447,34352.5,过库存,23
2024-03-05,DUO-021,DUO,111,1285,613,12130.4,过库存,27
2024-03-05,DUO-004,DUO,491,1565,239,32739.8,低库存预警,8
2024-03-05,VEN-024,VEN,292,712,734,9612.0,正常,12
2024-03-05,BUM-025,BUM,499,1015,690,22857.8,正常,9
2024-03-05,BUM-023,BUM,134,985,564,6116.85,低库存预警,10
2024-03-05,HND-023,HND,326,1430,702,13484.9,正常,21
2024-03-05,VEN-002,VEN,197,1064,480,35495.04,正常,7
2024-03-05,CUP-029,CUP,341,1880,223,4230.0,正常,8
2024-03-05,DRH-018,DRH,106,980,187,20109.6,正常,18
2024-03-05,TLM-009,TLM,157,1364,348,28043.84,低库存预警,9
2024-03-05,LRB-012,LRB,42,124,592,512.12,正常,10
2024-03-05,LFR-022,LFR,49,623,658,21717.78,过库存,16
2024-03-05,DRH-025,DRH,151,143,330,1502.93,低库存预警,6
2024-03-05,LRB-008,LRB,340,1038,605,32562.06,过库存,2
2024-03-05,HND-005,HND,211,1442,623,40015.5,低库存预警,6
2024-03-05,TLM-007,TLM,369,1929,333,6423.57,正常,2
2024-03-05,LFR-013,LFR,1,1990,755,22825.3,过库存,21
2024-03-05,TLM-011,TLM,74,731,769,25131.78,过库存,9
2024-03-05,WLC-014,WLC,69,1084,770,9365.76,正常,0
2024-03-05,HND-026,HND,368,1789,366,52972.29,过库存,14
2024-03-05,DUO-014,DUO,389,592,383,6861.28,正常,3
2024-03-05,DRH-026,DRH,58,581,507,1737.19,过库存,11
2024-03-05,TLP-025,TLP,307,1276,303,3917.32,正常,14
2024-03-05,LFR-003,LFR,16,461,533,12276.43,正常,5
2024-03-05,CUP-005,CUP,44,757,300,24890.16,正常,15
2024-03-05,TLP-012,TLP,143,1327,459,28331.45,正常,21
2024-03-05,BUM-016,BUM,10,350,178,3073.0,正常,0
2024-03-05,DRH-006,DRH,450,1472,288,26260.48,正常,15
2024-03-05,HND-006,HND,15,394,623,4653.14,正常,28
2024-03-06,VEN-021,VEN,366,1091,294,32457.25,正常,15
2024-03-06,TLM-011,TLM,450,1464,654,50332.32,正常,26
2024-03-06,CUP-003,CUP,421,872,329,29822.4,正常,24
2024-03-06,TLM-027,TLM,48,31,662,468.41,正常,2
2024-03-06,LFR-013,LFR,209,466,235,5345.02,正常,12
2024-03-06,LRB-004,LRB,293,1560,605,20404.8,过库存,15
2024-03-06,TLP-014,TLP,310,1749,244,56825.01,正常,14
2024-03-06,CUP-004,CUP,112,906,211,30958.02,正常,6
2024-03-06,DUO-020,DUO,3,517,499,10975.91,过库存,18
2024-03-06,TLP-009,TLP,181,1743,147,44551.08,低库存预警,12
2024-03-06,TLM-014,TLM,385,710,775,15307.6,正常,11
2024-03-06,CUP-009,CUP,369,1619,434,49007.13,正常,3
2024-03-06,TLP-020,TLP,13,1375,744,2392.5,正常,0
2024-03-06,BUM-023,BUM,333,1491,639,9259.11,过库存,24
2024-03-06,BUM-011,BUM,269,908,455,26041.44,低库存预警,0
2024-03-06,TLM-005,TLM,106,1678,424,35842.08,正常,10
2024-03-06,DUO-015,DUO,32,845,544,17508.4,过库存,3
2024-03-06,LFR-005,LFR,32,613,325,1048.23,正常,26
2024-03-06,CUP-025,CUP,127,597,376,19462.2,正常,9
2024-03-06,TLM-002,TLM,463,1834,335,9114.98,过库存,20
2024-03-06,TLP-012,TLP,171,1948,590,41589.8,正常,18
2024-03-06,TLP-023,TLP,9,1272,573,32385.12,过库存,11
2024-03-06,DUO-002,DUO,453,1014,177,17329.26,正常,23
2024-03-06,LRB-003,LRB,53,1744,139,34252.16,正常,0
2024-03-06,DRH-025,DRH,316,1463,362,15376.13,正常,2
2024-03-06,CUP-015,CUP,94,1764,215,53749.08,低库存预警,28
2024-03-06,DUO-019,DUO,475,895,354,13084.9,低库存预警,1
2024-03-06,LFR-014,LFR,415,199,585,1832.79,正常,17
2024-03-06,WLC-024,WLC,331,848,309,5724.0,正常,16
2024-03-06,TLP-010,TLP,150,163,550,764.47,正常,17
2024-03-06,TLM-004,TLM,282,921,266,29886.45,正常,30
2024-03-06,HND-009,HND,372,946,482,28815.16,正常,26
2024-03-06,TLP-017,TLP,226,1750,569,50627.5,过库存,9
2024-03-06,LRB-001,LRB,493,860,449,10844.6,低库存预警,19
2024-03-06,TLM-024,TLM,192,1784,269,29007.84,正常,23
2024-03-06,HND-026,HND,457,1237,283,36627.57,过库存,9
2024-03-06,CUP-026,CUP,343,1752,469,20375.76,过库存,24
2024-03-06,DUO-006,DUO,324,1065,444,35198.25,过库存,10
2024-03-06,TLM-020,TLM,233,62,414,1954.24,低库存预警,10
2024-03-06,BUM-019,BUM,446,963,790,17979.21,正常,9
2024-03-06,DRH-024,DRH,236,1333,552,10597.35,正常,19
2024-03-06,LFR-016,LFR,364,1335,359,22441.35,过库存,18
2024-03-06,VEN-004,VEN,225,1807,267,58474.52,正常,0
2024-03-06,DUO-018,DUO,96,120,276,307.2,低库存预警,19
2024-03-06,TLM-019,TLM,371,741,622,21852.09,低库存预警,15
2024-03-06,TLP-025,TLP,19,1788,798,5489.16,低库存预警,1
2024-03-06,TLM-018,TLM,1,6,270,177.78,正常,6
2024-03-06,WLC-020,WLC,296,1467,119,17295.93,正常,0
2024-03-06,TLP-019,TLP,211,1749,228,4407.48,过库存,26
2024-03-06,BUM-010,BUM,29,1875,518,58706.25,正常,23
2024-03-06,HND-008,HND,12,194,180,4807.32,过库存,14
2024-03-06,TLP-005,TLP,1,1437,341,8262.75,正常,5
2024-03-06,TLP-013,TLP,287,848,311,1967.36,正常,10
2024-03-06,LFR-015,LFR,20,567,588,2761.29,正常,4
2024-03-06,WLC-013,WLC,197,834,255,19515.6,正常,16
2024-03-06,LRB-021,LRB,313,1783,362,19452.53,过库存,12
2024-03-06,WLC-017,WLC,100,603,541,1555.74,正常,27
2024-03-06,VEN-008,VEN,56,1427,538,47404.94,正常,13
2024-03-06,WLC-009,WLC,439,592,272,18310.56,正常,7
2024-03-06,TLM-007,TLM,375,1794,760,5974.02,正常,24
2024-03-07,LRB-009,LRB,47,320,411,8652.8,正常,16
2024-03-07,DRH-023,DRH,31,318,702,2613.96,正常,30
2024-03-07,HND-027,HND,469,1738,561,43102.4,正常,6
2024-03-07,VEN-008,VEN,102,886,344,29432.92,低库存预警,1
2024-03-07,TLP-002,TLP,125,1638,398,10876.32,正常,14
2024-03-07,DRH-004,DRH,123,1249,680,18710.02,正常,5
2024-03-07,WLC-012,WLC,181,419,627,4977.72,低库存预警,14
2024-03-07,DRH-009,DRH,119,1566,355,20264.04,正常,15
2024-03-07,HND-015,HND,43,1823,143,25285.01,正常,13
2024-03-07,VEN-025,VEN,327,1223,236,16596.11,正常,3
2024-03-07,DRH-001,DRH,229,1336,374,39986.48,正常,15
2024-03-07,WLC-008,WLC,378,54,254,915.3,正常,24
2024-03-07,TLP-017,TLP,154,937,257,27107.41,过库存,30
2024-03-07,HND-013,HND,361,874,256,14665.72,低库存预警,29
2024-03-07,TLP-003,TLP,88,1717,543,25926.7,过库存,4
2024-03-07,TLM-004,TLM,389,541,429,17555.45,过库存,13
2024-03-07,VEN-026,VEN,202,811,293,17209.42,过库存,15
2024-03-07,LFR-008,LFR,148,755,596,14964.1,过库存,18
2024-03-07,DRH-026,DRH,214,1119,237,3345.81,过库存,6
2024-03-07,CUP-018,CUP,226,1626,510,30032.22,正常,25
2024-03-07,TLP-008,TLP,379,256,127,6123.52,正常,22
2024-03-07,DRH-017,DRH,417,840,183,4342.8,低库存预警,17
2024-03-07,CUP-005,CUP,222,1250,187,41100.0,正常,1
2024-03-07,WLC-024,WLC,100,1121,431,7566.75,正常,9
2024-03-07,VEN-024,VEN,61,362,219,4887.0,正常,26
2024-03-07,CUP-007,CUP,420,1647,602,34801.11,正常,26
2024-03-07,BUM-003,BUM,164,1628,461,28750.48,正常,12
2024-03-07,WLC-007,WLC,104,1303,557,44823.2,正常,16
2024-03-07,TLM-009,TLM,13,1061,490,21814.16,低库存预警,27
2024-03-07,LFR-018,LFR,150,1643,259,39941.33,过库存,12
2024-03-07,CUP-015,CUP,127,1574,586,47959.78,正常,28
2024-03-07,TLM-017,TLM,106,1934,625,25741.54,过库存,27
2024-03-07,WLC-003,WLC,258,1421,724,10316.46,低库存预警,14
2024-03-07,CUP-025,CUP,484,1607,121,52388.2,正常,17
2024-03-07,DRH-019,DRH,123,1626,722,31300.5,正常,1
2024-03-07,BUM-014,BUM,128,316,139,2395.28,正常,13
2024-03-07,CUP-027,CUP,479,1896,435,38014.8,正常,13
2024-03-07,LFR-006,LFR,374,708,224,5324.16,正常,24
2024-03-07,TLM-015,TLM,216,1916,772,14274.2,正常,19
2024-03-07,VEN-023,VEN,213,1049,569,7951.42,过库存,19
2024-03-07,HND-003,HND,236,228,407,2451.0,正常,1
2024-03-07,LFR-012,LFR,460,763,423,13604.29,正常,6
2024-03-07,DUO-009,DUO,49,967,189,20277.99,正常,15
2024-03-07,DRH-011,DRH,265,837,409,25486.65,过库存,2
2024-03-07,BUM-028,BUM,16,457,472,14267.54,正常,2
2024-03-07,DUO-023,DUO,238,450,307,14697.0,正常,3
2024-03-07,LFR-022,LFR,372,446,593,15547.56,正常,13
2024-03-07,DRH-024,DRH,46,1988,503,15804.6,低库存预警,15
2024-03-07,WLC-017,WLC,98,283,455,730.14,正常,13
2024-03-07,CUP-028,CUP,289,1978,217,24111.82,过库存,15
2024-03-07,VEN-004,VEN,71,620,787,20063.2,正常,24
2024-03-07,TLP-016,TLP,245,216,773,5579.28,低库存预警,15
2024-03-07,HND-016,HND,148,1325,318,20153.25,低库存预警,2
2024-03-07,LFR-020,LFR,451,1291,596,40124.28,低库存预警,6
2024-03-07,DUO-007,DUO,281,103,422,1250.42,正常,18
2024-03-07,DUO-020,DUO,251,13,792,275.99,正常,0
2024-03-07,BUM-011,BUM,293,642,532,18412.56,低库存预警,28
2024-03-07,HND-025,HND,268,1522,506,13911.08,正常,27
2024-03-07,CUP-016,CUP,172,937,149,14158.07,正常,10
2024-03-07,TLP-025,TLP,471,575,164,1765.25,低库存预警,15
2024-03-08,HND-010,HND,440,1479,787,47816.07,正常,30
2024-03-08,BUM-025,BUM,63,782,286,17610.64,正常,14
2024-03-08,TLP-008,TLP,222,644,727,15404.48,低库存预警,21
2024-03-08,LRB-009,LRB,142,1186,561,32069.44,正常,1
2024-03-08,CUP-008,CUP,174,1060,686,2226.0,低库存预警,11
2024-03-08,DUO-003,DUO,285,931,123,1480.29,过库存,11
2024-03-08,TLM-011,TLM,100,792,403,27228.96,正常,22
2024-03-08,WLC-023,WLC,339,702,419,16791.84,正常,15
2024-03-08,BUM-013,BUM,60,1615,255,9447.75,正常,2
2024-03-08,CUP-001,CUP,466,813,238,5365.8,过库存,5
2024-03-08,VEN-020,VEN,480,1927,576,3719.11,过库存,22
2024-03-08,LRB-020,LRB,225,712,406,15571.44,正常,24
2024-03-08,LFR-002,LFR,424,237,105,2569.08,过库存,11
2024-03-08,LFR-009,LFR,293,1580,680,25975.2,正常,9
2024-03-08,TLP-004,TLP,318,1868,167,15878.0,正常,0
2024-03-08,DRH-027,DRH,443,1263,538,31511.85,正常,5
2024-03-08,BUM-001,BUM,311,34,713,176.46,低库存预警,21
2024-03-08,TLM-018,TLM,316,1160,623,34370.8,低库存预警,5
2024-03-08,LRB-014,LRB,220,1184,188,22448.64,正常,0
2024-03-08,VEN-030,VEN,223,1766,519,20450.28,正常,2
2024-03-08,LFR-006,LFR,393,1498,233,11264.96,正常,26
2024-03-08,TLP-013,TLP,366,235,202,545.2,正常,0
2024-03-08,CUP-002,CUP,393,1927,445,9249.6,正常,17
2024-03-08,CUP-015,CUP,262,912,798,27788.64,过库存,29
2024-03-08,HND-003,HND,55,566,759,6084.5,过库存,6
2024-03-08,BUM-024,BUM,312,537,513,14901.75,正常,29
2024-03-08,VEN-002,VEN,459,711,413,23718.96,低库存预警,20
2024-03-08,TLM-019,TLM,197,1191,668,35122.59,正常,10
2024-03-08,VEN-012,VEN,425,294,685,4395.3,正常,18
2024-03-08,HND-006,HND,66,1832,630,21635.92,低库存预警,18
2024-03-08,LFR-015,LFR,39,976,583,4753.12,低库存预警,23
2024-03-08,BUM-015,BUM,389,13,505,148.46,正常,18
2024-03-08,CUP-009,CUP,122,558,593,16890.66,过库存,6
2024-03-08,TLM-024,TLM,409,1836,383,29853.36,正常,27
2024-03-08,TLP-017,TLP,177,604,714,17473.72,正常,19
2024-03-08,LRB-016,LRB,139,996,224,23684.88,低库存预警,20
2024-03-08,LRB-003,LRB,123,247,451,4851.08,低库存预警,26
2024-03-08,DRH-017,DRH,395,429,148,2217.93,低库存预警,3
2024-03-08,CUP-010,CUP,216,475,656,13637.25,正常,29
2024-03-08,TLM-009,TLM,483,1941,666,39906.96,低库存预警,0
2024-03-08,CUP-017,CUP,118,1966,245,24358.74,过库存,15
2024-03-08,DUO-023,DUO,196,1754,108,57285.64,正常,19
2024-03-08,VEN-023,VEN,486,1495,410,11332.1,低库存预警,10
2024-03-08,DRH-010,DRH,138,1630,400,10692.8,过库存,28
2024-03-08,HND-008,HND,333,33,482,817.74,低库存预警,7
2024-03-08,TLP-010,TLP,491,1446,799,6781.74,正常,18
2024-03-08,LFR-004,LFR,34,1846,595,34427.9,正常,26
2024-03-08,TLP-012,TLP,454,1635,461,34907.25,正常,26
2024-03-08,VEN-005,VEN,29,1820,121,33142.2,正常,12
2024-03-08,WLC-010,WLC,123,529,165,13314.93,正常,18
2024-03-08,DRH-001,DRH,414,418,585,12510.74,正常,28
2024-03-08,BUM-017,BUM,263,144,713,843.84,正常,16
2024-03-08,DUO-019,DUO,213,782,239,11432.84,低库存预警,25
2024-03-08,CUP-025,CUP,192,1116,458,36381.6,正常,25
2024-03-08,DUO-018,DUO,490,992,439,2539.52,低库存预警,15
2024-03-08,VEN-021,VEN,370,1243,362,36979.25,正常,28
2024-03-08,VEN-028,VEN,458,1392,427,24930.72,正常,8
2024-03-08,LRB-012,LRB,60,1368,292,5649.84,正常,14
2024-03-08,TLP-021,TLP,172,1975,414,17143.0,正常,18
2024-03-08,BUM-018,BUM,489,950,611,15618.0,过库存,0
2024-03-09,HND-010,HND,157,1126,286,36403.58,正常,16
2024-03-09,LFR-013,LFR,24,1090,676,12502.3,正常,29
2024-03-09,VEN-022,VEN,377,890,560,29859.5,正常,15
2024-03-09,WLC-011,WLC,4,1045,364,17085.75,正常,24
2024-03-09,DRH-018,DRH,123,1106,733,22695.12,过库存,14
2024-03-09,DUO-011,DUO,486,540,391,3159.0,过库存,12
2024-03-09,HND-004,HND,13,1142,558,14834.58,正常,6
2024-03-09,WLC-009,WLC,338,559,760,17289.87,过库存,22
2024-03-09,LRB-010,LRB,274,701,447,8264.79,正常,22
2024-03-09,DUO-015,DUO,255,80,605,1657.6,低库存预警,19
2024-03-09,LRB-002,LRB,399,1487,370,38349.73,正常,30
2024-03-09,WLC-023,WLC,146,164,336,3922.88,正常,10
2024-03-09,DRH-009,DRH,332,1588,321,20548.72,过库存,10
2024-03-09,CUP-020,CUP,220,242,591,1369.72,低库存预警,10
2024-03-09,TLM-021,TLM,360,804,392,5523.48,正常,7
2024-03-09,WLC-005,WLC,219,723,352,2776.32,正常,27
2024-03-09,WLC-007,WLC,62,723,656,24871.2,正常,13
2024-03-09,TLM-016,TLM,492,513,191,17785.71,低库存预警,5
2024-03-09,TLM-010,TLM,226,890,735,8864.4,正常,30
2024-03-09,BUM-011,BUM,388,783,720,22456.44,低库存预警,30
2024-03-09,VEN-009,VEN,186,1469,665,13367.9,低库存预警,25
2024-03-09,DRH-016,DRH,126,1133,136,22059.51,正常,13
2024-03-09,BUM-026,BUM,224,659,168,7301.72,正常,9
2024-03-09,VEN-015,VEN,494,1497,606,47649.51,正常,11
2024-03-09,VEN-001,VEN,425,697,628,2439.5,正常,20
2024-03-09,CUP-011,CUP,257,757,183,22286.08,过库存,16
2024-03-09,BUM-023,BUM,58,26,489,161.46,正常,24
2024-03-09,HND-022,HND,322,622,525,20059.5,低库存预警,5
2024-03-09,DUO-023,DUO,213,1169,785,38179.54,正常,30
2024-03-09,TLP-020,TLP,313,284,624,494.16,正常,3
2024-03-09,DUO-006,DUO,348,1291,541,42667.55,正常,26
2024-03-09,LRB-001,LRB,191,552,589,6960.72,低库存预警,3
2024-03-09,VEN-024,VEN,375,862,796,11637.0,正常,29
2024-03-09,DUO-001,DUO,146,1079,700,19713.33,正常,3
2024-03-09,CUP-006,CUP,443,853,691,16198.47,低库存预警,28
2024-03-09,BUM-007,BUM,258,1554,375,15757.56,低库存预警,22
2024-03-09,BUM-020,BUM,61,174,191,5914.26,过库存,28
2024-03-09,LRB-004,LRB,490,1391,698,18194.28,低库存预警,4
2024-03-09,VEN-023,VEN,160,1028,148,7792.24,过库存,19
2024-03-09,VEN-016,VEN,3,1463,318,48849.57,正常,19
2024-03-09,DUO-005,DUO,18,1426,435,16997.92,低库存预警,2
2024-03-09,LFR-007,LFR,389,98,676,341.04,过库存,2
2024-03-09,TLP-004,TLP,358,1635,523,13897.5,正常,3
2024-03-09,DRH-014,DRH,156,1155,384,8743.35,低库存预警,25
2024-03-09,DUO-017,DUO,1,1164,659,15690.72,低库存预警,2
2024-03-09,LFR-006,LFR,496,1803,754,13558.56,正常,26
2024-03-09,TLP-009,TLP,30,1505,640,38467.8,正常,10
2024-03-09,HND-005,HND,298,503,592,13958.25,过库存,14
2024-03-09,HND-024,HND,174,143,265,2992.99,正常,10
2024-03-09,VEN-013,VEN,85,524,153,16312.12,低库存预警,28
2024-03-09,VEN-026,VEN,488,1840,411,39044.8,正常,26
2024-03-09,DRH-011,DRH,184,459,310,13976.55,低库存预警,3
2024-03-09,DRH-003,DRH,457,1561,562,14532.91,正常,10
2024-03-09,BUM-017,BUM,114,1922,252,11262.92,正常,17
2024-03-09,HND-014,HND,373,970,634,21999.6,正常,7
2024-03-09,VEN-003,VEN,271,1683,146,49429.71,正常,5
2024-03-09,WLC-010,WLC,161,1746,130,43946.82,低库存预警,22
2024-03-09,TLP-018,TLP,34,1030,783,18385.5,正常,8
2024-03-09,WLC-002,WLC,394,592,627,15285.44,过库存,15
2024-03-09,DRH-001,DRH,209,1686,623,50461.98,过库存,9
2024-03-10,WLC-005,WLC,186,1987,544,7630.08,过库存,20
2024-03-10,TLP-002,TLP,418,684,581,4541.76,低库存预警,6
2024-03-10,VEN-010,VEN,76,487,155,6379.7,正常,0
2024-03-10,WLC-011,WLC,382,1178,495,19260.3,正常,23
2024-03-10,BUM-009,BUM,229,1008,249,22307.04,正常,3
2024-03-10,BUM-016,BUM,208,811,709,7120.58,正常,14
2024-03-10,WLC-016,WLC,49,782,208,24234.18,低库存预警,6
2024-03-10,DUO-001,DUO,179,1241,223,22673.07,过库存,19
2024-03-10,TLM-005,TLM,347,560,759,11961.6,正常,4
2024-03-10,TLM-008,TLM,358,392,102,9129.68,正常,6
2024-03-10,CUP-022,CUP,66,1880,144,28538.4,正常,0
2024-03-10,LRB-020,LRB,38,707,547,15462.09,正常,3
2024-03-10,LRB-007,LRB,306,195,717,1008.15,正常,9
2024-03-10,LFR-005,LFR,463,1156,671,1976.76,正常,5
2024-03-10,VEN-030,VEN,33,693,490,8024.94,过库存,19
2024-03-10,DRH-015,DRH,385,791,338,5900.86,过库存,6
2024-03-10,TLM-009,TLM,384,522,611,10732.32,过库存,21
2024-03-10,DRH-001,DRH,203,1972,748,59021.96,正常,28
2024-03-10,LFR-015,LFR,339,1688,606,8220.56,过库存,14
2024-03-10,VEN-019,VEN,479,153,742,2654.55,正常,22
2024-03-10,TLM-011,TLM,265,1480,591,50882.4,正常,26
2024-03-10,LFR-011,LFR,454,431,685,8520.87,正常,0
2024-03-10,DUO-007,DUO,228,1855,464,22519.7,正常,2
2024-03-10,VEN-006,VEN,361,1206,746,16835.76,正常,24
2024-03-10,TLM-007,TLM,106,814,585,2710.62,正常,11
2024-03-10,DRH-020,DRH,492,1039,120,31523.26,正常,27
2024-03-10,TLM-004,TLM,212,551,169,17879.95,正常,1
2024-03-10,BUM-027,BUM,60,695,583,5886.65,正常,1
2024-03-10,WLC-023,WLC,265,117,578,2798.64,正常,24
2024-03-10,TLM-027,TLM,193,11,337,166.21,正常,24
2024-03-10,TLM-026,TLM,81,1233,476,22933.8,正常,25
2024-03-10,LFR-003,LFR,458,980,134,26097.4,正常,12
2024-03-10,HND-005,HND,415,399,256,11072.25,正常,23
2024-03-10,TLP-022,TLP,133,292,789,6879.52,正常,23
2024-03-10,DUO-013,DUO,256,442,161,1569.1,过库存,9
2024-03-10,WLC-017,WLC,225,679,652,1751.82,正常,12
2024-03-10,TLP-009,TLP,354,483,540,12345.48,低库存预警,14
2024-03-10,VEN-028,VEN,161,1364,274,24429.24,过库存,25
2024-03-10,DRH-003,DRH,336,1052,441,9794.12,正常,7
2024-03-10,TLP-010,TLP,233,1411,386,6617.59,正常,17
2024-03-10,TLM-018,TLM,380,1435,393,42519.05,低库存预警,15
2024-03-10,TLP-014,TLP,416,1787,565,58059.63,正常,20
2024-03-10,DUO-011,DUO,329,6,796,35.1,正常,21
2024-03-10,TLP-012,TLP,318,1448,695,30914.8,正常,16
2024-03-10,DRH-019,DRH,367,1615,491,31088.75,正常,0
2024-03-10,HND-027,HND,246,1218,756,30206.4,低库存预警,0
2024-03-10,DRH-013,DRH,352,662,647,5435.02,正常,30
2024-03-10,TLP-023,TLP,317,692,502,17618.32,正常,23
2024-03-10,LRB-017,LRB,416,5,677,127.25,正常,16
2024-03-10,DUO-016,DUO,272,539,493,12240.69,正常,0
2024-03-10,HND-001,HND,428,788,353,5240.2,低库存预警,9
2024-03-10,BUM-023,BUM,220,224,611,1391.04,正常,30
2024-03-10,DRH-030,DRH,258,585,503,3153.15,正常,5
2024-03-10,LFR-013,LFR,355,97,589,1112.59,正常,7
2024-03-10,CUP-001,CUP,22,1854,402,12236.4,过库存,23
2024-03-10,HND-006,HND,81,1184,182,13983.04,正常,26
2024-03-10,VEN-007,VEN,278,1988,647,30217.6,低库存预警,1
2024-03-10,DRH-022,DRH,50,274,755,3340.06,过库存,6
2024-03-10,TLM-024,TLM,370,424,680,6894.24,正常,25
2024-03-10,TLP-018,TLP,465,444,106,7925.4,过库存,23
2024-03-11,TLP-009,TLP,425,909,278,23234.04,过库存,11
2024-03-11,DRH-019,DRH,381,76,294,1463.0,过库存,5
2024-03-11,DUO-002,DUO,288,1517,684,25925.53,正常,29
2024-03-11,LRB-002,LRB,293,387,728,9980.73,过库存,1
2024-03-11,WLC-020,WLC,483,363,127,4279.77,过库存,9
2024-03-11,HND-015,HND,446,559,565,7753.33,过库存,20
2024-03-11,LFR-009,LFR,390,1142,506,18774.48,过库存,29
2024-03-11,DUO-010,DUO,90,1971,510,30038.04,过库存,30
2024-03-11,TLM-019,TLM,29,1514,145,44647.86,低库存预警,12
2024-03-11,BUM-019,BUM,326,1946,154,36331.82,过库存,11
2024-03-11,TLM-007,TLM,360,1797,641,5984.01,正常,29
2024-03-11,TLP-010,TLP,140,442,528,2072.98,正常,23
2024-03-11,LFR-016,LFR,288,821,685,13801.01,正常,5
2024-03-11,LFR-014,LFR,373,249,625,2293.29,正常,0
2024-03-11,WLC-009,WLC,205,614,624,18991.02,正常,9
2024-03-11,CUP-026,CUP,319,1587,763,18456.81,低库存预警,24
2024-03-11,DRH-002,DRH,362,618,582,5803.02,正常,0
2024-03-11,TLM-009,TLM,299,442,504,9087.52,正常,21
2024-03-11,HND-016,HND,321,1411,309,21461.31,正常,11
2024-03-11,VEN-002,VEN,320,1526,619,50907.36,低库存预警,11
2024-03-11,HND-013,HND,7,500,760,8390.0,过库存,7
2024-03-11,TLP-006,TLP,366,1130,531,32148.5,正常,3
2024-03-11,BUM-007,BUM,116,1722,184,17461.08,低库存预警,2
2024-03-11,BUM-018,BUM,484,1446,643,23772.24,正常,15
2024-03-11,TLP-015,TLP,332,1456,426,29338.4,正常,3
2024-03-11,LFR-006,LFR,407,1861,167,13994.72,正常,2
2024-03-11,HND-024,HND,272,504,800,10548.72,正常,27
2024-03-11,DRH-015,DRH,101,501,193,3737.46,正常,8
2024-03-11,TLP-025,TLP,231,465,659,1427.55,正常,27
2024-03-11,TLM-020,TLM,322,1448,648,45640.96,过库存,12
2024-03-11,BUM-004,BUM,449,1880,594,60780.4,低库存预警,23
2024-03-11,HND-021,HND,313,280,325,7445.2,正常,2
2024-03-11,LRB-010,LRB,405,895,484,10552.05,低库存预警,2
2024-03-11,TLM-014,TLM,370,484,444,10435.04,正常,17
2024-03-11,CUP-017,CUP,25,1757,385,21769.23,正常,11
2024-03-11,TLM-025,TLM,488,239,213,3221.72,正常,17
2024-03-11,CUP-002,CUP,86,407,434,1953.6,正常,13
2024-03-11,VEN-023,VEN,18,1226,687,9293.08,正常,20
2024-03-11,CUP-028,CUP,62,506,113,6168.14,低库存预警,30
2024-03-11,DUO-015,DUO,274,1880,800,38953.6,低库存预警,25
2024-03-11,BUM-008,BUM,412,830,111,25215.4,过库存,1
2024-03-11,CUP-005,CUP,474,1226,783,40310.88,正常,30
2024-03-11,CUP-016,CUP,284,1402,753,21184.22,正常,10
2024-03-11,TLP-013,TLP,208,1192,762,2765.44,正常,9
2024-03-11,CUP-024,CUP,295,1593,568,2947.05,正常,25
2024-03-11,BUM-014,BUM,192,429,576,3251.82,正常,1
2024-03-11,LFR-007,LFR,97,1428,388,4969.44,低库存预警,6
2024-03-11,DUO-020,DUO,268,306,279,6496.38,低库存预警,20
2024-03-11,CUP-021,CUP,483,786,487,21591.42,低库存预警,0
2024-03-11,DRH-012,DRH,384,275,244,6743.0,过库存,7
2024-03-11,BUM-027,BUM,312,1540,586,13043.8,正常,5
2024-03-11,WLC-006,WLC,73,724,754,8622.84,低库存预警,22
2024-03-11,WLC-011,WLC,305,1925,127,31473.75,正常,7
2024-03-11,VEN-019,VEN,276,1299,528,22537.65,低库存预警,30
2024-03-11,CUP-006,CUP,276,224,152,4253.76,正常,16
2024-03-11,VEN-004,VEN,499,1046,345,33848.56,正常,17
2024-03-11,WLC-017,WLC,450,990,199,2554.2,正常,13
2024-03-11,DUO-022,DUO,120,944,291,3624.96,正常,2
2024-03-11,LRB-017,LRB,95,1915,530,48736.75,正常,8
2024-03-11,VEN-026,VEN,310,1340,339,28434.8,过库存,18
2024-03-12,HND-007,HND,243,18,781,70.56,低库存预警,22
2024-03-12,BUM-018,BUM,95,1602,375,26336.88,正常,2
2024-03-12,HND-014,HND,86,1844,114,41821.92,正常,15
2024-03-12,WLC-008,WLC,167,381,204,6457.95,正常,11
2024-03-12,HND-022,HND,333,515,623,16608.75,正常,4
2024-03-12,BUM-009,BUM,173,1830,442,40497.9,低库存预警,20
2024-03-12,TLM-009,TLM,470,1613,104,33163.28,低库存预警,6
2024-03-12,TLP-011,TLP,401,1095,382,37525.65,低库存预警,13
2024-03-12,DUO-022,DUO,376,1974,273,7580.16,低库存预警,2
2024-03-12,BUM-023,BUM,37,992,229,6160.32,正常,24
2024-03-12,HND-021,HND,219,257,562,6833.63,正常,16
2024-03-12,VEN-030,VEN,141,1668,179,19315.44,正常,26
2024-03-12,TLP-023,TLP,284,1051,495,26758.46,正常,0
2024-03-12,WLC-019,WLC,360,1276,325,25111.68,过库存,16
2024-03-12,HND-008,HND,13,1058,787,26217.24,正常,6
2024-03-12,CUP-020,CUP,232,31,579,175.46,过库存,18
2024-03-12,TLM-008,TLM,301,437,492,10177.73,正常,3
2024-03-12,TLP-020,TLP,238,399,611,694.26,低库存预警,6
2024-03-12,TLM-027,TLM,184,827,191,12495.97,正常,30
2024-03-12,TLP-016,TLP,425,431,466,11132.73,正常,20
2024-03-12,TLM-006,TLM,166,1718,423,11733.94,过库存,19
2024-03-12,DRH-025,DRH,66,1545,477,16237.95,正常,28
2024-03-12,WLC-018,WLC,462,238,391,7739.76,正常,8
2024-03-12,DUO-021,DUO,320,1266,238,11951.04,低库存预警,29
2024-03-12,HND-005,HND,181,1407,681,39044.25,正常,18
2024-03-12,TLP-024,TLP,403,1289,139,4511.5,低库存预警,7
2024-03-12,CUP-023,CUP,370,1212,653,15368.16,正常,22
2024-03-12,BUM-013,BUM,22,359,566,2100.15,正常,19
2024-03-12,LFR-016,LFR,104,1714,753,28812.34,正常,13
2024-03-12,VEN-015,VEN,195,102,372,3246.66,过库存,4
2024-03-12,VEN-024,VEN,443,1546,335,20871.0,正常,20
2024-03-12,HND-015,HND,407,1606,230,22275.22,过库存,8
2024-03-12,LRB-019,LRB,31,875,643,29627.5,正常,20
2024-03-12,LRB-004,LRB,486,1360,748,17788.8,正常,25
2024-03-12,CUP-029,CUP,87,920,303,2070.0,正常,13
2024-03-12,BUM-008,BUM,271,334,784,10146.92,过库存,29
2024-03-12,HND-011,HND,358,1794,682,20361.9,正常,16
2024-03-12,TLM-014,TLM,455,979,669,21107.24,低库存预警,17
2024-03-12,DRH-001,DRH,195,1156,379,34599.08,正常,24
2024-03-12,WLC-021,WLC,231,1478,100,13257.66,正常,30
2024-03-12,VEN-029,VEN,481,681,313,7892.79,正常,14
2024-03-12,DRH-004,DRH,212,365,162,5467.7,正常,17
2024-03-12,TLM-021,TLM,22,219,181,1504.53,正常,7
2024-03-12,HND-010,HND,26,973,322,31457.09,正常,23
2024-03-12,TLM-007,TLM,415,948,769,3156.84,正常,23
2024-03-12,DUO-019,DUO,479,49,466,716.38,过库存,20
2024-03-12,BUM-011,BUM,430,1037,195,29741.16,过库存,4
2024-03-12,HND-027,HND,146,1439,216,35687.2,过库存,8
2024-03-12,BUM-020,BUM,168,846,622,28755.54,正常,13
2024-03-12,DRH-017,DRH,104,890,288,4601.3,正常,26
2024-03-12,WLC-022,WLC,427,876,748,29424.84,低库存预警,24
2024-03-12,DUO-017,DUO,0,397,663,5351.56,正常,1
2024-03-12,DRH-006,DRH,300,40,118,713.6,低库存预警,6
2024-03-12,DRH-018,DRH,316,651,567,13358.52,正常,22
2024-03-12,DUO-015,DUO,247,387,112,8018.64,过库存,30
2024-03-12,VEN-026,VEN,399,1922,123,40784.84,正常,29
2024-03-12,LFR-005,LFR,360,1184,338,2024.64,过库存,15
2024-03-12,TLM-028,TLM,465,1313,210,43342.13,正常,4
2024-03-12,LFR-021,LFR,139,756,267,14794.92,正常,29
2024-03-12,WLC-016,WLC,165,1490,260,46175.1,正常,30
2024-03-13,TLP-005,TLP,383,1028,109,5911.0,低库存预警,30
2024-03-13,CUP-006,CUP,97,1749,750,33213.51,正常,30
2024-03-13,HND-007,HND,195,1208,427,4735.36,低库存预警,26
2024-03-13,DUO-018,DUO,373,908,412,2324.48,正常,23
2024-03-13,VEN-021,VEN,357,655,370,19486.25,正常,15
2024-03-13,LRB-008,LRB,423,641,463,20108.17,正常,27
2024-03-13,LRB-021,LRB,182,1806,140,19703.46,过库存,1
2024-03-13,DUO-014,DUO,455,1300,331,15067.0,正常,6
2024-03-13,DRH-030,DRH,212,842,775,4538.38,正常,29
2024-03-13,LFR-020,LFR,448,589,467,18306.12,正常,2
2024-03-13,VEN-002,VEN,244,976,314,32559.36,低库存预警,7
2024-03-13,HND-013,HND,181,150,608,2517.0,正常,14
2024-03-13,TLP-002,TLP,259,1441,531,9568.24,低库存预警,14
2024-03-13,TLP-024,TLP,366,745,141,2607.5,正常,24
2024-03-13,CUP-010,CUP,261,88,218,2526.48,低库存预警,2
2024-03-13,DRH-009,DRH,260,1015,179,13134.1,正常,27
2024-03-13,DRH-014,DRH,208,519,741,3928.83,正常,28
2024-03-13,TLP-008,TLP,346,653,591,15619.76,过库存,25
2024-03-13,DUO-025,DUO,100,364,734,4429.88,正常,5
2024-03-13,WLC-025,WLC,187,1906,389,50699.6,低库存预警,5
2024-03-13,TLM-024,TLM,92,824,637,13398.24,正常,2
2024-03-13,TLP-004,TLP,423,622,441,5287.0,正常,13
2024-03-13,HND-012,HND,371,537,206,2298.36,正常,3
2024-03-13,HND-015,HND,161,550,239,7628.5,正常,2
2024-03-13,HND-023,HND,358,214,513,2018.02,过库存,19
2024-03-13,DRH-005,DRH,424,1415,779,36450.4,低库存预警,30
2024-03-13,TLP-012,TLP,44,490,709,10461.5,正常,21
2024-03-13,DRH-001,DRH,177,942,756,28194.06,正常,29
2024-03-13,TLM-004,TLM,418,300,760,9735.0,正常,10
2024-03-13,DRH-011,DRH,358,1152,501,35078.4,正常,1
2024-03-13,BUM-001,BUM,464,1545,209,8018.55,低库存预警,18
2024-03-13,WLC-005,WLC,442,1092,684,4193.28,正常,6
2024-03-13,HND-021,HND,373,1878,574,49936.02,正常,1
2024-03-13,LRB-018,LRB,491,1954,493,21181.36,低库存预警,8
2024-03-13,WLC-016,WLC,148,1679,673,52032.21,正常,22
2024-03-13,LFR-009,LFR,159,1568,421,25777.92,正常,30
2024-03-13,CUP-020,CUP,361,1998,489,11308.68,过库存,4
2024-03-13,BUM-002,BUM,296,1483,685,32136.61,正常,16
2024-03-13,DUO-003,DUO,422,586,706,931.74,低库存预警,10
2024-03-13,VEN-003,VEN,220,821,475,24112.77,过库存,9
2024-03-13,CUP-001,CUP,98,1601,457,10566.6,正常,30
2024-03-13,HND-004,HND,34,285,721,3702.15,低库存预警,28
2024-03-13,TLM-010,TLM,52,444,216,4422.24,正常,19
2024-03-13,DRH-002,DRH,208,1604,750,15061.56,过库存,28
2024-03-13,TLM-021,TLM,497,630,509,4328.1,正常,12
2024-03-13,TLM-026,TLM,152,1486,280,27639.6,正常,2
2024-03-13,LRB-014,LRB,417,1711,380,32440.56,低库存预警,13
2024-03-13,LRB-015,LRB,64,309,154,6532.26,正常,19
2024-03-13,CUP-029,CUP,454,1151,795,2589.75,过库存,1
2024-03-13,TLM-005,TLM,50,1160,286,24777.6,正常,13
2024-03-13,HND-026,HND,132,580,618,17173.8,低库存预警,11
2024-03-13,LFR-016,LFR,243,34,390,571.54,正常,10
2024-03-13,VEN-026,VEN,334,624,260,13241.28,正常,18
2024-03-13,TLM-018,TLM,451,1787,224,52948.81,正常,8
2024-03-13,CUP-024,CUP,455,1562,426,2889.7,正常,10
2024-03-13,TLP-025,TLP,413,1258,295,3862.06,正常,12
2024-03-13,TLM-027,TLM,337,354,260,5348.94,正常,10
2024-03-13,HND-002,HND,419,1162,123,10690.4,低库存预警,5
2024-03-13,TLM-017,TLM,456,265,166,3527.15,正常,3
2024-03-13,BUM-009,BUM,213,1079,169,23878.27,正常,21
2024-03-14,DRH-020,DRH,201,1585,662,48088.9,正常,27
2024-03-14,LRB-012,LRB,221,1988,133,8210.44,过库存,22
2024-03-14,VEN-018,VEN,197,612,784,3794.4,正常,12
2024-03-14,DUO-003,DUO,297,698,471,1109.82,过库存,30
2024-03-14,LFR-006,LFR,361,1539,680,11573.28,正常,19
2024-03-14,LRB-019,LRB,99,1247,424,42223.42,正常,21
2024-03-14,VEN-004,VEN,368,1983,778,64169.88,低库存预警,24
2024-03-14,VEN-019,VEN,302,1242,773,21548.7,正常,17
2024-03-14,HND-020,HND,263,268,387,2639.8,低库存预警,12
2024-03-14,HND-013,HND,336,1425,595,23911.5,正常,23
2024-03-14,HND-014,HND,99,908,371,20593.44,正常,0
2024-03-14,TLP-013,TLP,289,280,219,649.6,低库存预警,19
2024-03-14,TLM-023,TLM,412,498,599,15318.48,过库存,28
2024-03-14,TLM-012,TLM,398,1406,644,41561.36,低库存预警,17
2024-03-14,DRH-008,DRH,98,1306,314,45540.22,正常,18
2024-03-14,CUP-018,CUP,407,1161,675,21443.67,过库存,5
2024-03-14,BUM-005,BUM,457,1713,418,28281.63,低库存预警,22
2024-03-14,BUM-018,BUM,4,498,415,8187.12,过库存,15
2024-03-14,DUO-014,DUO,127,1855,172,21499.45,正常,23
2024-03-14,TLM-002,TLM,19,1088,300,5407.36,正常,3
2024-03-14,VEN-008,VEN,59,1307,159,43418.54,正常,23
2024-03-14,WLC-007,WLC,59,1424,676,48985.6,正常,25
2024-03-14,VEN-026,VEN,318,982,683,20838.04,正常,16
2024-03-14,LFR-003,LFR,2,284,487,7562.92,低库存预警,17
2024-03-14,TLP-009,TLP,328,272,185,6952.32,低库存预警,15
2024-03-14,VEN-001,VEN,136,57,284,199.5,低库存预警,28
2024-03-14,TLM-013,TLM,305,917,720,26932.29,正常,5
2024-03-14,LRB-003,LRB,118,430,730,8445.2,正常,20
2024-03-14,CUP-008,CUP,150,263,691,552.3,正常,1
2024-03-14,TLP-025,TLP,173,900,351,2763.0,正常,0
2024-03-14,CUP-002,CUP,303,1147,451,5505.6,正常,4
2024-03-14,DUO-023,DUO,372,325,203,10614.5,正常,3
2024-03-14,TLM-010,TLM,327,489,745,4870.44,正常,18
2024-03-14,DUO-015,DUO,168,278,242,5760.16,低库存预警,21
2024-03-14,LRB-001,LRB,470,1327,555,16733.47,正常,2
2024-03-14,TLP-003,TLP,103,26,500,392.6,低库存预警,18
2024-03-14,VEN-028,VEN,98,163,439,2919.33,正常,7
2024-03-14,CUP-009,CUP,22,504,289,15256.08,正常,7
2024-03-14,TLP-023,TLP,32,1556,770,39615.76,过库存,1
2024-03-14,TLP-001,TLP,326,1979,190,15218.51,正常,5
2024-03-14,CUP-001,CUP,235,40,312,264.0,低库存预警,21
2024-03-14,TLP-010,TLP,417,1982,234,9295.58,过库存,4
2024-03-14,DRH-003,DRH,369,158,318,1470.98,正常,22
2024-03-14,LFR-014,LFR,300,1158,496,10665.18,过库存,1
2024-03-14,WLC-024,WLC,371,811,746,5474.25,低库存预警,0
2024-03-14,LFR-004,LFR,265,1843,570,34371.95,正常,5
2024-03-14,TLM-006,TLM,386,1508,178,10299.64,正常,5
2024-03-14,LRB-010,LRB,193,432,361,5093.28,过库存,1
2024-03-14,BUM-001,BUM,356,1895,163,9835.05,正常,10
2024-03-14,BUM-006,BUM,53,1564,172,35768.68,正常,8
2024-03-14,BUM-027,BUM,35,1200,771,10164.0,过库存,13
2024-03-14,BUM-004,BUM,279,410,560,13255.3,正常,6
2024-03-14,TLM-027,TLM,205,1871,448,28270.81,低库存预警,25
2024-03-14,TLM-015,TLM,380,97,253,722.65,正常,25
2024-03-14,TLP-024,TLP,232,920,611,3220.0,正常,22
2024-03-14,HND-024,HND,85,988,686,20678.84,正常,17
2024-03-14,BUM-003,BUM,234,242,285,4273.72,正常,2
2024-03-14,TLP-012,TLP,482,644,200,13749.4,正常,2
2024-03-14,LFR-012,LFR,88,859,277,15315.97,低库存预警,26
2024-03-14,VEN-002,VEN,157,839,332,27989.04,低库存预警,23
2024-03-15,DRH-005,DRH,461,138,655,3554.88,过库存,5
2024-03-15,WLC-013,WLC,262,108,606,2527.2,过库存,17
2024-03-15,DUO-019,DUO,113,528,522,7719.36,正常,15
2024-03-15,WLC-008,WLC,468,1365,559,23136.75,正常,11
2024-03-15,VEN-019,VEN,238,1903,225,33017.05,过库存,20
2024-03-15,LFR-020,LFR,184,188,459,5843.04,正常,24
2024-03-15,BUM-027,BUM,150,1719,610,14559.93,过库存,17
2024-03-15,CUP-028,CUP,353,804,346,9800.76,低库存预警,27
2024-03-15,TLP-014,TLP,348,13,438,422.37,正常,14
2024-03-15,DRH-029,DRH,485,1468,250,27965.4,正常,1
2024-03-15,DRH-006,DRH,4,1902,188,33931.68,正常,15
2024-03-15,BUM-024,BUM,99,35,212,971.25,正常,18
2024-03-15,TLM-006,TLM,453,371,186,2533.93,过库存,19
2024-03-15,BUM-025,BUM,15,670,520,15088.4,正常,26
2024-03-15,VEN-030,VEN,421,1057,773,12240.06,正常,0
2024-03-15,TLP-005,TLP,151,1303,464,7492.25,低库存预警,3
2024-03-15,CUP-012,CUP,275,356,447,5475.28,过库存,4
2024-03-15,HND-020,HND,270,37,508,364.45,过库存,30
2024-03-15,TLM-018,TLM,336,1049,427,31081.87,正常,18
2024-03-15,LFR-005,LFR,411,973,400,1663.83,过库存,6
2024-03-15,TLM-028,TLM,345,1260,321,41592.6,低库存预警,12
2024-03-15,DUO-003,DUO,9,624,343,992.16,低库存预警,23
2024-03-15,CUP-029,CUP,303,400,421,900.0,正常,20
2024-03-15,CUP-006,CUP,469,1564,707,29700.36,正常,25
2024-03-15,VEN-012,VEN,450,1242,594,18567.9,正常,8
2024-03-15,WLC-005,WLC,87,1518,455,5829.12,低库存预警,4
2024-03-15,LFR-009,LFR,31,909,357,14943.96,过库存,30
2024-03-15,BUM-022,BUM,470,650,600,10263.5,过库存,22
2024-03-15,HND-002,HND,373,268,254,2465.6,正常,7
2024-03-15,TLM-020,TLM,65,772,188,24333.44,正常,22
2024-03-15,VEN-016,VEN,20,490,275,16361.1,过库存,30
2024-03-15,LFR-014,LFR,268,596,344,5489.16,低库存预警,22
2024-03-15,DUO-014,DUO,446,157,501,1819.63,正常,26
2024-03-15,HND-018,HND,46,453,243,1064.55,正常,16
2024-03-15,LFR-006,LFR,68,1990,667,14964.8,低库存预警,2
2024-03-15,BUM-004,BUM,430,1772,142,57288.76,低库存预警,11
2024-03-15,WLC-012,WLC,48,1531,520,18188.28,正常,11
2024-03-15,BUM-015,BUM,57,1474,323,16833.08,正常,24
2024-03-15,TLP-003,TLP,297,1520,384,22952.0,过库存,19
2024-03-15,DRH-013,DRH,41,1232,584,10114.72,正常,27
2024-03-15,LFR-012,LFR,489,681,319,12142.23,正常,13
2024-03-15,LFR-011,LFR,455,738,635,14590.26,过库存,21
2024-03-15,TLM-011,TLM,278,1025,309,35239.5,低库存预警,10
2024-03-15,WLC-009,WLC,494,1005,657,31084.65,正常,5
2024-03-15,DUO-009,DUO,392,450,322,9436.5,过库存,26
2024-03-15,DUO-016,DUO,136,1921,472,43625.91,正常,3
2024-03-15,TLM-022,TLM,303,264,435,1108.8,过库存,0
2024-03-15,DRH-026,DRH,413,1394,286,4168.06,正常,15
2024-03-15,CUP-008,CUP,47,819,720,1719.9,正常,25
2024-03-15,DRH-002,DRH,84,811,102,7615.29,低库存预警,15
2024-03-15,HND-005,HND,196,408,704,11322.0,正常,21
2024-03-15,LFR-007,LFR,354,1258,736,4377.84,正常,16
2024-03-15,WLC-024,WLC,305,548,766,3699.0,低库存预警,8
2024-03-15,CUP-009,CUP,66,1771,271,53608.17,正常,0
2024-03-15,LFR-001,LFR,381,1528,450,6081.44,正常,0
2024-03-15,BUM-020,BUM,457,1242,783,42215.58,低库存预警,4
2024-03-15,WLC-014,WLC,440,429,731,3706.56,正常,14
2024-03-15,TLP-018,TLP,335,522,780,9317.7,正常,19
2024-03-15,HND-014,HND,113,1827,103,41436.36,正常,29
2024-03-15,LFR-016,LFR,468,611,362,10270.91,正常,4
2024-03-16,TLP-009,TLP,421,866,253,22134.96,过库存,10
2024-03-16,HND-021,HND,271,386,617,10263.74,低库存预警,18
2024-03-16,HND-028,HND,416,1948,486,18876.12,正常,0
2024-03-16,WLC-005,WLC,153,1297,731,4980.48,正常,28
2024-03-16,TLM-004,TLM,250,1420,322,46079.0,正常,18
2024-03-16,CUP-022,CUP,490,344,588,5221.92,过库存,16
2024-03-16,WLC-013,WLC,68,427,601,9991.8,正常,1
2024-03-16,WLC-007,WLC,89,993,749,34159.2,正常,22
2024-03-16,LFR-018,LFR,211,420,407,10210.2,正常,28
2024-03-16,HND-005,HND,357,1989,736,55194.75,正常,14
2024-03-16,VEN-024,VEN,259,1288,249,17388.0,低库存预警,8
2024-03-16,LRB-022,LRB,139,376,697,6632.64,正常,5
2024-03-16,LFR-016,LFR,414,222,652,3731.82,正常,16
2024-03-16,DRH-020,DRH,255,1100,481,33374.0,正常,5
2024-03-16,HND-027,HND,340,360,324,8928.0,过库存,14
2024-03-16,VEN-006,VEN,341,767,201,10707.32,正常,17
2024-03-16,BUM-001,BUM,498,25,389,129.75,正常,9
2024-03-16,LRB-018,LRB,13,1295,695,14037.8,正常,29
2024-03-16,WLC-023,WLC,61,1384,777,33105.28,低库存预警,29
2024-03-16,WLC-014,WLC,20,1074,660,9279.36,正常,18
2024-03-16,TLP-002,TLP,183,775,468,5146.0,正常,5
2024-03-16,VEN-010,VEN,150,1767,218,23147.7,正常,21
2024-03-16,HND-014,HND,315,193,380,4377.24,低库存预警,10
2024-03-16,CUP-024,CUP,184,1551,659,2869.35,低库存预警,28
2024-03-16,VEN-025,VEN,364,320,118,4342.4,过库存,25
2024-03-16,LFR-015,LFR,22,1644,646,8006.28,正常,7
2024-03-16,LFR-022,LFR,482,214,442,7460.04,正常,20
2024-03-16,DRH-005,DRH,173,1869,623,48145.44,低库存预警,17
2024-03-16,VEN-005,VEN,90,1782,169,32450.22,正常,8
2024-03-16,DUO-008,DUO,266,1624,621,15704.08,过库存,25
2024-03-16,HND-012,HND,32,573,598,2452.44,过库存,24
2024-03-16,CUP-015,CUP,479,1116,785,34004.52,正常,18
2024-03-16,HND-024,HND,162,13,570,272.09,正常,7
2024-03-16,TLM-026,TLM,389,1616,306,30057.6,正常,15
2024-03-16,CUP-030,CUP,274,1527,731,39060.66,正常,9
2024-03-16,HND-017,HND,418,236,661,5187.28,正常,4
2024-03-16,VEN-021,VEN,499,125,179,3718.75,低库存预警,9
2024-03-16,LRB-014,LRB,412,328,136,6218.88,低库存预警,28
2024-03-16,BUM-020,BUM,85,1477,701,50203.23,正常,17
2024-03-16,CUP-018,CUP,431,1243,239,22958.21,过库存,12
2024-03-16,DUO-001,DUO,436,1945,231,35535.15,正常,19
2024-03-16,TLM-020,TLM,302,732,396,23072.64,正常,15
2024-03-16,DRH-012,DRH,314,758,799,18586.16,低库存预警,11
2024-03-16,TLP-014,TLP,493,642,207,20858.58,正常,14
2024-03-16,HND-019,HND,468,551,112,11835.48,正常,22
2024-03-16,DUO-024,DUO,164,926,796,9121.1,正常,18
2024-03-16,LFR-004,LFR,209,926,653,17269.9,正常,29
2024-03-16,CUP-020,CUP,463,1720,606,9735.2,正常,11
2024-03-16,LFR-020,LFR,152,1290,227,40093.2,正常,26
2024-03-16,DUO-021,DUO,315,1282,660,12102.08,正常,16
2024-03-16,DRH-024,DRH,23,975,487,7751.25,低库存预警,14
2024-03-16,HND-011,HND,323,399,370,4528.65,正常,5
2024-03-16,CUP-017,CUP,87,514,392,6368.46,正常,19
2024-03-16,HND-010,HND,69,816,381,26381.28,低库存预警,8
2024-03-16,CUP-016,CUP,439,1518,671,22936.98,低库存预警,1
2024-03-16,WLC-006,WLC,49,814,665,9694.74,正常,26
2024-03-16,LRB-009,LRB,180,314,767,8490.56,低库存预警,1
2024-03-16,CUP-029,CUP,388,1491,248,3354.75,低库存预警,20
2024-03-16,LRB-006,LRB,105,1520,142,51953.6,正常,14
2024-03-16,HND-025,HND,56,1288,170,11772.32,低库存预警,26
2024-03-17,VEN-024,VEN,167,63,307,850.5,正常,22
2024-03-17,DRH-011,DRH,164,829,614,25243.05,正常,29
2024-03-17,HND-026,HND,480,1779,344,52676.19,正常,2
2024-03-17,LFR-002,LFR,251,647,421,7013.48,正常,4
2024-03-17,LRB-021,LRB,309,697,763,7604.27,正常,23
2024-03-17,TLM-028,TLM,344,789,138,26044.89,正常,26
2024-03-17,DUO-015,DUO,410,1919,246,39761.68,正常,11
2024-03-17,LRB-014,LRB,387,1914,637,36289.44,正常,30
2024-03-17,TLM-011,TLM,11,244,753,8388.72,正常,8
2024-03-17,VEN-008,VEN,235,1037,268,34449.14,正常,28
2024-03-17,WLC-004,WLC,186,289,586,1904.51,正常,28
2024-03-17,WLC-005,WLC,13,1694,388,6504.96,过库存,7
2024-03-17,DRH-024,DRH,214,61,715,484.95,低库存预警,25
2024-03-17,VEN-009,VEN,4,1925,377,17517.5,低库存预警,8
2024-03-17,TLP-021,TLP,157,1863,235,16170.84,正常,6
2024-03-17,TLM-016,TLM,346,157,249,5443.19,低库存预警,27
2024-03-17,VEN-005,VEN,38,1265,365,23035.65,低库存预警,26
2024-03-17,BUM-023,BUM,441,669,528,4154.49,过库存,16
2024-03-17,TLP-020,TLP,253,1844,422,3208.56,正常,14
2024-03-17,VEN-014,VEN,451,243,763,1725.3,正常,5
2024-03-17,CUP-017,CUP,198,1367,154,16937.13,低库存预警,23
2024-03-17,TLP-001,TLP,364,46,702,353.74,正常,25
2024-03-17,DRH-008,DRH,133,1547,102,53943.89,低库存预警,8
2024-03-17,TLM-012,TLM,108,366,185,10818.96,正常,2
2024-03-17,VEN-027,VEN,432,1944,684,17457.12,正常,5
2024-03-17,HND-010,HND,343,622,187,20109.26,正常,0
2024-03-17,HND-018,HND,93,1463,210,3438.05,正常,29
2024-03-17,DRH-027,DRH,84,1479,204,36901.05,正常,11
2024-03-17,LFR-016,LFR,376,1380,131,23197.8,正常,16
2024-03-17,TLP-003,TLP,263,525,140,7927.5,正常,25
2024-03-17,DUO-013,DUO,410,1054,247,3741.7,正常,28
2024-03-17,BUM-026,BUM,381,1073,635,11888.84,低库存预警,7
2024-03-17,VEN-007,VEN,159,1492,264,22678.4,正常,21
2024-03-17,LRB-005,LRB,88,1407,368,34541.85,低库存预警,13
2024-03-17,LFR-001,LFR,59,1936,106,7705.28,正常,19
2024-03-17,LFR-020,LFR,268,1287,457,39999.96,低库存预警,17
2024-03-17,BUM-011,BUM,420,1336,452,38316.48,正常,12
2024-03-17,TLM-015,TLM,318,1345,551,10020.25,正常,15
2024-03-17,CUP-024,CUP,353,387,744,715.95,过库存,17
2024-03-17,CUP-009,CUP,493,1249,100,37807.23,过库存,0
2024-03-17,BUM-007,BUM,19,1106,772,11214.84,正常,14
2024-03-17,WLC-011,WLC,348,1549,579,25326.15,正常,9
2024-03-17,HND-016,HND,204,1780,203,27073.8,过库存,23
2024-03-17,BUM-016,BUM,121,1256,552,11027.68,正常,15
2024-03-17,CUP-028,CUP,353,1731,349,21100.89,正常,4
2024-03-17,DRH-007,DRH,276,1380,692,12116.4,正常,12
2024-03-17,VEN-023,VEN,154,262,502,1985.96,正常,13
2024-03-17,BUM-019,BUM,132,1173,661,21899.91,正常,25
2024-03-17,DRH-018,DRH,49,1235,363,25342.2,低库存预警,10
2024-03-17,DUO-004,DUO,54,349,579,7301.08,正常,27
2024-03-17,LRB-015,LRB,443,310,283,6553.4,正常,12
2024-03-17,TLP-006,TLP,355,888,323,25263.6,过库存,9
2024-03-17,CUP-020,CUP,212,188,150,1064.08,正常,26
2024-03-17,TLM-023,TLM,387,56,502,1722.56,正常,27
2024-03-17,LRB-017,LRB,189,1049,791,26697.05,正常,28
2024-03-17,TLM-024,TLM,381,575,165,9349.5,过库存,28
2024-03-17,VEN-012,VEN,95,968,349,14471.6,过库存,30
2024-03-17,DRH-026,DRH,349,1824,735,5453.76,正常,24
2024-03-17,WLC-007,WLC,178,880,148,30272.0,正常,0
2024-03-17,DRH-025,DRH,144,968,791,10173.68,正常,25
2024-03-18,LRB-018,LRB,273,665,615,7208.6,正常,9
2024-03-18,HND-012,HND,429,737,560,3154.36,正常,16
2024-03-18,LRB-021,LRB,327,1518,777,16561.38,低库存预警,29
2024-03-18,LRB-016,LRB,393,1771,617,42114.38,正常,14
2024-03-18,DUO-005,DUO,12,1022,766,12182.24,正常,26
2024-03-18,BUM-011,BUM,127,1532,264,43937.76,正常,15
2024-03-18,DUO-016,DUO,95,488,231,11082.48,正常,4
2024-03-18,WLC-025,WLC,267,1441,718,38330.6,正常,18
2024-03-18,WLC-019,WLC,294,943,173,18558.24,低库存预警,10
2024-03-18,VEN-016,VEN,179,1206,714,40268.34,过库存,11
2024-03-18,LFR-019,LFR,499,1853,575,30945.1,正常,15
2024-03-18,TLM-003,TLM,45,1939,258,15744.68,低库存预警,11
2024-03-18,DUO-003,DUO,30,757,573,1203.63,低库存预警,9
2024-03-18,WLC-011,WLC,414,183,701,2992.05,正常,16
2024-03-18,TLM-002,TLM,448,1780,119,8846.6,正常,5
2024-03-18,DRH-014,DRH,154,1838,558,13913.66,正常,18
2024-03-18,WLC-008,WLC,412,1763,260,29882.85,正常,23
2024-03-18,TLM-023,TLM,71,784,372,24115.84,正常,28
2024-03-18,HND-003,HND,246,107,735,1150.25,低库存预警,7
2024-03-18,VEN-026,VEN,106,15,154,318.3,正常,22
2024-03-18,CUP-011,CUP,55,54,368,1589.76,正常,11
2024-03-18,LRB-013,LRB,3,1975,233,67861.0,过库存,11
2024-03-18,HND-021,HND,95,392,601,10423.28,正常,27
2024-03-18,TLM-027,TLM,280,1749,588,26427.39,过库存,12
2024-03-18,DRH-030,DRH,153,920,126,4958.8,过库存,25
2024-03-18,DRH-023,DRH,243,462,229,3797.64,低库存预警,16
2024-03-18,LFR-017,LFR,414,937,522,22647.29,正常,16
2024-03-18,HND-007,HND,395,757,483,2967.44,正常,26
2024-03-18,CUP-004,CUP,285,85,565,2904.45,低库存预警,25
2024-03-18,TLM-011,TLM,102,470,158,16158.6,正常,18
2024-03-18,CUP-021,CUP,103,232,411,6373.04,正常,6
2024-03-18,HND-019,HND,138,1691,291,36322.68,正常,5
2024-03-18,LFR-021,LFR,299,744,279,14560.08,正常,26
2024-03-18,CUP-027,CUP,479,1430,739,28671.5,过库存,18
2024-03-18,LFR-015,LFR,112,1471,421,7163.77,正常,20
2024-03-18,CUP-030,CUP,440,415,699,10615.7,正常,0
2024-03-18,DUO-014,DUO,118,1370,552,15878.3,正常,14
2024-03-18,BUM-007,BUM,85,1584,597,16061.76,低库存预警,24
2024-03-18,TLM-024,TLM,166,339,745,5512.14,过库存,14
2024-03-18,DUO-010,DUO,259,286,629,4358.64,正常,28
2024-03-18,LFR-003,LFR,481,1603,321,42687.89,正常,19
2024-03-18,DUO-012,DUO,256,414,797,4732.02,正常,17
2024-03-18,BUM-016,BUM,39,578,401,5074.84,正常,7
2024-03-18,BUM-027,BUM,142,1763,347,14932.61,正常,28
2024-03-18,HND-028,HND,298,848,596,8217.12,正常,0
2024-03-18,LFR-007,LFR,334,558,793,1941.84,正常,24
2024-03-18,WLC-012,WLC,3,1066,159,12664.08,正常,12
2024-03-18,VEN-017,VEN,223,1793,661,40629.38,正常,15
2024-03-18,DUO-024,DUO,156,256,235,2521.6,正常,26
2024-03-18,TLM-015,TLM,55,48,394,357.6,正常,11
2024-03-18,TLP-003,TLP,84,1835,453,27708.5,正常,9
2024-03-18,DRH-018,DRH,128,1936,790,39726.72,过库存,12
2024-03-18,TLM-001,TLM,125,1123,355,7670.09,过库存,6
2024-03-18,LRB-010,LRB,373,120,651,1414.8,正常,25
2024-03-18,DRH-028,DRH,118,205,768,5397.65,正常,7
2024-03-18,BUM-003,BUM,363,1000,338,17660.0,正常,29
2024-03-18,DUO-004,DUO,60,1579,570,33032.68,过库存,17
2024-03-18,DRH-019,DRH,24,1074,113,20674.5,正常,16
2024-03-18,LRB-007,LRB,38,83,576,429.11,低库存预警,15
2024-03-18,WLC-024,WLC,146,339,694,2288.25,正常,9
2024-03-19,LFR-003,LFR,476,345,272,9187.35,正常,14
2024-03-19,VEN-028,VEN,409,424,684,7593.84,正常,16
2024-03-19,WLC-001,WLC,254,1481,506,27339.26,正常,8
2024-03-19,TLP-016,TLP,202,167,268,4313.61,过库存,23
2024-03-19,WLC-018,WLC,291,1287,610,41853.24,正常,15
2024-03-19,DRH-030,DRH,281,1427,572,7691.53,正常,27
2024-03-19,TLP-019,TLP,449,1716,305,4324.32,低库存预警,7
2024-03-19,DUO-002,DUO,89,1918,614,32778.62,正常,6
2024-03-19,DUO-005,DUO,75,657,747,7831.44,正常,15
2024-03-19,LRB-016,LRB,157,1204,444,28631.12,正常,22
2024-03-19,LFR-012,LFR,463,572,685,10198.76,正常,28
2024-03-19,DRH-027,DRH,382,781,594,19485.95,正常,13
2024-03-19,HND-007,HND,138,376,657,1473.92,过库存,27
2024-03-19,VEN-004,VEN,231,312,413,10096.32,正常,25
2024-03-19,LRB-021,LRB,481,841,611,9175.31,低库存预警,14
2024-03-19,DRH-021,DRH,59,892,506,3416.36,低库存预警,5
2024-03-19,DRH-015,DRH,160,318,184,2372.28,低库存预警,6
2024-03-19,CUP-011,CUP,111,1422,300,41863.68,过库存,1
2024-03-19,DUO-006,DUO,178,1765,742,58333.25,过库存,3
2024-03-19,LFR-014,LFR,345,445,347,4098.45,正常,5
2024-03-19,BUM-014,BUM,424,1803,404,13666.74,正常,3
2024-03-19,BUM-013,BUM,77,404,510,2363.4,正常,6
2024-03-19,HND-016,HND,415,1613,396,24533.73,正常,10
2024-03-19,LRB-004,LRB,198,485,528,6343.8,正常,10
2024-03-19,DRH-002,DRH,257,1462,423,13728.18,低库存预警,1
2024-03-19,CUP-023,CUP,250,254,384,3220.72,正常,8
2024-03-19,TLM-012,TLM,430,1232,125,36417.92,正常,16
2024-03-19,VEN-029,VEN,390,1536,100,17802.24,正常,7
2024-03-19,VEN-013,VEN,102,480,682,14942.4,正常,16
2024-03-19,LRB-014,LRB,263,1,170,18.96,正常,23
2024-03-19,WLC-024,WLC,166,1432,571,9666.0,正常,18
2024-03-19,CUP-029,CUP,446,1453,281,3269.25,正常,16
2024-03-19,BUM-021,BUM,327,1772,759,40295.28,正常,14
2024-03-19,DUO-011,DUO,461,1855,426,10851.75,正常,2
2024-03-19,WLC-005,WLC,61,1889,183,7253.76,过库存,23
2024-03-19,LRB-010,LRB,184,941,597,11094.39,正常,3
2024-03-19,BUM-026,BUM,395,1445,265,16010.6,正常,4
2024-03-19,TLM-024,TLM,344,627,373,10195.02,正常,1
2024-03-19,LFR-016,LFR,144,868,376,14591.08,低库存预警,7
2024-03-19,DUO-024,DUO,181,1621,461,15966.85,正常,16
2024-03-19,TLM-001,TLM,282,699,112,4774.17,过库存,26
2024-03-19,DRH-005,DRH,383,1022,317,26326.72,正常,22
2024-03-19,CUP-005,CUP,100,1051,589,34556.88,正常,7
2024-03-19,WLC-020,WLC,172,1193,457,14065.47,正常,15
2024-03-19,VEN-016,VEN,89,955,620,31887.45,正常,8
2024-03-19,CUP-010,CUP,187,1139,766,32700.69,低库存预警,11
2024-03-19,BUM-012,BUM,397,1485,199,39174.3,低库存预警,7
2024-03-19,HND-018,HND,8,998,379,2345.3,正常,25
2024-03-19,TLM-002,TLM,6,1461,150,7261.17,正常,4
2024-03-19,LRB-020,LRB,436,138,356,3018.06,正常,1
2024-03-19,VEN-005,VEN,193,1315,762,23946.15,低库存预警,26
2024-03-19,TLP-006,TLP,348,1702,167,48421.9,过库存,24
2024-03-19,HND-011,HND,475,1210,658,13733.5,过库存,30
2024-03-19,TLM-026,TLM,299,71,152,1320.6,正常,24
2024-03-19,DRH-010,DRH,48,690,468,4526.4,过库存,22
2024-03-19,HND-001,HND,96,1222,761,8126.3,过库存,0
2024-03-19,LFR-008,LFR,88,1546,559,30641.72,过库存,0
2024-03-19,HND-024,HND,314,721,762,15090.53,正常,25
2024-03-19,TLP-007,TLP,385,1200,570,13968.0,正常,2
2024-03-19,VEN-009,VEN,419,1027,593,9345.7,低库存预警,16
2024-03-20,LFR-012,LFR,264,296,360,5277.68,正常,14
2024-03-20,WLC-024,WLC,201,267,633,1802.25,正常,8
2024-03-20,BUM-009,BUM,90,1261,564,27905.93,正常,22
2024-03-20,VEN-025,VEN,349,1837,216,24928.09,低库存预警,13
2024-03-20,DUO-013,DUO,485,476,647,1689.8,过库存,22
2024-03-20,DRH-028,DRH,253,1773,760,46683.09,正常,30
2024-03-20,DUO-017,DUO,344,1203,607,16216.44,低库存预警,11
2024-03-20,DUO-004,DUO,147,1590,503,33262.8,正常,0
2024-03-20,BUM-002,BUM,324,768,236,16642.56,正常,0
2024-03-20,CUP-016,CUP,143,593,347,8960.23,低库存预警,19
2024-03-20,CUP-026,CUP,367,839,656,9757.57,低库存预警,23
2024-03-20,VEN-001,VEN,264,502,188,1757.0,正常,11
2024-03-20,BUM-021,BUM,497,1970,376,44797.8,过库存,3
2024-03-20,DUO-008,DUO,391,746,677,7213.82,正常,13
2024-03-20,CUP-030,CUP,463,592,416,15143.36,过库存,13
2024-03-20,DRH-017,DRH,107,1927,189,9962.59,正常,13
2024-03-20,VEN-018,VEN,211,315,488,1953.0,过库存,20
2024-03-20,VEN-015,VEN,239,1295,416,41219.85,低库存预警,26
2024-03-20,DUO-009,DUO,62,500,316,10485.0,过库存,3
2024-03-20,HND-019,HND,114,1383,735,29706.84,过库存,12
2024-03-20,TLM-022,TLM,15,472,351,1982.4,低库存预警,17
2024-03-20,HND-009,HND,2,1349,302,41090.54,过库存,22
2024-03-20,WLC-014,WLC,436,323,480,2790.72,正常,24
2024-03-20,TLM-012,TLM,24,1495,234,44192.2,过库存,22
2024-03-20,BUM-010,BUM,240,1432,560,44835.92,过库存,26
2024-03-20,WLC-002,WLC,55,810,638,20914.2,正常,17
2024-03-20,CUP-007,CUP,273,960,762,20284.8,过库存,27
2024-03-20,HND-012,HND,319,1533,668,6561.24,过库存,1
2024-03-20,BUM-026,BUM,184,184,728,2038.72,过库存,20
2024-03-20,WLC-019,WLC,198,1454,599,28614.72,过库存,20
2024-03-20,DUO-015,DUO,121,1833,726,37979.76,正常,22
2024-03-20,DRH-010,DRH,262,1412,784,9262.72,正常,1
2024-03-20,VEN-009,VEN,173,1778,463,16179.8,低库存预警,16
2024-03-20,VEN-011,VEN,397,994,628,32116.14,正常,26
2024-03-20,LFR-014,LFR,33,1067,255,9827.07,正常,30
2024-03-20,TLM-009,TLM,393,1760,171,36185.6,低库存预警,11
2024-03-20,TLM-021,TLM,162,1677,253,11520.99,低库存预警,12
2024-03-20,LRB-012,LRB,242,1541,772,6364.33,低库存预警,30
2024-03-20,HND-013,HND,152,1812,681,30405.36,过库存,5
2024-03-20,VEN-014,VEN,72,494,340,3507.4,过库存,19
2024-03-20,LFR-016,LFR,322,1068,112,17953.08,正常,7
2024-03-20,BUM-024,BUM,363,793,544,22005.75,低库存预警,26
2024-03-20,HND-005,HND,273,974,468,27028.5,过库存,23
2024-03-20,VEN-022,VEN,124,1676,395,56229.8,过库存,1
2024-03-20,VEN-008,VEN,281,1532,398,50893.04,低库存预警,18
2024-03-20,WLC-013,WLC,188,384,725,8985.6,正常,17
2024-03-20,VEN-021,VEN,216,253,163,7526.75,正常,6
2024-03-20,BUM-027,BUM,340,974,290,8249.78,正常,13
2024-03-20,CUP-019,CUP,139,1600,689,27840.0,正常,25
2024-03-20,TLP-016,TLP,222,1755,129,45331.65,正常,26
2024-03-20,TLM-024,TLM,490,788,435,12812.88,正常,21
2024-03-20,DRH-015,DRH,454,697,437,5199.62,正常,13
2024-03-20,CUP-018,CUP,335,1928,428,35610.16,正常,2
2024-03-20,WLC-003,WLC,499,103,780,747.78,低库存预警,29
2024-03-20,TLM-002,TLM,51,57,416,283.29,低库存预警,10
2024-03-20,TLP-002,TLP,90,1821,724,12091.44,正常,2
2024-03-20,HND-006,HND,65,832,161,9825.92,正常,8
2024-03-20,TLM-008,TLM,65,1876,399,43692.04,正常,30
2024-03-20,DUO-022,DUO,225,837,166,3214.08,过库存,9
2024-03-20,BUM-023,BUM,209,256,562,1589.76,正常,12
2024-03-21,WLC-003,WLC,46,772,403,5604.72,正常,15
2024-03-21,HND-022,HND,138,1924,178,62049.0,正常,5
2024-03-21,HND-014,HND,464,826,394,18733.68,正常,5
2024-03-21,TLP-016,TLP,376,1869,713,48276.27,正常,14
2024-03-21,CUP-026,CUP,2,1760,795,20468.8,正常,28
2024-03-21,CUP-025,CUP,278,1910,184,62266.0,正常,21
2024-03-21,DUO-008,DUO,94,1502,395,14524.34,低库存预警,28
2024-03-21,DUO-016,DUO,156,1034,636,23482.14,正常,19
2024-03-21,TLM-025,TLM,281,774,173,10433.52,正常,11
2024-03-21,DUO-004,DUO,418,1887,373,39476.04,正常,25
2024-03-21,WLC-023,WLC,92,1654,477,39563.68,正常,26
2024-03-21,LRB-019,LRB,13,1638,280,55462.68,正常,16
2024-03-21,VEN-017,VEN,53,1607,773,36414.62,正常,9
2024-03-21,VEN-016,VEN,82,714,345,23840.46,正常,26
2024-03-21,BUM-011,BUM,421,1171,499,33584.28,低库存预警,28
2024-03-21,VEN-009,VEN,486,1168,156,10628.8,低库存预警,4
2024-03-21,TLP-023,TLP,160,790,545,20113.4,过库存,1
2024-03-21,CUP-018,CUP,408,107,206,1976.29,正常,10
2024-03-21,DRH-025,DRH,194,1080,312,11350.8,正常,14
2024-03-21,TLP-010,TLP,185,1143,335,5360.67,过库存,6
2024-03-21,CUP-009,CUP,459,1579,769,47796.33,低库存预警,21
2024-03-21,BUM-016,BUM,201,1664,611,14609.92,过库存,22
2024-03-21,HND-021,HND,194,1190,749,31642.1,过库存,6
2024-03-21,DUO-005,DUO,243,286,732,3409.12,正常,9
2024-03-21,LFR-019,LFR,274,944,709,15764.8,低库存预警,15
2024-03-21,HND-016,HND,493,1369,386,20822.49,正常,29
2024-03-21,CUP-002,CUP,197,1680,176,8064.0,正常,22
2024-03-21,VEN-023,VEN,166,1291,228,9785.78,低库存预警,26
2024-03-21,CUP-011,CUP,319,1900,536,55936.0,低库存预警,2
2024-03-21,LFR-015,LFR,463,1934,397,9418.58,低库存预警,1
2024-03-21,CUP-030,CUP,393,1581,550,40441.98,低库存预警,29
2024-03-21,DRH-022,DRH,419,1950,500,23770.5,正常,9
2024-03-21,DUO-015,DUO,292,1136,242,23537.92,正常,1
2024-03-21,WLC-007,WLC,264,69,120,2373.6,过库存,4
2024-03-21,TLM-007,TLM,426,1267,565,4219.11,正常,26
2024-03-21,CUP-016,CUP,287,375,506,5666.25,正常,4
2024-03-21,WLC-008,WLC,86,1270,594,21526.5,过库存,5
2024-03-21,DRH-029,DRH,350,846,602,16116.3,过库存,14
2024-03-21,TLP-001,TLP,135,921,492,7082.49,低库存预警,11
2024-03-21,BUM-015,BUM,422,373,127,4259.66,过库存,17
2024-03-21,WLC-014,WLC,396,1301,318,11240.64,正常,28
2024-03-21,CUP-022,CUP,342,1145,714,17381.1,正常,15
2024-03-21,VEN-027,VEN,445,1279,424,11485.42,正常,14
2024-03-21,LFR-012,LFR,454,256,720,4564.48,正常,10
2024-03-21,CUP-013,CUP,402,939,363,18216.6,低库存预警,10
2024-03-21,DRH-002,DRH,174,644,695,6047.16,过库存,2
2024-03-21,TLP-018,TLP,42,1242,169,22169.7,正常,0
2024-03-21,HND-024,HND,263,857,400,17937.01,正常,20
2024-03-21,TLM-005,TLM,409,1526,227,32595.36,正常,28
2024-03-21,TLM-027,TLM,398,360,417,5439.6,正常,21
2024-03-21,WLC-019,WLC,243,776,715,15271.68,正常,20
2024-03-21,WLC-010,WLC,50,594,764,14950.98,低库存预警,29
2024-03-21,DRH-010,DRH,337,190,321,1246.4,正常,22
2024-03-21,VEN-028,VEN,254,27,408,483.57,过库存,22
2024-03-21,TLM-017,TLM,474,1227,222,16331.37,正常,15
2024-03-21,DUO-011,DUO,250,1912,577,11185.2,过库存,17
2024-03-21,TLP-014,TLP,12,366,755,11891.34,过库存,25
2024-03-21,LRB-014,LRB,386,49,437,929.04,过库存,20
2024-03-21,TLM-024,TLM,405,1699,570,27625.74,低库存预警,30
2024-03-21,LFR-021,LFR,101,1830,359,35813.1,过库存,27
2024-03-22,DRH-021,DRH,176,1790,428,6855.7,正常,26
2024-03-22,BUM-010,BUM,404,0,169,0.0,正常,15
2024-03-22,DRH-023,DRH,244,471,364,3871.62,正常,24
2024-03-22,TLM-017,TLM,308,1161,763,15452.91,正常,5
2024-03-22,BUM-016,BUM,238,1241,693,10895.98,正常,8
2024-03-22,HND-003,HND,110,1332,288,14319.0,过库存,5
2024-03-22,HND-026,HND,135,1486,193,44000.46,过库存,21
2024-03-22,HND-006,HND,159,561,603,6625.41,正常,22
2024-03-22,DRH-002,DRH,185,392,444,3680.88,低库存预警,19
2024-03-22,VEN-022,VEN,237,1445,349,48479.75,正常,27
2024-03-22,DRH-007,DRH,492,603,459,5294.34,过库存,3
2024-03-22,BUM-019,BUM,387,1605,533,29965.35,正常,20
2024-03-22,DUO-008,DUO,171,1706,145,16497.02,低库存预警,11
2024-03-22,LRB-009,LRB,284,844,682,22821.76,正常,8
2024-03-22,WLC-007,WLC,150,511,511,17578.4,低库存预警,21
2024-03-22,BUM-008,BUM,165,1947,654,59149.86,正常,16
2024-03-22,TLM-008,TLM,108,405,586,9432.45,正常,5
2024-03-22,DUO-015,DUO,334,1986,182,41149.92,正常,11
2024-03-22,BUM-001,BUM,411,1851,322,9606.69,正常,9
2024-03-22,BUM-015,BUM,358,287,294,3277.54,正常,8
2024-03-22,CUP-030,CUP,262,1361,145,34814.38,正常,8
2024-03-22,DRH-016,DRH,246,296,282,5763.12,正常,4
2024-03-22,BUM-021,BUM,367,1853,388,42137.22,低库存预警,25
2024-03-22,LFR-004,LFR,123,1139,346,21242.35,正常,29
2024-03-22,DUO-010,DUO,343,1135,365,17297.4,过库存,19
2024-03-22,WLC-006,WLC,322,947,639,11278.77,正常,1
2024-03-22,HND-027,HND,46,526,378,13044.8,正常,26
2024-03-22,TLP-022,TLP,298,1571,269,37012.76,正常,17
2024-03-22,DUO-009,DUO,337,557,552,11680.29,正常,23
2024-03-22,DRH-024,DRH,187,577,396,4587.15,正常,22
2024-03-22,DUO-018,DUO,31,1358,249,3476.48,正常,27
2024-03-22,TLM-021,TLM,172,869,391,5970.03,正常,7
2024-03-22,DRH-008,DRH,187,938,518,32708.06,正常,26
2024-03-22,BUM-022,BUM,453,1458,177,23021.82,正常,4
2024-03-22,VEN-017,VEN,389,1582,621,35848.12,过库存,30
2024-03-22,TLM-018,TLM,458,1946,653,57659.98,正常,25
2024-03-22,VEN-019,VEN,189,1988,569,34491.8,过库存,11
2024-03-22,BUM-020,BUM,359,1270,593,43167.3,正常,21
2024-03-22,CUP-014,CUP,464,1263,282,23807.55,正常,0
2024-03-22,TLP-010,TLP,360,1447,708,6786.43,正常,14
2024-03-22,WLC-005,WLC,479,206,561,791.04,过库存,20
2024-03-22,DRH-011,DRH,322,1961,547,59712.45,正常,22
2024-03-22,VEN-028,VEN,415,968,581,17336.88,低库存预警,12
2024-03-22,LFR-006,LFR,433,1221,755,9181.92,低库存预警,16
2024-03-22,DUO-006,DUO,29,1889,190,62431.45,正常,23
2024-03-22,CUP-020,CUP,380,1022,728,5784.52,正常,14
2024-03-22,HND-001,HND,66,1219,430,8106.35,低库存预警,24
2024-03-22,HND-009,HND,40,1532,406,46664.72,低库存预警,5
2024-03-22,CUP-021,CUP,130,1849,185,50792.03,过库存,29
2024-03-22,BUM-007,BUM,174,832,460,8436.48,正常,5
2024-03-22,TLP-008,TLP,16,707,680,16911.44,过库存,18
2024-03-22,LFR-002,LFR,149,1064,748,11533.76,正常,12
2024-03-22,TLM-022,TLM,67,187,429,785.4,正常,11
2024-03-22,HND-015,HND,152,1040,461,14424.8,正常,2
2024-03-22,DRH-030,DRH,30,1061,721,5718.79,正常,8
2024-03-22,WLC-014,WLC,215,1166,427,10074.24,正常,16
2024-03-22,TLP-021,TLP,496,851,392,7386.68,正常,2
2024-03-22,LRB-020,LRB,414,1852,129,40503.24,正常,9
2024-03-22,LFR-016,LFR,490,1121,158,18844.01,过库存,21
2024-03-22,DRH-003,DRH,343,1714,742,15957.34,低库存预警,10
2024-03-23,TLM-025,TLM,184,232,360,3127.36,正常,3
2024-03-23,HND-008,HND,322,1396,562,34592.88,低库存预警,23
2024-03-23,DUO-014,DUO,190,1307,204,15148.13,过库存,28
2024-03-23,VEN-023,VEN,302,121,462,917.18,过库存,11
2024-03-23,BUM-022,BUM,158,470,551,7421.3,正常,18
2024-03-23,HND-002,HND,436,599,248,5510.8,过库存,9
2024-03-23,BUM-023,BUM,285,1787,535,11097.27,正常,30
2024-03-23,LFR-018,LFR,112,1230,472,29901.3,正常,5
2024-03-23,WLC-012,WLC,187,1745,459,20730.6,低库存预警,24
2024-03-23,LRB-011,LRB,104,1400,761,7420.0,低库存预警,23
2024-03-23,VEN-017,VEN,330,316,683,7160.56,低库存预警,4
2024-03-23,DUO-008,DUO,192,463,663,4477.21,正常,9
2024-03-23,LRB-003,LRB,155,1513,719,29715.32,正常,3
2024-03-23,VEN-009,VEN,342,1795,432,16334.5,过库存,20
2024-03-23,LFR-009,LFR,317,1785,247,29345.4,过库存,16
2024-03-23,LFR-021,LFR,279,1296,140,25362.72,低库存预警,1
2024-03-23,TLM-015,TLM,181,262,351,1951.9,低库存预警,26
2024-03-23,LRB-008,LRB,290,1306,217,40969.22,正常,2
2024-03-23,TLP-016,TLP,29,185,270,4778.55,过库存,6
2024-03-23,BUM-004,BUM,311,760,627,24570.8,正常,9
2024-03-23,DRH-020,DRH,275,1167,426,35406.78,正常,27
2024-03-23,DUO-016,DUO,291,1111,272,25230.81,过库存,12
2024-03-23,BUM-018,BUM,284,666,498,10949.04,正常,19
2024-03-23,BUM-017,BUM,361,1571,391,9206.06,过库存,15
2024-03-23,DRH-025,DRH,242,47,292,493.97,正常,24
2024-03-23,LRB-007,LRB,243,1128,229,5831.76,低库存预警,10
2024-03-23,DRH-001,DRH,272,410,246,12271.3,正常,24
2024-03-23,LFR-012,LFR,169,1095,300,19523.85,正常,20
2024-03-23,CUP-004,CUP,105,1315,716,44933.55,过库存,1
2024-03-23,HND-003,HND,150,162,368,1741.5,正常,11
2024-03-23,TLM-016,TLM,352,220,455,7627.4,低库存预警,26
2024-03-23,LRB-015,LRB,419,1500,699,31710.0,低库存预警,18
2024-03-23,LFR-011,LFR,470,1167,538,23071.59,正常,9
2024-03-23,TLP-012,TLP,252,1352,711,28865.2,正常,3
2024-03-23,TLP-020,TLP,85,379,243,659.46,正常,29
2024-03-23,DUO-006,DUO,165,299,501,9881.95,正常,16
2024-03-23,LRB-021,LRB,358,122,537,1331.02,正常,30
2024-03-23,TLM-022,TLM,196,1797,749,7547.4,正常,24
2024-03-23,VEN-021,VEN,451,159,405,4730.25,正常,19
2024-03-23,DRH-004,DRH,359,316,611,4733.68,低库存预警,12
2024-03-23,VEN-030,VEN,59,65,701,752.7,正常,11
2024-03-23,WLC-011,WLC,299,996,373,16284.6,过库存,14
2024-03-23,VEN-018,VEN,478,1879,186,11649.8,正常,23
2024-03-23,LFR-002,LFR,348,1942,199,21051.28,正常,17
2024-03-23,WLC-002,WLC,394,1224,267,31603.68,低库存预警,28
2024-03-23,HND-028,HND,79,187,309,1812.03,正常,3
2024-03-23,LRB-004,LRB,14,1602,243,20954.16,正常,16
2024-03-23,VEN-004,VEN,194,256,318,8284.16,过库存,13
2024-03-23,WLC-021,WLC,390,665,585,5965.05,正常,6
2024-03-23,CUP-011,CUP,30,1311,105,38595.84,正常,22
2024-03-23,LFR-015,LFR,495,1963,486,9559.81,正常,21
2024-03-23,LFR-008,LFR,204,924,246,18313.68,过库存,27
2024-03-23,TLP-017,TLP,257,1552,113,44899.36,低库存预警,13
2024-03-23,CUP-010,CUP,302,1807,501,51878.97,正常,26
2024-03-23,TLP-003,TLP,403,753,300,11370.3,过库存,30
2024-03-23,TLM-017,TLM,416,686,256,9130.66,低库存预警,1
2024-03-23,DRH-021,DRH,59,1619,614,6200.77,正常,4
2024-03-23,LFR-016,LFR,14,1977,494,33233.37,正常,1
2024-03-23,TLM-021,TLM,443,185,411,1270.95,低库存预警,20
2024-03-23,BUM-005,BUM,260,992,407,16377.92,低库存预警,26
2024-03-24,DRH-003,DRH,240,1227,635,11423.37,正常,19
2024-03-24,HND-015,HND,424,1167,569,16186.29,正常,14
2024-03-24,VEN-021,VEN,343,1407,617,41858.25,正常,21
2024-03-24,LFR-006,LFR,258,1337,363,10054.24,正常,28
2024-03-24,TLP-024,TLP,257,1695,653,5932.5,过库存,11
2024-03-24,TLM-020,TLM,139,887,506,27958.24,过库存,19
2024-03-24,BUM-012,BUM,291,645,202,17015.1,低库存预警,25
2024-03-24,LRB-002,LRB,118,1748,734,45080.92,正常,21
2024-03-24,DRH-014,DRH,262,183,299,1385.31,正常,4
2024-03-24,TLM-021,TLM,479,1760,592,12091.2,正常,18
2024-03-24,CUP-030,CUP,379,1324,471,33867.92,正常,30
2024-03-24,DRH-018,DRH,407,1006,638,20643.12,低库存预警,4
2024-03-24,TLP-005,TLP,317,29,148,166.75,正常,1
2024-03-24,WLC-025,WLC,139,1821,504,48438.6,低库存预警,22
2024-03-24,LRB-005,LRB,357,1688,721,41440.4,过库存,22
2024-03-24,LRB-003,LRB,440,125,262,2455.0,正常,23
2024-03-24,TLM-007,TLM,80,95,465,316.35,低库存预警,10
2024-03-24,LRB-015,LRB,358,1604,224,33908.56,正常,23
2024-03-24,DUO-016,DUO,241,1403,146,31862.13,正常,13
2024-03-24,DUO-017,DUO,246,1076,754,14504.48,正常,17
2024-03-24,BUM-028,BUM,111,85,785,2653.7,正常,15
2024-03-24,DUO-008,DUO,129,943,374,9118.81,低库存预警,27
2024-03-24,VEN-008,VEN,15,1051,564,34914.22,正常,16
2024-03-24,CUP-017,CUP,82,1713,290,21224.07,正常,24
2024-03-24,DUO-023,DUO,352,1737,406,56730.42,正常,24
2024-03-24,LFR-012,LFR,96,498,202,8879.34,正常,26
2024-03-24,VEN-018,VEN,203,1908,571,11829.6,正常,28
2024-03-24,TLM-027,TLM,360,1843,480,27847.73,过库存,0
2024-03-24,DUO-010,DUO,377,429,148,6537.96,正常,5
2024-03-24,CUP-011,CUP,473,1817,412,53492.48,正常,16
2024-03-24,DRH-006,DRH,442,301,304,5369.84,正常,16
2024-03-24,TLP-001,TLP,481,839,268,6451.91,低库存预警,14
2024-03-24,TLP-013,TLP,139,1270,108,2946.4,正常,23
2024-03-24,TLP-010,TLP,398,1036,109,4858.84,正常,7
2024-03-24,DUO-005,DUO,431,122,450,1454.24,正常,23
2024-03-24,BUM-009,BUM,480,1825,539,40387.25,正常,10
2024-03-24,DUO-022,DUO,115,1226,227,4707.84,过库存,27
2024-03-24,DUO-012,DUO,222,1736,683,19842.48,正常,20
2024-03-24,VEN-004,VEN,96,781,147,25273.16,正常,14
2024-03-24,DUO-011,DUO,372,1615,628,9447.75,正常,28
2024-03-24,CUP-019,CUP,418,1235,620,21489.0,低库存预警,0
2024-03-24,TLM-005,TLM,389,795,138,16981.2,正常,25
2024-03-24,TLP-002,TLP,262,771,664,5119.44,正常,20
2024-03-24,CUP-027,CUP,324,291,394,5834.55,正常,25
2024-03-24,TLP-008,TLP,299,1855,171,44371.6,过库存,1
2024-03-24,HND-021,HND,103,589,625,15661.51,正常,2
2024-03-24,DRH-002,DRH,466,1435,648,13474.65,正常,9
2024-03-24,TLP-006,TLP,221,1073,496,30526.85,正常,20
2024-03-24,HND-028,HND,383,7,555,67.83,正常,22
2024-03-24,WLC-018,WLC,311,1051,476,34178.52,正常,10
2024-03-24,TLM-010,TLM,304,1231,117,12260.76,正常,13
2024-03-24,LRB-013,LRB,119,1240,501,42606.4,低库存预警,2
2024-03-24,TLP-017,TLP,163,1611,716,46606.23,过库存,2
2024-03-24,DRH-015,DRH,383,475,148,3543.5,低库存预警,15
2024-03-24,DRH-023,DRH,139,157,395,1290.54,正常,27
2024-03-24,WLC-017,WLC,431,287,621,740.46,过库存,28
2024-03-24,DRH-029,DRH,214,319,675,6076.95,低库存预警,7
2024-03-24,TLM-001,TLM,382,200,114,1366.0,低库存预警,0
2024-03-24,LRB-019,LRB,30,840,397,28442.4,正常,3
2024-03-24,BUM-006,BUM,86,1714,640,39199.18,过库存,25
2024-03-25,DUO-001,DUO,117,368,377,6723.36,正常,7
2024-03-25,VEN-023,VEN,145,1013,356,7678.54,过库存,18
2024-03-25,VEN-016,VEN,279,1693,399,56529.27,正常,11
2024-03-25,TLP-022,TLP,439,1026,326,24172.56,低库存预警,21
2024-03-25,CUP-020,CUP,61,482,354,2728.12,过库存,6
2024-03-25,DRH-009,DRH,142,1662,611,21506.28,过库存,15
2024-03-25,BUM-015,BUM,215,478,573,5458.76,正常,8
2024-03-25,HND-016,HND,294,267,197,4061.07,正常,24
2024-03-25,VEN-009,VEN,264,571,592,5196.1,正常,6
2024-03-25,TLM-004,TLM,322,530,293,17198.5,正常,7
2024-03-25,TLP-015,TLP,366,853,262,17187.95,正常,1
2024-03-25,VEN-003,VEN,295,1542,262,45288.54,低库存预警,13
2024-03-25,DUO-002,DUO,179,1015,129,17346.35,过库存,3
2024-03-25,TLM-008,TLM,112,1263,109,29415.27,过库存,4
2024-03-25,HND-018,HND,483,1523,460,3579.05,正常,25
2024-03-25,LFR-018,LFR,387,1832,335,44535.92,过库存,26
2024-03-25,HND-002,HND,475,1265,521,11638.0,正常,2
2024-03-25,DUO-008,DUO,485,1319,384,12754.73,正常,16
2024-03-25,TLP-017,TLP,259,1958,528,56644.94,低库存预警,19
2024-03-25,CUP-015,CUP,294,201,634,6124.47,过库存,19
2024-03-25,TLP-010,TLP,363,246,538,1153.74,低库存预警,22
2024-03-25,VEN-022,VEN,64,1345,325,45124.75,正常,13
2024-03-25,DUO-009,DUO,215,193,275,4047.21,低库存预警,13
2024-03-25,CUP-023,CUP,206,685,207,8685.8,正常,12
2024-03-25,DRH-012,DRH,2,863,638,21160.76,过库存,12
2024-03-25,LFR-008,LFR,484,79,532,1565.78,过库存,5
2024-03-25,TLM-026,TLM,83,1029,598,19139.4,过库存,23
2024-03-25,CUP-029,CUP,19,351,424,789.75,过库存,0
2024-03-25,WLC-021,WLC,88,1554,379,13939.38,低库存预警,6
2024-03-25,DRH-014,DRH,67,1144,442,8660.08,正常,27
2024-03-25,VEN-028,VEN,155,572,375,10244.52,正常,27
2024-03-25,CUP-006,CUP,378,748,208,14204.52,过库存,13
2024-03-25,DUO-006,DUO,3,1789,387,59126.45,正常,9
2024-03-25,BUM-011,BUM,354,1446,601,41471.28,低库存预警,27
2024-03-25,TLP-002,TLP,226,1023,656,6792.72,过库存,19
2024-03-25,WLC-004,WLC,481,1778,784,11717.02,过库存,27
2024-03-25,LRB-014,LRB,26,1228,140,23282.88,正常,11
2024-03-25,LRB-006,LRB,424,1357,494,46382.26,过库存,26
2024-03-25,HND-028,HND,346,391,630,3788.79,正常,8
2024-03-25,TLM-012,TLM,423,302,656,8927.12,正常,15
2024-03-25,WLC-010,WLC,422,539,408,13566.63,低库存预警,27
2024-03-25,TLM-003,TLM,284,1570,580,12748.4,低库存预警,9
2024-03-25,BUM-018,BUM,336,1736,567,28539.84,正常,2
2024-03-25,DUO-015,DUO,94,879,589,18212.88,正常,5
2024-03-25,BUM-020,BUM,272,1497,119,50883.03,正常,29
2024-03-25,DUO-012,DUO,20,1931,145,22071.33,正常,23
2024-03-25,CUP-025,CUP,118,412,151,13431.2,正常,2
2024-03-25,DRH-029,DRH,186,520,238,9906.0,正常,28
2024-03-25,TLM-001,TLM,446,923,194,6304.09,正常,22
2024-03-25,LRB-009,LRB,402,293,627,7922.72,正常,27
2024-03-25,LFR-001,LFR,163,336,196,1337.28,正常,11
2024-03-25,TLP-023,TLP,57,317,624,8070.82,正常,1
2024-03-25,LRB-019,LRB,297,1727,379,58476.22,正常,27
2024-03-25,HND-012,HND,8,123,598,526.44,低库存预警,25
2024-03-25,DUO-019,DUO,227,1096,399,16023.52,过库存,11
2024-03-25,CUP-005,CUP,13,1432,631,47084.16,正常,12
2024-03-25,BUM-002,BUM,425,781,325,16924.27,正常,17
2024-03-25,LFR-011,LFR,102,1056,346,20877.12,低库存预警,23
2024-03-25,VEN-012,VEN,333,810,408,12109.5,正常,8
2024-03-25,CUP-010,CUP,401,915,387,26269.65,正常,25
2024-03-26,VEN-028,VEN,190,1562,163,27975.42,正常,16
2024-03-26,DUO-018,DUO,345,378,532,967.68,正常,23
2024-03-26,LFR-011,LFR,143,1622,505,32066.94,正常,18
2024-03-26,VEN-011,VEN,460,211,343,6817.41,过库存,8
2024-03-26,BUM-013,BUM,472,1504,686,8798.4,正常,19
2024-03-26,WLC-025,WLC,457,1774,760,47188.4,正常,18
2024-03-26,BUM-022,BUM,69,1591,192,25121.89,正常,27
2024-03-26,VEN-024,VEN,231,1525,564,20587.5,低库存预警,22
2024-03-26,CUP-007,CUP,334,18,405,380.34,正常,18
2024-03-26,BUM-005,BUM,127,829,593,13686.79,过库存,26
2024-03-26,VEN-002,VEN,326,1476,347,49239.36,正常,10
2024-03-26,WLC-008,WLC,332,1773,650,30052.35,正常,25
2024-03-26,TLP-014,TLP,472,606,633,19688.94,过库存,18
2024-03-26,CUP-022,CUP,81,1240,662,18823.2,正常,15
2024-03-26,VEN-027,VEN,178,16,319,143.68,正常,20
2024-03-26,DUO-020,DUO,248,0,513,0.0,正常,12
2024-03-26,DRH-013,DRH,484,485,547,3981.85,过库存,24
2024-03-26,CUP-002,CUP,207,157,551,753.6,正常,26
2024-03-26,DRH-023,DRH,394,558,343,4586.76,过库存,15
2024-03-26,DUO-003,DUO,421,134,197,213.06,正常,22
2024-03-26,DRH-012,DRH,369,1878,753,46048.56,正常,13
2024-03-26,WLC-018,WLC,37,1697,386,55186.44,正常,15
2024-03-26,WLC-014,WLC,19,330,199,2851.2,正常,18
2024-03-26,BUM-027,BUM,281,1074,491,9096.78,正常,2
2024-03-26,VEN-019,VEN,270,1945,359,33745.75,正常,30
2024-03-26,DRH-001,DRH,403,1732,283,51838.76,正常,25
2024-03-26,CUP-004,CUP,217,977,187,33384.09,正常,14
2024-03-26,BUM-001,BUM,74,435,277,2257.65,正常,30
2024-03-26,DRH-004,DRH,362,561,113,8403.78,低库存预警,2
2024-03-26,TLP-003,TLP,292,1794,113,27089.4,低库存预警,7
2024-03-26,DUO-008,DUO,291,214,201,2069.38,正常,17
2024-03-26,BUM-023,BUM,404,495,121,3073.95,过库存,20
2024-03-26,DUO-002,DUO,289,1359,545,23225.31,低库存预警,29
2024-03-26,HND-009,HND,385,1840,752,56046.4,低库存预警,14
2024-03-26,LRB-019,LRB,205,1505,576,50959.3,低库存预警,30
2024-03-26,LRB-015,LRB,298,705,543,14903.7,正常,19
2024-03-26,CUP-021,CUP,148,576,411,15822.72,正常,26
2024-03-26,LRB-011,LRB,178,1745,676,9248.5,正常,2
2024-03-26,BUM-003,BUM,358,1868,535,32988.88,低库存预警,19
2024-03-26,VEN-005,VEN,140,206,307,3751.26,正常,14
2024-03-26,DRH-021,DRH,101,1691,216,6476.53,正常,19
2024-03-26,LRB-006,LRB,224,1715,378,58618.7,过库存,16
2024-03-26,TLM-028,TLM,302,1110,631,36641.1,低库存预警,10
2024-03-26,HND-023,HND,443,1423,120,13418.89,过库存,28
2024-03-26,LRB-007,LRB,51,324,276,1675.08,低库存预警,27
2024-03-26,CUP-015,CUP,223,1349,654,41104.03,正常,19
2024-03-26,CUP-012,CUP,53,1797,797,27637.86,正常,3
2024-03-26,BUM-026,BUM,246,213,139,2360.04,正常,2
2024-03-26,DUO-005,DUO,476,1354,726,16139.68,正常,8
2024-03-26,TLM-019,TLM,106,1196,315,35270.04,正常,24
2024-03-26,DRH-011,DRH,492,1078,151,32825.1,过库存,28
2024-03-26,CUP-003,CUP,241,16,494,547.2,正常,5
2024-03-26,LRB-020,LRB,218,1833,118,40087.71,正常,23
2024-03-26,CUP-001,CUP,12,222,216,1465.2,低库存预警,1
2024-03-26,HND-028,HND,398,1742,355,16879.98,低库存预警,5
2024-03-26,DRH-027,DRH,99,147,309,3667.65,正常,24
2024-03-26,WLC-005,WLC,322,199,587,764.16,正常,13
2024-03-26,TLM-023,TLM,211,1767,280,54352.92,过库存,6
2024-03-26,TLM-022,TLM,241,1380,640,5796.0,正常,2
2024-03-26,DRH-008,DRH,16,323,567,11263.01,正常,2
2024-03-27,CUP-018,CUP,132,818,221,15108.46,正常,19
2024-03-27,TLM-012,TLM,45,1894,761,55986.64,过库存,18
2024-03-27,TLP-022,TLP,429,506,392,11921.36,正常,3
2024-03-27,TLP-023,TLP,181,712,719,18127.52,过库存,2
2024-03-27,HND-025,HND,195,680,800,6215.2,低库存预警,20
2024-03-27,LRB-015,LRB,167,1463,765,30927.82,正常,0
2024-03-27,CUP-006,CUP,498,1887,381,35834.13,过库存,22
2024-03-27,HND-003,HND,380,1945,430,20908.75,正常,13
2024-03-27,DUO-007,DUO,300,1481,749,17979.34,过库存,8
2024-03-27,VEN-003,VEN,250,1556,272,45699.72,正常,18
2024-03-27,TLP-008,TLP,357,1665,525,39826.8,低库存预警,23
2024-03-27,BUM-007,BUM,462,282,235,2859.48,过库存,9
2024-03-27,WLC-017,WLC,437,719,620,1855.02,过库存,4
2024-03-27,DRH-025,DRH,32,1412,650,14840.12,过库存,9
2024-03-27,WLC-016,WLC,256,297,650,9204.03,正常,14
2024-03-27,VEN-019,VEN,405,341,226,5916.35,过库存,5
2024-03-27,DUO-010,DUO,410,1500,561,22860.0,正常,15
2024-03-27,TLP-001,TLP,155,1890,598,14534.1,正常,27
2024-03-27,HND-023,HND,69,331,692,3121.33,正常,19
2024-03-27,WLC-001,WLC,487,893,576,16484.78,过库存,7
2024-03-27,HND-011,HND,354,1021,543,11588.35,正常,28
2024-03-27,WLC-011,WLC,346,1044,151,17069.4,过库存,3
2024-03-27,CUP-011,CUP,239,1410,267,41510.4,过库存,2
2024-03-27,LRB-001,LRB,118,803,422,10125.83,正常,29
2024-03-27,HND-010,HND,401,667,455,21564.11,低库存预警,1
2024-03-27,TLM-011,TLM,72,613,575,21074.94,正常,15
2024-03-27,BUM-018,BUM,375,332,432,5458.08,低库存预警,26
2024-03-27,DUO-020,DUO,141,455,249,9659.65,正常,7
2024-03-27,VEN-027,VEN,185,1602,356,14385.96,正常,14
2024-03-27,HND-020,HND,219,1373,730,13524.05,低库存预警,28
2024-03-27,LFR-006,LFR,167,1306,543,9821.12,正常,17
2024-03-27,WLC-013,WLC,184,745,708,17433.0,正常,12
2024-03-27,DRH-024,DRH,385,116,350,922.2,低库存预警,27
2024-03-27,DUO-003,DUO,404,1608,587,2556.72,低库存预警,29
2024-03-27,BUM-006,BUM,73,1477,732,33778.99,正常,11
2024-03-27,TLM-003,TLM,332,950,447,7714.0,正常,30
2024-03-27,VEN-022,VEN,450,292,463,9796.6,正常,9
2024-03-27,CUP-008,CUP,226,789,217,1656.9,过库存,15
2024-03-27,CUP-024,CUP,206,69,326,127.65,正常,1
2024-03-27,TLP-017,TLP,377,212,780,6133.16,正常,0
2024-03-27,LRB-008,LRB,224,1275,546,39996.75,正常,7
2024-03-27,DRH-009,DRH,171,1974,463,25543.56,过库存,1
2024-03-27,DUO-004,DUO,310,468,155,9790.56,正常,18
2024-03-27,DRH-021,DRH,242,917,422,3512.11,正常,20
2024-03-27,BUM-022,BUM,473,1184,226,18695.36,正常,3
2024-03-27,BUM-008,BUM,278,878,679,26673.64,正常,22
2024-03-27,DRH-023,DRH,380,1070,257,8795.4,正常,22
2024-03-27,LRB-007,LRB,26,47,550,242.99,正常,17
2024-03-27,TLM-021,TLM,153,1290,550,8862.3,正常,4
2024-03-27,TLM-018,TLM,325,1137,787,33689.31,正常,24
2024-03-27,VEN-009,VEN,10,556,403,5059.6,正常,0
2024-03-27,VEN-015,VEN,332,634,169,20180.22,正常,23
2024-03-27,LRB-011,LRB,23,1801,154,9545.3,低库存预警,28
2024-03-27,TLM-019,TLM,349,960,648,28310.4,正常,8
2024-03-27,VEN-005,VEN,388,669,338,12182.49,低库存预警,21
2024-03-27,DRH-028,DRH,78,544,207,14323.52,正常,26
2024-03-27,WLC-009,WLC,229,1489,118,46054.77,正常,14
2024-03-27,WLC-002,WLC,439,1864,429,48128.48,低库存预警,14
2024-03-27,LFR-004,LFR,431,80,286,1492.0,正常,24
2024-03-27,TLP-018,TLP,271,854,416,15243.9,低库存预警,24
2024-03-28,HND-025,HND,360,742,188,6781.88,正常,3
2024-03-28,LFR-019,LFR,354,1110,538,18537.0,低库存预警,9
2024-03-28,LRB-004,LRB,170,582,671,7612.56,过库存,14
2024-03-28,CUP-029,CUP,496,1603,295,3606.75,正常,14
2024-03-28,DRH-004,DRH,195,1249,267,18710.02,低库存预警,1
2024-03-28,BUM-009,BUM,87,1931,574,42733.03,正常,29
2024-03-28,CUP-009,CUP,407,1307,496,39562.89,低库存预警,14
2024-03-28,TLP-005,TLP,257,1462,178,8406.5,正常,25
2024-03-28,LRB-020,LRB,434,1984,791,43390.08,正常,7
2024-03-28,BUM-007,BUM,257,1702,121,17258.28,正常,21
2024-03-28,HND-006,HND,224,815,547,9625.15,低库存预警,4
2024-03-28,DUO-011,DUO,341,1158,152,6774.3,正常,23
2024-03-28,BUM-016,BUM,32,1272,389,11168.16,过库存,5
2024-03-28,TLM-022,TLM,378,362,113,1520.4,正常,28
2024-03-28,TLM-005,TLM,231,907,435,19373.52,正常,23
2024-03-28,LFR-003,LFR,262,1632,738,43460.16,正常,14
2024-03-28,HND-009,HND,316,1677,796,51081.42,正常,18
2024-03-28,HND-021,HND,119,547,348,14544.73,低库存预警,13
2024-03-28,BUM-028,BUM,201,1704,588,53198.88,正常,19
2024-03-28,VEN-008,VEN,222,1824,363,60593.28,正常,20
2024-03-28,CUP-007,CUP,272,1809,184,38224.17,过库存,8
2024-03-28,DRH-015,DRH,125,1393,324,10391.78,低库存预警,1
2024-03-28,WLC-006,WLC,152,145,372,1726.95,正常,15
2024-03-28,TLM-009,TLM,364,541,241,11122.96,过库存,3
2024-03-28,WLC-021,WLC,74,1212,523,10871.64,正常,29
2024-03-28,TLP-011,TLP,75,1289,560,44174.03,正常,16
2024-03-28,DRH-014,DRH,22,929,442,7032.53,正常,22
2024-03-28,DUO-013,DUO,435,85,494,301.75,低库存预警,20
2024-03-28,HND-003,HND,459,504,573,5418.0,正常,11
2024-03-28,VEN-027,VEN,441,1038,262,9321.24,过库存,1
2024-03-28,BUM-001,BUM,215,1714,700,8895.66,正常,4
2024-03-28,VEN-015,VEN,57,526,373,16742.58,正常,20
2024-03-28,DRH-008,DRH,354,1285,656,44807.95,过库存,10
2024-03-28,LRB-011,LRB,416,1892,155,10027.6,正常,8
2024-03-28,LRB-022,LRB,287,1847,442,32581.08,正常,6
2024-03-28,TLM-025,TLM,356,1483,770,19990.84,正常,4
2024-03-28,CUP-016,CUP,441,279,698,4215.69,过库存,4
2024-03-28,WLC-003,WLC,137,137,281,994.62,正常,13
2024-03-28,VEN-029,VEN,337,125,651,1448.75,低库存预警,19
2024-03-28,TLM-027,TLM,219,129,428,1949.19,正常,7
2024-03-28,TLM-001,TLM,309,104,465,710.32,过库存,19
2024-03-28,TLP-003,TLP,194,530,102,8003.0,正常,3
2024-03-28,DUO-025,DUO,125,38,728,462.46,过库存,5
2024-03-28,LFR-017,LFR,187,1865,433,45077.05,正常,17
2024-03-28,TLP-013,TLP,124,1577,796,3658.64,正常,3
2024-03-28,BUM-002,BUM,212,1130,137,24487.1,正常,9
2024-03-28,LRB-017,LRB,270,168,496,4275.6,正常,29
2024-03-28,BUM-019,BUM,24,563,796,10511.21,过库存,4
2024-03-28,TLP-016,TLP,209,110,349,2841.3,正常,11
2024-03-28,DUO-002,DUO,253,893,109,15261.37,正常,29
2024-03-28,TLP-001,TLP,140,472,560,3629.68,正常,6
2024-03-28,TLP-022,TLP,53,133,471,3133.48,正常,25
2024-03-28,VEN-030,VEN,332,374,719,4330.92,低库存预警,30
2024-03-28,WLC-011,WLC,492,1423,636,23266.05,过库存,6
2024-03-28,HND-018,HND,0,321,638,754.35,过库存,23
2024-03-28,VEN-020,VEN,177,10,790,19.3,过库存,9
2024-03-28,BUM-017,BUM,361,1348,589,7899.28,过库存,23
2024-03-28,LFR-009,LFR,443,744,670,12231.36,过库存,10
2024-03-28,WLC-002,WLC,134,624,796,16111.68,正常,29
2024-03-28,DRH-010,DRH,278,1796,437,11781.76,正常,7
2024-03-29,LFR-010,LFR,258,774,154,16161.12,正常,2
2024-03-29,TLM-012,TLM,286,1843,800,54479.08,正常,2
2024-03-29,LRB-018,LRB,69,1359,126,14731.56,过库存,14
2024-03-29,TLM-013,TLM,390,309,617,9075.33,低库存预警,9
2024-03-29,TLP-024,TLP,380,1279,437,4476.5,过库存,21
2024-03-29,CUP-019,CUP,337,432,682,7516.8,正常,15
2024-03-29,CUP-014,CUP,201,863,749,16267.55,低库存预警,2
2024-03-29,WLC-014,WLC,494,1992,611,17210.88,正常,0
2024-03-29,DUO-022,DUO,86,1008,339,3870.72,正常,11
2024-03-29,LRB-012,LRB,499,586,768,2420.18,正常,9
2024-03-29,DRH-004,DRH,387,210,128,3145.8,过库存,15
2024-03-29,DUO-004,DUO,308,984,483,20585.28,低库存预警,2
2024-03-29,LFR-005,LFR,272,1755,758,3001.05,低库存预警,26
2024-03-29,LFR-016,LFR,257,1484,232,24946.04,正常,3
2024-03-29,CUP-006,CUP,376,1789,181,33973.11,正常,28
2024-03-29,LFR-015,LFR,189,616,713,2999.92,过库存,28
2024-03-29,CUP-018,CUP,475,1899,571,35074.53,正常,24
2024-03-29,VEN-001,VEN,499,1916,729,6706.0,过库存,14
2024-03-29,LRB-021,LRB,308,511,445,5575.01,正常,9
2024-03-29,VEN-026,VEN,299,599,588,12710.78,过库存,1
2024-03-29,CUP-004,CUP,35,664,278,22688.88,过库存,24
2024-03-29,VEN-030,VEN,363,544,233,6299.52,过库存,9
2024-03-29,WLC-024,WLC,261,1965,181,13263.75,正常,1
2024-03-29,BUM-011,BUM,321,1671,599,47924.28,正常,27
2024-03-29,LFR-012,LFR,229,314,640,5598.62,正常,12
2024-03-29,HND-015,HND,77,1679,116,23287.73,低库存预警,16
2024-03-29,DUO-013,DUO,75,554,670,1966.7,正常,4
2024-03-29,DUO-003,DUO,249,478,755,760.02,正常,16
2024-03-29,DUO-016,DUO,254,883,744,20052.93,正常,21
2024-03-29,TLM-016,TLM,470,9,425,312.03,过库存,26
2024-03-29,VEN-007,VEN,388,823,440,12509.6,正常,15
2024-03-29,LFR-017,LFR,433,424,565,10248.08,正常,4
2024-03-29,VEN-012,VEN,212,510,238,7624.5,过库存,25
2024-03-29,WLC-021,WLC,392,126,293,1130.22,正常,23
2024-03-29,TLP-009,TLP,318,553,277,14134.68,过库存,20
2024-03-29,WLC-016,WLC,232,1385,224,42921.15,过库存,25
2024-03-29,VEN-018,VEN,39,974,591,6038.8,正常,10
2024-03-29,TLP-016,TLP,245,1584,484,40914.72,正常,8
2024-03-29,WLC-002,WLC,473,1577,436,40718.14,过库存,30
2024-03-29,VEN-021,VEN,350,1470,636,43732.5,正常,8
2024-03-29,TLM-026,TLM,25,111,740,2064.6,过库存,28
2024-03-29,DRH-010,DRH,231,126,460,826.56,低库存预警,21
2024-03-29,DUO-010,DUO,41,574,137,8747.76,正常,27
2024-03-29,VEN-006,VEN,53,86,449,1200.56,正常,14
2024-03-29,BUM-006,BUM,435,96,244,2195.52,正常,7
2024-03-29,TLP-002,TLP,146,94,176,624.16,正常,1
2024-03-29,VEN-019,VEN,151,317,186,5499.95,低库存预警,6
2024-03-29,VEN-009,VEN,444,19,741,172.9,低库存预警,1
2024-03-29,CUP-003,CUP,268,608,288,20793.6,过库存,26
2024-03-29,TLP-011,TLP,444,1472,571,50445.44,过库存,11
2024-03-29,DUO-015,DUO,253,1016,539,21051.52,正常,25
2024-03-29,VEN-022,VEN,309,60,771,2013.0,低库存预警,13
2024-03-29,DRH-029,DRH,39,1789,226,34080.45,正常,30
2024-03-29,CUP-011,CUP,449,481,357,14160.64,正常,0
2024-03-29,TLM-025,TLM,195,1407,736,18966.36,正常,28
2024-03-29,BUM-002,BUM,396,1841,399,39894.47,正常,16
2024-03-29,HND-009,HND,335,27,798,822.42,正常,18
2024-03-29,HND-020,HND,429,1795,440,17680.75,正常,8
2024-03-29,TLP-017,TLP,188,1229,416,35554.97,正常,5
2024-03-29,WLC-018,WLC,443,1863,478,60584.76,低库存预警,29
2024-03-30,BUM-023,BUM,160,1678,520,10420.38,正常,26
2024-03-30,BUM-003,BUM,399,1756,191,31010.96,过库存,15
2024-03-30,VEN-013,VEN,481,1406,766,43768.78,正常,8
2024-03-30,VEN-028,VEN,329,1463,176,26202.33,低库存预警,20
2024-03-30,VEN-018,VEN,283,1527,621,9467.4,低库存预警,9
2024-03-30,DUO-021,DUO,156,367,571,3464.48,低库存预警,7
2024-03-30,LFR-010,LFR,173,1970,473,41133.6,过库存,21
2024-03-30,VEN-015,VEN,266,1611,209,51278.13,低库存预警,24
2024-03-30,TLP-024,TLP,263,1810,323,6335.0,正常,23
2024-03-30,WLC-007,WLC,284,261,269,8978.4,过库存,19
2024-03-30,VEN-029,VEN,481,283,753,3279.97,正常,29
2024-03-30,CUP-022,CUP,28,268,111,4068.24,低库存预警,18
2024-03-30,CUP-028,CUP,221,128,725,1560.32,正常,7
2024-03-30,LRB-002,LRB,409,1859,287,47943.61,过库存,8
2024-03-30,WLC-019,WLC,74,1665,555,32767.2,正常,26
2024-03-30,HND-023,HND,410,495,239,4667.85,低库存预警,2
2024-03-30,HND-022,HND,260,907,272,29250.75,过库存,15
2024-03-30,WLC-023,WLC,323,866,757,20714.72,低库存预警,23
2024-03-30,VEN-012,VEN,468,1012,146,15129.4,正常,11
2024-03-30,VEN-010,VEN,336,1353,786,17724.3,低库存预警,26
2024-03-30,LRB-009,LRB,95,1125,296,30420.0,过库存,4
2024-03-30,WLC-018,WLC,228,663,617,21560.76,过库存,14
2024-03-30,CUP-018,CUP,466,796,306,14702.12,过库存,17
2024-03-30,TLP-021,TLP,144,65,153,564.2,低库存预警,0
2024-03-30,DRH-004,DRH,388,822,625,12313.56,正常,12
2024-03-30,BUM-006,BUM,409,1355,416,30988.85,低库存预警,30
2024-03-30,TLP-023,TLP,364,933,492,23754.18,正常,16
2024-03-30,TLP-008,TLP,12,1667,690,39874.64,正常,6
2024-03-30,LFR-005,LFR,277,289,656,494.19,正常,23
2024-03-30,WLC-017,WLC,185,44,625,113.52,正常,9
2024-03-30,DRH-011,DRH,70,1778,591,54140.1,过库存,8
2024-03-30,TLP-006,TLP,398,1044,597,29701.8,正常,29
2024-03-30,DUO-011,DUO,91,1238,263,7242.3,正常,28
2024-03-30,LRB-003,LRB,380,1013,631,19895.32,正常,25
2024-03-30,HND-014,HND,322,1065,423,24154.2,过库存,8
2024-03-30,LRB-017,LRB,192,103,493,2621.35,正常,8
2024-03-30,LFR-022,LFR,227,1915,324,66756.9,正常,2
2024-03-30,BUM-009,BUM,161,1360,687,30096.8,低库存预警,10
2024-03-30,BUM-012,BUM,418,1985,481,52364.3,低库存预警,21
2024-03-30,CUP-008,CUP,277,667,242,1400.7,正常,3
2024-03-30,DUO-013,DUO,189,1118,264,3968.9,过库存,2
2024-03-30,WLC-001,WLC,341,1506,112,27800.76,正常,28
2024-03-30,LRB-022,LRB,217,551,237,9719.64,过库存,16
2024-03-30,DRH-002,DRH,318,140,131,1314.6,正常,29
2024-03-30,CUP-004,CUP,228,443,504,15137.31,正常,11
2024-03-30,LFR-015,LFR,328,313,771,1524.31,过库存,25
2024-03-30,DRH-016,DRH,342,1074,335,20910.78,正常,2
2024-03-30,WLC-011,WLC,143,708,572,11575.8,过库存,0
2024-03-30,DRH-022,DRH,168,820,102,9995.8,过库存,11
2024-03-30,TLM-001,TLM,51,336,192,2294.88,过库存,0
2024-03-30,TLM-014,TLM,487,729,481,15717.24,正常,15
2024-03-30,DRH-029,DRH,106,1499,734,28555.95,正常,29
2024-03-30,TLM-026,TLM,181,467,268,8686.2,正常,24
2024-03-30,DRH-025,DRH,227,50,704,525.5,低库存预警,14
2024-03-30,BUM-027,BUM,390,1017,529,8613.99,正常,10
2024-03-30,LFR-012,LFR,490,13,149,231.79,低库存预警,16
2024-03-30,DUO-016,DUO,338,728,240,16532.88,正常,21
2024-03-30,TLM-020,TLM,363,1829,608,57650.08,过库存,25
2024-03-30,DUO-023,DUO,308,372,497,12149.52,低库存预警,2
2024-03-30,DRH-027,DRH,195,1647,504,41092.65,过库存,23
2024-03-31,WLC-019,WLC,134,1958,718,38533.44,正常,10
2024-03-31,WLC-009,WLC,324,1428,320,44168.04,正常,28
2024-03-31,TLP-017,TLP,495,1108,365,32054.44,低库存预警,27
2024-03-31,LRB-011,LRB,66,1798,480,9529.4,正常,17
2024-03-31,DRH-023,DRH,287,1497,524,12305.34,正常,4
2024-03-31,DRH-008,DRH,33,1046,782,36474.02,过库存,22
2024-03-31,VEN-005,VEN,370,153,560,2786.13,低库存预警,27
2024-03-31,LFR-014,LFR,431,503,216,4632.63,过库存,25
2024-03-31,HND-014,HND,157,921,178,20888.28,正常,0
2024-03-31,CUP-002,CUP,210,1824,417,8755.2,正常,3
2024-03-31,BUM-010,BUM,307,592,561,18535.52,过库存,5
2024-03-31,CUP-027,CUP,440,1138,159,22816.9,过库存,3
2024-03-31,DUO-012,DUO,254,1805,349,20631.15,正常,27
2024-03-31,CUP-020,CUP,411,990,632,5603.4,低库存预警,16
2024-03-31,HND-025,HND,464,1140,684,10419.6,过库存,17
2024-03-31,DRH-011,DRH,134,431,536,13123.95,正常,8
2024-03-31,BUM-016,BUM,224,1869,717,16409.82,正常,23
2024-03-31,WLC-011,WLC,346,78,340,1275.3,正常,12
2024-03-31,LRB-005,LRB,109,629,167,15441.95,过库存,18
2024-03-31,TLM-018,TLM,191,1440,564,42667.2,正常,23
2024-03-31,VEN-019,VEN,325,438,624,7599.3,低库存预警,7
2024-03-31,BUM-020,BUM,92,1653,182,56185.47,正常,10
2024-03-31,CUP-014,CUP,435,1412,238,26616.2,正常,5
2024-03-31,DUO-001,DUO,343,593,525,10834.11,正常,18
2024-03-31,DRH-020,DRH,219,7,600,212.38,正常,11
2024-03-31,TLM-009,TLM,347,1409,800,28969.04,低库存预警,6
2024-03-31,TLP-009,TLP,79,458,512,11706.48,正常,11
2024-03-31,BUM-003,BUM,468,528,696,9324.48,正常,23
2024-03-31,DUO-007,DUO,28,235,795,2852.9,过库存,23
2024-03-31,LRB-002,LRB,64,1082,138,27904.78,正常,3
2024-03-31,DUO-023,DUO,339,1053,712,34390.98,过库存,0
2024-03-31,LFR-020,LFR,317,731,104,22719.48,过库存,9
2024-03-31,CUP-023,CUP,181,1371,557,17384.28,低库存预警,29
2024-03-31,CUP-004,CUP,157,1744,571,59592.48,正常,27
2024-03-31,HND-010,HND,74,120,104,3879.6,低库存预警,26
2024-03-31,VEN-010,VEN,34,1618,248,21195.8,低库存预警,0
2024-03-31,VEN-021,VEN,225,695,592,20676.25,低库存预警,23
2024-03-31,DUO-008,DUO,219,1177,431,11381.59,低库存预警,6
2024-03-31,LRB-008,LRB,380,1620,436,50819.4,过库存,4
2024-03-31,BUM-006,BUM,148,1633,150,37346.71,正常,22
2024-03-31,DUO-025,DUO,365,265,364,3225.05,过库存,27
2024-03-31,LRB-012,LRB,177,999,121,4125.87,过库存,30
2024-03-31,VEN-018,VEN,219,1419,594,8797.8,正常,17
2024-03-31,LRB-009,LRB,24,1363,488,36855.52,正常,10
2024-03-31,LFR-004,LFR,305,1639,183,30567.35,正常,24
2024-03-31,DRH-021,DRH,47,147,493,563.01,低库存预警,23
2024-03-31,CUP-010,CUP,330,303,450,8699.13,低库存预警,22
2024-03-31,WLC-024,WLC,474,659,479,4448.25,正常,29
2024-03-31,BUM-008,BUM,124,1552,176,47149.76,正常,26
2024-03-31,TLP-019,TLP,159,736,790,1854.72,正常,15
2024-03-31,TLP-007,TLP,68,570,364,6634.8,过库存,5
2024-03-31,DRH-022,DRH,199,1799,103,21929.81,正常,20
2024-03-31,WLC-023,WLC,375,459,728,10979.28,正常,23
2024-03-31,TLM-003,TLM,54,1298,303,10539.76,正常,4
2024-03-31,VEN-016,VEN,447,1818,761,60703.02,正常,29
2024-03-31,TLP-018,TLP,500,1449,252,25864.65,正常,8
2024-03-31,DUO-020,DUO,248,753,138,15986.19,低库存预警,4
2024-03-31,TLM-001,TLM,495,798,798,5450.34,正常,3
2024-03-31,WLC-001,WLC,106,1943,246,35867.78,正常,10
2024-03-31,HND-017,HND,140,1860,697,40882.8,正常,24
2024-04-01,BUM-010,BUM,231,1496,184,46839.76,正常,21
2024-04-01,TLM-002,TLM,171,1328,552,6600.16,正常,21
2024-04-01,VEN-001,VEN,359,1397,178,4889.5,正常,23
2024-04-01,DUO-014,DUO,20,933,135,10813.47,低库存预警,26
2024-04-01,CUP-024,CUP,491,1430,343,2645.5,正常,7
2024-04-01,CUP-030,CUP,303,191,703,4885.78,正常,0
2024-04-01,WLC-013,WLC,183,343,262,8026.2,正常,15
2024-04-01,DRH-027,DRH,284,84,793,2095.8,正常,19
2024-04-01,WLC-017,WLC,290,1147,158,2959.26,正常,12
2024-04-01,HND-010,HND,172,1257,542,40638.81,正常,21
2024-04-01,TLM-001,TLM,468,1138,487,7772.54,正常,18
2024-04-01,LFR-020,LFR,174,352,745,10940.16,过库存,15
2024-04-01,LRB-008,LRB,397,368,285,11544.16,过库存,22
2024-04-01,DUO-010,DUO,91,499,180,7604.76,正常,19
2024-04-01,HND-013,HND,250,554,777,9296.12,低库存预警,2
2024-04-01,BUM-026,BUM,25,1782,212,19744.56,低库存预警,20
2024-04-01,TLP-014,TLP,234,1928,732,62640.72,正常,5
2024-04-01,CUP-013,CUP,265,285,664,5529.0,低库存预警,13
2024-04-01,TLM-021,TLM,117,483,330,3318.21,正常,19
2024-04-01,LRB-009,LRB,139,936,723,25309.44,过库存,26
2024-04-01,HND-016,HND,115,709,487,10783.89,过库存,3
2024-04-01,HND-008,HND,46,1680,238,41630.4,正常,13
2024-04-01,DUO-005,DUO,271,839,796,10000.88,正常,8
2024-04-01,LFR-007,LFR,50,923,420,3212.04,正常,11
2024-04-01,DRH-012,DRH,304,850,586,20842.0,正常,5
2024-04-01,VEN-028,VEN,447,1591,347,28494.81,正常,14
2024-04-01,VEN-017,VEN,352,1171,518,26534.86,正常,25
2024-04-01,TLP-006,TLP,30,715,694,20341.75,低库存预警,13
2024-04-01,DUO-022,DUO,140,1742,533,6689.28,过库存,12
2024-04-01,TLP-001,TLP,75,1060,254,8151.4,正常,7
2024-04-01,BUM-015,BUM,333,1989,580,22714.38,正常,18
2024-04-01,WLC-014,WLC,454,314,296,2712.96,低库存预警,4
2024-04-01,WLC-008,WLC,36,1650,689,27967.5,低库存预警,25
2024-04-01,TLM-005,TLM,450,1810,186,38661.6,正常,8
2024-04-01,VEN-012,VEN,262,49,354,732.55,过库存,19
2024-04-01,DUO-007,DUO,154,1242,427,15077.88,过库存,15
2024-04-01,LRB-016,LRB,0,1075,272,25563.5,正常,0
2024-04-01,DRH-028,DRH,20,695,586,18299.35,低库存预警,27
2024-04-01,DUO-018,DUO,47,578,464,1479.68,正常,12
2024-04-01,VEN-027,VEN,43,57,409,511.86,正常,22
2024-04-01,HND-015,HND,283,1564,569,21692.68,正常,5
2024-04-01,CUP-028,CUP,27,589,683,7179.91,正常,21
2024-04-01,BUM-019,BUM,172,1397,572,26081.99,正常,14
2024-04-01,WLC-005,WLC,346,1262,214,4846.08,正常,10
2024-04-01,WLC-015,WLC,420,499,148,10768.42,正常,3
2024-04-01,WLC-018,WLC,21,1632,168,53072.64,正常,21
2024-04-01,LRB-015,LRB,433,126,661,2663.64,正常,16
2024-04-01,VEN-026,VEN,145,752,158,15957.44,低库存预警,3
2024-04-01,VEN-011,VEN,166,335,647,10823.85,正常,24
2024-04-01,LFR-006,LFR,38,137,798,1030.24,过库存,29
2024-04-01,HND-018,HND,27,1014,264,2382.9,低库存预警,2
2024-04-01,HND-023,HND,175,572,361,5393.96,过库存,11
2024-04-01,HND-006,HND,269,1397,153,16498.57,低库存预警,22
2024-04-01,CUP-010,CUP,202,1613,145,46309.23,低库存预警,8
2024-04-01,DRH-010,DRH,486,560,318,3673.6,正常,16
2024-04-01,TLM-013,TLM,40,1585,473,46551.45,过库存,6
2024-04-01,TLM-022,TLM,100,1048,214,4401.6,低库存预警,19
2024-04-01,VEN-024,VEN,268,89,390,1201.5,正常,8
2024-04-01,WLC-023,WLC,196,1447,424,34612.24,正常,9
2024-04-01,DRH-018,DRH,125,1978,342,40588.56,低库存预警,7
2024-04-02,CUP-017,CUP,366,798,181,9887.22,过库存,3
2024-04-02,HND-019,HND,47,322,380,6916.56,正常,28
2024-04-02,DRH-011,DRH,148,370,768,11266.5,正常,19
2024-04-02,CUP-030,CUP,415,1810,472,46299.8,正常,2
2024-04-02,LFR-015,LFR,125,1341,287,6530.67,过库存,2
2024-04-02,VEN-027,VEN,360,1296,378,11638.08,正常,11
2024-04-02,TLM-011,TLM,410,997,602,34276.86,正常,24
2024-04-02,TLM-006,TLM,139,1501,666,10251.83,正常,4
2024-04-02,DRH-027,DRH,199,1955,419,48777.25,低库存预警,22
2024-04-02,BUM-002,BUM,345,517,749,11203.39,正常,10
2024-04-02,LFR-016,LFR,232,1096,635,18423.76,正常,22
2024-04-02,LRB-016,LRB,116,1205,154,28654.9,低库存预警,26
2024-04-02,WLC-023,WLC,103,1341,789,32076.72,过库存,13
2024-04-02,VEN-002,VEN,479,816,551,27221.76,正常,10
2024-04-02,VEN-005,VEN,227,558,376,10161.18,正常,28
2024-04-02,CUP-016,CUP,446,1807,767,27303.77,低库存预警,22
2024-04-02,WLC-007,WLC,222,668,309,22979.2,正常,23
2024-04-02,BUM-025,BUM,400,1219,214,27451.88,低库存预警,17
2024-04-02,TLP-024,TLP,498,1560,140,5460.0,过库存,27
2024-04-02,WLC-020,WLC,316,1638,145,19312.02,正常,26
2024-04-02,LRB-003,LRB,353,1225,367,24059.0,正常,18
2024-04-02,WLC-016,WLC,88,429,500,13294.71,低库存预警,7
2024-04-02,DUO-022,DUO,119,2,422,7.68,正常,22
2024-04-02,VEN-003,VEN,407,161,589,4728.57,过库存,14
2024-04-02,DRH-026,DRH,312,1347,511,4027.53,过库存,26
2024-04-02,VEN-007,VEN,201,519,462,7888.8,正常,19
2024-04-02,VEN-020,VEN,387,1991,162,3842.63,正常,7
2024-04-02,DUO-014,DUO,183,228,530,2642.52,正常,30
2024-04-02,LFR-022,LFR,246,673,782,23460.78,低库存预警,30
2024-04-02,BUM-016,BUM,54,833,415,7313.74,正常,16
2024-04-02,TLM-027,TLM,179,950,456,14354.5,正常,25
2024-04-02,TLP-020,TLP,174,559,394,972.66,正常,15
2024-04-02,LFR-010,LFR,474,1592,195,33240.96,低库存预警,18
2024-04-02,DUO-018,DUO,289,1054,456,2698.24,正常,30
2024-04-02,CUP-020,CUP,310,1495,657,8461.7,过库存,19
2024-04-02,DUO-020,DUO,295,1321,487,28044.83,正常,19
2024-04-02,CUP-012,CUP,97,1956,382,30083.28,正常,13
2024-04-02,DRH-030,DRH,390,1350,329,7276.5,正常,23
2024-04-02,LRB-018,LRB,246,1482,709,16064.88,正常,8
2024-04-02,HND-023,HND,373,1793,671,16907.99,正常,13
2024-04-02,LFR-005,LFR,485,900,387,1539.0,低库存预警,17
2024-04-02,DUO-010,DUO,58,436,292,6644.64,低库存预警,16
2024-04-02,DUO-017,DUO,437,1319,399,17780.12,正常,23
2024-04-02,TLM-008,TLM,311,32,423,745.28,正常,28
2024-04-02,WLC-004,WLC,493,850,553,5601.5,正常,26
2024-04-02,DUO-003,DUO,186,1759,306,2796.81,正常,21
2024-04-02,DRH-028,DRH,224,1479,438,38942.07,低库存预警,10
2024-04-02,WLC-006,WLC,54,1299,799,15471.09,正常,6
2024-04-02,HND-016,HND,353,695,507,10570.95,过库存,0
2024-04-02,TLP-006,TLP,391,686,289,19516.7,正常,11
2024-04-02,TLP-004,TLP,103,526,428,4471.0,低库存预警,15
2024-04-02,DUO-002,DUO,247,1555,137,26574.95,正常,24
2024-04-02,DUO-006,DUO,70,1798,176,59423.9,正常,15
2024-04-02,VEN-029,VEN,142,1814,752,21024.26,低库存预警,27
2024-04-02,LRB-019,LRB,38,1356,293,45914.16,正常,26
2024-04-02,VEN-001,VEN,168,1115,172,3902.5,正常,13
2024-04-02,CUP-015,CUP,193,1714,482,52225.58,低库存预警,14
2024-04-02,TLM-014,TLM,265,29,280,625.24,正常,8
2024-04-02,VEN-004,VEN,168,347,632,11228.92,正常,12
2024-04-02,DRH-019,DRH,105,503,572,9682.75,过库存,22
2024-04-03,DRH-009,DRH,164,1734,208,22437.96,正常,25
2024-04-03,DUO-004,DUO,38,1,375,20.92,正常,21
2024-04-03,LRB-019,LRB,138,929,395,31455.94,正常,24
2024-04-03,VEN-028,VEN,98,1881,623,33688.71,正常,0
2024-04-03,LFR-020,LFR,223,1490,408,46309.2,正常,5
2024-04-03,LRB-020,LRB,20,1223,248,26747.01,低库存预警,19
2024-04-03,LFR-012,LFR,417,604,762,10769.32,低库存预警,10
2024-04-03,DUO-014,DUO,459,39,167,452.01,低库存预警,10
2024-04-03,WLC-013,WLC,372,696,422,16286.4,正常,0
2024-04-03,HND-013,HND,133,539,197,9044.42,低库存预警,6
2024-04-03,HND-017,HND,496,1849,327,40641.02,低库存预警,28
2024-04-03,TLP-024,TLP,172,767,156,2684.5,正常,22
2024-04-03,TLP-025,TLP,163,1625,687,4988.75,正常,15
2024-04-03,WLC-025,WLC,257,134,533,3564.4,正常,5
2024-04-03,HND-025,HND,429,610,280,5575.4,正常,17
2024-04-03,CUP-023,CUP,188,1917,125,24307.56,低库存预警,13
2024-04-03,TLM-021,TLM,136,1040,675,7144.8,正常,17
2024-04-03,CUP-012,CUP,412,71,655,1091.98,正常,0
2024-04-03,DRH-005,DRH,314,648,266,16692.48,过库存,7
2024-04-03,TLP-006,TLP,218,988,119,28108.6,正常,5
2024-04-03,DRH-010,DRH,218,1204,794,7898.24,正常,23
2024-04-03,WLC-008,WLC,462,1851,732,31374.45,正常,25
2024-04-03,LRB-008,LRB,189,351,150,11010.87,正常,0
2024-04-03,DUO-003,DUO,166,901,189,1432.59,正常,3
2024-04-03,DUO-025,DUO,401,1989,462,24206.13,低库存预警,27
2024-04-03,DRH-021,DRH,120,1724,637,6602.92,正常,28
2024-04-03,WLC-017,WLC,343,1559,791,4022.22,低库存预警,14
2024-04-03,VEN-015,VEN,86,1180,120,37559.4,正常,13
2024-04-03,VEN-004,VEN,177,880,363,28476.8,正常,19
2024-04-03,BUM-006,BUM,299,55,351,1257.85,正常,26
2024-04-03,LFR-001,LFR,359,244,461,971.12,正常,16
2024-04-03,WLC-022,WLC,203,1634,493,54886.06,正常,28
2024-04-03,CUP-013,CUP,384,1514,494,29371.6,正常,3
2024-04-03,TLP-016,TLP,458,1056,637,27276.48,正常,1
2024-04-03,VEN-029,VEN,178,491,710,5690.69,低库存预警,30
2024-04-03,BUM-027,BUM,140,773,285,6547.31,正常,0
2024-04-03,HND-020,HND,26,522,764,5141.7,正常,15
2024-04-03,LRB-018,LRB,103,663,149,7186.92,过库存,20
2024-04-03,LRB-004,LRB,65,629,110,8227.32,低库存预警,24
2024-04-03,CUP-024,CUP,492,1433,612,2651.05,正常,30
2024-04-03,TLM-023,TLM,29,1526,250,46939.76,正常,16
2024-04-03,BUM-013,BUM,498,1983,210,11600.55,正常,3
2024-04-03,CUP-026,CUP,458,1003,540,11664.89,过库存,30
2024-04-03,LFR-015,LFR,145,172,215,837.64,过库存,18
2024-04-03,BUM-022,BUM,265,1797,275,28374.63,正常,15
2024-04-03,DUO-021,DUO,261,976,397,9213.44,过库存,12
2024-04-03,HND-023,HND,236,244,118,2300.92,过库存,15
2024-04-03,VEN-022,VEN,73,1525,756,51163.75,正常,27
2024-04-03,DRH-027,DRH,205,217,451,5414.15,过库存,14
2024-04-03,DRH-022,DRH,94,388,343,4729.72,低库存预警,24
2024-04-03,WLC-023,WLC,129,298,563,7128.16,正常,20
2024-04-03,DRH-002,DRH,376,832,161,7812.48,过库存,13
2024-04-03,LRB-006,LRB,385,1548,733,52910.64,正常,10
2024-04-03,TLP-009,TLP,119,1939,283,49560.84,正常,16
2024-04-03,VEN-027,VEN,171,884,290,7938.32,低库存预警,27
2024-04-03,TLP-004,TLP,485,118,273,1003.0,低库存预警,23
2024-04-03,LRB-002,LRB,354,1889,355,48717.31,正常,18
2024-04-03,HND-022,HND,395,947,731,30540.75,过库存,9
2024-04-03,CUP-030,CUP,11,1896,731,48499.68,正常,27
2024-04-03,TLP-022,TLP,280,515,537,12133.4,正常,15
2024-04-04,TLP-014,TLP,202,422,694,13710.78,正常,12
2024-04-04,CUP-018,CUP,436,1856,145,34280.32,正常,27
2024-04-04,WLC-013,WLC,46,413,621,9664.2,正常,5
2024-04-04,TLM-011,TLM,43,1890,579,64978.2,正常,15
2024-04-04,VEN-012,VEN,26,278,608,4156.1,正常,7
2024-04-04,BUM-011,BUM,212,1115,698,31978.2,过库存,4
2024-04-04,TLP-019,TLP,409,112,103,282.24,正常,11
2024-04-04,TLP-002,TLP,111,1633,434,10843.12,过库存,18
2024-04-04,LFR-011,LFR,153,1711,773,33826.47,低库存预警,15
2024-04-04,BUM-014,BUM,101,1157,172,8770.06,过库存,17
2024-04-04,WLC-003,WLC,217,387,487,2809.62,过库存,12
2024-04-04,VEN-006,VEN,54,1419,152,19809.24,低库存预警,7
2024-04-04,VEN-029,VEN,115,763,525,8843.17,正常,6
2024-04-04,HND-007,HND,7,1539,745,6032.88,正常,24
2024-04-04,TLP-022,TLP,374,151,300,3557.56,过库存,2
2024-04-04,VEN-008,VEN,407,244,577,8105.68,低库存预警,24
2024-04-04,LFR-013,LFR,140,5,476,57.35,正常,10
2024-04-04,LRB-002,LRB,163,124,463,3197.96,正常,29
2024-04-04,HND-008,HND,406,1499,367,37145.22,正常,11
2024-04-04,DUO-014,DUO,259,883,471,10233.97,正常,5
2024-04-04,BUM-019,BUM,379,303,589,5657.01,过库存,12
2024-04-04,LRB-010,LRB,321,273,153,3218.67,正常,28
2024-04-04,HND-013,HND,182,583,238,9782.74,低库存预警,2
2024-04-04,DRH-003,DRH,150,1818,589,16925.58,低库存预警,14
2024-04-04,WLC-017,WLC,14,1314,499,3390.12,过库存,22
2024-04-04,HND-018,HND,67,1253,193,2944.55,正常,13
2024-04-04,VEN-020,VEN,166,1111,301,2144.23,正常,26
2024-04-04,TLM-008,TLM,119,441,258,10270.89,正常,19
2024-04-04,LFR-005,LFR,65,14,636,23.94,低库存预警,18
2024-04-04,CUP-023,CUP,429,1847,147,23419.96,正常,8
2024-04-04,TLM-015,TLM,312,1564,115,11651.8,正常,5
2024-04-04,DRH-001,DRH,422,529,471,15832.97,正常,17
2024-04-04,CUP-026,CUP,386,388,355,4512.44,过库存,26
2024-04-04,DUO-019,DUO,87,296,152,4327.52,低库存预警,4
2024-04-04,HND-011,HND,128,1856,283,21065.6,正常,20
2024-04-04,CUP-022,CUP,467,1643,319,24940.74,正常,20
2024-04-04,HND-019,HND,52,241,353,5176.68,正常,16
2024-04-04,TLM-003,TLM,482,973,249,7900.76,过库存,12
2024-04-04,TLP-013,TLP,459,474,509,1099.68,过库存,6
2024-04-04,TLP-011,TLP,205,1180,272,40438.6,低库存预警,6
2024-04-04,DRH-005,DRH,194,159,507,4095.84,低库存预警,15
2024-04-04,HND-003,HND,106,1389,754,14931.75,正常,25
2024-04-04,CUP-021,CUP,139,1089,342,29914.83,正常,2
2024-04-04,VEN-028,VEN,345,888,136,15904.08,过库存,22
2024-04-04,TLM-002,TLM,67,155,478,770.35,正常,17
2024-04-04,DUO-001,DUO,440,138,592,2521.26,正常,12
2024-04-04,DRH-011,DRH,424,1862,754,56697.9,正常,8
2024-04-04,DUO-008,DUO,479,1389,623,13431.63,低库存预警,29
2024-04-04,DRH-018,DRH,491,330,713,6771.6,正常,8
2024-04-04,LFR-006,LFR,442,1564,207,11761.28,低库存预警,17
2024-04-04,DUO-015,DUO,266,633,553,13115.76,正常,24
2024-04-04,WLC-020,WLC,188,1014,349,11955.06,正常,26
2024-04-04,CUP-025,CUP,224,367,414,11964.2,正常,3
2024-04-04,DRH-030,DRH,109,1735,294,9351.65,正常,16
2024-04-04,LRB-012,LRB,182,891,662,3679.83,正常,25
2024-04-04,CUP-010,CUP,42,1039,746,29829.69,过库存,25
2024-04-04,DRH-017,DRH,241,965,708,4989.05,正常,1
2024-04-04,LRB-019,LRB,276,1336,301,45236.96,低库存预警,27
2024-04-04,DUO-006,DUO,33,1351,796,44650.55,正常,7
2024-04-04,VEN-005,VEN,495,1843,602,33561.03,正常,17
2024-04-05,HND-006,HND,111,451,589,5326.31,低库存预警,23
2024-04-05,DUO-022,DUO,408,1008,597,3870.72,过库存,1
2024-04-05,DUO-001,DUO,255,1540,384,28135.8,正常,30
2024-04-05,BUM-013,BUM,172,1494,190,8739.9,正常,0
2024-04-05,TLP-014,TLP,220,1678,104,54518.22,正常,10
2024-04-05,LRB-020,LRB,441,1188,681,25981.56,正常,19
2024-04-05,DRH-004,DRH,139,1259,269,18859.82,低库存预警,2
2024-04-05,BUM-002,BUM,470,1187,114,25722.29,正常,1
2024-04-05,LFR-009,LFR,289,51,761,838.44,正常,11
2024-04-05,WLC-014,WLC,407,1241,492,10722.24,过库存,25
2024-04-05,BUM-003,BUM,247,465,408,8211.9,正常,18
2024-04-05,BUM-017,BUM,484,1237,732,7248.82,过库存,24
2024-04-05,CUP-013,CUP,479,718,305,13929.2,正常,12
2024-04-05,LRB-011,LRB,258,686,797,3635.8,正常,21
2024-04-05,DRH-003,DRH,327,991,157,9226.21,正常,10
2024-04-05,TLP-001,TLP,129,1196,782,9197.24,低库存预警,5
2024-04-05,VEN-027,VEN,315,1849,367,16604.02,正常,14
2024-04-05,DRH-015,DRH,90,1885,699,14062.1,正常,14
2024-04-05,DRH-002,DRH,99,1020,256,9577.8,过库存,27
2024-04-05,TLP-006,TLP,296,597,295,16984.65,过库存,14
2024-04-05,LRB-005,LRB,22,901,503,22119.55,正常,20
2024-04-05,HND-022,HND,221,1772,255,57147.0,过库存,25
2024-04-05,DRH-011,DRH,378,1287,440,39189.15,正常,20
2024-04-05,LRB-001,LRB,257,1503,139,18952.83,低库存预警,16
2024-04-05,LFR-011,LFR,6,52,344,1028.04,正常,1
2024-04-05,LFR-005,LFR,416,1780,483,3043.8,正常,30
2024-04-05,CUP-021,CUP,122,1861,154,51121.67,正常,23
2024-04-05,LFR-010,LFR,315,1712,512,35746.56,正常,0
2024-04-05,BUM-023,BUM,313,947,521,5880.87,正常,24
2024-04-05,DUO-021,DUO,455,954,388,9005.76,过库存,9
2024-04-05,TLM-026,TLM,498,1240,139,23064.0,正常,1
2024-04-05,WLC-020,WLC,110,911,270,10740.69,过库存,28
2024-04-05,TLM-002,TLM,400,1610,770,8001.7,过库存,7
2024-04-05,TLM-006,TLM,149,122,142,833.26,正常,20
2024-04-05,VEN-018,VEN,328,1937,572,12009.4,正常,24
2024-04-05,HND-007,HND,104,597,491,2340.24,正常,22
2024-04-05,TLP-008,TLP,151,1962,257,46931.04,正常,25
2024-04-05,LFR-006,LFR,461,897,454,6745.44,正常,18
2024-04-05,WLC-023,WLC,289,1189,760,28440.88,正常,24
2024-04-05,DUO-005,DUO,98,1265,591,15078.8,低库存预警,4
2024-04-05,VEN-005,VEN,245,1119,156,20376.99,正常,23
2024-04-05,BUM-014,BUM,64,1601,633,12135.58,正常,5
2024-04-05,WLC-002,WLC,478,1530,676,39504.6,正常,28
2024-04-05,LFR-002,LFR,490,1311,481,14211.24,正常,10
2024-04-05,BUM-011,BUM,420,251,605,7198.68,正常,7
2024-04-05,CUP-029,CUP,76,1497,206,3368.25,低库存预警,22
2024-04-05,WLC-011,WLC,171,1948,604,31849.8,正常,12
2024-04-05,DUO-011,DUO,287,565,715,3305.25,正常,12
2024-04-05,CUP-005,CUP,8,1067,116,35082.96,过库存,12
2024-04-05,DUO-020,DUO,362,967,101,20529.41,正常,7
2024-04-05,DRH-021,DRH,122,576,522,2206.08,正常,18
2024-04-05,HND-013,HND,473,1507,330,25287.46,正常,24
2024-04-05,VEN-019,VEN,59,560,745,9716.0,正常,15
2024-04-05,DUO-010,DUO,58,1810,505,27584.4,低库存预警,18
2024-04-05,HND-017,HND,381,1062,336,23342.76,过库存,14
2024-04-05,LRB-002,LRB,148,27,127,696.33,正常,27
2024-04-05,VEN-020,VEN,438,1113,331,2148.09,正常,27
2024-04-05,CUP-022,CUP,257,1018,281,15453.24,过库存,17
2024-04-05,CUP-025,CUP,86,1234,230,40228.4,正常,21
2024-04-05,LFR-014,LFR,262,1802,424,16596.42,正常,10
2024-04-06,TLP-015,TLP,36,1387,778,27948.05,过库存,10
2024-04-06,TLM-004,TLM,376,1953,729,63374.85,过库存,13
2024-04-06,WLC-004,WLC,200,1850,178,12191.5,正常,12
2024-04-06,LRB-007,LRB,59,1210,503,6255.7,正常,17
2024-04-06,HND-013,HND,148,1643,740,27569.54,低库存预警,15
2024-04-06,LFR-011,LFR,338,452,629,8936.04,正常,9
2024-04-06,LFR-003,LFR,307,250,470,6657.5,过库存,28
2024-04-06,CUP-014,CUP,56,1707,574,32176.95,正常,23
2024-04-06,CUP-001,CUP,355,1981,374,13074.6,低库存预警,29
2024-04-06,DUO-013,DUO,228,179,792,635.45,正常,26
2024-04-06,WLC-014,WLC,439,536,720,4631.04,过库存,20
2024-04-06,LFR-019,LFR,145,574,756,9585.8,过库存,17
2024-04-06,LRB-022,LRB,4,101,547,1781.64,正常,24
2024-04-06,TLP-020,TLP,300,1156,446,2011.44,正常,17
2024-04-06,LFR-022,LFR,140,877,717,30572.22,低库存预警,21
2024-04-06,WLC-008,WLC,406,1153,549,19543.35,正常,21
2024-04-06,HND-021,HND,52,1178,161,31323.02,正常,11
2024-04-06,CUP-005,CUP,176,1233,245,40541.04,正常,7
2024-04-06,TLM-010,TLM,355,1056,190,10517.76,低库存预警,24
2024-04-06,DUO-018,DUO,63,594,214,1520.64,正常,4
2024-04-06,HND-012,HND,278,1589,256,6800.92,低库存预警,11
2024-04-06,HND-019,HND,52,327,245,7023.96,正常,15
2024-04-06,BUM-017,BUM,473,1750,670,10255.0,过库存,3
2024-04-06,DUO-002,DUO,450,831,168,14201.79,正常,23
2024-04-06,VEN-019,VEN,341,686,245,11902.1,正常,7
2024-04-06,HND-005,HND,85,513,227,14235.75,正常,19
2024-04-06,VEN-008,VEN,185,592,299,19666.24,正常,23
2024-04-06,DUO-025,DUO,230,1369,772,16660.73,正常,30
2024-04-06,DRH-016,DRH,216,1485,152,28912.95,正常,22
2024-04-06,CUP-020,CUP,227,936,674,5297.76,正常,26
2024-04-06,TLP-008,TLP,76,1329,180,31789.68,正常,30
2024-04-06,TLM-001,TLM,352,393,249,2684.19,正常,18
2024-04-06,LFR-012,LFR,319,232,121,4136.56,低库存预警,4
2024-04-06,TLP-002,TLP,108,1375,613,9130.0,低库存预警,24
2024-04-06,TLM-006,TLM,280,218,707,1488.94,低库存预警,30
2024-04-06,CUP-009,CUP,338,714,166,21612.78,正常,25
2024-04-06,VEN-001,VEN,129,1094,716,3829.0,正常,29
2024-04-06,DRH-027,DRH,13,1948,512,48602.6,正常,18
2024-04-06,DRH-023,DRH,43,242,463,1989.24,正常,29
2024-04-06,TLP-004,TLP,109,950,313,8075.0,过库存,25
2024-04-06,LRB-009,LRB,478,793,239,21442.72,过库存,9
2024-04-06,HND-017,HND,302,967,219,21254.66,正常,1
2024-04-06,LRB-012,LRB,17,225,673,929.25,低库存预警,2
2024-04-06,LFR-017,LFR,110,1388,510,33547.96,正常,9
2024-04-06,TLP-018,TLP,149,1221,257,21794.85,过库存,23
2024-04-06,TLM-002,TLM,217,54,655,268.38,正常,25
2024-04-06,BUM-014,BUM,163,1494,774,11324.52,过库存,22
2024-04-06,DRH-006,DRH,286,936,348,16698.24,正常,13
2024-04-06,TLP-012,TLP,44,167,416,3565.45,正常,0
2024-04-06,WLC-007,WLC,210,1286,496,44238.4,过库存,8
2024-04-06,WLC-013,WLC,286,109,220,2550.6,正常,16
2024-04-06,HND-027,HND,35,20,433,496.0,低库存预警,11
2024-04-06,HND-016,HND,358,1206,399,18343.26,过库存,7
2024-04-06,BUM-008,BUM,334,338,703,10268.44,正常,2
2024-04-06,CUP-028,CUP,404,917,790,11178.23,过库存,7
2024-04-06,CUP-008,CUP,42,1336,792,2805.6,过库存,12
2024-04-06,DUO-024,DUO,70,1005,711,9899.25,低库存预警,1
2024-04-06,LRB-003,LRB,223,694,316,13630.16,低库存预警,13
2024-04-06,DRH-022,DRH,128,212,502,2584.28,低库存预警,25
2024-04-06,LFR-020,LFR,106,816,616,25361.28,正常,19
2024-04-07,TLP-014,TLP,116,774,726,25147.26,低库存预警,22
2024-04-07,WLC-010,WLC,233,714,510,17971.38,过库存,22
2024-04-07,WLC-006,WLC,207,620,207,7384.2,正常,0
2024-04-07,BUM-023,BUM,153,440,238,2732.4,过库存,29
2024-04-07,LRB-009,LRB,321,599,263,16196.96,正常,13
2024-04-07,HND-023,HND,38,401,749,3781.43,过库存,24
2024-04-07,DRH-011,DRH,55,1159,359,35291.55,正常,7
2024-04-07,WLC-008,WLC,419,1571,720,26628.45,正常,30
2024-04-07,DUO-006,DUO,220,1254,417,41444.7,正常,14
2024-04-07,TLP-016,TLP,263,770,546,19889.1,低库存预警,26
2024-04-07,HND-024,HND,380,566,588,11846.38,正常,13
2024-04-07,TLP-019,TLP,199,955,339,2406.6,正常,6
2024-04-07,BUM-002,BUM,416,1923,743,41671.41,过库存,4
2024-04-07,CUP-003,CUP,350,793,272,27120.6,正常,22
2024-04-07,VEN-019,VEN,180,1110,141,19258.5,低库存预警,16
2024-04-07,TLP-025,TLP,260,1659,792,5093.13,正常,11
2024-04-07,HND-006,HND,141,1543,631,18222.83,低库存预警,29
2024-04-07,BUM-008,BUM,146,312,645,9478.56,正常,4
2024-04-07,TLP-009,TLP,7,76,524,1942.56,正常,6
2024-04-07,CUP-012,CUP,63,1257,229,19332.66,过库存,8
2024-04-07,VEN-001,VEN,71,642,317,2247.0,正常,18
2024-04-07,VEN-020,VEN,142,111,212,214.23,正常,25
2024-04-07,DUO-020,DUO,261,634,133,13459.82,正常,5
2024-04-07,BUM-009,BUM,177,1304,632,28857.52,正常,30
2024-04-07,CUP-024,CUP,209,1119,662,2070.15,正常,30
2024-04-07,LFR-011,LFR,356,690,172,13641.3,低库存预警,4
2024-04-07,VEN-011,VEN,389,918,157,29660.58,过库存,17
2024-04-07,LRB-014,LRB,350,1540,325,29198.4,低库存预警,5
2024-04-07,DUO-012,DUO,90,1296,337,14813.28,正常,18
2024-04-07,LFR-010,LFR,365,1312,263,27394.56,正常,13
2024-04-07,LRB-002,LRB,159,1943,589,50109.97,低库存预警,11
2024-04-07,DRH-026,DRH,175,955,461,2855.45,正常,1
2024-04-07,TLP-011,TLP,398,578,145,19808.06,过库存,9
2024-04-07,VEN-024,VEN,8,1332,207,17982.0,低库存预警,22
2024-04-07,LRB-005,LRB,188,1496,680,36726.8,过库存,11
2024-04-07,TLP-015,TLP,383,1425,272,28713.75,正常,18
2024-04-07,BUM-019,BUM,493,84,344,1568.28,正常,18
2024-04-07,HND-008,HND,107,1594,180,39499.32,正常,16
2024-04-07,HND-021,HND,35,901,547,23957.59,正常,18
2024-04-07,BUM-024,BUM,173,354,353,9823.5,正常,5
2024-04-07,VEN-013,VEN,203,54,117,1681.02,正常,2
2024-04-07,LRB-012,LRB,148,841,248,3473.33,过库存,28
2024-04-07,WLC-025,WLC,197,1594,696,42400.4,正常,4
2024-04-07,LFR-008,LFR,22,143,251,2834.26,正常,20
2024-04-07,HND-004,HND,281,1858,633,24135.42,正常,7
2024-04-07,BUM-028,BUM,441,720,710,22478.4,正常,20
2024-04-07,CUP-026,CUP,70,776,606,9024.88,正常,19
2024-04-07,LFR-004,LFR,61,873,688,16281.45,过库存,13
2024-04-07,CUP-030,CUP,168,46,557,1176.68,正常,14
2024-04-07,VEN-004,VEN,445,1438,617,46533.68,正常,24
2024-04-07,LFR-012,LFR,306,1812,568,32307.96,过库存,21
2024-04-07,CUP-016,CUP,453,78,488,1178.58,低库存预警,17
2024-04-07,DRH-012,DRH,200,49,590,1201.48,正常,24
2024-04-07,TLM-022,TLM,125,358,733,1503.6,正常,26
2024-04-07,DRH-005,DRH,493,1753,132,45157.28,过库存,27
2024-04-07,CUP-007,CUP,39,977,468,20644.01,正常,15
2024-04-07,TLM-020,TLM,306,208,567,6556.16,正常,24
2024-04-07,DRH-022,DRH,396,1588,196,19357.72,低库存预警,30
2024-04-07,TLM-018,TLM,79,1085,208,32148.55,过库存,30
2024-04-07,TLM-003,TLM,348,1387,434,11262.44,正常,30
2024-04-08,DUO-007,DUO,37,965,277,11715.1,正常,9
2024-04-08,VEN-010,VEN,311,1,649,13.1,过库存,19
2024-04-08,VEN-021,VEN,63,1789,727,53222.75,正常,21
2024-04-08,WLC-010,WLC,124,1756,128,44198.52,正常,30
2024-04-08,TLP-023,TLP,493,1627,477,41423.42,低库存预警,1
2024-04-08,VEN-015,VEN,211,1617,517,51469.11,正常,14
2024-04-08,HND-017,HND,224,1432,339,31475.36,正常,14
2024-04-08,VEN-026,VEN,10,877,174,18609.94,正常,14
2024-04-08,TLP-015,TLP,111,1168,298,23535.2,过库存,28
2024-04-08,LFR-018,LFR,218,661,579,16068.91,正常,0
2024-04-08,WLC-019,WLC,285,1529,343,30090.72,正常,17
2024-04-08,TLM-020,TLM,289,1798,505,56672.96,正常,22
2024-04-08,WLC-003,WLC,84,684,182,4965.84,正常,18
2024-04-08,TLM-018,TLM,142,1315,579,38963.45,正常,21
2024-04-08,BUM-028,BUM,353,339,466,10583.58,正常,24
2024-04-08,HND-019,HND,156,1530,322,32864.4,过库存,2
2024-04-08,CUP-011,CUP,432,1748,269,51461.12,正常,1
2024-04-08,DUO-011,DUO,97,856,639,5007.6,过库存,28
2024-04-08,LFR-004,LFR,76,373,360,6956.45,过库存,21
2024-04-08,CUP-009,CUP,316,1137,532,34416.99,正常,13
2024-04-08,DUO-019,DUO,12,1645,601,24049.9,正常,17
2024-04-08,BUM-011,BUM,399,1180,240,33842.4,正常,9
2024-04-08,DUO-002,DUO,293,18,217,307.62,正常,11
2024-04-08,DUO-010,DUO,63,24,211,365.76,正常,25
2024-04-08,HND-025,HND,407,1615,689,14761.1,低库存预警,20
2024-04-08,TLM-015,TLM,150,1452,598,10817.4,正常,11
2024-04-08,DUO-006,DUO,81,1603,735,52979.15,正常,30
2024-04-08,CUP-002,CUP,225,1189,432,5707.2,过库存,20
2024-04-08,DUO-018,DUO,286,512,710,1310.72,正常,5
2024-04-08,DUO-001,DUO,81,1089,628,19896.03,正常,4
2024-04-08,TLM-010,TLM,2,1484,594,14780.64,正常,26
2024-04-08,DRH-028,DRH,180,1795,114,47262.35,低库存预警,8
2024-04-08,TLP-002,TLP,207,52,531,345.28,低库存预警,0
2024-04-08,VEN-028,VEN,175,980,529,17551.8,正常,29
2024-04-08,BUM-017,BUM,326,162,397,949.32,正常,20
2024-04-08,DRH-021,DRH,180,489,214,1872.87,低库存预警,4
2024-04-08,VEN-019,VEN,60,1606,220,27864.1,正常,7
2024-04-08,LRB-001,LRB,102,837,255,10554.57,正常,11
2024-04-08,BUM-025,BUM,287,1573,363,35423.96,低库存预警,8
2024-04-08,LRB-013,LRB,136,408,597,14018.88,过库存,8
2024-04-08,DUO-021,DUO,131,1089,476,10280.16,正常,17
2024-04-08,DRH-011,DRH,222,356,565,10840.2,正常,30
2024-04-08,WLC-001,WLC,204,1147,317,21173.62,正常,14
2024-04-08,DRH-026,DRH,328,1977,380,5911.23,正常,27
2024-04-08,BUM-006,BUM,24,798,722,18250.26,正常,24
2024-04-08,DRH-014,DRH,28,1772,466,13414.04,正常,10
2024-04-08,LFR-002,LFR,79,1587,498,17203.08,正常,11
2024-04-08,CUP-020,CUP,135,1705,531,9650.3,正常,1
2024-04-08,LFR-001,LFR,401,1995,473,7940.1,正常,14
2024-04-08,TLP-025,TLP,94,241,735,739.87,正常,29
2024-04-08,TLM-006,TLM,151,881,101,6017.23,正常,23
2024-04-08,BUM-008,BUM,80,337,681,10238.06,正常,1
2024-04-08,CUP-012,CUP,239,1712,505,26330.56,正常,19
2024-04-08,HND-008,HND,8,947,527,23466.66,低库存预警,4
2024-04-08,BUM-009,BUM,275,1551,262,34323.63,过库存,29
2024-04-08,DRH-005,DRH,79,1344,354,34621.44,低库存预警,5
2024-04-08,TLP-013,TLP,133,1236,255,2867.52,正常,12
2024-04-08,DRH-023,DRH,448,1640,567,13480.8,过库存,28
2024-04-08,TLM-013,TLM,344,1623,394,47667.51,正常,10
2024-04-08,CUP-019,CUP,405,322,482,5602.8,过库存,29
2024-04-09,BUM-004,BUM,397,93,210,3006.69,过库存,5
2024-04-09,VEN-024,VEN,130,1659,467,22396.5,过库存,8
2024-04-09,DUO-008,DUO,359,1984,191,19185.28,正常,16
2024-04-09,WLC-003,WLC,152,27,528,196.02,低库存预警,26
2024-04-09,CUP-022,CUP,203,1043,312,15832.74,正常,10
2024-04-09,BUM-026,BUM,47,1174,171,13007.92,低库存预警,24
2024-04-09,LFR-009,LFR,489,344,771,5655.36,过库存,16
2024-04-09,HND-020,HND,92,682,609,6717.7,正常,13
2024-04-09,LRB-018,LRB,232,1477,290,16010.68,过库存,23
2024-04-09,TLM-012,TLM,177,34,235,1005.04,正常,21
2024-04-09,DRH-009,DRH,359,347,309,4490.18,过库存,30
2024-04-09,TLP-014,TLP,103,654,255,21248.46,正常,2
2024-04-09,LRB-017,LRB,229,1855,575,47209.75,过库存,1
2024-04-09,CUP-011,CUP,413,284,779,8360.96,低库存预警,3
2024-04-09,DUO-004,DUO,454,740,282,15480.8,正常,10
2024-04-09,CUP-025,CUP,161,5,591,163.0,低库存预警,21
2024-04-09,VEN-012,VEN,403,1110,345,16594.5,正常,17
2024-04-09,BUM-012,BUM,254,965,448,25456.7,正常,17
2024-04-09,TLM-005,TLM,84,1123,509,23987.28,正常,18
2024-04-09,VEN-001,VEN,205,873,311,3055.5,正常,5
2024-04-09,HND-009,HND,316,1363,731,41516.98,正常,1
2024-04-09,VEN-023,VEN,273,1484,272,11248.72,正常,0
2024-04-09,VEN-004,VEN,184,351,188,11358.36,过库存,22
2024-04-09,TLM-014,TLM,108,1064,184,22939.84,正常,15
2024-04-09,CUP-023,CUP,472,315,303,3994.2,正常,3
2024-04-09,BUM-020,BUM,10,181,434,6152.19,低库存预警,27
2024-04-09,DRH-003,DRH,0,385,179,3584.35,正常,22
2024-04-09,BUM-002,BUM,474,1129,622,24465.43,正常,19
2024-04-09,LRB-011,LRB,122,1809,360,9587.7,正常,1
2024-04-09,LRB-019,LRB,330,1573,112,53261.78,正常,8
2024-04-09,WLC-016,WLC,432,480,703,14875.2,过库存,24
2024-04-09,CUP-029,CUP,486,45,401,101.25,过库存,1
2024-04-09,TLP-024,TLP,424,1971,522,6898.5,正常,22
2024-04-09,CUP-001,CUP,296,1302,675,8593.2,正常,14
2024-04-09,TLM-023,TLM,8,743,493,22854.68,正常,30
2024-04-09,DRH-014,DRH,262,185,774,1400.45,正常,19
2024-04-09,TLM-011,TLM,94,1024,532,35205.12,低库存预警,19
2024-04-09,WLC-012,WLC,219,437,592,5191.56,正常,24
2024-04-09,LRB-010,LRB,332,1327,675,15645.33,过库存,24
2024-04-09,HND-014,HND,390,734,728,16647.12,正常,22
2024-04-09,VEN-017,VEN,221,1396,770,31633.36,正常,9
2024-04-09,TLM-002,TLM,145,203,437,1008.91,过库存,27
2024-04-09,VEN-006,VEN,250,1604,758,22391.84,低库存预警,7
2024-04-09,CUP-004,CUP,141,1019,706,34819.23,正常,20
2024-04-09,BUM-007,BUM,39,470,722,4765.8,正常,4
2024-04-09,DRH-029,DRH,371,1990,687,37909.5,正常,15
2024-04-09,HND-012,HND,283,1833,615,7845.24,正常,13
2024-04-09,LRB-008,LRB,116,278,220,8720.86,过库存,2
2024-04-09,HND-011,HND,494,1546,783,17547.1,低库存预警,24
2024-04-09,VEN-009,VEN,117,98,540,891.8,正常,3
2024-04-09,BUM-018,BUM,346,1107,372,18199.08,正常,27
2024-04-09,DRH-004,DRH,251,1396,315,20912.08,正常,24
2024-04-09,TLP-025,TLP,225,521,210,1599.47,正常,5
2024-04-09,TLP-006,TLP,342,638,666,18151.1,低库存预警,21
2024-04-09,WLC-008,WLC,415,814,761,13797.3,正常,22
2024-04-09,DRH-028,DRH,31,181,138,4765.73,低库存预警,16
2024-04-09,VEN-019,VEN,94,1421,492,24654.35,过库存,19
2024-04-09,LRB-012,LRB,368,955,153,3944.15,正常,21
2024-04-09,DRH-025,DRH,414,332,384,3489.32,正常,14
2024-04-09,VEN-014,VEN,100,411,677,2918.1,正常,15
2024-04-10,VEN-029,VEN,444,1211,677,14035.49,正常,23
2024-04-10,BUM-013,BUM,260,866,661,5066.1,正常,2
2024-04-10,LFR-015,LFR,471,1541,502,7504.67,正常,10
2024-04-10,BUM-015,BUM,239,364,503,4156.88,低库存预警,7
2024-04-10,VEN-026,VEN,201,1475,405,31299.5,低库存预警,28
2024-04-10,VEN-017,VEN,429,829,544,18785.14,正常,14
2024-04-10,HND-028,HND,51,1037,271,10048.53,低库存预警,12
2024-04-10,TLM-008,TLM,490,1201,716,27971.29,低库存预警,19
2024-04-10,LFR-005,LFR,46,108,648,184.68,正常,8
2024-04-10,TLP-011,TLP,489,1715,252,58773.05,正常,5
2024-04-10,LRB-016,LRB,413,5,731,118.9,正常,20
2024-04-10,TLM-026,TLM,65,588,544,10936.8,正常,9
2024-04-10,CUP-021,CUP,110,560,284,15383.2,正常,15
2024-04-10,CUP-020,CUP,80,46,708,260.36,正常,27
2024-04-10,DRH-013,DRH,175,1128,766,9260.88,正常,17
2024-04-10,WLC-016,WLC,205,474,183,14689.26,正常,14
2024-04-10,CUP-022,CUP,489,1095,263,16622.1,正常,15
2024-04-10,CUP-015,CUP,415,1231,258,37508.57,正常,22
2024-04-10,TLM-019,TLM,383,394,497,11619.06,过库存,29
2024-04-10,TLM-002,TLM,170,1778,535,8836.66,正常,11
2024-04-10,VEN-016,VEN,315,1469,496,49049.91,低库存预警,2
2024-04-10,HND-011,HND,299,410,586,4653.5,低库存预警,11
2024-04-10,BUM-021,BUM,114,1670,402,37975.8,正常,19
2024-04-10,VEN-011,VEN,44,339,194,10953.09,低库存预警,12
2024-04-10,TLM-009,TLM,378,183,236,3762.48,正常,27
2024-04-10,HND-010,HND,55,1991,593,64369.03,正常,8
2024-04-10,TLM-020,TLM,4,782,413,24648.64,正常,8
2024-04-10,DRH-023,DRH,134,232,365,1907.04,低库存预警,20
2024-04-10,VEN-001,VEN,431,1806,253,6321.0,正常,20
2024-04-10,TLP-002,TLP,492,1990,610,13213.6,正常,17
2024-04-10,TLM-006,TLM,76,1472,376,10053.76,正常,24
2024-04-10,VEN-030,VEN,246,283,754,3277.14,正常,12
2024-04-10,DRH-011,DRH,158,1111,290,33829.95,低库存预警,19
2024-04-10,VEN-004,VEN,401,1243,309,40223.48,低库存预警,29
2024-04-10,BUM-022,BUM,329,861,790,13595.19,低库存预警,28
2024-04-10,TLP-009,TLP,136,1347,675,34429.32,正常,15
2024-04-10,BUM-018,BUM,359,1278,508,21010.32,正常,14
2024-04-10,DUO-012,DUO,256,794,457,9075.42,正常,18
2024-04-10,DUO-017,DUO,105,11,654,148.28,低库存预警,15
2024-04-10,LRB-004,LRB,177,1561,667,20417.88,正常,15
2024-04-10,LRB-021,LRB,328,119,435,1298.29,正常,24
2024-04-10,CUP-030,CUP,401,934,258,23891.72,正常,11
2024-04-10,DUO-002,DUO,351,1707,274,29172.63,过库存,10
2024-04-10,VEN-021,VEN,267,267,747,7943.25,正常,19
2024-04-10,LRB-011,LRB,369,384,466,2035.2,低库存预警,26
2024-04-10,CUP-011,CUP,243,139,201,4092.16,正常,8
2024-04-10,DRH-016,DRH,80,586,134,11409.42,正常,20
2024-04-10,HND-003,HND,393,202,431,2171.5,正常,6
2024-04-10,LRB-003,LRB,106,1341,730,26337.24,低库存预警,20
2024-04-10,WLC-020,WLC,256,1848,456,21787.92,过库存,10
2024-04-10,DRH-005,DRH,222,74,238,1906.24,过库存,0
2024-04-10,LFR-014,LFR,85,15,246,138.15,低库存预警,5
2024-04-10,DRH-019,DRH,22,26,238,500.5,低库存预警,10
2024-04-10,BUM-009,BUM,79,416,676,9206.08,正常,6
2024-04-10,WLC-022,WLC,351,1270,743,42659.3,低库存预警,3
2024-04-10,DUO-004,DUO,13,486,680,10167.12,低库存预警,14
2024-04-10,WLC-024,WLC,458,923,466,6230.25,低库存预警,25
2024-04-10,WLC-011,WLC,141,1632,504,26683.2,正常,17
2024-04-10,WLC-012,WLC,257,1191,533,14149.08,正常,12
2024-04-10,BUM-010,BUM,211,1508,345,47215.48,正常,9
2024-04-11,WLC-015,WLC,290,1418,582,30600.44,过库存,23
2024-04-11,VEN-020,VEN,26,110,743,212.3,过库存,30
2024-04-11,WLC-017,WLC,234,1007,152,2598.06,正常,18
2024-04-11,BUM-002,BUM,0,780,507,16902.6,过库存,25
2024-04-11,DRH-018,DRH,93,1651,503,33878.52,正常,11
2024-04-11,LRB-006,LRB,263,71,741,2426.78,正常,28
2024-04-11,CUP-002,CUP,121,1593,146,7646.4,正常,15
2024-04-11,TLM-004,TLM,354,1363,625,44229.35,正常,2
2024-04-11,BUM-005,BUM,494,73,625,1205.23,低库存预警,25
2024-04-11,TLP-008,TLP,18,1427,593,34133.84,正常,19
2024-04-11,WLC-002,WLC,18,685,231,17686.7,正常,17
2024-04-11,DUO-025,DUO,410,1077,692,13107.09,正常,6
2024-04-11,TLP-011,TLP,443,525,583,17991.75,过库存,21
2024-04-11,WLC-023,WLC,80,1317,254,31502.64,正常,29
2024-04-11,CUP-018,CUP,471,1990,577,36755.3,正常,27
2024-04-11,TLM-009,TLM,273,1509,749,31025.04,正常,15
2024-04-11,DRH-030,DRH,45,1031,633,5557.09,正常,24
2024-04-11,DRH-022,DRH,157,369,497,4498.11,正常,24
2024-04-11,DUO-006,DUO,199,1108,428,36619.4,正常,22
2024-04-11,TLP-017,TLP,250,1729,229,50019.97,正常,1
2024-04-11,LFR-002,LFR,376,542,287,5875.28,正常,16
2024-04-11,VEN-001,VEN,143,848,783,2968.0,过库存,15
2024-04-11,DUO-021,DUO,102,461,632,4351.84,正常,21
2024-04-11,VEN-010,VEN,249,1009,206,13217.9,正常,10
2024-04-11,CUP-004,CUP,412,1919,410,65572.23,正常,26
2024-04-11,HND-008,HND,114,375,708,9292.5,低库存预警,2
2024-04-11,TLM-003,TLM,42,1866,416,15151.92,正常,22
2024-04-11,VEN-023,VEN,47,410,513,3107.8,过库存,17
2024-04-11,BUM-011,BUM,150,1805,419,51767.4,正常,27
2024-04-11,DUO-018,DUO,298,745,294,1907.2,正常,24
2024-04-11,VEN-028,VEN,395,1174,226,21026.34,正常,3
2024-04-11,BUM-019,BUM,252,1111,150,20742.37,正常,29
2024-04-11,TLM-008,TLM,73,816,132,19004.64,低库存预警,26
2024-04-11,LRB-005,LRB,34,1660,515,40753.0,过库存,8
2024-04-11,VEN-007,VEN,435,1520,148,23104.0,正常,27
2024-04-11,HND-005,HND,188,280,575,7770.0,正常,2
2024-04-11,VEN-009,VEN,301,1640,563,14924.0,正常,16
2024-04-11,DRH-025,DRH,217,1533,265,16111.83,过库存,20
2024-04-11,BUM-004,BUM,451,766,228,24764.78,过库存,1
2024-04-11,HND-021,HND,409,959,229,25499.81,过库存,16
2024-04-11,CUP-024,CUP,42,1737,481,3213.45,正常,10
2024-04-11,TLM-005,TLM,151,1989,147,42485.04,正常,26
2024-04-11,TLM-024,TLM,28,555,641,9024.3,正常,9
2024-04-11,DRH-003,DRH,435,86,699,800.66,过库存,17
2024-04-11,HND-024,HND,48,1401,118,29322.93,正常,17
2024-04-11,TLP-020,TLP,101,1304,603,2268.96,过库存,22
2024-04-11,WLC-009,WLC,49,136,308,4206.48,正常,15
2024-04-11,HND-003,HND,157,487,373,5235.25,正常,19
2024-04-11,BUM-010,BUM,44,422,282,13212.82,正常,8
2024-04-11,DRH-011,DRH,461,1212,293,36905.4,正常,25
2024-04-11,VEN-008,VEN,388,1119,518,37173.18,正常,6
2024-04-11,HND-014,HND,454,408,709,9253.44,正常,24
2024-04-11,DRH-009,DRH,459,1726,590,22334.44,正常,30
2024-04-11,WLC-024,WLC,466,608,722,4104.0,低库存预警,10
2024-04-11,DUO-011,DUO,143,1664,751,9734.4,正常,21
2024-04-11,DRH-013,DRH,134,934,693,7668.14,低库存预警,5
2024-04-11,LRB-014,LRB,281,1702,391,32269.92,正常,20
2024-04-11,CUP-025,CUP,219,1193,606,38891.8,正常,22
2024-04-11,VEN-005,VEN,356,250,610,4552.5,正常,1
2024-04-11,TLM-001,TLM,341,395,193,2697.85,正常,0
2024-04-12,CUP-011,CUP,283,708,603,20843.52,低库存预警,18
2024-04-12,VEN-011,VEN,486,429,120,13860.99,低库存预警,25
2024-04-12,LFR-018,LFR,124,1134,780,27567.54,正常,22
2024-04-12,BUM-017,BUM,59,1219,764,7143.34,过库存,20
2024-04-12,TLM-028,TLM,242,72,412,2376.72,正常,1
2024-04-12,LFR-010,LFR,4,1850,476,38628.0,正常,16
2024-04-12,LFR-021,LFR,268,1,455,19.57,过库存,11
2024-04-12,DUO-015,DUO,253,181,106,3750.32,正常,10
2024-04-12,CUP-018,CUP,408,749,275,13834.03,低库存预警,7
2024-04-12,LFR-009,LFR,30,1586,211,26073.84,低库存预警,15
2024-04-12,VEN-002,VEN,369,1848,187,61649.28,正常,13
2024-04-12,TLP-010,TLP,291,856,603,4014.64,正常,11
2024-04-12,TLM-016,TLM,149,1188,755,41187.96,过库存,15
2024-04-12,HND-020,HND,246,1100,348,10835.0,正常,29
2024-04-12,CUP-030,CUP,226,1306,666,33407.48,低库存预警,1
2024-04-12,LFR-008,LFR,356,651,288,12902.82,正常,3
2024-04-12,DUO-023,DUO,202,1412,389,46115.92,正常,29
2024-04-12,TLP-017,TLP,378,623,284,18023.39,正常,15
2024-04-12,LFR-012,LFR,0,102,264,1818.66,正常,24
2024-04-12,BUM-024,BUM,89,594,765,16483.5,正常,13
2024-04-12,DRH-004,DRH,181,1436,762,21511.28,低库存预警,4
2024-04-12,WLC-011,WLC,95,536,793,8763.6,正常,8
2024-04-12,LRB-014,LRB,346,1021,180,19358.16,正常,15
2024-04-12,CUP-015,CUP,493,1405,625,42810.35,低库存预警,0
2024-04-12,BUM-013,BUM,101,921,570,5387.85,正常,24
2024-04-12,LRB-015,LRB,95,326,794,6891.64,正常,22
2024-04-12,LRB-019,LRB,211,938,479,31760.68,正常,9
2024-04-12,DUO-010,DUO,288,1493,361,22753.32,过库存,24
2024-04-12,VEN-030,VEN,164,638,580,7388.04,低库存预警,13
2024-04-12,LFR-003,LFR,228,1008,571,26843.04,正常,22
2024-04-12,BUM-028,BUM,424,1525,467,47610.5,正常,5
2024-04-12,DRH-024,DRH,388,610,318,4849.5,正常,22
2024-04-12,TLM-026,TLM,469,1658,689,30838.8,正常,22
2024-04-12,LRB-002,LRB,326,1634,180,42140.86,正常,17
2024-04-12,VEN-010,VEN,459,196,555,2567.6,正常,1
2024-04-12,LRB-011,LRB,72,945,339,5008.5,过库存,16
2024-04-12,CUP-025,CUP,352,1989,528,64841.4,正常,17
2024-04-12,LRB-005,LRB,70,1385,564,34001.75,低库存预警,30
2024-04-12,TLM-005,TLM,496,1540,785,32894.4,正常,23
2024-04-12,TLM-025,TLM,248,1009,751,13601.32,正常,26
2024-04-12,BUM-022,BUM,455,1512,712,23874.48,正常,7
2024-04-12,HND-022,HND,145,257,405,8288.25,过库存,2
2024-04-12,TLM-018,TLM,411,139,490,4118.57,正常,20
2024-04-12,HND-004,HND,80,263,764,3416.37,过库存,9
2024-04-12,LRB-010,LRB,278,1356,740,15987.24,正常,27
2024-04-12,VEN-020,VEN,101,938,752,1810.34,正常,1
2024-04-12,CUP-022,CUP,440,401,732,6087.18,正常,23
2024-04-12,TLM-014,TLM,229,671,357,14466.76,正常,2
2024-04-12,DRH-021,DRH,476,1732,783,6633.56,正常,24
2024-04-12,HND-003,HND,139,788,201,8471.0,正常,24
2024-04-12,CUP-003,CUP,484,113,594,3864.6,正常,26
2024-04-12,BUM-004,BUM,479,1400,479,45262.0,正常,24
2024-04-12,DRH-005,DRH,110,1334,400,34363.84,低库存预警,24
2024-04-12,HND-028,HND,164,787,368,7626.03,正常,5
2024-04-12,TLP-013,TLP,407,989,516,2294.48,正常,13
2024-04-12,LRB-021,LRB,243,160,265,1745.6,正常,30
2024-04-12,DRH-015,DRH,176,532,498,3968.72,正常,22
2024-04-12,DUO-022,DUO,268,1506,658,5783.04,过库存,11
2024-04-12,LRB-003,LRB,434,1744,620,34252.16,正常,25
2024-04-12,BUM-009,BUM,285,973,208,21532.49,正常,21
2024-04-13,VEN-021,VEN,410,484,581,14399.0,正常,0
2024-04-13,LRB-011,LRB,226,174,573,922.2,低库存预警,13
2024-04-13,BUM-009,BUM,328,1087,710,24055.31,正常,16
2024-04-13,BUM-003,BUM,406,612,346,10807.92,过库存,21
2024-04-13,CUP-009,CUP,17,974,774,29482.98,低库存预警,15
2024-04-13,TLM-009,TLM,436,616,194,12664.96,过库存,23
2024-04-13,VEN-024,VEN,446,1044,592,14094.0,正常,2
2024-04-13,LRB-008,LRB,158,957,769,30021.09,正常,10
2024-04-13,CUP-030,CUP,345,881,669,22535.98,正常,22
2024-04-13,DRH-004,DRH,60,1768,613,26484.64,正常,7
2024-04-13,VEN-004,VEN,404,23,799,744.28,正常,16
2024-04-13,LRB-013,LRB,268,267,357,9174.12,低库存预警,12
2024-04-13,LRB-006,LRB,251,512,207,17500.16,正常,14
2024-04-13,HND-022,HND,224,1232,255,39732.0,低库存预警,23
2024-04-13,HND-005,HND,385,1179,126,32717.25,正常,30
2024-04-13,VEN-023,VEN,498,280,403,2122.4,正常,29
2024-04-13,VEN-016,VEN,153,1156,193,38598.84,低库存预警,16
2024-04-13,WLC-020,WLC,388,1211,741,14277.69,低库存预警,11
2024-04-13,TLM-001,TLM,112,1490,137,10176.7,正常,10
2024-04-13,LFR-008,LFR,240,343,186,6798.26,低库存预警,12
2024-04-13,WLC-008,WLC,419,408,753,6915.6,正常,29
2024-04-13,TLP-008,TLP,86,237,474,5669.04,过库存,8
2024-04-13,CUP-004,CUP,72,1087,443,37142.79,过库存,5
2024-04-13,DRH-024,DRH,75,1034,505,8220.3,正常,6
2024-04-13,CUP-026,CUP,411,994,319,11560.22,低库存预警,17
2024-04-13,HND-024,HND,214,1301,689,27229.93,过库存,21
2024-04-13,VEN-008,VEN,476,1328,780,44116.16,过库存,21
2024-04-13,DRH-030,DRH,291,364,251,1961.96,正常,9
2024-04-13,BUM-022,BUM,87,1513,792,23890.27,正常,2
2024-04-13,CUP-007,CUP,107,1658,132,35033.54,低库存预警,3
2024-04-13,CUP-029,CUP,399,669,567,1505.25,正常,30
2024-04-13,HND-011,HND,313,581,534,6594.35,正常,12
2024-04-13,TLM-010,TLM,136,1386,279,13804.56,正常,11
2024-04-13,DRH-005,DRH,471,5,553,128.8,正常,18
2024-04-13,VEN-022,VEN,498,1230,778,41266.5,低库存预警,10
2024-04-13,VEN-013,VEN,337,1378,494,42897.14,低库存预警,24
2024-04-13,CUP-014,CUP,138,1217,107,22940.45,过库存,3
2024-04-13,TLM-002,TLM,35,936,746,4651.92,过库存,17
2024-04-13,CUP-001,CUP,78,284,303,1874.4,正常,23
2024-04-13,HND-010,HND,197,195,724,6304.35,正常,19
2024-04-13,LFR-021,LFR,293,1028,508,20117.96,低库存预警,8
2024-04-13,TLP-014,TLP,173,1221,573,39670.29,低库存预警,29
2024-04-13,TLP-018,TLP,44,1204,355,21491.4,过库存,9
2024-04-13,DUO-015,DUO,159,268,553,5552.96,正常,5
2024-04-13,DUO-024,DUO,451,1690,546,16646.5,过库存,3
2024-04-13,LFR-010,LFR,279,1699,754,35475.12,正常,0
2024-04-13,DUO-013,DUO,215,1202,479,4267.1,正常,4
2024-04-13,CUP-017,CUP,478,1749,119,21670.11,正常,3
2024-04-13,TLM-019,TLM,7,126,578,3715.74,正常,2
2024-04-13,TLM-005,TLM,214,178,627,3802.08,低库存预警,20
2024-04-13,TLP-015,TLP,160,524,622,10558.6,低库存预警,21
2024-04-13,WLC-022,WLC,93,1750,694,58782.5,正常,11
2024-04-13,TLM-013,TLM,425,1542,359,45288.54,正常,28
2024-04-13,CUP-024,CUP,435,1033,639,1911.05,过库存,22
2024-04-13,VEN-018,VEN,278,758,413,4699.6,正常,17
2024-04-13,TLP-017,TLP,322,1447,264,41861.71,低库存预警,8
2024-04-13,LFR-007,LFR,472,41,611,142.68,正常,25
2024-04-13,CUP-027,CUP,214,1696,355,34004.8,正常,28
2024-04-13,HND-001,HND,485,1640,678,10906.0,过库存,7
2024-04-13,TLM-006,TLM,417,996,191,6802.68,低库存预警,26
2024-04-14,WLC-014,WLC,134,38,516,328.32,正常,25
2024-04-14,HND-017,HND,347,1060,465,23298.8,正常,24
2024-04-14,WLC-017,WLC,177,923,263,2381.34,正常,20
2024-04-14,VEN-012,VEN,427,1697,780,25370.15,正常,8
2024-04-14,LRB-011,LRB,160,954,505,5056.2,正常,17
2024-04-14,TLM-002,TLM,303,194,238,964.18,正常,19
2024-04-14,CUP-023,CUP,51,482,135,6111.76,低库存预警,28
2024-04-14,LRB-017,LRB,374,738,508,18782.1,正常,10
2024-04-14,BUM-021,BUM,183,271,564,6162.54,低库存预警,21
2024-04-14,WLC-016,WLC,77,1479,540,45834.21,低库存预警,24
2024-04-14,LRB-022,LRB,310,1491,487,26301.24,正常,14
2024-04-14,LRB-014,LRB,152,611,324,11584.56,正常,20
2024-04-14,DUO-017,DUO,324,446,609,6012.08,正常,6
2024-04-14,HND-005,HND,490,1877,259,52086.75,正常,25
2024-04-14,TLM-021,TLM,443,1268,608,8711.16,低库存预警,7
2024-04-14,TLM-019,TLM,144,1040,555,30669.6,正常,0
2024-04-14,DUO-020,DUO,92,467,687,9914.41,正常,11
2024-04-14,DUO-003,DUO,84,1875,174,2981.25,正常,15
2024-04-14,HND-026,HND,85,1559,106,46161.99,过库存,29
2024-04-14,TLM-017,TLM,428,988,139,13150.28,过库存,1
2024-04-14,HND-025,HND,122,558,178,5100.12,正常,21
2024-04-14,DRH-022,DRH,105,1176,309,14335.44,过库存,16
2024-04-14,DUO-018,DUO,479,1277,204,3269.12,正常,20
2024-04-14,LFR-006,LFR,445,1232,198,9264.64,正常,7
2024-04-14,DUO-011,DUO,41,465,662,2720.25,正常,18
2024-04-14,CUP-025,CUP,61,953,108,31067.8,低库存预警,18
2024-04-14,VEN-009,VEN,19,1222,416,11120.2,过库存,3
2024-04-14,TLP-006,TLP,333,1384,170,39374.8,过库存,3
2024-04-14,HND-027,HND,119,1167,535,28941.6,过库存,6
2024-04-14,VEN-022,VEN,386,1951,678,65456.05,正常,23
2024-04-14,TLM-023,TLM,415,1512,521,46509.12,过库存,2
2024-04-14,TLP-010,TLP,353,1727,332,8099.63,正常,20
2024-04-14,WLC-021,WLC,432,708,733,6350.76,正常,11
2024-04-14,LFR-002,LFR,401,828,192,8975.52,正常,4
2024-04-14,TLP-020,TLP,280,300,559,522.0,过库存,14
2024-04-14,CUP-018,CUP,79,1433,395,26467.51,过库存,16
2024-04-14,HND-007,HND,351,123,309,482.16,过库存,23
2024-04-14,WLC-004,WLC,498,293,159,1930.87,过库存,27
2024-04-14,VEN-016,VEN,345,1923,687,64208.97,正常,18
2024-04-14,LRB-013,LRB,409,590,477,20272.4,正常,5
2024-04-14,VEN-023,VEN,255,316,682,2395.28,正常,9
2024-04-14,VEN-011,VEN,260,1233,748,39838.23,正常,10
2024-04-14,DRH-006,DRH,401,1768,723,31541.12,正常,2
2024-04-14,VEN-014,VEN,159,463,564,3287.3,正常,29
2024-04-14,CUP-002,CUP,209,1172,220,5625.6,正常,22
2024-04-14,BUM-017,BUM,318,1450,280,8497.0,过库存,24
2024-04-14,HND-015,HND,139,413,381,5728.31,低库存预警,18
2024-04-14,DUO-006,DUO,238,1079,208,35660.95,过库存,4
2024-04-14,TLM-015,TLM,294,814,765,6064.3,正常,4
2024-04-14,VEN-004,VEN,83,199,724,6439.64,过库存,21
2024-04-14,LFR-015,LFR,71,1288,539,6272.56,正常,12
2024-04-14,LRB-015,LRB,211,1154,441,24395.56,过库存,9
2024-04-14,DRH-007,DRH,66,1511,206,13266.58,正常,25
2024-04-14,CUP-019,CUP,34,1774,590,30867.6,过库存,0
2024-04-14,CUP-030,CUP,398,1581,526,40441.98,过库存,1
2024-04-14,LRB-007,LRB,177,1192,742,6162.64,正常,10
2024-04-14,DUO-015,DUO,306,1220,640,25278.4,低库存预警,9
2024-04-14,BUM-023,BUM,489,1253,782,7781.13,正常,23
2024-04-14,DUO-022,DUO,336,376,467,1443.84,正常,3
2024-04-14,CUP-014,CUP,102,637,537,12007.45,过库存,29
2024-04-15,WLC-025,WLC,484,69,295,1835.4,正常,12
2024-04-15,VEN-022,VEN,223,1634,100,54820.7,低库存预警,26
2024-04-15,BUM-005,BUM,67,1094,508,18061.94,正常,9
2024-04-15,DRH-022,DRH,281,619,448,7545.61,低库存预警,19
2024-04-15,HND-025,HND,400,1199,791,10958.86,正常,26
2024-04-15,VEN-014,VEN,377,1723,261,12233.3,低库存预警,11
2024-04-15,VEN-028,VEN,212,1783,289,31933.53,正常,10
2024-04-15,WLC-005,WLC,144,1122,153,4308.48,过库存,18
2024-04-15,BUM-001,BUM,198,520,377,2698.8,过库存,29
2024-04-15,DRH-005,DRH,350,1273,170,32792.48,正常,3
2024-04-15,TLP-004,TLP,434,1143,360,9715.5,正常,5
2024-04-15,VEN-015,VEN,352,8,297,254.64,低库存预警,22
2024-04-15,CUP-024,CUP,313,877,705,1622.45,正常,25
2024-04-15,TLM-012,TLM,427,747,383,22081.32,正常,25
2024-04-15,DUO-005,DUO,495,431,460,5137.52,正常,18
2024-04-15,WLC-010,WLC,75,1137,160,28618.29,正常,6
2024-04-15,BUM-027,BUM,415,266,172,2253.02,过库存,21
2024-04-15,LFR-005,LFR,204,623,613,1065.33,过库存,20
2024-04-15,CUP-022,CUP,5,371,389,5631.78,正常,27
2024-04-15,VEN-029,VEN,419,688,587,7973.92,低库存预警,22
2024-04-15,VEN-012,VEN,121,63,101,941.85,正常,28
2024-04-15,HND-023,HND,134,1954,174,18426.22,正常,26
2024-04-15,TLP-010,TLP,124,1259,445,5904.71,低库存预警,27
2024-04-15,DUO-020,DUO,142,400,532,8492.0,正常,9
2024-04-15,VEN-027,VEN,420,999,205,8971.02,过库存,2
2024-04-15,TLM-020,TLM,90,296,516,9329.92,过库存,9
2024-04-15,DRH-009,DRH,262,957,187,12383.58,正常,6
2024-04-15,BUM-011,BUM,170,243,255,6969.24,正常,5
2024-04-15,HND-028,HND,189,336,286,3255.84,过库存,0
2024-04-15,DRH-012,DRH,332,728,139,17850.56,低库存预警,3
2024-04-15,TLM-019,TLM,196,1973,105,58183.77,正常,21
2024-04-15,LRB-012,LRB,304,1134,572,4683.42,过库存,6
2024-04-15,LRB-018,LRB,67,89,485,964.76,正常,12
2024-04-15,HND-026,HND,478,1293,118,38285.73,正常,7
2024-04-15,VEN-002,VEN,396,1064,648,35495.04,正常,13
2024-04-15,BUM-007,BUM,8,543,767,5506.02,低库存预警,26
2024-04-15,TLP-011,TLP,135,997,362,34167.19,正常,23
2024-04-15,LRB-013,LRB,222,1577,270,54185.72,正常,25
2024-04-15,LFR-013,LFR,320,1709,668,19602.23,低库存预警,25
2024-04-15,BUM-002,BUM,150,1754,576,38009.18,低库存预警,8
2024-04-15,HND-017,HND,92,664,425,14594.72,正常,4
2024-04-15,TLM-009,TLM,259,553,373,11369.68,低库存预警,22
2024-04-15,LFR-011,LFR,17,157,159,3103.89,正常,9
2024-04-15,DRH-027,DRH,269,1581,607,39445.95,正常,23
2024-04-15,TLP-012,TLP,297,1337,670,28544.95,正常,5
2024-04-15,DUO-016,DUO,184,1742,262,39560.82,正常,4
2024-04-15,LRB-005,LRB,346,1118,281,27446.9,低库存预警,16
2024-04-15,TLP-009,TLP,398,297,649,7591.32,正常,23
2024-04-15,CUP-021,CUP,456,176,231,4834.72,正常,10
2024-04-15,WLC-016,WLC,485,697,469,21600.03,低库存预警,16
2024-04-15,LRB-020,LRB,8,1416,767,30967.92,过库存,6
2024-04-15,TLP-016,TLP,169,440,577,11365.2,过库存,9
2024-04-15,LRB-009,LRB,452,478,214,12925.12,过库存,24
2024-04-15,TLM-006,TLM,37,1374,750,9384.42,过库存,5
2024-04-15,TLP-020,TLP,381,1025,242,1783.5,正常,27
2024-04-15,WLC-022,WLC,324,1054,346,35403.86,正常,0
2024-04-15,CUP-014,CUP,490,186,423,3506.1,过库存,1
2024-04-15,CUP-016,CUP,232,893,441,13493.23,正常,12
2024-04-15,CUP-010,CUP,79,1905,633,54692.55,正常,7
2024-04-15,TLP-005,TLP,470,858,107,4933.5,正常,24
2024-04-16,LRB-019,LRB,282,1329,759,44999.94,正常,28
2024-04-16,BUM-006,BUM,480,1928,739,44093.36,正常,21
2024-04-16,HND-012,HND,467,590,441,2525.2,过库存,9
2024-04-16,TLP-007,TLP,494,1734,791,20183.76,低库存预警,4
2024-04-16,WLC-008,WLC,412,223,599,3779.85,正常,13
2024-04-16,WLC-009,WLC,93,1663,484,51436.59,正常,8
2024-04-16,TLM-016,TLM,435,1850,345,64139.5,正常,10
2024-04-16,LRB-015,LRB,270,549,219,11605.86,正常,1
2024-04-16,BUM-025,BUM,194,1263,409,28442.76,过库存,5
2024-04-16,LRB-013,LRB,191,1536,648,52776.96,正常,5
2024-04-16,LFR-009,LFR,450,592,165,9732.48,过库存,29
2024-04-16,LRB-021,LRB,99,573,712,6251.43,正常,13
2024-04-16,TLP-024,TLP,39,1951,788,6828.5,正常,12
2024-04-16,TLP-020,TLP,225,1299,265,2260.26,低库存预警,25
2024-04-16,WLC-007,WLC,500,1757,165,60440.8,正常,28
2024-04-16,WLC-023,WLC,161,359,499,8587.28,低库存预警,6
2024-04-16,DUO-013,DUO,162,1088,728,3862.4,正常,24
2024-04-16,BUM-018,BUM,157,1148,112,18873.12,正常,28
2024-04-16,TLM-002,TLM,255,1902,494,9452.94,正常,22
2024-04-16,VEN-014,VEN,454,1937,390,13752.7,正常,13
2024-04-16,VEN-023,VEN,373,175,733,1326.5,正常,28
2024-04-16,VEN-006,VEN,402,302,362,4215.92,正常,14
2024-04-16,CUP-001,CUP,289,1496,723,9873.6,正常,27
2024-04-16,LFR-020,LFR,74,1107,596,34405.56,正常,23
2024-04-16,BUM-014,BUM,162,1322,346,10020.76,正常,20
2024-04-16,CUP-021,CUP,374,1420,475,39007.4,过库存,17
2024-04-16,TLM-017,TLM,152,1779,152,23678.49,正常,25
2024-04-16,CUP-018,CUP,393,1575,766,29090.25,正常,18
2024-04-16,LRB-011,LRB,443,1573,337,8336.9,正常,22
2024-04-16,DRH-017,DRH,114,1208,351,6245.36,正常,24
2024-04-16,DRH-008,DRH,378,988,744,34451.56,正常,7
2024-04-16,HND-011,HND,487,1840,215,20884.0,正常,6
2024-04-16,CUP-022,CUP,222,1919,325,29130.42,正常,26
2024-04-16,DUO-019,DUO,430,815,148,11915.3,正常,9
2024-04-16,HND-027,HND,30,730,253,18104.0,低库存预警,16
2024-04-16,TLM-019,TLM,257,660,138,19463.4,正常,6
2024-04-16,CUP-023,CUP,111,1871,534,23724.28,低库存预警,4
2024-04-16,VEN-025,VEN,40,641,563,8698.37,过库存,15
2024-04-16,TLP-003,TLP,1,1916,276,28931.6,低库存预警,6
2024-04-16,BUM-003,BUM,139,715,641,12626.9,过库存,2
2024-04-16,DRH-029,DRH,92,612,649,11658.6,正常,29
2024-04-16,WLC-010,WLC,288,9,650,226.53,正常,22
2024-04-16,VEN-021,VEN,2,882,163,26239.5,过库存,15
2024-04-16,HND-006,HND,286,625,434,7381.25,正常,30
2024-04-16,HND-018,HND,498,1984,423,4662.4,低库存预警,11
2024-04-16,LRB-007,LRB,29,914,151,4725.38,正常,11
2024-04-16,TLP-015,TLP,51,987,120,19888.05,正常,2
2024-04-16,TLM-010,TLM,418,390,772,3884.4,低库存预警,22
2024-04-16,WLC-002,WLC,449,1773,618,45778.86,低库存预警,12
2024-04-16,TLP-011,TLP,23,380,731,13022.6,正常,15
2024-04-16,CUP-030,CUP,84,475,345,12150.5,正常,6
2024-04-16,DRH-018,DRH,408,419,782,8597.88,过库存,2
2024-04-16,LFR-003,LFR,460,337,643,8974.31,过库存,20
2024-04-16,BUM-002,BUM,130,1393,475,30186.31,正常,8
2024-04-16,DRH-012,DRH,185,592,768,14515.84,正常,20
2024-04-16,WLC-016,WLC,177,1772,380,54914.28,低库存预警,4
2024-04-16,TLM-021,TLM,182,585,578,4018.95,正常,24
2024-04-16,DRH-004,DRH,492,1451,271,21735.98,正常,18
2024-04-16,HND-021,HND,422,1083,256,28796.97,正常,11
2024-04-16,TLM-018,TLM,460,1805,165,53482.15,低库存预警,22
2024-04-17,VEN-014,VEN,232,449,366,3187.9,低库存预警,24
2024-04-17,BUM-026,BUM,336,127,504,1407.16,过库存,14
2024-04-17,LFR-003,LFR,397,1681,226,44765.03,低库存预警,0
2024-04-17,DRH-006,DRH,20,1659,550,29596.56,正常,9
2024-04-17,TLM-004,TLM,108,1002,580,32514.9,过库存,3
2024-04-17,VEN-023,VEN,454,254,102,1925.32,正常,18
2024-04-17,DUO-012,DUO,89,1402,772,16024.86,正常,26
2024-04-17,DUO-004,DUO,71,853,260,17844.76,正常,3
2024-04-17,DUO-025,DUO,449,703,388,8555.51,正常,3
2024-04-17,CUP-021,CUP,56,279,716,7664.13,过库存,23
2024-04-17,TLP-012,TLP,127,1183,517,25257.05,正常,17
2024-04-17,BUM-007,BUM,412,677,128,6864.78,低库存预警,10
2024-04-17,TLP-006,TLP,297,1033,572,29388.85,过库存,24
2024-04-17,BUM-001,BUM,377,562,147,2916.78,正常,23
2024-04-17,WLC-006,WLC,486,1179,526,14041.89,正常,18
2024-04-17,LFR-010,LFR,150,1137,525,23740.56,正常,19
2024-04-17,BUM-017,BUM,240,1358,532,7957.88,正常,10
2024-04-17,DRH-008,DRH,438,244,744,8508.28,正常,29
2024-04-17,VEN-018,VEN,115,175,553,1085.0,正常,23
2024-04-17,LFR-015,LFR,223,730,799,3555.1,正常,11
2024-04-17,TLP-008,TLP,277,401,580,9591.92,低库存预警,16
2024-04-17,CUP-013,CUP,50,982,338,19050.8,正常,19
2024-04-17,HND-005,HND,319,1210,538,33577.5,低库存预警,20
2024-04-17,CUP-003,CUP,220,538,754,18399.6,过库存,5
2024-04-17,WLC-020,WLC,496,1684,582,19854.36,低库存预警,13
2024-04-17,DRH-013,DRH,281,564,192,4630.44,低库存预警,0
2024-04-17,DRH-020,DRH,488,948,342,28762.32,过库存,11
2024-04-17,VEN-004,VEN,74,843,211,27279.48,低库存预警,25
2024-04-17,BUM-023,BUM,354,31,396,192.51,正常,9
2024-04-17,LFR-007,LFR,214,646,226,2248.08,低库存预警,20
2024-04-17,TLM-018,TLM,101,1138,745,33718.94,过库存,2
2024-04-17,TLP-015,TLP,350,301,226,6065.15,正常,20
2024-04-17,WLC-021,WLC,58,1094,583,9813.18,低库存预警,12
2024-04-17,WLC-016,WLC,72,251,704,7778.49,低库存预警,14
2024-04-17,TLM-024,TLM,175,105,263,1707.3,正常,5
2024-04-17,CUP-008,CUP,53,661,469,1388.1,正常,2
2024-04-17,TLM-011,TLM,129,1287,535,44247.06,低库存预警,29
2024-04-17,HND-014,HND,111,1695,498,38442.6,正常,19
2024-04-17,HND-022,HND,14,1664,306,53664.0,正常,12
2024-04-17,VEN-013,VEN,28,411,201,12794.43,正常,14
2024-04-17,BUM-015,BUM,168,602,334,6874.84,正常,16
2024-04-17,CUP-024,CUP,48,1109,145,2051.65,正常,3
2024-04-17,LRB-010,LRB,337,1722,336,20302.38,正常,12
2024-04-17,CUP-020,CUP,209,938,156,5309.08,正常,25
2024-04-17,DRH-014,DRH,355,1593,117,12059.01,过库存,21
2024-04-17,WLC-017,WLC,365,442,648,1140.36,正常,25
2024-04-17,CUP-017,CUP,318,1057,517,13096.23,过库存,3
2024-04-17,BUM-022,BUM,393,1389,319,21932.31,低库存预警,7
2024-04-17,TLM-003,TLM,202,969,537,7868.28,正常,12
2024-04-17,TLM-025,TLM,94,1471,274,19829.08,正常,1
2024-04-17,CUP-014,CUP,485,1685,123,31762.25,正常,5
2024-04-17,DRH-021,DRH,34,531,348,2033.73,正常,6
2024-04-17,VEN-029,VEN,69,1962,588,22739.58,正常,6
2024-04-17,LFR-005,LFR,407,793,462,1356.03,正常,5
2024-04-17,DUO-006,DUO,393,1779,554,58795.95,正常,20
2024-04-17,TLM-015,TLM,399,127,562,946.15,正常,17
2024-04-17,VEN-002,VEN,432,676,536,22551.36,低库存预警,20
2024-04-17,TLM-007,TLM,382,433,621,1441.89,正常,4
2024-04-17,DRH-023,DRH,277,1221,230,10036.62,低库存预警,19
2024-04-17,CUP-023,CUP,397,1353,440,17156.04,低库存预警,0
2024-04-18,HND-005,HND,256,1768,201,49062.0,正常,12
2024-04-18,LFR-001,LFR,483,1760,420,7004.8,正常,11
2024-04-18,LFR-018,LFR,276,457,541,11109.67,正常,10
2024-04-18,TLM-018,TLM,78,1418,693,42015.34,正常,30
2024-04-18,TLM-027,TLM,376,1617,533,24432.87,正常,14
2024-04-18,LFR-012,LFR,25,1782,575,31773.06,正常,28
2024-04-18,HND-021,HND,322,1053,580,27999.27,低库存预警,23
2024-04-18,WLC-023,WLC,55,294,326,7032.48,低库存预警,2
2024-04-18,WLC-024,WLC,303,1581,783,10671.75,正常,29
2024-04-18,LFR-016,LFR,230,612,702,10287.72,正常,28
2024-04-18,DRH-024,DRH,409,1144,518,9094.8,正常,1
2024-04-18,BUM-005,BUM,204,567,306,9361.17,过库存,11
2024-04-18,CUP-025,CUP,498,1669,410,54409.4,过库存,3
2024-04-18,HND-015,HND,327,994,549,13786.78,过库存,29
2024-04-18,LFR-021,LFR,448,1639,569,32075.23,过库存,9
2024-04-18,VEN-007,VEN,305,13,114,197.6,低库存预警,8
2024-04-18,LFR-019,LFR,334,1506,800,25150.2,过库存,30
2024-04-18,LRB-008,LRB,204,1426,198,44733.62,正常,11
2024-04-18,BUM-024,BUM,68,1010,584,28027.5,过库存,18
2024-04-18,DRH-011,DRH,470,986,294,30023.7,正常,18
2024-04-18,LFR-004,LFR,317,2000,773,37300.0,正常,25
2024-04-18,DRH-013,DRH,487,459,471,3768.39,低库存预警,0
2024-04-18,CUP-015,CUP,331,1901,613,57923.47,正常,16
2024-04-18,TLP-010,TLP,63,1173,163,5501.37,正常,20
2024-04-18,DUO-012,DUO,369,1366,101,15613.38,过库存,21
2024-04-18,LRB-019,LRB,15,422,703,14288.92,正常,24
2024-04-18,BUM-016,BUM,393,1986,392,17437.08,正常,11
2024-04-18,HND-028,HND,255,835,389,8091.15,正常,7
2024-04-18,DRH-029,DRH,451,532,100,10134.6,低库存预警,30
2024-04-18,HND-013,HND,155,1843,211,30925.54,正常,1
2024-04-18,DUO-018,DUO,144,481,717,1231.36,正常,15
2024-04-18,WLC-007,WLC,236,1053,626,36223.2,过库存,4
2024-04-18,LFR-009,LFR,226,382,715,6280.08,正常,17
2024-04-18,TLM-001,TLM,373,244,630,1666.52,正常,24
2024-04-18,TLP-014,TLP,335,600,651,19494.0,正常,17
2024-04-18,DUO-002,DUO,308,1689,499,28865.01,正常,13
2024-04-18,DUO-010,DUO,168,1996,141,30419.04,过库存,14
2024-04-18,DUO-005,DUO,12,578,142,6889.76,正常,22
2024-04-18,TLP-015,TLP,100,550,704,11082.5,过库存,24
2024-04-18,TLM-008,TLM,435,1300,505,30277.0,正常,19
2024-04-18,BUM-019,BUM,491,800,389,14936.0,正常,11
2024-04-18,HND-016,HND,348,411,741,6251.31,低库存预警,16
2024-04-18,HND-027,HND,56,1665,266,41292.0,过库存,21
2024-04-18,HND-017,HND,385,893,508,19628.14,低库存预警,3
2024-04-18,HND-008,HND,26,1916,606,47478.48,低库存预警,16
2024-04-18,TLP-012,TLP,195,931,481,19876.85,正常,10
2024-04-18,DRH-030,DRH,253,732,755,3945.48,过库存,24
2024-04-18,TLP-021,TLP,22,771,458,6692.28,正常,23
2024-04-18,CUP-002,CUP,31,1841,685,8836.8,正常,1
2024-04-18,VEN-006,VEN,482,1586,361,22140.56,过库存,10
2024-04-18,CUP-029,CUP,228,880,283,1980.0,正常,7
2024-04-18,WLC-020,WLC,459,1246,309,14690.34,过库存,3
2024-04-18,LRB-012,LRB,39,202,448,834.26,正常,9
2024-04-18,LFR-008,LFR,489,213,527,4221.66,正常,15
2024-04-18,LRB-014,LRB,470,497,460,9423.12,正常,14
2024-04-18,CUP-017,CUP,191,1493,396,18498.27,过库存,5
2024-04-18,CUP-019,CUP,57,816,662,14198.4,正常,21
2024-04-18,TLP-003,TLP,46,1506,364,22740.6,过库存,1
2024-04-18,VEN-025,VEN,129,10,517,135.7,正常,11
2024-04-18,TLP-007,TLP,279,658,498,7659.12,正常,21
2024-04-19,BUM-025,BUM,70,1563,481,35198.76,低库存预警,10
2024-04-19,TLM-007,TLM,193,1421,271,4731.93,正常,10
2024-04-19,CUP-005,CUP,176,397,604,13053.36,低库存预警,3
2024-04-19,CUP-012,CUP,312,1454,787,22362.52,正常,12
2024-04-19,TLP-005,TLP,69,1127,514,6480.25,正常,18
2024-04-19,VEN-018,VEN,212,1772,751,10986.4,正常,13
2024-04-19,VEN-001,VEN,100,1699,649,5946.5,过库存,21
2024-04-19,DRH-002,DRH,455,1156,799,10854.84,正常,5
2024-04-19,HND-011,HND,482,173,734,1963.55,正常,15
2024-04-19,WLC-009,WLC,434,1144,481,35383.92,过库存,13
2024-04-19,LFR-001,LFR,409,1684,346,6702.32,正常,8
2024-04-19,DUO-010,DUO,189,739,685,11262.36,正常,30
2024-04-19,LFR-010,LFR,145,455,603,9500.4,正常,17
2024-04-19,BUM-012,BUM,157,544,190,14350.72,正常,27
2024-04-19,WLC-007,WLC,203,1962,279,67492.8,正常,25
2024-04-19,DUO-016,DUO,38,1451,231,32952.21,正常,9
2024-04-19,VEN-015,VEN,102,473,510,15055.59,过库存,21
2024-04-19,LRB-022,LRB,6,686,251,12101.04,低库存预警,19
2024-04-19,DUO-008,DUO,225,1543,136,14920.81,低库存预警,20
2024-04-19,LRB-011,LRB,83,484,495,2565.2,正常,8
2024-04-19,DUO-020,DUO,466,1633,740,34668.59,正常,3
2024-04-19,DRH-025,DRH,76,1306,683,13726.06,正常,14
2024-04-19,LFR-015,LFR,394,1316,130,6408.92,正常,28
2024-04-19,VEN-019,VEN,379,13,306,225.55,过库存,12
2024-04-19,TLP-010,TLP,451,1913,577,8971.97,低库存预警,14
2024-04-19,TLP-017,TLP,478,1431,260,41398.83,低库存预警,8
2024-04-19,TLP-018,TLP,114,416,469,7425.6,过库存,4
2024-04-19,VEN-006,VEN,479,1033,419,14420.68,正常,3
2024-04-19,WLC-016,WLC,414,1181,584,36599.19,过库存,6
2024-04-19,DRH-020,DRH,438,1276,710,38713.84,正常,28
2024-04-19,DUO-015,DUO,488,1208,691,25029.76,低库存预警,21
2024-04-19,CUP-018,CUP,300,853,261,15754.91,正常,29
2024-04-19,DUO-013,DUO,472,1854,433,6581.7,正常,5
2024-04-19,CUP-004,CUP,135,1058,338,36151.86,过库存,26
2024-04-19,VEN-025,VEN,2,1987,786,26963.59,过库存,30
2024-04-19,LRB-020,LRB,454,9,352,196.83,过库存,23
2024-04-19,HND-014,HND,414,628,764,14243.04,正常,14
2024-04-19,TLP-009,TLP,72,1388,255,35477.28,正常,2
2024-04-19,DRH-008,DRH,136,1886,669,65764.82,过库存,30
2024-04-19,DRH-022,DRH,85,1782,737,21722.58,正常,8
2024-04-19,DRH-012,DRH,96,2000,623,49040.0,正常,27
2024-04-19,TLM-005,TLM,15,70,471,1495.2,过库存,27
2024-04-19,WLC-014,WLC,80,567,420,4898.88,过库存,3
2024-04-19,LRB-012,LRB,371,1339,574,5530.07,低库存预警,18
2024-04-19,HND-015,HND,429,1301,370,18044.87,低库存预警,22
2024-04-19,WLC-006,WLC,270,747,614,8896.77,低库存预警,3
2024-04-19,CUP-010,CUP,272,765,706,21963.15,正常,25
2024-04-19,BUM-010,BUM,75,1896,502,59363.76,过库存,17
2024-04-19,LRB-019,LRB,497,1965,198,66534.9,低库存预警,14
2024-04-19,WLC-012,WLC,109,910,386,10810.8,正常,12
2024-04-19,TLM-020,TLM,314,1784,669,56231.68,正常,10
2024-04-19,TLM-014,TLM,178,1239,184,26712.84,正常,12
2024-04-19,TLM-025,TLM,329,36,610,485.28,过库存,2
2024-04-19,LRB-021,LRB,24,144,381,1571.04,正常,18
2024-04-19,VEN-010,VEN,45,129,475,1689.9,正常,26
2024-04-19,CUP-019,CUP,395,1663,186,28936.2,正常,1
2024-04-19,DUO-002,DUO,371,1871,130,31975.39,正常,7
2024-04-19,WLC-024,WLC,242,1177,334,7944.75,正常,16
2024-04-19,LRB-008,LRB,32,489,176,15339.93,过库存,8
2024-04-19,VEN-016,VEN,161,188,293,6277.32,正常,8
2024-04-20,BUM-020,BUM,162,968,657,32902.32,正常,27
2024-04-20,DUO-023,DUO,277,370,673,12084.2,正常,4
2024-04-20,DRH-013,DRH,14,1728,119,14186.88,过库存,24
2024-04-20,BUM-027,BUM,148,411,739,3481.17,低库存预警,8
2024-04-20,TLP-024,TLP,108,461,421,1613.5,正常,4
2024-04-20,TLP-003,TLP,424,1032,111,15583.2,正常,14
2024-04-20,CUP-009,CUP,9,1700,266,51459.0,正常,23
2024-04-20,WLC-025,WLC,191,972,508,25855.2,正常,15
2024-04-20,LRB-008,LRB,48,1277,249,40059.49,正常,25
2024-04-20,DUO-001,DUO,479,387,664,7070.49,正常,14
2024-04-20,WLC-009,WLC,256,947,630,29290.71,正常,17
2024-04-20,WLC-020,WLC,63,1637,158,19300.23,正常,0
2024-04-20,TLP-013,TLP,207,234,446,542.88,正常,0
2024-04-20,LRB-016,LRB,406,953,620,22662.34,正常,21
2024-04-20,HND-001,HND,300,1112,544,7394.8,过库存,24
2024-04-20,TLP-015,TLP,370,538,461,10840.7,低库存预警,27
2024-04-20,LRB-020,LRB,12,1001,154,21891.87,过库存,2
2024-04-20,WLC-010,WLC,233,654,468,16461.18,过库存,10
2024-04-20,LRB-022,LRB,482,473,636,8343.72,正常,0
2024-04-20,LFR-021,LFR,103,493,151,9648.01,过库存,10
2024-04-20,WLC-002,WLC,307,566,557,14614.12,正常,19
2024-04-20,TLM-008,TLM,60,1720,516,40058.8,过库存,17
2024-04-20,BUM-004,BUM,59,71,633,2295.43,正常,1
2024-04-20,BUM-008,BUM,60,782,172,23757.16,正常,26
2024-04-20,BUM-026,BUM,120,173,313,1916.84,正常,4
2024-04-20,TLM-017,TLM,296,1805,412,24024.55,正常,29
2024-04-20,DUO-013,DUO,190,1918,135,6808.9,正常,21
2024-04-20,VEN-021,VEN,404,1211,509,36027.25,过库存,9
2024-04-20,VEN-001,VEN,255,1862,698,6517.0,过库存,21
2024-04-20,CUP-003,CUP,300,1488,578,50889.6,低库存预警,30
2024-04-20,WLC-008,WLC,136,1578,603,26747.1,过库存,26
2024-04-20,VEN-024,VEN,197,1774,227,23949.0,正常,6
2024-04-20,BUM-005,BUM,336,853,176,14083.03,低库存预警,7
2024-04-20,VEN-008,VEN,386,1183,239,39299.26,正常,12
2024-04-20,LFR-020,LFR,451,366,102,11375.28,过库存,13
2024-04-20,CUP-027,CUP,187,1906,344,38215.3,正常,6
2024-04-20,DRH-030,DRH,404,613,341,3304.07,正常,14
2024-04-20,BUM-007,BUM,378,71,695,719.94,正常,28
2024-04-20,LRB-021,LRB,417,1493,797,16288.63,正常,13
2024-04-20,LFR-022,LFR,420,352,480,12270.72,过库存,18
2024-04-20,HND-002,HND,17,307,193,2824.4,过库存,28
2024-04-20,LRB-001,LRB,279,1864,354,23505.04,过库存,1
2024-04-20,TLP-017,TLP,31,1799,178,52045.07,正常,8
2024-04-20,HND-017,HND,444,1414,247,31079.72,低库存预警,24
2024-04-20,WLC-005,WLC,151,138,102,529.92,正常,15
2024-04-20,CUP-021,CUP,62,994,377,27305.18,正常,14
2024-04-20,VEN-028,VEN,471,686,312,12286.26,过库存,14
2024-04-20,HND-009,HND,458,360,772,10965.6,正常,23
2024-04-20,VEN-022,VEN,472,1448,546,48580.4,正常,10
2024-04-20,LFR-017,LFR,78,1023,580,24725.91,正常,9
2024-04-20,WLC-013,WLC,159,1893,497,44296.2,正常,1
2024-04-20,HND-021,HND,231,1186,308,31535.74,低库存预警,7
2024-04-20,LRB-012,LRB,306,992,473,4096.96,正常,22
2024-04-20,DUO-006,DUO,8,1874,199,61935.7,正常,1
2024-04-20,DUO-002,DUO,119,1294,159,22114.46,正常,14
2024-04-20,TLP-011,TLP,318,263,114,9013.01,正常,26
2024-04-20,LRB-003,LRB,375,1983,760,38946.12,正常,4
2024-04-20,DUO-019,DUO,418,1865,242,27266.3,正常,29
2024-04-20,DRH-027,DRH,382,1696,346,42315.2,过库存,0
2024-04-20,TLP-020,TLP,75,943,736,1640.82,正常,28
2024-04-21,TLP-004,TLP,35,1356,655,11526.0,低库存预警,13
2024-04-21,DUO-002,DUO,446,917,364,15671.53,正常,3
2024-04-21,CUP-003,CUP,446,1295,266,44289.0,正常,4
2024-04-21,DUO-019,DUO,156,1966,504,28742.92,过库存,13
2024-04-21,CUP-014,CUP,23,1550,765,29217.5,正常,30
2024-04-21,WLC-020,WLC,421,115,528,1355.85,低库存预警,24
2024-04-21,CUP-011,CUP,447,765,490,22521.6,过库存,7
2024-04-21,CUP-002,CUP,93,1396,133,6700.8,低库存预警,4
2024-04-21,LRB-016,LRB,71,1190,693,28298.2,正常,14
2024-04-21,CUP-021,CUP,75,347,222,9532.09,正常,23
2024-04-21,VEN-015,VEN,398,1389,376,44211.87,正常,29
2024-04-21,TLM-015,TLM,459,504,188,3754.8,正常,29
2024-04-21,WLC-010,WLC,472,744,386,18726.48,正常,17
2024-04-21,TLM-002,TLM,376,135,588,670.95,正常,20
2024-04-21,DUO-008,DUO,19,519,390,5018.73,低库存预警,21
2024-04-21,VEN-024,VEN,366,389,331,5251.5,正常,11
2024-04-21,CUP-030,CUP,48,669,370,17113.02,正常,3
2024-04-21,TLM-022,TLM,219,1329,725,5581.8,正常,25
2024-04-21,TLP-009,TLP,278,1310,578,33483.6,正常,13
2024-04-21,DRH-020,DRH,40,1127,397,34193.18,正常,13
2024-04-21,TLM-016,TLM,329,793,477,27493.31,过库存,3
2024-04-21,LRB-003,LRB,90,1501,761,29479.64,正常,24
2024-04-21,HND-010,HND,102,564,397,18234.12,正常,5
2024-04-21,TLP-011,TLP,402,1655,276,56716.85,低库存预警,21
2024-04-21,DUO-003,DUO,229,1388,238,2206.92,正常,23
2024-04-21,BUM-005,BUM,337,1045,512,17252.95,过库存,2
2024-04-21,DRH-006,DRH,429,1684,260,30042.56,正常,0
2024-04-21,LFR-005,LFR,453,164,237,280.44,正常,2
2024-04-21,TLM-027,TLM,94,1376,626,20791.36,过库存,24
2024-04-21,VEN-003,VEN,211,1846,270,54217.02,过库存,8
2024-04-21,DRH-018,DRH,171,1159,486,23782.68,正常,12
2024-04-21,BUM-018,BUM,134,229,762,3764.76,过库存,7
2024-04-21,TLM-014,TLM,192,1204,429,25958.24,正常,2
2024-04-21,TLP-016,TLP,33,56,181,1446.48,过库存,8
2024-04-21,DUO-018,DUO,405,1961,535,5020.16,正常,0
2024-04-21,VEN-011,VEN,192,837,518,27043.47,正常,19
2024-04-21,LFR-008,LFR,135,1419,243,28124.58,过库存,22
2024-04-21,HND-012,HND,494,761,448,3257.08,正常,24
2024-04-21,WLC-016,WLC,109,952,327,29502.48,低库存预警,17
2024-04-21,HND-002,HND,500,1264,159,11628.8,过库存,30
2024-04-21,DRH-021,DRH,433,1980,532,7583.4,正常,9
2024-04-21,LRB-015,LRB,500,1470,688,31075.8,正常,28
2024-04-21,HND-005,HND,352,539,269,14957.25,低库存预警,17
2024-04-21,TLP-014,TLP,59,1881,779,61113.69,正常,9
2024-04-21,LFR-012,LFR,151,372,676,6632.76,低库存预警,7
2024-04-21,DUO-023,DUO,365,524,702,17113.84,过库存,26
2024-04-21,HND-004,HND,162,1944,647,25252.56,正常,26
2024-04-21,TLP-008,TLP,487,202,525,4831.84,正常,3
2024-04-21,VEN-026,VEN,488,837,352,17761.14,过库存,21
2024-04-21,LFR-001,LFR,479,1176,223,4680.48,正常,7
2024-04-21,DUO-001,DUO,255,1263,789,23075.01,正常,24
2024-04-21,BUM-013,BUM,249,397,148,2322.45,正常,19
2024-04-21,VEN-007,VEN,250,1150,633,17480.0,低库存预警,27
2024-04-21,LFR-018,LFR,491,1156,703,28102.36,正常,0
2024-04-21,CUP-005,CUP,436,410,120,13480.8,正常,28
2024-04-21,TLM-001,TLM,268,1817,579,12410.11,正常,14
2024-04-21,BUM-025,BUM,463,902,110,20313.04,正常,0
2024-04-21,CUP-017,CUP,343,1111,476,13765.29,过库存,9
2024-04-21,TLP-006,TLP,475,349,339,9929.05,正常,7
2024-04-21,TLP-005,TLP,287,223,331,1282.25,正常,7
2024-04-22,HND-010,HND,414,1496,202,48365.68,低库存预警,25
2024-04-22,LRB-007,LRB,168,1303,157,6736.51,正常,13
2024-04-22,LFR-017,LFR,239,1733,120,41886.61,正常,29
2024-04-22,TLM-003,TLM,493,1851,640,15030.12,正常,24
2024-04-22,BUM-020,BUM,77,1222,482,41535.78,正常,15
2024-04-22,LFR-013,LFR,304,798,396,9153.06,正常,13
2024-04-22,DUO-007,DUO,260,1440,417,17481.6,过库存,23
2024-04-22,TLP-015,TLP,308,1509,704,30406.35,正常,0
2024-04-22,DUO-017,DUO,0,763,461,10285.24,正常,16
2024-04-22,DUO-020,DUO,420,1460,688,30995.8,过库存,8
2024-04-22,CUP-024,CUP,341,1971,217,3646.35,正常,27
2024-04-22,LRB-019,LRB,104,89,518,3013.54,正常,19
2024-04-22,DRH-029,DRH,101,1475,479,28098.75,正常,11
2024-04-22,LFR-003,LFR,472,160,492,4260.8,低库存预警,25
2024-04-22,VEN-012,VEN,40,862,611,12886.9,低库存预警,3
2024-04-22,CUP-021,CUP,303,1615,164,44364.05,过库存,30
2024-04-22,WLC-008,WLC,310,1503,628,25475.85,过库存,17
2024-04-22,LRB-004,LRB,215,1650,580,21582.0,正常,8
2024-04-22,WLC-019,WLC,259,301,449,5923.68,低库存预警,12
2024-04-22,TLP-023,TLP,93,1538,266,39157.48,过库存,29
2024-04-22,VEN-019,VEN,217,497,435,8622.95,正常,28
2024-04-22,TLP-022,TLP,174,887,577,20897.72,正常,11
2024-04-22,CUP-022,CUP,489,742,121,11263.56,正常,2
2024-04-22,LFR-012,LFR,7,1787,700,31862.21,正常,27
2024-04-22,DRH-024,DRH,129,407,775,3235.65,正常,22
2024-04-22,TLP-004,TLP,321,809,300,6876.5,过库存,29
2024-04-22,LRB-008,LRB,33,1247,644,39118.39,正常,3
2024-04-22,DUO-005,DUO,120,1313,276,15650.96,正常,17
2024-04-22,TLM-009,TLM,187,1243,383,25556.08,低库存预警,26
2024-04-22,CUP-011,CUP,375,786,617,23139.84,正常,2
2024-04-22,VEN-027,VEN,351,1208,774,10847.84,正常,8
2024-04-22,TLP-009,TLP,242,207,512,5290.92,正常,14
2024-04-22,TLM-019,TLM,367,1665,334,49100.85,低库存预警,6
2024-04-22,LFR-001,LFR,13,1591,374,6332.18,过库存,4
2024-04-22,WLC-007,WLC,64,292,789,10044.8,低库存预警,1
2024-04-22,LRB-015,LRB,315,899,393,19004.86,正常,1
2024-04-22,TLM-010,TLM,289,1711,765,17041.56,低库存预警,29
2024-04-22,DRH-028,DRH,326,1329,610,34992.57,正常,0
2024-04-22,VEN-006,VEN,366,86,728,1200.56,正常,3
2024-04-22,TLP-020,TLP,346,1227,188,2134.98,正常,27
2024-04-22,DRH-011,DRH,14,1338,599,40742.1,正常,30
2024-04-22,CUP-001,CUP,207,1557,568,10276.2,过库存,29
2024-04-22,TLM-021,TLM,218,480,447,3297.6,正常,4
2024-04-22,WLC-003,WLC,168,557,702,4043.82,低库存预警,27
2024-04-22,WLC-025,WLC,264,1131,350,30084.6,过库存,3
2024-04-22,DRH-001,DRH,81,919,382,27505.67,正常,10
2024-04-22,LFR-002,LFR,347,548,500,5940.32,正常,8
2024-04-22,CUP-014,CUP,411,1584,583,29858.4,正常,25
2024-04-22,VEN-014,VEN,282,1510,535,10721.0,过库存,29
2024-04-22,BUM-001,BUM,256,719,106,3731.61,过库存,26
2024-04-22,LFR-009,LFR,425,661,345,10866.84,正常,19
2024-04-22,LFR-008,LFR,419,1327,426,26301.14,正常,28
2024-04-22,CUP-015,CUP,294,1758,266,53566.26,正常,2
2024-04-22,VEN-026,VEN,173,1711,411,36307.42,过库存,9
2024-04-22,DUO-016,DUO,112,1857,523,42172.47,过库存,7
2024-04-22,DRH-006,DRH,369,1236,649,22050.24,正常,3
2024-04-22,DRH-018,DRH,135,277,576,5684.04,过库存,16
2024-04-22,HND-003,HND,66,1222,423,13136.5,低库存预警,22
2024-04-22,TLP-017,TLP,415,1416,221,40964.88,正常,0
2024-04-22,LFR-022,LFR,200,1641,266,57205.26,正常,13
2024-04-23,TLP-007,TLP,184,545,385,6343.8,过库存,3
2024-04-23,DRH-008,DRH,458,478,200,16667.86,正常,28
2024-04-23,HND-019,HND,252,137,422,2942.76,过库存,10
2024-04-23,LFR-022,LFR,401,243,687,8470.98,过库存,30
2024-04-23,BUM-013,BUM,235,915,251,5352.75,正常,10
2024-04-23,DUO-012,DUO,212,1788,282,20436.84,正常,29
2024-04-23,HND-017,HND,292,650,419,14287.0,正常,5
2024-04-23,HND-018,HND,151,1655,628,3889.25,正常,15
2024-04-23,DRH-029,DRH,185,1461,176,27832.05,正常,21
2024-04-23,WLC-018,WLC,136,363,203,11804.76,过库存,21
2024-04-23,LFR-012,LFR,284,467,295,8326.61,正常,12
2024-04-23,DUO-001,DUO,105,1355,771,24755.85,正常,25
2024-04-23,HND-004,HND,98,161,221,2091.39,正常,21
2024-04-23,TLM-009,TLM,289,653,177,13425.68,正常,28
2024-04-23,VEN-024,VEN,158,5,500,67.5,正常,5
2024-04-23,VEN-017,VEN,197,432,795,9789.12,正常,10
2024-04-23,TLP-005,TLP,387,432,792,2484.0,正常,8
2024-04-23,HND-006,HND,87,415,263,4901.15,正常,27
2024-04-23,TLM-027,TLM,402,170,159,2568.7,正常,25
2024-04-23,WLC-015,WLC,103,591,747,12753.78,正常,29
2024-04-23,DRH-019,DRH,131,1249,501,24043.25,正常,8
2024-04-23,HND-012,HND,486,1671,597,7151.88,过库存,11
2024-04-23,TLM-016,TLM,456,1126,703,39038.42,低库存预警,15
2024-04-23,BUM-008,BUM,155,426,429,12941.88,正常,2
2024-04-23,LRB-022,LRB,233,1292,143,22790.88,过库存,7
2024-04-23,CUP-001,CUP,76,1974,766,13028.4,低库存预警,8
2024-04-23,LRB-016,LRB,21,192,675,4565.76,正常,17
2024-04-23,TLP-002,TLP,299,516,552,3426.24,过库存,30
2024-04-23,VEN-021,VEN,269,177,182,5265.75,正常,3
2024-04-23,TLM-004,TLM,415,13,301,421.85,正常,17
2024-04-23,BUM-021,BUM,326,1673,203,38044.02,过库存,27
2024-04-23,LRB-007,LRB,327,1692,321,8747.64,正常,1
2024-04-23,CUP-021,CUP,247,1205,598,33101.35,正常,21
2024-04-23,TLP-017,TLP,273,1016,167,29392.88,正常,27
2024-04-23,LRB-019,LRB,405,1890,753,63995.4,正常,11
2024-04-23,BUM-004,BUM,451,822,222,26575.26,正常,26
2024-04-23,DUO-021,DUO,362,713,512,6730.72,正常,30
2024-04-23,BUM-002,BUM,434,392,437,8494.64,低库存预警,17
2024-04-23,CUP-012,CUP,76,978,503,15041.64,正常,12
2024-04-23,HND-013,HND,464,1734,657,29096.52,正常,26
2024-04-23,CUP-015,CUP,7,742,670,22608.74,低库存预警,22
2024-04-23,DRH-030,DRH,438,1804,573,9723.56,低库存预警,16
2024-04-23,TLP-006,TLP,149,1250,260,35562.5,正常,1
2024-04-23,VEN-012,VEN,159,1563,372,23366.85,正常,17
2024-04-23,BUM-007,BUM,175,1106,109,11214.84,正常,0
2024-04-23,DRH-003,DRH,85,582,756,5418.42,过库存,15
2024-04-23,DRH-012,DRH,219,110,172,2697.2,正常,0
2024-04-23,DRH-013,DRH,256,1163,548,9548.23,过库存,10
2024-04-23,TLM-007,TLM,176,1967,274,6550.11,正常,16
2024-04-23,TLP-021,TLP,194,294,762,2551.92,低库存预警,29
2024-04-23,DRH-024,DRH,486,582,384,4626.9,正常,25
2024-04-23,LFR-020,LFR,360,438,182,13613.04,正常,7
2024-04-23,BUM-003,BUM,312,1285,748,22693.1,过库存,26
2024-04-23,WLC-010,WLC,439,275,166,6921.75,正常,8
2024-04-23,LRB-008,LRB,481,1603,573,50286.11,正常,24
2024-04-23,DRH-028,DRH,186,66,362,1737.78,正常,8
2024-04-23,VEN-025,VEN,421,1060,569,14384.2,正常,23
2024-04-23,LRB-004,LRB,496,227,392,2969.16,低库存预警,0
2024-04-23,TLP-025,TLP,385,259,467,795.13,正常,24
2024-04-23,HND-011,HND,119,1701,313,19306.35,正常,0
2024-04-24,DRH-024,DRH,151,1403,239,11153.85,正常,1
2024-04-24,LFR-022,LFR,98,729,402,25412.94,正常,22
2024-04-24,BUM-025,BUM,51,581,236,13084.12,正常,8
2024-04-24,DRH-025,DRH,335,1965,368,20652.15,正常,8
2024-04-24,TLM-028,TLM,70,1424,494,47006.24,过库存,22
2024-04-24,CUP-012,CUP,86,98,644,1507.24,低库存预警,17
2024-04-24,DRH-005,DRH,58,1835,781,47269.6,正常,3
2024-04-24,CUP-018,CUP,105,1737,314,32082.39,低库存预警,25
2024-04-24,DRH-001,DRH,438,1921,577,57495.53,正常,3
2024-04-24,WLC-015,WLC,242,1762,389,38023.96,过库存,21
2024-04-24,VEN-018,VEN,18,1958,426,12139.6,低库存预警,7
2024-04-24,TLM-001,TLM,297,1432,677,9780.56,低库存预警,0
2024-04-24,DRH-021,DRH,222,914,199,3500.62,低库存预警,11
2024-04-24,DRH-002,DRH,42,708,504,6648.12,正常,7
2024-04-24,LFR-018,LFR,112,1638,762,39819.78,正常,11
2024-04-24,TLP-014,TLP,18,781,330,25374.69,正常,5
2024-04-24,DUO-010,DUO,365,498,624,7589.52,正常,23
2024-04-24,DRH-027,DRH,324,1575,138,39296.25,正常,22
2024-04-24,LRB-020,LRB,183,1217,259,26615.79,过库存,23
2024-04-24,LFR-008,LFR,129,1444,543,28620.08,低库存预警,9
2024-04-24,TLP-004,TLP,388,433,135,3680.5,过库存,7
2024-04-24,WLC-010,WLC,213,738,390,18575.46,正常,25
2024-04-24,HND-023,HND,428,194,673,1829.42,正常,23
2024-04-24,VEN-015,VEN,32,196,206,6238.68,正常,25
2024-04-24,CUP-021,CUP,173,400,559,10988.0,过库存,7
2024-04-24,DRH-016,DRH,449,52,230,1012.44,低库存预警,24
2024-04-24,HND-017,HND,112,639,639,14045.22,正常,28
2024-04-24,TLM-024,TLM,413,1433,123,23300.58,正常,4
2024-04-24,LFR-019,LFR,415,800,130,13360.0,正常,19
2024-04-24,DRH-012,DRH,449,801,413,19640.52,正常,14
2024-04-24,LFR-010,LFR,391,1456,121,30401.28,正常,13
2024-04-24,BUM-018,BUM,372,1283,716,21092.52,正常,15
2024-04-24,TLM-003,TLM,252,539,123,4376.68,正常,27
2024-04-24,HND-027,HND,481,1247,377,30925.6,过库存,3
2024-04-24,TLP-006,TLP,360,1481,214,42134.45,正常,2
2024-04-24,HND-024,HND,307,117,380,2448.81,正常,10
2024-04-24,BUM-011,BUM,265,1261,415,36165.48,正常,9
2024-04-24,VEN-024,VEN,169,1822,578,24597.0,正常,18
2024-04-24,CUP-013,CUP,220,39,151,756.6,正常,30
2024-04-24,DUO-019,DUO,399,1190,407,17397.8,正常,9
2024-04-24,LRB-010,LRB,102,1142,168,13464.18,正常,7
2024-04-24,LRB-006,LRB,88,321,130,10971.78,正常,0
2024-04-24,BUM-007,BUM,54,1968,340,19955.52,正常,5
2024-04-24,BUM-023,BUM,323,477,116,2962.17,正常,16
2024-04-24,CUP-027,CUP,457,1517,266,30415.85,正常,27
2024-04-24,TLM-014,TLM,365,139,290,2996.84,低库存预警,6
2024-04-24,DUO-002,DUO,278,1144,232,19550.96,正常,5
2024-04-24,TLM-009,TLM,377,251,522,5160.56,低库存预警,25
2024-04-24,HND-008,HND,154,666,327,16503.48,正常,0
2024-04-24,LRB-007,LRB,329,1406,518,7269.02,正常,18
2024-04-24,LRB-008,LRB,307,1316,167,41282.92,低库存预警,17
2024-04-24,CUP-030,CUP,306,1811,675,46325.38,正常,4
2024-04-24,DUO-022,DUO,182,1168,531,4485.12,正常,15
2024-04-24,BUM-012,BUM,169,1172,257,30917.36,正常,17
2024-04-24,WLC-002,WLC,336,286,738,7384.52,正常,26
2024-04-24,LFR-017,LFR,464,831,354,20085.27,正常,1
2024-04-24,BUM-001,BUM,259,781,155,4053.39,正常,24
2024-04-24,DRH-023,DRH,326,1840,292,15124.8,正常,15
2024-04-24,DRH-030,DRH,174,359,798,1935.01,正常,10
2024-04-24,VEN-002,VEN,176,519,399,17313.84,正常,14
2024-04-25,WLC-023,WLC,99,466,406,11146.72,过库存,4
2024-04-25,LFR-005,LFR,92,49,635,83.79,过库存,18
2024-04-25,LFR-018,LFR,246,1806,736,43903.86,正常,29
2024-04-25,LRB-016,LRB,92,405,244,9630.9,低库存预警,20
2024-04-25,DUO-015,DUO,473,135,400,2797.2,正常,14
2024-04-25,LRB-019,LRB,244,795,795,26918.7,正常,29
2024-04-25,DRH-020,DRH,438,1999,675,60649.66,正常,0
2024-04-25,LFR-014,LFR,63,1227,288,11300.67,低库存预警,16
2024-04-25,DRH-021,DRH,427,1017,644,3895.11,正常,12
2024-04-25,VEN-008,VEN,257,1591,441,52853.02,正常,13
2024-04-25,DRH-027,DRH,214,664,144,16566.8,低库存预警,21
2024-04-25,HND-005,HND,248,1099,224,30497.25,正常,10
2024-04-25,LRB-007,LRB,173,983,461,5082.11,正常,24
2024-04-25,LRB-008,LRB,214,199,793,6242.63,低库存预警,29
2024-04-25,BUM-017,BUM,389,1139,366,6674.54,正常,6
2024-04-25,CUP-028,CUP,420,1443,656,17590.17,低库存预警,15
2024-04-25,TLM-022,TLM,2,1861,135,7816.2,过库存,9
2024-04-25,DUO-005,DUO,428,517,345,6162.64,低库存预警,22
2024-04-25,CUP-019,CUP,469,1815,655,31581.0,正常,17
2024-04-25,HND-013,HND,227,329,446,5520.62,低库存预警,19
2024-04-25,TLM-001,TLM,103,1041,158,7110.03,低库存预警,12
2024-04-25,TLP-007,TLP,492,762,456,8869.68,正常,4
2024-04-25,HND-024,HND,423,852,541,17832.36,低库存预警,2
2024-04-25,CUP-027,CUP,199,1460,746,29273.0,正常,5
2024-04-25,CUP-025,CUP,369,172,367,5607.2,正常,30
2024-04-25,VEN-019,VEN,229,140,405,2429.0,正常,5
2024-04-25,HND-026,HND,32,1842,140,54541.62,过库存,30
2024-04-25,TLM-016,TLM,89,1711,271,59320.37,低库存预警,21
2024-04-25,TLM-017,TLM,272,364,551,4844.84,正常,23
2024-04-25,DUO-008,DUO,323,68,301,657.56,正常,12
2024-04-25,DRH-004,DRH,260,1087,480,16283.26,过库存,16
2024-04-25,VEN-004,VEN,11,819,796,26502.84,正常,18
2024-04-25,HND-020,HND,482,1124,329,11071.4,过库存,3
2024-04-25,BUM-002,BUM,188,1488,629,32244.96,正常,18
2024-04-25,DRH-012,DRH,57,533,356,13069.16,过库存,0
2024-04-25,DUO-011,DUO,134,551,533,3223.35,低库存预警,19
2024-04-25,CUP-020,CUP,119,747,780,4228.02,过库存,13
2024-04-25,DRH-019,DRH,225,897,130,17267.25,正常,30
2024-04-25,VEN-025,VEN,88,38,478,515.66,正常,24
2024-04-25,TLP-014,TLP,457,1826,297,59326.74,正常,12
2024-04-25,HND-004,HND,189,1476,781,19173.24,正常,16
2024-04-25,BUM-026,BUM,280,848,799,9395.84,过库存,9
2024-04-25,VEN-028,VEN,223,1486,114,26614.26,正常,24
2024-04-25,BUM-025,BUM,344,571,101,12858.92,正常,27
2024-04-25,CUP-029,CUP,84,1452,729,3267.0,低库存预警,9
2024-04-25,TLP-004,TLP,496,1464,693,12444.0,正常,25
2024-04-25,DRH-030,DRH,385,318,785,1714.02,低库存预警,26
2024-04-25,WLC-007,WLC,369,1158,278,39835.2,低库存预警,8
2024-04-25,TLM-006,TLM,279,270,782,1844.1,过库存,24
2024-04-25,DRH-026,DRH,357,1516,600,4532.84,低库存预警,26
2024-04-25,LRB-005,LRB,200,824,526,20229.2,过库存,14
2024-04-25,LRB-010,LRB,405,504,426,5942.16,正常,4
2024-04-25,TLM-023,TLM,69,138,511,4244.88,低库存预警,3
2024-04-25,BUM-014,BUM,107,1556,488,11794.48,低库存预警,19
2024-04-25,HND-017,HND,258,1950,434,42861.0,正常,20
2024-04-25,TLM-008,TLM,240,1521,106,35424.09,正常,22
2024-04-25,LFR-020,LFR,86,1415,557,43978.2,过库存,23
2024-04-25,HND-021,HND,439,1257,132,33423.63,低库存预警,11
2024-04-25,TLP-025,TLP,387,1657,680,5086.99,过库存,6
2024-04-25,CUP-022,CUP,300,247,236,3749.46,正常,8
2024-04-26,HND-022,HND,24,1607,749,51825.75,正常,24
2024-04-26,VEN-015,VEN,80,209,457,6652.47,过库存,8
2024-04-26,HND-004,HND,363,1805,623,23446.95,正常,26
2024-04-26,VEN-029,VEN,86,667,655,7730.53,低库存预警,2
2024-04-26,BUM-012,BUM,396,1172,725,30917.36,正常,19
2024-04-26,TLM-027,TLM,318,19,419,287.09,正常,9
2024-04-26,BUM-014,BUM,263,500,420,3790.0,过库存,3
2024-04-26,HND-006,HND,311,1927,241,22757.87,正常,15
2024-04-26,HND-012,HND,341,990,598,4237.2,正常,10
2024-04-26,HND-014,HND,113,875,258,19845.0,正常,1
2024-04-26,WLC-014,WLC,288,1070,228,9244.8,正常,14
2024-04-26,DRH-008,DRH,47,613,227,21375.31,正常,9
2024-04-26,CUP-021,CUP,429,827,251,22717.69,过库存,10
2024-04-26,TLM-028,TLM,468,1013,196,33439.13,正常,6
2024-04-26,TLP-011,TLP,255,1959,648,67134.93,正常,7
2024-04-26,BUM-002,BUM,470,914,757,19806.38,正常,3
2024-04-26,LFR-014,LFR,40,848,510,7810.08,正常,24
2024-04-26,HND-005,HND,267,403,546,11183.25,正常,23
2024-04-26,CUP-029,CUP,196,316,209,711.0,过库存,8
2024-04-26,WLC-023,WLC,148,36,799,861.12,正常,30
2024-04-26,HND-028,HND,398,1219,711,11812.11,正常,24
2024-04-26,HND-024,HND,232,317,554,6634.81,正常,13
2024-04-26,TLM-013,TLM,118,420,797,12335.4,低库存预警,2
2024-04-26,BUM-006,BUM,308,1357,224,31034.59,低库存预警,13
2024-04-26,WLC-001,WLC,61,460,479,8491.6,低库存预警,11
2024-04-26,CUP-020,CUP,313,1497,276,8473.02,正常,10
2024-04-26,DRH-028,DRH,266,867,215,22828.11,低库存预警,29
2024-04-26,TLP-013,TLP,103,1422,361,3299.04,正常,28
2024-04-26,CUP-016,CUP,220,633,495,9564.63,过库存,12
2024-04-26,VEN-026,VEN,113,1753,423,37198.66,正常,11
2024-04-26,WLC-018,WLC,357,498,597,16194.96,正常,15
2024-04-26,DUO-010,DUO,452,1510,116,23012.4,正常,28
2024-04-26,VEN-006,VEN,125,1747,800,24388.12,过库存,17
2024-04-26,LFR-012,LFR,79,243,329,4332.69,正常,22
2024-04-26,BUM-007,BUM,232,1266,145,12837.24,正常,9
2024-04-26,TLP-019,TLP,5,507,330,1277.64,过库存,22
2024-04-26,HND-021,HND,237,1556,148,41374.04,正常,11
2024-04-26,CUP-006,CUP,449,1418,548,26927.82,正常,4
2024-04-26,DUO-012,DUO,47,146,170,1668.78,过库存,28
2024-04-26,TLM-016,TLM,424,350,346,12134.5,正常,27
2024-04-26,DRH-025,DRH,142,97,324,1019.47,过库存,19
2024-04-26,TLP-003,TLP,416,1888,316,28508.8,正常,3
2024-04-26,CUP-024,CUP,400,1945,570,3598.25,正常,2
2024-04-26,DRH-003,DRH,212,178,727,1657.18,过库存,17
2024-04-26,BUM-013,BUM,117,142,723,830.7,过库存,19
2024-04-26,DUO-002,DUO,455,821,202,14030.89,正常,13
2024-04-26,CUP-007,CUP,400,295,657,6233.35,正常,12
2024-04-26,LFR-018,LFR,203,385,731,9359.35,正常,8
2024-04-26,BUM-015,BUM,475,1153,395,13167.26,过库存,10
2024-04-26,VEN-028,VEN,353,1345,296,24088.95,过库存,10
2024-04-26,DUO-008,DUO,179,1552,414,15007.84,过库存,24
2024-04-26,LRB-019,LRB,20,674,546,22821.64,正常,7
2024-04-26,WLC-015,WLC,229,587,610,12667.46,正常,1
2024-04-26,TLM-019,TLM,371,1901,626,56060.49,正常,30
2024-04-26,WLC-021,WLC,166,331,696,2969.07,过库存,1
2024-04-26,DRH-010,DRH,491,1250,655,8200.0,低库存预警,21
2024-04-26,HND-007,HND,51,1717,502,6730.64,过库存,18
2024-04-26,TLM-007,TLM,311,770,607,2564.1,正常,7
2024-04-26,TLM-026,TLM,174,1471,199,27360.6,正常,25
2024-04-26,BUM-017,BUM,147,1052,295,6164.72,过库存,30
2024-04-27,LRB-003,LRB,260,42,381,824.88,过库存,24
2024-04-27,CUP-028,CUP,107,180,263,2194.2,正常,29
2024-04-27,TLM-025,TLM,466,1685,200,22713.8,正常,25
2024-04-27,HND-023,HND,276,674,679,6355.82,正常,1
2024-04-27,VEN-014,VEN,13,1595,283,11324.5,正常,13
2024-04-27,WLC-019,WLC,163,197,619,3876.96,正常,2
2024-04-27,LRB-016,LRB,8,872,525,20736.16,正常,8
2024-04-27,LRB-020,LRB,459,1242,186,27162.54,正常,7
2024-04-27,TLM-007,TLM,63,1790,331,5960.7,正常,8
2024-04-27,WLC-007,WLC,455,399,360,13725.6,正常,26
2024-04-27,HND-028,HND,52,1601,621,15513.69,正常,2
2024-04-27,LRB-018,LRB,394,664,205,7197.76,低库存预警,21
2024-04-27,TLM-022,TLM,0,1112,131,4670.4,低库存预警,30
2024-04-27,HND-011,HND,489,1022,713,11599.7,正常,9
2024-04-27,VEN-004,VEN,369,68,391,2200.48,过库存,13
2024-04-27,VEN-015,VEN,4,1871,599,59553.93,正常,25
2024-04-27,CUP-008,CUP,52,343,208,720.3,正常,13
2024-04-27,DUO-012,DUO,239,1795,629,20516.85,正常,8
2024-04-27,LFR-007,LFR,77,1250,315,4350.0,正常,6
2024-04-27,TLP-024,TLP,356,781,591,2733.5,正常,6
2024-04-27,LFR-022,LFR,158,1918,117,66861.48,低库存预警,19
2024-04-27,LFR-011,LFR,295,676,639,13364.52,过库存,11
2024-04-27,LRB-013,LRB,193,172,611,5909.92,正常,30
2024-04-27,LRB-002,LRB,286,1514,555,39046.06,正常,10
2024-04-27,VEN-006,VEN,398,1257,489,17547.72,低库存预警,28
2024-04-27,CUP-009,CUP,161,747,623,22611.69,正常,9
2024-04-27,TLP-020,TLP,92,1247,267,2169.78,低库存预警,8
2024-04-27,BUM-006,BUM,142,930,397,21269.1,过库存,19
2024-04-27,BUM-011,BUM,42,1267,239,36337.56,过库存,21
2024-04-27,HND-026,HND,294,640,540,18950.4,正常,12
2024-04-27,WLC-020,WLC,435,473,571,5576.67,正常,14
2024-04-27,HND-025,HND,79,1076,465,9834.64,低库存预警,7
2024-04-27,TLP-003,TLP,196,569,464,8591.9,低库存预警,0
2024-04-27,TLP-019,TLP,198,529,248,1333.08,过库存,9
2024-04-27,CUP-011,CUP,468,233,258,6859.52,低库存预警,10
2024-04-27,VEN-018,VEN,377,1489,262,9231.8,低库存预警,7
2024-04-27,CUP-024,CUP,190,647,198,1196.95,正常,27
2024-04-27,BUM-007,BUM,72,1825,722,18505.5,正常,23
2024-04-27,LFR-001,LFR,327,1306,138,5197.88,过库存,29
2024-04-27,BUM-003,BUM,163,1789,281,31593.74,过库存,5
2024-04-27,VEN-016,VEN,92,1419,599,47380.41,过库存,6
2024-04-27,TLM-024,TLM,17,719,190,11690.94,低库存预警,9
2024-04-27,LFR-010,LFR,329,101,158,2108.88,过库存,30
2024-04-27,WLC-001,WLC,248,1433,628,26453.18,正常,7
2024-04-27,DUO-005,DUO,18,1356,582,16163.52,低库存预警,18
2024-04-27,DRH-004,DRH,315,1594,721,23878.12,正常,16
2024-04-27,TLP-025,TLP,352,1959,395,6014.13,过库存,2
2024-04-27,TLM-023,TLM,490,1483,404,45617.08,正常,14
2024-04-27,DRH-022,DRH,59,1317,411,16054.23,正常,0
2024-04-27,DUO-009,DUO,326,419,657,8786.43,正常,10
2024-04-27,DRH-029,DRH,103,871,495,16592.55,过库存,25
2024-04-27,DUO-010,DUO,105,448,440,6827.52,正常,29
2024-04-27,VEN-023,VEN,416,604,308,4578.32,过库存,8
2024-04-27,VEN-028,VEN,196,986,146,17659.26,正常,7
2024-04-27,DRH-010,DRH,434,1194,633,7832.64,正常,26
2024-04-27,CUP-016,CUP,143,305,593,4608.55,正常,28
2024-04-27,DRH-003,DRH,179,760,156,7075.6,过库存,13
2024-04-27,HND-003,HND,180,1724,241,18533.0,过库存,1
2024-04-27,WLC-013,WLC,232,1279,191,29928.6,正常,9
2024-04-27,WLC-008,WLC,234,1430,522,24238.5,低库存预警,22
2024-04-28,BUM-018,BUM,367,1547,117,25432.68,正常,3
2024-04-28,BUM-026,BUM,304,765,320,8476.2,正常,6
2024-04-28,HND-027,HND,207,1527,335,37869.6,正常,4
2024-04-28,DRH-024,DRH,188,910,694,7234.5,低库存预警,10
2024-04-28,HND-014,HND,58,828,705,18779.04,正常,2
2024-04-28,TLM-024,TLM,140,1237,573,20113.62,过库存,21
2024-04-28,DUO-001,DUO,314,1818,463,33214.86,正常,24
2024-04-28,CUP-023,CUP,98,1621,624,20554.28,正常,1
2024-04-28,TLP-017,TLP,440,1822,314,52710.46,正常,0
2024-04-28,BUM-015,BUM,66,871,375,9946.82,低库存预警,24
2024-04-28,WLC-015,WLC,380,751,660,16206.58,低库存预警,8
2024-04-28,TLM-019,TLM,133,1655,477,48805.95,正常,18
2024-04-28,CUP-024,CUP,362,1400,528,2590.0,正常,28
2024-04-28,HND-003,HND,256,825,169,8868.75,正常,26
2024-04-28,BUM-024,BUM,220,773,788,21450.75,过库存,10
2024-04-28,WLC-009,WLC,10,1656,411,51220.08,低库存预警,26
2024-04-28,DUO-017,DUO,395,1318,650,17766.64,过库存,7
2024-04-28,VEN-024,VEN,204,994,313,13419.0,低库存预警,2
2024-04-28,CUP-017,CUP,479,451,280,5587.89,正常,11
2024-04-28,VEN-026,VEN,240,1167,760,24763.74,正常,17
2024-04-28,DUO-006,DUO,316,822,508,27167.1,低库存预警,16
2024-04-28,LRB-002,LRB,343,626,740,16144.54,过库存,20
2024-04-28,DRH-015,DRH,44,578,488,4311.88,低库存预警,26
2024-04-28,TLM-013,TLM,386,1268,591,37241.16,过库存,22
2024-04-28,VEN-028,VEN,352,1505,516,26954.55,正常,15
2024-04-28,BUM-010,BUM,116,959,289,30026.29,过库存,12
2024-04-28,TLP-011,TLP,49,343,740,11754.61,正常,29
2024-04-28,TLM-016,TLM,308,1388,792,48121.96,正常,11
2024-04-28,HND-023,HND,101,1940,453,18294.2,正常,18
2024-04-28,LFR-006,LFR,280,1934,424,14543.68,正常,14
2024-04-28,VEN-003,VEN,11,1365,148,40090.05,正常,14
2024-04-28,DRH-010,DRH,96,1112,156,7294.72,过库存,30
2024-04-28,WLC-022,WLC,488,540,758,18138.6,正常,26
2024-04-28,CUP-026,CUP,421,809,517,9408.67,正常,19
2024-04-28,BUM-007,BUM,318,1091,129,11062.74,过库存,5
2024-04-28,TLM-009,TLM,257,311,708,6394.16,低库存预警,1
2024-04-28,VEN-001,VEN,294,656,219,2296.0,过库存,2
2024-04-28,VEN-010,VEN,369,1557,296,20396.7,正常,1
2024-04-28,TLP-003,TLP,220,36,101,543.6,正常,8
2024-04-28,TLP-010,TLP,76,1826,450,8563.94,过库存,27
2024-04-28,DUO-019,DUO,241,1675,740,24488.5,正常,27
2024-04-28,LFR-010,LFR,117,52,777,1085.76,正常,25
2024-04-28,BUM-019,BUM,453,1892,648,35323.64,正常,20
2024-04-28,TLM-022,TLM,276,404,739,1696.8,过库存,9
2024-04-28,VEN-018,VEN,210,550,585,3410.0,正常,6
2024-04-28,LFR-001,LFR,455,212,485,843.76,正常,8
2024-04-28,CUP-011,CUP,200,1180,797,34739.2,正常,1
2024-04-28,LRB-014,LRB,400,1433,262,27169.68,正常,3
2024-04-28,DUO-012,DUO,88,1356,345,15499.08,正常,11
2024-04-28,DRH-022,DRH,299,1559,169,19004.21,正常,26
2024-04-28,CUP-025,CUP,339,479,720,15615.4,正常,26
2024-04-28,DUO-023,DUO,38,1047,792,34195.02,正常,29
2024-04-28,VEN-013,VEN,7,719,756,22382.47,正常,26
2024-04-28,LRB-018,LRB,119,129,723,1398.36,正常,23
2024-04-28,LRB-001,LRB,126,1634,134,20604.74,正常,17
2024-04-28,VEN-022,VEN,181,1779,315,59685.45,正常,23
2024-04-28,CUP-002,CUP,236,70,214,336.0,正常,26
2024-04-28,LFR-019,LFR,5,671,791,11205.7,正常,0
2024-04-28,DRH-002,DRH,449,1178,119,11061.42,过库存,28
2024-04-28,CUP-008,CUP,410,1244,588,2612.4,过库存,2
2024-04-29,LRB-020,LRB,35,1107,263,24210.09,低库存预警,3
2024-04-29,LRB-011,LRB,110,441,791,2337.3,过库存,16
2024-04-29,HND-003,HND,45,413,630,4439.75,过库存,25
2024-04-29,CUP-017,CUP,256,1542,792,19105.38,正常,8
2024-04-29,DRH-013,DRH,174,372,496,3054.12,过库存,15
2024-04-29,DRH-022,DRH,443,1294,728,15773.86,低库存预警,5
2024-04-29,LRB-015,LRB,30,342,284,7229.88,过库存,2
2024-04-29,VEN-024,VEN,67,624,417,8424.0,正常,5
2024-04-29,LRB-002,LRB,322,1860,298,47969.4,正常,26
2024-04-29,DRH-010,DRH,219,784,362,5143.04,正常,28
2024-04-29,DUO-016,DUO,464,1345,662,30544.95,正常,29
2024-04-29,BUM-004,BUM,228,1354,348,43774.82,正常,10
2024-04-29,TLM-028,TLM,100,1953,552,64468.53,正常,1
2024-04-29,WLC-022,WLC,129,1339,475,44977.01,正常,21
2024-04-29,VEN-019,VEN,149,941,465,16326.35,正常,9
2024-04-29,DRH-028,DRH,356,370,608,9742.1,过库存,10
2024-04-29,LFR-007,LFR,3,293,445,1019.64,过库存,30
2024-04-29,LRB-013,LRB,143,841,317,28896.76,正常,29
2024-04-29,TLP-017,TLP,25,1843,663,53317.99,过库存,8
2024-04-29,DUO-007,DUO,268,1263,756,15332.82,低库存预警,20
2024-04-29,VEN-011,VEN,44,1537,713,49660.47,正常,6
2024-04-29,DUO-005,DUO,92,81,637,965.52,过库存,8
2024-04-29,TLP-005,TLP,363,1875,202,10781.25,正常,10
2024-04-29,DRH-002,DRH,38,974,168,9145.86,低库存预警,29
2024-04-29,CUP-024,CUP,474,431,524,797.35,正常,20
2024-04-29,DRH-019,DRH,4,769,653,14803.25,正常,13
2024-04-29,DRH-030,DRH,295,1974,592,10639.86,正常,15
2024-04-29,VEN-010,VEN,316,351,256,4598.1,正常,9
2024-04-29,HND-008,HND,59,606,420,15016.68,过库存,10
2024-04-29,CUP-022,CUP,338,1476,374,22405.68,正常,0
2024-04-29,LFR-003,LFR,362,1776,543,47294.88,过库存,3
2024-04-29,TLP-013,TLP,258,230,585,533.6,正常,20
2024-04-29,CUP-014,CUP,121,829,535,15626.65,正常,6
2024-04-29,BUM-027,BUM,230,679,192,5751.13,正常,0
2024-04-29,CUP-010,CUP,165,526,340,15101.46,正常,15
2024-04-29,WLC-004,WLC,410,1732,385,11413.88,正常,3
2024-04-29,TLP-010,TLP,496,987,397,4629.03,正常,24
2024-04-29,BUM-024,BUM,370,907,548,25169.25,过库存,14
2024-04-29,VEN-006,VEN,167,948,619,13234.08,低库存预警,0
2024-04-29,TLP-014,TLP,193,501,200,16277.49,低库存预警,8
2024-04-29,TLP-009,TLP,193,592,468,15131.52,过库存,15
2024-04-29,HND-001,HND,256,1204,180,8006.6,正常,19
2024-04-29,CUP-012,CUP,359,691,713,10627.58,低库存预警,7
2024-04-29,LFR-004,LFR,401,803,691,14975.95,正常,17
2024-04-29,HND-021,HND,108,1158,463,30791.22,正常,10
2024-04-29,TLM-026,TLM,63,974,566,18116.4,低库存预警,2
2024-04-29,HND-017,HND,229,1692,514,37190.16,正常,17
2024-04-29,LRB-016,LRB,115,844,355,20070.32,过库存,8
2024-04-29,VEN-015,VEN,74,261,616,8307.63,低库存预警,19
2024-04-29,HND-006,HND,171,1485,631,17537.85,正常,10
2024-04-29,CUP-027,CUP,479,875,290,17543.75,正常,25
2024-04-29,LFR-017,LFR,108,927,228,22405.59,正常,12
2024-04-29,DUO-003,DUO,315,165,359,262.35,过库存,12
2024-04-29,WLC-025,WLC,289,1138,752,30270.8,正常,21
2024-04-29,TLM-022,TLM,61,7,168,29.4,正常,10
2024-04-29,VEN-017,VEN,258,529,577,11987.14,正常,17
2024-04-29,VEN-022,VEN,399,845,406,28349.75,过库存,2
2024-04-29,DUO-013,DUO,264,1888,383,6702.4,过库存,10
2024-04-29,DRH-007,DRH,135,947,720,8314.66,正常,17
2024-04-29,VEN-009,VEN,422,662,749,6024.2,正常,10
2024-04-30,TLP-006,TLP,403,1551,777,44125.95,低库存预警,20
2024-04-30,HND-026,HND,334,1652,234,48915.72,低库存预警,17
2024-04-30,BUM-026,BUM,60,324,699,3589.92,过库存,10
2024-04-30,VEN-014,VEN,150,877,455,6226.7,正常,15
2024-04-30,WLC-001,WLC,95,591,694,10909.86,正常,6
2024-04-30,VEN-019,VEN,206,444,763,7703.4,正常,13
2024-04-30,CUP-023,CUP,480,1379,233,17485.72,正常,14
2024-04-30,CUP-026,CUP,357,1969,455,22899.47,正常,29
2024-04-30,HND-008,HND,386,1971,314,48841.38,正常,8
2024-04-30,WLC-023,WLC,184,1681,235,40209.52,正常,19
2024-04-30,VEN-022,VEN,301,1645,597,55189.75,正常,28
2024-04-30,DUO-024,DUO,118,1926,392,18971.1,低库存预警,19
2024-04-30,TLP-015,TLP,306,184,325,3707.6,正常,15
2024-04-30,DRH-005,DRH,303,745,600,19191.2,低库存预警,14
2024-04-30,BUM-015,BUM,476,1250,473,14275.0,正常,11
2024-04-30,DRH-013,DRH,116,6,170,49.26,正常,2
2024-04-30,LFR-004,LFR,389,1874,596,34950.1,过库存,14
2024-04-30,WLC-007,WLC,441,702,162,24148.8,正常,6
2024-04-30,BUM-008,BUM,286,1201,325,36486.38,过库存,14
2024-04-30,TLP-005,TLP,0,105,551,603.75,低库存预警,24
2024-04-30,VEN-028,VEN,222,1392,632,24930.72,过库存,14
2024-04-30,LFR-017,LFR,420,1207,382,29173.19,正常,20
2024-04-30,DRH-003,DRH,77,1607,606,14961.17,正常,20
2024-04-30,TLP-001,TLP,172,1848,369,14211.12,正常,17
2024-04-30,HND-022,HND,425,1060,104,34185.0,低库存预警,9
2024-04-30,CUP-027,CUP,250,79,763,1583.95,正常,20
2024-04-30,WLC-014,WLC,327,158,117,1365.12,正常,16
2024-04-30,LFR-012,LFR,54,1558,484,27779.14,过库存,1
2024-04-30,LRB-013,LRB,396,1265,572,43465.4,正常,8
2024-04-30,DUO-016,DUO,137,167,700,3792.57,低库存预警,26
2024-04-30,TLP-010,TLP,305,857,480,4019.33,正常,30
2024-04-30,TLP-024,TLP,145,1630,277,5705.0,正常,21
2024-04-30,CUP-021,CUP,14,1237,770,33980.39,低库存预警,24
2024-04-30,WLC-021,WLC,172,1482,293,13293.54,低库存预警,25
2024-04-30,LRB-015,LRB,371,616,273,13022.24,正常,11
2024-04-30,BUM-001,BUM,295,1943,784,10084.17,正常,21
2024-04-30,CUP-006,CUP,1,804,265,15267.96,正常,19
2024-04-30,DRH-008,DRH,85,553,318,19283.11,正常,25
2024-04-30,WLC-017,WLC,145,498,293,1284.84,正常,0
2024-04-30,DRH-012,DRH,434,1282,728,31434.64,正常,17
2024-04-30,DUO-015,DUO,253,1093,269,22646.96,正常,21
2024-04-30,LFR-001,LFR,15,1121,720,4461.58,过库存,19
2024-04-30,TLM-028,TLM,220,1040,558,34330.4,低库存预警,2
2024-04-30,LRB-017,LRB,80,578,799,14710.1,正常,12
2024-04-30,BUM-009,BUM,372,716,410,15845.08,低库存预警,0
2024-04-30,BUM-011,BUM,388,740,682,21223.2,低库存预警,0
2024-04-30,WLC-012,WLC,479,1630,593,19364.4,正常,26
2024-04-30,HND-023,HND,385,1578,260,14880.54,正常,26
2024-04-30,CUP-030,CUP,101,1006,410,25733.48,正常,10
2024-04-30,HND-021,HND,456,65,517,1728.35,过库存,25
2024-04-30,LRB-010,LRB,20,1254,339,14784.66,正常,18
2024-04-30,TLM-011,TLM,74,415,790,14267.7,低库存预警,25
2024-04-30,CUP-007,CUP,19,220,681,4648.6,过库存,21
2024-04-30,DRH-011,DRH,97,1183,790,36022.35,低库存预警,8
2024-04-30,WLC-022,WLC,66,1107,647,37184.13,正常,8
2024-04-30,WLC-019,WLC,255,1744,343,34321.92,正常,23
2024-04-30,BUM-004,BUM,407,876,421,28321.08,正常,28
2024-04-30,DUO-005,DUO,33,1250,593,14900.0,正常,25
2024-04-30,VEN-015,VEN,37,955,328,30397.65,正常,0
2024-04-30,VEN-025,VEN,0,1140,357,15469.8,低库存预警,12
2024-05-01,CUP-027,CUP,212,1187,481,23799.35,低库存预警,4
2024-05-01,DRH-020,DRH,216,1136,287,34466.24,低库存预警,19
2024-05-01,TLP-003,TLP,72,971,721,14662.1,过库存,6
2024-05-01,LFR-015,LFR,39,521,744,2537.27,正常,20
2024-05-01,CUP-020,CUP,247,1489,441,8427.74,低库存预警,30
2024-05-01,VEN-025,VEN,167,586,177,7952.02,正常,30
2024-05-01,WLC-025,WLC,42,395,418,10507.0,正常,21
2024-05-01,CUP-029,CUP,238,672,341,1512.0,低库存预警,10
2024-05-01,DUO-016,DUO,267,163,503,3701.73,正常,15
2024-05-01,BUM-008,BUM,44,1267,660,38491.46,正常,18
2024-05-01,TLP-010,TLP,8,120,648,562.8,过库存,20
2024-05-01,DUO-002,DUO,216,48,718,820.32,正常,11
2024-05-01,HND-021,HND,136,1803,167,47941.77,过库存,7
2024-05-01,LFR-004,LFR,434,1987,719,37057.55,过库存,7
2024-05-01,DUO-006,DUO,42,1861,579,61506.05,正常,11
2024-05-01,VEN-028,VEN,130,1030,130,18447.3,正常,7
2024-05-01,HND-001,HND,489,574,651,3817.1,过库存,25
2024-05-01,WLC-008,WLC,244,1908,244,32340.6,过库存,17
2024-05-01,DRH-025,DRH,400,1248,441,13116.48,正常,7
2024-05-01,DUO-014,DUO,376,702,729,8136.18,正常,16
2024-05-01,DUO-005,DUO,197,1829,678,21801.68,低库存预警,18
2024-05-01,TLP-013,TLP,254,1565,445,3630.8,正常,27
2024-05-01,LRB-002,LRB,464,1072,665,27646.88,正常,22
2024-05-01,BUM-013,BUM,434,336,765,1965.6,正常,11
2024-05-01,HND-027,HND,441,1549,626,38415.2,正常,16
2024-05-01,CUP-004,CUP,219,649,147,22176.33,低库存预警,0
2024-05-01,LRB-011,LRB,367,116,551,614.8,正常,21
2024-05-01,VEN-003,VEN,111,1917,362,56302.29,正常,19
2024-05-01,TLP-019,TLP,489,190,566,478.8,正常,7
2024-05-01,DRH-008,DRH,252,34,251,1185.58,正常,23
2024-05-01,CUP-018,CUP,366,1272,683,23493.84,正常,1
2024-05-01,WLC-007,WLC,287,1636,800,56278.4,正常,7
2024-05-01,LRB-004,LRB,197,1216,726,15905.28,正常,7
2024-05-01,DRH-015,DRH,151,93,620,693.78,正常,30
2024-05-01,LRB-020,LRB,297,1710,577,37397.7,正常,2
2024-05-01,VEN-029,VEN,409,985,380,11416.15,过库存,6
2024-05-01,DRH-003,DRH,24,1094,155,10185.14,正常,22
2024-05-01,VEN-020,VEN,303,720,179,1389.6,过库存,23
2024-05-01,TLP-012,TLP,161,366,207,7814.1,低库存预警,29
2024-05-01,BUM-002,BUM,81,1375,246,29796.25,低库存预警,16
2024-05-01,WLC-009,WLC,459,43,559,1329.99,正常,10
2024-05-01,TLP-025,TLP,399,1155,609,3545.85,正常,1
2024-05-01,HND-014,HND,275,649,352,14719.32,低库存预警,25
2024-05-01,CUP-008,CUP,283,1249,364,2622.9,低库存预警,11
2024-05-01,TLP-009,TLP,468,1581,286,40410.36,低库存预警,8
2024-05-01,VEN-018,VEN,89,1614,685,10006.8,正常,19
2024-05-01,LRB-018,LRB,230,82,301,888.88,正常,26
2024-05-01,LFR-001,LFR,399,119,358,473.62,过库存,14
2024-05-01,TLM-008,TLM,61,189,627,4401.81,过库存,21
2024-05-01,BUM-004,BUM,229,363,307,11735.79,过库存,19
2024-05-01,CUP-024,CUP,180,3,424,5.55,正常,16
2024-05-01,HND-006,HND,329,234,665,2763.54,过库存,5
2024-05-01,HND-004,HND,406,1701,391,22095.99,低库存预警,23
2024-05-01,VEN-016,VEN,195,1723,493,57530.97,正常,7
2024-05-01,DRH-016,DRH,368,1842,734,35863.74,正常,20
2024-05-01,BUM-027,BUM,156,248,389,2100.56,低库存预警,27
2024-05-01,TLM-014,TLM,436,1276,325,27510.56,正常,4
2024-05-01,VEN-004,VEN,454,631,652,20419.16,低库存预警,14
2024-05-01,HND-019,HND,131,1297,675,27859.56,过库存,14
2024-05-01,DRH-026,DRH,179,642,509,1919.58,低库存预警,6
2024-05-02,TLP-020,TLP,406,1534,565,2669.16,正常,0
2024-05-02,CUP-010,CUP,125,399,380,11455.29,正常,23
2024-05-02,TLM-020,TLM,1,1109,353,34955.68,过库存,13
2024-05-02,DRH-011,DRH,312,386,521,11753.7,正常,27
2024-05-02,VEN-011,VEN,304,685,148,22132.35,过库存,27
2024-05-02,CUP-016,CUP,253,1431,556,21622.41,正常,8
2024-05-02,BUM-018,BUM,193,1262,485,20747.28,低库存预警,6
2024-05-02,LFR-020,LFR,299,545,442,16938.6,正常,8
2024-05-02,CUP-012,CUP,153,838,318,12888.44,正常,11
2024-05-02,HND-008,HND,121,1160,682,28744.8,过库存,23
2024-05-02,HND-004,HND,359,1663,773,21602.37,正常,14
2024-05-02,WLC-001,WLC,192,1229,148,22687.34,低库存预警,26
2024-05-02,DRH-006,DRH,334,220,113,3924.8,正常,13
2024-05-02,TLM-013,TLM,285,1968,464,57800.16,正常,21
2024-05-02,LFR-008,LFR,340,196,351,3884.72,正常,1
2024-05-02,VEN-017,VEN,180,329,207,7455.14,过库存,15
2024-05-02,DRH-028,DRH,105,358,501,9426.14,正常,23
2024-05-02,VEN-015,VEN,243,1753,157,55797.99,正常,13
2024-05-02,BUM-020,BUM,144,1704,254,57918.96,低库存预警,12
2024-05-02,TLM-021,TLM,470,1428,720,9810.36,过库存,23
2024-05-02,BUM-022,BUM,464,1886,168,29779.94,正常,2
2024-05-02,BUM-007,BUM,345,1533,567,15544.62,低库存预警,4
2024-05-02,DUO-009,DUO,467,905,379,18977.85,正常,23
2024-05-02,WLC-017,WLC,240,700,584,1806.0,正常,3
2024-05-02,DRH-029,DRH,65,967,518,18421.35,过库存,25
2024-05-02,HND-002,HND,53,1695,279,15594.0,正常,8
2024-05-02,LRB-013,LRB,443,516,800,17729.76,正常,8
2024-05-02,DUO-023,DUO,376,1034,275,33770.44,低库存预警,21
2024-05-02,TLP-001,TLP,216,982,593,7551.58,低库存预警,8
2024-05-02,DUO-017,DUO,214,1632,499,21999.36,正常,30
2024-05-02,WLC-006,WLC,17,900,692,10719.0,过库存,29
2024-05-02,LFR-022,LFR,357,611,709,21299.46,正常,16
2024-05-02,TLP-002,TLP,431,283,617,1879.12,过库存,20
2024-05-02,DRH-021,DRH,174,1027,628,3933.41,正常,22
2024-05-02,DUO-005,DUO,41,1081,158,12885.52,过库存,7
2024-05-02,WLC-025,WLC,24,1907,343,50726.2,过库存,18
2024-05-02,BUM-019,BUM,84,1608,117,30021.36,正常,10
2024-05-02,TLM-006,TLM,496,716,415,4890.28,低库存预警,10
2024-05-02,HND-018,HND,181,591,535,1388.85,过库存,23
2024-05-02,DRH-022,DRH,313,1872,497,22819.68,过库存,17
2024-05-02,DRH-013,DRH,156,1926,422,15812.46,正常,3
2024-05-02,DRH-007,DRH,305,197,587,1729.66,过库存,14
2024-05-02,TLM-015,TLM,141,47,148,350.15,过库存,0
2024-05-02,HND-020,HND,2,267,125,2629.95,过库存,25
2024-05-02,LFR-017,LFR,433,1575,316,38067.75,低库存预警,11
2024-05-02,DUO-022,DUO,101,1693,326,6501.12,过库存,1
2024-05-02,VEN-008,VEN,135,1947,698,64679.34,正常,30
2024-05-02,TLP-019,TLP,363,1992,107,5019.84,低库存预警,25
2024-05-02,TLM-011,TLM,413,1839,582,63224.82,正常,7
2024-05-02,DUO-008,DUO,152,1744,127,16864.48,正常,8
2024-05-02,DUO-025,DUO,302,1765,275,21480.05,正常,0
2024-05-02,TLM-022,TLM,397,987,441,4145.4,正常,21
2024-05-02,TLP-007,TLP,224,1665,544,19380.6,过库存,29
2024-05-02,BUM-010,BUM,172,1272,482,39826.32,正常,19
2024-05-02,VEN-010,VEN,437,1818,696,23815.8,正常,27
2024-05-02,VEN-018,VEN,423,1668,246,10341.6,过库存,25
2024-05-02,BUM-014,BUM,287,710,298,5381.8,低库存预警,6
2024-05-02,DRH-002,DRH,99,87,577,816.93,正常,18
2024-05-02,DUO-020,DUO,227,1736,426,36855.28,正常,15
2024-05-02,CUP-024,CUP,350,1674,706,3096.9,正常,5
2024-05-03,TLM-003,TLM,189,1689,698,13714.68,正常,14
2024-05-03,WLC-005,WLC,106,1568,482,6021.12,正常,12
2024-05-03,TLM-006,TLM,467,994,255,6789.02,正常,27
2024-05-03,LRB-005,LRB,259,376,797,9230.8,正常,4
2024-05-03,LRB-010,LRB,397,1430,797,16859.7,过库存,3
2024-05-03,CUP-022,CUP,400,1897,786,28796.46,正常,7
2024-05-03,HND-027,HND,2,876,294,21724.8,低库存预警,11
2024-05-03,WLC-010,WLC,97,965,494,24289.05,正常,26
2024-05-03,LRB-022,LRB,115,343,688,6050.52,正常,4
2024-05-03,DRH-007,DRH,134,1046,778,9183.88,低库存预警,24
2024-05-03,BUM-018,BUM,310,1194,233,19629.36,正常,5
2024-05-03,TLP-020,TLP,439,1664,147,2895.36,低库存预警,2
2024-05-03,LRB-020,LRB,26,1910,112,41771.7,正常,2
2024-05-03,DUO-013,DUO,192,864,117,3067.2,正常,28
2024-05-03,VEN-012,VEN,485,773,484,11556.35,低库存预警,23
2024-05-03,BUM-023,BUM,265,334,573,2074.14,正常,0
2024-05-03,DRH-011,DRH,442,500,597,15225.0,正常,24
2024-05-03,TLM-012,TLM,470,1825,344,53947.0,正常,10
2024-05-03,TLP-009,TLP,162,472,744,12064.32,正常,15
2024-05-03,DUO-009,DUO,333,45,432,943.65,过库存,0
2024-05-03,BUM-021,BUM,9,1243,241,28265.82,正常,24
2024-05-03,VEN-005,VEN,413,1033,362,18810.93,正常,0
2024-05-03,DRH-018,DRH,459,1889,688,38762.28,过库存,0
2024-05-03,CUP-012,CUP,8,1544,141,23746.72,低库存预警,15
2024-05-03,TLP-017,TLP,277,829,136,23982.97,正常,28
2024-05-03,LFR-017,LFR,479,1666,361,40267.22,低库存预警,15
2024-05-03,LFR-022,LFR,111,145,798,5054.7,正常,3
2024-05-03,VEN-023,VEN,243,282,437,2137.56,正常,20
2024-05-03,WLC-019,WLC,419,269,777,5293.92,正常,15
2024-05-03,DRH-009,DRH,297,944,312,12215.36,过库存,5
2024-05-03,DRH-015,DRH,417,1196,417,8922.16,正常,20
2024-05-03,TLM-027,TLM,227,234,322,3535.74,正常,20
2024-05-03,TLP-016,TLP,4,1941,518,50136.03,低库存预警,22
2024-05-03,CUP-016,CUP,362,745,558,11256.95,正常,22
2024-05-03,WLC-022,WLC,33,2,366,67.18,低库存预警,9
2024-05-03,VEN-006,VEN,91,300,581,4188.0,正常,21
2024-05-03,DRH-029,DRH,415,1380,676,26289.0,正常,20
2024-05-03,LRB-017,LRB,228,988,653,25144.6,正常,5
2024-05-03,DRH-025,DRH,311,244,648,2564.44,过库存,10
2024-05-03,TLM-028,TLM,29,907,260,29940.07,正常,10
2024-05-03,DRH-010,DRH,14,1178,767,7727.68,正常,14
2024-05-03,LFR-003,LFR,136,1179,669,31396.77,正常,20
2024-05-03,LFR-021,LFR,400,1903,703,37241.71,低库存预警,22
2024-05-03,WLC-009,WLC,72,549,466,16980.57,正常,14
2024-05-03,VEN-013,VEN,201,16,640,498.08,低库存预警,23
2024-05-03,TLM-025,TLM,233,1914,283,25800.72,正常,29
2024-05-03,BUM-017,BUM,114,786,707,4605.96,正常,15
2024-05-03,DUO-025,DUO,55,339,318,4125.63,过库存,29
2024-05-03,WLC-002,WLC,372,1598,660,41260.36,过库存,7
2024-05-03,LFR-012,LFR,176,995,372,17740.85,过库存,19
2024-05-03,LRB-012,LRB,279,1409,329,5819.17,低库存预警,23
2024-05-03,CUP-013,CUP,376,1666,374,32320.4,正常,29
2024-05-03,BUM-027,BUM,323,554,112,4692.38,正常,18
2024-05-03,CUP-005,CUP,423,1914,230,62932.32,正常,30
2024-05-03,LFR-019,LFR,108,949,425,15848.3,过库存,28
2024-05-03,VEN-009,VEN,472,271,634,2466.1,过库存,25
2024-05-03,LFR-001,LFR,440,1198,118,4768.04,过库存,18
2024-05-03,DUO-015,DUO,297,1692,204,35058.24,低库存预警,30
2024-05-03,DUO-010,DUO,2,854,703,13014.96,低库存预警,21
2024-05-03,WLC-008,WLC,297,1170,622,19831.5,正常,10
2024-05-04,BUM-008,BUM,231,391,756,11878.58,正常,23
2024-05-04,DRH-009,DRH,317,1470,700,19021.8,低库存预警,8
2024-05-04,DUO-020,DUO,264,1187,651,25200.01,过库存,26
2024-05-04,DUO-015,DUO,265,1353,383,28034.16,正常,21
2024-05-04,VEN-010,VEN,80,1120,513,14672.0,低库存预警,2
2024-05-04,DRH-024,DRH,208,210,272,1669.5,正常,30
2024-05-04,LRB-013,LRB,6,1211,131,41609.96,正常,12
2024-05-04,TLP-004,TLP,371,1212,677,10302.0,正常,26
2024-05-04,WLC-003,WLC,109,1031,382,7485.06,低库存预警,6
2024-05-04,TLM-014,TLM,235,574,180,12375.44,正常,16
2024-05-04,TLP-005,TLP,307,1500,778,8625.0,正常,3
2024-05-04,HND-013,HND,263,1460,533,24498.8,正常,19
2024-05-04,HND-001,HND,123,249,673,1655.85,正常,1
2024-05-04,LRB-003,LRB,429,1829,238,35921.56,正常,17
2024-05-04,TLM-018,TLM,414,1824,309,54045.12,过库存,6
2024-05-04,DRH-019,DRH,118,1028,321,19789.0,正常,26
2024-05-04,TLM-026,TLM,285,1225,759,22785.0,过库存,20
2024-05-04,DRH-011,DRH,223,1932,799,58829.4,过库存,10
2024-05-04,TLP-016,TLP,279,1517,743,39184.11,正常,9
2024-05-04,CUP-016,CUP,433,1561,138,23586.71,正常,8
2024-05-04,DUO-025,DUO,210,1886,107,22952.62,正常,3
2024-05-04,LRB-006,LRB,231,749,637,25600.82,正常,10
2024-05-04,CUP-014,CUP,195,1023,283,19283.55,过库存,20
2024-05-04,VEN-024,VEN,2,1869,647,25231.5,正常,13
2024-05-04,CUP-003,CUP,190,1409,693,48187.8,正常,20
2024-05-04,TLM-024,TLM,320,1864,549,30308.64,过库存,2
2024-05-04,TLM-023,TLM,254,1909,299,58720.84,正常,29
2024-05-04,DRH-027,DRH,309,1406,421,35079.7,正常,5
2024-05-04,LFR-015,LFR,187,536,205,2610.32,正常,4
2024-05-04,TLM-013,TLM,167,1470,694,43173.9,正常,10
2024-05-04,TLM-025,TLM,242,625,135,8425.0,正常,0
2024-05-04,CUP-002,CUP,12,1196,210,5740.8,低库存预警,13
2024-05-04,LFR-006,LFR,11,1115,214,8384.8,正常,13
2024-05-04,TLP-010,TLP,270,273,582,1280.37,低库存预警,27
2024-05-04,BUM-011,BUM,460,778,322,22313.04,正常,23
2024-05-04,BUM-013,BUM,271,1690,618,9886.5,过库存,5
2024-05-04,DUO-014,DUO,247,1782,316,20653.38,过库存,5
2024-05-04,VEN-028,VEN,330,617,320,11050.47,正常,23
2024-05-04,LRB-010,LRB,209,315,110,3713.85,正常,5
2024-05-04,LFR-019,LFR,74,1489,542,24866.3,正常,9
2024-05-04,TLM-015,TLM,146,650,299,4842.5,正常,22
2024-05-04,CUP-025,CUP,120,1505,581,49063.0,低库存预警,12
2024-05-04,LFR-005,LFR,370,1114,384,1904.94,过库存,23
2024-05-04,LFR-016,LFR,151,1184,215,19903.04,过库存,24
2024-05-04,HND-003,HND,147,1367,635,14695.25,低库存预警,30
2024-05-04,DRH-017,DRH,314,833,330,4306.61,正常,15
2024-05-04,TLM-002,TLM,17,1472,261,7315.84,正常,28
2024-05-04,DUO-009,DUO,183,1726,355,36194.22,正常,30
2024-05-04,TLP-021,TLP,137,490,789,4253.2,正常,1
2024-05-04,WLC-002,WLC,366,241,166,6222.62,过库存,10
2024-05-04,CUP-008,CUP,339,1877,668,3941.7,过库存,4
2024-05-04,CUP-004,CUP,311,1212,244,41414.04,正常,17
2024-05-04,TLP-017,TLP,261,1773,388,51292.89,正常,29
2024-05-04,LRB-001,LRB,207,873,384,11008.53,正常,22
2024-05-04,DUO-024,DUO,485,1343,735,13228.55,正常,29
2024-05-04,DUO-002,DUO,352,431,505,7365.79,过库存,23
2024-05-04,CUP-019,CUP,329,1176,409,20462.4,正常,1
2024-05-04,HND-020,HND,6,1080,561,10638.0,正常,21
2024-05-04,WLC-010,WLC,355,415,294,10445.55,过库存,23
2024-05-04,HND-010,HND,139,885,573,28612.05,正常,6
2024-05-05,WLC-012,WLC,133,1831,257,21752.28,过库存,21
2024-05-05,DRH-029,DRH,470,1123,353,21393.15,正常,23
2024-05-05,LFR-015,LFR,151,966,319,4704.42,低库存预警,18
2024-05-05,DUO-003,DUO,361,1684,784,2677.56,正常,13
2024-05-05,TLP-008,TLP,27,308,697,7367.36,正常,26
2024-05-05,TLM-023,TLM,160,206,603,6336.56,过库存,16
2024-05-05,DRH-007,DRH,28,117,269,1027.26,正常,2
2024-05-05,WLC-025,WLC,305,817,277,21732.2,正常,19
2024-05-05,LRB-008,LRB,343,847,413,26570.39,正常,23
2024-05-05,DRH-026,DRH,322,1574,517,4706.26,低库存预警,11
2024-05-05,LFR-008,LFR,201,973,640,19284.86,正常,7
2024-05-05,TLM-018,TLM,435,808,772,23941.04,正常,22
2024-05-05,DRH-010,DRH,79,365,796,2394.4,过库存,20
2024-05-05,HND-011,HND,291,336,531,3813.6,正常,23
2024-05-05,TLP-015,TLP,385,61,767,1229.15,正常,0
2024-05-05,HND-021,HND,374,177,380,4706.43,低库存预警,10
2024-05-05,DUO-001,DUO,121,1946,306,35553.42,正常,19
2024-05-05,DUO-008,DUO,204,1126,275,10888.42,正常,13
2024-05-05,WLC-015,WLC,281,1185,451,25572.3,正常,1
2024-05-05,BUM-025,BUM,355,1688,254,38013.76,正常,1
2024-05-05,CUP-021,CUP,299,958,315,26316.26,过库存,0
2024-05-05,TLP-007,TLP,249,482,274,5610.48,过库存,2
2024-05-05,LRB-014,LRB,300,1452,569,27529.92,正常,28
2024-05-05,TLM-009,TLM,289,1521,305,31271.76,正常,7
2024-05-05,DUO-021,DUO,258,407,392,3842.08,正常,25
2024-05-05,BUM-003,BUM,286,1273,578,22481.18,正常,16
2024-05-05,WLC-019,WLC,419,1884,322,37077.12,低库存预警,0
2024-05-05,VEN-026,VEN,432,1510,783,32042.2,正常,20
2024-05-05,CUP-002,CUP,107,123,329,590.4,正常,25
2024-05-05,LRB-018,LRB,443,1701,588,18438.84,正常,14
2024-05-05,LFR-012,LFR,446,1274,216,22715.42,低库存预警,26
2024-05-05,HND-002,HND,82,48,125,441.6,低库存预警,4
2024-05-05,HND-024,HND,474,355,254,7430.15,正常,2
2024-05-05,LRB-005,LRB,191,399,242,9795.45,正常,16
2024-05-05,TLP-013,TLP,332,1296,450,3006.72,低库存预警,28
2024-05-05,DUO-019,DUO,362,420,501,6140.4,低库存预警,20
2024-05-05,LRB-011,LRB,362,24,480,127.2,过库存,13
2024-05-05,LRB-002,LRB,398,1778,771,45854.62,低库存预警,29
2024-05-05,WLC-021,WLC,195,687,439,6162.39,正常,10
2024-05-05,BUM-004,BUM,363,1823,229,58937.59,低库存预警,29
2024-05-05,WLC-003,WLC,247,554,671,4022.04,正常,5
2024-05-05,TLP-022,TLP,445,426,393,10036.56,正常,12
2024-05-05,VEN-013,VEN,79,41,306,1276.33,正常,0
2024-05-05,DRH-024,DRH,366,1019,372,8101.05,正常,2
2024-05-05,LFR-004,LFR,135,1491,365,27807.15,正常,15
2024-05-05,HND-022,HND,220,1043,153,33636.75,正常,1
2024-05-05,CUP-008,CUP,339,1692,769,3553.2,低库存预警,14
2024-05-05,CUP-014,CUP,262,633,770,11932.05,正常,19
2024-05-05,TLP-017,TLP,298,1053,128,30463.29,低库存预警,21
2024-05-05,BUM-001,BUM,225,1036,370,5376.84,低库存预警,29
2024-05-05,VEN-012,VEN,140,1759,304,26297.05,正常,1
2024-05-05,CUP-015,CUP,369,1561,111,47563.67,过库存,26
2024-05-05,DRH-023,DRH,135,321,205,2638.62,过库存,3
2024-05-05,HND-008,HND,199,1144,134,28348.32,低库存预警,16
2024-05-05,BUM-011,BUM,216,978,437,28049.04,正常,26
2024-05-05,TLP-016,TLP,497,182,338,4701.06,过库存,12
2024-05-05,DUO-010,DUO,120,1411,488,21503.64,过库存,23
2024-05-05,TLP-021,TLP,67,1443,748,12525.24,正常,2
2024-05-05,TLM-010,TLM,450,643,322,6404.28,过库存,2
2024-05-05,TLM-027,TLM,305,1987,472,30023.57,正常,25
2024-05-06,HND-005,HND,485,331,368,9185.25,低库存预警,28
2024-05-06,TLM-026,TLM,301,357,469,6640.2,正常,8
2024-05-06,VEN-018,VEN,187,1389,300,8611.8,正常,20
2024-05-06,DRH-007,DRH,127,603,717,5294.34,过库存,17
2024-05-06,TLP-012,TLP,461,1618,323,34544.3,正常,20
2024-05-06,DRH-021,DRH,287,1210,568,4634.3,正常,26
2024-05-06,HND-025,HND,393,1293,340,11818.02,正常,23
2024-05-06,TLM-007,TLM,210,902,479,3003.66,低库存预警,9
2024-05-06,HND-019,HND,220,1235,368,26527.8,正常,12
2024-05-06,LFR-020,LFR,43,1057,124,32851.56,正常,25
2024-05-06,HND-002,HND,23,856,373,7875.2,正常,20
2024-05-06,DUO-004,DUO,4,138,262,2886.96,过库存,4
2024-05-06,LFR-006,LFR,363,1285,334,9663.2,正常,7
2024-05-06,HND-024,HND,35,480,501,10046.4,正常,26
2024-05-06,LRB-009,LRB,209,1141,260,30852.64,低库存预警,1
2024-05-06,VEN-024,VEN,110,454,666,6129.0,正常,29
2024-05-06,TLP-023,TLP,60,1219,455,31035.74,正常,5
2024-05-06,HND-001,HND,346,130,387,864.5,正常,19
2024-05-06,DUO-006,DUO,280,1409,364,46567.45,低库存预警,11
2024-05-06,TLP-024,TLP,407,886,104,3101.0,正常,12
2024-05-06,DRH-012,DRH,235,1075,558,26359.0,正常,16
2024-05-06,HND-021,HND,118,224,296,5956.16,正常,2
2024-05-06,TLM-009,TLM,255,480,792,9868.8,正常,29
2024-05-06,CUP-021,CUP,252,614,706,16866.58,过库存,0
2024-05-06,TLP-021,TLP,18,859,138,7456.12,正常,30
2024-05-06,CUP-011,CUP,354,228,632,6712.32,正常,6
2024-05-06,DRH-003,DRH,498,1889,388,17586.59,低库存预警,1
2024-05-06,TLP-006,TLP,100,159,435,4523.55,过库存,4
2024-05-06,CUP-020,CUP,17,637,358,3605.42,低库存预警,27
2024-05-06,LRB-006,LRB,20,1999,483,68325.82,正常,1
2024-05-06,LRB-007,LRB,418,1394,465,7206.98,过库存,28
2024-05-06,CUP-003,CUP,159,720,112,24624.0,低库存预警,4
2024-05-06,TLM-017,TLM,430,1280,106,17036.8,正常,20
2024-05-06,TLP-001,TLP,427,335,738,2576.15,过库存,11
2024-05-06,CUP-025,CUP,356,1627,780,53040.2,正常,6
2024-05-06,LRB-010,LRB,131,1130,642,13322.7,低库存预警,20
2024-05-06,TLM-002,TLM,475,1750,793,8697.5,低库存预警,23
2024-05-06,DRH-018,DRH,472,1233,677,25301.16,过库存,14
2024-05-06,TLP-019,TLP,226,657,595,1655.64,低库存预警,12
2024-05-06,DRH-020,DRH,366,1601,645,48574.34,过库存,16
2024-05-06,TLP-004,TLP,362,492,625,4182.0,正常,10
2024-05-06,BUM-010,BUM,487,1983,696,62087.73,正常,4
2024-05-06,VEN-020,VEN,27,1611,333,3109.23,正常,9
2024-05-06,BUM-019,BUM,119,1563,438,29181.21,正常,6
2024-05-06,VEN-021,VEN,281,1131,162,33647.25,正常,22
2024-05-06,TLM-028,TLM,42,1507,648,49746.07,正常,2
2024-05-06,TLP-020,TLP,166,1416,261,2463.84,正常,13
2024-05-06,LFR-011,LFR,153,1479,430,29239.83,正常,4
2024-05-06,VEN-027,VEN,165,1918,589,17223.64,正常,22
2024-05-06,VEN-017,VEN,317,1910,360,43280.6,过库存,18
2024-05-06,TLM-027,TLM,44,1601,348,24191.11,低库存预警,23
2024-05-06,BUM-009,BUM,434,1566,152,34655.58,正常,22
2024-05-06,CUP-017,CUP,190,972,222,12043.08,正常,28
2024-05-06,CUP-010,CUP,243,404,600,11598.84,正常,24
2024-05-06,HND-023,HND,54,1390,118,13107.7,过库存,21
2024-05-06,LRB-015,LRB,281,3,493,63.42,低库存预警,8
2024-05-06,TLP-003,TLP,299,717,358,10826.7,正常,5
2024-05-06,VEN-005,VEN,120,577,304,10507.17,正常,10
2024-05-06,TLM-011,TLM,389,523,408,17980.74,低库存预警,4
2024-05-06,CUP-001,CUP,185,928,561,6124.8,过库存,7
2024-05-07,TLM-015,TLM,322,1642,217,12232.9,低库存预警,26
2024-05-07,HND-021,HND,14,322,183,8561.98,正常,5
2024-05-07,WLC-008,WLC,22,1022,516,17322.9,低库存预警,6
2024-05-07,DRH-007,DRH,480,635,458,5575.3,过库存,9
2024-05-07,CUP-022,CUP,122,1751,389,26580.18,低库存预警,27
2024-05-07,WLC-002,WLC,25,1752,281,45236.64,过库存,12
2024-05-07,BUM-016,BUM,399,1977,190,17358.06,正常,5
2024-05-07,DRH-005,DRH,409,959,775,24703.84,正常,26
2024-05-07,TLP-017,TLP,318,83,725,2401.19,正常,8
2024-05-07,LRB-019,LRB,217,928,264,31422.08,低库存预警,2
2024-05-07,DRH-014,DRH,8,1435,534,10862.95,正常,25
2024-05-07,WLC-019,WLC,398,63,799,1239.84,正常,2
2024-05-07,CUP-012,CUP,101,709,225,10904.42,正常,25
2024-05-07,LFR-003,LFR,420,646,462,17202.98,正常,21
2024-05-07,HND-002,HND,315,1879,568,17286.8,正常,30
2024-05-07,VEN-030,VEN,467,1877,467,21735.66,过库存,9
2024-05-07,DUO-010,DUO,251,298,566,4541.52,低库存预警,22
2024-05-07,VEN-001,VEN,393,1738,424,6083.0,低库存预警,1
2024-05-07,TLM-007,TLM,67,1890,507,6293.7,正常,19
2024-05-07,DRH-008,DRH,105,1340,399,46725.8,正常,3
2024-05-07,WLC-003,WLC,300,1710,181,12414.6,正常,1
2024-05-07,TLM-012,TLM,188,232,706,6857.92,正常,13
2024-05-07,CUP-009,CUP,284,554,699,16769.58,正常,27
2024-05-07,TLP-018,TLP,173,710,140,12673.5,正常,1
2024-05-07,DUO-007,DUO,489,1935,194,23490.9,低库存预警,10
2024-05-07,CUP-021,CUP,349,376,408,10328.72,正常,3
2024-05-07,DRH-004,DRH,472,126,543,1887.48,过库存,28
2024-05-07,TLP-015,TLP,367,1896,395,38204.4,过库存,27
2024-05-07,TLM-018,TLM,254,1453,355,43052.39,正常,27
2024-05-07,VEN-018,VEN,496,1251,489,7756.2,正常,27
2024-05-07,LFR-011,LFR,286,192,775,3795.84,过库存,20
2024-05-07,DUO-022,DUO,228,502,130,1927.68,正常,18
2024-05-07,TLP-022,TLP,500,1821,160,42902.76,正常,19
2024-05-07,WLC-012,WLC,128,637,229,7567.56,低库存预警,14
2024-05-07,WLC-007,WLC,457,1719,529,59133.6,正常,27
2024-05-07,VEN-003,VEN,405,369,663,10837.53,正常,5
2024-05-07,WLC-001,WLC,124,1212,696,22373.52,低库存预警,19
2024-05-07,BUM-008,BUM,319,1020,301,30987.6,过库存,28
2024-05-07,BUM-013,BUM,92,2,128,11.7,正常,1
2024-05-07,HND-020,HND,421,216,183,2127.6,过库存,14
2024-05-07,HND-001,HND,40,1049,528,6975.85,过库存,26
2024-05-07,TLP-019,TLP,5,1917,729,4830.84,正常,15
2024-05-07,BUM-003,BUM,23,1351,795,23858.66,正常,27
2024-05-07,LRB-009,LRB,232,29,767,784.16,正常,28
2024-05-07,CUP-023,CUP,477,1520,682,19273.6,正常,20
2024-05-07,DRH-010,DRH,453,670,134,4395.2,低库存预警,6
2024-05-07,HND-017,HND,339,324,506,7121.52,正常,8
2024-05-07,TLM-026,TLM,311,312,308,5803.2,过库存,25
2024-05-07,VEN-004,VEN,73,256,466,8284.16,正常,16
2024-05-07,VEN-014,VEN,189,469,737,3329.9,低库存预警,11
2024-05-07,BUM-022,BUM,268,1550,662,24474.5,低库存预警,19
2024-05-07,LRB-003,LRB,317,669,220,13139.16,正常,0
2024-05-07,TLP-009,TLP,47,466,357,11910.96,过库存,6
2024-05-07,VEN-011,VEN,57,1834,375,59256.54,过库存,15
2024-05-07,BUM-023,BUM,141,1651,309,10252.71,低库存预警,7
2024-05-07,VEN-023,VEN,163,1525,531,11559.5,正常,5
2024-05-07,DUO-017,DUO,298,1268,215,17092.64,低库存预警,12
2024-05-07,DUO-008,DUO,290,1029,786,9950.43,过库存,22
2024-05-07,DRH-006,DRH,129,53,649,945.52,正常,20
2024-05-07,HND-028,HND,207,425,529,4118.25,低库存预警,3
2024-05-08,TLP-012,TLP,257,1187,420,25342.45,正常,20
2024-05-08,CUP-015,CUP,422,684,682,20841.48,过库存,19
2024-05-08,TLM-020,TLM,79,433,726,13648.16,正常,13
2024-05-08,BUM-012,BUM,342,1884,421,49699.92,正常,11
2024-05-08,TLM-022,TLM,238,863,146,3624.6,正常,1
2024-05-08,LRB-021,LRB,495,1887,166,20587.17,低库存预警,20
2024-05-08,LRB-010,LRB,403,290,516,3419.1,低库存预警,27
2024-05-08,BUM-015,BUM,104,25,292,285.5,正常,14
2024-05-08,TLM-023,TLM,218,511,492,15718.36,低库存预警,16
2024-05-08,CUP-017,CUP,474,1318,126,16330.02,正常,16
2024-05-08,LRB-012,LRB,80,194,798,801.22,过库存,7
2024-05-08,HND-028,HND,199,417,303,4040.73,低库存预警,26
2024-05-08,HND-019,HND,332,143,243,3071.64,正常,28
2024-05-08,VEN-030,VEN,90,101,295,1169.58,正常,4
2024-05-08,LRB-005,LRB,23,1031,359,25311.05,过库存,4
2024-05-08,BUM-021,BUM,372,190,269,4320.6,正常,14
2024-05-08,DRH-008,DRH,379,1129,230,39368.23,正常,25
2024-05-08,TLP-009,TLP,202,821,161,20984.76,正常,11
2024-05-08,CUP-027,CUP,332,421,420,8441.05,过库存,26
2024-05-08,DRH-002,DRH,499,1844,583,17315.16,正常,19
2024-05-08,DRH-025,DRH,197,1595,275,16763.45,正常,10
2024-05-08,BUM-007,BUM,156,1021,466,10352.94,正常,13
2024-05-08,DUO-016,DUO,499,918,429,20847.78,正常,30
2024-05-08,TLM-008,TLM,489,708,686,16489.32,正常,17
2024-05-08,DUO-020,DUO,461,142,623,3014.66,正常,26
2024-05-08,DRH-012,DRH,392,947,279,23220.44,正常,21
2024-05-08,BUM-022,BUM,321,1144,307,18063.76,正常,7
2024-05-08,CUP-012,CUP,380,1143,661,17579.34,正常,16
2024-05-08,VEN-013,VEN,70,865,658,26927.45,低库存预警,7
2024-05-08,DRH-023,DRH,76,307,427,2523.54,正常,9
2024-05-08,LRB-017,LRB,108,943,580,23999.35,正常,9
2024-05-08,HND-011,HND,291,1158,246,13143.3,正常,27
2024-05-08,TLM-019,TLM,150,419,649,12356.31,过库存,30
2024-05-08,DUO-014,DUO,126,332,358,3847.88,正常,26
2024-05-08,LRB-006,LRB,141,1397,467,47749.46,正常,19
2024-05-08,WLC-020,WLC,140,55,710,648.45,正常,16
2024-05-08,HND-005,HND,25,1369,610,37989.75,过库存,0
2024-05-08,VEN-023,VEN,405,927,561,7026.66,正常,24
2024-05-08,BUM-013,BUM,401,1479,353,8652.15,正常,21
2024-05-08,VEN-009,VEN,158,62,404,564.2,正常,17
2024-05-08,WLC-002,WLC,252,1154,362,29796.28,低库存预警,20
2024-05-08,BUM-020,BUM,260,1579,392,53670.21,正常,1
2024-05-08,WLC-013,WLC,164,1760,273,41184.0,过库存,21
2024-05-08,TLM-014,TLM,5,785,406,16924.6,正常,23
2024-05-08,LRB-009,LRB,224,1712,687,46292.48,过库存,3
2024-05-08,DRH-006,DRH,413,1708,521,30470.72,正常,5
2024-05-08,HND-024,HND,128,1001,627,20950.93,正常,16
2024-05-08,LFR-010,LFR,470,562,372,11734.56,正常,19
2024-05-08,DRH-020,DRH,98,672,765,20388.48,过库存,30
2024-05-08,HND-001,HND,319,1397,455,9290.05,正常,0
2024-05-08,VEN-017,VEN,229,619,356,14026.54,正常,15
2024-05-08,VEN-016,VEN,310,1944,102,64910.16,正常,9
2024-05-08,VEN-005,VEN,155,1576,426,28698.96,过库存,3
2024-05-08,VEN-019,VEN,7,1364,480,23665.4,正常,25
2024-05-08,LRB-004,LRB,230,288,532,3767.04,过库存,13
2024-05-08,DUO-013,DUO,460,1962,429,6965.1,低库存预警,16
2024-05-08,DUO-015,DUO,161,1441,193,29857.52,正常,24
2024-05-08,VEN-027,VEN,295,1789,601,16065.22,正常,30
2024-05-08,BUM-018,BUM,325,220,632,3616.8,过库存,21
2024-05-08,TLM-003,TLM,365,1297,212,10531.64,正常,19
2024-05-09,TLM-018,TLM,448,1076,114,31881.88,低库存预警,12
2024-05-09,WLC-022,WLC,276,1279,349,42961.61,正常,4
2024-05-09,CUP-008,CUP,21,332,750,697.2,过库存,15
2024-05-09,HND-007,HND,73,969,656,3798.48,正常,8
2024-05-09,LFR-009,LFR,54,138,230,2268.72,过库存,0
2024-05-09,TLM-001,TLM,179,1921,448,13120.43,正常,22
2024-05-09,DUO-018,DUO,297,415,321,1062.4,过库存,24
2024-05-09,CUP-013,CUP,232,320,590,6208.0,正常,7
2024-05-09,TLM-010,TLM,396,1792,233,17848.32,低库存预警,13
2024-05-09,HND-012,HND,114,1799,780,7699.72,过库存,10
2024-05-09,HND-005,HND,50,1800,499,49950.0,正常,12
2024-05-09,VEN-004,VEN,431,909,283,29415.24,过库存,17
2024-05-09,BUM-027,BUM,445,843,707,7140.21,正常,10
2024-05-09,BUM-014,BUM,140,39,273,295.62,正常,20
2024-05-09,TLP-012,TLP,408,1933,396,41269.55,正常,24
2024-05-09,TLM-004,TLM,75,1770,418,57436.5,正常,25
2024-05-09,HND-019,HND,298,1649,321,35420.52,正常,21
2024-05-09,BUM-024,BUM,44,1410,685,39127.5,正常,1
2024-05-09,DRH-028,DRH,272,1235,159,32517.55,正常,12
2024-05-09,LFR-018,LFR,380,97,670,2358.07,低库存预警,29
2024-05-09,TLP-013,TLP,255,1114,510,2584.48,正常,25
2024-05-09,CUP-006,CUP,366,866,570,16445.34,正常,23
2024-05-09,BUM-013,BUM,313,604,680,3533.4,正常,2
2024-05-09,CUP-016,CUP,457,1298,628,19612.78,正常,19
2024-05-09,LRB-016,LRB,232,390,454,9274.2,正常,26
2024-05-09,DRH-003,DRH,343,1978,511,18415.18,正常,7
2024-05-09,TLP-015,TLP,106,1217,556,24522.55,正常,29
2024-05-09,WLC-012,WLC,359,589,729,6997.32,过库存,5
2024-05-09,CUP-028,CUP,258,1008,233,12287.52,低库存预警,29
2024-05-09,VEN-016,VEN,262,1031,155,34425.09,正常,1
2024-05-09,BUM-025,BUM,222,1910,612,43013.2,正常,23
2024-05-09,TLM-007,TLM,149,408,596,1358.64,低库存预警,9
2024-05-09,LFR-012,LFR,180,916,353,16332.28,正常,1
2024-05-09,DRH-009,DRH,44,292,141,3778.48,正常,26
2024-05-09,TLP-010,TLP,363,703,409,3297.07,低库存预警,17
2024-05-09,LRB-006,LRB,127,261,785,8920.98,正常,16
2024-05-09,TLP-008,TLP,12,875,447,20930.0,过库存,9
2024-05-09,BUM-016,BUM,325,168,459,1475.04,正常,24
2024-05-09,TLM-023,TLM,405,752,298,23131.52,正常,14
2024-05-09,DRH-030,DRH,496,603,730,3250.17,正常,23
2024-05-09,WLC-002,WLC,21,1652,591,42654.64,过库存,20
2024-05-09,CUP-019,CUP,61,446,491,7760.4,正常,7
2024-05-09,BUM-012,BUM,191,1078,399,28437.64,低库存预警,13
2024-05-09,WLC-019,WLC,234,1014,254,19955.52,正常,26
2024-05-09,TLM-011,TLM,156,1256,782,43181.28,正常,13
2024-05-09,BUM-021,BUM,17,448,768,10187.52,低库存预警,21
2024-05-09,LRB-003,LRB,327,584,602,11469.76,低库存预警,4
2024-05-09,LRB-002,LRB,331,145,403,3739.55,低库存预警,9
2024-05-09,BUM-002,BUM,468,889,448,19264.63,低库存预警,2
2024-05-09,LRB-010,LRB,76,805,107,9490.95,正常,18
2024-05-09,DUO-008,DUO,342,246,248,2378.82,过库存,3
2024-05-09,TLM-015,TLM,410,1085,480,8083.25,正常,24
2024-05-09,LRB-004,LRB,69,1317,669,17226.36,过库存,5
2024-05-09,VEN-007,VEN,253,1297,670,19714.4,正常,17
2024-05-09,HND-020,HND,13,1221,407,12026.85,正常,20
2024-05-09,HND-009,HND,67,1568,296,47761.28,过库存,22
2024-05-09,LFR-015,LFR,48,1410,362,6866.7,正常,25
2024-05-09,TLM-003,TLM,280,1910,797,15509.2,正常,19
2024-05-09,LRB-012,LRB,54,722,652,2981.86,正常,23
2024-05-09,DUO-023,DUO,164,275,286,8981.5,正常,27
2024-05-10,HND-012,HND,490,224,274,958.72,正常,15
2024-05-10,TLM-016,TLM,464,1095,648,37963.65,正常,18
2024-05-10,LRB-002,LRB,441,1881,643,48510.99,正常,5
2024-05-10,DUO-014,DUO,415,1198,705,13884.82,低库存预警,12
2024-05-10,BUM-010,BUM,454,575,639,18003.25,正常,6
2024-05-10,TLM-026,TLM,446,512,624,9523.2,过库存,30
2024-05-10,TLM-024,TLM,484,247,394,4016.22,过库存,1
2024-05-10,DRH-025,DRH,246,335,322,3520.85,低库存预警,5
2024-05-10,VEN-022,VEN,193,644,262,21606.2,过库存,20
2024-05-10,LRB-007,LRB,259,1617,520,8359.89,过库存,2
2024-05-10,VEN-003,VEN,132,1800,720,52866.0,正常,1
2024-05-10,TLP-011,TLP,492,936,554,32076.72,低库存预警,9
2024-05-10,CUP-029,CUP,356,1721,762,3872.25,正常,6
2024-05-10,VEN-029,VEN,411,26,432,301.34,正常,26
2024-05-10,LFR-002,LFR,131,1134,519,12292.56,正常,17
2024-05-10,CUP-023,CUP,164,637,315,8077.16,过库存,13
2024-05-10,VEN-021,VEN,465,700,322,20825.0,正常,1
2024-05-10,VEN-020,VEN,237,1867,197,3603.31,过库存,21
2024-05-10,TLP-018,TLP,446,235,650,4194.75,正常,18
2024-05-10,TLP-023,TLP,154,392,697,9980.32,正常,11
2024-05-10,WLC-005,WLC,383,638,717,2449.92,正常,18
2024-05-10,LRB-005,LRB,437,914,383,22438.7,过库存,0
2024-05-10,VEN-005,VEN,462,1204,688,21924.84,正常,21
2024-05-10,VEN-013,VEN,33,577,786,17962.01,正常,10
2024-05-10,CUP-016,CUP,368,1374,182,20761.14,正常,1
2024-05-10,CUP-006,CUP,54,1607,441,30516.93,低库存预警,19
2024-05-10,LFR-016,LFR,305,1473,584,24761.13,过库存,17
2024-05-10,TLP-010,TLP,481,1755,282,8230.95,正常,24
2024-05-10,HND-024,HND,31,751,602,15718.43,过库存,16
2024-05-10,DUO-012,DUO,209,1138,218,13007.34,正常,28
2024-05-10,CUP-024,CUP,75,1191,286,2203.35,正常,23
2024-05-10,CUP-009,CUP,99,1472,405,44557.44,正常,23
2024-05-10,BUM-019,BUM,11,1473,210,27500.91,低库存预警,5
2024-05-10,WLC-003,WLC,211,1146,172,8319.96,正常,10
2024-05-10,CUP-027,CUP,171,240,740,4812.0,正常,13
2024-05-10,TLM-006,TLM,319,328,345,2240.24,正常,4
2024-05-10,LRB-008,LRB,455,1483,194,46521.71,正常,4
2024-05-10,HND-011,HND,203,1253,217,14221.55,正常,27
2024-05-10,LFR-003,LFR,137,828,147,22049.64,正常,1
2024-05-10,BUM-026,BUM,111,1682,228,18636.56,正常,7
2024-05-10,TLM-011,TLM,472,1064,333,36580.32,正常,9
2024-05-10,TLP-022,TLP,395,513,268,12086.28,正常,18
2024-05-10,DRH-029,DRH,358,778,535,14820.9,低库存预警,4
2024-05-10,BUM-014,BUM,415,360,792,2728.8,正常,2
2024-05-10,DUO-007,DUO,200,1898,788,23041.72,低库存预警,12
2024-05-10,LFR-006,LFR,131,983,393,7392.16,低库存预警,9
2024-05-10,VEN-026,VEN,455,364,476,7724.08,正常,8
2024-05-10,CUP-001,CUP,450,52,530,343.2,正常,29
2024-05-10,BUM-012,BUM,194,305,286,8045.9,正常,17
2024-05-10,TLM-010,TLM,500,397,597,3954.12,过库存,15
2024-05-10,WLC-016,WLC,183,1930,432,59810.7,正常,8
2024-05-10,LFR-007,LFR,466,782,146,2721.36,正常,12
2024-05-10,DRH-028,DRH,255,808,481,21274.64,正常,8
2024-05-10,DRH-003,DRH,458,1934,328,18005.54,正常,25
2024-05-10,TLP-012,TLP,268,1478,147,31555.3,正常,1
2024-05-10,LRB-021,LRB,114,543,223,5924.13,正常,9
2024-05-10,CUP-020,CUP,77,973,181,5507.18,正常,15
2024-05-10,TLP-013,TLP,382,1649,428,3825.68,正常,17
2024-05-10,TLP-002,TLP,434,542,357,3598.88,正常,27
2024-05-10,BUM-015,BUM,360,1858,150,21218.36,低库存预警,22
2024-05-11,TLM-005,TLM,114,905,726,19330.8,正常,29
2024-05-11,DUO-019,DUO,65,1309,763,19137.58,过库存,28
2024-05-11,HND-013,HND,364,1177,376,19750.06,正常,13
2024-05-11,CUP-008,CUP,13,1650,255,3465.0,正常,27
2024-05-11,LFR-004,LFR,108,310,297,5781.5,正常,27
2024-05-11,BUM-015,BUM,313,461,536,5264.62,过库存,9
2024-05-11,TLM-010,TLM,407,305,152,3037.8,低库存预警,29
2024-05-11,CUP-028,CUP,499,236,118,2876.84,正常,13
2024-05-11,HND-014,HND,492,695,441,15762.6,正常,18
2024-05-11,TLP-009,TLP,489,179,145,4575.24,正常,17
2024-05-11,BUM-027,BUM,344,831,274,7038.57,过库存,25
2024-05-11,TLP-013,TLP,477,539,714,1250.48,低库存预警,17
2024-05-11,LFR-011,LFR,232,1046,621,20679.42,低库存预警,26
2024-05-11,CUP-029,CUP,476,1270,167,2857.5,正常,28
2024-05-11,CUP-016,CUP,450,608,726,9186.88,正常,13
2024-05-11,BUM-017,BUM,46,811,501,4752.46,低库存预警,30
2024-05-11,LRB-013,LRB,211,120,178,4123.2,正常,8
2024-05-11,HND-007,HND,238,440,768,1724.8,正常,30
2024-05-11,CUP-004,CUP,176,1276,559,43600.92,正常,21
2024-05-11,WLC-018,WLC,367,497,663,16162.44,正常,22
2024-05-11,LRB-021,LRB,367,1859,109,20281.69,正常,22
2024-05-11,LFR-002,LFR,8,193,621,2092.12,低库存预警,13
2024-05-11,TLM-020,TLM,281,1017,175,32055.84,正常,30
2024-05-11,TLP-019,TLP,313,1739,514,4382.28,正常,21
2024-05-11,HND-028,HND,141,233,129,2257.77,正常,10
2024-05-11,TLP-017,TLP,109,76,632,2198.68,正常,8
2024-05-11,LRB-009,LRB,397,5,619,135.2,正常,30
2024-05-11,DUO-008,DUO,233,1494,100,14446.98,正常,11
2024-05-11,DUO-001,DUO,20,1038,556,18964.26,低库存预警,17
2024-05-11,TLM-019,TLM,15,877,301,25862.73,低库存预警,16
2024-05-11,LRB-004,LRB,376,314,594,4107.12,正常,11
2024-05-11,LFR-021,LFR,374,624,714,12211.68,正常,23
2024-05-11,LRB-003,LRB,29,1724,760,33859.36,正常,10
2024-05-11,VEN-011,VEN,471,689,144,22261.59,过库存,26
2024-05-11,DUO-015,DUO,175,621,698,12867.12,正常,13
2024-05-11,LFR-006,LFR,392,1617,745,12159.84,正常,22
2024-05-11,HND-023,HND,137,1223,794,11532.89,低库存预警,24
2024-05-11,TLP-014,TLP,105,333,559,10819.17,低库存预警,20
2024-05-11,DRH-022,DRH,232,1479,352,18029.01,正常,8
2024-05-11,HND-015,HND,303,1381,796,19154.47,过库存,17
2024-05-11,HND-018,HND,236,1099,729,2582.65,低库存预警,1
2024-05-11,DRH-020,DRH,58,173,215,5248.82,正常,5
2024-05-11,DUO-014,DUO,455,1204,664,13954.36,过库存,25
2024-05-11,TLP-016,TLP,11,1012,636,26139.96,低库存预警,13
2024-05-11,TLP-003,TLP,0,504,132,7610.4,低库存预警,13
2024-05-11,CUP-024,CUP,478,1867,263,3453.95,正常,12
2024-05-11,CUP-009,CUP,492,1759,176,53244.93,过库存,10
2024-05-11,HND-004,HND,90,883,302,11470.17,低库存预警,15
2024-05-11,LFR-003,LFR,205,424,658,11291.12,过库存,21
2024-05-11,BUM-022,BUM,362,1325,765,20921.75,正常,12
2024-05-11,BUM-001,BUM,403,124,579,643.56,过库存,27
2024-05-11,WLC-025,WLC,224,97,760,2580.2,正常,14
2024-05-11,VEN-010,VEN,324,285,125,3733.5,低库存预警,17
2024-05-11,LFR-008,LFR,461,580,541,11495.6,正常,0
2024-05-11,DRH-008,DRH,170,890,785,31034.3,正常,23
2024-05-11,LRB-020,LRB,439,538,271,11766.06,正常,2
2024-05-11,DUO-025,DUO,424,1193,734,14518.81,正常,10
2024-05-11,TLM-007,TLM,229,764,488,2544.12,正常,1
2024-05-11,TLM-006,TLM,112,235,444,1605.05,过库存,1
2024-05-11,CUP-017,CUP,53,643,191,7966.77,正常,1
2024-05-12,VEN-025,VEN,91,1285,198,17437.45,过库存,5
2024-05-12,VEN-020,VEN,375,464,119,895.52,正常,27
2024-05-12,DUO-001,DUO,243,239,289,4366.53,正常,13
2024-05-12,WLC-004,WLC,161,790,774,5206.1,过库存,27
2024-05-12,BUM-003,BUM,370,307,413,5421.62,正常,19
2024-05-12,DRH-005,DRH,109,1586,604,40855.36,低库存预警,27
2024-05-12,TLM-021,TLM,218,229,611,1573.23,过库存,11
2024-05-12,CUP-005,CUP,497,1187,643,39028.56,过库存,26
2024-05-12,LRB-004,LRB,357,1028,131,13446.24,正常,21
2024-05-12,CUP-028,CUP,142,1403,477,17102.57,正常,18
2024-05-12,WLC-023,WLC,41,1418,656,33918.56,低库存预警,17
2024-05-12,VEN-013,VEN,57,442,298,13759.46,正常,16
2024-05-12,TLP-005,TLP,481,444,534,2553.0,正常,3
2024-05-12,TLM-017,TLM,360,956,770,12724.36,低库存预警,12
2024-05-12,TLM-023,TLM,16,1368,323,42079.68,过库存,8
2024-05-12,LRB-012,LRB,144,1998,666,8251.74,正常,0
2024-05-12,DRH-027,DRH,296,684,309,17065.8,正常,22
2024-05-12,WLC-014,WLC,299,788,318,6808.32,正常,13
2024-05-12,HND-009,HND,132,838,579,25525.48,过库存,30
2024-05-12,TLM-003,TLM,16,1708,134,13868.96,正常,0
2024-05-12,TLP-022,TLP,453,510,648,12015.6,过库存,9
2024-05-12,TLM-025,TLM,13,1286,442,17335.28,正常,8
2024-05-12,LFR-016,LFR,344,1855,451,31182.55,正常,20
2024-05-12,HND-004,HND,290,344,408,4468.56,低库存预警,14
2024-05-12,CUP-030,CUP,233,732,696,18724.56,低库存预警,3
2024-05-12,HND-001,HND,291,129,642,857.85,过库存,25
2024-05-12,VEN-022,VEN,48,642,362,21539.1,过库存,23
2024-05-12,WLC-002,WLC,221,1807,621,46656.74,正常,8
2024-05-12,CUP-013,CUP,262,1401,632,27179.4,低库存预警,1
2024-05-12,BUM-014,BUM,3,576,577,4366.08,过库存,20
2024-05-12,HND-024,HND,151,1252,752,26204.36,低库存预警,26
2024-05-12,LFR-009,LFR,190,1063,559,17475.72,正常,13
2024-05-12,HND-002,HND,156,1400,623,12880.0,过库存,11
2024-05-12,TLP-010,TLP,8,1391,411,6523.79,正常,18
2024-05-12,DUO-010,DUO,16,1110,395,16916.4,正常,20
2024-05-12,TLM-009,TLM,500,1972,183,40544.32,正常,15
2024-05-12,BUM-001,BUM,28,295,127,1531.05,过库存,4
2024-05-12,BUM-024,BUM,0,678,338,18814.5,正常,4
2024-05-12,TLM-018,TLM,86,1133,778,33570.79,正常,4
2024-05-12,HND-013,HND,187,1505,437,25253.9,正常,13
2024-05-12,BUM-026,BUM,21,1881,393,20841.48,过库存,16
2024-05-12,WLC-011,WLC,303,1158,100,18933.3,低库存预警,19
2024-05-12,DRH-020,DRH,310,116,503,3519.44,正常,9
2024-05-12,DUO-008,DUO,78,306,221,2959.02,正常,23
2024-05-12,BUM-023,BUM,346,1553,768,9644.13,正常,1
2024-05-12,DRH-001,DRH,155,381,679,11403.33,正常,9
2024-05-12,HND-015,HND,444,1665,413,23093.55,正常,10
2024-05-12,HND-005,HND,145,130,141,3607.5,正常,5
2024-05-12,VEN-014,VEN,51,1910,653,13561.0,低库存预警,26
2024-05-12,HND-010,HND,277,1358,770,43904.14,过库存,25
2024-05-12,DUO-005,DUO,358,1969,798,23470.48,正常,7
2024-05-12,BUM-020,BUM,432,207,776,7035.93,低库存预警,25
2024-05-12,DUO-004,DUO,214,212,275,4435.04,低库存预警,23
2024-05-12,VEN-007,VEN,6,1375,557,20900.0,过库存,2
2024-05-12,WLC-017,WLC,106,1023,397,2639.34,正常,16
2024-05-12,DRH-029,DRH,16,459,247,8743.95,低库存预警,0
2024-05-12,VEN-002,VEN,231,1383,432,46136.88,低库存预警,1
2024-05-12,DUO-014,DUO,178,388,492,4496.92,过库存,30
2024-05-12,TLP-012,TLP,238,1967,460,41995.45,过库存,25
2024-05-12,LRB-003,LRB,423,1048,645,20582.72,正常,4
2024-05-13,LFR-007,LFR,58,502,400,1746.96,正常,8
2024-05-13,VEN-029,VEN,79,1800,542,20862.0,低库存预警,22
2024-05-13,LRB-011,LRB,146,828,244,4388.4,正常,1
2024-05-13,DUO-013,DUO,33,1220,210,4331.0,过库存,15
2024-05-13,TLM-004,TLM,486,1965,583,63764.25,低库存预警,13
2024-05-13,TLP-014,TLP,333,1821,634,59164.29,正常,17
2024-05-13,LFR-018,LFR,464,402,248,9772.62,正常,5
2024-05-13,DUO-008,DUO,302,1342,671,12977.14,正常,30
2024-05-13,HND-009,HND,179,1895,655,57721.7,过库存,30
2024-05-13,DUO-022,DUO,299,1536,424,5898.24,正常,19
2024-05-13,CUP-005,CUP,359,1402,498,46097.76,正常,0
2024-05-13,DRH-010,DRH,263,1360,483,8921.6,正常,16
2024-05-13,LRB-016,LRB,355,367,734,8727.26,正常,16
2024-05-13,WLC-001,WLC,49,279,151,5150.34,正常,11
2024-05-13,LRB-003,LRB,227,1540,135,30245.6,正常,8
2024-05-13,TLP-020,TLP,100,52,452,90.48,正常,26
2024-05-13,LFR-008,LFR,343,1152,242,22832.64,正常,22
2024-05-13,LFR-017,LFR,55,1744,506,42152.48,正常,5
2024-05-13,VEN-027,VEN,106,170,265,1526.6,低库存预警,27
2024-05-13,DRH-029,DRH,31,1534,787,29222.7,正常,3
2024-05-13,TLM-010,TLM,86,1408,599,14023.68,正常,23
2024-05-13,LFR-001,LFR,243,428,511,1703.44,正常,13
2024-05-13,DUO-010,DUO,391,1694,767,25816.56,正常,12
2024-05-13,VEN-019,VEN,347,267,279,4632.45,低库存预警,15
2024-05-13,LFR-022,LFR,336,1103,328,38450.58,正常,28
2024-05-13,LRB-018,LRB,480,487,153,5279.08,低库存预警,5
2024-05-13,DRH-009,DRH,345,73,789,944.62,正常,14
2024-05-13,TLP-009,TLP,13,1213,218,31004.28,正常,7
2024-05-13,TLP-016,TLP,33,1456,350,37608.48,正常,19
2024-05-13,BUM-005,BUM,351,676,132,11160.76,正常,29
2024-05-13,BUM-008,BUM,420,897,711,27250.86,正常,18
2024-05-13,LRB-009,LRB,175,82,676,2217.28,正常,8
2024-05-13,VEN-006,VEN,468,1908,758,26635.68,正常,1
2024-05-13,LFR-011,LFR,233,711,189,14056.47,过库存,9
2024-05-13,LRB-012,LRB,169,188,200,776.44,过库存,3
2024-05-13,WLC-016,WLC,220,556,567,17230.44,正常,28
2024-05-13,CUP-019,CUP,303,1486,454,25856.4,正常,28
2024-05-13,VEN-030,VEN,276,1536,295,17786.88,过库存,4
2024-05-13,TLP-008,TLP,315,1184,254,28321.28,低库存预警,19
2024-05-13,CUP-020,CUP,63,178,320,1007.48,过库存,28
2024-05-13,HND-016,HND,202,1349,107,20518.29,正常,13
2024-05-13,LRB-001,LRB,336,1162,285,14652.82,低库存预警,5
2024-05-13,LFR-010,LFR,353,398,200,8310.24,过库存,3
2024-05-13,VEN-017,VEN,57,1467,312,33242.22,正常,9
2024-05-13,DUO-020,DUO,327,1452,546,30825.96,过库存,8
2024-05-13,BUM-015,BUM,232,1510,467,17244.2,低库存预警,28
2024-05-13,CUP-004,CUP,297,735,319,25114.95,正常,14
2024-05-13,LFR-002,LFR,26,1479,587,16032.36,正常,0
2024-05-13,BUM-014,BUM,40,1599,138,12120.42,正常,19
2024-05-13,TLM-002,TLM,260,504,547,2504.88,正常,9
2024-05-13,BUM-012,BUM,188,1079,560,28464.02,过库存,27
2024-05-13,TLM-008,TLM,217,1942,663,45229.18,正常,8
2024-05-13,CUP-018,CUP,16,1104,320,20390.88,过库存,6
2024-05-13,VEN-023,VEN,448,719,462,5450.02,正常,25
2024-05-13,WLC-006,WLC,372,1200,321,14292.0,正常,19
2024-05-13,TLM-009,TLM,282,1109,230,22801.04,低库存预警,18
2024-05-13,CUP-029,CUP,29,1678,682,3775.5,过库存,1
2024-05-13,DUO-012,DUO,414,111,404,1268.73,低库存预警,8
2024-05-13,TLM-027,TLM,74,220,546,3324.2,正常,22
2024-05-13,DRH-030,DRH,102,1337,398,7206.43,正常,24
2024-05-14,LFR-020,LFR,86,1168,446,36301.44,正常,4
2024-05-14,CUP-007,CUP,40,584,745,12339.92,正常,27
2024-05-14,DUO-021,DUO,470,1696,139,16010.24,正常,6
2024-05-14,HND-002,HND,216,604,105,5556.8,正常,2
2024-05-14,DUO-017,DUO,52,507,166,6834.36,过库存,5
2024-05-14,CUP-010,CUP,190,203,726,5828.13,正常,1
2024-05-14,CUP-022,CUP,339,236,348,3582.48,正常,28
2024-05-14,HND-005,HND,133,641,709,17787.75,过库存,15
2024-05-14,CUP-001,CUP,356,656,165,4329.6,正常,17
2024-05-14,DRH-014,DRH,276,190,221,1438.3,低库存预警,23
2024-05-14,VEN-006,VEN,249,445,210,6212.2,正常,29
2024-05-14,HND-024,HND,35,1558,280,32608.94,低库存预警,6
2024-05-14,TLM-013,TLM,207,948,686,27842.76,正常,17
2024-05-14,HND-003,HND,369,1145,391,12308.75,低库存预警,20
2024-05-14,DRH-005,DRH,493,1504,553,38743.04,过库存,2
2024-05-14,LRB-017,LRB,453,1992,438,50696.4,正常,20
2024-05-14,VEN-013,VEN,294,1473,285,45854.49,正常,26
2024-05-14,BUM-004,BUM,243,503,216,16261.99,过库存,22
2024-05-14,DUO-025,DUO,20,1788,701,21759.96,低库存预警,6
2024-05-14,HND-013,HND,46,1610,314,27015.8,正常,26
2024-05-14,DRH-022,DRH,447,442,165,5387.98,正常,11
2024-05-14,BUM-027,BUM,457,1182,658,10011.54,正常,19
2024-05-14,HND-014,HND,360,954,514,21636.72,正常,4
2024-05-14,HND-001,HND,22,1150,755,7647.5,正常,2
2024-05-14,LFR-018,LFR,208,1971,271,47915.01,正常,25
2024-05-14,TLP-010,TLP,441,1772,550,8310.68,正常,28
2024-05-14,LFR-022,LFR,164,1795,490,62573.7,过库存,6
2024-05-14,VEN-007,VEN,126,1160,601,17632.0,正常,18
2024-05-14,LFR-017,LFR,494,1964,246,47469.88,低库存预警,18
2024-05-14,HND-026,HND,144,1982,726,58687.02,正常,22
2024-05-14,LFR-006,LFR,216,1476,168,11099.52,低库存预警,24
2024-05-14,VEN-026,VEN,141,1045,358,22174.9,正常,21
2024-05-14,CUP-009,CUP,87,885,687,26788.95,正常,1
2024-05-14,DRH-011,DRH,352,1562,790,47562.9,低库存预警,1
2024-05-14,DRH-028,DRH,419,305,614,8030.65,低库存预警,29
2024-05-14,BUM-013,BUM,307,1800,202,10530.0,正常,6
2024-05-14,DUO-003,DUO,36,995,795,1582.05,正常,18
2024-05-14,BUM-008,BUM,86,1946,571,59119.48,正常,12
2024-05-14,WLC-020,WLC,278,1520,475,17920.8,正常,0
2024-05-14,LFR-011,LFR,250,687,668,13581.99,低库存预警,29
2024-05-14,LFR-021,LFR,165,12,414,234.84,过库存,27
2024-05-14,VEN-002,VEN,115,1223,568,40799.28,正常,17
2024-05-14,DUO-015,DUO,209,1657,730,34333.04,正常,30
2024-05-14,TLM-016,TLM,492,20,122,693.4,过库存,3
2024-05-14,WLC-010,WLC,484,1196,620,30103.32,正常,28
2024-05-14,CUP-018,CUP,432,1357,665,25063.79,低库存预警,29
2024-05-14,CUP-006,CUP,5,400,232,7596.0,正常,26
2024-05-14,TLM-011,TLM,346,84,130,2887.92,正常,14
2024-05-14,TLM-028,TLM,187,1504,132,49647.04,过库存,29
2024-05-14,VEN-023,VEN,320,21,647,159.18,低库存预警,15
2024-05-14,BUM-016,BUM,479,134,636,1176.52,正常,16
2024-05-14,BUM-007,BUM,459,1917,545,19438.38,低库存预警,23
2024-05-14,CUP-014,CUP,376,1760,757,33176.0,低库存预警,27
2024-05-14,TLM-007,TLM,223,1532,541,5101.56,正常,28
2024-05-14,LRB-019,LRB,308,1495,248,50620.7,正常,2
2024-05-14,BUM-002,BUM,229,923,306,20001.41,正常,3
2024-05-14,BUM-012,BUM,82,93,693,2453.34,过库存,8
2024-05-14,TLP-018,TLP,435,1886,233,33665.1,过库存,20
2024-05-14,BUM-028,BUM,352,1016,332,31719.52,正常,21
2024-05-14,VEN-021,VEN,155,162,402,4819.5,低库存预警,12
2024-05-15,BUM-004,BUM,60,1844,134,59616.52,低库存预警,8
2024-05-15,DRH-009,DRH,383,721,786,9329.74,正常,8
2024-05-15,BUM-022,BUM,429,755,744,11921.45,过库存,13
2024-05-15,TLP-005,TLP,80,1749,253,10056.75,正常,15
2024-05-15,WLC-007,WLC,112,1519,269,52253.6,低库存预警,29
2024-05-15,TLM-017,TLM,95,1335,244,17768.85,正常,15
2024-05-15,BUM-018,BUM,210,697,422,11458.68,正常,2
2024-05-15,HND-009,HND,414,355,333,10813.3,过库存,4
2024-05-15,TLP-016,TLP,282,1024,626,26449.92,过库存,7
2024-05-15,DRH-006,DRH,227,1006,268,17947.04,正常,14
2024-05-15,VEN-011,VEN,134,1616,208,52212.96,正常,15
2024-05-15,WLC-012,WLC,16,1658,533,19697.04,过库存,29
2024-05-15,TLP-007,TLP,398,621,705,7228.44,低库存预警,24
2024-05-15,LFR-019,LFR,268,1929,339,32214.3,低库存预警,15
2024-05-15,VEN-023,VEN,432,530,448,4017.4,低库存预警,3
2024-05-15,TLM-006,TLM,71,128,724,874.24,正常,9
2024-05-15,LFR-009,LFR,394,1732,798,28474.08,过库存,1
2024-05-15,VEN-030,VEN,435,1501,619,17381.58,过库存,16
2024-05-15,CUP-015,CUP,298,1540,264,46923.8,正常,15
2024-05-15,DUO-008,DUO,471,1537,280,14862.79,正常,27
2024-05-15,BUM-015,BUM,72,1732,645,19779.44,正常,22
2024-05-15,TLM-028,TLM,192,218,573,7196.18,低库存预警,7
2024-05-15,HND-028,HND,123,401,655,3885.69,过库存,24
2024-05-15,WLC-025,WLC,157,1648,712,43836.8,过库存,17
2024-05-15,CUP-020,CUP,43,1277,281,7227.82,正常,19
2024-05-15,VEN-022,VEN,163,1765,536,59215.75,低库存预警,16
2024-05-15,CUP-027,CUP,51,566,300,11348.3,低库存预警,7
2024-05-15,LRB-014,LRB,122,279,509,5289.84,正常,2
2024-05-15,CUP-003,CUP,418,957,158,32729.4,正常,13
2024-05-15,DRH-001,DRH,380,401,628,12001.93,过库存,16
2024-05-15,DRH-017,DRH,490,1079,216,5578.43,正常,12
2024-05-15,DRH-008,DRH,237,1109,708,38670.83,低库存预警,13
2024-05-15,VEN-012,VEN,310,282,734,4215.9,正常,6
2024-05-15,CUP-010,CUP,392,958,442,27504.18,正常,12
2024-05-15,LFR-015,LFR,430,1135,546,5527.45,正常,13
2024-05-15,TLM-019,TLM,184,505,415,14892.45,过库存,7
2024-05-15,TLM-008,TLM,162,85,678,1979.65,正常,3
2024-05-15,TLP-021,TLP,191,302,735,2621.36,低库存预警,26
2024-05-15,DRH-016,DRH,94,1161,587,22604.67,正常,27
2024-05-15,HND-007,HND,436,1458,566,5715.36,低库存预警,25
2024-05-15,BUM-016,BUM,27,1084,306,9517.52,过库存,10
2024-05-15,BUM-003,BUM,164,1439,728,25412.74,低库存预警,11
2024-05-15,LRB-019,LRB,80,1334,209,45169.24,过库存,4
2024-05-15,CUP-004,CUP,93,1621,787,55389.57,低库存预警,29
2024-05-15,VEN-029,VEN,427,1802,747,20885.18,低库存预警,3
2024-05-15,BUM-012,BUM,221,32,661,844.16,过库存,2
2024-05-15,LFR-005,LFR,120,1053,292,1800.63,正常,27
2024-05-15,HND-016,HND,317,1166,355,17734.86,正常,23
2024-05-15,WLC-004,WLC,282,1293,437,8520.87,正常,26
2024-05-15,DRH-015,DRH,311,613,461,4572.98,正常,22
2024-05-15,DRH-010,DRH,67,777,624,5097.12,正常,1
2024-05-15,TLM-014,TLM,441,1892,137,40791.52,正常,18
2024-05-15,WLC-011,WLC,447,1289,327,21075.15,正常,2
2024-05-15,BUM-019,BUM,324,1442,534,26922.14,正常,3
2024-05-15,CUP-024,CUP,100,1636,388,3026.6,过库存,24
2024-05-15,DRH-005,DRH,18,278,723,7161.28,正常,30
2024-05-15,DRH-012,DRH,229,1077,432,26408.04,低库存预警,13
2024-05-15,VEN-015,VEN,175,101,278,3214.83,低库存预警,25
2024-05-15,TLP-025,TLP,229,1460,282,4482.2,低库存预警,8
2024-05-15,TLP-022,TLP,223,1785,304,42054.6,低库存预警,4
2024-05-16,TLM-017,TLM,32,863,488,11486.53,低库存预警,7
2024-05-16,HND-023,HND,445,1264,357,11919.52,低库存预警,11
2024-05-16,VEN-004,VEN,251,319,469,10322.84,低库存预警,17
2024-05-16,VEN-023,VEN,169,698,311,5290.84,过库存,1
2024-05-16,DUO-024,DUO,199,1054,175,10381.9,低库存预警,18
2024-05-16,LRB-021,LRB,216,345,284,3763.95,低库存预警,27
2024-05-16,WLC-008,WLC,108,969,776,16424.55,正常,20
2024-05-16,VEN-026,VEN,480,1309,122,27776.98,过库存,26
2024-05-16,CUP-022,CUP,2,1928,522,29267.04,正常,5
2024-05-16,TLP-023,TLP,54,193,180,4913.78,过库存,29
2024-05-16,DRH-001,DRH,454,1392,719,41662.56,正常,11
2024-05-16,DUO-017,DUO,77,1560,717,21028.8,正常,23
2024-05-16,WLC-020,WLC,233,1928,458,22731.12,正常,21
2024-05-16,DRH-026,DRH,186,1248,241,3731.52,低库存预警,18
2024-05-16,VEN-005,VEN,72,1369,426,24929.49,过库存,0
2024-05-16,TLM-012,TLM,35,271,317,8010.76,低库存预警,17
2024-05-16,BUM-015,BUM,432,1482,688,16924.44,正常,20
2024-05-16,BUM-010,BUM,425,99,444,3099.69,低库存预警,8
2024-05-16,VEN-010,VEN,92,16,440,209.6,正常,25
2024-05-16,BUM-020,BUM,378,722,516,24540.78,正常,26
2024-05-16,WLC-022,WLC,224,1483,131,49813.97,过库存,3
2024-05-16,TLM-018,TLM,174,194,167,5748.22,低库存预警,14
2024-05-16,DUO-023,DUO,351,885,600,28904.1,正常,16
2024-05-16,TLP-020,TLP,154,536,760,932.64,正常,29
2024-05-16,BUM-027,BUM,176,893,677,7563.71,正常,6
2024-05-16,DUO-025,DUO,423,41,612,498.97,低库存预警,3
2024-05-16,CUP-007,CUP,405,882,535,18636.66,正常,22
2024-05-16,WLC-005,WLC,331,313,688,1201.92,正常,20
2024-05-16,DRH-017,DRH,178,570,575,2946.9,正常,17
2024-05-16,LFR-018,LFR,410,1607,377,39066.17,正常,12
2024-05-16,TLP-002,TLP,369,42,522,278.88,过库存,2
2024-05-16,TLM-013,TLM,56,185,396,5433.45,正常,2
2024-05-16,DUO-004,DUO,185,337,646,7050.04,正常,30
2024-05-16,TLP-013,TLP,124,1359,243,3152.88,过库存,10
2024-05-16,HND-025,HND,419,1132,551,10346.48,正常,22
2024-05-16,TLM-023,TLM,167,1334,583,41033.84,过库存,26
2024-05-16,TLM-027,TLM,412,1342,232,20277.62,正常,6
2024-05-16,VEN-027,VEN,359,395,278,3547.1,过库存,24
2024-05-16,LRB-007,LRB,342,1005,604,5195.85,过库存,11
2024-05-16,CUP-023,CUP,16,1349,684,17105.32,低库存预警,9
2024-05-16,BUM-011,BUM,71,157,711,4502.76,正常,12
2024-05-16,LFR-006,LFR,287,1468,677,11039.36,正常,0
2024-05-16,WLC-025,WLC,417,340,135,9044.0,低库存预警,1
2024-05-16,TLM-021,TLM,259,47,309,322.89,正常,24
2024-05-16,TLM-003,TLM,351,520,505,4222.4,正常,22
2024-05-16,TLP-025,TLP,215,1353,665,4153.71,正常,13
2024-05-16,LRB-003,LRB,240,1786,668,35077.04,正常,23
2024-05-16,TLP-003,TLP,81,1919,577,28976.9,正常,21
2024-05-16,TLM-024,TLM,243,1526,750,24812.76,正常,1
2024-05-16,HND-008,HND,194,59,751,1462.02,过库存,10
2024-05-16,LFR-008,LFR,492,1782,375,35319.24,正常,29
2024-05-16,HND-024,HND,347,59,462,1234.87,正常,23
2024-05-16,WLC-004,WLC,96,1669,219,10998.71,低库存预警,11
2024-05-16,DUO-001,DUO,132,107,115,1954.89,过库存,8
2024-05-16,DRH-030,DRH,436,1026,682,5530.14,正常,2
2024-05-16,BUM-014,BUM,82,960,178,7276.8,正常,26
2024-05-16,DRH-005,DRH,50,400,679,10304.0,正常,27
2024-05-16,TLM-008,TLM,294,1911,781,44507.19,低库存预警,6
2024-05-16,LFR-012,LFR,470,1149,546,20486.67,正常,8
2024-05-16,CUP-017,CUP,79,1102,136,13653.78,低库存预警,1
2024-05-17,VEN-028,VEN,177,90,786,1611.9,过库存,21
2024-05-17,TLM-028,TLM,434,181,733,5974.81,过库存,15
2024-05-17,HND-027,HND,162,382,139,9473.6,正常,4
2024-05-17,WLC-019,WLC,71,370,261,7281.6,低库存预警,15
2024-05-17,LRB-010,LRB,180,85,661,1002.15,正常,23
2024-05-17,TLM-024,TLM,65,1702,795,27674.52,过库存,26
2024-05-17,WLC-001,WLC,337,1426,782,26323.96,低库存预警,0
2024-05-17,DRH-024,DRH,259,1884,118,14977.8,低库存预警,15
2024-05-17,HND-020,HND,30,321,366,3161.85,正常,5
2024-05-17,DRH-022,DRH,129,115,215,1401.85,正常,7
2024-05-17,TLP-002,TLP,183,662,316,4395.68,正常,26
2024-05-17,VEN-013,VEN,390,621,720,19331.73,正常,21
2024-05-17,DRH-023,DRH,267,1767,686,14524.74,正常,6
2024-05-17,CUP-002,CUP,69,261,279,1252.8,正常,15
2024-05-17,VEN-011,VEN,145,1007,213,32536.17,正常,7
2024-05-17,VEN-004,VEN,230,927,226,29997.72,正常,17
2024-05-17,TLM-003,TLM,268,1600,139,12992.0,低库存预警,11
2024-05-17,HND-007,HND,468,532,204,2085.44,正常,9
2024-05-17,TLP-015,TLP,453,1900,216,38285.0,正常,2
2024-05-17,VEN-002,VEN,261,1341,446,44735.76,正常,24
2024-05-17,DRH-021,DRH,302,804,115,3079.32,正常,30
2024-05-17,LRB-021,LRB,280,597,278,6513.27,正常,20
2024-05-17,CUP-018,CUP,249,370,374,6833.9,过库存,26
2024-05-17,WLC-004,WLC,142,193,574,1271.87,过库存,8
2024-05-17,TLM-013,TLM,282,1364,528,40060.68,正常,9
2024-05-17,BUM-013,BUM,126,27,684,157.95,低库存预警,6
2024-05-17,TLM-026,TLM,482,410,117,7626.0,低库存预警,18
2024-05-17,TLM-020,TLM,118,1419,190,44726.88,正常,12
2024-05-17,VEN-005,VEN,255,1437,251,26167.77,正常,2
2024-05-17,TLM-005,TLM,335,389,783,8309.04,正常,5
2024-05-17,HND-016,HND,404,1026,177,15605.46,过库存,28
2024-05-17,LFR-017,LFR,78,42,220,1015.14,正常,18
2024-05-17,LFR-010,LFR,55,1834,615,38293.92,低库存预警,17
2024-05-17,DRH-019,DRH,220,1582,232,30453.5,正常,7
2024-05-17,VEN-012,VEN,16,908,260,13574.6,过库存,11
2024-05-17,WLC-003,WLC,333,1007,777,7310.82,低库存预警,19
2024-05-17,LRB-012,LRB,157,885,729,3655.05,正常,10
2024-05-17,TLM-010,TLM,247,501,100,4989.96,过库存,17
2024-05-17,DRH-009,DRH,199,742,193,9601.48,过库存,30
2024-05-17,LRB-007,LRB,118,1234,327,6379.78,过库存,6
2024-05-17,VEN-026,VEN,104,1093,507,23193.46,正常,22
2024-05-17,DRH-001,DRH,303,99,288,2963.07,低库存预警,5
2024-05-17,TLP-008,TLP,381,179,504,4281.68,正常,10
2024-05-17,LRB-005,LRB,389,906,649,22242.3,正常,25
2024-05-17,TLP-020,TLP,489,1471,739,2559.54,正常,8
2024-05-17,LRB-004,LRB,69,848,391,11091.84,正常,2
2024-05-17,DRH-026,DRH,204,473,451,1414.27,正常,2
2024-05-17,WLC-008,WLC,176,723,617,12254.85,正常,22
2024-05-17,HND-005,HND,238,1282,211,35575.5,正常,13
2024-05-17,LRB-022,LRB,442,346,745,6103.44,正常,9
2024-05-17,CUP-019,CUP,326,278,258,4837.2,正常,16
2024-05-17,WLC-022,WLC,0,62,767,2082.58,正常,20
2024-05-17,BUM-018,BUM,368,1062,597,17459.28,正常,6
2024-05-17,CUP-009,CUP,78,1819,185,55061.13,正常,29
2024-05-17,BUM-006,BUM,10,277,474,6334.99,正常,7
2024-05-17,TLP-003,TLP,43,114,800,1721.4,正常,16
2024-05-17,LFR-021,LFR,341,1963,616,38415.91,正常,3
2024-05-17,LFR-014,LFR,426,283,433,2606.43,正常,16
2024-05-17,BUM-003,BUM,216,1465,650,25871.9,过库存,19
2024-05-17,HND-003,HND,286,317,631,3407.75,低库存预警,20
2024-05-18,BUM-022,BUM,458,700,772,11053.0,过库存,14
2024-05-18,LRB-001,LRB,270,1307,692,16481.27,正常,4
2024-05-18,WLC-021,WLC,271,457,713,4099.29,正常,29
2024-05-18,LFR-021,LFR,139,251,482,4912.07,过库存,30
2024-05-18,LFR-020,LFR,295,699,286,21724.92,低库存预警,16
2024-05-18,HND-026,HND,85,745,657,22059.45,低库存预警,30
2024-05-18,TLP-008,TLP,141,693,262,16576.56,正常,13
2024-05-18,CUP-006,CUP,349,1091,255,20718.09,低库存预警,1
2024-05-18,HND-021,HND,390,1821,525,48420.39,正常,11
2024-05-18,TLM-025,TLM,37,585,745,7885.8,正常,23
2024-05-18,LRB-007,LRB,434,1157,557,5981.69,过库存,29
2024-05-18,WLC-017,WLC,176,1543,618,3980.94,正常,18
2024-05-18,HND-019,HND,52,1669,676,35850.12,过库存,7
2024-05-18,WLC-015,WLC,208,198,529,4272.84,正常,17
2024-05-18,BUM-023,BUM,197,1904,506,11823.84,过库存,15
2024-05-18,CUP-001,CUP,239,1549,349,10223.4,正常,5
2024-05-18,LFR-004,LFR,298,1323,259,24673.95,正常,26
2024-05-18,CUP-024,CUP,226,1108,131,2049.8,低库存预警,12
2024-05-18,DRH-004,DRH,148,1993,289,29855.14,过库存,11
2024-05-18,CUP-028,CUP,162,1668,352,20332.92,正常,15
2024-05-18,CUP-004,CUP,229,1932,604,66016.44,过库存,11
2024-05-18,WLC-022,WLC,132,394,647,13234.46,低库存预警,13
2024-05-18,TLM-019,TLM,232,1127,739,33235.23,正常,9
2024-05-18,TLP-013,TLP,484,84,486,194.88,正常,22
2024-05-18,DRH-021,DRH,182,1251,295,4791.33,正常,28
2024-05-18,TLM-028,TLM,24,1420,460,46874.2,低库存预警,12
2024-05-18,DUO-023,DUO,260,177,503,5780.82,正常,5
2024-05-18,CUP-019,CUP,447,1304,342,22689.6,正常,1
2024-05-18,BUM-011,BUM,28,1882,223,53975.76,低库存预警,19
2024-05-18,BUM-005,BUM,492,1611,494,26597.61,过库存,20
2024-05-18,LRB-014,LRB,3,559,592,10598.64,正常,18
2024-05-18,TLM-013,TLM,267,1942,678,57036.54,过库存,6
2024-05-18,LRB-017,LRB,168,808,272,20563.6,正常,14
2024-05-18,CUP-018,CUP,293,1187,181,21923.89,正常,29
2024-05-18,BUM-021,BUM,240,1829,539,41591.46,正常,7
2024-05-18,VEN-012,VEN,493,732,672,10943.4,过库存,22
2024-05-18,DUO-009,DUO,143,241,524,5053.77,正常,7
2024-05-18,TLP-005,TLP,30,248,481,1426.0,正常,20
2024-05-18,TLP-007,TLP,274,1201,504,13979.64,正常,7
2024-05-18,TLM-011,TLM,261,1920,419,66009.6,正常,23
2024-05-18,DRH-020,DRH,272,312,184,9466.08,正常,13
2024-05-18,WLC-024,WLC,92,922,537,6223.5,正常,13
2024-05-18,LFR-013,LFR,267,1518,117,17411.46,正常,24
2024-05-18,HND-023,HND,196,1642,536,15484.06,正常,17
2024-05-18,WLC-007,WLC,429,909,221,31269.6,低库存预警,30
2024-05-18,WLC-010,WLC,219,1889,241,47546.13,低库存预警,2
2024-05-18,LFR-005,LFR,301,1037,543,1773.27,正常,8
2024-05-18,VEN-017,VEN,309,989,720,22410.74,过库存,20
2024-05-18,LRB-021,LRB,288,1338,353,14597.58,正常,8
2024-05-18,LFR-011,LFR,276,1421,180,28093.17,低库存预警,30
2024-05-18,VEN-005,VEN,242,712,748,12965.52,正常,10
2024-05-18,HND-027,HND,56,540,199,13392.0,低库存预警,12
2024-05-18,DRH-016,DRH,110,1484,307,28893.48,正常,14
2024-05-18,VEN-024,VEN,7,605,525,8167.5,正常,20
2024-05-18,CUP-026,CUP,336,515,391,5989.45,过库存,7
2024-05-18,WLC-023,WLC,236,1733,372,41453.36,正常,15
2024-05-18,VEN-030,VEN,47,304,616,3520.32,正常,24
2024-05-18,DUO-001,DUO,89,1207,555,22051.89,正常,22
2024-05-18,LFR-018,LFR,264,1606,565,39041.86,正常,9
2024-05-18,DUO-022,DUO,374,157,112,602.88,正常,22
2024-05-19,CUP-021,CUP,366,881,696,24201.07,过库存,24
2024-05-19,TLM-014,TLM,144,410,513,8839.6,正常,7
2024-05-19,VEN-027,VEN,154,806,798,7237.88,过库存,29
2024-05-19,DRH-021,DRH,193,611,617,2340.13,正常,5
2024-05-19,TLP-020,TLP,439,1572,279,2735.28,正常,18
2024-05-19,HND-009,HND,130,1177,734,35851.42,正常,20
2024-05-19,HND-005,HND,359,99,694,2747.25,正常,6
2024-05-19,BUM-019,BUM,240,1039,723,19398.13,正常,20
2024-05-19,VEN-023,VEN,233,185,266,1402.3,低库存预警,30
2024-05-19,BUM-025,BUM,241,754,240,16980.08,低库存预警,1
2024-05-19,LFR-021,LFR,287,740,315,14481.8,正常,11
2024-05-19,BUM-014,BUM,63,111,148,841.38,正常,19
2024-05-19,TLM-008,TLM,446,1254,178,29205.66,正常,24
2024-05-19,TLP-013,TLP,201,959,225,2224.88,正常,27
2024-05-19,TLM-026,TLM,256,881,233,16386.6,正常,7
2024-05-19,BUM-009,BUM,349,1534,383,33947.42,正常,1
2024-05-19,TLM-012,TLM,107,420,134,12415.2,正常,4
2024-05-19,DRH-020,DRH,264,1084,408,32888.56,低库存预警,5
2024-05-19,DRH-009,DRH,201,810,778,10481.4,正常,22
2024-05-19,CUP-008,CUP,498,756,718,1587.6,正常,15
2024-05-19,WLC-006,WLC,18,1911,798,22760.01,过库存,1
2024-05-19,VEN-030,VEN,5,298,274,3450.84,正常,8
2024-05-19,VEN-017,VEN,359,191,673,4328.06,过库存,8
2024-05-19,DRH-010,DRH,445,1156,591,7583.36,正常,2
2024-05-19,LRB-011,LRB,317,359,364,1902.7,过库存,19
2024-05-19,DRH-023,DRH,437,1506,655,12379.32,正常,16
2024-05-19,LFR-006,LFR,168,1601,622,12039.52,过库存,9
2024-05-19,HND-006,HND,288,965,456,11396.65,正常,11
2024-05-19,LRB-018,LRB,152,435,598,4715.4,正常,26
2024-05-19,TLM-003,TLM,286,794,666,6447.28,过库存,13
2024-05-19,TLP-015,TLP,321,927,175,18679.05,正常,22
2024-05-19,TLM-022,TLM,304,974,186,4090.8,过库存,10
2024-05-19,CUP-020,CUP,57,1489,472,8427.74,正常,13
2024-05-19,BUM-002,BUM,198,667,490,14453.89,正常,16
2024-05-19,LFR-003,LFR,201,1052,559,28014.76,正常,17
2024-05-19,TLM-002,TLM,327,1527,545,7589.19,正常,26
2024-05-19,CUP-003,CUP,315,900,342,30780.0,过库存,22
2024-05-19,TLM-016,TLM,338,1722,503,59701.74,过库存,7
2024-05-19,TLM-010,TLM,111,1540,616,15338.4,低库存预警,26
2024-05-19,VEN-020,VEN,168,461,605,889.73,正常,11
2024-05-19,CUP-006,CUP,101,1531,248,29073.69,过库存,15
2024-05-19,CUP-018,CUP,289,1568,748,28960.96,正常,6
2024-05-19,DUO-010,DUO,331,807,262,12298.68,过库存,9
2024-05-19,BUM-013,BUM,424,1011,673,5914.35,过库存,15
2024-05-19,LFR-017,LFR,458,807,123,19505.19,正常,29
2024-05-19,WLC-014,WLC,351,729,603,6298.56,正常,17
2024-05-19,HND-018,HND,216,1209,382,2841.15,过库存,10
2024-05-19,WLC-021,WLC,495,652,553,5848.44,正常,22
2024-05-19,DRH-028,DRH,108,1587,500,41785.71,正常,11
2024-05-19,VEN-029,VEN,202,873,713,10118.07,过库存,9
2024-05-19,CUP-015,CUP,51,549,363,16728.03,正常,5
2024-05-19,LFR-012,LFR,368,361,442,6436.63,正常,29
2024-05-19,HND-014,HND,103,170,154,3855.6,正常,14
2024-05-19,TLP-016,TLP,221,448,636,11571.84,正常,3
2024-05-19,LFR-002,LFR,345,1098,379,11902.32,正常,29
2024-05-19,LRB-010,LRB,397,1849,150,21799.71,正常,4
2024-05-19,LRB-003,LRB,245,1158,527,22743.12,正常,18
2024-05-19,DRH-006,DRH,300,740,671,13201.6,过库存,16
2024-05-19,HND-001,HND,214,194,543,1290.1,过库存,20
2024-05-19,DRH-019,DRH,402,1562,455,30068.5,低库存预警,25
2024-05-20,DRH-020,DRH,495,43,796,1304.62,正常,25
2024-05-20,DRH-022,DRH,187,554,689,6753.26,低库存预警,25
2024-05-20,TLM-002,TLM,346,678,186,3369.66,正常,12
2024-05-20,HND-011,HND,49,406,268,4608.1,过库存,7
2024-05-20,WLC-002,WLC,401,850,170,21947.0,正常,19
2024-05-20,LFR-007,LFR,59,292,176,1016.16,低库存预警,25
2024-05-20,HND-010,HND,399,1002,491,32394.66,低库存预警,4
2024-05-20,DUO-024,DUO,387,871,496,8579.35,低库存预警,29
2024-05-20,DUO-013,DUO,301,1698,736,6027.9,过库存,17
2024-05-20,BUM-022,BUM,395,1063,368,16784.77,正常,0
2024-05-20,VEN-030,VEN,52,227,445,2628.66,低库存预警,21
2024-05-20,TLM-011,TLM,476,1812,227,62296.56,正常,2
2024-05-20,WLC-008,WLC,252,323,501,5474.85,正常,23
2024-05-20,BUM-002,BUM,407,1827,535,39591.09,低库存预警,6
2024-05-20,WLC-022,WLC,5,1796,135,60327.64,低库存预警,0
2024-05-20,VEN-017,VEN,157,1574,599,35666.84,正常,15
2024-05-20,DRH-007,DRH,404,1397,155,12265.66,正常,2
2024-05-20,TLM-023,TLM,319,250,566,7690.0,正常,0
2024-05-20,LFR-004,LFR,328,1783,632,33252.95,过库存,20
2024-05-20,DRH-024,DRH,444,152,546,1208.4,正常,15
2024-05-20,HND-025,HND,199,685,704,6260.9,正常,28
2024-05-20,DUO-002,DUO,107,1545,689,26404.05,过库存,18
2024-05-20,CUP-003,CUP,343,1821,714,62278.2,低库存预警,29
2024-05-20,LRB-003,LRB,40,204,672,4006.56,正常,3
2024-05-20,TLM-006,TLM,255,106,627,723.98,正常,3
2024-05-20,HND-021,HND,38,853,722,22681.27,正常,23
2024-05-20,TLP-011,TLP,89,404,252,13845.08,低库存预警,14
2024-05-20,DRH-004,DRH,18,488,583,7310.24,正常,4
2024-05-20,CUP-007,CUP,28,833,389,17601.29,低库存预警,11
2024-05-20,TLM-027,TLM,123,715,533,10803.65,正常,14
2024-05-20,TLP-002,TLP,486,997,282,6620.08,正常,13
2024-05-20,CUP-004,CUP,165,732,390,25012.44,正常,25
2024-05-20,LRB-011,LRB,343,101,291,535.3,正常,20
2024-05-20,CUP-015,CUP,101,958,252,29190.26,低库存预警,20
2024-05-20,BUM-013,BUM,272,661,658,3866.85,低库存预警,0
2024-05-20,TLM-001,TLM,193,1464,738,9999.12,正常,18
2024-05-20,VEN-027,VEN,161,421,633,3780.58,低库存预警,13
2024-05-20,LRB-008,LRB,56,1826,503,57281.62,正常,27
2024-05-20,DRH-026,DRH,407,709,408,2119.91,正常,29
2024-05-20,TLM-024,TLM,331,1601,246,26032.26,过库存,16
2024-05-20,VEN-006,VEN,2,999,255,13946.04,正常,28
2024-05-20,LRB-019,LRB,307,1979,756,67008.94,过库存,23
2024-05-20,TLM-016,TLM,72,681,420,23610.27,正常,20
2024-05-20,WLC-013,WLC,70,1291,203,30209.4,正常,0
2024-05-20,BUM-011,BUM,159,934,110,26787.12,低库存预警,26
2024-05-20,LRB-005,LRB,404,996,454,24451.8,正常,11
2024-05-20,LFR-010,LFR,95,820,336,17121.6,正常,29
2024-05-20,HND-024,HND,124,89,664,1862.77,过库存,2
2024-05-20,TLM-021,TLM,36,628,753,4314.36,低库存预警,1
2024-05-20,HND-005,HND,125,1511,189,41930.25,过库存,13
2024-05-20,TLM-009,TLM,444,1845,369,37933.2,低库存预警,14
2024-05-20,HND-015,HND,263,997,189,13828.39,正常,14
2024-05-20,BUM-026,BUM,350,1623,445,17982.84,过库存,26
2024-05-20,CUP-009,CUP,18,1008,669,30512.16,过库存,24
2024-05-20,DRH-013,DRH,157,486,176,3990.06,正常,15
2024-05-20,VEN-007,VEN,465,1460,770,22192.0,正常,30
2024-05-20,BUM-027,BUM,246,225,728,1905.75,过库存,16
2024-05-20,TLM-025,TLM,249,1665,342,22444.2,正常,12
2024-05-20,TLM-028,TLM,128,1351,111,44596.51,过库存,19
2024-05-20,LFR-006,LFR,434,88,399,661.76,正常,16
2024-05-21,LFR-011,LFR,392,570,781,11268.9,过库存,29
2024-05-21,HND-026,HND,335,1791,345,53031.51,过库存,11
2024-05-21,HND-018,HND,417,1158,764,2721.3,过库存,3
2024-05-21,DRH-027,DRH,183,1456,334,36327.2,过库存,4
2024-05-21,CUP-020,CUP,203,1061,555,6005.26,正常,26
2024-05-21,BUM-008,BUM,76,1288,625,39129.44,低库存预警,27
2024-05-21,VEN-006,VEN,22,141,798,1968.36,正常,26
2024-05-21,VEN-015,VEN,401,526,625,16742.58,正常,1
2024-05-21,DRH-008,DRH,259,945,426,32952.15,低库存预警,1
2024-05-21,HND-007,HND,305,1856,209,7275.52,正常,18
2024-05-21,TLP-014,TLP,96,130,406,4223.7,低库存预警,10
2024-05-21,HND-021,HND,144,1063,497,28265.17,过库存,9
2024-05-21,LRB-022,LRB,120,442,692,7796.88,低库存预警,10
2024-05-21,DRH-016,DRH,254,699,633,13609.53,正常,8
2024-05-21,DUO-001,DUO,447,487,118,8897.49,正常,14
2024-05-21,TLM-018,TLM,490,650,637,19259.5,过库存,8
2024-05-21,LFR-015,LFR,316,468,257,2279.16,低库存预警,18
2024-05-21,TLP-006,TLP,197,544,607,15476.8,过库存,14
2024-05-21,CUP-026,CUP,226,967,531,11246.21,正常,29
2024-05-21,TLP-022,TLP,365,237,402,5583.72,正常,6
2024-05-21,TLP-001,TLP,77,578,351,4444.82,正常,25
2024-05-21,TLP-020,TLP,48,702,393,1221.48,正常,4
2024-05-21,HND-025,HND,221,1542,127,14093.88,正常,8
2024-05-21,BUM-022,BUM,181,1426,457,22516.54,正常,20
2024-05-21,CUP-004,CUP,229,504,185,17221.68,正常,21
2024-05-21,VEN-016,VEN,216,1027,385,34291.53,正常,27
2024-05-21,CUP-008,CUP,155,230,596,483.0,正常,8
2024-05-21,DUO-021,DUO,105,456,558,4304.64,正常,11
2024-05-21,DUO-007,DUO,241,1217,463,14774.38,正常,1
2024-05-21,LFR-003,LFR,78,268,166,7136.84,正常,23
2024-05-21,TLP-021,TLP,377,879,569,7629.72,低库存预警,8
2024-05-21,HND-010,HND,288,886,608,28644.38,正常,18
2024-05-21,CUP-015,CUP,432,23,267,700.81,低库存预警,5
2024-05-21,LRB-008,LRB,219,1000,758,31370.0,低库存预警,5
2024-05-21,TLP-015,TLP,97,413,523,8321.95,正常,14
2024-05-21,CUP-023,CUP,260,10,347,126.8,低库存预警,5
2024-05-21,BUM-011,BUM,440,433,200,12418.44,正常,10
2024-05-21,TLM-021,TLM,265,1968,438,13520.16,低库存预警,15
2024-05-21,WLC-008,WLC,248,1666,164,28238.7,正常,8
2024-05-21,DRH-003,DRH,433,1119,451,10417.89,低库存预警,27
2024-05-21,TLP-012,TLP,425,176,432,3757.6,正常,2
2024-05-21,DRH-024,DRH,452,300,715,2385.0,低库存预警,29
2024-05-21,WLC-019,WLC,386,1719,715,33829.92,低库存预警,2
2024-05-21,DUO-006,DUO,238,1652,259,54598.6,正常,15
2024-05-21,CUP-022,CUP,313,1163,747,17654.34,正常,9
2024-05-21,VEN-017,VEN,128,1304,475,29548.64,正常,8
2024-05-21,DUO-014,DUO,133,1018,273,11798.62,正常,8
2024-05-21,TLP-008,TLP,425,270,236,6458.4,过库存,5
2024-05-21,DRH-022,DRH,69,1624,525,19796.56,过库存,25
2024-05-21,VEN-008,VEN,459,1119,322,37173.18,正常,17
2024-05-21,TLM-019,TLM,298,1879,146,55411.71,低库存预警,5
2024-05-21,DUO-010,DUO,456,836,792,12740.64,低库存预警,14
2024-05-21,TLP-013,TLP,352,56,208,129.92,低库存预警,22
2024-05-21,DRH-009,DRH,88,805,271,10416.7,过库存,16
2024-05-21,DRH-029,DRH,465,1061,613,20212.05,正常,4
2024-05-21,TLM-007,TLM,179,515,478,1714.95,正常,3
2024-05-21,TLP-017,TLP,474,506,588,14638.58,过库存,16
2024-05-21,TLM-028,TLM,476,1325,597,43738.25,正常,1
2024-05-21,DRH-006,DRH,368,1081,718,19285.04,正常,7
2024-05-21,WLC-022,WLC,253,1148,510,38561.32,低库存预警,7
2024-05-22,LRB-022,LRB,210,439,292,7743.96,正常,6
2024-05-22,BUM-003,BUM,254,735,244,12980.1,正常,0
2024-05-22,DRH-020,DRH,217,32,682,970.88,低库存预警,3
2024-05-22,CUP-007,CUP,189,1327,282,28039.51,低库存预警,22
2024-05-22,LRB-017,LRB,161,925,280,23541.25,正常,17
2024-05-22,DUO-002,DUO,287,1360,107,23242.4,正常,28
2024-05-22,VEN-005,VEN,438,160,254,2913.6,正常,21
2024-05-22,TLM-024,TLM,397,582,631,9463.32,过库存,28
2024-05-22,HND-007,HND,322,768,706,3010.56,正常,16
2024-05-22,HND-010,HND,171,53,577,1713.49,低库存预警,22
2024-05-22,BUM-001,BUM,157,1952,755,10130.88,正常,20
2024-05-22,TLP-016,TLP,449,750,272,19372.5,正常,28
2024-05-22,LFR-013,LFR,293,1175,182,13477.25,低库存预警,8
2024-05-22,CUP-019,CUP,172,1735,718,30189.0,正常,6
2024-05-22,HND-013,HND,33,96,693,1610.88,正常,10
2024-05-22,VEN-022,VEN,416,1845,605,61899.75,正常,21
2024-05-22,VEN-006,VEN,282,463,562,6463.48,低库存预警,23
2024-05-22,LFR-006,LFR,176,1536,598,11550.72,低库存预警,21
2024-05-22,HND-019,HND,370,42,256,902.16,低库存预警,9
2024-05-22,BUM-005,BUM,234,497,138,8205.47,过库存,24
2024-05-22,DUO-007,DUO,157,20,639,242.8,正常,26
2024-05-22,WLC-014,WLC,65,416,441,3594.24,过库存,8
2024-05-22,VEN-025,VEN,178,514,779,6974.98,正常,1
2024-05-22,DRH-016,DRH,366,990,230,19275.3,低库存预警,13
2024-05-22,BUM-022,BUM,266,626,404,9884.54,正常,11
2024-05-22,HND-011,HND,418,274,235,3109.9,低库存预警,30
2024-05-22,HND-027,HND,350,31,355,768.8,正常,17
2024-05-22,DRH-024,DRH,385,1267,671,10072.65,过库存,15
2024-05-22,WLC-023,WLC,107,543,112,12988.56,低库存预警,18
2024-05-22,DRH-025,DRH,302,1867,708,19622.17,低库存预警,18
2024-05-22,BUM-008,BUM,427,521,743,15827.98,低库存预警,27
2024-05-22,WLC-018,WLC,431,1607,153,52259.64,正常,7
2024-05-22,TLP-014,TLP,312,1309,511,42529.41,正常,16
2024-05-22,LFR-010,LFR,465,1450,415,30276.0,正常,25
2024-05-22,LRB-014,LRB,464,941,731,17841.36,低库存预警,11
2024-05-22,WLC-016,WLC,377,1724,706,53426.76,正常,30
2024-05-22,DRH-013,DRH,212,675,164,5541.75,正常,4
2024-05-22,VEN-026,VEN,484,803,792,17039.66,过库存,29
2024-05-22,VEN-008,VEN,15,77,393,2557.94,正常,26
2024-05-22,TLM-023,TLM,433,1437,300,44202.12,过库存,1
2024-05-22,TLM-005,TLM,495,1314,522,28067.04,过库存,0
2024-05-22,DRH-006,DRH,213,1691,198,30167.44,低库存预警,12
2024-05-22,DUO-022,DUO,126,1838,408,7057.92,正常,25
2024-05-22,TLP-010,TLP,16,1474,596,6913.06,低库存预警,23
2024-05-22,TLP-011,TLP,154,1946,490,66689.42,正常,25
2024-05-22,DRH-012,DRH,154,1981,168,48574.12,正常,17
2024-05-22,TLM-012,TLM,307,70,178,2069.2,正常,13
2024-05-22,LFR-022,LFR,277,919,169,32036.34,正常,3
2024-05-22,BUM-010,BUM,406,1223,551,38292.13,过库存,23
2024-05-22,BUM-024,BUM,322,1063,780,29498.25,正常,15
2024-05-22,LRB-015,LRB,482,1568,204,33147.52,正常,3
2024-05-22,WLC-021,WLC,359,490,258,4395.3,正常,18
2024-05-22,WLC-012,WLC,73,38,338,451.44,正常,23
2024-05-22,DUO-021,DUO,111,350,652,3304.0,过库存,9
2024-05-22,BUM-018,BUM,3,1149,439,18889.56,正常,23
2024-05-22,DRH-030,DRH,317,231,470,1245.09,正常,14
2024-05-22,TLM-013,TLM,326,1643,404,48254.91,低库存预警,26
2024-05-22,TLP-002,TLP,369,227,503,1507.28,正常,25
2024-05-22,VEN-001,VEN,42,140,286,490.0,正常,21
2024-05-22,DUO-017,DUO,397,235,785,3167.8,过库存,29
2024-05-23,TLP-009,TLP,493,733,730,18735.48,过库存,30
2024-05-23,WLC-020,WLC,205,140,343,1650.6,正常,10
2024-05-23,TLP-019,TLP,497,1303,746,3283.56,正常,3
2024-05-23,DRH-027,DRH,384,572,115,14271.4,正常,8
2024-05-23,HND-017,HND,399,435,225,9561.3,正常,10
2024-05-23,DRH-011,DRH,120,332,288,10109.4,正常,8
2024-05-23,DUO-015,DUO,67,1218,782,25236.96,正常,10
2024-05-23,TLP-004,TLP,306,364,234,3094.0,正常,0
2024-05-23,LRB-012,LRB,383,1567,461,6471.71,过库存,24
2024-05-23,TLP-022,TLP,459,434,591,10225.04,正常,12
2024-05-23,DUO-021,DUO,198,1598,381,15085.12,过库存,25
2024-05-23,LRB-016,LRB,459,453,216,10772.34,正常,5
2024-05-23,TLM-021,TLM,474,566,638,3888.42,正常,15
2024-05-23,HND-011,HND,221,1983,670,22507.05,正常,27
2024-05-23,VEN-029,VEN,274,715,388,8286.85,正常,17
2024-05-23,LRB-005,LRB,250,1090,459,26759.5,正常,18
2024-05-23,BUM-021,BUM,317,1305,634,29675.7,过库存,3
2024-05-23,LFR-006,LFR,74,1865,406,14024.8,正常,12
2024-05-23,LRB-014,LRB,339,1131,610,21443.76,正常,27
2024-05-23,HND-006,HND,480,1629,349,19238.49,正常,21
2024-05-23,WLC-015,WLC,20,1283,250,27687.14,过库存,4
2024-05-23,VEN-025,VEN,372,1062,593,14411.34,低库存预警,28
2024-05-23,VEN-015,VEN,294,130,101,4137.9,正常,17
2024-05-23,DUO-008,DUO,169,475,566,4593.25,正常,1
2024-05-23,LFR-012,LFR,333,379,112,6757.57,正常,28
2024-05-23,DUO-025,DUO,256,74,486,900.58,过库存,24
2024-05-23,LRB-018,LRB,125,1434,452,15544.56,正常,17
2024-05-23,HND-001,HND,154,223,470,1482.95,正常,24
2024-05-23,DUO-023,DUO,239,1136,543,37101.76,正常,16
2024-05-23,TLM-022,TLM,418,1668,270,7005.6,正常,2
2024-05-23,LRB-007,LRB,441,924,517,4777.08,正常,17
2024-05-23,BUM-017,BUM,221,775,211,4541.5,正常,3
2024-05-23,TLP-025,TLP,99,126,147,386.82,过库存,24
2024-05-23,VEN-027,VEN,335,1721,631,15454.58,正常,19
2024-05-23,LRB-011,LRB,31,58,786,307.4,正常,15
2024-05-23,CUP-026,CUP,94,1871,689,21759.73,正常,19
2024-05-23,TLP-005,TLP,303,1260,195,7245.0,正常,10
2024-05-23,CUP-014,CUP,465,547,733,10310.95,正常,6
2024-05-23,DUO-003,DUO,393,761,446,1209.99,正常,10
2024-05-23,CUP-027,CUP,249,1810,699,36290.5,正常,3
2024-05-23,DUO-001,DUO,151,939,580,17155.53,正常,19
2024-05-23,CUP-016,CUP,106,1549,112,23405.39,正常,27
2024-05-23,HND-015,HND,283,1525,378,21151.75,正常,3
2024-05-23,VEN-003,VEN,161,540,289,15859.8,正常,14
2024-05-23,LRB-017,LRB,371,864,200,21988.8,正常,23
2024-05-23,TLP-008,TLP,176,904,608,21623.68,正常,21
2024-05-23,LRB-019,LRB,142,587,440,19875.82,正常,16
2024-05-23,TLM-026,TLM,38,1916,202,35637.6,过库存,29
2024-05-23,WLC-013,WLC,371,265,402,6201.0,正常,10
2024-05-23,HND-023,HND,158,134,391,1263.62,正常,19
2024-05-23,BUM-026,BUM,49,1738,277,19257.04,正常,17
2024-05-23,LFR-014,LFR,228,373,693,3435.33,正常,19
2024-05-23,TLM-006,TLM,370,1442,795,9848.86,正常,0
2024-05-23,CUP-030,CUP,190,651,413,16652.58,正常,3
2024-05-23,DRH-015,DRH,469,191,360,1424.86,正常,26
2024-05-23,DRH-023,DRH,319,1805,641,14837.1,过库存,27
2024-05-23,LFR-019,LFR,327,1594,747,26619.8,正常,18
2024-05-23,LRB-010,LRB,32,801,383,9443.79,过库存,14
2024-05-23,TLM-002,TLM,216,983,507,4885.51,过库存,16
2024-05-23,DUO-016,DUO,447,910,454,20666.1,正常,0
2024-05-24,TLP-016,TLP,247,1579,760,40785.57,正常,27
2024-05-24,CUP-015,CUP,243,1897,359,57801.59,正常,15
2024-05-24,TLP-003,TLP,16,34,307,513.4,过库存,29
2024-05-24,TLM-010,TLM,481,260,711,2589.6,过库存,24
2024-05-24,TLM-003,TLM,24,1360,245,11043.2,正常,26
2024-05-24,WLC-016,WLC,121,592,438,18346.08,过库存,5
2024-05-24,VEN-002,VEN,336,1225,649,40866.0,低库存预警,2
2024-05-24,DUO-020,DUO,88,752,505,15964.96,正常,4
2024-05-24,HND-010,HND,447,358,625,11574.14,过库存,0
2024-05-24,HND-017,HND,457,493,114,10836.14,正常,9
2024-05-24,TLM-009,TLM,493,1911,199,39290.16,正常,8
2024-05-24,CUP-004,CUP,475,65,401,2221.05,正常,6
2024-05-24,BUM-011,BUM,157,887,351,25439.16,正常,0
2024-05-24,DUO-007,DUO,324,188,412,2282.32,正常,27
2024-05-24,CUP-003,CUP,376,1670,175,57114.0,正常,12
2024-05-24,TLP-010,TLP,405,951,121,4460.19,过库存,26
2024-05-24,HND-027,HND,276,1367,716,33901.6,正常,28
2024-05-24,LRB-016,LRB,54,1895,298,45063.1,正常,14
2024-05-24,BUM-014,BUM,54,1818,171,13780.44,过库存,6
2024-05-24,TLM-001,TLM,67,87,767,594.21,正常,1
2024-05-24,LFR-010,LFR,77,385,439,8038.8,正常,7
2024-05-24,LRB-022,LRB,35,597,608,10531.08,正常,18
2024-05-24,DRH-006,DRH,448,15,605,267.6,过库存,3
2024-05-24,TLM-024,TLM,417,1174,335,19089.24,正常,0
2024-05-24,CUP-001,CUP,87,601,559,3966.6,过库存,20
2024-05-24,TLP-014,TLP,386,550,565,17869.5,过库存,8
2024-05-24,VEN-007,VEN,462,1113,591,16917.6,正常,21
2024-05-24,VEN-004,VEN,147,1761,719,56985.96,过库存,22
2024-05-24,DUO-018,DUO,194,1002,357,2565.12,正常,28
2024-05-24,VEN-018,VEN,481,6,793,37.2,过库存,8
2024-05-24,BUM-025,BUM,55,253,564,5697.56,正常,22
2024-05-24,BUM-007,BUM,78,1249,763,12664.86,正常,2
2024-05-24,TLM-002,TLM,251,812,670,4035.64,低库存预警,14
2024-05-24,CUP-002,CUP,303,489,577,2347.2,低库存预警,0
2024-05-24,DRH-012,DRH,192,1828,676,44822.56,过库存,25
2024-05-24,WLC-017,WLC,432,1070,615,2760.6,正常,6
2024-05-24,HND-002,HND,166,1074,549,9880.8,低库存预警,16
2024-05-24,TLP-017,TLP,3,915,191,26470.95,过库存,27
2024-05-24,LFR-021,LFR,127,727,282,14227.39,正常,21
2024-05-24,WLC-018,WLC,88,1297,664,42178.44,正常,12
2024-05-24,LFR-008,LFR,139,1006,262,19938.92,低库存预警,20
2024-05-24,DUO-006,DUO,344,456,656,15070.8,正常,8
2024-05-24,BUM-009,BUM,272,900,562,19917.0,低库存预警,3
2024-05-24,TLP-015,TLP,111,150,698,3022.5,正常,6
2024-05-24,LFR-005,LFR,200,999,379,1708.29,低库存预警,8
2024-05-24,DRH-028,DRH,211,958,586,25224.14,正常,12
2024-05-24,DRH-025,DRH,421,1690,673,17761.9,正常,6
2024-05-24,LFR-014,LFR,275,780,361,7183.8,低库存预警,3
2024-05-24,HND-023,HND,258,672,130,6336.96,正常,8
2024-05-24,TLM-028,TLM,496,99,355,3267.99,正常,18
2024-05-24,TLM-008,TLM,432,637,726,14835.73,过库存,6
2024-05-24,DRH-005,DRH,216,500,474,12880.0,正常,16
2024-05-24,DUO-010,DUO,403,1777,144,27081.48,正常,13
2024-05-24,WLC-004,WLC,235,947,674,6240.73,正常,17
2024-05-24,VEN-028,VEN,382,1947,249,34870.77,正常,14
2024-05-24,DRH-013,DRH,385,243,104,1995.03,过库存,7
2024-05-24,DUO-004,DUO,284,659,459,13786.28,正常,10
2024-05-24,BUM-022,BUM,177,1836,161,28990.44,正常,12
2024-05-24,TLP-021,TLP,59,1676,691,14547.68,低库存预警,19
2024-05-24,HND-028,HND,120,573,375,5552.37,正常,16
2024-05-25,TLM-007,TLM,258,710,460,2364.3,过库存,17
2024-05-25,CUP-011,CUP,493,1484,524,43688.96,正常,27
2024-05-25,TLP-013,TLP,115,765,318,1774.8,低库存预警,7
2024-05-25,TLM-015,TLM,485,1361,437,10139.45,正常,17
2024-05-25,HND-001,HND,186,231,792,1536.15,低库存预警,8
2024-05-25,DRH-028,DRH,27,1428,632,37599.24,正常,22
2024-05-25,HND-026,HND,245,1746,190,51699.06,低库存预警,1
2024-05-25,BUM-021,BUM,194,1107,556,25173.18,过库存,26
2024-05-25,DRH-020,DRH,156,1708,214,51820.72,正常,23
2024-05-25,TLP-001,TLP,426,231,141,1776.39,正常,26
2024-05-25,TLP-021,TLP,134,1077,456,9348.36,过库存,1
2024-05-25,VEN-021,VEN,444,1513,287,45011.75,正常,21
2024-05-25,WLC-002,WLC,182,1499,346,38704.18,正常,30
2024-05-25,LRB-007,LRB,274,523,242,2703.91,正常,11
2024-05-25,LFR-015,LFR,112,1,434,4.87,正常,4
2024-05-25,TLM-027,TLM,114,1431,715,21622.41,过库存,10
2024-05-25,VEN-012,VEN,210,1618,496,24189.1,正常,30
2024-05-25,VEN-028,VEN,68,459,264,8220.69,正常,6
2024-05-25,DUO-004,DUO,270,1018,561,21296.56,正常,23
2024-05-25,HND-028,HND,473,1149,403,11133.81,过库存,4
2024-05-25,WLC-020,WLC,340,1474,470,17378.46,正常,28
2024-05-25,CUP-014,CUP,257,122,788,2299.7,正常,26
2024-05-25,CUP-015,CUP,371,1236,765,37660.92,低库存预警,9
2024-05-25,VEN-013,VEN,215,818,249,25464.34,过库存,13
2024-05-25,DUO-014,DUO,407,862,684,9990.58,过库存,11
2024-05-25,BUM-016,BUM,465,153,772,1343.34,正常,13
2024-05-25,BUM-018,BUM,253,603,202,9913.32,正常,15
2024-05-25,DRH-009,DRH,113,1019,341,13185.86,正常,10
2024-05-25,LFR-014,LFR,99,872,266,8031.12,正常,21
2024-05-25,CUP-006,CUP,307,1366,627,25940.34,低库存预警,14
2024-05-25,HND-018,HND,100,764,705,1795.4,低库存预警,12
2024-05-25,DRH-021,DRH,34,601,464,2301.83,正常,12
2024-05-25,VEN-018,VEN,63,1142,436,7080.4,正常,27
2024-05-25,TLM-025,TLM,59,1131,475,15245.88,正常,22
2024-05-25,BUM-012,BUM,190,1215,439,32051.7,正常,27
2024-05-25,DUO-024,DUO,352,195,280,1920.75,低库存预警,29
2024-05-25,LRB-006,LRB,183,1220,235,41699.6,低库存预警,30
2024-05-25,BUM-022,BUM,218,1006,690,15884.74,正常,1
2024-05-25,LRB-014,LRB,118,1012,615,19187.52,正常,12
2024-05-25,CUP-023,CUP,322,1962,658,24878.16,低库存预警,29
2024-05-25,HND-004,HND,136,1916,430,24888.84,低库存预警,17
2024-05-25,BUM-008,BUM,159,1341,380,40739.58,正常,16
2024-05-25,WLC-008,WLC,263,1592,266,26984.4,正常,19
2024-05-25,LRB-005,LRB,409,804,264,19738.2,低库存预警,0
2024-05-25,TLM-018,TLM,119,1260,548,37333.8,正常,0
2024-05-25,BUM-006,BUM,227,314,377,7181.18,正常,5
2024-05-25,BUM-003,BUM,12,177,155,3125.82,过库存,12
2024-05-25,TLP-006,TLP,171,1683,150,47881.35,正常,16
2024-05-25,BUM-024,BUM,184,1053,355,29220.75,正常,16
2024-05-25,WLC-016,WLC,245,1220,752,37807.8,正常,2
2024-05-25,TLM-006,TLM,167,595,517,4063.85,过库存,10
2024-05-25,DUO-009,DUO,312,770,501,16146.9,过库存,6
2024-05-25,LRB-021,LRB,411,1171,291,12775.61,过库存,0
2024-05-25,TLM-024,TLM,452,1756,323,28552.56,低库存预警,3
2024-05-25,LFR-010,LFR,467,1703,629,35558.64,低库存预警,1
2024-05-25,TLP-014,TLP,344,1338,276,43471.62,低库存预警,19
2024-05-25,DRH-017,DRH,226,1293,148,6684.81,正常,21
2024-05-25,LFR-005,LFR,419,91,158,155.61,正常,11
2024-05-25,BUM-010,BUM,370,1537,484,48123.47,低库存预警,8
2024-05-25,HND-010,HND,356,632,505,20432.56,正常,27
2024-05-26,LFR-019,LFR,429,448,618,7481.6,低库存预警,19
2024-05-26,BUM-025,BUM,348,388,209,8737.76,正常,24
2024-05-26,VEN-029,VEN,206,337,490,3905.83,正常,17
2024-05-26,HND-012,HND,70,1558,121,6668.24,正常,26
2024-05-26,LRB-019,LRB,248,1027,589,34774.22,低库存预警,4
2024-05-26,TLP-006,TLP,472,850,291,24182.5,正常,23
2024-05-26,DRH-001,DRH,244,1558,429,46630.94,低库存预警,17
2024-05-26,CUP-029,CUP,125,470,658,1057.5,低库存预警,16
2024-05-26,HND-022,HND,398,1781,740,57437.25,正常,1
2024-05-26,BUM-011,BUM,273,1910,574,54778.8,正常,24
2024-05-26,LFR-015,LFR,214,1892,579,9214.04,正常,28
2024-05-26,HND-026,HND,68,616,446,18239.76,低库存预警,23
2024-05-26,LFR-003,LFR,201,1922,131,51182.86,过库存,29
2024-05-26,DRH-008,DRH,259,1059,680,36927.33,低库存预警,24
2024-05-26,DRH-025,DRH,24,311,788,3268.61,过库存,28
2024-05-26,DUO-013,DUO,366,332,427,1178.6,正常,13
2024-05-26,LRB-010,LRB,358,525,283,6189.75,正常,5
2024-05-26,VEN-011,VEN,252,1841,284,59482.71,正常,9
2024-05-26,HND-010,HND,312,959,111,31004.47,正常,12
2024-05-26,WLC-001,WLC,156,903,413,16669.38,正常,0
2024-05-26,HND-023,HND,123,1866,777,17596.38,正常,8
2024-05-26,TLP-024,TLP,128,1716,412,6006.0,正常,23
2024-05-26,HND-028,HND,202,476,463,4612.44,低库存预警,5
2024-05-26,TLM-005,TLM,324,1168,658,24948.48,低库存预警,16
2024-05-26,VEN-016,VEN,428,106,596,3539.34,低库存预警,7
2024-05-26,WLC-021,WLC,279,1359,593,12190.23,正常,9
2024-05-26,TLM-014,TLM,454,1932,202,41653.92,正常,14
2024-05-26,TLM-027,TLM,275,1947,101,29419.17,过库存,13
2024-05-26,VEN-017,VEN,462,1382,233,31316.12,低库存预警,16
2024-05-26,DUO-020,DUO,68,570,190,12101.1,低库存预警,15
2024-05-26,WLC-004,WLC,197,814,483,5364.26,正常,11
2024-05-26,CUP-008,CUP,273,1550,577,3255.0,正常,9
2024-05-26,WLC-007,WLC,121,101,241,3474.4,低库存预警,21
2024-05-26,TLM-002,TLM,167,1186,275,5894.42,正常,16
2024-05-26,TLM-015,TLM,451,969,464,7219.05,正常,5
2024-05-26,DRH-011,DRH,125,664,191,20218.8,正常,2
2024-05-26,WLC-008,WLC,478,1313,324,22255.35,正常,25
2024-05-26,HND-016,HND,211,290,724,4410.9,低库存预警,20
2024-05-26,DUO-021,DUO,396,1649,437,15566.56,正常,9
2024-05-26,DUO-007,DUO,15,91,377,1104.74,正常,10
2024-05-26,LFR-002,LFR,267,854,418,9257.36,正常,4
2024-05-26,DRH-027,DRH,482,1693,615,42240.35,过库存,30
2024-05-26,DUO-010,DUO,325,1648,605,25115.52,正常,13
2024-05-26,HND-004,HND,233,334,344,4338.66,低库存预警,2
2024-05-26,LRB-011,LRB,56,1367,432,7245.1,过库存,2
2024-05-26,WLC-003,WLC,31,1232,385,8944.32,正常,10
2024-05-26,CUP-010,CUP,47,1725,347,49524.75,正常,16
2024-05-26,DUO-012,DUO,299,1546,730,17670.78,低库存预警,4
2024-05-26,LRB-008,LRB,309,49,698,1537.13,正常,21
2024-05-26,WLC-016,WLC,127,387,207,11993.13,低库存预警,16
2024-05-26,WLC-024,WLC,103,113,789,762.75,低库存预警,28
2024-05-26,LRB-016,LRB,251,826,407,19642.28,正常,29
2024-05-26,BUM-028,BUM,460,970,470,30283.4,低库存预警,19
2024-05-26,WLC-005,WLC,148,1514,718,5813.76,正常,1
2024-05-26,DRH-013,DRH,220,1614,399,13250.94,低库存预警,13
2024-05-26,TLP-004,TLP,495,1076,504,9146.0,正常,29
2024-05-26,BUM-004,BUM,485,1266,216,40929.78,正常,30
2024-05-26,HND-015,HND,246,207,610,2871.09,过库存,29
2024-05-26,BUM-019,BUM,58,261,585,4872.87,正常,19
2024-05-26,CUP-017,CUP,17,1077,162,13344.03,低库存预警,21
2024-05-27,DRH-014,DRH,8,489,750,3701.73,正常,6
2024-05-27,LRB-020,LRB,470,694,654,15177.78,正常,29
2024-05-27,CUP-004,CUP,246,1192,384,40730.64,低库存预警,13
2024-05-27,LFR-013,LFR,399,838,463,9611.86,正常,15
2024-05-27,TLP-007,TLP,424,1996,170,23233.44,正常,4
2024-05-27,DUO-019,DUO,223,639,194,9342.18,低库存预警,24
2024-05-27,VEN-014,VEN,130,1673,617,11878.3,正常,10
2024-05-27,BUM-025,BUM,313,275,410,6193.0,正常,29
2024-05-27,VEN-008,VEN,420,992,676,32954.24,正常,5
2024-05-27,TLP-015,TLP,442,939,425,18920.85,低库存预警,7
2024-05-27,BUM-012,BUM,230,1687,297,44503.06,过库存,26
2024-05-27,TLP-024,TLP,381,1663,217,5820.5,过库存,0
2024-05-27,HND-023,HND,159,911,410,8590.73,正常,30
2024-05-27,WLC-017,WLC,410,1516,234,3911.28,正常,15
2024-05-27,DRH-004,DRH,212,1011,232,15144.78,过库存,15
2024-05-27,DUO-001,DUO,473,878,698,16041.06,正常,18
2024-05-27,WLC-011,WLC,122,92,763,1504.2,低库存预警,2
2024-05-27,TLP-013,TLP,186,403,722,934.96,正常,11
2024-05-27,DRH-027,DRH,330,111,773,2769.45,正常,1
2024-05-27,VEN-001,VEN,363,1312,432,4592.0,正常,3
2024-05-27,TLP-006,TLP,412,814,205,23158.3,低库存预警,8
2024-05-27,WLC-022,WLC,385,79,678,2653.61,正常,20
2024-05-27,DUO-006,DUO,333,262,687,8659.1,过库存,15
2024-05-27,CUP-020,CUP,481,948,775,5365.68,过库存,25
2024-05-27,CUP-025,CUP,398,396,194,12909.6,正常,23
2024-05-27,WLC-024,WLC,343,1026,765,6925.5,正常,20
2024-05-27,TLM-006,TLM,389,585,118,3995.55,过库存,2
2024-05-27,WLC-004,WLC,230,504,726,3321.36,正常,8
2024-05-27,HND-020,HND,387,603,789,5939.55,正常,16
2024-05-27,CUP-001,CUP,377,174,645,1148.4,低库存预警,28
2024-05-27,DRH-008,DRH,79,1068,530,37241.16,正常,3
2024-05-27,VEN-012,VEN,432,819,574,12244.05,正常,29
2024-05-27,DRH-006,DRH,80,5,111,89.2,低库存预警,17
2024-05-27,WLC-010,WLC,91,1129,598,28416.93,正常,27
2024-05-27,DUO-023,DUO,460,1393,614,45495.38,正常,18
2024-05-27,TLM-020,TLM,279,721,498,22725.92,正常,0
2024-05-27,VEN-002,VEN,371,1241,752,41399.76,正常,3
2024-05-27,TLM-023,TLM,305,152,791,4675.52,低库存预警,5
2024-05-27,BUM-003,BUM,52,1694,434,29916.04,低库存预警,23
2024-05-27,DRH-023,DRH,203,922,708,7578.84,正常,4
2024-05-27,TLM-018,TLM,420,771,312,22844.73,低库存预警,21
2024-05-27,CUP-015,CUP,295,1770,605,53931.9,正常,17
2024-05-27,VEN-027,VEN,234,1410,102,12661.8,过库存,2
2024-05-27,BUM-005,BUM,229,446,553,7363.46,低库存预警,27
2024-05-27,LRB-019,LRB,400,55,355,1862.3,正常,7
2024-05-27,CUP-006,CUP,281,1978,596,37562.22,正常,12
2024-05-27,WLC-023,WLC,375,625,700,14950.0,正常,14
2024-05-27,DRH-009,DRH,338,1700,788,21998.0,过库存,4
2024-05-27,HND-022,HND,298,1163,602,37506.75,正常,24
2024-05-27,DUO-005,DUO,275,1598,615,19048.16,过库存,21
2024-05-27,LFR-014,LFR,27,1561,659,14376.81,正常,25
2024-05-27,WLC-015,WLC,222,1058,198,22831.64,过库存,5
2024-05-27,BUM-002,BUM,169,1996,367,43253.32,正常,11
2024-05-27,LRB-018,LRB,188,115,763,1246.6,低库存预警,26
2024-05-27,TLP-018,TLP,279,1736,627,30987.6,正常,13
2024-05-27,BUM-001,BUM,181,189,413,980.91,正常,10
2024-05-27,DRH-007,DRH,328,87,202,763.86,过库存,18
2024-05-27,CUP-022,CUP,86,524,442,7954.32,正常,28
2024-05-27,TLP-012,TLP,126,678,671,14475.3,正常,22
2024-05-27,LRB-003,LRB,150,1411,544,27712.04,低库存预警,1
2024-05-28,CUP-004,CUP,64,1156,231,39500.52,正常,10
2024-05-28,TLM-020,TLM,360,1195,271,37666.4,低库存预警,18
2024-05-28,LRB-021,LRB,367,1706,516,18612.46,低库存预警,2
2024-05-28,WLC-010,WLC,146,70,166,1761.9,正常,18
2024-05-28,CUP-029,CUP,248,542,477,1219.5,正常,26
2024-05-28,DUO-020,DUO,209,504,689,10699.92,过库存,1
2024-05-28,TLP-002,TLP,280,191,264,1268.24,过库存,26
2024-05-28,BUM-009,BUM,155,131,680,2899.03,低库存预警,25
2024-05-28,LRB-006,LRB,473,1657,237,56636.26,正常,3
2024-05-28,TLP-021,TLP,281,1909,668,16570.12,低库存预警,0
2024-05-28,TLM-013,TLM,373,1617,318,47491.29,正常,27
2024-05-28,TLP-010,TLP,43,1487,674,6974.03,正常,7
2024-05-28,WLC-015,WLC,149,1932,512,41692.56,正常,13
2024-05-28,LRB-001,LRB,216,875,723,11033.75,正常,13
2024-05-28,WLC-019,WLC,433,894,426,17593.92,正常,28
2024-05-28,VEN-010,VEN,65,639,281,8370.9,正常,3
2024-05-28,DUO-022,DUO,260,1653,577,6347.52,过库存,16
2024-05-28,BUM-015,BUM,474,1960,652,22383.2,正常,13
2024-05-28,TLP-009,TLP,3,1301,214,33253.56,正常,25
2024-05-28,DRH-017,DRH,421,466,474,2409.22,低库存预警,20
2024-05-28,LFR-009,LFR,470,1872,694,30775.68,正常,23
2024-05-28,DUO-018,DUO,348,1197,706,3064.32,正常,21
2024-05-28,DUO-006,DUO,90,233,685,7700.65,过库存,7
2024-05-28,TLP-006,TLP,355,1120,367,31864.0,正常,29
2024-05-28,WLC-023,WLC,158,243,694,5812.56,正常,4
2024-05-28,VEN-005,VEN,272,545,425,9924.45,正常,11
2024-05-28,TLM-004,TLM,398,45,740,1460.25,过库存,1
2024-05-28,BUM-018,BUM,266,1645,107,27043.8,过库存,13
2024-05-28,LRB-019,LRB,59,170,797,5756.2,低库存预警,19
2024-05-28,DUO-003,DUO,374,1347,587,2141.73,正常,30
2024-05-28,LFR-010,LFR,301,484,639,10105.92,正常,20
2024-05-28,LRB-009,LRB,483,694,142,18765.76,正常,18
2024-05-28,HND-027,HND,285,633,697,15698.4,低库存预警,28
2024-05-28,TLP-020,TLP,53,1246,466,2168.04,过库存,5
2024-05-28,TLP-003,TLP,469,470,337,7097.0,过库存,0
2024-05-28,DUO-023,DUO,391,627,206,20477.82,正常,18
2024-05-28,HND-009,HND,303,195,424,5939.7,正常,12
2024-05-28,BUM-001,BUM,156,390,727,2024.1,低库存预警,2
2024-05-28,VEN-017,VEN,441,109,277,2469.94,低库存预警,14
2024-05-28,DRH-022,DRH,301,919,370,11202.61,低库存预警,18
2024-05-28,BUM-024,BUM,283,1034,510,28693.5,正常,15
2024-05-28,DUO-008,DUO,361,1128,580,10907.76,低库存预警,17
2024-05-28,HND-021,HND,233,1822,672,48446.98,过库存,2
2024-05-28,TLP-019,TLP,430,1817,747,4578.84,正常,8
2024-05-28,TLP-012,TLP,226,1112,669,23741.2,正常,10
2024-05-28,BUM-020,BUM,242,408,365,13867.92,低库存预警,0
2024-05-28,HND-008,HND,118,1348,489,33403.44,正常,15
2024-05-28,CUP-008,CUP,489,1620,317,3402.0,正常,30
2024-05-28,LRB-022,LRB,302,750,403,13230.0,正常,5
2024-05-28,TLP-008,TLP,48,1676,556,40089.92,过库存,15
2024-05-28,HND-003,HND,49,1384,123,14878.0,过库存,2
2024-05-28,VEN-001,VEN,365,1045,452,3657.5,低库存预警,25
2024-05-28,VEN-014,VEN,14,474,312,3365.4,正常,3
2024-05-28,HND-002,HND,459,191,461,1757.2,正常,17
2024-05-28,LFR-005,LFR,336,1777,427,3038.67,正常,18
2024-05-28,DUO-012,DUO,315,1494,716,17076.42,正常,9
2024-05-28,LRB-003,LRB,32,446,383,8759.44,低库存预警,27
2024-05-28,HND-026,HND,171,1498,159,44355.78,低库存预警,2
2024-05-28,DRH-016,DRH,43,539,365,10494.33,正常,30
2024-05-28,LRB-015,LRB,187,1213,368,25642.82,低库存预警,0
2024-05-29,LFR-021,LFR,351,500,349,9785.0,正常,17
2024-05-29,DRH-011,DRH,368,1274,392,38793.3,正常,21
2024-05-29,TLP-025,TLP,147,1093,568,3355.51,低库存预警,10
2024-05-29,CUP-019,CUP,427,1663,536,28936.2,过库存,16
2024-05-29,HND-014,HND,432,723,585,16397.64,过库存,10
2024-05-29,CUP-016,CUP,123,305,513,4608.55,低库存预警,21
2024-05-29,TLP-010,TLP,198,1571,567,7367.99,过库存,4
2024-05-29,VEN-028,VEN,352,1743,121,31217.13,正常,24
2024-05-29,DUO-015,DUO,147,1622,733,33607.84,正常,17
2024-05-29,DUO-008,DUO,280,1764,256,17057.88,正常,7
2024-05-29,BUM-009,BUM,124,352,772,7789.76,正常,13
2024-05-29,WLC-022,WLC,351,818,620,27476.62,正常,17
2024-05-29,TLP-019,TLP,357,26,265,65.52,正常,23
2024-05-29,TLM-028,TLM,278,378,293,12477.78,过库存,27
2024-05-29,TLP-018,TLP,264,982,733,17528.7,正常,30
2024-05-29,TLM-017,TLM,278,1403,269,18673.93,过库存,22
2024-05-29,TLM-011,TLM,83,509,489,17499.42,正常,22
2024-05-29,VEN-013,VEN,46,1941,798,60423.33,正常,10
2024-05-29,VEN-029,VEN,63,1049,432,12157.91,正常,21
2024-05-29,DRH-017,DRH,214,213,188,1101.21,正常,23
2024-05-29,VEN-020,VEN,266,667,454,1287.31,低库存预警,6
2024-05-29,TLM-003,TLM,451,1526,290,12391.12,正常,6
2024-05-29,BUM-006,BUM,364,1999,488,45717.13,正常,28
2024-05-29,LRB-005,LRB,261,1188,297,29165.4,过库存,16
2024-05-29,CUP-004,CUP,201,1548,664,52895.16,过库存,11
2024-05-29,DUO-019,DUO,481,331,689,4839.22,过库存,12
2024-05-29,DUO-016,DUO,406,1849,636,41990.79,低库存预警,25
2024-05-29,TLM-023,TLM,322,6,284,184.56,低库存预警,16
2024-05-29,WLC-017,WLC,80,1507,449,3888.06,过库存,19
2024-05-29,TLP-007,TLP,84,289,727,3363.96,正常,22
2024-05-29,TLP-024,TLP,175,1513,230,5295.5,正常,13
2024-05-29,TLM-009,TLM,439,1849,634,38015.44,正常,30
2024-05-29,BUM-026,BUM,294,639,114,7080.12,正常,0
2024-05-29,BUM-017,BUM,335,1457,464,8538.02,正常,6
2024-05-29,DUO-005,DUO,132,109,313,1299.28,正常,26
2024-05-29,BUM-013,BUM,33,4,380,23.4,正常,0
2024-05-29,DUO-013,DUO,176,61,179,216.55,正常,24
2024-05-29,CUP-002,CUP,164,1883,785,9038.4,正常,10
2024-05-29,BUM-015,BUM,200,1850,759,21127.0,正常,20
2024-05-29,CUP-025,CUP,188,1048,279,34164.8,正常,24
2024-05-29,VEN-027,VEN,29,1407,605,12634.86,过库存,9
2024-05-29,LRB-007,LRB,461,395,557,2042.15,正常,25
2024-05-29,LFR-013,LFR,196,1657,774,19005.79,正常,8
2024-05-29,HND-007,HND,312,1135,229,4449.2,正常,9
2024-05-29,CUP-024,CUP,437,1114,225,2060.9,正常,19
2024-05-29,BUM-005,BUM,399,369,225,6092.19,正常,11
2024-05-29,DUO-018,DUO,354,1594,327,4080.64,过库存,13
2024-05-29,HND-023,HND,26,1669,318,15738.67,正常,22
2024-05-29,HND-024,HND,124,650,564,13604.5,过库存,25
2024-05-29,CUP-018,CUP,428,1807,748,33375.29,正常,22
2024-05-29,BUM-011,BUM,364,10,550,286.8,低库存预警,30
2024-05-29,WLC-004,WLC,37,126,788,830.34,正常,9
2024-05-29,HND-003,HND,269,1670,454,17952.5,正常,20
2024-05-29,DRH-004,DRH,39,711,777,10650.78,正常,1
2024-05-29,CUP-026,CUP,464,1300,344,15119.0,过库存,20
2024-05-29,DRH-026,DRH,134,61,189,182.39,正常,27
2024-05-29,CUP-006,CUP,12,1208,744,22939.92,低库存预警,19
2024-05-29,LRB-002,LRB,342,1005,375,25918.95,正常,23
2024-05-29,BUM-012,BUM,356,987,239,26037.06,正常,7
2024-05-29,TLP-013,TLP,234,1245,185,2888.4,低库存预警,5
2024-05-30,VEN-008,VEN,122,1304,316,43318.88,过库存,6
2024-05-30,DUO-021,DUO,390,404,436,3813.76,正常,21
2024-05-30,HND-004,HND,44,1144,677,14860.56,低库存预警,26
2024-05-30,TLP-007,TLP,462,1501,616,17471.64,过库存,4
2024-05-30,BUM-004,BUM,378,42,772,1357.86,正常,15
2024-05-30,TLP-009,TLP,217,1516,690,38748.96,低库存预警,18
2024-05-30,LFR-006,LFR,8,816,275,6136.32,正常,18
2024-05-30,CUP-027,CUP,250,181,681,3629.05,低库存预警,17
2024-05-30,BUM-019,BUM,282,150,192,2800.5,过库存,19
2024-05-30,HND-010,HND,258,1662,684,53732.46,过库存,3
2024-05-30,BUM-011,BUM,87,97,621,2781.96,正常,9
2024-05-30,DRH-012,DRH,472,1866,769,45754.32,正常,15
2024-05-30,BUM-025,BUM,219,468,700,10539.36,正常,7
2024-05-30,LFR-010,LFR,395,1379,534,28793.52,过库存,27
2024-05-30,DRH-013,DRH,408,644,166,5287.24,正常,9
2024-05-30,WLC-024,WLC,235,1675,745,11306.25,过库存,12
2024-05-30,DRH-001,DRH,222,1651,315,49414.43,过库存,26
2024-05-30,DRH-016,DRH,412,1712,739,33332.64,低库存预警,4
2024-05-30,DUO-017,DUO,240,888,252,11970.24,正常,6
2024-05-30,CUP-004,CUP,319,561,749,19169.37,正常,4
2024-05-30,CUP-022,CUP,258,160,541,2428.8,低库存预警,28
2024-05-30,CUP-017,CUP,131,845,774,10469.55,正常,5
2024-05-30,DRH-004,DRH,407,1933,172,28956.34,正常,18
2024-05-30,CUP-006,CUP,370,70,763,1329.3,正常,0
2024-05-30,DRH-018,DRH,168,1309,261,26860.68,过库存,23
2024-05-30,VEN-009,VEN,338,657,341,5978.7,过库存,20
2024-05-30,VEN-025,VEN,332,1628,711,22091.96,过库存,29
2024-05-30,LRB-003,LRB,346,1683,364,33054.12,低库存预警,11
2024-05-30,VEN-011,VEN,189,1707,232,55153.17,低库存预警,20
2024-05-30,TLP-019,TLP,301,1587,413,3999.24,正常,22
2024-05-30,LRB-013,LRB,125,544,112,18691.84,正常,7
2024-05-30,TLP-014,TLP,320,175,414,5685.75,正常,25
2024-05-30,DRH-010,DRH,460,1649,647,10817.44,正常,10
2024-05-30,CUP-015,CUP,155,1095,300,33364.65,正常,14
2024-05-30,HND-015,HND,149,1329,167,18433.23,正常,19
2024-05-30,CUP-003,CUP,427,588,774,20109.6,正常,20
2024-05-30,CUP-014,CUP,273,1091,150,20565.35,正常,21
2024-05-30,TLM-028,TLM,110,542,121,17891.42,正常,27
2024-05-30,TLP-017,TLP,243,442,765,12787.06,正常,5
2024-05-30,LFR-022,LFR,330,847,429,29526.42,正常,26
2024-05-30,CUP-010,CUP,225,1625,438,46653.75,低库存预警,8
2024-05-30,WLC-002,WLC,17,1562,691,40330.84,过库存,17
2024-05-30,TLM-014,TLM,225,856,155,18455.36,低库存预警,30
2024-05-30,BUM-013,BUM,258,389,400,2275.65,正常,24
2024-05-30,TLP-011,TLP,382,399,495,13673.73,正常,6
2024-05-30,DUO-006,DUO,98,1426,716,47129.3,过库存,10
2024-05-30,VEN-002,VEN,416,856,169,28556.16,低库存预警,3
2024-05-30,WLC-022,WLC,125,309,269,10379.31,低库存预警,9
2024-05-30,BUM-026,BUM,343,1632,253,18082.56,正常,19
2024-05-30,DUO-024,DUO,108,262,540,2580.7,正常,1
2024-05-30,HND-026,HND,97,1763,622,52202.43,低库存预警,0
2024-05-30,TLP-015,TLP,108,1996,604,40219.4,过库存,5
2024-05-30,BUM-002,BUM,43,260,735,5634.2,过库存,19
2024-05-30,WLC-025,WLC,490,1450,655,38570.0,低库存预警,19
2024-05-30,VEN-024,VEN,420,456,218,6156.0,正常,30
2024-05-30,VEN-026,VEN,88,524,246,11119.28,低库存预警,17
2024-05-30,TLP-018,TLP,392,1070,518,19099.5,正常,18
2024-05-30,TLM-020,TLM,197,643,325,20267.36,正常,24
2024-05-30,DRH-029,DRH,210,1606,338,30594.3,正常,16
2024-05-30,HND-008,HND,3,360,589,8920.8,正常,21
2024-05-31,DRH-021,DRH,296,831,428,3182.73,正常,13
2024-05-31,TLM-007,TLM,318,1436,348,4781.88,过库存,5
2024-05-31,TLP-009,TLP,298,1832,123,46825.92,正常,21
2024-05-31,DUO-008,DUO,474,144,403,1392.48,正常,8
2024-05-31,DRH-008,DRH,453,609,431,21235.83,过库存,10
2024-05-31,CUP-017,CUP,321,563,118,6975.57,正常,21
2024-05-31,BUM-001,BUM,448,136,466,705.84,正常,19
2024-05-31,BUM-014,BUM,335,1388,393,10521.04,低库存预警,19
2024-05-31,HND-001,HND,103,969,226,6443.85,正常,2
2024-05-31,TLP-021,TLP,48,356,199,3090.08,正常,18
2024-05-31,DUO-006,DUO,177,1491,754,49277.55,正常,26
2024-05-31,DRH-022,DRH,101,1678,141,20454.82,正常,29
2024-05-31,DUO-007,DUO,420,1377,427,16716.78,正常,19
2024-05-31,LFR-007,LFR,70,533,170,1854.84,低库存预警,16
2024-05-31,LRB-018,LRB,379,640,739,6937.6,正常,6
2024-05-31,DUO-002,DUO,61,370,131,6323.3,低库存预警,10
2024-05-31,VEN-009,VEN,168,1291,570,11748.1,低库存预警,22
2024-05-31,TLM-015,TLM,181,721,569,5371.45,低库存预警,15
2024-05-31,WLC-015,WLC,316,1815,296,39167.7,过库存,26
2024-05-31,BUM-020,BUM,331,340,157,11556.6,正常,22
2024-05-31,BUM-005,BUM,35,1631,541,26927.81,正常,19
2024-05-31,TLP-015,TLP,252,1723,724,34718.45,低库存预警,11
2024-05-31,TLP-019,TLP,427,1161,611,2925.72,正常,10
2024-05-31,DUO-015,DUO,113,1000,173,20720.0,正常,23
2024-05-31,BUM-027,BUM,365,74,474,626.78,正常,8
2024-05-31,TLM-009,TLM,344,1256,683,25823.36,正常,9
2024-05-31,TLP-006,TLP,463,183,482,5206.35,正常,9
2024-05-31,TLM-008,TLM,333,79,636,1839.91,低库存预警,28
2024-05-31,TLM-004,TLM,415,1157,509,37544.65,正常,15
2024-05-31,VEN-008,VEN,100,513,508,17041.86,正常,14
2024-05-31,BUM-007,BUM,411,1023,644,10373.22,过库存,16
2024-05-31,BUM-010,BUM,198,537,528,16813.47,正常,15
2024-05-31,CUP-006,CUP,6,137,575,2601.63,正常,19
2024-05-31,TLP-008,TLP,196,195,155,4664.4,正常,11
2024-05-31,DUO-025,DUO,413,911,703,11086.87,正常,7
2024-05-31,HND-018,HND,60,1497,364,3517.95,正常,13
2024-05-31,DRH-014,DRH,1,1241,565,9394.37,正常,11
2024-05-31,TLP-005,TLP,366,1980,455,11385.0,过库存,30
2024-05-31,DRH-001,DRH,228,697,654,20861.21,正常,30
2024-05-31,VEN-021,VEN,125,1129,232,33587.75,低库存预警,12
2024-05-31,BUM-011,BUM,187,1132,449,32465.76,正常,29
2024-05-31,DRH-005,DRH,117,360,150,9273.6,正常,11
2024-05-31,VEN-018,VEN,153,693,667,4296.6,低库存预警,11
2024-05-31,HND-021,HND,55,792,726,21059.28,低库存预警,29
2024-05-31,CUP-009,CUP,3,698,396,21128.46,正常,7
2024-05-31,TLM-020,TLM,200,1280,347,40345.6,正常,6
2024-05-31,VEN-027,VEN,73,1925,477,17286.5,正常,22
2024-05-31,LRB-012,LRB,353,1623,260,6702.99,正常,8
2024-05-31,VEN-029,VEN,160,895,556,10373.05,正常,5
2024-05-31,CUP-005,CUP,212,1773,427,58296.24,正常,13
2024-05-31,LRB-008,LRB,492,995,780,31213.15,正常,21
2024-05-31,VEN-013,VEN,346,507,350,15782.91,正常,9
2024-05-31,LFR-002,LFR,185,1357,703,14709.88,过库存,15
2024-05-31,WLC-024,WLC,407,471,104,3179.25,正常,16
2024-05-31,CUP-012,CUP,386,926,642,14241.88,低库存预警,10
2024-05-31,BUM-016,BUM,7,1404,781,12327.12,正常,5
2024-05-31,HND-014,HND,276,578,725,13109.04,正常,15
2024-05-31,WLC-002,WLC,421,1491,168,38497.62,正常,2
2024-05-31,DUO-004,DUO,342,1641,676,34329.72,低库存预警,11
2024-05-31,TLP-001,TLP,328,510,244,3921.9,正常,17
2024-06-01,TLP-003,TLP,223,1003,306,15145.3,正常,10
2024-06-01,LFR-021,LFR,250,455,303,8904.35,正常,20
2024-06-01,LRB-015,LRB,206,1175,710,24839.5,过库存,1
2024-06-01,LFR-013,LFR,323,1790,469,20531.3,过库存,13
2024-06-01,BUM-008,BUM,225,878,520,26673.64,低库存预警,26
2024-06-01,BUM-023,BUM,176,734,699,4558.14,低库存预警,22
2024-06-01,TLP-018,TLP,381,1444,340,25775.4,低库存预警,18
2024-06-01,CUP-022,CUP,226,1524,599,23134.32,正常,0
2024-06-01,HND-021,HND,298,1290,778,34301.1,低库存预警,25
2024-06-01,DUO-010,DUO,495,676,698,10302.24,低库存预警,20
2024-06-01,DUO-007,DUO,165,1658,266,20128.12,正常,17
2024-06-01,VEN-015,VEN,195,1393,707,44339.19,正常,21
2024-06-01,HND-002,HND,379,1592,112,14646.4,正常,26
2024-06-01,LRB-021,LRB,411,1602,601,17477.82,过库存,7
2024-06-01,LRB-022,LRB,148,1962,307,34609.68,低库存预警,0
2024-06-01,TLM-020,TLM,186,1233,419,38864.16,正常,8
2024-06-01,LFR-020,LFR,493,609,759,18927.72,正常,9
2024-06-01,BUM-010,BUM,249,900,254,28179.0,低库存预警,16
2024-06-01,BUM-007,BUM,141,642,652,6509.88,正常,7
2024-06-01,HND-027,HND,475,602,175,14929.6,过库存,21
2024-06-01,HND-017,HND,34,1572,387,34552.56,正常,23
2024-06-01,LRB-006,LRB,309,1489,789,50894.02,正常,17
2024-06-01,CUP-024,CUP,127,99,176,183.15,正常,5
2024-06-01,LRB-014,LRB,132,8,203,151.68,正常,28
2024-06-01,WLC-011,WLC,171,1046,563,17102.1,过库存,6
2024-06-01,BUM-011,BUM,275,1042,581,29884.56,正常,13
2024-06-01,DRH-010,DRH,293,1370,491,8987.2,正常,3
2024-06-01,HND-007,HND,26,993,518,3892.56,过库存,0
2024-06-01,DUO-019,DUO,124,1807,719,26418.34,过库存,4
2024-06-01,WLC-003,WLC,281,106,356,769.56,正常,2
2024-06-01,DUO-015,DUO,108,262,513,5428.64,过库存,27
2024-06-01,LRB-001,LRB,223,1851,552,23341.11,正常,6
2024-06-01,VEN-024,VEN,382,199,145,2686.5,正常,28
2024-06-01,DUO-011,DUO,346,1098,449,6423.3,正常,9
2024-06-01,LRB-019,LRB,246,770,287,26072.2,低库存预警,13
2024-06-01,CUP-010,CUP,491,1845,190,52969.95,过库存,4
2024-06-01,TLP-024,TLP,306,73,506,255.5,低库存预警,16
2024-06-01,BUM-019,BUM,244,61,573,1138.87,正常,17
2024-06-01,DRH-026,DRH,47,486,438,1453.14,正常,24
2024-06-01,TLM-009,TLM,433,1612,107,33142.72,低库存预警,23
2024-06-01,LFR-002,LFR,268,244,791,2644.96,正常,3
2024-06-01,LRB-012,LRB,338,1490,208,6153.7,低库存预警,19
2024-06-01,LRB-020,LRB,287,1541,568,33701.67,过库存,24
2024-06-01,HND-026,HND,109,1593,525,47168.73,过库存,14
2024-06-01,VEN-012,VEN,183,1610,610,24069.5,正常,4
2024-06-01,WLC-009,WLC,96,1120,178,34641.6,低库存预警,13
2024-06-01,DUO-016,DUO,305,1137,230,25821.27,低库存预警,15
2024-06-01,TLP-010,TLP,231,1921,290,9009.49,过库存,26
2024-06-01,HND-003,HND,417,828,648,8901.0,过库存,30
2024-06-01,TLM-002,TLM,200,1584,588,7872.48,正常,2
2024-06-01,TLM-022,TLM,108,1080,252,4536.0,正常,7
2024-06-01,DRH-023,DRH,221,200,308,1644.0,正常,26
2024-06-01,VEN-025,VEN,190,1211,142,16433.27,低库存预警,7
2024-06-01,TLP-009,TLP,386,185,412,4728.6,正常,16
2024-06-01,VEN-006,VEN,322,806,380,11251.76,过库存,4
2024-06-01,VEN-017,VEN,347,1660,544,37615.6,低库存预警,16
2024-06-01,CUP-026,CUP,9,1115,262,12967.45,正常,13
2024-06-01,DUO-021,DUO,451,995,512,9392.8,正常,22
2024-06-01,CUP-028,CUP,441,1013,705,12348.47,正常,17
2024-06-01,VEN-011,VEN,290,1619,464,52309.89,正常,2
2024-06-02,DRH-007,DRH,81,1043,668,9157.54,低库存预警,20
2024-06-02,LRB-007,LRB,144,701,499,3624.17,过库存,0
2024-06-02,LRB-011,LRB,401,632,692,3349.6,正常,25
2024-06-02,BUM-014,BUM,430,79,754,598.82,过库存,30
2024-06-02,CUP-024,CUP,157,849,533,1570.65,正常,11
2024-06-02,TLM-018,TLM,143,1369,403,40563.47,过库存,17
2024-06-02,WLC-022,WLC,378,928,559,31171.52,正常,7
2024-06-02,CUP-006,CUP,318,845,245,16046.55,正常,30
2024-06-02,HND-008,HND,340,1336,747,33106.08,正常,24
2024-06-02,TLM-005,TLM,87,1276,269,27255.36,正常,17
2024-06-02,DRH-016,DRH,350,390,215,7593.3,过库存,21
2024-06-02,HND-010,HND,291,207,500,6692.31,正常,5
2024-06-02,WLC-006,WLC,364,1986,787,23653.26,正常,6
2024-06-02,TLP-018,TLP,263,1716,333,30630.6,低库存预警,11
2024-06-02,VEN-026,VEN,121,244,626,5177.68,正常,11
2024-06-02,VEN-024,VEN,243,970,354,13095.0,低库存预警,18
2024-06-02,TLM-002,TLM,434,771,667,3831.87,过库存,18
2024-06-02,LFR-009,LFR,61,1811,455,29772.84,正常,2
2024-06-02,HND-016,HND,245,379,541,5764.59,正常,7
2024-06-02,DUO-006,DUO,380,997,581,32950.85,过库存,6
2024-06-02,LRB-009,LRB,337,1976,407,53431.04,正常,13
2024-06-02,TLP-003,TLP,385,1203,320,18165.3,过库存,2
2024-06-02,WLC-005,WLC,414,1356,533,5207.04,正常,4
2024-06-02,VEN-015,VEN,494,1788,441,56912.04,正常,2
2024-06-02,TLM-020,TLM,260,1165,781,36720.8,过库存,15
2024-06-02,DRH-015,DRH,365,26,358,193.96,正常,15
2024-06-02,CUP-021,CUP,238,1981,393,54418.07,正常,11
2024-06-02,DRH-008,DRH,264,1747,324,60917.89,正常,30
2024-06-02,WLC-004,WLC,477,573,363,3776.07,低库存预警,27
2024-06-02,VEN-005,VEN,373,1547,109,28170.87,正常,26
2024-06-02,BUM-012,BUM,105,100,486,2638.0,低库存预警,23
2024-06-02,TLM-001,TLM,49,1352,307,9234.16,正常,1
2024-06-02,BUM-015,BUM,416,1961,719,22394.62,过库存,23
2024-06-02,VEN-002,VEN,27,920,165,30691.2,正常,17
2024-06-02,TLP-007,TLP,486,822,722,9568.08,正常,8
2024-06-02,BUM-003,BUM,283,640,681,11302.4,正常,0
2024-06-02,VEN-011,VEN,139,213,555,6882.03,低库存预警,30
2024-06-02,BUM-004,BUM,166,373,629,12059.09,正常,7
2024-06-02,VEN-009,VEN,468,412,707,3749.2,正常,26
2024-06-02,DUO-003,DUO,436,797,545,1267.23,低库存预警,2
2024-06-02,LRB-008,LRB,267,166,549,5207.42,正常,1
2024-06-02,WLC-014,WLC,259,1560,726,13478.4,低库存预警,30
2024-06-02,VEN-021,VEN,451,419,142,12465.25,过库存,11
2024-06-02,DUO-025,DUO,104,695,123,8458.15,正常,7
2024-06-02,TLP-011,TLP,147,1010,570,34612.7,正常,7
2024-06-02,LRB-021,LRB,85,1758,370,19179.78,正常,2
2024-06-02,LRB-014,LRB,440,885,487,16779.6,正常,23
2024-06-02,CUP-005,CUP,21,1714,700,56356.32,过库存,24
2024-06-02,LRB-018,LRB,79,22,674,238.48,正常,6
2024-06-02,TLP-016,TLP,109,498,351,12863.34,低库存预警,30
2024-06-02,LFR-012,LFR,199,1504,206,26816.32,正常,19
2024-06-02,TLP-013,TLP,16,723,254,1677.36,低库存预警,21
2024-06-02,WLC-001,WLC,480,426,360,7863.96,低库存预警,26
2024-06-02,TLP-006,TLP,312,851,638,24210.95,正常,6
2024-06-02,BUM-010,BUM,409,286,792,8954.66,正常,18
2024-06-02,DRH-003,DRH,159,842,617,7839.02,正常,7
2024-06-02,TLP-019,TLP,16,1309,290,3298.68,低库存预警,15
2024-06-02,DRH-005,DRH,1,1650,515,42504.0,低库存预警,7
2024-06-02,TLP-008,TLP,200,1547,775,37004.24,正常,0
2024-06-02,WLC-019,WLC,129,1592,173,31330.56,正常,24
2024-06-03,CUP-021,CUP,347,1725,247,47385.75,正常,4
2024-06-03,BUM-019,BUM,473,275,124,5134.25,过库存,30
2024-06-03,VEN-016,VEN,256,1959,273,65411.01,正常,14
2024-06-03,BUM-015,BUM,443,487,137,5561.54,低库存预警,9
2024-06-03,WLC-016,WLC,98,455,595,14100.45,过库存,18
2024-06-03,TLP-017,TLP,64,881,190,25487.33,正常,23
2024-06-03,DUO-016,DUO,364,1435,588,32588.85,过库存,10
2024-06-03,DRH-017,DRH,284,616,586,3184.72,低库存预警,23
2024-06-03,LRB-014,LRB,471,1368,645,25937.28,正常,2
2024-06-03,VEN-010,VEN,311,156,488,2043.6,低库存预警,8
2024-06-03,HND-004,HND,377,80,485,1039.2,正常,3
2024-06-03,WLC-013,WLC,285,234,523,5475.6,正常,5
2024-06-03,HND-003,HND,258,1114,374,11975.5,正常,3
2024-06-03,CUP-006,CUP,120,238,653,4519.62,正常,16
2024-06-03,LFR-016,LFR,200,367,277,6169.27,正常,15
2024-06-03,LFR-007,LFR,224,994,419,3459.12,低库存预警,5
2024-06-03,TLM-014,TLM,409,955,661,20589.8,正常,21
2024-06-03,HND-026,HND,124,321,180,9504.81,正常,28
2024-06-03,TLP-019,TLP,304,253,667,637.56,正常,26
2024-06-03,VEN-021,VEN,96,1683,373,50069.25,低库存预警,26
2024-06-03,CUP-007,CUP,244,1588,208,33554.44,过库存,18
2024-06-03,LRB-022,LRB,459,1647,707,29053.08,正常,14
2024-06-03,VEN-012,VEN,292,903,279,13499.85,低库存预警,20
2024-06-03,TLP-009,TLP,114,1298,207,33176.88,低库存预警,22
2024-06-03,TLP-011,TLP,104,966,534,33104.82,正常,28
2024-06-03,CUP-028,CUP,7,483,324,5887.77,正常,3
2024-06-03,LFR-002,LFR,486,1609,162,17441.56,低库存预警,4
2024-06-03,VEN-019,VEN,139,1858,778,32236.3,低库存预警,16
2024-06-03,DRH-007,DRH,416,248,322,2177.44,低库存预警,13
2024-06-03,HND-028,HND,74,1140,307,11046.6,正常,26
2024-06-03,TLM-026,TLM,346,1879,214,34949.4,低库存预警,20
2024-06-03,TLM-024,TLM,233,1371,254,22292.46,正常,3
2024-06-03,VEN-023,VEN,8,166,186,1258.28,正常,20
2024-06-03,HND-021,HND,216,1348,694,35843.32,正常,16
2024-06-03,TLM-001,TLM,392,1130,284,7717.9,正常,20
2024-06-03,BUM-021,BUM,419,1629,789,37043.46,正常,30
2024-06-03,WLC-011,WLC,289,1644,291,26879.4,正常,8
2024-06-03,CUP-008,CUP,126,241,788,506.1,正常,13
2024-06-03,CUP-001,CUP,84,1357,771,8956.2,低库存预警,5
2024-06-03,WLC-018,WLC,127,990,156,32194.8,过库存,18
2024-06-03,HND-025,HND,37,6,111,54.84,正常,23
2024-06-03,DRH-005,DRH,2,1351,445,34801.76,正常,18
2024-06-03,WLC-005,WLC,144,355,340,1363.2,低库存预警,29
2024-06-03,TLM-011,TLM,129,51,212,1753.38,正常,21
2024-06-03,CUP-005,CUP,468,1323,486,43500.24,过库存,23
2024-06-03,CUP-013,CUP,58,1888,765,36627.2,正常,23
2024-06-03,BUM-014,BUM,388,611,691,4631.38,低库存预警,16
2024-06-03,HND-019,HND,382,266,357,5713.68,低库存预警,12
2024-06-03,TLP-007,TLP,379,522,385,6076.08,正常,1
2024-06-03,WLC-009,WLC,193,318,110,9835.74,过库存,26
2024-06-03,WLC-022,WLC,40,364,562,12226.76,过库存,14
2024-06-03,BUM-017,BUM,208,959,141,5619.74,低库存预警,27
2024-06-03,VEN-028,VEN,59,1686,611,30196.26,过库存,2
2024-06-03,HND-008,HND,15,1860,760,46090.8,过库存,15
2024-06-03,TLP-024,TLP,44,167,632,584.5,正常,17
2024-06-03,BUM-004,BUM,237,219,155,7080.27,正常,25
2024-06-03,DRH-011,DRH,203,1235,113,37605.75,低库存预警,18
2024-06-03,LFR-012,LFR,283,643,252,11464.69,低库存预警,4
2024-06-03,CUP-019,CUP,182,1046,128,18200.4,正常,19
2024-06-03,LFR-017,LFR,47,371,590,8967.07,正常,13
2024-06-04,BUM-014,BUM,44,1426,555,10809.08,过库存,28
2024-06-04,LRB-016,LRB,375,949,228,22567.22,正常,18
2024-06-04,DRH-003,DRH,421,1340,455,12475.4,低库存预警,23
2024-06-04,VEN-012,VEN,48,1093,435,16340.35,正常,25
2024-06-04,DRH-029,DRH,409,745,504,14192.25,过库存,2
2024-06-04,HND-003,HND,374,1146,637,12319.5,过库存,20
2024-06-04,VEN-007,VEN,350,842,191,12798.4,正常,27
2024-06-04,CUP-018,CUP,116,1718,263,31731.46,正常,2
2024-06-04,TLM-019,TLM,113,21,348,619.29,正常,23
2024-06-04,DUO-011,DUO,312,1098,308,6423.3,过库存,19
2024-06-04,BUM-009,BUM,492,1432,520,31690.16,正常,28
2024-06-04,LFR-007,LFR,494,1569,119,5460.12,过库存,29
2024-06-04,BUM-020,BUM,259,1348,283,45818.52,正常,12
2024-06-04,CUP-028,CUP,277,1281,510,15615.39,低库存预警,18
2024-06-04,TLP-018,TLP,194,448,621,7996.8,过库存,28
2024-06-04,TLM-012,TLM,288,79,255,2335.24,低库存预警,24
2024-06-04,TLM-017,TLM,271,150,136,1996.5,正常,24
2024-06-04,DUO-006,DUO,387,1894,264,62596.7,过库存,30
2024-06-04,BUM-018,BUM,221,1311,539,21552.84,正常,24
2024-06-04,LRB-008,LRB,277,1401,748,43949.37,正常,20
2024-06-04,BUM-012,BUM,269,1411,202,37222.18,正常,19
2024-06-04,DUO-010,DUO,414,1813,352,27630.12,过库存,12
2024-06-04,DRH-030,DRH,381,975,176,5255.25,正常,1
2024-06-04,TLM-027,TLM,375,349,402,5273.39,正常,18
2024-06-04,LFR-020,LFR,80,199,681,6184.92,低库存预警,27
2024-06-04,DUO-004,DUO,363,1708,197,35731.36,低库存预警,9
2024-06-04,LFR-016,LFR,56,268,552,4505.08,正常,3
2024-06-04,TLM-001,TLM,15,1926,501,13154.58,过库存,7
2024-06-04,HND-021,HND,380,1993,203,52993.87,低库存预警,11
2024-06-04,TLM-018,TLM,61,1417,117,41985.71,正常,1
2024-06-04,TLM-002,TLM,263,974,257,4840.78,过库存,9
2024-06-04,LRB-011,LRB,1,443,473,2347.9,正常,10
2024-06-04,BUM-008,BUM,90,528,141,16040.64,过库存,0
2024-06-04,TLM-011,TLM,165,1147,588,39433.86,正常,16
2024-06-04,WLC-018,WLC,69,42,301,1365.84,正常,8
2024-06-04,TLM-023,TLM,439,1547,201,47585.72,低库存预警,25
2024-06-04,DRH-011,DRH,436,587,753,17874.15,正常,7
2024-06-04,WLC-009,WLC,348,1340,657,41446.2,正常,25
2024-06-04,CUP-021,CUP,259,1657,430,45517.79,过库存,11
2024-06-04,TLP-020,TLP,350,1333,112,2319.42,过库存,4
2024-06-04,TLP-011,TLP,407,1578,592,54078.06,过库存,16
2024-06-04,WLC-025,WLC,60,1857,605,49396.2,正常,1
2024-06-04,DRH-025,DRH,260,1246,410,13095.46,正常,27
2024-06-04,VEN-026,VEN,55,40,273,848.8,低库存预警,2
2024-06-04,DRH-001,DRH,366,389,731,11642.77,正常,16
2024-06-04,DRH-020,DRH,234,1144,132,34708.96,低库存预警,20
2024-06-04,LFR-021,LFR,259,93,660,1820.01,低库存预警,30
2024-06-04,HND-024,HND,19,1748,107,36585.64,正常,13
2024-06-04,VEN-021,VEN,388,406,719,12078.5,正常,26
2024-06-04,VEN-004,VEN,289,551,276,17830.36,过库存,19
2024-06-04,TLP-010,TLP,420,1055,183,4947.95,正常,16
2024-06-04,TLP-021,TLP,480,1477,609,12820.36,正常,14
2024-06-04,DRH-024,DRH,365,808,193,6423.6,正常,0
2024-06-04,HND-026,HND,415,1633,147,48353.13,正常,20
2024-06-04,VEN-009,VEN,373,70,211,637.0,正常,17
2024-06-04,HND-016,HND,497,1385,372,21065.85,过库存,21
2024-06-04,DRH-027,DRH,376,1119,667,27919.05,正常,19
2024-06-04,WLC-006,WLC,1,393,598,4680.63,正常,7
2024-06-04,VEN-028,VEN,453,862,717,15438.42,正常,9
2024-06-04,DRH-012,DRH,349,513,174,12578.76,低库存预警,12
2024-06-05,WLC-011,WLC,59,1501,447,24541.35,正常,9
2024-06-05,TLM-012,TLM,426,580,266,17144.8,低库存预警,10
2024-06-05,TLM-028,TLM,74,1116,486,36839.16,正常,8
2024-06-05,WLC-001,WLC,341,1981,411,36569.26,正常,29
2024-06-05,HND-027,HND,478,744,113,18451.2,正常,3
2024-06-05,DRH-010,DRH,316,743,439,4874.08,低库存预警,21
2024-06-05,VEN-012,VEN,57,1030,643,15398.5,低库存预警,20
2024-06-05,HND-014,HND,157,230,633,5216.4,正常,20
2024-06-05,CUP-023,CUP,363,1187,424,15051.16,正常,29
2024-06-05,TLP-023,TLP,128,679,763,17287.34,正常,19
2024-06-05,BUM-023,BUM,94,515,243,3198.15,正常,21
2024-06-05,TLP-025,TLP,319,1738,329,5335.66,正常,13
2024-06-05,DUO-024,DUO,209,372,720,3664.2,过库存,4
2024-06-05,VEN-024,VEN,390,1397,530,18859.5,过库存,0
2024-06-05,WLC-012,WLC,347,254,717,3017.52,正常,6
2024-06-05,TLP-012,TLP,128,961,385,20517.35,低库存预警,4
2024-06-05,CUP-009,CUP,377,1809,480,54758.43,正常,6
2024-06-05,DRH-027,DRH,196,923,364,23028.85,低库存预警,2
2024-06-05,BUM-020,BUM,216,1479,692,50271.21,正常,2
2024-06-05,DUO-021,DUO,228,616,494,5815.04,低库存预警,23
2024-06-05,LRB-011,LRB,225,320,729,1696.0,正常,2
2024-06-05,WLC-002,WLC,165,1928,722,49780.96,正常,5
2024-06-05,LFR-002,LFR,104,204,401,2211.36,正常,16
2024-06-05,LRB-013,LRB,5,1024,621,35184.64,正常,17
2024-06-05,DUO-023,DUO,390,1997,439,65222.02,低库存预警,5
2024-06-05,CUP-014,CUP,29,1735,230,32704.75,正常,10
2024-06-05,TLP-010,TLP,180,434,580,2035.46,正常,11
2024-06-05,CUP-002,CUP,107,1336,138,6412.8,低库存预警,6
2024-06-05,HND-022,HND,117,1404,767,45279.0,过库存,29
2024-06-05,CUP-024,CUP,31,394,344,728.9,过库存,29
2024-06-05,LRB-020,LRB,46,398,237,8704.26,正常,19
2024-06-05,WLC-020,WLC,223,828,796,9762.12,低库存预警,0
2024-06-05,WLC-009,WLC,5,1102,570,34084.86,正常,18
2024-06-05,BUM-022,BUM,62,1709,533,26985.11,低库存预警,30
2024-06-05,VEN-013,VEN,4,482,190,15004.66,正常,9
2024-06-05,VEN-001,VEN,303,895,252,3132.5,正常,18
2024-06-05,TLM-002,TLM,407,1235,716,6137.95,低库存预警,29
2024-06-05,DUO-017,DUO,260,1204,594,16229.92,正常,12
2024-06-05,TLM-001,TLM,117,897,133,6126.51,正常,6
2024-06-05,DUO-005,DUO,175,1700,421,20264.0,正常,29
2024-06-05,VEN-027,VEN,425,719,687,6456.62,低库存预警,13
2024-06-05,HND-028,HND,343,1261,148,12219.09,正常,1
2024-06-05,VEN-030,VEN,400,368,667,4261.44,正常,21
2024-06-05,HND-013,HND,362,0,394,0.0,过库存,12
2024-06-05,CUP-029,CUP,394,1669,257,3755.25,低库存预警,30
2024-06-05,DRH-026,DRH,333,449,220,1342.51,低库存预警,6
2024-06-05,WLC-022,WLC,498,709,104,23815.31,正常,22
2024-06-05,HND-015,HND,355,787,270,10915.69,低库存预警,7
2024-06-05,TLM-027,TLM,165,965,481,14581.15,正常,16
2024-06-05,VEN-008,VEN,327,1360,222,45179.2,低库存预警,6
2024-06-05,CUP-001,CUP,371,1185,414,7821.0,正常,9
2024-06-05,VEN-010,VEN,9,1974,772,25859.4,正常,1
2024-06-05,DUO-006,DUO,272,1453,609,48021.65,低库存预警,7
2024-06-05,HND-002,HND,182,790,494,7268.0,过库存,8
2024-06-05,LFR-007,LFR,498,247,450,859.56,过库存,6
2024-06-05,WLC-018,WLC,203,240,604,7804.8,正常,5
2024-06-05,HND-006,HND,494,1054,580,12447.74,低库存预警,22
2024-06-05,TLM-004,TLM,418,89,390,2888.05,正常,26
2024-06-05,TLP-015,TLP,437,941,430,18961.15,过库存,24
2024-06-05,VEN-022,VEN,155,1293,515,43380.15,正常,2
2024-06-06,VEN-020,VEN,61,136,611,262.48,正常,27
2024-06-06,TLM-026,TLM,343,90,260,1674.0,正常,15
2024-06-06,DRH-024,DRH,237,1546,138,12290.7,正常,11
2024-06-06,TLM-019,TLM,67,489,571,14420.61,正常,19
2024-06-06,BUM-012,BUM,493,1077,690,28411.26,低库存预警,24
2024-06-06,WLC-006,WLC,162,796,134,9480.36,低库存预警,6
2024-06-06,WLC-002,WLC,37,692,295,17867.44,正常,0
2024-06-06,CUP-028,CUP,71,173,334,2108.87,过库存,13
2024-06-06,DUO-005,DUO,32,1876,570,22361.92,正常,28
2024-06-06,DRH-013,DRH,26,1672,394,13727.12,过库存,22
2024-06-06,VEN-006,VEN,386,1006,469,14043.76,正常,11
2024-06-06,DUO-012,DUO,68,1721,164,19671.03,正常,29
2024-06-06,HND-003,HND,335,1072,599,11524.0,低库存预警,30
2024-06-06,TLM-008,TLM,16,681,434,15860.49,正常,26
2024-06-06,CUP-008,CUP,219,940,619,1974.0,正常,3
2024-06-06,DRH-008,DRH,489,741,768,25838.67,低库存预警,30
2024-06-06,BUM-011,BUM,478,1350,545,38718.0,正常,15
2024-06-06,LFR-006,LFR,249,1892,274,14227.84,过库存,8
2024-06-06,LRB-020,LRB,142,595,479,13012.65,低库存预警,25
2024-06-06,LRB-007,LRB,400,312,790,1613.04,正常,7
2024-06-06,BUM-010,BUM,214,587,320,18378.97,低库存预警,28
2024-06-06,TLP-025,TLP,398,912,776,2799.84,正常,7
2024-06-06,WLC-005,WLC,246,416,756,1597.44,过库存,23
2024-06-06,DRH-027,DRH,451,1599,538,39895.05,正常,21
2024-06-06,WLC-003,WLC,279,905,778,6570.3,正常,9
2024-06-06,DRH-011,DRH,58,1225,307,37301.25,正常,30
2024-06-06,CUP-010,CUP,406,2,415,57.42,正常,3
2024-06-06,BUM-026,BUM,10,482,330,5340.56,正常,10
2024-06-06,TLM-012,TLM,179,1864,650,55099.84,正常,5
2024-06-06,VEN-022,VEN,92,299,129,10031.45,正常,19
2024-06-06,LFR-007,LFR,208,1111,275,3866.28,正常,10
2024-06-06,DUO-021,DUO,234,1683,685,15887.52,正常,8
2024-06-06,LRB-004,LRB,196,1591,705,20810.28,低库存预警,0
2024-06-06,BUM-021,BUM,90,1187,521,26992.38,正常,12
2024-06-06,WLC-018,WLC,355,41,749,1333.32,正常,21
2024-06-06,HND-028,HND,217,36,233,348.84,过库存,13
2024-06-06,DRH-012,DRH,20,179,325,4389.08,过库存,8
2024-06-06,TLP-008,TLP,53,176,537,4209.92,正常,16
2024-06-06,TLM-002,TLM,480,166,115,825.02,正常,0
2024-06-06,CUP-009,CUP,472,1764,204,53396.28,低库存预警,28
2024-06-06,BUM-013,BUM,219,945,334,5528.25,正常,11
2024-06-06,LFR-016,LFR,192,1440,223,24206.4,低库存预警,18
2024-06-06,TLM-003,TLM,438,1333,217,10823.96,正常,11
2024-06-06,WLC-013,WLC,439,1461,697,34187.4,低库存预警,26
2024-06-06,DUO-014,DUO,283,577,761,6687.43,低库存预警,18
2024-06-06,CUP-014,CUP,229,1171,228,22073.35,正常,19
2024-06-06,TLM-009,TLM,396,1642,458,33759.52,正常,6
2024-06-06,CUP-018,CUP,234,9,571,166.23,过库存,2
2024-06-06,WLC-001,WLC,353,1829,243,33763.34,正常,22
2024-06-06,VEN-002,VEN,160,988,290,32959.68,正常,19
2024-06-06,TLM-022,TLM,294,901,158,3784.2,正常,14
2024-06-06,WLC-012,WLC,281,1689,521,20065.32,正常,15
2024-06-06,VEN-010,VEN,120,689,548,9025.9,正常,5
2024-06-06,LRB-002,LRB,345,399,580,10290.21,正常,11
2024-06-06,DRH-005,DRH,372,1897,100,48866.72,过库存,30
2024-06-06,TLP-001,TLP,483,527,159,4052.63,正常,23
2024-06-06,LRB-019,LRB,346,233,410,7889.38,低库存预警,15
2024-06-06,LFR-022,LFR,13,1117,227,38938.62,正常,11
2024-06-06,DRH-015,DRH,156,811,577,6050.06,正常,7
2024-06-06,WLC-023,WLC,306,1639,271,39204.88,正常,14
2024-06-07,LFR-019,LFR,464,1161,367,19388.7,正常,25
2024-06-07,HND-019,HND,133,382,538,8205.36,正常,0
2024-06-07,TLM-016,TLM,495,1293,275,44828.31,正常,13
2024-06-07,HND-028,HND,9,718,170,6957.42,正常,25
2024-06-07,WLC-018,WLC,76,5,717,162.6,正常,3
2024-06-07,DRH-006,DRH,42,927,545,16537.68,低库存预警,21
2024-06-07,HND-013,HND,335,342,511,5738.76,低库存预警,24
2024-06-07,LFR-002,LFR,474,1023,306,11089.32,低库存预警,23
2024-06-07,HND-007,HND,315,411,227,1611.12,低库存预警,25
2024-06-07,LRB-004,LRB,254,712,461,9312.96,正常,18
2024-06-07,CUP-006,CUP,110,745,581,14147.55,低库存预警,17
2024-06-07,TLP-022,TLP,259,168,281,3958.08,过库存,11
2024-06-07,VEN-012,VEN,378,1334,412,19943.3,正常,27
2024-06-07,CUP-027,CUP,111,638,744,12791.9,正常,22
2024-06-07,BUM-011,BUM,92,838,385,24033.84,正常,24
2024-06-07,DRH-022,DRH,244,1705,316,20783.95,过库存,10
2024-06-07,DUO-001,DUO,250,1633,115,29834.91,正常,29
2024-06-07,LRB-016,LRB,369,1082,565,25729.96,过库存,14
2024-06-07,VEN-029,VEN,43,1154,169,13374.86,正常,13
2024-06-07,LFR-022,LFR,230,237,420,8261.82,过库存,28
2024-06-07,DRH-002,DRH,429,825,543,7746.75,正常,15
2024-06-07,TLP-025,TLP,136,1726,331,5298.82,正常,14
2024-06-07,CUP-005,CUP,75,1764,756,58000.32,低库存预警,6
2024-06-07,LFR-016,LFR,391,160,427,2689.6,过库存,5
2024-06-07,TLP-017,TLP,493,1149,197,33240.57,正常,7
2024-06-07,DRH-027,DRH,131,457,577,11402.15,正常,16
2024-06-07,BUM-010,BUM,278,133,755,4164.23,正常,5
2024-06-07,CUP-023,CUP,225,1989,730,25220.52,低库存预警,17
2024-06-07,DRH-025,DRH,401,1029,721,10814.79,正常,19
2024-06-07,TLM-023,TLM,263,1239,743,38111.64,正常,20
2024-06-07,WLC-025,WLC,459,1502,399,39953.2,正常,4
2024-06-07,DUO-013,DUO,333,620,614,2201.0,过库存,23
2024-06-07,WLC-008,WLC,275,1790,629,30340.5,低库存预警,8
2024-06-07,BUM-025,BUM,133,1091,756,24569.32,正常,21
2024-06-07,VEN-026,VEN,261,1072,540,22747.84,过库存,23
2024-06-07,HND-006,HND,460,1284,756,15164.04,正常,29
2024-06-07,HND-026,HND,486,288,447,8527.68,正常,7
2024-06-07,HND-004,HND,419,835,645,10846.65,低库存预警,25
2024-06-07,LRB-005,LRB,120,881,586,21628.55,过库存,6
2024-06-07,WLC-019,WLC,55,614,644,12083.52,正常,5
2024-06-07,DUO-006,DUO,355,1476,299,48781.8,低库存预警,22
2024-06-07,LFR-014,LFR,296,1737,338,15997.77,正常,2
2024-06-07,LFR-015,LFR,169,1966,151,9574.42,正常,4
2024-06-07,TLP-001,TLP,384,729,734,5606.01,过库存,27
2024-06-07,BUM-027,BUM,311,64,442,542.08,正常,26
2024-06-07,DUO-018,DUO,97,1762,210,4510.72,正常,1
2024-06-07,DRH-012,DRH,467,1616,714,39624.32,低库存预警,20
2024-06-07,WLC-004,WLC,164,680,653,4481.2,正常,13
2024-06-07,DRH-029,DRH,477,1099,351,20935.95,正常,19
2024-06-07,LRB-014,LRB,436,1570,406,29767.2,正常,27
2024-06-07,DUO-009,DUO,14,1171,741,24555.87,低库存预警,23
2024-06-07,DRH-024,DRH,23,920,744,7314.0,低库存预警,12
2024-06-07,HND-009,HND,165,1393,602,42430.78,正常,25
2024-06-07,DUO-008,DUO,206,1446,281,13982.82,正常,26
2024-06-07,VEN-004,VEN,78,1191,661,38540.76,正常,9
2024-06-07,TLM-008,TLM,369,893,363,20797.97,低库存预警,15
2024-06-07,LRB-015,LRB,67,679,155,14354.06,正常,14
2024-06-07,DRH-004,DRH,154,188,738,2816.24,正常,12
2024-06-07,HND-003,HND,412,675,407,7256.25,正常,3
2024-06-07,WLC-006,WLC,123,8,402,95.28,正常,14
2024-06-08,WLC-022,WLC,357,642,793,21564.78,正常,16
2024-06-08,TLM-018,TLM,398,881,515,26104.03,正常,13
2024-06-08,LRB-002,LRB,85,668,751,17227.72,正常,21
2024-06-08,DUO-003,DUO,18,1638,474,2604.42,正常,12
2024-06-08,LRB-021,LRB,199,1781,512,19430.71,正常,12
2024-06-08,LRB-003,LRB,353,1269,600,24923.16,低库存预警,10
2024-06-08,DUO-006,DUO,135,964,206,31860.2,低库存预警,2
2024-06-08,BUM-027,BUM,11,1275,539,10799.25,低库存预警,25
2024-06-08,TLP-001,TLP,252,1276,279,9812.44,低库存预警,19
2024-06-08,WLC-011,WLC,414,1711,468,27974.85,正常,0
2024-06-08,LFR-011,LFR,375,708,731,13997.16,正常,18
2024-06-08,TLP-019,TLP,321,373,302,939.96,正常,3
2024-06-08,TLP-021,TLP,397,800,109,6944.0,正常,22
2024-06-08,DUO-011,DUO,336,1434,104,8388.9,低库存预警,22
2024-06-08,DRH-027,DRH,294,713,466,17789.35,正常,15
2024-06-08,DRH-004,DRH,40,1304,434,19533.92,正常,25
2024-06-08,HND-011,HND,352,1846,589,20952.1,正常,8
2024-06-08,VEN-011,VEN,469,853,468,27560.43,正常,24
2024-06-08,LRB-011,LRB,496,1781,713,9439.3,正常,10
2024-06-08,HND-012,HND,53,1924,558,8234.72,正常,3
2024-06-08,DUO-017,DUO,250,339,743,4569.72,低库存预警,30
2024-06-08,BUM-007,BUM,346,1209,351,12259.26,正常,18
2024-06-08,TLP-004,TLP,383,745,504,6332.5,正常,15
2024-06-08,HND-025,HND,112,1798,746,16433.72,正常,26
2024-06-08,TLM-024,TLM,432,1612,548,26211.12,正常,13
2024-06-08,WLC-008,WLC,421,882,792,14949.9,正常,7
2024-06-08,WLC-023,WLC,31,1231,531,29445.52,正常,4
2024-06-08,DRH-006,DRH,140,1164,200,20765.76,正常,1
2024-06-08,HND-020,HND,138,1361,204,13405.85,正常,13
2024-06-08,LRB-012,LRB,403,1068,336,4410.84,正常,9
2024-06-08,LFR-020,LFR,283,877,267,27257.16,正常,0
2024-06-08,BUM-015,BUM,131,818,407,9341.56,正常,17
2024-06-08,CUP-028,CUP,95,700,287,8533.0,正常,15
2024-06-08,HND-007,HND,22,729,676,2857.68,低库存预警,26
2024-06-08,TLP-018,TLP,21,188,687,3355.8,正常,11
2024-06-08,TLM-005,TLM,24,1400,319,29904.0,过库存,28
2024-06-08,TLM-001,TLM,399,1056,129,7212.48,低库存预警,20
2024-06-08,LRB-005,LRB,226,1988,465,48805.4,正常,19
2024-06-08,DRH-025,DRH,252,50,679,525.5,正常,18
2024-06-08,LFR-017,LFR,171,1212,707,29294.04,低库存预警,8
2024-06-08,LFR-002,LFR,294,1364,312,14785.76,正常,28
2024-06-08,CUP-006,CUP,247,948,715,18002.52,低库存预警,9
2024-06-08,TLM-015,TLM,415,1549,726,11540.05,过库存,18
2024-06-08,DRH-026,DRH,48,417,474,1246.83,过库存,7
2024-06-08,LFR-013,LFR,171,819,321,9393.93,正常,30
2024-06-08,DUO-005,DUO,51,1740,579,20740.8,低库存预警,7
2024-06-08,DRH-015,DRH,145,1878,662,14009.88,正常,25
2024-06-08,WLC-009,WLC,219,783,108,24218.19,正常,19
2024-06-08,VEN-012,VEN,202,158,190,2362.1,正常,27
2024-06-08,HND-004,HND,216,1333,644,17315.67,低库存预警,23
2024-06-08,WLC-014,WLC,75,768,118,6635.52,正常,30
2024-06-08,HND-028,HND,233,1487,447,14409.03,过库存,13
2024-06-08,BUM-010,BUM,487,1215,273,38041.65,低库存预警,27
2024-06-08,LRB-004,LRB,99,727,629,9509.16,正常,8
2024-06-08,TLM-020,TLM,148,340,579,10716.8,过库存,16
2024-06-08,DUO-001,DUO,220,1106,626,20206.62,正常,5
2024-06-08,DRH-023,DRH,130,492,478,4044.24,正常,22
2024-06-08,DRH-020,DRH,371,1159,653,35164.06,正常,21
2024-06-08,WLC-001,WLC,201,1065,609,19659.9,正常,12
2024-06-08,DUO-004,DUO,291,614,345,12844.88,低库存预警,23
2024-06-09,BUM-020,BUM,480,1696,524,57647.04,过库存,19
2024-06-09,DUO-017,DUO,419,273,441,3680.04,低库存预警,26
2024-06-09,HND-009,HND,160,653,150,19890.38,正常,1
2024-06-09,HND-005,HND,24,267,376,7409.25,低库存预警,28
2024-06-09,VEN-029,VEN,21,1591,436,18439.69,正常,17
2024-06-09,TLP-009,TLP,97,1505,435,38467.8,正常,10
2024-06-09,TLP-010,TLP,198,995,430,4666.55,低库存预警,22
2024-06-09,LRB-021,LRB,31,885,417,9655.35,正常,27
2024-06-09,CUP-012,CUP,109,1836,679,28237.68,过库存,17
2024-06-09,CUP-004,CUP,270,1972,459,67383.24,正常,18
2024-06-09,DUO-015,DUO,474,1074,687,22253.28,低库存预警,6
2024-06-09,DUO-013,DUO,433,1073,644,3809.15,过库存,12
2024-06-09,LRB-012,LRB,142,694,729,2866.22,过库存,2
2024-06-09,DUO-009,DUO,20,1786,554,37452.42,正常,28
2024-06-09,HND-003,HND,114,486,687,5224.5,过库存,30
2024-06-09,DRH-021,DRH,115,474,425,1815.42,正常,29
2024-06-09,TLP-001,TLP,426,926,746,7120.94,正常,12
2024-06-09,TLM-027,TLM,216,85,316,1284.35,正常,7
2024-06-09,CUP-006,CUP,468,1833,381,34808.67,正常,12
2024-06-09,TLM-014,TLM,347,875,550,18865.0,低库存预警,1
2024-06-09,BUM-003,BUM,112,1056,728,18648.96,正常,7
2024-06-09,HND-017,HND,406,1184,761,26024.32,低库存预警,13
2024-06-09,TLM-013,TLM,330,1609,494,47256.33,正常,25
2024-06-09,VEN-005,VEN,203,716,400,13038.36,正常,10
2024-06-09,LFR-018,LFR,62,1889,325,45921.59,正常,8
2024-06-09,BUM-011,BUM,439,1105,365,31691.4,正常,24
2024-06-09,TLP-019,TLP,134,280,578,705.6,低库存预警,30
2024-06-09,CUP-030,CUP,98,1753,339,44841.74,正常,23
2024-06-09,CUP-027,CUP,425,379,419,7598.95,正常,4
2024-06-09,CUP-001,CUP,436,673,729,4441.8,正常,26
2024-06-09,LFR-009,LFR,492,1570,258,25810.8,正常,5
2024-06-09,DRH-023,DRH,492,1216,617,9995.52,正常,27
2024-06-09,DUO-022,DUO,212,561,716,2154.24,低库存预警,7
2024-06-09,VEN-017,VEN,247,1133,294,25673.78,正常,14
2024-06-09,WLC-001,WLC,112,1002,716,18496.92,正常,23
2024-06-09,CUP-010,CUP,242,1456,797,41801.76,正常,21
2024-06-09,TLM-009,TLM,457,859,681,17661.04,正常,4
2024-06-09,TLP-008,TLP,485,1485,671,35521.2,正常,25
2024-06-09,CUP-013,CUP,198,1455,256,28227.0,低库存预警,15
2024-06-09,BUM-016,BUM,265,1590,241,13960.2,过库存,2
2024-06-09,CUP-028,CUP,457,676,584,8240.44,正常,19
2024-06-09,HND-002,HND,440,136,595,1251.2,正常,14
2024-06-09,VEN-023,VEN,349,596,648,4517.68,正常,7
2024-06-09,BUM-001,BUM,416,1639,748,8506.41,正常,30
2024-06-09,DUO-007,DUO,1,1876,178,22774.64,正常,12
2024-06-09,TLP-021,TLP,7,244,736,2117.92,正常,5
2024-06-09,WLC-014,WLC,53,63,616,544.32,过库存,1
2024-06-09,DUO-018,DUO,476,1182,616,3025.92,正常,29
2024-06-09,TLM-004,TLM,50,1242,124,40302.9,低库存预警,10
2024-06-09,VEN-003,VEN,303,714,702,20970.18,低库存预警,29
2024-06-09,WLC-003,WLC,316,880,293,6388.8,过库存,11
2024-06-09,TLM-005,TLM,287,977,524,20868.72,过库存,16
2024-06-09,WLC-018,WLC,446,1091,313,35479.32,低库存预警,0
2024-06-09,WLC-008,WLC,55,1262,594,21390.9,正常,0
2024-06-09,DRH-004,DRH,424,359,469,5377.82,正常,6
2024-06-09,DRH-020,DRH,182,130,333,3944.2,正常,4
2024-06-09,WLC-005,WLC,82,476,743,1827.84,正常,14
2024-06-09,DUO-004,DUO,42,109,742,2280.28,正常,13
2024-06-09,CUP-020,CUP,268,104,254,588.64,正常,0
2024-06-09,CUP-009,CUP,215,505,450,15286.35,正常,25
2024-06-10,DRH-003,DRH,286,415,131,3863.65,正常,1
2024-06-10,TLM-004,TLM,324,977,279,31703.65,低库存预警,12
2024-06-10,DRH-025,DRH,287,1464,551,15386.64,过库存,24
2024-06-10,DRH-004,DRH,134,395,449,5917.1,过库存,27
2024-06-10,HND-024,HND,460,1354,441,28339.22,正常,23
2024-06-10,WLC-007,WLC,232,225,753,7740.0,正常,30
2024-06-10,DRH-001,DRH,52,352,114,10535.36,正常,30
2024-06-10,LRB-016,LRB,165,1674,251,39807.72,低库存预警,9
2024-06-10,CUP-024,CUP,261,0,424,0.0,正常,7
2024-06-10,LRB-022,LRB,72,1792,569,31610.88,正常,5
2024-06-10,VEN-017,VEN,200,786,369,17810.76,正常,21
2024-06-10,WLC-021,WLC,160,1037,561,9301.89,正常,17
2024-06-10,HND-016,HND,417,510,376,7757.1,过库存,5
2024-06-10,BUM-010,BUM,11,1020,447,31936.2,低库存预警,19
2024-06-10,TLM-006,TLM,410,730,246,4985.9,正常,28
2024-06-10,CUP-017,CUP,256,298,673,3692.22,正常,19
2024-06-10,DRH-019,DRH,451,590,539,11357.5,过库存,25
2024-06-10,DUO-008,DUO,321,328,401,3171.76,正常,21
2024-06-10,DRH-008,DRH,484,573,465,19980.51,正常,24
2024-06-10,TLM-014,TLM,265,1022,380,22034.32,低库存预警,29
2024-06-10,TLM-002,TLM,293,1001,761,4974.97,正常,9
2024-06-10,HND-025,HND,498,1778,762,16250.92,过库存,5
2024-06-10,LFR-003,LFR,141,207,104,5512.41,正常,5
2024-06-10,LFR-001,LFR,445,1302,225,5181.96,低库存预警,24
2024-06-10,DRH-005,DRH,443,375,336,9660.0,过库存,27
2024-06-10,HND-001,HND,409,1459,214,9702.35,过库存,15
2024-06-10,CUP-029,CUP,439,773,167,1739.25,正常,5
2024-06-10,VEN-027,VEN,269,941,136,8450.18,正常,14
2024-06-10,VEN-014,VEN,318,603,161,4281.3,正常,9
2024-06-10,LFR-016,LFR,190,1199,155,20155.19,正常,3
2024-06-10,LRB-003,LRB,148,182,153,3574.48,低库存预警,2
2024-06-10,DUO-015,DUO,237,1587,520,32882.64,正常,5
2024-06-10,WLC-009,WLC,370,1596,544,49364.28,低库存预警,24
2024-06-10,VEN-016,VEN,148,1241,474,41436.99,低库存预警,2
2024-06-10,LFR-007,LFR,31,1197,679,4165.56,低库存预警,13
2024-06-10,TLP-002,TLP,452,183,144,1215.12,正常,13
2024-06-10,LFR-004,LFR,213,931,494,17363.15,过库存,1
2024-06-10,BUM-012,BUM,134,829,329,21869.02,过库存,18
2024-06-10,DRH-015,DRH,118,290,334,2163.4,过库存,22
2024-06-10,HND-027,HND,160,885,655,21948.0,正常,4
2024-06-10,LFR-002,LFR,429,443,506,4802.12,过库存,0
2024-06-10,BUM-021,BUM,466,733,438,16668.42,正常,27
2024-06-10,LFR-013,LFR,73,446,239,5115.62,正常,2
2024-06-10,LRB-020,LRB,58,721,154,15768.27,低库存预警,2
2024-06-10,WLC-014,WLC,31,582,597,5028.48,正常,26
2024-06-10,CUP-019,CUP,482,1942,677,33790.8,正常,17
2024-06-10,HND-023,HND,312,101,325,952.43,正常,30
2024-06-10,VEN-010,VEN,290,792,389,10375.2,正常,6
2024-06-10,TLP-011,TLP,19,143,495,4900.61,过库存,9
2024-06-10,CUP-030,CUP,62,1102,796,28189.16,低库存预警,20
2024-06-10,TLM-025,TLM,149,1929,119,26002.92,过库存,15
2024-06-10,CUP-013,CUP,486,273,290,5296.2,正常,18
2024-06-10,BUM-007,BUM,434,1450,268,14703.0,正常,8
2024-06-10,DUO-007,DUO,334,211,278,2561.54,正常,3
2024-06-10,LFR-015,LFR,242,325,587,1582.75,正常,30
2024-06-10,BUM-008,BUM,194,694,502,21083.72,过库存,21
2024-06-10,LFR-006,LFR,166,1758,337,13220.16,正常,26
2024-06-10,BUM-017,BUM,17,1545,504,9053.7,正常,13
2024-06-10,HND-004,HND,35,1415,159,18380.85,低库存预警,14
2024-06-10,LRB-008,LRB,302,1890,600,59289.3,正常,13
2024-06-11,LFR-021,LFR,167,1911,636,37398.27,正常,23
2024-06-11,CUP-018,CUP,142,1257,469,23216.79,正常,4
2024-06-11,BUM-017,BUM,234,957,608,5608.02,低库存预警,27
2024-06-11,TLP-001,TLP,377,207,172,1591.83,过库存,1
2024-06-11,WLC-021,WLC,448,0,784,0.0,正常,5
2024-06-11,TLM-018,TLM,430,1071,603,31733.73,正常,13
2024-06-11,DRH-008,DRH,225,1681,602,58616.47,低库存预警,22
2024-06-11,VEN-006,VEN,414,1090,238,15216.4,低库存预警,6
2024-06-11,HND-019,HND,415,740,200,15895.2,低库存预警,14
2024-06-11,WLC-004,WLC,221,1408,182,9278.72,过库存,20
2024-06-11,TLP-017,TLP,425,1198,527,34658.14,过库存,2
2024-06-11,VEN-028,VEN,187,862,670,15438.42,过库存,5
2024-06-11,HND-016,HND,38,434,375,6601.14,正常,7
2024-06-11,VEN-012,VEN,204,974,599,14561.3,正常,14
2024-06-11,WLC-001,WLC,193,557,621,10282.22,过库存,24
2024-06-11,DRH-001,DRH,189,1877,709,56178.61,低库存预警,30
2024-06-11,CUP-012,CUP,55,1151,579,17702.38,正常,24
2024-06-11,HND-003,HND,102,226,649,2429.5,低库存预警,15
2024-06-11,WLC-023,WLC,89,257,167,6147.44,正常,14
2024-06-11,BUM-007,BUM,368,189,649,1916.46,正常,18
2024-06-11,TLM-025,TLM,484,292,675,3936.16,正常,28
2024-06-11,LRB-012,LRB,402,576,712,2378.88,正常,26
2024-06-11,BUM-022,BUM,178,1602,679,25295.58,正常,21
2024-06-11,LFR-016,LFR,462,1152,534,19365.12,过库存,5
2024-06-11,TLP-004,TLP,126,1079,214,9171.5,低库存预警,16
2024-06-11,DUO-017,DUO,57,314,435,4232.72,低库存预警,2
2024-06-11,DUO-023,DUO,114,982,648,32072.12,正常,15
2024-06-11,BUM-027,BUM,54,898,386,7606.06,正常,3
2024-06-11,CUP-014,CUP,404,1477,213,27841.45,正常,24
2024-06-11,LRB-013,LRB,138,738,369,25357.68,正常,3
2024-06-11,HND-006,HND,412,1943,384,22946.83,正常,30
2024-06-11,DUO-001,DUO,65,530,513,9683.1,正常,17
2024-06-11,WLC-022,WLC,29,1294,213,43465.46,正常,26
2024-06-11,WLC-025,WLC,490,1554,498,41336.4,正常,27
2024-06-11,LRB-001,LRB,263,452,786,5699.72,正常,4
2024-06-11,DRH-009,DRH,249,263,328,3403.22,正常,21
2024-06-11,DRH-016,DRH,480,344,710,6697.68,正常,4
2024-06-11,LFR-011,LFR,477,1891,672,37385.07,低库存预警,10
2024-06-11,CUP-001,CUP,430,495,386,3267.0,低库存预警,28
2024-06-11,TLP-016,TLP,455,502,595,12966.66,低库存预警,11
2024-06-11,DUO-008,DUO,308,713,445,6894.71,过库存,23
2024-06-11,TLM-011,TLM,176,656,674,22553.28,低库存预警,27
2024-06-11,VEN-022,VEN,467,1486,636,49855.3,正常,7
2024-06-11,TLM-028,TLM,231,545,624,17990.45,正常,17
2024-06-11,TLM-001,TLM,195,1854,430,12662.82,低库存预警,14
2024-06-11,LRB-007,LRB,242,663,550,3427.71,过库存,15
2024-06-11,VEN-020,VEN,459,1660,347,3203.8,低库存预警,29
2024-06-11,TLM-026,TLM,476,1939,637,36065.4,正常,20
2024-06-11,HND-017,HND,487,1246,404,27387.08,正常,12
2024-06-11,LRB-017,LRB,444,1678,235,42705.1,正常,19
2024-06-11,DRH-012,DRH,117,1539,181,37736.28,过库存,26
2024-06-11,CUP-010,CUP,340,1534,385,44041.14,低库存预警,13
2024-06-11,WLC-013,WLC,16,207,789,4843.8,过库存,27
2024-06-11,TLM-005,TLM,104,1659,388,35436.24,正常,30
2024-06-11,LRB-021,LRB,415,1807,540,19714.37,正常,17
2024-06-11,LFR-012,LFR,475,1946,291,34697.18,正常,28
2024-06-11,LRB-006,LRB,127,945,694,32300.1,正常,11
2024-06-11,LRB-022,LRB,180,381,208,6720.84,正常,0
2024-06-11,DUO-009,DUO,291,1438,251,30154.86,过库存,12
2024-06-11,TLP-012,TLP,108,1047,661,22353.45,低库存预警,10
2024-06-12,TLM-022,TLM,368,233,514,978.6,正常,9
2024-06-12,DUO-007,DUO,363,1800,375,21852.0,低库存预警,27
2024-06-12,DUO-011,DUO,419,1411,125,8254.35,正常,11
2024-06-12,LRB-022,LRB,320,588,575,10372.32,低库存预警,20
2024-06-12,WLC-011,WLC,105,1734,434,28350.9,正常,22
2024-06-12,TLM-016,TLM,324,637,464,22084.79,正常,25
2024-06-12,LFR-015,LFR,322,1244,101,6058.28,正常,25
2024-06-12,HND-019,HND,249,1795,116,38556.6,正常,15
2024-06-12,VEN-002,VEN,230,187,337,6238.32,正常,16
2024-06-12,LRB-011,LRB,351,384,598,2035.2,正常,1
2024-06-12,DRH-011,DRH,420,1268,385,38610.6,正常,19
2024-06-12,LRB-019,LRB,332,1539,719,52110.54,正常,1
2024-06-12,TLM-026,TLM,9,1981,329,36846.6,正常,13
2024-06-12,CUP-015,CUP,414,555,245,16910.85,正常,23
2024-06-12,DRH-016,DRH,319,974,282,18963.78,低库存预警,24
2024-06-12,WLC-004,WLC,165,510,311,3360.9,正常,2
2024-06-12,VEN-026,VEN,38,537,165,11395.14,低库存预警,1
2024-06-12,DRH-022,DRH,223,723,553,8813.37,正常,3
2024-06-12,BUM-012,BUM,315,1608,644,42419.04,正常,30
2024-06-12,TLM-013,TLM,440,810,644,23789.7,过库存,10
2024-06-12,CUP-024,CUP,384,1903,540,3520.55,低库存预警,15
2024-06-12,HND-027,HND,290,1907,322,47293.6,低库存预警,0
2024-06-12,LFR-016,LFR,246,1512,341,25416.72,过库存,22
2024-06-12,LRB-014,LRB,398,1252,128,23737.92,过库存,29
2024-06-12,CUP-018,CUP,384,165,600,3047.55,正常,18
2024-06-12,TLM-002,TLM,62,1165,256,5790.05,正常,8
2024-06-12,CUP-025,CUP,272,776,165,25297.6,正常,5
2024-06-12,WLC-014,WLC,148,1933,165,16701.12,过库存,0
2024-06-12,WLC-007,WLC,374,346,367,11902.4,正常,30
2024-06-12,BUM-014,BUM,268,542,512,4108.36,正常,18
2024-06-12,TLP-014,TLP,242,211,743,6855.39,正常,15
2024-06-12,HND-020,HND,478,621,563,6116.85,正常,10
2024-06-12,CUP-004,CUP,114,1489,424,50879.13,过库存,10
2024-06-12,HND-010,HND,286,547,522,17684.51,正常,30
2024-06-12,BUM-027,BUM,216,704,353,5962.88,正常,17
2024-06-12,DRH-027,DRH,256,469,790,11701.55,低库存预警,0
2024-06-12,DRH-024,DRH,260,598,128,4754.1,过库存,29
2024-06-12,CUP-007,CUP,490,290,689,6127.7,正常,15
2024-06-12,TLM-020,TLM,370,804,728,25342.08,正常,5
2024-06-12,VEN-024,VEN,295,1111,209,14998.5,正常,29
2024-06-12,VEN-012,VEN,180,1179,760,17626.05,低库存预警,4
2024-06-12,LRB-003,LRB,133,514,604,10094.96,正常,17
2024-06-12,BUM-003,BUM,87,741,428,13086.06,正常,10
2024-06-12,LRB-015,LRB,243,591,725,12493.74,正常,27
2024-06-12,WLC-006,WLC,485,705,736,8396.55,低库存预警,5
2024-06-12,BUM-008,BUM,102,1968,232,59787.84,正常,23
2024-06-12,BUM-016,BUM,371,1686,678,14803.08,过库存,24
2024-06-12,BUM-020,BUM,220,1336,571,45410.64,正常,21
2024-06-12,TLP-017,TLP,487,981,295,28380.33,正常,7
2024-06-12,VEN-028,VEN,69,1926,555,34494.66,过库存,27
2024-06-12,LRB-013,LRB,319,1680,332,57724.8,过库存,16
2024-06-12,TLP-018,TLP,442,860,743,15351.0,正常,28
2024-06-12,LFR-004,LFR,454,1972,772,36777.8,正常,22
2024-06-12,VEN-010,VEN,419,1954,559,25597.4,正常,29
2024-06-12,VEN-029,VEN,495,1510,367,17500.9,过库存,21
2024-06-12,DRH-008,DRH,470,77,770,2684.99,正常,14
2024-06-12,HND-028,HND,254,1899,758,18401.31,正常,18
2024-06-12,TLM-005,TLM,172,1703,120,36376.08,低库存预警,24
2024-06-12,LRB-004,LRB,193,1776,259,23230.08,正常,27
2024-06-12,DUO-004,DUO,269,455,465,9518.6,低库存预警,24
2024-06-13,LRB-014,LRB,418,1438,714,27264.48,过库存,19
2024-06-13,VEN-014,VEN,128,1979,607,14050.9,正常,17
2024-06-13,CUP-014,CUP,23,1053,367,19849.05,低库存预警,15
2024-06-13,DRH-022,DRH,466,1940,537,23648.6,低库存预警,11
2024-06-13,BUM-013,BUM,121,343,629,2006.55,正常,17
2024-06-13,LRB-022,LRB,210,1911,627,33710.04,正常,27
2024-06-13,DRH-028,DRH,27,760,571,20010.8,过库存,29
2024-06-13,LRB-009,LRB,353,1227,374,33178.08,过库存,22
2024-06-13,WLC-013,WLC,182,1644,155,38469.6,正常,20
2024-06-13,WLC-007,WLC,439,1169,180,40213.6,正常,21
2024-06-13,TLP-013,TLP,47,605,412,1403.6,正常,14
2024-06-13,TLP-008,TLP,211,741,702,17724.72,低库存预警,24
2024-06-13,HND-006,HND,401,156,609,1842.36,正常,18
2024-06-13,HND-027,HND,308,644,243,15971.2,低库存预警,25
2024-06-13,LFR-017,LFR,218,1662,217,40170.54,正常,30
2024-06-13,HND-016,HND,309,1957,727,29765.97,正常,23
2024-06-13,TLM-019,TLM,16,169,430,4983.81,正常,18
2024-06-13,VEN-013,VEN,202,110,779,3424.3,正常,18
2024-06-13,CUP-022,CUP,232,1319,343,20022.42,过库存,27
2024-06-13,TLP-014,TLP,496,83,357,2696.67,正常,5
2024-06-13,DRH-012,DRH,93,1697,288,41610.44,低库存预警,25
2024-06-13,LFR-008,LFR,462,269,189,5331.58,正常,6
2024-06-13,WLC-009,WLC,417,1070,760,33095.1,正常,14
2024-06-13,VEN-021,VEN,457,1281,126,38109.75,正常,26
2024-06-13,CUP-028,CUP,208,928,760,11312.32,正常,6
2024-06-13,BUM-016,BUM,191,1176,128,10325.28,正常,17
2024-06-13,LFR-004,LFR,135,992,127,18500.8,过库存,23
2024-06-13,VEN-026,VEN,475,367,788,7787.74,过库存,16
2024-06-13,BUM-014,BUM,213,454,395,3441.32,正常,10
2024-06-13,WLC-017,WLC,300,1364,194,3519.12,正常,9
2024-06-13,LFR-022,LFR,338,1653,129,57623.58,正常,6
2024-06-13,HND-017,HND,35,1335,552,29343.3,正常,4
2024-06-13,WLC-006,WLC,469,1921,405,22879.11,过库存,30
2024-06-13,WLC-002,WLC,2,457,780,11799.74,正常,13
2024-06-13,CUP-008,CUP,333,809,283,1698.9,低库存预警,20
2024-06-13,WLC-012,WLC,463,790,290,9385.2,低库存预警,19
2024-06-13,LRB-010,LRB,344,269,327,3171.51,正常,15
2024-06-13,DUO-016,DUO,356,1298,433,29477.58,正常,8
2024-06-13,VEN-027,VEN,251,1114,452,10003.72,正常,12
2024-06-13,BUM-019,BUM,486,1752,408,32709.84,正常,28
2024-06-13,CUP-023,CUP,147,1117,692,14163.56,正常,27
2024-06-13,LRB-007,LRB,247,44,486,227.48,过库存,4
2024-06-13,CUP-015,CUP,221,1947,176,59325.09,正常,5
2024-06-13,DUO-008,DUO,485,586,740,5666.62,正常,14
2024-06-13,TLP-005,TLP,210,695,134,3996.25,低库存预警,16
2024-06-13,LFR-012,LFR,276,903,304,16100.49,正常,19
2024-06-13,TLM-006,TLM,444,1699,246,11604.17,正常,8
2024-06-13,DUO-006,DUO,441,627,680,20722.35,正常,14
2024-06-13,TLP-007,TLP,258,1389,382,16167.96,低库存预警,14
2024-06-13,TLP-024,TLP,178,370,276,1295.0,正常,19
2024-06-13,TLP-003,TLP,217,303,679,4575.3,正常,19
2024-06-13,VEN-018,VEN,392,927,613,5747.4,过库存,13
2024-06-13,LFR-002,LFR,431,287,168,3111.08,正常,17
2024-06-13,CUP-027,CUP,238,1671,796,33503.55,正常,27
2024-06-13,CUP-010,CUP,469,50,333,1435.5,低库存预警,15
2024-06-13,HND-019,HND,240,941,172,20212.68,正常,0
2024-06-13,TLP-001,TLP,294,1073,424,8251.37,正常,22
2024-06-13,VEN-030,VEN,24,891,700,10317.78,正常,14
2024-06-13,VEN-009,VEN,377,999,681,9090.9,正常,12
2024-06-13,WLC-016,WLC,319,824,677,25535.76,过库存,2
2024-06-14,CUP-026,CUP,22,1823,437,21201.49,正常,4
2024-06-14,TLM-010,TLM,122,744,598,7410.24,过库存,26
2024-06-14,DUO-014,DUO,342,784,644,9086.56,正常,17
2024-06-14,TLM-017,TLM,304,560,319,7453.6,正常,4
2024-06-14,DRH-023,DRH,412,1186,205,9748.92,正常,1
2024-06-14,LFR-009,LFR,411,1429,797,23492.76,正常,30
2024-06-14,LFR-015,LFR,348,1909,366,9296.83,过库存,13
2024-06-14,TLM-015,TLM,253,813,347,6056.85,低库存预警,27
2024-06-14,DUO-005,DUO,473,187,472,2229.04,正常,14
2024-06-14,VEN-030,VEN,247,529,444,6125.82,正常,29
2024-06-14,VEN-023,VEN,470,1197,100,9073.26,正常,21
2024-06-14,DUO-023,DUO,465,1037,637,33868.42,正常,9
2024-06-14,VEN-006,VEN,241,247,123,3448.12,正常,7
2024-06-14,DRH-026,DRH,233,1034,536,3091.66,正常,1
2024-06-14,HND-014,HND,462,934,189,21183.12,正常,27
2024-06-14,DUO-003,DUO,160,1476,330,2346.84,正常,22
2024-06-14,TLP-003,TLP,200,752,757,11355.2,正常,3
2024-06-14,BUM-004,BUM,452,228,169,7371.24,正常,12
2024-06-14,DUO-002,DUO,462,988,520,16884.92,正常,22
2024-06-14,WLC-016,WLC,144,1060,800,32849.4,正常,11
2024-06-14,LRB-018,LRB,180,720,334,7804.8,正常,16
2024-06-14,WLC-023,WLC,440,410,485,9807.2,低库存预警,7
2024-06-14,VEN-016,VEN,3,1923,668,64208.97,正常,13
2024-06-14,BUM-007,BUM,405,81,256,821.34,正常,8
2024-06-14,LRB-004,LRB,471,628,676,8214.24,正常,15
2024-06-14,VEN-001,VEN,288,716,605,2506.0,正常,10
2024-06-14,VEN-005,VEN,339,1964,440,35764.44,正常,5
2024-06-14,VEN-027,VEN,458,1164,130,10452.72,过库存,20
2024-06-14,WLC-010,WLC,492,1160,460,29197.2,正常,19
2024-06-14,DRH-024,DRH,375,271,730,2154.45,低库存预警,30
2024-06-14,BUM-001,BUM,117,197,532,1022.43,正常,2
2024-06-14,HND-008,HND,412,1479,645,36649.62,正常,20
2024-06-14,BUM-005,BUM,227,1919,111,31682.69,低库存预警,11
2024-06-14,CUP-001,CUP,37,849,334,5603.4,正常,27
2024-06-14,LRB-006,LRB,145,954,659,32607.72,低库存预警,1
2024-06-14,LRB-015,LRB,121,1548,212,32724.72,低库存预警,17
2024-06-14,DRH-021,DRH,89,1666,741,6380.78,正常,6
2024-06-14,WLC-025,WLC,191,175,323,4655.0,过库存,5
2024-06-14,DRH-003,DRH,138,37,296,344.47,低库存预警,16
2024-06-14,HND-013,HND,63,1498,267,25136.44,正常,21
2024-06-14,TLP-006,TLP,438,1636,507,46544.2,正常,15
2024-06-14,DRH-014,DRH,192,760,708,5753.2,正常,27
2024-06-14,CUP-023,CUP,153,941,162,11931.88,正常,9
2024-06-14,LRB-009,LRB,107,925,539,25012.0,正常,27
2024-06-14,BUM-014,BUM,463,1842,207,13962.36,正常,0
2024-06-14,DRH-006,DRH,444,1458,125,26010.72,正常,17
2024-06-14,VEN-007,VEN,75,753,441,11445.6,正常,7
2024-06-14,DRH-004,DRH,229,948,432,14201.04,正常,26
2024-06-14,BUM-022,BUM,396,943,389,14889.97,正常,20
2024-06-14,DRH-018,DRH,262,358,671,7346.16,正常,4
2024-06-14,BUM-013,BUM,142,175,511,1023.75,低库存预警,14
2024-06-14,LFR-011,LFR,216,1285,291,25404.45,低库存预警,7
2024-06-14,CUP-019,CUP,0,1186,380,20636.4,正常,30
2024-06-14,WLC-012,WLC,113,498,198,5916.24,正常,5
2024-06-14,HND-006,HND,19,103,435,1216.43,过库存,5
2024-06-14,DRH-016,DRH,149,1435,204,27939.45,过库存,25
2024-06-14,BUM-016,BUM,371,1456,783,12783.68,正常,4
2024-06-14,HND-017,HND,72,1478,641,32486.44,过库存,23
2024-06-14,HND-010,HND,154,1386,268,44809.38,低库存预警,0
2024-06-14,DUO-021,DUO,61,444,458,4191.36,正常,2
2024-06-15,HND-024,HND,363,1666,449,34869.38,正常,2
2024-06-15,TLM-011,TLM,327,780,740,26816.4,正常,15
2024-06-15,VEN-019,VEN,158,1307,790,22676.45,过库存,18
2024-06-15,TLM-003,TLM,494,1320,184,10718.4,正常,28
2024-06-15,CUP-017,CUP,350,1021,640,12650.19,正常,20
2024-06-15,TLP-004,TLP,447,1642,334,13957.0,正常,21
2024-06-15,VEN-024,VEN,156,273,240,3685.5,过库存,28
2024-06-15,LRB-021,LRB,127,703,294,7669.73,正常,17
2024-06-15,WLC-012,WLC,243,387,357,4597.56,正常,18
2024-06-15,TLM-022,TLM,115,395,574,1659.0,正常,24
2024-06-15,WLC-017,WLC,229,1771,723,4569.18,正常,8
2024-06-15,BUM-013,BUM,264,610,137,3568.5,正常,2
2024-06-15,LRB-003,LRB,182,1179,454,23155.56,低库存预警,4
2024-06-15,VEN-005,VEN,341,1274,332,23199.54,正常,3
2024-06-15,DUO-016,DUO,419,1763,717,40037.73,正常,15
2024-06-15,TLP-012,TLP,143,351,476,7493.85,低库存预警,26
2024-06-15,LRB-020,LRB,231,935,343,20448.45,正常,16
2024-06-15,BUM-014,BUM,303,22,389,166.76,低库存预警,22
2024-06-15,BUM-003,BUM,306,986,253,17412.76,正常,15
2024-06-15,DUO-024,DUO,118,668,500,6579.8,正常,27
2024-06-15,BUM-006,BUM,192,1671,248,38215.77,正常,16
2024-06-15,WLC-002,WLC,101,473,430,12212.86,过库存,13
2024-06-15,LFR-005,LFR,74,1809,659,3093.39,正常,28
2024-06-15,LFR-011,LFR,30,1110,562,21944.7,过库存,9
2024-06-15,HND-021,HND,255,26,552,691.34,过库存,30
2024-06-15,TLP-013,TLP,193,1114,326,2584.48,低库存预警,8
2024-06-15,BUM-024,BUM,126,1487,461,41264.25,正常,10
2024-06-15,DRH-028,DRH,54,857,324,22564.81,正常,20
2024-06-15,DUO-008,DUO,479,1351,483,13064.17,正常,17
2024-06-15,DUO-001,DUO,302,1207,268,22051.89,过库存,24
2024-06-15,DUO-010,DUO,21,1750,784,26670.0,正常,28
2024-06-15,VEN-002,VEN,148,903,207,30124.08,正常,4
2024-06-15,DRH-012,DRH,455,1135,689,27830.2,过库存,9
2024-06-15,DRH-009,DRH,1,581,456,7518.14,正常,21
2024-06-15,CUP-007,CUP,381,453,621,9571.89,正常,17
2024-06-15,LFR-004,LFR,152,1086,449,20253.9,正常,11
2024-06-15,DUO-013,DUO,171,1702,793,6042.1,过库存,18
2024-06-15,BUM-022,BUM,275,1479,651,23353.41,正常,27
2024-06-15,TLP-019,TLP,449,1469,214,3701.88,正常,30
2024-06-15,DRH-021,DRH,221,792,534,3033.36,过库存,11
2024-06-15,CUP-022,CUP,37,1320,171,20037.6,低库存预警,16
2024-06-15,TLP-024,TLP,252,451,182,1578.5,正常,10
2024-06-15,VEN-001,VEN,161,1584,785,5544.0,正常,6
2024-06-15,TLM-027,TLM,453,1551,463,23435.61,正常,29
2024-06-15,LRB-007,LRB,409,704,730,3639.68,过库存,7
2024-06-15,TLP-008,TLP,71,1542,118,36884.64,正常,5
2024-06-15,TLM-010,TLM,83,1391,385,13854.36,正常,28
2024-06-15,CUP-010,CUP,363,1240,199,35600.4,正常,10
2024-06-15,HND-022,HND,135,1802,662,58114.5,低库存预警,7
2024-06-15,WLC-011,WLC,261,1616,735,26421.6,过库存,30
2024-06-15,LRB-017,LRB,112,621,389,15804.45,正常,11
2024-06-15,VEN-026,VEN,179,1906,346,40445.32,低库存预警,9
2024-06-15,HND-004,HND,198,811,248,10534.89,过库存,14
2024-06-15,TLM-025,TLM,59,470,746,6335.6,正常,6
2024-06-15,TLM-009,TLM,190,536,668,11020.16,低库存预警,18
2024-06-15,TLM-008,TLM,492,1838,552,42807.02,低库存预警,8
2024-06-15,HND-018,HND,109,1553,395,3649.55,低库存预警,12
2024-06-15,VEN-013,VEN,375,743,109,23129.59,正常,3
2024-06-15,CUP-020,CUP,9,1227,605,6944.82,低库存预警,24
2024-06-15,WLC-021,WLC,256,492,198,4413.24,正常,3
2024-06-16,VEN-013,VEN,214,395,387,12296.35,过库存,3
2024-06-16,DRH-023,DRH,194,586,643,4816.92,正常,14
2024-06-16,CUP-001,CUP,203,893,300,5893.8,低库存预警,26
2024-06-16,DRH-011,DRH,347,57,687,1735.65,过库存,25
2024-06-16,TLM-028,TLM,72,1754,403,57899.54,过库存,27
2024-06-16,HND-018,HND,178,159,518,373.65,低库存预警,23
2024-06-16,WLC-010,WLC,413,572,168,14397.24,过库存,16
2024-06-16,TLP-009,TLP,342,49,338,1252.44,正常,3
2024-06-16,BUM-025,BUM,202,1348,112,30356.96,正常,26
2024-06-16,DRH-019,DRH,94,598,339,11511.5,正常,1
2024-06-16,CUP-015,CUP,359,960,715,29251.2,正常,24
2024-06-16,VEN-020,VEN,441,971,772,1874.03,正常,23
2024-06-16,DUO-001,DUO,447,567,166,10359.09,正常,26
2024-06-16,TLP-014,TLP,481,1091,404,35446.59,正常,28
2024-06-16,BUM-006,BUM,122,691,516,15803.17,正常,30
2024-06-16,DUO-002,DUO,270,669,207,11433.21,正常,30
2024-06-16,LRB-020,LRB,476,1137,659,24866.19,正常,29
2024-06-16,CUP-003,CUP,464,877,256,29993.4,正常,6
2024-06-16,BUM-024,BUM,190,862,761,23920.5,正常,7
2024-06-16,HND-011,HND,39,25,289,283.75,低库存预警,4
2024-06-16,WLC-016,WLC,433,820,646,25411.8,正常,22
2024-06-16,HND-020,HND,90,1674,723,16488.9,过库存,26
2024-06-16,CUP-013,CUP,485,1409,261,27334.6,正常,12
2024-06-16,LFR-013,LFR,166,507,409,5815.29,正常,28
2024-06-16,WLC-004,WLC,132,1453,400,9575.27,正常,29
2024-06-16,BUM-001,BUM,110,602,543,3124.38,正常,9
2024-06-16,CUP-023,CUP,499,1869,792,23698.92,过库存,28
2024-06-16,DUO-020,DUO,113,1953,155,41462.19,正常,9
2024-06-16,TLP-021,TLP,462,617,729,5355.56,正常,30
2024-06-16,WLC-021,WLC,162,1538,758,13795.86,过库存,28
2024-06-16,TLM-023,TLM,48,1874,683,57644.24,过库存,20
2024-06-16,TLP-001,TLP,57,129,657,992.01,过库存,24
2024-06-16,TLP-023,TLP,450,53,148,1349.38,正常,4
2024-06-16,CUP-012,CUP,304,800,515,12304.0,正常,11
2024-06-16,BUM-003,BUM,147,1955,466,34525.3,正常,20
2024-06-16,LFR-011,LFR,405,1069,360,21134.13,低库存预警,17
2024-06-16,BUM-013,BUM,372,272,720,1591.2,低库存预警,5
2024-06-16,TLM-024,TLM,412,668,463,10861.68,过库存,18
2024-06-16,TLP-003,TLP,4,315,218,4756.5,低库存预警,4
2024-06-16,DUO-011,DUO,78,1118,253,6540.3,过库存,11
2024-06-16,DRH-007,DRH,51,648,190,5689.44,正常,10
2024-06-16,HND-019,HND,169,246,521,5284.08,低库存预警,6
2024-06-16,BUM-021,BUM,409,1481,152,33677.94,正常,17
2024-06-16,WLC-005,WLC,377,187,400,718.08,正常,1
2024-06-16,LFR-016,LFR,184,1467,754,24660.27,正常,24
2024-06-16,TLP-017,TLP,400,882,779,25516.26,过库存,6
2024-06-16,VEN-023,VEN,97,46,775,348.68,正常,21
2024-06-16,WLC-001,WLC,191,1870,308,34520.2,低库存预警,25
2024-06-16,HND-021,HND,449,1187,357,31562.33,过库存,28
2024-06-16,WLC-007,WLC,499,699,622,24045.6,正常,18
2024-06-16,DRH-008,DRH,477,194,369,6764.78,正常,20
2024-06-16,LRB-013,LRB,270,407,648,13984.52,过库存,25
2024-06-16,TLM-008,TLM,246,843,268,19633.47,正常,29
2024-06-16,TLP-011,TLP,151,1667,179,57128.09,正常,25
2024-06-16,DUO-006,DUO,259,997,219,32950.85,正常,10
2024-06-16,TLP-002,TLP,120,517,465,3432.88,过库存,20
2024-06-16,VEN-005,VEN,111,86,639,1566.06,正常,0
2024-06-16,LFR-007,LFR,379,1315,688,4576.2,正常,14
2024-06-16,CUP-016,CUP,55,475,194,7177.25,正常,30
2024-06-16,CUP-009,CUP,233,184,216,5569.68,正常,8
2024-06-17,VEN-012,VEN,350,1902,518,28434.9,正常,10
2024-06-17,LRB-017,LRB,498,1939,486,49347.55,正常,9
2024-06-17,DUO-011,DUO,498,1302,323,7616.7,正常,10
2024-06-17,DRH-012,DRH,471,340,575,8336.8,正常,2
2024-06-17,LFR-002,LFR,206,1760,136,19078.4,正常,6
2024-06-17,WLC-011,WLC,8,1735,228,28367.25,正常,12
2024-06-17,DUO-004,DUO,348,273,240,5711.16,正常,24
2024-06-17,DRH-004,DRH,349,1602,395,23997.96,正常,3
2024-06-17,DRH-005,DRH,499,304,560,7831.04,低库存预警,20
2024-06-17,DUO-015,DUO,73,751,245,15560.72,正常,27
2024-06-17,DRH-029,DRH,155,1284,475,24460.2,正常,10
2024-06-17,DRH-011,DRH,448,841,612,25608.45,正常,4
2024-06-17,DUO-021,DUO,255,1231,754,11620.64,过库存,19
2024-06-17,LRB-018,LRB,229,966,610,10471.44,正常,7
2024-06-17,LRB-008,LRB,323,1003,657,31464.11,过库存,27
2024-06-17,LRB-022,LRB,10,469,236,8273.16,正常,21
2024-06-17,DRH-021,DRH,74,1795,448,6874.85,过库存,10
2024-06-17,CUP-030,CUP,450,1468,454,37551.44,正常,28
2024-06-17,HND-017,HND,277,1768,276,38860.64,过库存,27
2024-06-17,TLP-001,TLP,459,1475,448,11342.75,正常,3
2024-06-17,BUM-017,BUM,180,1241,693,7272.26,正常,4
2024-06-17,LRB-012,LRB,349,844,347,3485.72,过库存,14
2024-06-17,HND-020,HND,441,198,354,1950.3,过库存,1
2024-06-17,VEN-009,VEN,492,990,380,9009.0,正常,10
2024-06-17,TLP-007,TLP,459,752,449,8753.28,低库存预警,19
2024-06-17,VEN-006,VEN,490,1134,726,15830.64,正常,4
2024-06-17,WLC-021,WLC,366,552,210,4951.44,正常,27
2024-06-17,HND-008,HND,228,218,657,5402.04,正常,10
2024-06-17,CUP-008,CUP,460,1639,719,3441.9,过库存,13
2024-06-17,CUP-017,CUP,137,103,102,1276.17,正常,12
2024-06-17,DRH-026,DRH,57,1601,121,4786.99,正常,4
2024-06-17,WLC-009,WLC,96,231,497,7144.83,过库存,19
2024-06-17,LFR-017,LFR,36,1939,454,46865.63,正常,18
2024-06-17,HND-001,HND,367,341,210,2267.65,正常,6
2024-06-17,TLM-026,TLM,474,802,291,14917.2,低库存预警,30
2024-06-17,BUM-004,BUM,381,255,234,8244.15,正常,14
2024-06-17,CUP-006,CUP,113,107,619,2031.93,正常,28
2024-06-17,TLP-023,TLP,175,923,532,23499.58,正常,29
2024-06-17,TLP-020,TLP,407,502,451,873.48,正常,23
2024-06-17,TLP-017,TLP,407,1049,157,30347.57,正常,8
2024-06-17,WLC-013,WLC,12,479,517,11208.6,正常,16
2024-06-17,VEN-017,VEN,205,934,683,21164.44,正常,0
2024-06-17,DUO-020,DUO,174,1085,185,23034.55,正常,6
2024-06-17,VEN-022,VEN,466,979,282,32845.45,过库存,7
2024-06-17,VEN-021,VEN,214,338,476,10055.5,过库存,18
2024-06-17,TLM-002,TLM,377,1707,178,8483.79,正常,19
2024-06-17,BUM-023,BUM,180,487,117,3024.27,正常,26
2024-06-17,CUP-010,CUP,1,423,615,12144.33,低库存预警,13
2024-06-17,VEN-003,VEN,275,917,102,26932.29,正常,16
2024-06-17,VEN-023,VEN,177,1220,530,9247.6,低库存预警,29
2024-06-17,VEN-008,VEN,143,837,656,27805.14,正常,9
2024-06-17,DRH-008,DRH,358,127,795,4428.49,过库存,12
2024-06-17,TLM-001,TLM,390,755,221,5156.65,过库存,10
2024-06-17,DRH-001,DRH,437,171,379,5118.03,低库存预警,23
2024-06-17,DUO-010,DUO,107,66,555,1005.84,过库存,1
2024-06-17,BUM-002,BUM,346,1851,767,40111.17,低库存预警,13
2024-06-17,HND-007,HND,248,348,648,1364.16,过库存,15
2024-06-17,BUM-019,BUM,223,1803,107,33662.01,正常,9
2024-06-17,HND-003,HND,224,1304,190,14018.0,过库存,6
2024-06-17,DUO-001,DUO,8,720,419,13154.4,正常,2
2024-06-18,WLC-002,WLC,194,640,594,16524.8,正常,24
2024-06-18,VEN-025,VEN,403,1453,453,19717.21,正常,13
2024-06-18,TLM-004,TLM,210,557,509,18074.65,正常,12
2024-06-18,TLM-003,TLM,278,1459,685,11847.08,正常,0
2024-06-18,VEN-016,VEN,112,1489,345,49717.71,低库存预警,0
2024-06-18,TLP-018,TLP,120,235,179,4194.75,正常,29
2024-06-18,DUO-008,DUO,182,1568,784,15162.56,过库存,5
2024-06-18,CUP-030,CUP,416,334,761,8543.72,正常,20
2024-06-18,VEN-024,VEN,223,1773,711,23935.5,正常,29
2024-06-18,HND-012,HND,190,1812,627,7755.36,低库存预警,14
2024-06-18,CUP-026,CUP,58,1033,224,12013.79,正常,23
2024-06-18,LFR-014,LFR,310,1253,371,11540.13,低库存预警,9
2024-06-18,TLM-027,TLM,92,1732,574,26170.52,正常,12
2024-06-18,WLC-010,WLC,82,1077,507,27108.09,正常,8
2024-06-18,HND-016,HND,430,192,605,2920.32,过库存,8
2024-06-18,LRB-017,LRB,332,1521,515,38709.45,正常,10
2024-06-18,LRB-020,LRB,464,113,729,2471.31,正常,21
2024-06-18,DRH-009,DRH,373,1393,226,18025.42,正常,28
2024-06-18,HND-008,HND,464,895,292,22178.1,低库存预警,2
2024-06-18,TLM-020,TLM,496,1888,678,59509.76,正常,25
2024-06-18,WLC-009,WLC,100,621,477,19207.53,正常,4
2024-06-18,TLM-011,TLM,150,342,456,11757.96,过库存,10
2024-06-18,LFR-009,LFR,156,284,318,4668.96,低库存预警,12
2024-06-18,WLC-006,WLC,57,988,513,11767.08,低库存预警,10
2024-06-18,TLP-021,TLP,222,225,628,1953.0,过库存,25
2024-06-18,LRB-001,LRB,472,1920,641,24211.2,正常,4
2024-06-18,BUM-018,BUM,481,488,425,8022.72,正常,7
2024-06-18,TLM-018,TLM,272,1165,791,34518.95,正常,16
2024-06-18,TLP-016,TLP,213,1192,444,30789.36,低库存预警,4
2024-06-18,DRH-025,DRH,71,1885,720,19811.35,正常,1
2024-06-18,LFR-018,LFR,212,160,479,3889.6,正常,15
2024-06-18,HND-013,HND,186,612,386,10269.36,低库存预警,27
2024-06-18,WLC-013,WLC,350,865,314,20241.0,正常,0
2024-06-18,VEN-011,VEN,159,1391,427,44943.21,正常,19
2024-06-18,HND-015,HND,275,170,725,2357.9,低库存预警,27
2024-06-18,DRH-010,DRH,104,1903,717,12483.68,低库存预警,3
2024-06-18,CUP-006,CUP,171,1892,740,35929.08,过库存,6
2024-06-18,LRB-019,LRB,187,1440,179,48758.4,正常,20
2024-06-18,DRH-030,DRH,213,525,702,2829.75,低库存预警,29
2024-06-18,TLM-009,TLM,117,414,795,8511.84,正常,10
2024-06-18,WLC-008,WLC,415,158,611,2678.1,过库存,8
2024-06-18,TLM-022,TLM,100,1221,639,5128.2,正常,26
2024-06-18,DRH-001,DRH,356,858,185,25679.94,正常,29
2024-06-18,HND-028,HND,252,516,593,5000.04,正常,29
2024-06-18,DRH-015,DRH,159,522,319,3894.12,正常,15
2024-06-18,BUM-001,BUM,311,1465,306,7603.35,正常,24
2024-06-18,WLC-003,WLC,447,1375,786,9982.5,正常,12
2024-06-18,BUM-023,BUM,492,657,283,4079.97,正常,9
2024-06-18,TLM-019,TLM,65,1639,215,48334.11,正常,14
2024-06-18,DRH-003,DRH,399,841,276,7829.71,正常,0
2024-06-18,HND-005,HND,253,1668,647,46287.0,正常,19
2024-06-18,TLP-020,TLP,245,671,295,1167.54,正常,23
2024-06-18,BUM-010,BUM,391,617,323,19318.27,正常,11
2024-06-18,CUP-024,CUP,282,691,311,1278.35,过库存,16
2024-06-18,CUP-017,CUP,305,1006,131,12464.34,过库存,27
2024-06-18,CUP-005,CUP,177,1071,754,35214.48,正常,13
2024-06-18,LFR-002,LFR,47,74,692,802.16,正常,6
2024-06-18,VEN-022,VEN,11,1330,428,44621.5,过库存,15
2024-06-18,HND-024,HND,484,968,542,20260.24,正常,0
2024-06-18,TLP-004,TLP,467,555,247,4717.5,正常,27
2024-06-19,TLM-007,TLM,8,151,517,502.83,正常,23
2024-06-19,VEN-024,VEN,121,172,421,2322.0,低库存预警,6
2024-06-19,LRB-013,LRB,69,876,342,30099.36,正常,16
2024-06-19,LRB-011,LRB,371,1327,616,7033.1,低库存预警,25
2024-06-19,CUP-027,CUP,252,636,420,12751.8,正常,20
2024-06-19,LRB-006,LRB,361,701,124,23960.18,正常,2
2024-06-19,DUO-019,DUO,78,692,703,10117.04,正常,28
2024-06-19,VEN-019,VEN,115,1925,733,33398.75,低库存预警,8
2024-06-19,BUM-021,BUM,470,1501,541,34132.74,正常,26
2024-06-19,LRB-012,LRB,186,1826,706,7541.38,正常,19
2024-06-19,LFR-021,LFR,377,227,697,4442.39,正常,15
2024-06-19,CUP-012,CUP,58,1508,779,23193.04,正常,16
2024-06-19,WLC-012,WLC,33,1634,704,19411.92,正常,8
2024-06-19,DRH-022,DRH,315,500,292,6095.0,正常,28
2024-06-19,TLM-024,TLM,155,1758,121,28585.08,过库存,11
2024-06-19,HND-018,HND,212,1771,126,4161.85,过库存,10
2024-06-19,TLP-001,TLP,232,120,497,922.8,低库存预警,23
2024-06-19,BUM-022,BUM,74,363,697,5731.77,正常,1
2024-06-19,BUM-023,BUM,93,1548,782,9613.08,正常,26
2024-06-19,LFR-009,LFR,322,120,727,1972.8,正常,15
2024-06-19,DRH-030,DRH,293,396,390,2134.44,过库存,3
2024-06-19,DUO-020,DUO,44,364,432,7727.72,过库存,20
2024-06-19,VEN-029,VEN,417,283,602,3279.97,正常,1
2024-06-19,VEN-008,VEN,3,1488,564,49431.36,正常,14
2024-06-19,TLM-006,TLM,223,1813,581,12382.79,正常,1
2024-06-19,TLM-021,TLM,385,1384,162,9508.08,正常,11
2024-06-19,DUO-016,DUO,63,1307,666,29681.97,正常,26
2024-06-19,LRB-005,LRB,55,1148,423,28183.4,正常,21
2024-06-19,DRH-012,DRH,215,1963,430,48132.76,低库存预警,17
2024-06-19,CUP-009,CUP,386,548,135,16587.96,低库存预警,20
2024-06-19,LFR-014,LFR,137,760,384,6999.6,正常,22
2024-06-19,VEN-003,VEN,195,431,535,12658.47,过库存,11
2024-06-19,TLM-013,TLM,257,80,604,2349.6,正常,10
2024-06-19,VEN-026,VEN,84,1697,219,36010.34,正常,22
2024-06-19,DUO-025,DUO,65,630,229,7667.1,过库存,10
2024-06-19,LFR-006,LFR,472,160,388,1203.2,正常,27
2024-06-19,HND-020,HND,394,1427,709,14055.95,正常,8
2024-06-19,LFR-018,LFR,426,96,209,2333.76,低库存预警,30
2024-06-19,DRH-009,DRH,25,1606,156,20781.64,正常,9
2024-06-19,CUP-015,CUP,421,1465,524,44638.55,低库存预警,12
2024-06-19,DUO-012,DUO,25,248,669,2834.64,低库存预警,12
2024-06-19,DRH-020,DRH,49,914,704,27730.76,正常,20
2024-06-19,LRB-017,LRB,247,1431,559,36418.95,低库存预警,3
2024-06-19,WLC-017,WLC,426,583,136,1504.14,正常,21
2024-06-19,DRH-008,DRH,373,1224,756,42680.88,正常,7
2024-06-19,WLC-007,WLC,474,36,709,1238.4,正常,4
2024-06-19,BUM-001,BUM,326,648,606,3363.12,低库存预警,15
2024-06-19,BUM-013,BUM,397,40,700,234.0,过库存,30
2024-06-19,HND-019,HND,463,1849,286,39716.52,过库存,23
2024-06-19,VEN-020,VEN,96,1060,373,2045.8,低库存预警,21
2024-06-19,TLM-016,TLM,155,1325,555,45937.75,低库存预警,24
2024-06-19,DRH-015,DRH,495,1750,359,13055.0,正常,0
2024-06-19,CUP-010,CUP,401,31,112,890.01,过库存,12
2024-06-19,DUO-001,DUO,121,1243,278,22709.61,正常,6
2024-06-19,TLP-007,TLP,75,1553,255,18076.92,正常,16
2024-06-19,WLC-022,WLC,19,1984,728,66642.56,低库存预警,16
2024-06-19,DRH-026,DRH,144,437,670,1306.63,正常,24
2024-06-19,TLM-001,TLM,479,1033,287,7055.39,低库存预警,25
2024-06-19,HND-004,HND,270,1192,186,15484.08,正常,5
2024-06-19,WLC-006,WLC,369,554,743,6598.14,正常,0
2024-06-20,TLP-018,TLP,402,853,602,15226.05,低库存预警,25
2024-06-20,HND-015,HND,250,1626,443,22552.62,过库存,27
2024-06-20,BUM-025,BUM,387,516,790,11620.32,低库存预警,2
2024-06-20,VEN-030,VEN,157,1831,755,21202.98,正常,22
2024-06-20,VEN-027,VEN,13,1238,685,11117.24,正常,19
2024-06-20,LFR-002,LFR,346,511,491,5539.24,正常,19
2024-06-20,BUM-014,BUM,438,670,404,5078.6,正常,28
2024-06-20,DRH-001,DRH,366,1471,681,44027.03,过库存,1
2024-06-20,HND-024,HND,441,1135,492,23755.55,正常,15
2024-06-20,LFR-019,LFR,128,1680,280,28056.0,正常,11
2024-06-20,TLP-023,TLP,158,1629,736,41474.34,正常,2
2024-06-20,VEN-020,VEN,43,1263,687,2437.59,正常,8
2024-06-20,TLP-015,TLP,336,378,338,7616.7,正常,24
2024-06-20,LRB-005,LRB,433,908,403,22291.4,正常,27
2024-06-20,DRH-006,DRH,355,922,340,16448.48,正常,29
2024-06-20,DRH-010,DRH,396,691,627,4532.96,正常,0
2024-06-20,TLM-002,TLM,74,293,276,1456.21,过库存,8
2024-06-20,VEN-005,VEN,41,1212,661,22070.52,低库存预警,17
2024-06-20,HND-019,HND,435,34,474,730.32,正常,11
2024-06-20,TLM-028,TLM,465,1480,736,48854.8,过库存,21
2024-06-20,CUP-016,CUP,200,368,475,5560.48,正常,13
2024-06-20,CUP-013,CUP,450,1977,461,38353.8,正常,7
2024-06-20,TLM-006,TLM,498,1501,595,10251.83,正常,7
2024-06-20,LRB-018,LRB,91,1841,365,19956.44,过库存,14
2024-06-20,VEN-017,VEN,365,381,350,8633.46,正常,29
2024-06-20,LFR-009,LFR,466,1864,526,30644.16,正常,4
2024-06-20,WLC-015,WLC,380,11,757,237.38,正常,28
2024-06-20,HND-025,HND,426,772,775,7056.08,过库存,18
2024-06-20,WLC-020,WLC,264,656,538,7734.24,正常,27
2024-06-20,TLP-016,TLP,116,181,252,4675.23,正常,2
2024-06-20,VEN-002,VEN,247,1745,769,58213.2,正常,16
2024-06-20,LRB-008,LRB,417,546,675,17128.02,正常,9
2024-06-20,HND-008,HND,212,929,764,23020.62,正常,11
2024-06-20,BUM-024,BUM,17,1414,248,39238.5,正常,27
2024-06-20,LFR-007,LFR,226,118,491,410.64,正常,2
2024-06-20,HND-026,HND,292,1078,422,31919.58,正常,27
2024-06-20,LFR-012,LFR,81,1286,548,22929.38,低库存预警,9
2024-06-20,DUO-021,DUO,62,1226,243,11573.44,正常,25
2024-06-20,TLP-006,TLP,211,833,643,23698.85,正常,0
2024-06-20,WLC-014,WLC,102,1431,460,12363.84,正常,10
2024-06-20,WLC-003,WLC,331,220,407,1597.2,正常,0
2024-06-20,HND-004,HND,168,574,774,7456.26,正常,30
2024-06-20,DUO-023,DUO,353,378,307,12345.48,低库存预警,30
2024-06-20,LFR-004,LFR,419,627,115,11693.55,正常,19
2024-06-20,CUP-020,CUP,389,1138,168,6441.08,过库存,19
2024-06-20,WLC-002,WLC,201,1845,151,47637.9,正常,9
2024-06-20,TLP-007,TLP,464,542,488,6308.88,正常,6
2024-06-20,LFR-010,LFR,257,1608,459,33575.04,低库存预警,26
2024-06-20,DUO-003,DUO,38,60,464,95.4,低库存预警,14
2024-06-20,DRH-015,DRH,130,1309,398,9765.14,正常,10
2024-06-20,BUM-020,BUM,359,600,365,20394.0,正常,14
2024-06-20,DUO-018,DUO,408,475,567,1216.0,正常,23
2024-06-20,HND-017,HND,456,916,163,20133.68,过库存,7
2024-06-20,BUM-007,BUM,423,1268,713,12857.52,低库存预警,14
2024-06-20,WLC-024,WLC,134,850,477,5737.5,低库存预警,25
2024-06-20,DUO-025,DUO,394,699,495,8506.83,过库存,9
2024-06-20,TLP-002,TLP,120,1790,662,11885.6,正常,21
2024-06-20,DUO-016,DUO,267,1423,587,32316.33,正常,8
2024-06-20,BUM-010,BUM,170,512,332,16030.72,正常,13
2024-06-20,BUM-016,BUM,420,1349,299,11844.22,正常,10
2024-06-21,WLC-007,WLC,89,340,396,11696.0,正常,6
2024-06-21,CUP-012,CUP,316,915,284,14072.7,正常,8
2024-06-21,DUO-023,DUO,414,249,688,8132.34,正常,2
2024-06-21,TLM-005,TLM,71,1280,413,27340.8,正常,11
2024-06-21,WLC-006,WLC,200,1585,363,18877.35,低库存预警,8
2024-06-21,LFR-012,LFR,318,621,161,11072.43,正常,25
2024-06-21,LFR-007,LFR,314,1758,706,6117.84,过库存,25
2024-06-21,DRH-011,DRH,450,1783,590,54292.35,低库存预警,6
2024-06-21,CUP-001,CUP,67,254,662,1676.4,正常,2
2024-06-21,CUP-010,CUP,68,989,606,28394.19,正常,5
2024-06-21,TLM-003,TLM,268,1092,150,8867.04,正常,29
2024-06-21,BUM-017,BUM,197,626,523,3668.36,过库存,12
2024-06-21,DUO-001,DUO,94,1205,339,22015.35,正常,20
2024-06-21,BUM-025,BUM,497,99,594,2229.48,正常,6
2024-06-21,BUM-006,BUM,204,515,730,11778.05,正常,7
2024-06-21,HND-028,HND,123,1089,683,10552.41,正常,22
2024-06-21,LRB-012,LRB,108,1498,756,6186.74,过库存,23
2024-06-21,BUM-004,BUM,440,460,191,14871.8,正常,3
2024-06-21,CUP-009,CUP,174,1041,175,31511.07,正常,19
2024-06-21,WLC-025,WLC,453,870,698,23142.0,正常,25
2024-06-21,TLP-012,TLP,42,618,538,13194.3,正常,25
2024-06-21,HND-021,HND,251,1152,648,30631.68,正常,25
2024-06-21,TLP-008,TLP,409,783,569,18729.36,正常,11
2024-06-21,CUP-029,CUP,242,6,786,13.5,低库存预警,13
2024-06-21,WLC-003,WLC,70,1832,265,13300.32,正常,6
2024-06-21,TLM-026,TLM,469,1121,380,20850.6,过库存,9
2024-06-21,LRB-015,LRB,257,746,173,15770.44,过库存,14
2024-06-21,BUM-028,BUM,90,950,318,29659.0,正常,25
2024-06-21,DRH-021,DRH,432,183,623,700.89,正常,13
2024-06-21,HND-027,HND,366,1351,637,33504.8,低库存预警,18
2024-06-21,DRH-004,DRH,108,1530,141,22919.4,过库存,12
2024-06-21,DRH-029,DRH,161,1341,218,25546.05,正常,23
2024-06-21,BUM-007,BUM,224,267,192,2707.38,正常,13
2024-06-21,TLM-008,TLM,144,1678,115,39080.62,正常,20
2024-06-21,LFR-016,LFR,400,1047,608,17600.07,正常,9
2024-06-21,DUO-025,DUO,495,915,450,11135.55,正常,16
2024-06-21,HND-003,HND,16,1996,479,21457.0,正常,21
2024-06-21,HND-018,HND,134,986,494,2317.1,过库存,23
2024-06-21,DUO-021,DUO,253,344,639,3247.36,低库存预警,12
2024-06-21,VEN-027,VEN,480,1273,177,11431.54,低库存预警,27
2024-06-21,TLM-014,TLM,468,1761,710,37967.16,正常,9
2024-06-21,VEN-003,VEN,105,1683,429,49429.71,正常,24
2024-06-21,VEN-029,VEN,201,1880,227,21789.2,过库存,16
2024-06-21,HND-010,HND,62,1162,722,37567.46,正常,25
2024-06-21,TLM-027,TLM,205,1643,151,24825.73,正常,16
2024-06-21,TLP-011,TLP,42,1060,480,36326.2,过库存,19
2024-06-21,BUM-024,BUM,339,1839,798,51032.25,正常,1
2024-06-21,DUO-018,DUO,189,1648,745,4218.88,正常,20
2024-06-21,CUP-008,CUP,471,767,666,1610.7,低库存预警,6
2024-06-21,BUM-026,BUM,201,102,410,1130.16,过库存,21
2024-06-21,CUP-019,CUP,189,386,192,6716.4,正常,5
2024-06-21,VEN-010,VEN,341,413,293,5410.3,正常,4
2024-06-21,DUO-022,DUO,162,732,308,2810.88,正常,25
2024-06-21,WLC-011,WLC,391,1565,658,25587.75,正常,13
2024-06-21,DUO-014,DUO,392,242,563,2804.78,低库存预警,10
2024-06-21,LRB-021,LRB,205,1276,389,13921.16,正常,21
2024-06-21,TLP-009,TLP,482,1830,660,46774.8,正常,5
2024-06-21,DUO-011,DUO,358,477,589,2790.45,正常,9
2024-06-21,TLM-009,TLM,309,206,685,4235.36,低库存预警,19
2024-06-21,DUO-007,DUO,492,618,752,7502.52,正常,17
2024-06-22,WLC-017,WLC,50,359,545,926.22,低库存预警,26
2024-06-22,LRB-021,LRB,476,1581,460,17248.71,低库存预警,25
2024-06-22,DRH-007,DRH,261,1966,679,17261.48,正常,19
2024-06-22,BUM-003,BUM,72,1505,506,26578.3,正常,14
2024-06-22,VEN-022,VEN,442,1935,767,64919.25,过库存,3
2024-06-22,WLC-013,WLC,331,22,569,514.8,正常,18
2024-06-22,CUP-017,CUP,293,664,346,8226.96,正常,11
2024-06-22,LRB-012,LRB,185,1472,792,6079.36,过库存,26
2024-06-22,WLC-005,WLC,286,1451,679,5571.84,过库存,21
2024-06-22,TLM-026,TLM,447,390,542,7254.0,过库存,1
2024-06-22,BUM-005,BUM,136,1777,520,29338.27,正常,30
2024-06-22,VEN-025,VEN,147,1728,234,23448.96,过库存,16
2024-06-22,VEN-011,VEN,293,136,260,4394.16,正常,23
2024-06-22,CUP-024,CUP,152,167,371,308.95,正常,15
2024-06-22,DRH-005,DRH,31,5,495,128.8,正常,13
2024-06-22,LRB-009,LRB,44,1991,679,53836.64,过库存,29
2024-06-22,DUO-019,DUO,252,1418,232,20731.16,正常,9
2024-06-22,LFR-004,LFR,422,905,365,16878.25,过库存,28
2024-06-22,DRH-010,DRH,425,1459,420,9571.04,过库存,23
2024-06-22,BUM-024,BUM,427,113,477,3135.75,低库存预警,25
2024-06-22,TLP-008,TLP,154,772,557,18466.24,正常,15
2024-06-22,LFR-020,LFR,414,1583,492,49199.64,过库存,10
2024-06-22,HND-012,HND,146,432,550,1848.96,正常,15
2024-06-22,DUO-021,DUO,428,1502,415,14178.88,正常,24
2024-06-22,HND-017,HND,333,1270,183,27914.6,过库存,29
2024-06-22,DRH-004,DRH,254,69,412,1033.62,过库存,26
2024-06-22,CUP-023,CUP,382,1283,731,16268.44,正常,28
2024-06-22,LRB-010,LRB,500,1557,661,18357.03,正常,10
2024-06-22,BUM-022,BUM,499,979,592,15458.41,低库存预警,21
2024-06-22,DUO-004,DUO,376,1059,652,22154.28,正常,27
2024-06-22,HND-022,HND,375,1451,180,46794.75,正常,21
2024-06-22,HND-009,HND,321,1428,540,43496.88,过库存,9
2024-06-22,BUM-028,BUM,387,1265,750,39493.3,正常,13
2024-06-22,CUP-026,CUP,419,551,578,6408.13,正常,14
2024-06-22,CUP-008,CUP,240,397,678,833.7,过库存,22
2024-06-22,DUO-005,DUO,183,505,676,6019.6,低库存预警,21
2024-06-22,BUM-016,BUM,122,1396,352,12256.88,正常,5
2024-06-22,DRH-027,DRH,487,561,651,13996.95,正常,10
2024-06-22,DUO-023,DUO,293,74,176,2416.84,低库存预警,20
2024-06-22,HND-025,HND,348,693,533,6334.02,低库存预警,11
2024-06-22,DRH-023,DRH,262,898,340,7381.56,正常,11
2024-06-22,CUP-012,CUP,188,1090,644,16764.2,正常,1
2024-06-22,TLP-012,TLP,240,378,570,8070.3,正常,0
2024-06-22,DRH-012,DRH,404,110,318,2697.2,低库存预警,15
2024-06-22,TLM-007,TLM,306,1066,363,3549.78,正常,25
2024-06-22,DRH-016,DRH,329,895,375,17425.65,低库存预警,27
2024-06-22,TLP-009,TLP,258,1179,211,30135.24,正常,2
2024-06-22,LFR-019,LFR,373,1100,782,18370.0,正常,10
2024-06-22,LRB-002,LRB,335,1771,155,45674.09,正常,23
2024-06-22,DUO-016,DUO,187,1138,229,25843.98,正常,30
2024-06-22,WLC-022,WLC,173,1333,597,44775.47,正常,11
2024-06-22,HND-003,HND,214,1178,749,12663.5,低库存预警,18
2024-06-22,WLC-016,WLC,480,245,127,7592.55,正常,30
2024-06-22,VEN-016,VEN,169,1933,562,64542.87,正常,1
2024-06-22,CUP-018,CUP,325,224,507,4137.28,过库存,30
2024-06-22,HND-008,HND,370,138,113,3419.64,正常,4
2024-06-22,TLP-001,TLP,81,1540,731,11842.6,过库存,2
2024-06-22,TLP-023,TLP,200,413,236,10514.98,低库存预警,20
2024-06-22,DUO-020,DUO,479,1310,704,27811.3,正常,14
2024-06-22,VEN-004,VEN,124,1562,205,50546.32,正常,21
2024-06-23,HND-009,HND,377,1596,146,48614.16,低库存预警,21
2024-06-23,WLC-017,WLC,171,324,209,835.92,正常,14
2024-06-23,DUO-009,DUO,261,187,642,3921.39,过库存,30
2024-06-23,LRB-015,LRB,371,172,238,3636.08,正常,7
2024-06-23,CUP-030,CUP,161,1896,176,48499.68,正常,13
2024-06-23,HND-027,HND,382,842,368,20881.6,低库存预警,13
2024-06-23,CUP-001,CUP,14,843,156,5563.8,正常,19
2024-06-23,LRB-007,LRB,104,1109,537,5733.53,低库存预警,17
2024-06-23,CUP-023,CUP,306,1084,703,13745.12,正常,0
2024-06-23,CUP-011,CUP,491,1076,795,31677.44,过库存,4
2024-06-23,DUO-023,DUO,277,425,770,13880.5,正常,7
2024-06-23,DRH-021,DRH,266,1871,776,7165.93,正常,7
2024-06-23,CUP-015,CUP,445,1006,604,30652.82,正常,10
2024-06-23,CUP-013,CUP,286,1116,643,21650.4,正常,14
2024-06-23,DRH-010,DRH,491,106,702,695.36,过库存,13
2024-06-23,BUM-011,BUM,318,1632,377,46805.76,正常,25
2024-06-23,CUP-009,CUP,201,406,502,12289.62,正常,3
2024-06-23,CUP-012,CUP,207,1308,748,20117.04,正常,17
2024-06-23,TLM-019,TLM,377,571,649,16838.79,低库存预警,6
2024-06-23,DUO-011,DUO,421,469,590,2743.65,正常,0
2024-06-23,BUM-022,BUM,312,1911,303,30174.69,正常,2
2024-06-23,DRH-017,DRH,67,1504,523,7775.68,低库存预警,11
2024-06-23,DRH-016,DRH,468,234,479,4555.98,正常,21
2024-06-23,DRH-023,DRH,341,439,212,3608.58,低库存预警,25
2024-06-23,DUO-013,DUO,475,999,349,3546.45,正常,0
2024-06-23,BUM-027,BUM,415,129,300,1092.63,正常,2
2024-06-23,TLM-016,TLM,422,610,231,21148.7,低库存预警,8
2024-06-23,TLM-026,TLM,282,881,255,16386.6,低库存预警,3
2024-06-23,TLM-002,TLM,46,389,224,1933.33,低库存预警,11
2024-06-23,WLC-003,WLC,399,193,735,1401.18,过库存,15
2024-06-23,CUP-014,CUP,206,1575,282,29688.75,低库存预警,0
2024-06-23,WLC-011,WLC,86,1178,788,19260.3,正常,12
2024-06-23,TLP-022,TLP,183,1525,443,35929.0,正常,2
2024-06-23,HND-007,HND,75,1665,203,6526.8,正常,5
2024-06-23,HND-022,HND,235,569,311,18350.25,正常,23
2024-06-23,HND-002,HND,180,1485,525,13662.0,正常,11
2024-06-23,VEN-005,VEN,4,1221,511,22234.41,正常,13
2024-06-23,BUM-024,BUM,32,993,757,27555.75,正常,28
2024-06-23,CUP-025,CUP,138,1330,296,43358.0,过库存,18
2024-06-23,DUO-022,DUO,23,1396,469,5360.64,正常,12
2024-06-23,CUP-020,CUP,67,231,354,1307.46,低库存预警,15
2024-06-23,HND-018,HND,325,441,136,1036.35,过库存,27
2024-06-23,DRH-001,DRH,134,1879,217,56238.47,正常,20
2024-06-23,DUO-007,DUO,266,175,762,2124.5,低库存预警,25
2024-06-23,LRB-010,LRB,398,610,598,7191.9,正常,30
2024-06-23,BUM-009,BUM,402,1649,280,36492.37,正常,29
2024-06-23,HND-028,HND,434,1574,442,15252.06,正常,11
2024-06-23,TLP-001,TLP,89,1559,431,11988.71,正常,21
2024-06-23,TLP-008,TLP,82,533,737,12749.36,正常,12
2024-06-23,LRB-005,LRB,463,1027,340,25212.85,正常,21
2024-06-23,CUP-019,CUP,108,543,300,9448.2,低库存预警,23
2024-06-23,HND-019,HND,153,1263,271,27129.24,正常,6
2024-06-23,WLC-009,WLC,60,118,303,3649.74,低库存预警,10
2024-06-23,HND-020,HND,368,394,344,3880.9,正常,20
2024-06-23,WLC-020,WLC,482,1486,364,17519.94,正常,13
2024-06-23,VEN-030,VEN,197,493,612,5708.94,正常,4
2024-06-23,TLM-028,TLM,86,1761,430,58130.61,正常,12
2024-06-23,BUM-012,BUM,391,1577,528,41601.26,低库存预警,10
2024-06-23,DRH-009,DRH,298,909,724,11762.46,低库存预警,23
2024-06-23,LFR-016,LFR,155,598,562,10052.38,正常,6
2024-06-24,HND-017,HND,164,1578,567,34684.44,过库存,4
2024-06-24,TLM-020,TLM,213,747,531,23545.44,过库存,23
2024-06-24,TLP-016,TLP,468,631,335,16298.73,低库存预警,23
2024-06-24,WLC-007,WLC,49,1953,265,67183.2,过库存,7
2024-06-24,TLM-006,TLM,310,336,242,2294.88,正常,16
2024-06-24,DRH-024,DRH,317,1636,521,13006.2,正常,7
2024-06-24,BUM-024,BUM,424,86,560,2386.5,正常,13
2024-06-24,CUP-004,CUP,312,459,419,15684.03,过库存,30
2024-06-24,VEN-001,VEN,92,188,492,658.0,低库存预警,13
2024-06-24,BUM-014,BUM,335,1176,508,8914.08,过库存,25
2024-06-24,BUM-017,BUM,99,533,783,3123.38,正常,14
2024-06-24,DRH-001,DRH,65,335,275,10026.55,正常,15
2024-06-24,VEN-006,VEN,298,1671,389,23327.16,低库存预警,24
2024-06-24,TLP-014,TLP,420,227,302,7375.23,正常,20
2024-06-24,DRH-018,DRH,57,1440,237,29548.8,低库存预警,20
2024-06-24,LFR-019,LFR,391,1756,384,29325.2,低库存预警,10
2024-06-24,HND-018,HND,236,211,477,495.85,正常,22
2024-06-24,HND-007,HND,68,741,774,2904.72,过库存,28
2024-06-24,LRB-002,LRB,144,729,698,18800.91,过库存,1
2024-06-24,WLC-019,WLC,219,481,293,9466.08,正常,3
2024-06-24,DUO-008,DUO,83,908,477,8780.36,正常,6
2024-06-24,BUM-004,BUM,424,1989,725,64304.37,正常,21
2024-06-24,TLM-021,TLM,328,719,184,4939.53,低库存预警,24
2024-06-24,HND-024,HND,146,881,204,18439.33,正常,5
2024-06-24,WLC-005,WLC,297,102,458,391.68,正常,30
2024-06-24,DRH-004,DRH,263,654,620,9796.92,低库存预警,3
2024-06-24,WLC-001,WLC,202,1701,728,31400.46,过库存,22
2024-06-24,TLP-005,TLP,270,525,508,3018.75,低库存预警,6
2024-06-24,TLM-009,TLM,124,1027,177,21115.12,正常,20
2024-06-24,DRH-003,DRH,129,53,303,493.43,正常,16
2024-06-24,HND-023,HND,199,749,451,7063.07,正常,21
2024-06-24,CUP-002,CUP,239,564,761,2707.2,低库存预警,29
2024-06-24,DUO-020,DUO,61,1100,392,23353.0,正常,29
2024-06-24,WLC-011,WLC,15,1431,597,23396.85,正常,10
2024-06-24,TLP-020,TLP,9,309,773,537.66,正常,22
2024-06-24,LRB-007,LRB,280,255,445,1318.35,正常,17
2024-06-24,TLP-007,TLP,84,11,470,128.04,正常,29
2024-06-24,DUO-024,DUO,315,621,595,6116.85,低库存预警,17
2024-06-24,VEN-007,VEN,36,114,192,1732.8,低库存预警,11
2024-06-24,CUP-007,CUP,409,281,197,5937.53,正常,27
2024-06-24,DRH-008,DRH,483,1221,242,42576.27,正常,23
2024-06-24,VEN-011,VEN,464,855,266,27625.05,正常,30
2024-06-24,WLC-021,WLC,457,1563,181,14020.11,过库存,24
2024-06-24,BUM-003,BUM,487,1103,564,19478.98,过库存,2
2024-06-24,DRH-021,DRH,309,558,594,2137.14,正常,3
2024-06-24,TLP-019,TLP,140,1798,665,4530.96,正常,13
2024-06-24,BUM-001,BUM,455,108,249,560.52,正常,14
2024-06-24,TLM-027,TLM,391,1048,685,15835.28,低库存预警,0
2024-06-24,DUO-018,DUO,356,296,238,757.76,低库存预警,13
2024-06-24,LFR-012,LFR,272,12,456,213.96,正常,24
2024-06-24,VEN-022,VEN,40,758,505,25430.9,正常,0
2024-06-24,LRB-010,LRB,20,1186,171,13982.94,低库存预警,15
2024-06-24,CUP-003,CUP,87,1842,318,62996.4,低库存预警,11
2024-06-24,WLC-022,WLC,457,1959,283,65802.81,正常,13
2024-06-24,HND-011,HND,185,1041,282,11815.35,过库存,16
2024-06-24,LRB-015,LRB,230,1323,795,27968.22,过库存,2
2024-06-24,VEN-010,VEN,136,1920,790,25152.0,低库存预警,15
2024-06-24,TLM-012,TLM,399,1678,375,49601.68,过库存,13
2024-06-24,DRH-009,DRH,69,1264,281,16356.16,正常,15
2024-06-24,TLP-002,TLP,142,1739,398,11546.96,正常,0
2024-06-25,VEN-013,VEN,122,1613,556,50212.69,低库存预警,19
2024-06-25,LRB-018,LRB,17,1179,103,12780.36,正常,15
2024-06-25,DRH-021,DRH,91,786,513,3010.38,正常,18
2024-06-25,VEN-025,VEN,475,1847,309,25063.79,正常,17
2024-06-25,TLM-028,TLM,66,253,500,8351.53,正常,3
2024-06-25,DRH-025,DRH,369,1280,611,13452.8,正常,1
2024-06-25,TLM-009,TLM,119,85,519,1747.6,低库存预警,10
2024-06-25,TLP-019,TLP,432,287,110,723.24,过库存,30
2024-06-25,VEN-030,VEN,138,998,744,11556.84,正常,8
2024-06-25,BUM-013,BUM,31,1559,722,9120.15,正常,25
2024-06-25,CUP-018,CUP,339,740,532,13667.8,过库存,27
2024-06-25,LRB-020,LRB,406,1529,232,33439.23,低库存预警,6
2024-06-25,DUO-017,DUO,477,159,788,2143.32,正常,12
2024-06-25,CUP-014,CUP,163,857,404,16154.45,正常,4
2024-06-25,VEN-015,VEN,440,1259,493,40073.97,正常,5
2024-06-25,BUM-002,BUM,194,1387,643,30056.29,正常,29
2024-06-25,DRH-019,DRH,49,1465,531,28201.25,过库存,26
2024-06-25,LRB-010,LRB,105,1602,708,18887.58,正常,23
2024-06-25,DUO-024,DUO,449,1293,165,12736.05,低库存预警,29
2024-06-25,LRB-012,LRB,151,718,341,2965.34,低库存预警,10
2024-06-25,DRH-011,DRH,328,730,683,22228.5,正常,4
2024-06-25,HND-025,HND,115,1154,299,10547.56,正常,24
2024-06-25,TLM-027,TLM,37,914,356,13810.54,正常,18
2024-06-25,BUM-022,BUM,240,1215,165,19184.85,正常,6
2024-06-25,LFR-003,LFR,414,1536,385,40903.68,过库存,23
2024-06-25,DUO-003,DUO,305,1941,324,3086.19,正常,0
2024-06-25,DUO-010,DUO,341,1466,146,22341.84,正常,5
2024-06-25,WLC-016,WLC,14,565,717,17509.35,低库存预警,20
2024-06-25,DUO-020,DUO,89,1184,684,25136.32,过库存,4
2024-06-25,HND-002,HND,360,724,428,6660.8,低库存预警,20
2024-06-25,CUP-026,CUP,489,906,151,10536.78,低库存预警,26
2024-06-25,CUP-023,CUP,363,1299,583,16471.32,正常,20
2024-06-25,TLP-021,TLP,219,523,519,4539.64,过库存,1
2024-06-25,BUM-010,BUM,200,1761,800,55136.91,正常,26
2024-06-25,VEN-002,VEN,33,909,182,30324.24,低库存预警,7
2024-06-25,TLM-015,TLM,347,1572,148,11711.4,正常,23
2024-06-25,TLP-005,TLP,245,1459,605,8389.25,正常,5
2024-06-25,DUO-005,DUO,119,730,457,8701.6,正常,26
2024-06-25,CUP-030,CUP,200,1373,200,35121.34,低库存预警,10
2024-06-25,VEN-024,VEN,385,471,634,6358.5,过库存,13
2024-06-25,WLC-024,WLC,478,430,781,2902.5,正常,1
2024-06-25,WLC-003,WLC,77,1425,510,10345.5,低库存预警,15
2024-06-25,CUP-021,CUP,476,759,686,20849.73,过库存,21
2024-06-25,VEN-003,VEN,305,1707,257,50134.59,正常,17
2024-06-25,LRB-006,LRB,263,87,573,2973.66,正常,3
2024-06-25,HND-009,HND,74,1778,334,54157.88,过库存,18
2024-06-25,VEN-026,VEN,88,1221,754,25909.62,正常,28
2024-06-25,TLP-011,TLP,169,1454,651,49828.58,过库存,23
2024-06-25,DRH-005,DRH,182,855,265,22024.8,正常,9
2024-06-25,WLC-021,WLC,266,1456,799,13060.32,低库存预警,14
2024-06-25,DRH-023,DRH,241,172,591,1413.84,正常,29
2024-06-25,CUP-016,CUP,275,579,719,8748.69,低库存预警,24
2024-06-25,LFR-019,LFR,150,600,189,10020.0,正常,15
2024-06-25,VEN-016,VEN,292,1733,146,57864.87,过库存,5
2024-06-25,WLC-008,WLC,467,560,735,9492.0,正常,0
2024-06-25,WLC-001,WLC,357,558,104,10300.68,正常,19
2024-06-25,CUP-029,CUP,241,1869,167,4205.25,正常,21
2024-06-25,DRH-013,DRH,487,390,617,3201.9,正常,10
2024-06-25,LFR-015,LFR,3,48,644,233.76,正常,10
2024-06-25,BUM-014,BUM,344,1048,757,7943.84,低库存预警,12
2024-06-26,VEN-030,VEN,168,632,432,7318.56,低库存预警,20
2024-06-26,DUO-020,DUO,436,1554,258,32991.42,正常,7
2024-06-26,HND-005,HND,166,560,420,15540.0,正常,15
2024-06-26,LFR-002,LFR,19,621,683,6731.64,过库存,14
2024-06-26,DRH-003,DRH,136,1913,646,17810.03,过库存,3
2024-06-26,WLC-011,WLC,36,1973,238,32258.55,正常,15
2024-06-26,VEN-025,VEN,362,1282,443,17396.74,过库存,0
2024-06-26,CUP-027,CUP,362,201,676,4030.05,正常,14
2024-06-26,TLM-014,TLM,494,1176,504,25354.56,低库存预警,20
2024-06-26,TLP-019,TLP,287,405,540,1020.6,正常,27
2024-06-26,DUO-013,DUO,165,1637,544,5811.35,过库存,11
2024-06-26,TLM-027,TLM,138,1014,313,15321.54,正常,26
2024-06-26,BUM-021,BUM,109,742,717,16873.08,正常,16
2024-06-26,DRH-001,DRH,122,918,257,27475.74,正常,14
2024-06-26,TLP-003,TLP,407,1332,769,20113.2,过库存,5
2024-06-26,DRH-004,DRH,341,1382,609,20702.36,低库存预警,18
2024-06-26,TLP-015,TLP,101,712,126,14346.8,低库存预警,4
2024-06-26,TLM-008,TLM,54,227,489,5286.83,正常,10
2024-06-26,BUM-001,BUM,312,921,419,4779.99,正常,25
2024-06-26,BUM-003,BUM,485,912,206,16105.92,正常,2
2024-06-26,CUP-010,CUP,202,845,533,24259.95,过库存,5
2024-06-26,LFR-015,LFR,49,1720,452,8376.4,正常,27
2024-06-26,WLC-002,WLC,288,186,395,4802.52,正常,11
2024-06-26,CUP-019,CUP,61,1888,254,32851.2,过库存,20
2024-06-26,BUM-025,BUM,144,491,714,11057.32,正常,12
2024-06-26,HND-017,HND,46,963,433,21166.74,正常,16
2024-06-26,LFR-016,LFR,259,1935,459,32527.35,正常,13
2024-06-26,TLP-025,TLP,411,325,269,997.75,低库存预警,1
2024-06-26,WLC-005,WLC,465,1678,380,6443.52,低库存预警,15
2024-06-26,WLC-023,WLC,447,914,127,21862.88,低库存预警,9
2024-06-26,DUO-004,DUO,326,1197,464,25041.24,正常,19
2024-06-26,BUM-002,BUM,50,244,414,5287.48,低库存预警,14
2024-06-26,VEN-026,VEN,217,1323,698,28074.06,正常,25
2024-06-26,DUO-021,DUO,472,1270,163,11988.8,过库存,29
2024-06-26,WLC-004,WLC,488,786,783,5179.74,过库存,28
2024-06-26,DUO-007,DUO,37,1578,743,19156.92,正常,24
2024-06-26,BUM-026,BUM,16,621,767,6880.68,正常,4
2024-06-26,CUP-011,CUP,167,794,374,23375.36,正常,0
2024-06-26,DRH-015,DRH,271,113,695,842.98,正常,18
2024-06-26,LFR-005,LFR,177,1386,496,2370.06,正常,27
2024-06-26,BUM-017,BUM,401,1819,798,10659.34,过库存,19
2024-06-26,WLC-016,WLC,28,204,392,6321.96,正常,26
2024-06-26,CUP-004,CUP,224,1568,598,53578.56,正常,12
2024-06-26,LRB-010,LRB,431,872,628,10280.88,过库存,20
2024-06-26,WLC-006,WLC,113,1109,626,13208.19,低库存预警,28
2024-06-26,VEN-017,VEN,100,153,529,3466.98,正常,18
2024-06-26,DRH-006,DRH,39,1303,188,23245.52,过库存,15
2024-06-26,DUO-025,DUO,489,1772,377,21565.24,正常,19
2024-06-26,VEN-024,VEN,324,639,365,8626.5,正常,3
2024-06-26,BUM-022,BUM,454,983,315,15521.57,正常,11
2024-06-26,TLP-024,TLP,312,1529,448,5351.5,正常,25
2024-06-26,WLC-014,WLC,375,810,272,6998.4,正常,30
2024-06-26,HND-009,HND,203,1391,286,42369.86,正常,18
2024-06-26,VEN-016,VEN,313,107,285,3572.73,正常,15
2024-06-26,TLM-016,TLM,254,1132,579,39246.44,过库存,18
2024-06-26,VEN-018,VEN,314,819,395,5077.8,正常,29
2024-06-26,DRH-017,DRH,481,1977,585,10221.09,正常,18
2024-06-26,HND-010,HND,244,1673,212,54088.09,正常,10
2024-06-26,CUP-013,CUP,381,863,732,16742.2,过库存,6
2024-06-26,WLC-001,WLC,352,294,296,5427.24,正常,4
2024-06-27,DUO-011,DUO,267,246,692,1439.1,正常,25
2024-06-27,DUO-005,DUO,178,1727,596,20585.84,正常,7
2024-06-27,DRH-019,DRH,92,1799,373,34630.75,正常,30
2024-06-27,CUP-005,CUP,88,464,371,15256.32,过库存,24
2024-06-27,CUP-002,CUP,156,1181,315,5668.8,正常,2
2024-06-27,DUO-001,DUO,107,1403,156,25632.81,正常,18
2024-06-27,VEN-029,VEN,25,304,640,3523.36,正常,24
2024-06-27,TLM-016,TLM,274,1884,391,65318.28,低库存预警,19
2024-06-27,BUM-014,BUM,251,87,187,659.46,正常,16
2024-06-27,LRB-012,LRB,465,1211,753,5001.43,正常,5
2024-06-27,LRB-003,LRB,221,1859,348,36510.76,正常,9
2024-06-27,WLC-004,WLC,40,1105,798,7281.95,过库存,29
2024-06-27,VEN-021,VEN,265,1897,591,56435.75,正常,12
2024-06-27,DUO-002,DUO,414,56,133,957.04,正常,22
2024-06-27,TLM-014,TLM,177,727,348,15674.12,低库存预警,13
2024-06-27,BUM-009,BUM,157,1934,293,42799.42,低库存预警,15
2024-06-27,LFR-016,LFR,178,941,656,15818.21,正常,0
2024-06-27,DUO-015,DUO,158,1270,660,26314.4,正常,28
2024-06-27,TLM-007,TLM,91,1237,412,4119.21,正常,26
2024-06-27,BUM-020,BUM,92,840,446,28551.6,正常,25
2024-06-27,HND-007,HND,323,1735,137,6801.2,低库存预警,11
2024-06-27,TLM-010,TLM,304,1244,394,12390.24,过库存,14
2024-06-27,LFR-010,LFR,222,769,539,16056.72,正常,8
2024-06-27,CUP-018,CUP,122,1880,462,34723.6,低库存预警,2
2024-06-27,TLM-022,TLM,464,1306,143,5485.2,低库存预警,5
2024-06-27,DRH-021,DRH,51,1885,353,7219.55,正常,21
2024-06-27,TLP-018,TLP,431,483,327,8621.55,低库存预警,17
2024-06-27,TLP-011,TLP,110,474,635,16243.98,正常,22
2024-06-27,DRH-015,DRH,259,434,371,3237.64,正常,10
2024-06-27,LFR-007,LFR,37,481,431,1673.88,正常,3
2024-06-27,WLC-010,WLC,165,1219,590,30682.23,正常,19
2024-06-27,VEN-013,VEN,493,1747,509,54384.11,正常,6
2024-06-27,WLC-014,WLC,448,189,697,1632.96,正常,6
2024-06-27,DRH-007,DRH,39,1385,691,12160.3,正常,1
2024-06-27,TLM-003,TLM,254,1961,286,15923.32,正常,25
2024-06-27,LRB-013,LRB,136,474,139,16286.64,过库存,10
2024-06-27,DUO-009,DUO,234,211,284,4424.67,过库存,21
2024-06-27,WLC-020,WLC,73,533,254,6284.07,过库存,23
2024-06-27,TLM-012,TLM,402,1027,404,30358.12,过库存,30
2024-06-27,TLP-008,TLP,236,932,381,22293.44,正常,11
2024-06-27,TLP-003,TLP,215,1618,259,24431.8,正常,9
2024-06-27,HND-018,HND,126,413,481,970.55,正常,22
2024-06-27,BUM-026,BUM,496,982,158,10880.56,正常,19
2024-06-27,LRB-019,LRB,358,676,400,22889.36,正常,9
2024-06-27,TLP-004,TLP,317,332,229,2822.0,正常,10
2024-06-27,BUM-007,BUM,484,658,721,6672.12,正常,0
2024-06-27,DUO-006,DUO,373,1537,313,50797.85,正常,10
2024-06-27,BUM-010,BUM,421,301,497,9424.31,过库存,13
2024-06-27,BUM-023,BUM,119,1975,384,12264.75,正常,26
2024-06-27,TLP-006,TLP,21,680,204,19346.0,低库存预警,11
2024-06-27,TLM-024,TLM,80,1238,140,20129.88,低库存预警,8
2024-06-27,TLM-028,TLM,463,1343,535,44332.43,过库存,28
2024-06-27,BUM-027,BUM,149,146,635,1236.62,正常,19
2024-06-27,VEN-028,VEN,377,669,602,11981.79,过库存,24
2024-06-27,DRH-004,DRH,117,1652,139,24746.96,低库存预警,7
2024-06-27,WLC-019,WLC,166,234,649,4605.12,低库存预警,16
2024-06-27,TLP-001,TLP,208,966,258,7428.54,过库存,13
2024-06-27,HND-015,HND,197,175,796,2427.25,正常,16
2024-06-27,LFR-005,LFR,246,900,777,1539.0,正常,4
2024-06-27,DRH-003,DRH,352,1239,475,11535.09,正常,3
2024-06-28,DRH-021,DRH,182,1699,538,6507.17,正常,4
2024-06-28,LRB-002,LRB,65,563,572,14519.77,正常,8
2024-06-28,DRH-014,DRH,421,1026,680,7766.82,低库存预警,0
2024-06-28,TLP-020,TLP,282,1246,741,2168.04,正常,22
2024-06-28,BUM-026,BUM,100,1742,142,19301.36,正常,4
2024-06-28,BUM-027,BUM,337,982,529,8317.54,正常,9
2024-06-28,LFR-008,LFR,476,32,215,634.24,正常,4
2024-06-28,TLM-001,TLM,220,877,298,5989.91,正常,7
2024-06-28,TLP-021,TLP,0,642,472,5572.56,正常,22
2024-06-28,VEN-013,VEN,326,801,369,24935.13,正常,21
2024-06-28,DUO-024,DUO,189,808,523,7958.8,正常,27
2024-06-28,DRH-011,DRH,158,698,735,21254.1,低库存预警,16
2024-06-28,TLM-003,TLM,453,1502,718,12196.24,过库存,23
2024-06-28,WLC-013,WLC,406,1678,782,39265.2,正常,22
2024-06-28,TLM-004,TLM,226,310,685,10059.5,正常,30
2024-06-28,HND-003,HND,474,471,415,5063.25,正常,17
2024-06-28,WLC-009,WLC,46,25,162,773.25,正常,20
2024-06-28,WLC-008,WLC,110,837,426,14187.15,正常,10
2024-06-28,TLM-016,TLM,27,386,326,13382.62,过库存,12
2024-06-28,WLC-010,WLC,434,1793,331,45129.81,正常,28
2024-06-28,WLC-005,WLC,426,75,258,288.0,正常,5
2024-06-28,BUM-028,BUM,371,477,477,14891.94,过库存,1
2024-06-28,WLC-018,WLC,405,860,556,27967.2,过库存,21
2024-06-28,VEN-025,VEN,164,297,729,4030.29,低库存预警,12
2024-06-28,TLP-004,TLP,241,789,796,6706.5,正常,2
2024-06-28,CUP-014,CUP,377,1467,265,27652.95,低库存预警,25
2024-06-28,DRH-018,DRH,25,1592,224,32667.84,正常,27
2024-06-28,LRB-016,LRB,178,1281,329,30462.18,正常,0
2024-06-28,BUM-019,BUM,230,596,192,11127.32,过库存,0
2024-06-28,BUM-023,BUM,117,104,627,645.84,过库存,24
2024-06-28,WLC-020,WLC,197,353,161,4161.87,过库存,21
2024-06-28,LFR-007,LFR,49,548,595,1907.04,过库存,13
2024-06-28,LRB-007,LRB,489,713,172,3686.21,正常,14
2024-06-28,VEN-030,VEN,494,760,510,8800.8,过库存,28
2024-06-28,DRH-004,DRH,102,829,588,12418.42,正常,14
2024-06-28,LFR-011,LFR,439,421,476,8323.17,低库存预警,25
2024-06-28,DUO-002,DUO,195,1365,567,23327.85,正常,9
2024-06-28,HND-005,HND,450,1693,146,46980.75,正常,0
2024-06-28,CUP-026,CUP,196,1591,765,18503.33,低库存预警,26
2024-06-28,BUM-012,BUM,256,545,122,14377.1,过库存,29
2024-06-28,WLC-017,WLC,100,437,523,1127.46,低库存预警,27
2024-06-28,CUP-003,CUP,402,1533,685,52428.6,过库存,30
2024-06-28,DUO-009,DUO,317,664,332,13924.08,低库存预警,29
2024-06-28,CUP-010,CUP,68,1235,540,35456.85,低库存预警,27
2024-06-28,CUP-022,CUP,59,1661,658,25213.98,低库存预警,17
2024-06-28,CUP-011,CUP,119,1706,145,50224.64,过库存,0
2024-06-28,BUM-022,BUM,202,1481,461,23384.99,正常,8
2024-06-28,LRB-022,LRB,32,646,555,11395.44,正常,21
2024-06-28,TLM-027,TLM,397,1314,764,19854.54,过库存,29
2024-06-28,DRH-015,DRH,355,523,681,3901.58,正常,5
2024-06-28,TLP-012,TLP,207,1420,270,30317.0,低库存预警,21
2024-06-28,HND-002,HND,81,1599,554,14710.8,低库存预警,6
2024-06-28,DRH-020,DRH,49,1426,216,43264.84,低库存预警,15
2024-06-28,TLM-002,TLM,82,857,497,4259.29,低库存预警,11
2024-06-28,BUM-017,BUM,341,919,517,5385.34,正常,12
2024-06-28,LRB-010,LRB,415,1505,493,17743.95,低库存预警,19
2024-06-28,DUO-017,DUO,409,1671,409,22525.08,正常,2
2024-06-28,VEN-012,VEN,311,1097,715,16400.15,正常,30
2024-06-28,CUP-008,CUP,452,715,530,1501.5,正常,24
2024-06-28,CUP-030,CUP,438,1350,711,34533.0,低库存预警,11
2024-06-29,VEN-030,VEN,492,622,765,7202.76,正常,17
2024-06-29,BUM-005,BUM,277,881,330,14545.31,正常,9
2024-06-29,TLP-024,TLP,210,1442,246,5047.0,过库存,14
2024-06-29,TLP-003,TLP,330,976,774,14737.6,正常,0
2024-06-29,LRB-006,LRB,49,321,442,10971.78,正常,13
2024-06-29,VEN-015,VEN,480,216,544,6875.28,正常,18
2024-06-29,CUP-003,CUP,457,611,174,20896.2,正常,16
2024-06-29,DRH-028,DRH,76,301,282,7925.33,低库存预警,15
2024-06-29,BUM-014,BUM,429,1256,343,9520.48,正常,21
2024-06-29,LRB-010,LRB,417,1990,721,23462.1,过库存,14
2024-06-29,LFR-017,LFR,304,1575,612,38067.75,正常,2
2024-06-29,HND-027,HND,90,1727,359,42829.6,正常,2
2024-06-29,HND-019,HND,139,585,246,12565.8,正常,9
2024-06-29,DRH-009,DRH,228,147,510,1902.18,正常,28
2024-06-29,TLP-012,TLP,195,1979,282,42251.65,低库存预警,20
2024-06-29,WLC-013,WLC,334,1892,183,44272.8,正常,0
2024-06-29,TLM-025,TLM,430,586,746,7899.28,正常,28
2024-06-29,TLM-026,TLM,71,1606,589,29871.6,正常,26
2024-06-29,DUO-023,DUO,215,523,475,17081.18,正常,25
2024-06-29,DRH-024,DRH,335,412,699,3275.4,正常,17
2024-06-29,DRH-029,DRH,2,1205,187,22955.25,正常,3
2024-06-29,BUM-001,BUM,259,1973,688,10239.87,低库存预警,19
2024-06-29,TLM-001,TLM,283,1905,332,13011.15,正常,5
2024-06-29,WLC-014,WLC,475,776,201,6704.64,低库存预警,30
2024-06-29,DRH-020,DRH,263,1358,124,41201.72,低库存预警,17
2024-06-29,BUM-013,BUM,124,798,368,4668.3,正常,3
2024-06-29,CUP-016,CUP,67,803,283,12133.33,过库存,21
2024-06-29,LRB-022,LRB,452,1921,629,33886.44,正常,2
2024-06-29,TLM-011,TLM,116,1895,102,65150.1,过库存,20
2024-06-29,WLC-024,WLC,26,1845,394,12453.75,正常,2
2024-06-29,TLP-008,TLP,464,1296,253,31000.32,正常,3
2024-06-29,LFR-009,LFR,35,27,602,443.88,过库存,20
2024-06-29,DRH-014,DRH,230,703,457,5321.71,低库存预警,19
2024-06-29,BUM-021,BUM,361,1793,460,40772.82,正常,3
2024-06-29,TLM-018,TLM,6,722,620,21392.86,正常,20
2024-06-29,WLC-006,WLC,489,1623,410,19329.93,正常,14
2024-06-29,DUO-021,DUO,181,458,648,4323.52,正常,17
2024-06-29,BUM-026,BUM,311,1632,698,18082.56,低库存预警,20
2024-06-29,WLC-018,WLC,120,1644,523,53462.88,正常,8
2024-06-29,DRH-018,DRH,230,1574,231,32298.48,正常,8
2024-06-29,TLM-002,TLM,192,1695,470,8424.15,正常,17
2024-06-29,BUM-018,BUM,227,257,508,4225.08,过库存,29
2024-06-29,BUM-023,BUM,25,1364,356,8470.44,正常,11
2024-06-29,LFR-021,LFR,67,1081,497,21155.17,正常,23
2024-06-29,TLM-028,TLM,471,612,215,20202.12,过库存,6
2024-06-29,DUO-003,DUO,84,1507,199,2396.13,正常,9
2024-06-29,TLM-027,TLM,294,1260,533,19038.6,过库存,3
2024-06-29,LFR-010,LFR,348,1172,644,24471.36,低库存预警,25
2024-06-29,VEN-024,VEN,324,1298,369,17523.0,正常,26
2024-06-29,DUO-007,DUO,245,67,298,813.38,正常,13
2024-06-29,CUP-019,CUP,66,655,189,11397.0,正常,15
2024-06-29,TLM-006,TLM,387,1980,678,13523.4,过库存,18
2024-06-29,TLM-019,TLM,194,929,425,27396.21,过库存,9
2024-06-29,TLP-015,TLP,270,1243,324,25046.45,正常,8
2024-06-29,VEN-002,VEN,90,1163,581,38797.68,正常,19
2024-06-29,DRH-023,DRH,141,1449,401,11910.78,正常,5
2024-06-29,DRH-019,DRH,316,1484,536,28567.0,正常,26
2024-06-29,CUP-021,CUP,372,486,329,13350.42,低库存预警,14
2024-06-29,CUP-022,CUP,144,559,359,8485.62,正常,1
2024-06-29,WLC-008,WLC,395,823,793,13949.85,过库存,12
2024-06-30,BUM-004,BUM,181,1286,576,41576.38,正常,30
2024-06-30,BUM-026,BUM,24,484,651,5362.72,低库存预警,24
2024-06-30,WLC-010,WLC,195,1701,163,42814.17,低库存预警,17
2024-06-30,HND-001,HND,229,58,574,385.7,低库存预警,7
2024-06-30,HND-010,HND,135,528,526,17070.24,正常,29
2024-06-30,VEN-021,VEN,478,1054,429,31356.5,正常,19
2024-06-30,VEN-024,VEN,15,64,126,864.0,低库存预警,4
2024-06-30,VEN-001,VEN,407,436,697,1526.0,正常,9
2024-06-30,HND-015,HND,439,1270,678,17614.9,正常,23
2024-06-30,DRH-028,DRH,35,1225,680,32254.25,正常,5
2024-06-30,LFR-004,LFR,381,1992,219,37150.8,正常,11
2024-06-30,DRH-004,DRH,296,489,343,7325.22,低库存预警,25
2024-06-30,LFR-020,LFR,230,1868,363,58057.44,正常,28
2024-06-30,CUP-027,CUP,147,1595,271,31979.75,过库存,19
2024-06-30,TLP-011,TLP,260,507,632,17374.89,正常,20
2024-06-30,WLC-011,WLC,238,178,379,2910.3,正常,2
2024-06-30,TLP-005,TLP,177,1977,395,11367.75,正常,8
2024-06-30,BUM-011,BUM,500,53,634,1520.04,正常,10
2024-06-30,VEN-004,VEN,48,1093,144,35369.48,正常,26
2024-06-30,CUP-014,CUP,243,586,633,11046.1,过库存,13
2024-06-30,LFR-008,LFR,460,1567,413,31057.94,正常,28
2024-06-30,LRB-005,LRB,485,1008,770,24746.4,正常,12
2024-06-30,LRB-006,LRB,62,556,568,19004.08,正常,2
2024-06-30,HND-026,HND,101,216,749,6395.76,正常,8
2024-06-30,LFR-017,LFR,18,501,560,12109.17,正常,14
2024-06-30,LFR-012,LFR,89,83,142,1479.89,正常,15
2024-06-30,TLM-012,TLM,435,1668,247,49306.08,低库存预警,20
2024-06-30,CUP-008,CUP,256,661,627,1388.1,正常,16
2024-06-30,DUO-011,DUO,464,208,470,1216.8,过库存,17
2024-06-30,HND-016,HND,56,1337,613,20335.77,低库存预警,4
2024-06-30,VEN-014,VEN,397,1092,102,7753.2,低库存预警,27
2024-06-30,DRH-011,DRH,141,323,309,9835.35,正常,14
2024-06-30,VEN-008,VEN,42,1279,552,42488.38,过库存,0
2024-06-30,TLM-020,TLM,262,1266,481,39904.32,正常,25
2024-06-30,VEN-026,VEN,302,564,394,11968.08,正常,3
2024-06-30,DUO-004,DUO,209,1957,401,40940.44,正常,7
2024-06-30,LRB-022,LRB,347,14,221,246.96,过库存,16
2024-06-30,TLM-005,TLM,67,316,748,6749.76,过库存,17
2024-06-30,HND-022,HND,165,1726,380,55663.5,正常,25
2024-06-30,LFR-013,LFR,154,493,210,5654.71,正常,19
2024-06-30,LRB-002,LRB,315,1360,125,35074.4,正常,11
2024-06-30,VEN-016,VEN,478,944,774,31520.16,正常,4
2024-06-30,CUP-006,CUP,282,1547,538,29377.53,正常,23
2024-06-30,TLM-021,TLM,285,730,450,5015.1,正常,22
2024-06-30,DUO-005,DUO,355,1667,663,19870.64,过库存,27
2024-06-30,DUO-021,DUO,407,353,771,3332.32,正常,26
2024-06-30,LFR-016,LFR,333,486,172,8169.66,过库存,30
2024-06-30,LFR-010,LFR,385,1456,354,30401.28,正常,2
2024-06-30,VEN-015,VEN,109,1273,624,40519.59,正常,12
2024-06-30,DRH-010,DRH,138,1195,719,7839.2,正常,22
2024-06-30,HND-021,HND,376,1924,126,51159.16,低库存预警,19
2024-06-30,TLM-018,TLM,14,1105,285,32741.15,正常,24
2024-06-30,DUO-022,DUO,169,1614,283,6197.76,正常,1
2024-06-30,HND-019,HND,307,1926,654,41370.48,正常,2
2024-06-30,BUM-017,BUM,491,1987,445,11643.82,正常,16
2024-06-30,TLM-001,TLM,83,518,616,3537.94,正常,15
2024-06-30,DUO-025,DUO,256,462,734,5622.54,低库存预警,13
2024-06-30,CUP-024,CUP,149,1517,767,2806.45,正常,17
2024-06-30,WLC-018,WLC,142,974,615,31674.48,正常,26
2024-06-30,TLM-024,TLM,451,1040,261,16910.4,正常,29
2024-07-01,LFR-018,LFR,334,1418,576,34471.58,正常,23
2024-07-01,HND-004,HND,296,1135,454,14743.65,正常,18
2024-07-01,WLC-013,WLC,29,704,323,16473.6,正常,21
2024-07-01,TLP-014,TLP,69,573,160,18616.77,正常,8
2024-07-01,CUP-024,CUP,336,903,477,1670.55,过库存,11
2024-07-01,BUM-012,BUM,471,1738,436,45848.44,正常,24
2024-07-01,VEN-023,VEN,438,103,677,780.74,正常,16
2024-07-01,WLC-008,WLC,417,1166,578,19763.7,正常,19
2024-07-01,WLC-012,WLC,161,1142,195,13566.96,正常,29
2024-07-01,TLP-018,TLP,294,97,386,1731.45,正常,30
2024-07-01,VEN-017,VEN,341,1632,659,36981.12,过库存,14
2024-07-01,DRH-010,DRH,242,780,571,5116.8,正常,12
2024-07-01,DRH-011,DRH,339,747,609,22746.15,正常,8
2024-07-01,BUM-023,BUM,494,822,224,5104.62,正常,1
2024-07-01,DUO-022,DUO,327,1137,607,4366.08,正常,27
2024-07-01,TLM-003,TLM,7,455,676,3694.6,正常,9
2024-07-01,WLC-011,WLC,277,503,166,8224.05,过库存,3
2024-07-01,TLP-002,TLP,116,1134,495,7529.76,正常,14
2024-07-01,TLM-024,TLM,260,1809,624,29414.34,低库存预警,10
2024-07-01,DUO-001,DUO,465,1013,482,18507.51,正常,8
2024-07-01,CUP-015,CUP,139,77,416,2346.19,正常,17
2024-07-01,TLP-008,TLP,202,383,182,9161.36,过库存,30
2024-07-01,WLC-021,WLC,238,1579,449,14163.63,低库存预警,9
2024-07-01,DUO-015,DUO,499,1563,631,32385.36,过库存,0
2024-07-01,TLP-012,TLP,381,868,456,18531.8,正常,20
2024-07-01,CUP-005,CUP,180,898,183,29526.24,正常,28
2024-07-01,DRH-020,DRH,175,579,619,17566.86,过库存,17
2024-07-01,DUO-008,DUO,192,102,778,986.34,正常,9
2024-07-01,BUM-010,BUM,315,669,638,20946.39,正常,16
2024-07-01,TLM-008,TLM,76,1742,475,40571.18,低库存预警,0
2024-07-01,CUP-011,CUP,162,1523,247,44837.12,正常,22
2024-07-01,DRH-019,DRH,461,1167,698,22464.75,低库存预警,5
2024-07-01,HND-017,HND,167,1869,789,41080.62,正常,15
2024-07-01,HND-011,HND,259,1669,345,18943.15,正常,9
2024-07-01,BUM-025,BUM,20,1559,792,35108.68,正常,30
2024-07-01,WLC-016,WLC,109,494,440,15309.06,正常,26
2024-07-01,CUP-028,CUP,110,85,137,1036.15,低库存预警,9
2024-07-01,DRH-030,DRH,25,1489,429,8025.71,正常,6
2024-07-01,DUO-023,DUO,357,1092,545,35664.72,低库存预警,0
2024-07-01,DUO-018,DUO,37,171,375,437.76,正常,29
2024-07-01,TLP-011,TLP,306,1110,748,38039.7,低库存预警,28
2024-07-01,VEN-011,VEN,161,1587,606,51275.97,正常,10
2024-07-01,BUM-024,BUM,94,1070,479,29692.5,低库存预警,29
2024-07-01,VEN-015,VEN,172,1448,648,46089.84,过库存,24
2024-07-01,DRH-007,DRH,280,1155,583,10140.9,正常,21
2024-07-01,CUP-027,CUP,25,538,646,10786.9,正常,20
2024-07-01,HND-028,HND,384,1969,430,19079.61,正常,10
2024-07-01,VEN-004,VEN,408,1578,778,51064.08,正常,9
2024-07-01,HND-021,HND,322,1303,334,34646.77,正常,28
2024-07-01,LRB-010,LRB,392,281,398,3312.99,正常,19
2024-07-01,TLM-013,TLM,355,666,771,19560.42,正常,30
2024-07-01,HND-019,HND,254,992,181,21308.16,低库存预警,4
2024-07-01,VEN-012,VEN,488,619,590,9254.05,低库存预警,6
2024-07-01,VEN-025,VEN,499,1696,247,23014.72,正常,29
2024-07-01,TLM-010,TLM,84,625,765,6225.0,正常,7
2024-07-01,WLC-014,WLC,340,89,651,768.96,过库存,21
2024-07-01,HND-027,HND,283,1186,619,29412.8,正常,21
2024-07-01,VEN-021,VEN,334,1091,431,32457.25,过库存,13
2024-07-01,LRB-018,LRB,52,48,780,520.32,正常,15
2024-07-01,DUO-005,DUO,408,370,765,4410.4,正常,23
2024-07-02,BUM-022,BUM,97,1842,401,29085.18,正常,2
2024-07-02,LRB-012,LRB,368,1073,475,4431.49,正常,24
2024-07-02,TLM-003,TLM,412,744,396,6041.28,低库存预警,21
2024-07-02,BUM-001,BUM,301,764,636,3965.16,正常,29
2024-07-02,LFR-022,LFR,305,341,511,11887.26,正常,22
2024-07-02,TLM-006,TLM,111,1224,639,8359.92,正常,1
2024-07-02,VEN-001,VEN,151,1218,569,4263.0,低库存预警,12
2024-07-02,DUO-007,DUO,488,886,225,10756.04,正常,22
2024-07-02,LFR-004,LFR,243,688,128,12831.2,过库存,24
2024-07-02,DRH-018,DRH,41,888,427,18221.76,正常,27
2024-07-02,CUP-020,CUP,227,130,170,735.8,低库存预警,19
2024-07-02,CUP-001,CUP,480,677,516,4468.2,过库存,22
2024-07-02,VEN-007,VEN,350,149,565,2264.8,正常,18
2024-07-02,DRH-024,DRH,258,208,780,1653.6,正常,16
2024-07-02,BUM-011,BUM,90,675,535,19359.0,过库存,19
2024-07-02,DRH-029,DRH,461,67,141,1276.35,过库存,8
2024-07-02,LFR-001,LFR,155,1537,461,6117.26,正常,3
2024-07-02,HND-019,HND,92,1158,799,24873.84,过库存,10
2024-07-02,WLC-015,WLC,68,1337,609,28852.46,正常,28
2024-07-02,CUP-002,CUP,90,817,179,3921.6,正常,23
2024-07-02,CUP-014,CUP,227,1414,433,26653.9,正常,0
2024-07-02,LRB-016,LRB,462,1181,669,28084.18,低库存预警,30
2024-07-02,BUM-015,BUM,111,229,579,2615.18,过库存,6
2024-07-02,LFR-016,LFR,73,100,193,1681.0,低库存预警,19
2024-07-02,DRH-006,DRH,17,1354,742,24155.36,正常,27
2024-07-02,WLC-014,WLC,370,1004,542,8674.56,正常,25
2024-07-02,DUO-018,DUO,199,539,295,1379.84,正常,4
2024-07-02,DUO-001,DUO,113,329,637,6010.83,正常,5
2024-07-02,DRH-012,DRH,69,771,782,18904.92,正常,5
2024-07-02,WLC-025,WLC,399,1374,241,36548.4,过库存,19
2024-07-02,TLP-019,TLP,384,1116,454,2812.32,低库存预警,8
2024-07-02,TLP-024,TLP,5,1445,573,5057.5,过库存,12
2024-07-02,TLP-015,TLP,323,346,450,6971.9,正常,1
2024-07-02,LRB-011,LRB,160,292,740,1547.6,低库存预警,8
2024-07-02,TLP-013,TLP,437,1270,338,2946.4,正常,12
2024-07-02,HND-022,HND,80,1243,198,40086.75,正常,13
2024-07-02,CUP-003,CUP,278,1039,162,35533.8,低库存预警,4
2024-07-02,LRB-018,LRB,414,978,124,10601.52,过库存,5
2024-07-02,WLC-023,WLC,423,40,481,956.8,低库存预警,10
2024-07-02,HND-027,HND,253,1802,385,44689.6,低库存预警,26
2024-07-02,VEN-030,VEN,249,198,270,2292.84,低库存预警,21
2024-07-02,TLP-001,TLP,153,1327,409,10204.63,正常,18
2024-07-02,LRB-002,LRB,417,976,173,25171.04,过库存,15
2024-07-02,TLM-017,TLM,419,1472,569,19592.32,过库存,25
2024-07-02,BUM-009,BUM,251,1351,573,29897.63,正常,26
2024-07-02,DRH-028,DRH,70,1056,711,27804.48,正常,30
2024-07-02,TLM-002,TLM,376,1269,596,6306.93,低库存预警,14
2024-07-02,HND-023,HND,30,139,573,1310.77,过库存,23
2024-07-02,VEN-008,VEN,134,1216,743,40395.52,正常,17
2024-07-02,VEN-003,VEN,318,317,695,9310.29,正常,7
2024-07-02,DUO-023,DUO,38,1098,321,35860.68,过库存,14
2024-07-02,TLP-009,TLP,314,350,163,8946.0,过库存,7
2024-07-02,TLP-010,TLP,89,511,776,2396.59,正常,4
2024-07-02,CUP-009,CUP,360,740,103,22399.8,低库存预警,16
2024-07-02,LFR-002,LFR,343,1377,429,14926.68,正常,25
2024-07-02,VEN-005,VEN,8,1108,299,20176.68,低库存预警,10
2024-07-02,TLM-013,TLM,256,1276,667,37476.12,正常,11
2024-07-02,DRH-010,DRH,392,223,392,1462.88,低库存预警,12
2024-07-02,BUM-016,BUM,25,1161,514,10193.58,过库存,28
2024-07-02,DUO-010,DUO,91,1532,135,23347.68,正常,24
2024-07-03,CUP-007,CUP,140,78,489,1648.14,正常,5
2024-07-03,LFR-016,LFR,47,464,203,7799.84,低库存预警,29
2024-07-03,DUO-024,DUO,1,1043,133,10273.55,正常,0
2024-07-03,WLC-024,WLC,392,551,491,3719.25,正常,9
2024-07-03,HND-008,HND,495,1326,428,32858.28,正常,8
2024-07-03,LRB-007,LRB,224,654,430,3381.18,低库存预警,6
2024-07-03,HND-001,HND,323,568,181,3777.2,正常,22
2024-07-03,CUP-016,CUP,204,1108,746,16741.88,正常,0
2024-07-03,DRH-002,DRH,21,586,544,5502.54,正常,28
2024-07-03,CUP-019,CUP,356,385,386,6699.0,过库存,16
2024-07-03,DRH-021,DRH,35,365,556,1397.95,正常,22
2024-07-03,LFR-014,LFR,237,284,200,2615.64,正常,12
2024-07-03,HND-005,HND,330,1443,770,40043.25,过库存,12
2024-07-03,TLM-007,TLM,187,870,603,2897.1,正常,10
2024-07-03,LRB-014,LRB,74,1750,163,33180.0,正常,28
2024-07-03,VEN-024,VEN,348,34,755,459.0,低库存预警,19
2024-07-03,DRH-019,DRH,9,1904,776,36652.0,正常,6
2024-07-03,DRH-027,DRH,18,1706,773,42564.7,正常,2
2024-07-03,BUM-028,BUM,50,591,699,18451.02,正常,1
2024-07-03,CUP-025,CUP,160,19,690,619.4,正常,17
2024-07-03,LRB-018,LRB,345,896,680,9712.64,正常,15
2024-07-03,CUP-017,CUP,92,1027,283,12724.53,低库存预警,25
2024-07-03,TLP-024,TLP,381,1015,225,3552.5,正常,6
2024-07-03,DUO-004,DUO,136,1747,796,36547.24,低库存预警,25
2024-07-03,TLM-020,TLM,405,1645,715,51850.4,正常,4
2024-07-03,CUP-001,CUP,388,892,305,5887.2,正常,25
2024-07-03,BUM-023,BUM,466,391,239,2428.11,低库存预警,10
2024-07-03,BUM-019,BUM,428,8,357,149.36,正常,1
2024-07-03,BUM-026,BUM,112,781,779,8653.48,低库存预警,29
2024-07-03,TLM-017,TLM,95,482,631,6415.42,正常,13
2024-07-03,WLC-021,WLC,139,1885,634,16908.45,低库存预警,11
2024-07-03,WLC-004,WLC,290,1799,295,11855.41,正常,23
2024-07-03,DRH-016,DRH,245,407,788,7924.29,过库存,25
2024-07-03,CUP-011,CUP,33,964,377,28380.16,过库存,30
2024-07-03,TLP-003,TLP,119,1120,786,16912.0,低库存预警,27
2024-07-03,VEN-019,VEN,144,139,769,2411.65,过库存,9
2024-07-03,CUP-027,CUP,434,1646,570,33002.3,低库存预警,3
2024-07-03,VEN-029,VEN,142,444,657,5145.96,低库存预警,17
2024-07-03,LFR-007,LFR,306,325,281,1131.0,过库存,18
2024-07-03,WLC-017,WLC,399,1152,532,2972.16,过库存,9
2024-07-03,DRH-024,DRH,456,904,339,7186.8,低库存预警,24
2024-07-03,LRB-017,LRB,269,102,574,2595.9,正常,9
2024-07-03,TLP-016,TLP,187,461,264,11907.63,过库存,1
2024-07-03,DUO-017,DUO,256,553,371,7454.44,正常,0
2024-07-03,LRB-008,LRB,422,591,455,18539.67,正常,13
2024-07-03,HND-009,HND,365,1596,134,48614.16,正常,22
2024-07-03,WLC-006,WLC,100,699,517,8325.09,正常,7
2024-07-03,BUM-024,BUM,56,1110,233,30802.5,正常,8
2024-07-03,DUO-010,DUO,110,1345,517,20497.8,过库存,15
2024-07-03,LRB-013,LRB,44,1053,751,36181.08,过库存,14
2024-07-03,VEN-027,VEN,464,1762,696,15822.76,低库存预警,15
2024-07-03,BUM-008,BUM,98,774,544,23514.12,低库存预警,18
2024-07-03,LFR-022,LFR,65,72,346,2509.92,正常,26
2024-07-03,TLP-015,TLP,3,1268,200,25550.2,低库存预警,8
2024-07-03,CUP-024,CUP,213,921,595,1703.85,正常,22
2024-07-03,BUM-015,BUM,320,1030,621,11762.6,过库存,11
2024-07-03,VEN-028,VEN,72,1474,467,26399.34,低库存预警,13
2024-07-03,VEN-001,VEN,275,893,780,3125.5,正常,27
2024-07-03,WLC-022,WLC,275,1300,276,43667.0,正常,20
2024-07-03,CUP-003,CUP,323,546,422,18673.2,正常,26
2024-07-04,LRB-006,LRB,428,442,310,15107.56,正常,27
2024-07-04,HND-014,HND,367,368,239,8346.24,正常,16
2024-07-04,CUP-003,CUP,39,28,636,957.6,正常,7
2024-07-04,WLC-015,WLC,35,1510,468,32585.8,低库存预警,23
2024-07-04,TLM-023,TLM,264,162,146,4983.12,低库存预警,6
2024-07-04,CUP-019,CUP,285,335,541,5829.0,正常,0
2024-07-04,DRH-027,DRH,188,1067,161,26621.65,正常,18
2024-07-04,BUM-004,BUM,85,1737,410,56157.21,正常,27
2024-07-04,DRH-019,DRH,153,1420,796,27335.0,正常,23
2024-07-04,WLC-025,WLC,286,1890,651,50274.0,正常,18
2024-07-04,VEN-016,VEN,187,178,756,5943.42,正常,5
2024-07-04,VEN-015,VEN,357,105,395,3342.15,正常,14
2024-07-04,DUO-006,DUO,340,1713,639,56614.65,低库存预警,9
2024-07-04,VEN-001,VEN,205,364,711,1274.0,正常,14
2024-07-04,TLM-024,TLM,103,1851,116,30097.26,低库存预警,5
2024-07-04,CUP-029,CUP,133,954,354,2146.5,正常,29
2024-07-04,VEN-028,VEN,497,83,648,1486.53,正常,20
2024-07-04,VEN-017,VEN,119,1258,359,28506.28,低库存预警,2
2024-07-04,TLP-008,TLP,416,1002,599,23967.84,低库存预警,28
2024-07-04,HND-026,HND,354,1517,413,44918.37,过库存,19
2024-07-04,WLC-011,WLC,340,213,456,3482.55,过库存,3
2024-07-04,CUP-011,CUP,27,1593,552,46897.92,过库存,1
2024-07-04,TLP-014,TLP,12,911,277,29598.39,过库存,22
2024-07-04,HND-022,HND,251,119,713,3837.75,正常,11
2024-07-04,BUM-025,BUM,448,420,627,9458.4,正常,29
2024-07-04,CUP-013,CUP,110,25,238,485.0,正常,26
2024-07-04,TLM-002,TLM,376,1112,130,5526.64,过库存,11
2024-07-04,TLP-023,TLP,266,236,624,6008.56,正常,30
2024-07-04,LFR-019,LFR,22,1999,451,33383.3,过库存,14
2024-07-04,BUM-028,BUM,322,46,182,1436.12,低库存预警,24
2024-07-04,DUO-010,DUO,234,360,318,5486.4,低库存预警,11
2024-07-04,LRB-007,LRB,205,651,129,3365.67,过库存,22
2024-07-04,BUM-002,BUM,172,66,321,1430.22,正常,30
2024-07-04,LFR-017,LFR,470,1126,237,27215.42,正常,27
2024-07-04,BUM-008,BUM,109,96,242,2916.48,过库存,20
2024-07-04,TLP-007,TLP,431,950,363,11058.0,正常,2
2024-07-04,CUP-009,CUP,93,1862,329,56362.74,正常,19
2024-07-04,WLC-018,WLC,181,1310,594,42601.2,正常,1
2024-07-04,DUO-009,DUO,323,46,380,964.62,过库存,19
2024-07-04,LRB-010,LRB,336,1762,455,20773.98,正常,17
2024-07-04,LFR-005,LFR,444,669,692,1143.99,正常,26
2024-07-04,DRH-020,DRH,356,1245,352,37773.3,过库存,7
2024-07-04,CUP-007,CUP,359,833,794,17601.29,过库存,22
2024-07-04,VEN-019,VEN,341,661,732,11468.35,正常,16
2024-07-04,LFR-004,LFR,328,897,796,16729.05,正常,27
2024-07-04,DUO-019,DUO,441,181,762,2646.22,正常,4
2024-07-04,DRH-030,DRH,273,891,127,4802.49,低库存预警,12
2024-07-04,VEN-029,VEN,226,506,397,5864.54,正常,16
2024-07-04,TLP-018,TLP,321,1213,457,21652.05,正常,6
2024-07-04,TLM-006,TLM,325,1872,693,12785.76,正常,4
2024-07-04,HND-002,HND,55,1719,140,15814.8,过库存,28
2024-07-04,BUM-007,BUM,381,1929,660,19560.06,正常,14
2024-07-04,HND-025,HND,423,1467,314,13408.38,正常,30
2024-07-04,VEN-004,VEN,454,1408,123,45562.88,正常,7
2024-07-04,VEN-005,VEN,97,825,532,15023.25,低库存预警,7
2024-07-04,DUO-024,DUO,81,1204,536,11859.4,正常,14
2024-07-04,DUO-008,DUO,231,1469,165,14205.23,正常,29
2024-07-04,CUP-021,CUP,22,1795,504,49308.65,正常,18
2024-07-04,DUO-001,DUO,463,123,632,2247.21,正常,13
2024-07-04,LRB-001,LRB,496,1705,775,21500.05,正常,10
2024-07-05,TLP-018,TLP,270,1385,291,24722.25,过库存,29
2024-07-05,WLC-017,WLC,3,1822,138,4700.76,正常,12
2024-07-05,TLP-012,TLP,319,433,685,9244.55,低库存预警,9
2024-07-05,LFR-020,LFR,274,697,724,21662.76,正常,21
2024-07-05,CUP-023,CUP,418,1460,505,18512.8,低库存预警,9
2024-07-05,LFR-003,LFR,80,1118,363,29772.34,低库存预警,10
2024-07-05,TLM-024,TLM,280,428,422,6959.28,正常,14
2024-07-05,BUM-013,BUM,318,147,693,859.95,正常,9
2024-07-05,LFR-006,LFR,330,724,312,5444.48,正常,27
2024-07-05,CUP-006,CUP,476,891,140,16920.09,低库存预警,6
2024-07-05,TLM-022,TLM,99,1284,464,5392.8,过库存,2
2024-07-05,CUP-004,CUP,176,824,733,28156.08,正常,12
2024-07-05,TLM-015,TLM,314,1377,569,10258.65,过库存,21
2024-07-05,WLC-023,WLC,311,1162,510,27795.04,低库存预警,6
2024-07-05,HND-018,HND,303,832,271,1955.2,正常,5
2024-07-05,LFR-004,LFR,292,497,241,9269.05,低库存预警,26
2024-07-05,BUM-002,BUM,283,1972,182,42733.24,正常,25
2024-07-05,BUM-026,BUM,197,1924,658,21317.92,正常,25
2024-07-05,VEN-022,VEN,441,1514,642,50794.7,过库存,8
2024-07-05,TLM-026,TLM,63,775,195,14415.0,正常,6
2024-07-05,LFR-013,LFR,60,1739,467,19946.33,正常,3
2024-07-05,HND-023,HND,289,1074,772,10127.82,正常,21
2024-07-05,TLP-019,TLP,189,1035,561,2608.2,低库存预警,25
2024-07-05,BUM-028,BUM,115,631,283,19699.82,正常,2
2024-07-05,VEN-020,VEN,417,1845,400,3560.85,正常,14
2024-07-05,DUO-020,DUO,70,1832,131,38893.36,正常,12
2024-07-05,CUP-014,CUP,61,1967,267,37077.95,正常,8
2024-07-05,LFR-011,LFR,297,499,415,9865.23,正常,2
2024-07-05,LRB-015,LRB,224,1685,671,35620.9,过库存,17
2024-07-05,VEN-028,VEN,74,160,547,2865.6,正常,17
2024-07-05,LRB-001,LRB,238,1007,160,12698.27,正常,6
2024-07-05,HND-007,HND,369,749,345,2936.08,过库存,16
2024-07-05,HND-025,HND,260,274,752,2504.36,过库存,17
2024-07-05,CUP-021,CUP,346,1715,258,47111.05,低库存预警,18
2024-07-05,TLP-016,TLP,369,382,163,9867.06,正常,8
2024-07-05,VEN-007,VEN,270,604,543,9180.8,过库存,15
2024-07-05,BUM-015,BUM,257,807,311,9215.94,正常,30
2024-07-05,LRB-011,LRB,101,362,264,1918.6,正常,1
2024-07-05,DUO-018,DUO,256,1870,797,4787.2,正常,9
2024-07-05,DRH-013,DRH,11,1981,584,16264.01,正常,21
2024-07-05,TLP-009,TLP,33,253,332,6466.68,过库存,10
2024-07-05,HND-024,HND,227,331,402,6927.83,正常,2
2024-07-05,TLP-025,TLP,326,949,677,2913.43,过库存,28
2024-07-05,VEN-006,VEN,456,1869,425,26091.24,低库存预警,12
2024-07-05,TLM-028,TLM,214,1973,488,65128.73,正常,20
2024-07-05,TLM-012,TLM,231,354,781,10464.24,正常,5
2024-07-05,TLM-019,TLM,35,1798,587,53023.02,过库存,12
2024-07-05,BUM-008,BUM,500,632,649,19200.16,正常,16
2024-07-05,LFR-014,LFR,338,375,201,3453.75,过库存,7
2024-07-05,HND-027,HND,219,997,678,24725.6,正常,10
2024-07-05,TLP-004,TLP,35,835,313,7097.5,低库存预警,23
2024-07-05,HND-003,HND,376,806,782,8664.5,低库存预警,30
2024-07-05,DRH-004,DRH,297,896,539,13422.08,正常,16
2024-07-05,BUM-006,BUM,452,1195,112,27329.65,正常,19
2024-07-05,TLM-002,TLM,126,178,353,884.66,过库存,9
2024-07-05,TLP-005,TLP,1,883,457,5077.25,正常,2
2024-07-05,VEN-030,VEN,482,845,687,9785.1,过库存,21
2024-07-05,TLM-014,TLM,276,126,645,2716.56,正常,7
2024-07-05,DUO-006,DUO,4,738,322,24390.9,正常,2
2024-07-05,TLM-011,TLM,366,737,519,25338.06,正常,9
2024-07-06,HND-018,HND,108,354,421,831.9,过库存,19
2024-07-06,VEN-015,VEN,441,1837,497,58471.71,过库存,8
2024-07-06,TLP-024,TLP,73,547,534,1914.5,正常,28
2024-07-06,DUO-012,DUO,474,346,404,3954.78,正常,19
2024-07-06,TLP-008,TLP,193,977,790,23369.84,低库存预警,18
2024-07-06,DUO-021,DUO,286,1214,225,11460.16,正常,10
2024-07-06,DUO-015,DUO,115,699,379,14483.28,正常,24
2024-07-06,WLC-007,WLC,368,745,423,25628.0,过库存,13
2024-07-06,LRB-016,LRB,420,898,694,21354.44,正常,27
2024-07-06,CUP-021,CUP,329,181,450,4972.07,过库存,19
2024-07-06,DRH-021,DRH,74,1504,137,5760.32,正常,28
2024-07-06,VEN-013,VEN,125,685,390,21324.05,正常,0
2024-07-06,BUM-021,BUM,324,1141,387,25946.34,正常,14
2024-07-06,LFR-017,LFR,462,877,678,21197.09,过库存,0
2024-07-06,HND-024,HND,377,12,147,251.16,过库存,5
2024-07-06,DUO-024,DUO,490,1139,183,11219.15,过库存,10
2024-07-06,DUO-002,DUO,388,162,401,2768.58,正常,17
2024-07-06,WLC-009,WLC,308,82,617,2536.26,正常,19
2024-07-06,VEN-026,VEN,38,1408,383,29877.76,正常,4
2024-07-06,HND-028,HND,31,1490,741,14438.1,正常,1
2024-07-06,BUM-028,BUM,161,538,464,16796.36,正常,11
2024-07-06,HND-014,HND,433,1999,769,45337.32,过库存,3
2024-07-06,DRH-020,DRH,77,865,445,26244.1,正常,28
2024-07-06,VEN-022,VEN,92,1835,463,61564.25,过库存,1
2024-07-06,LFR-011,LFR,310,1492,108,29496.84,低库存预警,13
2024-07-06,LRB-020,LRB,407,488,798,10672.56,正常,19
2024-07-06,LRB-006,LRB,385,895,291,30591.1,正常,19
2024-07-06,DUO-013,DUO,365,979,372,3475.45,正常,3
2024-07-06,DUO-011,DUO,259,1234,412,7218.9,正常,29
2024-07-06,LFR-007,LFR,86,1024,569,3563.52,过库存,1
2024-07-06,HND-002,HND,310,1651,199,15189.2,正常,0
2024-07-06,VEN-025,VEN,470,683,675,9268.31,正常,28
2024-07-06,WLC-011,WLC,358,1328,656,21712.8,低库存预警,19
2024-07-06,TLP-023,TLP,177,828,564,21080.88,低库存预警,7
2024-07-06,VEN-006,VEN,481,1924,253,26859.04,低库存预警,2
2024-07-06,LRB-014,LRB,188,613,131,11622.48,正常,17
2024-07-06,HND-020,HND,359,1565,378,15415.25,正常,8
2024-07-06,TLP-025,TLP,226,851,346,2612.57,低库存预警,16
2024-07-06,VEN-021,VEN,238,219,226,6515.25,正常,13
2024-07-06,DRH-005,DRH,386,125,497,3220.0,正常,12
2024-07-06,TLM-025,TLM,428,1191,757,16054.68,低库存预警,28
2024-07-06,HND-008,HND,252,1497,588,37095.66,正常,30
2024-07-06,DRH-024,DRH,299,1327,724,10549.65,正常,24
2024-07-06,TLM-002,TLM,175,1573,622,7817.81,正常,0
2024-07-06,BUM-019,BUM,336,1414,624,26399.38,正常,19
2024-07-06,CUP-023,CUP,81,1005,333,12743.4,低库存预警,13
2024-07-06,TLM-021,TLM,76,19,102,130.53,低库存预警,20
2024-07-06,LFR-009,LFR,42,1742,406,28638.48,正常,1
2024-07-06,HND-011,HND,349,1575,652,17876.25,正常,15
2024-07-06,DRH-019,DRH,193,540,482,10395.0,正常,14
2024-07-06,DUO-025,DUO,19,1533,446,18656.61,正常,3
2024-07-06,TLP-004,TLP,122,699,771,5941.5,正常,26
2024-07-06,CUP-016,CUP,21,1305,556,19718.55,正常,30
2024-07-06,CUP-026,CUP,105,852,547,9908.76,低库存预警,20
2024-07-06,BUM-002,BUM,439,1101,782,23858.67,低库存预警,28
2024-07-06,DUO-020,DUO,121,1089,710,23119.47,过库存,6
2024-07-06,DRH-004,DRH,408,1559,783,23353.82,过库存,9
2024-07-06,TLP-022,TLP,375,537,505,12651.72,过库存,15
2024-07-06,CUP-018,CUP,77,308,427,5688.76,低库存预警,30
2024-07-06,TLP-002,TLP,163,371,736,2463.44,正常,26
2024-07-07,DRH-019,DRH,108,174,182,3349.5,过库存,0
2024-07-07,LRB-013,LRB,483,193,382,6631.48,过库存,13
2024-07-07,LFR-020,LFR,3,229,532,7117.32,过库存,10
2024-07-07,TLM-018,TLM,403,1132,551,33541.16,过库存,18
2024-07-07,DUO-022,DUO,299,735,152,2822.4,过库存,5
2024-07-07,TLM-003,TLM,387,1739,608,14120.68,正常,10
2024-07-07,VEN-021,VEN,381,1169,788,34777.75,低库存预警,27
2024-07-07,VEN-014,VEN,423,635,271,4508.5,正常,8
2024-07-07,HND-020,HND,217,585,243,5762.25,低库存预警,23
2024-07-07,VEN-005,VEN,152,1404,236,25566.84,正常,0
2024-07-07,TLP-007,TLP,343,192,554,2234.88,正常,9
2024-07-07,BUM-023,BUM,312,1635,114,10153.35,低库存预警,17
2024-07-07,HND-017,HND,136,767,622,16858.66,低库存预警,20
2024-07-07,TLM-021,TLM,235,502,621,3448.74,正常,3
2024-07-07,LRB-006,LRB,310,421,748,14389.78,正常,12
2024-07-07,VEN-016,VEN,305,1741,255,58131.99,低库存预警,25
2024-07-07,VEN-025,VEN,84,113,372,1533.41,正常,15
2024-07-07,DUO-005,DUO,320,380,795,4529.6,正常,7
2024-07-07,TLP-018,TLP,443,702,573,12530.7,正常,0
2024-07-07,TLM-025,TLM,356,1625,324,21905.0,正常,29
2024-07-07,TLM-028,TLM,180,889,569,29345.89,正常,1
2024-07-07,BUM-001,BUM,124,226,720,1172.94,低库存预警,14
2024-07-07,TLP-011,TLP,103,490,237,16792.3,低库存预警,28
2024-07-07,TLM-017,TLM,146,1655,793,22028.05,正常,28
2024-07-07,CUP-022,CUP,197,346,740,5252.28,正常,23
2024-07-07,CUP-008,CUP,46,857,315,1799.7,正常,6
2024-07-07,TLP-019,TLP,348,1861,776,4689.72,正常,25
2024-07-07,VEN-019,VEN,278,683,416,11850.05,过库存,4
2024-07-07,WLC-018,WLC,358,191,552,6211.32,正常,1
2024-07-07,LFR-005,LFR,331,548,294,937.08,过库存,16
2024-07-07,DUO-010,DUO,422,839,343,12786.36,正常,13
2024-07-07,HND-019,HND,99,1323,693,28418.04,正常,17
2024-07-07,CUP-028,CUP,387,135,760,1645.65,正常,24
2024-07-07,LRB-019,LRB,60,1133,696,38363.38,正常,25
2024-07-07,LFR-015,LFR,215,1557,427,7582.59,低库存预警,20
2024-07-07,VEN-004,VEN,293,387,665,12523.32,正常,13
2024-07-07,DRH-002,DRH,389,355,640,3333.45,正常,20
2024-07-07,VEN-023,VEN,436,1488,331,11279.04,正常,29
2024-07-07,BUM-026,BUM,288,659,390,7301.72,低库存预警,4
2024-07-07,LRB-016,LRB,390,1809,231,43018.02,正常,1
2024-07-07,TLP-015,TLP,372,1325,294,26698.75,正常,6
2024-07-07,LRB-021,LRB,408,1724,156,18808.84,正常,1
2024-07-07,DRH-016,DRH,413,1117,761,21747.99,过库存,2
2024-07-07,VEN-028,VEN,142,600,388,10746.0,低库存预警,29
2024-07-07,LFR-008,LFR,432,979,589,19403.78,正常,0
2024-07-07,LRB-014,LRB,197,1683,314,31909.68,正常,5
2024-07-07,TLP-020,TLP,19,643,183,1118.82,正常,19
2024-07-07,HND-005,HND,301,1485,798,41208.75,过库存,20
2024-07-07,DRH-020,DRH,289,1452,775,44053.68,正常,6
2024-07-07,BUM-028,BUM,440,32,221,999.04,正常,1
2024-07-07,TLP-012,TLP,11,1429,328,30509.15,正常,27
2024-07-07,BUM-011,BUM,123,1853,777,53144.04,正常,22
2024-07-07,CUP-027,CUP,164,832,564,16681.6,过库存,13
2024-07-07,LFR-004,LFR,298,1057,141,19713.05,正常,10
2024-07-07,LFR-014,LFR,116,584,597,5378.64,正常,19
2024-07-07,CUP-007,CUP,15,55,104,1162.15,正常,3
2024-07-07,BUM-005,BUM,100,569,526,9394.19,低库存预警,9
2024-07-07,WLC-015,WLC,399,1032,353,22270.56,正常,16
2024-07-07,LFR-019,LFR,211,740,379,12358.0,正常,3
2024-07-07,WLC-024,WLC,327,499,413,3368.25,低库存预警,13
2024-07-08,WLC-004,WLC,395,410,337,2701.9,过库存,20
2024-07-08,VEN-010,VEN,414,1901,653,24903.1,正常,24
2024-07-08,VEN-012,VEN,133,164,588,2451.8,过库存,8
2024-07-08,DRH-006,DRH,50,1811,618,32308.24,正常,10
2024-07-08,WLC-003,WLC,399,1415,378,10272.9,低库存预警,1
2024-07-08,DRH-014,DRH,442,139,105,1052.23,正常,15
2024-07-08,TLP-013,TLP,51,871,326,2020.72,低库存预警,20
2024-07-08,TLM-019,TLM,470,511,525,15069.39,正常,15
2024-07-08,DUO-025,DUO,48,1821,706,22161.57,过库存,4
2024-07-08,CUP-019,CUP,192,786,698,13676.4,过库存,6
2024-07-08,DRH-009,DRH,154,180,142,2329.2,低库存预警,14
2024-07-08,CUP-026,CUP,220,76,689,883.88,过库存,26
2024-07-08,WLC-025,WLC,269,1985,572,52801.0,正常,27
2024-07-08,HND-008,HND,291,1195,482,29612.1,低库存预警,26
2024-07-08,LFR-012,LFR,235,1284,627,22893.72,正常,28
2024-07-08,VEN-011,VEN,295,365,195,11793.15,正常,0
2024-07-08,LFR-007,LFR,488,1109,579,3859.32,低库存预警,20
2024-07-08,DUO-011,DUO,362,1086,630,6353.1,正常,6
2024-07-08,BUM-025,BUM,170,1756,340,39545.12,低库存预警,15
2024-07-08,TLM-004,TLM,124,643,232,20865.35,正常,20
2024-07-08,LFR-009,LFR,84,1151,633,18922.44,过库存,20
2024-07-08,WLC-018,WLC,316,1003,627,32617.56,低库存预警,11
2024-07-08,DRH-030,DRH,213,71,406,382.69,正常,10
2024-07-08,VEN-019,VEN,244,542,216,9403.7,低库存预警,27
2024-07-08,DRH-015,DRH,174,1651,569,12316.46,正常,3
2024-07-08,TLM-014,TLM,409,639,198,13776.84,正常,27
2024-07-08,DRH-017,DRH,451,1554,256,8034.18,低库存预警,23
2024-07-08,HND-024,HND,399,545,339,11406.85,正常,1
2024-07-08,TLM-006,TLM,104,605,714,4132.15,正常,29
2024-07-08,CUP-008,CUP,83,1647,264,3458.7,正常,5
2024-07-08,CUP-018,CUP,156,132,133,2438.04,正常,17
2024-07-08,TLP-010,TLP,306,535,703,2509.15,低库存预警,1
2024-07-08,VEN-002,VEN,308,1518,184,50640.48,正常,3
2024-07-08,DRH-028,DRH,192,191,712,5029.03,正常,12
2024-07-08,VEN-009,VEN,418,91,324,828.1,正常,21
2024-07-08,LRB-014,LRB,234,338,404,6408.48,正常,4
2024-07-08,DRH-010,DRH,281,514,573,3371.84,低库存预警,6
2024-07-08,DRH-020,DRH,387,250,776,7585.0,正常,3
2024-07-08,BUM-012,BUM,228,1741,386,45927.58,正常,7
2024-07-08,BUM-028,BUM,454,1007,409,31438.54,正常,17
2024-07-08,LRB-002,LRB,213,1500,780,38685.0,正常,28
2024-07-08,HND-006,HND,334,1149,711,13569.69,正常,0
2024-07-08,HND-004,HND,108,1263,143,16406.37,正常,13
2024-07-08,BUM-001,BUM,391,580,152,3010.2,低库存预警,12
2024-07-08,VEN-027,VEN,342,738,567,6627.24,过库存,28
2024-07-08,CUP-020,CUP,457,168,706,950.88,低库存预警,25
2024-07-08,BUM-027,BUM,180,1842,100,15601.74,低库存预警,11
2024-07-08,HND-002,HND,416,122,265,1122.4,正常,9
2024-07-08,DUO-019,DUO,234,87,650,1271.94,正常,12
2024-07-08,CUP-007,CUP,199,671,414,14178.23,正常,14
2024-07-08,LFR-005,LFR,290,1552,100,2653.92,正常,14
2024-07-08,DRH-016,DRH,222,564,325,10981.08,正常,4
2024-07-08,LFR-010,LFR,47,1290,329,26935.2,正常,6
2024-07-08,LRB-012,LRB,357,1668,280,6888.84,正常,4
2024-07-08,VEN-022,VEN,229,1577,716,52908.35,正常,24
2024-07-08,LRB-016,LRB,20,177,422,4209.06,正常,22
2024-07-08,BUM-021,BUM,360,1612,196,36656.88,低库存预警,5
2024-07-08,TLP-014,TLP,334,480,573,15595.2,正常,14
2024-07-08,BUM-003,BUM,159,203,135,3584.98,过库存,25
2024-07-08,TLM-011,TLM,48,1235,413,42459.3,正常,20
2024-07-09,DRH-003,DRH,464,568,693,5288.08,正常,29
2024-07-09,LRB-007,LRB,152,910,744,4704.7,过库存,3
2024-07-09,VEN-022,VEN,208,647,223,21706.85,正常,25
2024-07-09,DRH-002,DRH,295,813,689,7634.07,正常,22
2024-07-09,DRH-019,DRH,297,1128,444,21714.0,正常,4
2024-07-09,BUM-010,BUM,305,1613,520,50503.03,正常,27
2024-07-09,TLM-021,TLM,129,1302,631,8944.74,低库存预警,23
2024-07-09,DRH-004,DRH,189,939,667,14066.22,低库存预警,23
2024-07-09,DUO-011,DUO,139,497,511,2907.45,正常,24
2024-07-09,TLM-026,TLM,266,494,366,9188.4,过库存,7
2024-07-09,DUO-020,DUO,20,131,724,2781.13,低库存预警,24
2024-07-09,DRH-022,DRH,4,1829,109,22295.51,正常,16
2024-07-09,CUP-011,CUP,149,152,262,4474.88,正常,4
2024-07-09,DUO-016,DUO,198,1386,356,31476.06,正常,19
2024-07-09,VEN-024,VEN,114,989,209,13351.5,低库存预警,18
2024-07-09,DUO-021,DUO,65,1306,172,12328.64,正常,22
2024-07-09,DRH-030,DRH,415,536,481,2889.04,正常,21
2024-07-09,TLP-020,TLP,109,56,495,97.44,正常,3
2024-07-09,WLC-025,WLC,66,93,787,2473.8,低库存预警,0
2024-07-09,CUP-021,CUP,9,1029,143,28266.63,正常,15
2024-07-09,BUM-004,BUM,158,1827,427,59066.91,过库存,4
2024-07-09,DRH-018,DRH,265,1934,250,39685.68,低库存预警,20
2024-07-09,HND-027,HND,418,1573,220,39010.4,低库存预警,25
2024-07-09,WLC-015,WLC,211,1549,310,33427.42,低库存预警,13
2024-07-09,TLM-007,TLM,19,1937,220,6450.21,正常,23
2024-07-09,VEN-018,VEN,189,817,795,5065.4,正常,27
2024-07-09,LFR-020,LFR,217,1836,633,57062.88,低库存预警,10
2024-07-09,TLM-027,TLM,44,1392,317,21033.12,正常,0
2024-07-09,HND-028,HND,420,1876,315,18178.44,低库存预警,1
2024-07-09,DUO-009,DUO,198,1045,392,21913.65,低库存预警,10
2024-07-09,DRH-014,DRH,319,828,357,6267.96,正常,22
2024-07-09,DRH-006,DRH,428,1198,686,21372.32,正常,13
2024-07-09,VEN-011,VEN,325,1360,446,43941.6,过库存,9
2024-07-09,VEN-027,VEN,260,1379,756,12383.42,正常,19
2024-07-09,TLP-002,TLP,376,1042,120,6918.88,正常,0
2024-07-09,HND-014,HND,440,73,368,1655.64,正常,9
2024-07-09,BUM-017,BUM,319,1870,367,10958.2,正常,21
2024-07-09,LRB-021,LRB,447,1558,189,16997.78,低库存预警,14
2024-07-09,CUP-002,CUP,255,1780,776,8544.0,低库存预警,4
2024-07-09,DRH-013,DRH,48,877,666,7200.17,过库存,13
2024-07-09,HND-002,HND,49,1343,401,12355.6,过库存,8
2024-07-09,LFR-009,LFR,387,564,350,9272.16,正常,15
2024-07-09,BUM-027,BUM,376,394,412,3337.18,正常,18
2024-07-09,HND-017,HND,73,719,584,15803.62,正常,3
2024-07-09,LRB-003,LRB,472,1969,230,38671.16,低库存预警,4
2024-07-09,DUO-003,DUO,88,867,700,1378.53,过库存,21
2024-07-09,CUP-026,CUP,232,1848,501,21492.24,低库存预警,29
2024-07-09,LFR-017,LFR,252,877,724,21197.09,过库存,24
2024-07-09,BUM-025,BUM,279,1701,318,38306.52,过库存,27
2024-07-09,TLP-017,TLP,141,977,423,28264.61,过库存,12
2024-07-09,HND-020,HND,29,1106,509,10894.1,正常,13
2024-07-09,WLC-014,WLC,329,274,773,2367.36,正常,22
2024-07-09,DRH-007,DRH,254,1294,687,11361.32,低库存预警,13
2024-07-09,LRB-004,LRB,151,70,583,915.6,正常,3
2024-07-09,TLM-019,TLM,264,107,174,3155.43,正常,21
2024-07-09,HND-021,HND,247,1500,216,39885.0,正常,0
2024-07-09,CUP-016,CUP,425,1107,658,16726.77,低库存预警,9
2024-07-09,BUM-007,BUM,402,1283,201,13009.62,正常,24
2024-07-09,DRH-028,DRH,177,1383,178,36414.39,低库存预警,7
2024-07-09,BUM-005,BUM,2,1077,205,17781.27,正常,26
2024-07-10,BUM-022,BUM,24,309,365,4879.11,正常,8
2024-07-10,TLM-004,TLM,234,1025,395,33261.25,低库存预警,13
2024-07-10,TLM-014,TLM,275,467,434,10068.52,低库存预警,15
2024-07-10,TLM-002,TLM,222,922,349,4582.34,正常,21
2024-07-10,BUM-020,BUM,413,1282,334,43575.18,过库存,23
2024-07-10,DUO-021,DUO,218,895,316,8448.8,正常,0
2024-07-10,CUP-030,CUP,393,901,795,23047.58,过库存,6
2024-07-10,VEN-001,VEN,404,418,307,1463.0,正常,17
2024-07-10,VEN-018,VEN,418,343,338,2126.6,正常,19
2024-07-10,VEN-030,VEN,120,1723,111,19952.34,过库存,1
2024-07-10,WLC-023,WLC,393,1136,658,27173.12,正常,20
2024-07-10,DRH-021,DRH,247,34,196,130.22,正常,25
2024-07-10,TLM-028,TLM,79,1256,413,41460.56,过库存,21
2024-07-10,HND-002,HND,195,1730,148,15916.0,低库存预警,4
2024-07-10,LRB-021,LRB,20,466,694,5084.06,低库存预警,28
2024-07-10,TLM-020,TLM,458,577,717,18187.04,过库存,14
2024-07-10,CUP-006,CUP,454,625,415,11868.75,正常,16
2024-07-10,TLP-012,TLP,350,1231,191,26281.85,过库存,28
2024-07-10,LRB-017,LRB,149,439,500,11172.55,低库存预警,24
2024-07-10,BUM-013,BUM,463,633,287,3703.05,正常,1
2024-07-10,VEN-007,VEN,172,541,363,8223.2,正常,9
2024-07-10,CUP-009,CUP,245,1396,408,42256.92,正常,19
2024-07-10,DUO-005,DUO,142,618,143,7366.56,正常,13
2024-07-10,LFR-005,LFR,183,1324,222,2264.04,正常,0
2024-07-10,LRB-018,LRB,113,591,530,6406.44,正常,0
2024-07-10,VEN-019,VEN,369,544,519,9438.4,正常,25
2024-07-10,DRH-004,DRH,342,313,782,4688.74,正常,16
2024-07-10,HND-012,HND,439,23,435,98.44,正常,17
2024-07-10,LFR-006,LFR,462,107,533,804.64,正常,16
2024-07-10,DUO-012,DUO,140,1202,142,13738.86,过库存,14
2024-07-10,TLP-023,TLP,300,1723,304,43867.58,低库存预警,1
2024-07-10,HND-006,HND,111,715,557,8444.15,低库存预警,29
2024-07-10,DUO-018,DUO,81,1381,275,3535.36,正常,19
2024-07-10,BUM-016,BUM,133,1845,152,16199.1,过库存,19
2024-07-10,DRH-024,DRH,344,1618,148,12863.1,低库存预警,10
2024-07-10,TLP-005,TLP,99,356,231,2047.0,过库存,23
2024-07-10,BUM-026,BUM,121,438,644,4853.04,正常,9
2024-07-10,DUO-004,DUO,469,188,647,3932.96,过库存,14
2024-07-10,CUP-029,CUP,126,186,587,418.5,低库存预警,20
2024-07-10,LFR-020,LFR,371,686,650,21320.88,正常,18
2024-07-10,DRH-020,DRH,50,1468,662,44539.12,低库存预警,16
2024-07-10,LRB-009,LRB,295,1641,280,44372.64,低库存预警,18
2024-07-10,LRB-022,LRB,190,1756,714,30975.84,正常,14
2024-07-10,CUP-021,CUP,81,584,447,16042.48,低库存预警,28
2024-07-10,DRH-025,DRH,212,1353,545,14220.03,低库存预警,23
2024-07-10,HND-014,HND,353,523,724,11861.64,正常,6
2024-07-10,DUO-016,DUO,403,323,123,7335.33,正常,11
2024-07-10,HND-022,HND,225,1555,626,50148.75,过库存,27
2024-07-10,HND-024,HND,26,818,619,17120.74,正常,5
2024-07-10,TLM-009,TLM,415,1845,470,37933.2,正常,10
2024-07-10,LFR-012,LFR,364,489,158,8718.87,正常,10
2024-07-10,DRH-015,DRH,200,537,190,4006.02,正常,2
2024-07-10,DUO-003,DUO,328,1586,667,2521.74,正常,10
2024-07-10,LRB-008,LRB,279,1048,570,32875.76,正常,16
2024-07-10,CUP-016,CUP,328,17,162,256.87,正常,16
2024-07-10,VEN-008,VEN,278,1529,692,50793.38,正常,7
2024-07-10,VEN-017,VEN,200,1695,441,38408.7,正常,17
2024-07-10,DRH-019,DRH,273,1339,486,25775.75,过库存,15
2024-07-10,DUO-019,DUO,63,660,397,9649.2,过库存,10
2024-07-10,BUM-007,BUM,13,1708,253,17319.12,低库存预警,21
2024-07-11,DRH-001,DRH,67,869,320,26009.17,正常,5
2024-07-11,HND-008,HND,358,1773,160,43934.94,正常,27
2024-07-11,BUM-009,BUM,334,493,450,10910.09,正常,6
2024-07-11,LRB-022,LRB,345,1105,213,19492.2,正常,16
2024-07-11,TLP-005,TLP,80,373,698,2144.75,正常,21
2024-07-11,VEN-005,VEN,430,181,706,3296.01,低库存预警,27
2024-07-11,WLC-010,WLC,73,244,404,6141.48,过库存,23
2024-07-11,LFR-016,LFR,173,714,789,12002.34,过库存,20
2024-07-11,HND-014,HND,96,1438,186,32613.84,正常,26
2024-07-11,HND-018,HND,52,1156,237,2716.6,正常,15
2024-07-11,WLC-008,WLC,54,146,660,2474.7,正常,5
2024-07-11,LFR-012,LFR,275,1737,680,30970.71,正常,20
2024-07-11,TLM-013,TLM,68,1490,260,43761.3,正常,17
2024-07-11,DRH-021,DRH,359,22,718,84.26,正常,29
2024-07-11,HND-015,HND,317,1571,375,21789.77,低库存预警,3
2024-07-11,LFR-017,LFR,236,1343,714,32460.31,正常,2
2024-07-11,DUO-021,DUO,170,1708,532,16123.52,过库存,29
2024-07-11,CUP-016,CUP,144,620,306,9368.2,低库存预警,8
2024-07-11,TLP-001,TLP,292,1972,619,15164.68,过库存,10
2024-07-11,DRH-028,DRH,195,1801,319,47420.33,正常,10
2024-07-11,CUP-006,CUP,360,418,499,7937.82,正常,20
2024-07-11,BUM-026,BUM,492,1653,545,18315.24,正常,3
2024-07-11,HND-028,HND,89,255,562,2470.95,正常,9
2024-07-11,HND-007,HND,19,1454,266,5699.68,过库存,8
2024-07-11,HND-006,HND,332,1195,244,14112.95,过库存,17
2024-07-11,CUP-005,CUP,465,1213,782,39883.44,正常,18
2024-07-11,BUM-019,BUM,213,1433,654,26754.11,正常,6
2024-07-11,HND-011,HND,272,1945,137,22075.75,正常,3
2024-07-11,DRH-020,DRH,356,297,538,9010.98,低库存预警,21
2024-07-11,VEN-029,VEN,193,505,743,5852.95,正常,10
2024-07-11,BUM-011,BUM,63,1536,129,44052.48,正常,10
2024-07-11,TLM-014,TLM,397,967,166,20848.52,正常,13
2024-07-11,TLM-024,TLM,452,1171,355,19040.46,正常,1
2024-07-11,DRH-013,DRH,355,1000,730,8210.0,低库存预警,30
2024-07-11,TLP-012,TLP,108,72,762,1537.2,低库存预警,21
2024-07-11,TLP-018,TLP,197,715,498,12762.75,正常,0
2024-07-11,VEN-014,VEN,433,764,145,5424.4,正常,21
2024-07-11,LRB-011,LRB,276,212,286,1123.6,过库存,30
2024-07-11,WLC-005,WLC,72,1747,663,6708.48,过库存,24
2024-07-11,LFR-001,LFR,145,1828,276,7275.44,正常,29
2024-07-11,VEN-001,VEN,27,1725,781,6037.5,低库存预警,25
2024-07-11,TLP-009,TLP,81,1396,380,35681.76,正常,27
2024-07-11,WLC-011,WLC,275,1837,382,30034.95,正常,16
2024-07-11,DUO-009,DUO,242,1128,358,23654.16,正常,25
2024-07-11,DUO-017,DUO,104,80,519,1078.4,正常,15
2024-07-11,DRH-022,DRH,250,136,729,1657.84,正常,6
2024-07-11,WLC-014,WLC,123,1066,391,9210.24,低库存预警,1
2024-07-11,VEN-024,VEN,403,194,608,2619.0,过库存,3
2024-07-11,DRH-027,DRH,478,1162,198,28991.9,正常,16
2024-07-11,TLP-013,TLP,462,443,717,1027.76,正常,1
2024-07-11,TLP-021,TLP,229,11,128,95.48,正常,11
2024-07-11,VEN-025,VEN,51,1983,715,26909.31,正常,17
2024-07-11,DRH-011,DRH,53,432,665,13154.4,正常,16
2024-07-11,BUM-028,BUM,353,108,635,3371.76,正常,15
2024-07-11,DRH-026,DRH,70,1158,122,3462.42,正常,12
2024-07-11,BUM-012,BUM,495,1652,129,43579.76,正常,12
2024-07-11,LFR-021,LFR,166,1057,152,20685.49,低库存预警,8
2024-07-11,VEN-011,VEN,115,1190,575,38448.9,正常,1
2024-07-11,DUO-005,DUO,381,1695,195,20204.4,低库存预警,6
2024-07-11,DRH-016,DRH,468,831,378,16179.57,正常,27
2024-07-12,CUP-011,CUP,336,646,296,19018.24,正常,19
2024-07-12,TLM-006,TLM,154,336,192,2294.88,低库存预警,13
2024-07-12,DUO-014,DUO,71,1102,623,12772.18,正常,4
2024-07-12,LFR-018,LFR,220,1375,665,33426.25,过库存,11
2024-07-12,TLM-028,TLM,34,1443,562,47633.43,正常,26
2024-07-12,LFR-015,LFR,399,1907,490,9287.09,正常,24
2024-07-12,HND-014,HND,319,201,717,4558.68,正常,23
2024-07-12,TLM-015,TLM,410,1466,693,10921.7,过库存,13
2024-07-12,VEN-007,VEN,463,736,511,11187.2,正常,25
2024-07-12,TLM-004,TLM,468,459,794,14894.55,正常,21
2024-07-12,CUP-029,CUP,27,1100,440,2475.0,低库存预警,10
2024-07-12,TLP-004,TLP,389,1398,655,11883.0,正常,3
2024-07-12,LRB-011,LRB,219,1835,677,9725.5,过库存,7
2024-07-12,TLM-008,TLM,151,188,111,4378.52,过库存,14
2024-07-12,LFR-022,LFR,325,455,368,15861.3,过库存,22
2024-07-12,TLM-002,TLM,215,204,475,1013.88,低库存预警,15
2024-07-12,WLC-005,WLC,116,697,458,2676.48,正常,0
2024-07-12,DRH-028,DRH,496,1108,343,29173.64,低库存预警,0
2024-07-12,DUO-006,DUO,157,1099,594,36321.95,过库存,0
2024-07-12,BUM-023,BUM,314,1006,710,6247.26,低库存预警,6
2024-07-12,HND-022,HND,333,1162,331,37474.5,低库存预警,10
2024-07-12,LFR-016,LFR,56,243,769,4084.83,低库存预警,24
2024-07-12,LFR-020,LFR,341,1212,241,37668.96,过库存,1
2024-07-12,DUO-022,DUO,217,1142,408,4385.28,正常,11
2024-07-12,TLP-006,TLP,477,1550,128,44097.5,正常,23
2024-07-12,WLC-018,WLC,50,609,706,19804.68,正常,12
2024-07-12,DRH-004,DRH,442,1593,706,23863.14,过库存,18
2024-07-12,LRB-021,LRB,498,1578,508,17215.98,过库存,2
2024-07-12,DRH-026,DRH,222,1567,366,4685.33,正常,3
2024-07-12,BUM-020,BUM,7,833,458,28313.67,低库存预警,5
2024-07-12,HND-013,HND,238,1291,555,21662.98,正常,19
2024-07-12,DUO-018,DUO,189,750,655,1920.0,正常,28
2024-07-12,BUM-015,BUM,305,1428,710,16307.76,正常,17
2024-07-12,LRB-009,LRB,370,1885,759,50970.4,低库存预警,24
2024-07-12,BUM-026,BUM,254,1201,755,13307.08,低库存预警,12
2024-07-12,WLC-003,WLC,415,350,118,2541.0,正常,0
2024-07-12,CUP-005,CUP,80,1401,152,46064.88,低库存预警,16
2024-07-12,DRH-030,DRH,93,956,109,5152.84,正常,24
2024-07-12,CUP-003,CUP,320,86,269,2941.2,过库存,16
2024-07-12,LRB-010,LRB,248,1172,744,13817.88,正常,3
2024-07-12,DUO-011,DUO,437,856,410,5007.6,过库存,22
2024-07-12,LFR-019,LFR,455,1880,222,31396.0,正常,29
2024-07-12,TLM-022,TLM,165,1224,323,5140.8,正常,28
2024-07-12,WLC-001,WLC,279,1829,681,33763.34,过库存,28
2024-07-12,TLP-003,TLP,432,1872,427,28267.2,低库存预警,10
2024-07-12,CUP-026,CUP,141,1283,724,14921.29,过库存,27
2024-07-12,CUP-004,CUP,314,789,778,26960.13,正常,5
2024-07-12,HND-015,HND,431,288,788,3994.56,低库存预警,28
2024-07-12,LFR-005,LFR,348,935,321,1598.85,正常,17
2024-07-12,DUO-001,DUO,21,618,792,11290.86,正常,16
2024-07-12,DUO-003,DUO,231,814,412,1294.26,过库存,29
2024-07-12,HND-001,HND,424,1202,217,7993.3,低库存预警,21
2024-07-12,DRH-005,DRH,250,30,476,772.8,正常,12
2024-07-12,CUP-017,CUP,486,1479,594,18324.81,正常,9
2024-07-12,DRH-013,DRH,434,526,398,4318.46,过库存,16
2024-07-12,HND-009,HND,141,1213,113,36947.98,正常,20
2024-07-12,CUP-020,CUP,22,132,488,747.12,过库存,23
2024-07-12,CUP-028,CUP,3,1021,104,12445.99,正常,7
2024-07-12,TLP-017,TLP,356,1883,481,54475.19,低库存预警,30
2024-07-12,WLC-013,WLC,27,419,587,9804.6,低库存预警,21
2024-07-13,TLP-006,TLP,297,1089,454,30982.05,过库存,7
2024-07-13,TLM-004,TLM,77,1418,326,46014.1,正常,6
2024-07-13,CUP-027,CUP,328,1385,550,27769.25,正常,15
2024-07-13,DRH-014,DRH,432,1264,348,9568.48,过库存,10
2024-07-13,TLP-013,TLP,265,123,503,285.36,过库存,27
2024-07-13,VEN-026,VEN,41,1095,519,23235.9,正常,16
2024-07-13,TLP-024,TLP,354,319,173,1116.5,过库存,17
2024-07-13,CUP-030,CUP,8,1444,374,36937.52,过库存,16
2024-07-13,LRB-017,LRB,11,952,163,24228.4,正常,8
2024-07-13,DRH-023,DRH,153,1425,190,11713.5,过库存,20
2024-07-13,BUM-018,BUM,76,1418,232,23311.92,正常,8
2024-07-13,DRH-017,DRH,173,279,113,1442.43,正常,27
2024-07-13,HND-012,HND,121,1035,545,4429.8,正常,14
2024-07-13,DRH-028,DRH,448,1995,401,52528.35,低库存预警,20
2024-07-13,LRB-002,LRB,338,1135,785,29271.65,正常,13
2024-07-13,DUO-005,DUO,149,902,587,10751.84,正常,5
2024-07-13,VEN-021,VEN,350,1168,215,34748.0,正常,15
2024-07-13,VEN-005,VEN,62,1769,114,32213.49,低库存预警,23
2024-07-13,DUO-004,DUO,89,1922,750,40208.24,正常,22
2024-07-13,BUM-005,BUM,289,978,458,16146.78,正常,20
2024-07-13,TLM-022,TLM,150,1323,551,5556.6,正常,23
2024-07-13,TLP-015,TLP,287,449,753,9047.35,正常,21
2024-07-13,CUP-005,CUP,334,594,584,19530.72,正常,4
2024-07-13,CUP-012,CUP,241,1872,271,28791.36,正常,28
2024-07-13,HND-007,HND,228,1694,363,6640.48,过库存,4
2024-07-13,DUO-019,DUO,63,651,782,9517.62,正常,24
2024-07-13,BUM-004,BUM,480,970,177,31360.1,正常,11
2024-07-13,HND-021,HND,359,1853,558,49271.27,正常,7
2024-07-13,TLM-011,TLM,184,866,487,29773.08,正常,17
2024-07-13,TLP-001,TLP,71,67,654,515.23,正常,26
2024-07-13,HND-005,HND,179,1173,299,32550.75,正常,10
2024-07-13,CUP-019,CUP,497,482,436,8386.8,正常,6
2024-07-13,TLM-007,TLM,326,551,737,1834.83,低库存预警,7
2024-07-13,DUO-024,DUO,409,1779,156,17523.15,正常,0
2024-07-13,LFR-019,LFR,112,60,173,1002.0,过库存,6
2024-07-13,TLP-017,TLP,357,1501,712,43423.93,正常,16
2024-07-13,TLM-028,TLM,179,363,628,11982.63,正常,16
2024-07-13,VEN-029,VEN,380,318,323,3685.62,正常,2
2024-07-13,WLC-011,WLC,492,1083,132,17707.05,正常,12
2024-07-13,TLP-012,TLP,422,577,535,12318.95,正常,9
2024-07-13,BUM-026,BUM,296,912,678,10104.96,正常,26
2024-07-13,LFR-020,LFR,130,1776,507,55198.08,过库存,2
2024-07-13,CUP-006,CUP,296,743,537,14109.57,低库存预警,24
2024-07-13,LFR-012,LFR,29,203,183,3619.49,过库存,15
2024-07-13,BUM-017,BUM,89,449,677,2631.14,低库存预警,20
2024-07-13,BUM-006,BUM,182,1318,481,30142.66,低库存预警,21
2024-07-13,TLM-009,TLM,56,1432,595,29441.92,正常,8
2024-07-13,WLC-017,WLC,268,1353,214,3490.74,低库存预警,14
2024-07-13,DUO-006,DUO,463,1201,460,39693.05,过库存,21
2024-07-13,DUO-010,DUO,176,960,268,14630.4,正常,9
2024-07-13,CUP-021,CUP,265,818,785,22470.46,正常,23
2024-07-13,TLP-019,TLP,197,1576,551,3971.52,正常,15
2024-07-13,TLM-005,TLM,320,721,361,15400.56,过库存,14
2024-07-13,LRB-009,LRB,76,240,653,6489.6,正常,23
2024-07-13,LFR-002,LFR,155,1669,384,18091.96,低库存预警,18
2024-07-13,VEN-013,VEN,22,1497,541,46601.61,低库存预警,7
2024-07-13,DUO-018,DUO,407,368,110,942.08,低库存预警,9
2024-07-13,BUM-001,BUM,225,882,461,4577.58,正常,7
2024-07-13,TLM-014,TLM,313,1833,696,39519.48,过库存,25
2024-07-13,WLC-018,WLC,163,1117,290,36324.84,正常,25
2024-07-14,DRH-028,DRH,279,1887,171,49684.71,过库存,17
2024-07-14,VEN-015,VEN,260,841,363,26769.03,过库存,26
2024-07-14,VEN-014,VEN,107,1852,500,13149.2,正常,0
2024-07-14,HND-023,HND,227,1065,139,10042.95,过库存,25
2024-07-14,DUO-004,DUO,33,1861,155,38932.12,过库存,13
2024-07-14,DUO-020,DUO,97,1568,590,33288.64,过库存,5
2024-07-14,DRH-002,DRH,394,419,703,3934.41,正常,27
2024-07-14,TLM-018,TLM,43,1674,793,49600.62,低库存预警,13
2024-07-14,LFR-022,LFR,103,1472,751,51313.92,正常,23
2024-07-14,TLM-013,TLM,411,38,510,1116.06,低库存预警,13
2024-07-14,CUP-009,CUP,101,202,569,6114.54,低库存预警,4
2024-07-14,VEN-002,VEN,294,1221,624,40732.56,正常,28
2024-07-14,BUM-025,BUM,192,1493,649,33622.36,正常,8
2024-07-14,LRB-005,LRB,425,2000,127,49100.0,正常,1
2024-07-14,TLP-005,TLP,474,1127,231,6480.25,低库存预警,22
2024-07-14,WLC-010,WLC,63,549,760,13818.33,正常,7
2024-07-14,VEN-023,VEN,257,665,462,5040.7,正常,2
2024-07-14,CUP-023,CUP,427,1426,276,18081.68,正常,26
2024-07-14,BUM-018,BUM,282,1136,611,18675.84,低库存预警,0
2024-07-14,WLC-016,WLC,222,543,566,16827.57,正常,28
2024-07-14,TLP-011,TLP,349,1969,659,67477.63,正常,24
2024-07-14,TLP-004,TLP,192,358,641,3043.0,低库存预警,18
2024-07-14,LFR-002,LFR,284,1662,487,18016.08,正常,7
2024-07-14,DUO-009,DUO,420,53,608,1111.41,正常,23
2024-07-14,WLC-006,WLC,295,276,371,3287.16,低库存预警,16
2024-07-14,WLC-004,WLC,90,1123,539,7400.57,正常,2
2024-07-14,BUM-021,BUM,224,112,767,2546.88,低库存预警,8
2024-07-14,HND-018,HND,381,1584,533,3722.4,正常,3
2024-07-14,BUM-028,BUM,88,1324,425,41335.28,低库存预警,25
2024-07-14,TLP-015,TLP,496,1753,762,35322.95,正常,28
2024-07-14,LFR-014,LFR,250,1363,362,12553.23,正常,21
2024-07-14,DUO-019,DUO,15,1106,750,16169.72,低库存预警,15
2024-07-14,VEN-017,VEN,255,1819,303,41218.54,过库存,30
2024-07-14,HND-001,HND,192,1445,444,9609.25,正常,3
2024-07-14,LRB-022,LRB,316,1611,547,28418.04,正常,9
2024-07-14,HND-024,HND,341,25,755,523.25,低库存预警,29
2024-07-14,CUP-018,CUP,164,84,267,1551.48,正常,8
2024-07-14,DUO-005,DUO,211,78,546,929.76,正常,8
2024-07-14,BUM-024,BUM,76,1179,223,32717.25,过库存,3
2024-07-14,VEN-007,VEN,458,174,768,2644.8,正常,24
2024-07-14,LFR-011,LFR,444,1652,121,32660.04,正常,10
2024-07-14,HND-003,HND,404,858,409,9223.5,低库存预警,10
2024-07-14,TLP-013,TLP,460,1117,432,2591.44,过库存,25
2024-07-14,VEN-010,VEN,430,864,672,11318.4,过库存,1
2024-07-14,CUP-005,CUP,459,1206,223,39653.28,正常,6
2024-07-14,VEN-004,VEN,44,412,395,13332.32,低库存预警,23
2024-07-14,LFR-020,LFR,427,440,129,13675.2,低库存预警,22
2024-07-14,VEN-006,VEN,408,716,641,9995.36,正常,7
2024-07-14,CUP-007,CUP,424,1230,132,25989.9,正常,4
2024-07-14,CUP-024,CUP,385,664,287,1228.4,正常,7
2024-07-14,WLC-008,WLC,313,126,608,2135.7,正常,14
2024-07-14,DUO-010,DUO,207,820,717,12496.8,正常,17
2024-07-14,TLM-003,TLM,209,1531,295,12431.72,正常,29
2024-07-14,DRH-001,DRH,267,1149,635,34389.57,过库存,16
2024-07-14,DRH-022,DRH,66,1814,704,22112.66,正常,24
2024-07-14,TLP-023,TLP,222,1359,257,34600.14,过库存,16
2024-07-14,TLP-006,TLP,108,1824,388,51892.8,过库存,30
2024-07-14,WLC-009,WLC,268,1339,515,41415.27,过库存,2
2024-07-14,BUM-017,BUM,369,1782,435,10442.52,正常,27
2024-07-14,LRB-002,LRB,54,1149,162,29632.71,低库存预警,25
2024-07-15,LFR-018,LFR,425,1958,799,47598.98,过库存,18
2024-07-15,LFR-008,LFR,53,1731,242,34308.42,正常,10
2024-07-15,CUP-006,CUP,61,1863,593,35378.37,过库存,2
2024-07-15,BUM-009,BUM,164,712,302,15756.56,过库存,21
2024-07-15,CUP-003,CUP,4,1442,416,49316.4,正常,30
2024-07-15,CUP-007,CUP,430,1977,554,41774.01,正常,11
2024-07-15,HND-010,HND,394,664,478,21467.12,低库存预警,19
2024-07-15,VEN-001,VEN,413,1838,516,6433.0,低库存预警,20
2024-07-15,CUP-012,CUP,143,411,665,6321.18,低库存预警,17
2024-07-15,TLM-016,TLM,39,232,381,8043.44,正常,12
2024-07-15,LRB-014,LRB,195,689,680,13063.44,正常,28
2024-07-15,TLM-002,TLM,6,945,370,4696.65,过库存,0
2024-07-15,CUP-030,CUP,153,507,421,12969.06,低库存预警,22
2024-07-15,VEN-017,VEN,87,1292,241,29276.72,正常,5
2024-07-15,CUP-023,CUP,100,118,249,1496.24,低库存预警,8
2024-07-15,WLC-025,WLC,86,1974,236,52508.4,过库存,8
2024-07-15,DUO-014,DUO,424,526,462,6096.34,正常,25
2024-07-15,DRH-001,DRH,315,1363,411,40794.59,过库存,7
2024-07-15,LFR-017,LFR,352,752,745,18175.84,过库存,9
2024-07-15,HND-012,HND,263,548,739,2345.44,正常,28
2024-07-15,DUO-020,DUO,24,767,701,16283.41,正常,15
2024-07-15,VEN-023,VEN,404,594,409,4502.52,低库存预警,7
2024-07-15,VEN-024,VEN,336,1791,322,24178.5,正常,24
2024-07-15,DRH-005,DRH,460,1651,699,42529.76,正常,20
2024-07-15,DUO-010,DUO,196,606,794,9235.44,正常,9
2024-07-15,DRH-027,DRH,139,598,618,14920.1,正常,6
2024-07-15,DRH-011,DRH,200,918,179,27953.1,正常,22
2024-07-15,TLP-019,TLP,235,1574,285,3966.48,过库存,2
2024-07-15,VEN-002,VEN,91,1122,387,37429.92,正常,16
2024-07-15,BUM-018,BUM,102,1756,101,28868.64,低库存预警,28
2024-07-15,VEN-007,VEN,498,219,437,3328.8,正常,13
2024-07-15,LRB-011,LRB,176,461,216,2443.3,正常,14
2024-07-15,CUP-027,CUP,1,559,684,11207.95,过库存,30
2024-07-15,LRB-010,LRB,119,1972,525,23249.88,过库存,4
2024-07-15,LRB-005,LRB,287,1706,634,41882.3,正常,17
2024-07-15,VEN-004,VEN,208,443,659,14335.48,正常,16
2024-07-15,DUO-022,DUO,3,1956,410,7511.04,低库存预警,22
2024-07-15,WLC-015,WLC,37,635,339,13703.3,正常,6
2024-07-15,LFR-005,LFR,197,649,681,1109.79,正常,1
2024-07-15,LFR-006,LFR,83,1699,489,12776.48,正常,5
2024-07-15,BUM-011,BUM,158,1025,540,29397.0,过库存,18
2024-07-15,HND-017,HND,258,492,106,10814.16,过库存,19
2024-07-15,HND-023,HND,271,723,771,6817.89,正常,20
2024-07-15,DRH-023,DRH,64,1100,614,9042.0,正常,4
2024-07-15,HND-009,HND,435,331,292,10082.26,正常,7
2024-07-15,DUO-001,DUO,314,478,371,8733.06,正常,23
2024-07-15,VEN-011,VEN,451,472,596,15250.32,过库存,5
2024-07-15,VEN-022,VEN,336,109,195,3656.95,正常,10
2024-07-15,TLP-007,TLP,367,265,502,3084.6,正常,17
2024-07-15,WLC-019,WLC,380,503,588,9899.04,正常,6
2024-07-15,CUP-015,CUP,422,1277,177,38910.19,正常,30
2024-07-15,DRH-029,DRH,116,1842,601,35090.1,正常,18
2024-07-15,HND-002,HND,153,554,367,5096.8,过库存,13
2024-07-15,TLP-006,TLP,189,1873,721,53286.85,过库存,2
2024-07-15,TLP-022,TLP,254,1995,482,47002.2,低库存预警,18
2024-07-15,HND-003,HND,213,688,546,7396.0,正常,0
2024-07-15,BUM-019,BUM,286,983,464,18352.61,正常,1
2024-07-15,BUM-005,BUM,344,161,368,2658.11,过库存,17
2024-07-15,CUP-008,CUP,245,1825,620,3832.5,正常,13
2024-07-15,TLP-025,TLP,323,201,568,617.07,过库存,15
2024-07-16,CUP-025,CUP,225,413,648,13463.8,低库存预警,25
2024-07-16,CUP-001,CUP,83,1525,750,10065.0,正常,30
2024-07-16,DUO-012,DUO,432,953,185,10892.79,过库存,13
2024-07-16,TLP-006,TLP,33,943,204,26828.35,低库存预警,25
2024-07-16,LFR-010,LFR,349,1154,322,24095.52,正常,30
2024-07-16,TLP-023,TLP,60,203,443,5168.38,正常,18
2024-07-16,TLM-022,TLM,495,1076,247,4519.2,正常,15
2024-07-16,VEN-008,VEN,226,350,287,11627.0,正常,29
2024-07-16,WLC-004,WLC,311,764,770,5034.76,低库存预警,0
2024-07-16,DRH-006,DRH,382,1560,353,27830.4,正常,3
2024-07-16,DUO-003,DUO,73,54,332,85.86,低库存预警,2
2024-07-16,LFR-017,LFR,39,1330,339,32146.1,正常,28
2024-07-16,TLM-021,TLM,360,1742,731,11967.54,正常,1
2024-07-16,WLC-003,WLC,419,846,680,6141.96,正常,17
2024-07-16,TLM-002,TLM,234,937,262,4656.89,过库存,25
2024-07-16,TLM-025,TLM,318,316,201,4259.68,正常,14
2024-07-16,LFR-004,LFR,299,527,566,9828.55,正常,27
2024-07-16,TLP-016,TLP,496,958,530,24745.14,过库存,0
2024-07-16,TLP-015,TLP,154,144,494,2901.6,过库存,24
2024-07-16,TLP-001,TLP,251,1253,304,9635.57,正常,17
2024-07-16,WLC-013,WLC,282,485,554,11349.0,正常,22
2024-07-16,TLM-019,TLM,213,1936,726,57092.64,正常,6
2024-07-16,DRH-013,DRH,158,956,620,7848.76,正常,29
2024-07-16,LRB-012,LRB,61,440,603,1817.2,正常,11
2024-07-16,DUO-019,DUO,235,304,244,4444.48,正常,20
2024-07-16,BUM-015,BUM,14,567,607,6475.14,正常,13
2024-07-16,TLP-025,TLP,10,920,193,2824.4,正常,10
2024-07-16,LRB-016,LRB,453,135,147,3210.3,正常,17
2024-07-16,WLC-007,WLC,97,939,272,32301.6,正常,24
2024-07-16,LRB-017,LRB,437,734,648,18680.3,正常,18
2024-07-16,HND-015,HND,205,52,329,721.24,正常,1
2024-07-16,CUP-018,CUP,236,1596,471,29478.12,正常,20
2024-07-16,VEN-027,VEN,258,1687,602,15149.26,正常,1
2024-07-16,DRH-018,DRH,489,1581,166,32442.12,正常,8
2024-07-16,HND-006,HND,7,684,210,8078.04,正常,23
2024-07-16,LFR-012,LFR,353,268,530,4778.44,正常,16
2024-07-16,TLM-015,TLM,176,1573,784,11718.85,正常,5
2024-07-16,HND-023,HND,432,1177,251,11099.11,正常,4
2024-07-16,BUM-010,BUM,105,349,190,10927.19,过库存,19
2024-07-16,BUM-003,BUM,363,59,674,1041.94,正常,1
2024-07-16,WLC-001,WLC,41,82,247,1513.72,正常,1
2024-07-16,WLC-023,WLC,143,1571,183,37578.32,正常,15
2024-07-16,HND-028,HND,119,430,748,4166.7,低库存预警,17
2024-07-16,BUM-005,BUM,131,815,437,13455.65,过库存,23
2024-07-16,CUP-028,CUP,95,1053,546,12836.07,正常,28
2024-07-16,DRH-024,DRH,58,935,153,7433.25,低库存预警,28
2024-07-16,BUM-028,BUM,17,161,566,5026.42,正常,15
2024-07-16,TLP-007,TLP,268,796,763,9265.44,低库存预警,28
2024-07-16,LFR-008,LFR,214,589,131,11673.98,正常,24
2024-07-16,DRH-005,DRH,183,502,451,12931.52,低库存预警,28
2024-07-16,VEN-028,VEN,33,40,468,716.4,低库存预警,30
2024-07-16,HND-011,HND,207,1803,122,20464.05,正常,8
2024-07-16,LFR-018,LFR,461,1786,489,43417.66,正常,7
2024-07-16,BUM-026,BUM,192,1619,603,17938.52,正常,21
2024-07-16,DUO-022,DUO,89,136,311,522.24,过库存,28
2024-07-16,DRH-017,DRH,125,254,122,1313.18,正常,29
2024-07-16,TLP-008,TLP,290,1931,441,46189.52,过库存,10
2024-07-16,HND-004,HND,398,1671,630,21706.29,正常,0
2024-07-16,BUM-006,BUM,155,683,452,15620.21,正常,1
2024-07-16,VEN-009,VEN,57,1825,640,16607.5,低库存预警,30
2024-07-17,LRB-021,LRB,34,1151,192,12557.41,正常,16
2024-07-17,VEN-019,VEN,104,246,100,4268.1,正常,14
2024-07-17,LRB-005,LRB,214,1510,442,37070.5,正常,11
2024-07-17,DUO-015,DUO,400,1133,216,23475.76,过库存,13
2024-07-17,TLM-026,TLM,456,186,452,3459.6,正常,10
2024-07-17,LRB-001,LRB,341,709,519,8940.49,正常,7
2024-07-17,HND-002,HND,37,520,276,4784.0,过库存,25
2024-07-17,LFR-022,LFR,340,1304,795,45457.44,正常,22
2024-07-17,TLP-011,TLP,246,954,712,32693.58,低库存预警,20
2024-07-17,VEN-021,VEN,130,314,797,9341.5,过库存,27
2024-07-17,VEN-004,VEN,35,851,144,27538.36,过库存,5
2024-07-17,DUO-006,DUO,88,1562,754,51624.1,正常,0
2024-07-17,LRB-006,LRB,405,909,635,31069.62,正常,10
2024-07-17,LFR-009,LFR,255,1346,239,22128.24,低库存预警,9
2024-07-17,LRB-011,LRB,374,1037,110,5496.1,正常,26
2024-07-17,CUP-026,CUP,268,1599,374,18596.37,正常,27
2024-07-17,TLM-004,TLM,392,1737,310,56365.65,过库存,21
2024-07-17,DUO-001,DUO,275,1400,313,25578.0,过库存,27
2024-07-17,BUM-011,BUM,443,1614,359,46289.52,正常,11
2024-07-17,DUO-024,DUO,244,1986,298,19562.1,正常,13
2024-07-17,DUO-022,DUO,56,638,373,2449.92,正常,22
2024-07-17,LFR-002,LFR,388,1223,497,13257.32,低库存预警,27
2024-07-17,DRH-025,DRH,308,1824,119,19170.24,正常,28
2024-07-17,DRH-002,DRH,257,1959,561,18395.01,低库存预警,8
2024-07-17,VEN-008,VEN,222,213,269,7075.86,正常,27
2024-07-17,CUP-010,CUP,66,279,380,8010.09,正常,14
2024-07-17,DRH-029,DRH,312,1901,404,36214.05,正常,23
2024-07-17,VEN-016,VEN,158,865,692,28882.35,低库存预警,11
2024-07-17,HND-014,HND,70,851,336,19300.68,正常,5
2024-07-17,BUM-014,BUM,100,708,156,5366.64,过库存,0
2024-07-17,DUO-023,DUO,267,1370,580,44744.2,正常,24
2024-07-17,BUM-006,BUM,434,967,766,22115.29,低库存预警,3
2024-07-17,DUO-020,DUO,19,1087,181,23077.01,正常,20
2024-07-17,HND-017,HND,185,360,259,7912.8,过库存,2
2024-07-17,LFR-006,LFR,299,42,206,315.84,低库存预警,5
2024-07-17,DUO-011,DUO,456,71,303,415.35,正常,12
2024-07-17,WLC-012,WLC,283,1181,417,14030.28,正常,10
2024-07-17,LFR-005,LFR,202,648,753,1108.08,正常,22
2024-07-17,VEN-024,VEN,421,1431,760,19318.5,正常,20
2024-07-17,LFR-013,LFR,90,827,501,9485.69,过库存,20
2024-07-17,DUO-014,DUO,346,1642,183,19030.78,正常,17
2024-07-17,LFR-008,LFR,91,723,202,14329.86,低库存预警,11
2024-07-17,VEN-010,VEN,302,1771,484,23200.1,低库存预警,14
2024-07-17,WLC-009,WLC,21,1559,424,48219.87,低库存预警,0
2024-07-17,BUM-007,BUM,473,1184,558,12005.76,过库存,15
2024-07-17,DUO-009,DUO,273,1815,517,38060.55,正常,25
2024-07-17,VEN-013,VEN,214,1698,384,52858.74,过库存,28
2024-07-17,DRH-008,DRH,452,48,251,1673.76,过库存,13
2024-07-17,TLM-024,TLM,277,1455,339,23658.3,正常,3
2024-07-17,DRH-030,DRH,387,1349,555,7271.11,低库存预警,20
2024-07-17,VEN-002,VEN,146,415,690,13844.4,正常,29
2024-07-17,TLM-011,TLM,18,440,554,15127.2,正常,14
2024-07-17,CUP-022,CUP,173,884,380,13419.12,低库存预警,4
2024-07-17,DRH-007,DRH,0,759,219,6664.02,过库存,28
2024-07-17,VEN-029,VEN,458,1598,217,18520.82,正常,30
2024-07-17,TLM-023,TLM,392,1577,596,48508.52,正常,20
2024-07-17,HND-007,HND,171,1783,201,6989.36,正常,0
2024-07-17,TLM-028,TLM,166,1424,310,47006.24,正常,21
2024-07-17,HND-008,HND,60,1596,373,39548.88,正常,21
2024-07-17,WLC-007,WLC,399,1434,178,49329.6,正常,26
2024-07-18,DRH-018,DRH,495,1114,136,22859.28,正常,22
2024-07-18,BUM-010,BUM,358,899,299,28147.69,正常,6
2024-07-18,CUP-025,CUP,110,1048,781,34164.8,过库存,0
2024-07-18,BUM-021,BUM,271,1238,360,28152.12,正常,9
2024-07-18,BUM-023,BUM,275,913,706,5669.73,低库存预警,17
2024-07-18,DRH-030,DRH,44,137,215,738.43,正常,0
2024-07-18,TLP-017,TLP,392,62,229,1793.66,过库存,22
2024-07-18,BUM-002,BUM,350,181,296,3922.27,低库存预警,21
2024-07-18,BUM-028,BUM,400,1623,176,50670.06,正常,28
2024-07-18,WLC-024,WLC,44,1158,580,7816.5,正常,19
2024-07-18,DRH-026,DRH,181,232,727,693.68,正常,28
2024-07-18,HND-011,HND,11,1715,674,19465.25,正常,11
2024-07-18,VEN-013,VEN,147,1639,550,51022.07,正常,3
2024-07-18,HND-019,HND,231,1831,535,39329.88,低库存预警,30
2024-07-18,DUO-023,DUO,445,1745,396,56991.7,过库存,3
2024-07-18,DUO-012,DUO,366,1913,561,21865.59,正常,22
2024-07-18,BUM-020,BUM,352,1481,756,50339.19,过库存,4
2024-07-18,WLC-018,WLC,331,917,212,29820.84,正常,30
2024-07-18,DUO-018,DUO,200,1758,503,4500.48,过库存,23
2024-07-18,DRH-021,DRH,464,442,363,1692.86,正常,14
2024-07-18,LFR-018,LFR,128,54,180,1312.74,正常,20
2024-07-18,CUP-002,CUP,332,1925,372,9240.0,低库存预警,20
2024-07-18,BUM-009,BUM,360,852,409,18854.76,低库存预警,9
2024-07-18,CUP-017,CUP,168,296,365,3667.44,过库存,25
2024-07-18,DUO-015,DUO,478,1682,537,34851.04,过库存,10
2024-07-18,DRH-023,DRH,239,1940,623,15946.8,低库存预警,12
2024-07-18,VEN-029,VEN,136,667,755,7730.53,正常,21
2024-07-18,LRB-010,LRB,122,394,352,4645.26,正常,26
2024-07-18,DRH-017,DRH,190,696,257,3598.32,正常,5
2024-07-18,DUO-020,DUO,263,1916,334,40676.68,正常,26
2024-07-18,TLM-014,TLM,373,1884,548,40619.04,正常,21
2024-07-18,TLM-005,TLM,230,1760,272,37593.6,正常,15
2024-07-18,LRB-017,LRB,341,1357,743,34535.65,过库存,10
2024-07-18,TLP-020,TLP,67,1494,123,2599.56,低库存预警,30
2024-07-18,DUO-022,DUO,332,314,601,1205.76,正常,6
2024-07-18,LFR-007,LFR,178,1243,641,4325.64,正常,11
2024-07-18,CUP-011,CUP,231,1157,646,34062.08,低库存预警,24
2024-07-18,DUO-003,DUO,33,212,634,337.08,过库存,7
2024-07-18,TLP-013,TLP,65,164,128,380.48,正常,19
2024-07-18,VEN-007,VEN,441,1148,419,17449.6,过库存,28
2024-07-18,CUP-005,CUP,433,1712,649,56290.56,正常,30
2024-07-18,VEN-010,VEN,242,952,566,12471.2,过库存,0
2024-07-18,BUM-004,BUM,460,673,483,21758.09,过库存,21
2024-07-18,LRB-006,LRB,496,725,401,24780.5,正常,14
2024-07-18,CUP-021,CUP,135,1996,497,54830.12,正常,16
2024-07-18,DUO-011,DUO,363,1218,634,7125.3,过库存,29
2024-07-18,HND-012,HND,400,897,692,3839.16,正常,16
2024-07-18,TLP-007,TLP,152,370,783,4306.8,过库存,19
2024-07-18,LFR-022,LFR,71,1604,221,55915.44,正常,11
2024-07-18,WLC-012,WLC,91,1209,438,14362.92,过库存,4
2024-07-18,LFR-004,LFR,446,1841,759,34334.65,低库存预警,11
2024-07-18,TLP-014,TLP,267,655,153,21280.95,正常,10
2024-07-18,LRB-005,LRB,53,771,609,18928.05,正常,7
2024-07-18,HND-026,HND,63,423,493,12525.03,过库存,11
2024-07-18,WLC-001,WLC,491,191,673,3525.86,正常,0
2024-07-18,BUM-017,BUM,95,1275,146,7471.5,正常,4
2024-07-18,LRB-003,LRB,222,1235,420,24255.4,正常,23
2024-07-18,WLC-016,WLC,342,1082,495,33531.18,低库存预警,26
2024-07-18,DUO-007,DUO,395,355,177,4309.7,正常,13
2024-07-18,TLM-002,TLM,384,1317,131,6545.49,低库存预警,13
2024-07-19,HND-011,HND,158,517,640,5867.95,正常,25
2024-07-19,CUP-020,CUP,408,1791,715,10137.06,过库存,15
2024-07-19,TLP-012,TLP,420,538,646,11486.3,正常,4
2024-07-19,LRB-007,LRB,356,62,394,320.54,正常,22
2024-07-19,DUO-011,DUO,125,1535,578,8979.75,正常,22
2024-07-19,LFR-019,LFR,257,254,346,4241.8,正常,13
2024-07-19,BUM-011,BUM,104,309,420,8862.12,正常,13
2024-07-19,DRH-001,DRH,260,1177,571,35227.61,正常,7
2024-07-19,DRH-024,DRH,383,1099,551,8737.05,低库存预警,7
2024-07-19,LFR-016,LFR,86,895,480,15044.95,过库存,5
2024-07-19,WLC-014,WLC,279,1837,731,15871.68,正常,11
2024-07-19,DUO-007,DUO,54,548,674,6652.72,正常,7
2024-07-19,TLP-001,TLP,97,192,676,1476.48,正常,14
2024-07-19,LRB-018,LRB,128,198,458,2146.32,正常,3
2024-07-19,VEN-026,VEN,153,329,350,6981.38,过库存,4
2024-07-19,BUM-002,BUM,204,640,353,13868.8,过库存,14
2024-07-19,TLP-006,TLP,94,1959,165,55733.55,低库存预警,5
2024-07-19,DRH-006,DRH,312,595,309,10614.8,低库存预警,1
2024-07-19,DRH-017,DRH,378,1414,727,7310.38,正常,3
2024-07-19,TLP-022,TLP,482,712,752,16774.72,过库存,22
2024-07-19,HND-015,HND,225,1958,107,27157.46,低库存预警,23
2024-07-19,VEN-030,VEN,335,458,117,5303.64,正常,5
2024-07-19,WLC-013,WLC,54,1610,511,37674.0,过库存,17
2024-07-19,WLC-024,WLC,436,1900,313,12825.0,正常,24
2024-07-19,DRH-012,DRH,429,132,383,3236.64,正常,21
2024-07-19,TLP-019,TLP,397,443,616,1116.36,过库存,20
2024-07-19,BUM-018,BUM,136,1027,711,16883.88,过库存,1
2024-07-19,CUP-013,CUP,298,608,799,11795.2,正常,24
2024-07-19,WLC-010,WLC,427,1707,626,42965.19,正常,7
2024-07-19,TLM-027,TLM,29,1909,102,28844.99,正常,11
2024-07-19,LRB-015,LRB,193,683,303,14438.62,正常,12
2024-07-19,LFR-013,LFR,353,1898,146,21770.06,正常,11
2024-07-19,LFR-022,LFR,500,1423,276,49605.78,正常,13
2024-07-19,VEN-023,VEN,360,1936,123,14674.88,过库存,2
2024-07-19,DUO-015,DUO,411,1237,541,25630.64,正常,10
2024-07-19,DRH-009,DRH,15,1046,554,13535.24,正常,10
2024-07-19,VEN-025,VEN,322,1577,463,21399.89,正常,24
2024-07-19,DRH-027,DRH,276,1389,365,34655.55,正常,5
2024-07-19,HND-023,HND,389,1836,417,17313.48,过库存,2
2024-07-19,LFR-001,LFR,380,801,118,3187.98,正常,14
2024-07-19,BUM-009,BUM,331,1009,216,22329.17,正常,11
2024-07-19,TLP-018,TLP,310,610,760,10888.5,低库存预警,24
2024-07-19,BUM-004,BUM,476,1061,686,34302.13,低库存预警,1
2024-07-19,DRH-004,DRH,210,1875,720,28087.5,正常,27
2024-07-19,CUP-003,CUP,358,1020,439,34884.0,正常,7
2024-07-19,VEN-024,VEN,434,121,742,1633.5,正常,25
2024-07-19,TLM-009,TLM,239,1714,286,35239.84,过库存,16
2024-07-19,WLC-004,WLC,334,567,443,3736.53,低库存预警,6
2024-07-19,DUO-012,DUO,157,1512,109,17282.16,正常,8
2024-07-19,CUP-015,CUP,474,885,782,26965.95,正常,14
2024-07-19,BUM-008,BUM,232,1148,600,34876.24,过库存,14
2024-07-19,CUP-021,CUP,35,666,261,18295.02,正常,26
2024-07-19,TLM-017,TLM,216,282,688,3753.42,正常,2
2024-07-19,DRH-010,DRH,1,451,190,2958.56,低库存预警,12
2024-07-19,LFR-021,LFR,255,1957,413,38298.49,正常,5
2024-07-19,WLC-001,WLC,32,191,389,3525.86,正常,9
2024-07-19,LRB-008,LRB,319,1196,608,37518.52,正常,21
2024-07-19,HND-004,HND,207,653,402,8482.47,正常,23
2024-07-19,LFR-009,LFR,58,1121,643,18429.24,正常,5
2024-07-19,DRH-020,DRH,116,441,132,13379.94,正常,8
2024-07-20,CUP-025,CUP,31,570,569,18582.0,正常,10
2024-07-20,CUP-030,CUP,179,776,590,19850.08,低库存预警,30
2024-07-20,DUO-024,DUO,175,1622,463,15976.7,过库存,12
2024-07-20,TLP-015,TLP,153,668,444,13460.2,正常,15
2024-07-20,TLM-013,TLM,102,1973,120,57947.01,正常,20
2024-07-20,DRH-010,DRH,107,175,629,1148.0,正常,29
2024-07-20,DUO-005,DUO,186,330,733,3933.6,过库存,21
2024-07-20,CUP-011,CUP,281,505,662,14867.2,低库存预警,21
2024-07-20,HND-001,HND,18,22,726,146.3,正常,11
2024-07-20,BUM-022,BUM,344,1240,214,19579.6,过库存,16
2024-07-20,VEN-029,VEN,349,754,139,8738.86,正常,14
2024-07-20,BUM-020,BUM,16,1253,721,42589.47,低库存预警,24
2024-07-20,BUM-006,BUM,252,251,346,5740.37,过库存,8
2024-07-20,DRH-029,DRH,412,147,422,2800.35,正常,2
2024-07-20,TLP-023,TLP,393,1944,407,49494.24,正常,28
2024-07-20,CUP-008,CUP,457,931,293,1955.1,正常,4
2024-07-20,WLC-008,WLC,444,1179,347,19984.05,正常,30
2024-07-20,CUP-029,CUP,42,1651,303,3714.75,正常,6
2024-07-20,WLC-001,WLC,89,1189,284,21948.94,正常,9
2024-07-20,TLM-017,TLM,499,553,419,7360.43,低库存预警,2
2024-07-20,LRB-022,LRB,306,1018,762,17957.52,低库存预警,20
2024-07-20,HND-017,HND,70,1379,154,30310.42,过库存,10
2024-07-20,LRB-018,LRB,10,874,552,9474.16,正常,2
2024-07-20,VEN-025,VEN,81,1742,276,23638.94,低库存预警,19
2024-07-20,VEN-024,VEN,292,1775,493,23962.5,过库存,19
2024-07-20,WLC-015,WLC,495,1514,341,32672.12,低库存预警,12
2024-07-20,DRH-007,DRH,116,1705,687,14969.9,正常,2
2024-07-20,LRB-019,LRB,304,83,539,2810.38,低库存预警,6
2024-07-20,LRB-008,LRB,64,789,163,24750.93,过库存,20
2024-07-20,BUM-015,BUM,268,1975,648,22554.5,低库存预警,15
2024-07-20,DUO-011,DUO,215,882,270,5159.7,正常,20
2024-07-20,TLP-012,TLP,74,1741,633,37170.35,低库存预警,13
2024-07-20,DRH-003,DRH,178,1961,506,18256.91,正常,14
2024-07-20,TLM-025,TLM,277,1288,222,17362.24,正常,6
2024-07-20,DRH-023,DRH,78,47,245,386.34,正常,5
2024-07-20,DUO-022,DUO,369,1618,179,6213.12,正常,19
2024-07-20,WLC-005,WLC,160,1199,148,4604.16,低库存预警,29
2024-07-20,LRB-013,LRB,454,1861,351,63943.96,正常,30
2024-07-20,DUO-010,DUO,194,688,723,10485.12,过库存,3
2024-07-20,BUM-012,BUM,24,1671,321,44080.98,正常,30
2024-07-20,WLC-006,WLC,225,1467,211,17471.97,正常,14
2024-07-20,DRH-021,DRH,381,797,157,3052.51,正常,25
2024-07-20,DRH-011,DRH,0,498,360,15164.1,正常,15
2024-07-20,HND-005,HND,396,99,686,2747.25,低库存预警,17
2024-07-20,BUM-018,BUM,73,1788,622,29394.72,正常,23
2024-07-20,DUO-018,DUO,244,143,523,366.08,过库存,21
2024-07-20,BUM-019,BUM,117,978,576,18259.26,正常,7
2024-07-20,DUO-025,DUO,426,500,795,6085.0,低库存预警,20
2024-07-20,DRH-009,DRH,411,1846,546,23887.24,低库存预警,18
2024-07-20,VEN-001,VEN,476,971,757,3398.5,正常,18
2024-07-20,DUO-009,DUO,4,524,495,10988.28,正常,6
2024-07-20,DUO-017,DUO,359,618,398,8330.64,低库存预警,28
2024-07-20,TLM-002,TLM,290,1515,158,7529.55,正常,17
2024-07-20,BUM-008,BUM,438,1521,634,46207.98,正常,11
2024-07-20,CUP-022,CUP,19,530,123,8045.4,正常,0
2024-07-20,TLM-003,TLM,167,1275,238,10353.0,低库存预警,0
2024-07-20,TLP-007,TLP,401,1867,247,21731.88,正常,21
2024-07-20,LRB-004,LRB,47,716,765,9365.28,正常,18
2024-07-20,HND-006,HND,291,1366,114,16132.46,正常,14
2024-07-20,BUM-025,BUM,255,531,496,11958.12,正常,26
2024-07-21,TLM-009,TLM,252,762,176,15666.72,低库存预警,0
2024-07-21,TLP-008,TLP,98,1626,778,38893.92,过库存,4
2024-07-21,DUO-011,DUO,192,1431,457,8371.35,正常,20
2024-07-21,LRB-013,LRB,8,1532,215,52639.52,过库存,19
2024-07-21,CUP-008,CUP,108,192,406,403.2,正常,5
2024-07-21,VEN-027,VEN,461,1538,203,13811.24,正常,14
2024-07-21,BUM-025,BUM,82,925,135,20831.0,正常,22
2024-07-21,TLP-001,TLP,203,841,363,6467.29,过库存,26
2024-07-21,TLP-018,TLP,258,1511,467,26971.35,正常,9
2024-07-21,DRH-010,DRH,190,937,729,6146.72,低库存预警,30
2024-07-21,WLC-018,WLC,136,1027,599,33398.04,过库存,2
2024-07-21,HND-026,HND,222,1721,237,50958.81,过库存,6
2024-07-21,VEN-005,VEN,185,716,449,13038.36,低库存预警,5
2024-07-21,CUP-003,CUP,96,1491,719,50992.2,正常,30
2024-07-21,CUP-004,CUP,478,277,649,9465.09,正常,12
2024-07-21,BUM-005,BUM,428,209,123,3450.59,低库存预警,9
2024-07-21,BUM-028,BUM,146,1415,459,44176.3,正常,30
2024-07-21,HND-002,HND,244,995,573,9154.0,过库存,3
2024-07-21,HND-015,HND,12,1134,317,15728.58,正常,4
2024-07-21,DRH-021,DRH,350,719,795,2753.77,正常,0
2024-07-21,HND-016,HND,269,1867,453,28397.07,正常,15
2024-07-21,DRH-027,DRH,211,1157,117,28867.15,正常,28
2024-07-21,TLP-017,TLP,367,1060,357,30665.8,过库存,6
2024-07-21,BUM-021,BUM,197,1373,246,31222.02,正常,3
2024-07-21,LFR-003,LFR,441,511,696,13607.93,过库存,7
2024-07-21,BUM-026,BUM,394,65,547,720.2,正常,5
2024-07-21,BUM-027,BUM,166,155,303,1312.85,低库存预警,23
2024-07-21,LRB-012,LRB,392,1062,241,4386.06,过库存,23
2024-07-21,HND-021,HND,125,1571,651,41772.89,低库存预警,17
2024-07-21,TLM-010,TLM,299,1172,343,11673.12,低库存预警,29
2024-07-21,BUM-013,BUM,24,1134,446,6633.9,过库存,24
2024-07-21,DUO-002,DUO,351,114,438,1948.26,正常,15
2024-07-21,LFR-005,LFR,1,313,469,535.23,正常,19
2024-07-21,BUM-007,BUM,478,287,283,2910.18,过库存,17
2024-07-21,LFR-014,LFR,49,1680,568,15472.8,过库存,23
2024-07-21,DRH-001,DRH,40,1047,718,31336.71,过库存,17
2024-07-21,DRH-023,DRH,199,728,481,5984.16,过库存,14
2024-07-21,LFR-001,LFR,69,701,540,2789.98,正常,19
2024-07-21,DRH-026,DRH,404,1472,119,4401.28,正常,27
2024-07-21,DRH-018,DRH,292,469,656,9623.88,正常,14
2024-07-21,WLC-010,WLC,402,1250,244,31462.5,正常,13
2024-07-21,CUP-026,CUP,217,1192,132,13862.96,正常,19
2024-07-21,HND-006,HND,42,773,540,9129.13,低库存预警,9
2024-07-21,CUP-022,CUP,339,1081,470,16409.58,正常,28
2024-07-21,LFR-021,LFR,307,312,401,6105.84,正常,26
2024-07-21,HND-014,HND,173,737,716,16715.16,正常,25
2024-07-21,CUP-027,CUP,445,1283,445,25724.15,正常,20
2024-07-21,TLM-002,TLM,27,144,612,715.68,正常,0
2024-07-21,DUO-013,DUO,176,1102,705,3912.1,过库存,29
2024-07-21,WLC-011,WLC,410,953,731,15581.55,正常,2
2024-07-21,TLP-005,TLP,412,1908,436,10971.0,正常,2
2024-07-21,VEN-030,VEN,320,596,407,6901.68,低库存预警,19
2024-07-21,DUO-007,DUO,239,83,396,1007.62,过库存,18
2024-07-21,BUM-010,BUM,364,1308,678,40953.48,过库存,28
2024-07-21,LFR-004,LFR,70,1812,275,33793.8,正常,26
2024-07-21,CUP-024,CUP,367,794,585,1468.9,正常,26
2024-07-21,LRB-011,LRB,436,426,386,2257.8,低库存预警,7
2024-07-21,WLC-019,WLC,229,340,101,6691.2,低库存预警,9
2024-07-21,VEN-018,VEN,461,85,157,527.0,正常,1
2024-07-21,VEN-015,VEN,83,1773,432,56434.59,正常,11
2024-07-22,DUO-008,DUO,434,623,148,6024.41,过库存,16
2024-07-22,HND-028,HND,27,1512,106,14651.28,正常,17
2024-07-22,WLC-014,WLC,9,937,261,8095.68,过库存,10
2024-07-22,HND-003,HND,396,270,760,2902.5,过库存,17
2024-07-22,CUP-014,CUP,413,681,622,12836.85,正常,0
2024-07-22,BUM-011,BUM,491,114,249,3269.52,低库存预警,26
2024-07-22,WLC-003,WLC,453,534,724,3876.84,正常,15
2024-07-22,WLC-019,WLC,71,1088,695,21411.84,正常,25
2024-07-22,CUP-024,CUP,194,1455,765,2691.75,过库存,5
2024-07-22,TLP-018,TLP,290,195,781,3480.75,低库存预警,30
2024-07-22,TLP-006,TLP,308,357,606,10156.65,正常,23
2024-07-22,HND-023,HND,87,432,635,4073.76,过库存,17
2024-07-22,TLP-010,TLP,224,1043,452,4891.67,低库存预警,20
2024-07-22,CUP-017,CUP,115,1545,529,19142.55,正常,0
2024-07-22,DRH-018,DRH,142,1853,508,38023.56,正常,1
2024-07-22,LRB-020,LRB,110,1945,173,42537.15,正常,25
2024-07-22,DRH-022,DRH,407,575,222,7009.25,正常,10
2024-07-22,BUM-025,BUM,305,1374,133,30942.48,低库存预警,3
2024-07-22,DRH-028,DRH,267,1448,593,38125.84,正常,3
2024-07-22,LFR-010,LFR,156,1405,340,29336.4,低库存预警,15
2024-07-22,CUP-025,CUP,154,729,179,23765.4,低库存预警,27
2024-07-22,TLM-028,TLM,20,1093,131,36079.93,正常,22
2024-07-22,DRH-003,DRH,33,1239,329,11535.09,过库存,21
2024-07-22,LRB-018,LRB,346,998,733,10818.32,正常,3
2024-07-22,DUO-004,DUO,4,288,683,6024.96,低库存预警,16
2024-07-22,TLM-022,TLM,203,66,460,277.2,正常,12
2024-07-22,TLM-024,TLM,386,669,283,10877.94,正常,1
2024-07-22,CUP-011,CUP,320,573,346,16869.12,正常,21
2024-07-22,CUP-012,CUP,466,76,742,1168.88,过库存,21
2024-07-22,CUP-018,CUP,152,1751,701,32340.97,正常,5
2024-07-22,VEN-008,VEN,353,1118,500,37139.96,正常,0
2024-07-22,BUM-004,BUM,287,1836,617,59357.88,过库存,26
2024-07-22,DRH-014,DRH,174,85,368,643.45,过库存,8
2024-07-22,TLM-010,TLM,47,40,429,398.4,低库存预警,11
2024-07-22,DRH-004,DRH,260,1823,542,27308.54,正常,0
2024-07-22,WLC-009,WLC,120,808,383,24991.44,过库存,6
2024-07-22,LRB-019,LRB,363,644,512,21805.84,正常,28
2024-07-22,VEN-018,VEN,2,67,321,415.4,低库存预警,28
2024-07-22,LRB-021,LRB,28,143,473,1560.13,低库存预警,28
2024-07-22,TLP-017,TLP,214,1950,487,56413.5,正常,30
2024-07-22,BUM-009,BUM,286,1091,410,24143.83,低库存预警,7
2024-07-22,DRH-017,DRH,250,1998,247,10329.66,正常,28
2024-07-22,DRH-002,DRH,28,1197,315,11239.83,正常,15
2024-07-22,LFR-005,LFR,246,1733,142,2963.43,低库存预警,15
2024-07-22,LFR-006,LFR,77,1282,520,9640.64,正常,8
2024-07-22,LFR-002,LFR,148,407,311,4411.88,正常,21
2024-07-22,BUM-007,BUM,244,1501,272,15220.14,正常,21
2024-07-22,LFR-012,LFR,447,1450,738,25853.5,过库存,24
2024-07-22,BUM-015,BUM,459,593,605,6772.06,过库存,9
2024-07-22,CUP-010,CUP,438,1213,588,34825.23,正常,27
2024-07-22,VEN-019,VEN,50,1806,560,31334.1,低库存预警,15
2024-07-22,VEN-007,VEN,302,1072,271,16294.4,低库存预警,15
2024-07-22,TLM-012,TLM,377,1885,746,55720.6,低库存预警,6
2024-07-22,TLM-018,TLM,82,1260,382,37333.8,正常,27
2024-07-22,DUO-022,DUO,194,852,568,3271.68,正常,24
2024-07-22,BUM-019,BUM,206,451,283,8420.17,正常,22
2024-07-22,DRH-010,DRH,3,1257,621,8245.92,过库存,12
2024-07-22,DUO-017,DUO,357,1577,274,21257.96,过库存,1
2024-07-22,LFR-008,LFR,269,1705,601,33793.1,过库存,23
2024-07-22,LFR-007,LFR,62,1318,734,4586.64,正常,28
2024-07-23,TLM-018,TLM,52,663,657,19644.69,正常,5
2024-07-23,DRH-010,DRH,483,1924,165,12621.44,正常,10
2024-07-23,WLC-007,WLC,493,1823,490,62711.2,低库存预警,12
2024-07-23,VEN-024,VEN,457,110,481,1485.0,过库存,4
2024-07-23,WLC-009,WLC,420,1246,654,38538.78,低库存预警,25
2024-07-23,CUP-021,CUP,207,488,430,13405.36,低库存预警,17
2024-07-23,WLC-010,WLC,70,1598,532,40221.66,低库存预警,2
2024-07-23,DUO-003,DUO,177,286,360,454.74,过库存,4
2024-07-23,DRH-014,DRH,199,1050,306,7948.5,正常,18
2024-07-23,TLM-009,TLM,204,131,325,2693.36,正常,6
2024-07-23,HND-015,HND,363,176,193,2441.12,低库存预警,30
2024-07-23,LFR-003,LFR,333,1070,377,28494.1,正常,14
2024-07-23,TLP-006,TLP,388,630,263,17923.5,低库存预警,30
2024-07-23,VEN-008,VEN,144,1275,548,42355.5,过库存,20
2024-07-23,VEN-015,VEN,1,1563,460,49750.29,正常,4
2024-07-23,DRH-009,DRH,72,41,555,530.54,正常,22
2024-07-23,VEN-002,VEN,318,183,592,6104.88,正常,23
2024-07-23,LRB-013,LRB,313,166,212,5703.76,正常,23
2024-07-23,BUM-021,BUM,363,1288,200,29289.12,过库存,28
2024-07-23,BUM-026,BUM,268,1156,104,12808.48,低库存预警,26
2024-07-23,VEN-004,VEN,259,1968,206,63684.48,正常,15
2024-07-23,LRB-020,LRB,17,185,723,4045.95,正常,25
2024-07-23,WLC-023,WLC,251,1561,191,37339.12,低库存预警,5
2024-07-23,CUP-016,CUP,56,1308,773,19763.88,低库存预警,20
2024-07-23,HND-022,HND,490,684,583,22059.0,正常,3
2024-07-23,BUM-012,BUM,226,1914,718,50491.32,正常,3
2024-07-23,HND-012,HND,125,616,580,2636.48,正常,19
2024-07-23,DRH-016,DRH,173,903,387,17581.41,过库存,13
2024-07-23,HND-024,HND,92,1505,207,31499.65,正常,18
2024-07-23,TLP-019,TLP,237,1805,666,4548.6,正常,7
2024-07-23,DRH-025,DRH,51,732,302,7693.32,过库存,1
2024-07-23,BUM-017,BUM,484,1070,632,6270.2,正常,13
2024-07-23,HND-006,HND,398,545,428,6436.45,正常,4
2024-07-23,HND-026,HND,141,1147,672,33962.67,低库存预警,27
2024-07-23,TLM-014,TLM,73,1139,671,24556.84,正常,25
2024-07-23,BUM-016,BUM,352,1899,329,16673.22,正常,27
2024-07-23,LRB-002,LRB,338,1807,526,46602.53,过库存,16
2024-07-23,TLP-025,TLP,288,1734,252,5323.38,正常,15
2024-07-23,WLC-015,WLC,110,1329,363,28679.82,低库存预警,7
2024-07-23,DUO-018,DUO,190,1945,279,4979.2,过库存,4
2024-07-23,TLM-004,TLM,91,1064,359,34526.8,正常,29
2024-07-23,TLP-004,TLP,266,185,221,1572.5,正常,28
2024-07-23,WLC-018,WLC,472,1765,502,57397.8,正常,3
2024-07-23,LFR-016,LFR,388,735,216,12355.35,过库存,9
2024-07-23,TLM-010,TLM,15,994,145,9900.24,正常,5
2024-07-23,TLP-008,TLP,254,1891,424,45232.72,正常,27
2024-07-23,LRB-003,LRB,379,197,105,3869.08,正常,7
2024-07-23,HND-017,HND,271,1048,163,23035.04,低库存预警,11
2024-07-23,DRH-012,DRH,319,919,215,22533.88,过库存,15
2024-07-23,DRH-029,DRH,239,1056,438,20116.8,正常,25
2024-07-23,VEN-030,VEN,41,1685,480,19512.3,正常,4
2024-07-23,TLP-005,TLP,474,157,501,902.75,正常,12
2024-07-23,LFR-007,LFR,381,821,116,2857.08,正常,16
2024-07-23,CUP-029,CUP,96,119,627,267.75,正常,0
2024-07-23,DUO-015,DUO,131,1618,516,33524.96,正常,0
2024-07-23,BUM-024,BUM,116,1681,327,46647.75,低库存预警,17
2024-07-23,LFR-015,LFR,193,1295,514,6306.65,正常,10
2024-07-23,DRH-003,DRH,292,1807,481,16823.17,过库存,13
2024-07-23,TLM-005,TLM,463,1944,135,41523.84,过库存,20
2024-07-23,HND-023,HND,258,208,245,1961.44,正常,1
2024-07-24,DUO-024,DUO,349,1425,466,14036.25,正常,0
2024-07-24,CUP-013,CUP,329,443,126,8594.2,过库存,29
2024-07-24,LFR-002,LFR,41,1891,476,20498.44,低库存预警,4
2024-07-24,TLM-010,TLM,373,1493,505,14870.28,正常,9
2024-07-24,HND-016,HND,251,1394,348,21202.74,正常,15
2024-07-24,WLC-021,WLC,172,314,434,2816.58,正常,7
2024-07-24,LRB-009,LRB,339,211,578,5705.44,正常,8
2024-07-24,LFR-020,LFR,387,1908,242,59300.64,正常,19
2024-07-24,DUO-023,DUO,188,1442,774,47095.72,低库存预警,24
2024-07-24,LFR-013,LFR,78,128,117,1468.16,正常,10
2024-07-24,VEN-027,VEN,406,1727,254,15508.46,正常,20
2024-07-24,CUP-016,CUP,352,1254,371,18947.94,低库存预警,25
2024-07-24,CUP-025,CUP,449,836,697,27253.6,正常,22
2024-07-24,HND-019,HND,97,534,779,11470.32,正常,17
2024-07-24,TLM-024,TLM,29,1015,704,16503.9,过库存,14
2024-07-24,LRB-013,LRB,158,1106,347,38002.16,正常,0
2024-07-24,TLM-005,TLM,155,719,252,15357.84,正常,10
2024-07-24,TLM-026,TLM,160,641,213,11922.6,正常,26
2024-07-24,CUP-011,CUP,52,275,211,8096.0,正常,16
2024-07-24,DRH-017,DRH,99,1142,671,5904.14,低库存预警,28
2024-07-24,WLC-015,WLC,37,921,350,19875.18,过库存,0
2024-07-24,DRH-020,DRH,489,540,264,16383.6,正常,19
2024-07-24,LRB-005,LRB,237,739,599,18142.45,低库存预警,14
2024-07-24,TLP-011,TLP,46,1132,145,38793.64,正常,27
2024-07-24,TLP-025,TLP,200,1284,147,3941.88,正常,21
2024-07-24,VEN-006,VEN,146,715,526,9981.4,正常,28
2024-07-24,LFR-004,LFR,474,719,661,13409.35,正常,10
2024-07-24,WLC-019,WLC,271,601,540,11827.68,正常,12
2024-07-24,WLC-007,WLC,390,965,111,33196.0,正常,29
2024-07-24,DRH-022,DRH,74,1387,607,16907.53,过库存,26
2024-07-24,DRH-004,DRH,257,472,133,7070.56,低库存预警,17
2024-07-24,TLP-016,TLP,457,561,767,14490.63,过库存,18
2024-07-24,TLP-022,TLP,435,438,513,10319.28,低库存预警,2
2024-07-24,LRB-018,LRB,128,119,191,1289.96,正常,21
2024-07-24,BUM-016,BUM,34,371,309,3257.38,过库存,4
2024-07-24,LRB-007,LRB,160,978,337,5056.26,过库存,3
2024-07-24,TLP-010,TLP,171,1185,182,5557.65,正常,1
2024-07-24,LFR-018,LFR,432,1432,498,34811.92,过库存,30
2024-07-24,VEN-023,VEN,65,1276,262,9672.08,过库存,5
2024-07-24,WLC-004,WLC,428,1838,434,12112.42,过库存,7
2024-07-24,VEN-014,VEN,192,1345,467,9549.5,正常,1
2024-07-24,DUO-006,DUO,437,1574,441,52020.7,过库存,1
2024-07-24,HND-024,HND,135,1482,719,31018.26,正常,6
2024-07-24,HND-026,HND,409,1671,633,49478.31,过库存,29
2024-07-24,TLP-019,TLP,360,860,257,2167.2,过库存,27
2024-07-24,TLM-004,TLM,327,1398,247,45365.1,正常,15
2024-07-24,CUP-001,CUP,421,1750,759,11550.0,正常,0
2024-07-24,DUO-022,DUO,111,1196,145,4592.64,正常,0
2024-07-24,CUP-017,CUP,273,1287,217,15945.93,正常,5
2024-07-24,VEN-007,VEN,69,536,387,8147.2,低库存预警,30
2024-07-24,LRB-020,LRB,126,1204,637,26331.48,正常,22
2024-07-24,CUP-026,CUP,177,1929,637,22434.27,过库存,8
2024-07-24,TLM-015,TLM,293,1932,402,14393.4,正常,8
2024-07-24,CUP-009,CUP,480,1194,795,36142.38,正常,10
2024-07-24,LRB-022,LRB,400,1541,213,27183.24,正常,29
2024-07-24,DRH-027,DRH,31,316,147,7884.2,正常,10
2024-07-24,HND-014,HND,205,1181,376,26785.08,正常,20
2024-07-24,HND-021,HND,304,878,454,23346.02,过库存,0
2024-07-24,VEN-019,VEN,300,177,219,3070.95,过库存,18
2024-07-24,DUO-019,DUO,143,1885,585,27558.7,低库存预警,6
2024-07-25,LRB-019,LRB,301,870,372,29458.2,正常,22
2024-07-25,TLP-019,TLP,242,1493,556,3762.36,过库存,3
2024-07-25,DUO-017,DUO,320,1980,124,26690.4,正常,10
2024-07-25,LRB-010,LRB,101,197,565,2322.63,正常,20
2024-07-25,BUM-017,BUM,315,1867,188,10940.62,正常,14
2024-07-25,DUO-009,DUO,353,1087,419,22794.39,正常,9
2024-07-25,TLM-006,TLM,327,768,796,5245.44,过库存,16
2024-07-25,LRB-014,LRB,299,216,117,4095.36,低库存预警,25
2024-07-25,TLP-016,TLP,371,1689,577,43626.87,正常,26
2024-07-25,TLP-017,TLP,487,1461,668,42266.73,过库存,20
2024-07-25,TLM-028,TLM,21,1884,678,62190.84,低库存预警,22
2024-07-25,LFR-015,LFR,21,1210,592,5892.7,正常,11
2024-07-25,HND-023,HND,132,882,126,8317.26,低库存预警,3
2024-07-25,BUM-008,BUM,312,542,697,16465.96,正常,1
2024-07-25,DUO-020,DUO,366,20,448,424.6,正常,6
2024-07-25,WLC-022,WLC,166,1820,132,61133.8,正常,22
2024-07-25,TLM-002,TLM,153,1363,105,6774.11,正常,7
2024-07-25,HND-026,HND,26,487,580,14420.07,过库存,14
2024-07-25,BUM-007,BUM,151,1619,781,16416.66,正常,5
2024-07-25,DRH-016,DRH,289,1753,793,34130.91,正常,1
2024-07-25,WLC-003,WLC,131,599,138,4348.74,正常,29
2024-07-25,LRB-015,LRB,291,427,368,9026.78,低库存预警,24
2024-07-25,WLC-021,WLC,4,305,255,2735.85,正常,27
2024-07-25,CUP-008,CUP,64,1986,172,4170.6,低库存预警,0
2024-07-25,TLP-009,TLP,97,1733,301,44295.48,过库存,10
2024-07-25,CUP-009,CUP,126,122,769,3692.94,低库存预警,13
2024-07-25,LRB-021,LRB,319,1906,239,20794.46,正常,26
2024-07-25,WLC-013,WLC,43,1377,293,32221.8,过库存,12
2024-07-25,CUP-004,CUP,218,1804,684,61642.68,正常,4
2024-07-25,BUM-024,BUM,228,270,180,7492.5,过库存,1
2024-07-25,VEN-012,VEN,242,1821,170,27223.95,过库存,19
2024-07-25,LRB-007,LRB,407,1967,607,10169.39,正常,11
2024-07-25,DRH-008,DRH,32,535,181,18655.45,正常,27
2024-07-25,CUP-006,CUP,177,917,568,17413.83,正常,29
2024-07-25,VEN-019,VEN,256,1268,258,21999.8,正常,20
2024-07-25,TLM-018,TLM,14,938,380,27792.94,正常,14
2024-07-25,WLC-005,WLC,52,4,713,15.36,正常,26
2024-07-25,LRB-022,LRB,195,1136,156,20039.04,正常,17
2024-07-25,DUO-007,DUO,101,162,179,1966.68,正常,4
2024-07-25,DUO-012,DUO,9,1335,765,15259.05,正常,10
2024-07-25,DUO-002,DUO,338,557,138,9519.13,正常,2
2024-07-25,TLP-023,TLP,269,576,228,14664.96,正常,5
2024-07-25,LFR-002,LFR,477,945,537,10243.8,正常,15
2024-07-25,DRH-024,DRH,23,791,738,6288.45,正常,7
2024-07-25,TLM-023,TLM,164,562,469,17287.12,正常,24
2024-07-25,VEN-006,VEN,384,556,616,7761.76,低库存预警,27
2024-07-25,DRH-001,DRH,229,1535,630,45942.55,过库存,6
2024-07-25,TLP-011,TLP,480,645,475,22104.15,正常,7
2024-07-25,LFR-014,LFR,400,1412,736,13004.52,低库存预警,19
2024-07-25,TLP-022,TLP,320,1396,553,32889.76,正常,11
2024-07-25,LRB-012,LRB,213,1508,378,6228.04,正常,19
2024-07-25,VEN-014,VEN,268,1683,615,11949.3,正常,23
2024-07-25,HND-001,HND,80,200,554,1330.0,过库存,16
2024-07-25,VEN-002,VEN,303,1164,795,38831.04,正常,0
2024-07-25,DUO-003,DUO,90,1200,443,1908.0,正常,5
2024-07-25,CUP-021,CUP,425,1218,449,33458.46,正常,11
2024-07-25,CUP-025,CUP,227,1525,619,49715.0,正常,18
2024-07-25,VEN-010,VEN,181,1012,607,13257.2,正常,0
2024-07-25,TLP-005,TLP,191,1256,345,7222.0,正常,9
2024-07-25,LFR-006,LFR,118,1830,792,13761.6,正常,27
2024-07-26,TLM-013,TLM,221,595,544,17475.15,低库存预警,13
2024-07-26,WLC-021,WLC,98,846,531,7588.62,正常,25
2024-07-26,TLM-022,TLM,412,1774,459,7450.8,过库存,3
2024-07-26,LFR-009,LFR,273,1821,645,29937.24,过库存,11
2024-07-26,DUO-010,DUO,356,1932,779,29443.68,低库存预警,29
2024-07-26,LFR-013,LFR,149,1650,371,18925.5,低库存预警,18
2024-07-26,VEN-025,VEN,336,403,750,5468.71,过库存,5
2024-07-26,CUP-028,CUP,72,806,175,9825.14,正常,28
2024-07-26,DUO-019,DUO,54,415,473,6067.3,过库存,16
2024-07-26,LFR-008,LFR,39,412,264,8165.84,正常,14
2024-07-26,CUP-002,CUP,283,602,720,2889.6,正常,4
2024-07-26,DUO-008,DUO,289,1869,585,18073.23,正常,13
2024-07-26,LRB-004,LRB,227,691,674,9038.28,正常,2
2024-07-26,LFR-004,LFR,242,283,609,5277.95,低库存预警,20
2024-07-26,TLP-022,TLP,274,467,111,11002.52,低库存预警,22
2024-07-26,DRH-012,DRH,372,763,724,18708.76,过库存,12
2024-07-26,WLC-006,WLC,375,1472,274,17531.52,正常,19
2024-07-26,VEN-028,VEN,181,1817,345,32542.47,低库存预警,2
2024-07-26,BUM-016,BUM,11,923,637,8103.94,正常,23
2024-07-26,WLC-024,WLC,349,374,586,2524.5,过库存,16
2024-07-26,LRB-020,LRB,498,1266,764,27687.42,正常,21
2024-07-26,TLM-028,TLM,337,1871,241,61761.71,正常,6
2024-07-26,WLC-022,WLC,435,1038,164,34866.42,正常,11
2024-07-26,HND-011,HND,452,622,277,7059.7,正常,23
2024-07-26,HND-007,HND,418,1147,124,4496.24,正常,28
2024-07-26,LRB-001,LRB,139,32,366,403.52,正常,13
2024-07-26,TLP-004,TLP,25,1048,462,8908.0,正常,2
2024-07-26,DUO-015,DUO,424,572,601,11851.84,过库存,2
2024-07-26,LFR-014,LFR,168,3,329,27.63,正常,29
2024-07-26,TLM-017,TLM,485,1499,747,19951.69,低库存预警,9
2024-07-26,CUP-026,CUP,62,1485,110,17270.55,正常,6
2024-07-26,DRH-024,DRH,204,378,215,3005.1,过库存,0
2024-07-26,DRH-028,DRH,0,1157,219,30463.81,低库存预警,2
2024-07-26,TLM-009,TLM,51,1711,139,35178.16,正常,11
2024-07-26,HND-018,HND,86,12,478,28.2,正常,5
2024-07-26,BUM-021,BUM,325,657,194,14940.18,正常,23
2024-07-26,BUM-009,BUM,484,747,555,16531.11,正常,28
2024-07-26,DRH-008,DRH,136,931,568,32463.97,低库存预警,30
2024-07-26,BUM-002,BUM,397,582,131,12611.94,正常,30
2024-07-26,DRH-011,DRH,84,727,279,22137.15,正常,8
2024-07-26,HND-013,HND,372,1976,639,33157.28,过库存,19
2024-07-26,HND-023,HND,90,1168,572,11014.24,正常,30
2024-07-26,LRB-006,LRB,456,674,786,23037.32,正常,19
2024-07-26,TLP-015,TLP,240,784,727,15797.6,正常,0
2024-07-26,BUM-004,BUM,229,1592,793,51469.36,过库存,11
2024-07-26,LRB-022,LRB,27,1728,645,30481.92,过库存,0
2024-07-26,TLP-024,TLP,371,1066,760,3731.0,低库存预警,6
2024-07-26,TLM-011,TLM,478,997,399,34276.86,正常,6
2024-07-26,LRB-011,LRB,177,723,785,3831.9,正常,30
2024-07-26,DUO-018,DUO,370,437,176,1118.72,正常,7
2024-07-26,TLP-003,TLP,61,1125,536,16987.5,低库存预警,16
2024-07-26,HND-012,HND,256,692,530,2961.76,正常,12
2024-07-26,VEN-009,VEN,74,153,789,1392.3,正常,13
2024-07-26,CUP-021,CUP,273,307,635,8433.29,正常,27
2024-07-26,BUM-026,BUM,367,665,507,7368.2,正常,21
2024-07-26,HND-006,HND,40,820,793,9684.2,过库存,11
2024-07-26,LRB-014,LRB,320,181,504,3431.76,正常,13
2024-07-26,TLM-005,TLM,155,474,705,10124.64,低库存预警,16
2024-07-26,LFR-018,LFR,241,1520,665,36951.2,正常,14
2024-07-26,DRH-007,DRH,275,949,214,8332.22,过库存,25
2024-07-27,TLM-024,TLM,251,815,136,13251.9,过库存,23
2024-07-27,BUM-009,BUM,2,664,776,14694.32,低库存预警,4
2024-07-27,VEN-009,VEN,216,831,312,7562.1,低库存预警,28
2024-07-27,TLP-003,TLP,473,694,687,10479.4,正常,6
2024-07-27,CUP-014,CUP,29,500,728,9425.0,正常,12
2024-07-27,TLP-014,TLP,390,862,374,28006.38,正常,6
2024-07-27,TLM-021,TLM,270,1679,627,11534.73,正常,10
2024-07-27,TLM-020,TLM,111,1651,507,52039.52,过库存,6
2024-07-27,WLC-011,WLC,494,288,132,4708.8,正常,2
2024-07-27,VEN-017,VEN,170,1972,313,44685.52,正常,8
2024-07-27,CUP-027,CUP,394,1574,514,31558.7,正常,20
2024-07-27,LRB-008,LRB,284,962,546,30177.94,正常,22
2024-07-27,HND-022,HND,40,471,360,15189.75,正常,10
2024-07-27,BUM-020,BUM,485,941,701,31984.59,过库存,24
2024-07-27,LRB-011,LRB,340,457,257,2422.1,正常,21
2024-07-27,BUM-003,BUM,355,1772,326,31293.52,正常,18
2024-07-27,LRB-013,LRB,88,1917,233,65868.12,低库存预警,30
2024-07-27,CUP-016,CUP,98,903,138,13644.33,正常,4
2024-07-27,HND-010,HND,117,1762,492,56965.46,过库存,11
2024-07-27,DRH-019,DRH,9,1377,550,26507.25,正常,7
2024-07-27,TLP-024,TLP,363,1834,697,6419.0,过库存,30
2024-07-27,DUO-023,DUO,173,1853,758,60518.98,正常,10
2024-07-27,VEN-026,VEN,427,1318,236,27967.96,正常,1
2024-07-27,DUO-020,DUO,388,955,284,20274.65,正常,19
2024-07-27,DRH-003,DRH,334,1943,300,18089.33,正常,22
2024-07-27,DRH-006,DRH,311,1923,572,34306.32,低库存预警,30
2024-07-27,LRB-002,LRB,334,528,168,13617.12,正常,26
2024-07-27,DUO-016,DUO,232,563,659,12785.73,正常,28
2024-07-27,HND-015,HND,183,1733,454,24036.71,正常,21
2024-07-27,DUO-001,DUO,379,1234,646,22545.18,正常,8
2024-07-27,TLM-018,TLM,275,10,496,296.3,过库存,1
2024-07-27,DRH-004,DRH,57,366,442,5482.68,正常,24
2024-07-27,LRB-022,LRB,327,1910,290,33692.4,过库存,4
2024-07-27,DRH-015,DRH,267,527,120,3931.42,低库存预警,13
2024-07-27,WLC-021,WLC,182,701,456,6287.97,正常,8
2024-07-27,DRH-011,DRH,448,584,271,17782.8,正常,16
2024-07-27,WLC-012,WLC,80,485,141,5761.8,低库存预警,5
2024-07-27,CUP-024,CUP,264,1891,115,3498.35,过库存,5
2024-07-27,CUP-025,CUP,404,787,171,25656.2,正常,26
2024-07-27,LFR-001,LFR,33,1533,551,6101.34,过库存,24
2024-07-27,TLM-001,TLM,389,1702,608,11624.66,正常,18
2024-07-27,LRB-016,LRB,476,540,631,12841.2,低库存预警,29
2024-07-27,CUP-005,CUP,21,746,113,24528.48,正常,2
2024-07-27,LFR-008,LFR,405,234,256,4637.88,低库存预警,23
2024-07-27,DUO-025,DUO,145,597,504,7265.49,过库存,4
2024-07-27,BUM-008,BUM,463,1812,420,55048.56,正常,17
2024-07-27,CUP-022,CUP,99,367,246,5571.06,过库存,5
2024-07-27,HND-002,HND,59,1067,277,9816.4,过库存,20
2024-07-27,TLM-019,TLM,3,1174,444,34621.26,低库存预警,28
2024-07-27,BUM-006,BUM,2,1462,616,33435.94,低库存预警,11
2024-07-27,LFR-014,LFR,243,1319,634,12147.99,正常,18
2024-07-27,TLM-022,TLM,393,1083,575,4548.6,低库存预警,13
2024-07-27,BUM-016,BUM,162,1778,598,15610.84,正常,0
2024-07-27,HND-006,HND,489,1801,649,21269.81,低库存预警,28
2024-07-27,DRH-020,DRH,224,1739,611,52761.26,正常,8
2024-07-27,HND-024,HND,425,764,351,15990.52,低库存预警,15
2024-07-27,VEN-004,VEN,251,1582,786,51193.52,正常,13
2024-07-27,CUP-010,CUP,69,1312,138,37667.52,正常,18
2024-07-27,WLC-016,WLC,299,480,341,14875.2,过库存,27
2024-07-27,TLM-009,TLM,82,1700,198,34952.0,正常,18
2024-07-28,DRH-017,DRH,306,563,326,2910.71,低库存预警,29
2024-07-28,LRB-020,LRB,96,694,406,15177.78,正常,25
2024-07-28,TLM-005,TLM,73,1625,530,34710.0,正常,26
2024-07-28,TLP-023,TLP,111,94,734,2393.24,过库存,24
2024-07-28,DRH-025,DRH,263,1960,599,20599.6,正常,8
2024-07-28,CUP-028,CUP,425,1110,516,13530.9,正常,25
2024-07-28,VEN-029,VEN,219,455,149,5273.45,低库存预警,23
2024-07-28,BUM-010,BUM,400,1439,441,45055.09,正常,12
2024-07-28,CUP-030,CUP,369,1638,305,41900.04,过库存,28
2024-07-28,VEN-010,VEN,126,1272,345,16663.2,正常,30
2024-07-28,HND-011,HND,365,1469,707,16673.15,正常,23
2024-07-28,LRB-017,LRB,12,1730,572,44028.5,正常,2
2024-07-28,DUO-002,DUO,68,497,718,8493.73,正常,13
2024-07-28,DRH-001,DRH,440,722,642,21609.46,正常,27
2024-07-28,LFR-012,LFR,263,90,325,1604.7,正常,13
2024-07-28,CUP-013,CUP,123,216,633,4190.4,正常,30
2024-07-28,VEN-002,VEN,440,1188,689,39631.68,正常,23
2024-07-28,VEN-013,VEN,122,1575,533,49029.75,正常,22
2024-07-28,VEN-005,VEN,54,1224,512,22289.04,正常,22
2024-07-28,WLC-009,WLC,416,825,239,25517.25,过库存,5
2024-07-28,DRH-024,DRH,388,439,765,3490.05,正常,6
2024-07-28,LRB-022,LRB,496,377,464,6650.28,过库存,4
2024-07-28,CUP-002,CUP,134,428,614,2054.4,正常,29
2024-07-28,DUO-015,DUO,318,393,400,8142.96,过库存,23
2024-07-28,HND-019,HND,26,1829,652,39286.92,低库存预警,3
2024-07-28,CUP-016,CUP,421,755,502,11408.05,正常,21
2024-07-28,BUM-028,BUM,114,1818,565,56757.96,低库存预警,22
2024-07-28,HND-021,HND,359,186,591,4945.74,正常,14
2024-07-28,TLP-013,TLP,169,1016,215,2357.12,正常,23
2024-07-28,HND-003,HND,417,1213,326,13039.75,正常,6
2024-07-28,CUP-024,CUP,222,648,793,1198.8,正常,6
2024-07-28,CUP-023,CUP,485,267,108,3385.56,正常,25
2024-07-28,BUM-002,BUM,476,1610,422,34888.7,正常,9
2024-07-28,TLM-003,TLM,382,319,219,2590.28,正常,9
2024-07-28,HND-027,HND,237,1746,700,43300.8,正常,22
2024-07-28,LRB-011,LRB,465,1854,332,9826.2,过库存,29
2024-07-28,LFR-006,LFR,174,771,244,5797.92,正常,0
2024-07-28,TLM-027,TLM,284,444,578,6708.84,正常,25
2024-07-28,TLM-006,TLM,28,1278,158,8728.74,正常,6
2024-07-28,LRB-015,LRB,434,1321,476,27925.94,低库存预警,5
2024-07-28,BUM-006,BUM,114,188,572,4299.56,正常,19
2024-07-28,DRH-003,DRH,27,1152,279,10725.12,正常,11
2024-07-28,LRB-006,LRB,366,1433,720,48979.94,正常,27
2024-07-28,LRB-005,LRB,119,419,121,10286.45,正常,25
2024-07-28,LRB-002,LRB,135,1050,109,27079.5,正常,7
2024-07-28,VEN-012,VEN,382,10,535,149.5,过库存,14
2024-07-28,LRB-004,LRB,484,522,147,6827.76,正常,12
2024-07-28,WLC-013,WLC,0,1316,460,30794.4,正常,11
2024-07-28,WLC-019,WLC,38,165,391,3247.2,正常,10
2024-07-28,TLP-017,TLP,475,566,534,16374.38,正常,0
2024-07-28,VEN-008,VEN,77,1059,147,35179.98,过库存,7
2024-07-28,TLP-020,TLP,24,1937,493,3370.38,过库存,10
2024-07-28,DRH-029,DRH,191,938,413,17868.9,正常,7
2024-07-28,CUP-027,CUP,77,1547,669,31017.35,正常,7
2024-07-28,VEN-007,VEN,469,1978,512,30065.6,正常,30
2024-07-28,WLC-006,WLC,261,273,117,3251.43,低库存预警,21
2024-07-28,BUM-007,BUM,229,1381,323,14003.34,低库存预警,20
2024-07-28,LFR-002,LFR,24,444,672,4812.96,正常,9
2024-07-28,VEN-025,VEN,218,461,233,6255.77,正常,2
2024-07-28,LFR-019,LFR,360,372,543,6212.4,低库存预警,17
2024-07-29,DUO-015,DUO,382,1233,304,25547.76,低库存预警,5
2024-07-29,BUM-003,BUM,4,682,523,12044.12,低库存预警,28
2024-07-29,DRH-007,DRH,171,1829,223,16058.62,正常,12
2024-07-29,DUO-008,DUO,486,875,524,8461.25,正常,6
2024-07-29,BUM-008,BUM,244,1103,789,33509.14,过库存,1
2024-07-29,VEN-005,VEN,75,1662,242,30265.02,正常,16
2024-07-29,LRB-008,LRB,22,1482,193,46490.34,正常,13
2024-07-29,LRB-017,LRB,49,729,702,18553.05,低库存预警,3
2024-07-29,DUO-023,DUO,410,194,641,6336.04,正常,16
2024-07-29,BUM-021,BUM,16,676,778,15372.24,过库存,18
2024-07-29,LRB-005,LRB,247,1782,119,43748.1,过库存,22
2024-07-29,BUM-010,BUM,104,838,496,26237.78,低库存预警,8
2024-07-29,TLM-027,TLM,146,922,379,13931.42,低库存预警,16
2024-07-29,DUO-025,DUO,322,1443,228,17561.31,过库存,13
2024-07-29,DRH-001,DRH,392,805,719,24093.65,低库存预警,1
2024-07-29,CUP-011,CUP,372,583,736,17163.52,过库存,11
2024-07-29,TLP-011,TLP,192,1764,155,60452.28,正常,3
2024-07-29,LFR-021,LFR,357,175,454,3424.75,低库存预警,10
2024-07-29,TLM-026,TLM,315,673,191,12517.8,正常,14
2024-07-29,BUM-017,BUM,129,995,747,5830.7,正常,11
2024-07-29,VEN-007,VEN,141,1953,478,29685.6,正常,10
2024-07-29,VEN-002,VEN,4,1321,592,44068.56,正常,18
2024-07-29,DRH-026,DRH,366,851,479,2544.49,正常,10
2024-07-29,TLP-021,TLP,441,698,550,6058.64,正常,26
2024-07-29,CUP-003,CUP,19,1982,252,67784.4,过库存,29
2024-07-29,DRH-015,DRH,216,78,355,581.88,低库存预警,14
2024-07-29,WLC-025,WLC,331,1229,330,32691.4,正常,23
2024-07-29,VEN-030,VEN,242,367,473,4249.86,过库存,21
2024-07-29,CUP-012,CUP,406,105,422,1614.9,正常,29
2024-07-29,HND-011,HND,161,1788,196,20293.8,过库存,18
2024-07-29,TLM-014,TLM,378,1961,724,42279.16,正常,16
2024-07-29,BUM-014,BUM,10,1723,342,13060.34,正常,11
2024-07-29,TLM-002,TLM,479,1284,170,6381.48,正常,12
2024-07-29,TLP-016,TLP,457,326,134,8420.58,正常,10
2024-07-29,CUP-021,CUP,480,1244,424,34172.68,低库存预警,14
2024-07-29,LRB-011,LRB,296,1548,681,8204.4,正常,13
2024-07-29,DUO-006,DUO,40,1909,620,63092.45,过库存,14
2024-07-29,LRB-021,LRB,364,1954,670,21318.14,正常,18
2024-07-29,VEN-010,VEN,478,981,275,12851.1,低库存预警,18
2024-07-29,TLM-001,TLM,470,680,666,4644.4,正常,3
2024-07-29,BUM-007,BUM,24,1541,631,15625.74,低库存预警,5
2024-07-29,CUP-026,CUP,389,1735,624,20178.05,正常,17
2024-07-29,HND-013,HND,243,1569,358,26327.82,正常,9
2024-07-29,VEN-020,VEN,481,1955,530,3773.15,正常,27
2024-07-29,VEN-014,VEN,180,111,423,788.1,正常,29
2024-07-29,CUP-008,CUP,405,1221,235,2564.1,正常,24
2024-07-29,DRH-003,DRH,43,1108,683,10315.48,正常,8
2024-07-29,LFR-014,LFR,327,632,389,5820.72,过库存,9
2024-07-29,HND-019,HND,88,94,710,2019.12,过库存,3
2024-07-29,VEN-029,VEN,39,1217,733,14105.03,过库存,16
2024-07-29,BUM-009,BUM,353,866,577,19164.58,正常,9
2024-07-29,TLP-014,TLP,453,524,104,17024.76,正常,30
2024-07-29,DUO-011,DUO,198,1959,120,11460.15,正常,7
2024-07-29,LFR-005,LFR,434,1157,540,1978.47,正常,0
2024-07-29,LRB-022,LRB,100,1451,192,25595.64,正常,6
2024-07-29,WLC-024,WLC,49,979,368,6608.25,低库存预警,30
2024-07-29,VEN-003,VEN,417,1990,618,58446.3,正常,21
2024-07-29,DUO-005,DUO,129,1822,733,21718.24,低库存预警,11
2024-07-29,TLP-003,TLP,429,1492,201,22529.2,正常,15
2024-07-29,HND-005,HND,378,99,227,2747.25,过库存,19
2024-07-30,TLM-013,TLM,198,419,798,12306.03,正常,10
2024-07-30,HND-011,HND,292,92,544,1044.2,低库存预警,11
2024-07-30,TLP-015,TLP,116,1409,163,28391.35,低库存预警,17
2024-07-30,DRH-016,DRH,432,809,592,15751.23,过库存,12
2024-07-30,WLC-005,WLC,398,1521,273,5840.64,低库存预警,7
2024-07-30,BUM-003,BUM,71,1164,574,20556.24,低库存预警,23
2024-07-30,CUP-017,CUP,188,338,774,4187.82,正常,2
2024-07-30,BUM-006,BUM,229,1556,563,35585.72,低库存预警,23
2024-07-30,DRH-024,DRH,438,406,403,3227.7,正常,16
2024-07-30,WLC-015,WLC,103,102,741,2201.16,正常,23
2024-07-30,TLP-023,TLP,101,1887,781,48043.02,正常,30
2024-07-30,DRH-005,DRH,38,1737,716,44745.12,正常,13
2024-07-30,WLC-014,WLC,13,885,727,7646.4,正常,24
2024-07-30,WLC-018,WLC,158,1659,255,53950.68,低库存预警,27
2024-07-30,TLP-008,TLP,247,1204,424,28799.68,正常,21
2024-07-30,BUM-009,BUM,492,835,739,18478.55,正常,15
2024-07-30,WLC-019,WLC,415,1454,792,28614.72,低库存预警,6
2024-07-30,DUO-022,DUO,68,1684,772,6466.56,过库存,0
2024-07-30,VEN-017,VEN,40,852,689,19306.32,正常,7
2024-07-30,LRB-001,LRB,29,1618,464,20402.98,正常,26
2024-07-30,HND-021,HND,317,1340,799,35630.6,正常,17
2024-07-30,BUM-005,BUM,85,278,604,4589.78,正常,22
2024-07-30,DUO-003,DUO,356,1825,617,2901.75,低库存预警,2
2024-07-30,HND-004,HND,447,1685,668,21888.15,正常,19
2024-07-30,BUM-026,BUM,203,171,137,1894.68,正常,0
2024-07-30,CUP-030,CUP,260,1493,294,38190.94,低库存预警,10
2024-07-30,DRH-013,DRH,224,1424,148,11691.04,过库存,25
2024-07-30,BUM-011,BUM,96,1747,603,50103.96,正常,23
2024-07-30,HND-018,HND,57,1595,189,3748.25,过库存,28
2024-07-30,TLM-001,TLM,484,1129,736,7711.07,低库存预警,5
2024-07-30,DUO-014,DUO,257,617,148,7151.03,正常,19
2024-07-30,BUM-023,BUM,356,690,780,4284.9,正常,19
2024-07-30,WLC-002,WLC,466,1409,728,36380.38,正常,12
2024-07-30,VEN-023,VEN,147,350,740,2653.0,过库存,25
2024-07-30,DUO-001,DUO,237,69,341,1260.63,低库存预警,15
2024-07-30,DUO-006,DUO,390,87,649,2875.35,正常,4
2024-07-30,LRB-012,LRB,169,1800,625,7434.0,正常,1
2024-07-30,CUP-005,CUP,11,834,414,27421.92,正常,21
2024-07-30,BUM-020,BUM,464,235,150,7987.65,正常,18
2024-07-30,CUP-003,CUP,272,1413,128,48324.6,正常,19
2024-07-30,VEN-015,VEN,186,491,168,15628.53,正常,20
2024-07-30,WLC-024,WLC,203,1188,249,8019.0,正常,2
2024-07-30,LFR-010,LFR,210,1751,673,36560.88,低库存预警,11
2024-07-30,WLC-025,WLC,219,911,582,24232.6,正常,22
2024-07-30,WLC-003,WLC,31,897,408,6512.22,正常,25
2024-07-30,CUP-024,CUP,422,1507,254,2787.95,过库存,1
2024-07-30,DRH-011,DRH,134,666,678,20279.7,正常,18
2024-07-30,DRH-019,DRH,280,42,691,808.5,正常,18
2024-07-30,CUP-007,CUP,206,1595,718,33702.35,正常,7
2024-07-30,TLM-012,TLM,37,616,622,18208.96,过库存,0
2024-07-30,HND-010,HND,291,149,361,4817.17,正常,22
2024-07-30,VEN-027,VEN,189,1598,569,14350.04,正常,3
2024-07-30,TLP-003,TLP,238,1423,147,21487.3,正常,19
2024-07-30,TLP-020,TLP,272,370,294,643.8,正常,10
2024-07-30,TLP-007,TLP,363,41,514,477.24,过库存,25
2024-07-30,BUM-002,BUM,85,1469,772,31833.23,正常,21
2024-07-30,LRB-002,LRB,52,614,633,15835.06,正常,11
2024-07-30,VEN-019,VEN,491,1849,398,32080.15,正常,9
2024-07-30,TLP-018,TLP,224,962,351,17171.7,低库存预警,24
2024-07-30,TLM-011,TLM,232,1469,500,50504.22,低库存预警,24
2024-07-31,VEN-022,VEN,416,1517,794,50895.35,低库存预警,12
2024-07-31,WLC-019,WLC,181,678,230,13343.04,正常,8
2024-07-31,TLP-010,TLP,280,173,456,811.37,正常,25
2024-07-31,DRH-022,DRH,176,1871,509,22807.49,正常,17
2024-07-31,VEN-005,VEN,143,1913,669,34835.73,过库存,11
2024-07-31,TLP-006,TLP,110,994,555,28279.3,正常,3
2024-07-31,DUO-005,DUO,15,1079,243,12861.68,正常,25
2024-07-31,CUP-008,CUP,133,167,353,350.7,正常,11
2024-07-31,TLM-010,TLM,118,863,641,8595.48,正常,6
2024-07-31,WLC-013,WLC,285,361,769,8447.4,正常,6
2024-07-31,HND-008,HND,280,925,293,22921.5,过库存,12
2024-07-31,LFR-017,LFR,364,916,107,22139.72,正常,18
2024-07-31,CUP-004,CUP,114,1174,486,40115.58,低库存预警,1
2024-07-31,BUM-015,BUM,360,1108,100,12653.36,过库存,25
2024-07-31,VEN-001,VEN,328,1434,333,5019.0,正常,15
2024-07-31,BUM-009,BUM,210,1358,321,30052.54,过库存,20
2024-07-31,CUP-005,CUP,144,725,586,23838.0,正常,12
2024-07-31,VEN-013,VEN,430,585,421,18211.05,低库存预警,7
2024-07-31,WLC-008,WLC,175,387,389,6559.65,低库存预警,23
2024-07-31,BUM-020,BUM,263,1133,633,38510.67,正常,20
2024-07-31,CUP-020,CUP,475,1877,776,10623.82,正常,24
2024-07-31,WLC-001,WLC,255,1395,266,25751.7,过库存,14
2024-07-31,HND-020,HND,422,400,413,3940.0,正常,11
2024-07-31,LFR-009,LFR,360,1690,574,27783.6,正常,17
2024-07-31,CUP-024,CUP,379,238,481,440.3,正常,21
2024-07-31,BUM-010,BUM,23,1230,100,38511.3,正常,19
2024-07-31,DRH-018,DRH,70,1631,259,33468.12,过库存,6
2024-07-31,VEN-004,VEN,424,1120,717,36243.2,低库存预警,24
2024-07-31,DRH-010,DRH,176,908,427,5956.48,低库存预警,27
2024-07-31,TLM-003,TLM,263,1841,494,14948.92,正常,23
2024-07-31,LFR-022,LFR,111,489,203,17046.54,过库存,29
2024-07-31,LRB-013,LRB,206,1808,326,62122.88,正常,1
2024-07-31,LFR-014,LFR,406,53,413,488.13,正常,4
2024-07-31,HND-018,HND,370,1156,216,2716.6,正常,8
2024-07-31,DRH-014,DRH,149,1579,467,11953.03,过库存,2
2024-07-31,LFR-019,LFR,426,1577,385,26335.9,低库存预警,10
2024-07-31,TLM-016,TLM,259,662,451,22951.54,正常,1
2024-07-31,TLP-009,TLP,254,605,577,15463.8,正常,4
2024-07-31,LFR-013,LFR,175,1988,474,22802.36,正常,2
2024-07-31,DUO-004,DUO,82,235,651,4916.2,过库存,3
2024-07-31,WLC-020,WLC,81,253,796,2982.87,过库存,17
2024-07-31,CUP-002,CUP,72,315,620,1512.0,正常,18
2024-07-31,DRH-026,DRH,435,713,515,2131.87,正常,18
2024-07-31,TLM-001,TLM,469,750,767,5122.5,正常,15
2024-07-31,LFR-006,LFR,314,1772,206,13325.44,过库存,28
2024-07-31,TLP-020,TLP,100,1689,629,2938.86,低库存预警,3
2024-07-31,VEN-024,VEN,243,419,219,5656.5,过库存,14
2024-07-31,TLM-026,TLM,203,569,757,10583.4,正常,4
2024-07-31,VEN-011,VEN,244,1300,492,42003.0,正常,21
2024-07-31,LFR-005,LFR,204,1906,352,3259.26,正常,8
2024-07-31,TLP-017,TLP,112,847,446,24503.71,正常,21
2024-07-31,CUP-013,CUP,346,677,126,13133.8,正常,12
2024-07-31,WLC-007,WLC,371,995,427,34228.0,正常,4
2024-07-31,TLP-002,TLP,99,1209,780,8027.76,正常,30
2024-07-31,DRH-030,DRH,74,1070,538,5767.3,正常,24
2024-07-31,TLP-025,TLP,403,161,610,494.27,过库存,26
2024-07-31,TLM-007,TLM,201,73,645,243.09,过库存,28
2024-07-31,TLM-014,TLM,113,455,573,9809.8,正常,22
2024-07-31,WLC-021,WLC,364,383,754,3435.51,低库存预警,6
2024-07-31,WLC-004,WLC,12,1670,425,11005.3,正常,12
2024-08-01,DUO-017,DUO,485,185,503,2493.8,过库存,29
2024-08-01,DUO-022,DUO,226,8,704,30.72,正常,14
2024-08-01,LFR-003,LFR,454,54,282,1438.02,正常,6
2024-08-01,TLM-004,TLM,216,1847,315,59935.15,低库存预警,28
2024-08-01,VEN-021,VEN,24,1498,197,44565.5,过库存,5
2024-08-01,TLM-008,TLM,257,262,556,6101.98,正常,3
2024-08-01,CUP-004,CUP,221,1338,531,45719.46,低库存预警,8
2024-08-01,TLM-013,TLM,498,857,697,25170.09,过库存,11
2024-08-01,LFR-012,LFR,160,773,332,13782.59,低库存预警,14
2024-08-01,CUP-003,CUP,147,1989,245,68023.8,正常,18
2024-08-01,DUO-003,DUO,433,43,329,68.37,正常,16
2024-08-01,LRB-001,LRB,36,1410,194,17780.1,正常,12
2024-08-01,HND-006,HND,270,1853,800,21883.93,正常,18
2024-08-01,VEN-012,VEN,92,974,362,14561.3,正常,12
2024-08-01,BUM-020,BUM,346,1350,275,45886.5,过库存,19
2024-08-01,HND-015,HND,209,222,286,3079.14,正常,6
2024-08-01,DUO-007,DUO,315,1832,310,22240.48,过库存,14
2024-08-01,HND-014,HND,187,1652,676,37467.36,正常,22
2024-08-01,DUO-019,DUO,313,396,121,5789.52,过库存,19
2024-08-01,LFR-021,LFR,185,1383,100,27065.31,低库存预警,18
2024-08-01,LFR-018,LFR,82,1946,626,47307.26,过库存,26
2024-08-01,TLM-020,TLM,26,1386,663,43686.72,正常,12
2024-08-01,HND-009,HND,300,1878,791,57203.88,正常,30
2024-08-01,TLP-002,TLP,493,25,644,166.0,正常,26
2024-08-01,CUP-027,CUP,27,836,602,16761.8,正常,1
2024-08-01,LFR-020,LFR,389,407,636,12649.56,过库存,21
2024-08-01,BUM-002,BUM,144,806,543,17466.02,过库存,15
2024-08-01,DRH-009,DRH,188,516,606,6677.04,过库存,13
2024-08-01,WLC-010,WLC,134,928,381,23357.76,过库存,16
2024-08-01,VEN-020,VEN,155,1402,781,2705.86,低库存预警,14
2024-08-01,HND-020,HND,470,186,471,1832.1,正常,18
2024-08-01,VEN-027,VEN,472,215,361,1930.7,正常,19
2024-08-01,TLM-023,TLM,174,695,599,21378.2,正常,15
2024-08-01,TLP-003,TLP,386,11,155,166.1,过库存,19
2024-08-01,TLP-011,TLP,127,1199,761,41089.73,过库存,2
2024-08-01,DRH-026,DRH,268,527,312,1575.73,正常,1
2024-08-01,DRH-024,DRH,85,1805,619,14349.75,过库存,13
2024-08-01,DRH-002,DRH,470,147,168,1380.33,正常,2
2024-08-01,CUP-018,CUP,434,1216,300,22459.52,正常,29
2024-08-01,LRB-021,LRB,173,892,630,9731.72,低库存预警,10
2024-08-01,WLC-024,WLC,68,1845,696,12453.75,正常,2
2024-08-01,LRB-016,LRB,104,870,615,20688.6,过库存,5
2024-08-01,TLM-009,TLM,178,350,476,7196.0,低库存预警,15
2024-08-01,WLC-020,WLC,434,1675,657,19748.25,正常,15
2024-08-01,DRH-021,DRH,277,480,541,1838.4,过库存,22
2024-08-01,LRB-003,LRB,321,751,428,14749.64,正常,22
2024-08-01,TLM-016,TLM,295,361,784,12515.87,低库存预警,17
2024-08-01,VEN-003,VEN,24,123,669,3612.51,正常,18
2024-08-01,LRB-011,LRB,235,672,216,3561.6,正常,15
2024-08-01,DRH-019,DRH,187,1302,395,25063.5,正常,23
2024-08-01,VEN-014,VEN,155,1844,743,13092.4,正常,16
2024-08-01,VEN-009,VEN,324,382,128,3476.2,正常,3
2024-08-01,TLM-021,TLM,476,1041,717,7151.67,正常,30
2024-08-01,BUM-001,BUM,363,1086,461,5636.34,正常,4
2024-08-01,CUP-002,CUP,407,499,176,2395.2,正常,11
2024-08-01,TLM-003,TLM,145,1341,372,10888.92,正常,26
2024-08-01,CUP-028,CUP,273,1991,619,24270.29,正常,24
2024-08-01,VEN-006,VEN,131,1022,487,14267.12,过库存,25
2024-08-01,HND-001,HND,20,34,772,226.1,正常,24
2024-08-01,TLM-025,TLM,487,1273,582,17160.04,正常,13
2024-08-02,TLM-015,TLM,416,1661,378,12374.45,过库存,14
2024-08-02,VEN-023,VEN,11,83,333,629.14,正常,29
2024-08-02,CUP-022,CUP,255,1799,628,27308.82,过库存,23
2024-08-02,VEN-022,VEN,491,1658,689,55625.9,正常,17
2024-08-02,DUO-004,DUO,421,132,562,2761.44,过库存,26
2024-08-02,DRH-016,DRH,423,1285,636,25018.95,正常,24
2024-08-02,DRH-027,DRH,319,307,412,7659.65,低库存预警,29
2024-08-02,VEN-021,VEN,466,326,673,9698.5,正常,18
2024-08-02,VEN-024,VEN,283,1953,626,26365.5,正常,16
2024-08-02,VEN-012,VEN,340,1736,698,25953.2,过库存,10
2024-08-02,VEN-001,VEN,194,157,428,549.5,过库存,4
2024-08-02,DUO-016,DUO,175,1628,462,36971.88,低库存预警,11
2024-08-02,TLP-009,TLP,106,1314,574,33585.84,正常,14
2024-08-02,VEN-003,VEN,207,1583,307,46492.71,低库存预警,21
2024-08-02,CUP-019,CUP,418,1148,394,19975.2,过库存,29
2024-08-02,TLP-025,TLP,245,1396,778,4285.72,正常,10
2024-08-02,HND-014,HND,59,639,242,14492.52,正常,21
2024-08-02,CUP-002,CUP,290,757,315,3633.6,正常,10
2024-08-02,CUP-012,CUP,500,722,176,11104.36,正常,5
2024-08-02,DUO-006,DUO,18,306,355,10113.3,过库存,25
2024-08-02,DRH-011,DRH,221,507,583,15438.15,正常,23
2024-08-02,WLC-023,WLC,283,1758,585,42051.36,正常,25
2024-08-02,CUP-009,CUP,416,963,677,29150.01,正常,0
2024-08-02,WLC-019,WLC,285,1915,445,37687.2,正常,3
2024-08-02,VEN-025,VEN,188,1963,701,26637.91,正常,14
2024-08-02,DUO-013,DUO,201,1793,486,6365.15,正常,5
2024-08-02,TLP-004,TLP,340,437,740,3714.5,过库存,0
2024-08-02,TLM-010,TLM,320,1446,337,14402.16,正常,3
2024-08-02,CUP-005,CUP,87,495,209,16275.6,正常,27
2024-08-02,LFR-018,LFR,40,267,568,6490.77,正常,27
2024-08-02,WLC-003,WLC,422,973,191,7063.98,正常,29
2024-08-02,LRB-011,LRB,222,375,434,1987.5,正常,24
2024-08-02,HND-015,HND,137,1739,793,24119.93,正常,12
2024-08-02,TLM-004,TLM,290,205,135,6652.25,正常,18
2024-08-02,HND-003,HND,452,969,500,10416.75,正常,0
2024-08-02,WLC-009,WLC,436,1451,695,44879.43,正常,22
2024-08-02,DRH-028,DRH,398,1773,537,46683.09,正常,21
2024-08-02,DRH-029,DRH,154,1737,601,33089.85,过库存,5
2024-08-02,BUM-022,BUM,384,1908,130,30127.32,过库存,3
2024-08-02,DUO-017,DUO,138,1048,443,14127.04,正常,12
2024-08-02,LRB-012,LRB,231,50,780,206.5,过库存,5
2024-08-02,CUP-001,CUP,9,1075,367,7095.0,正常,26
2024-08-02,CUP-020,CUP,154,1940,298,10980.4,正常,17
2024-08-02,BUM-012,BUM,104,1245,189,32843.1,过库存,8
2024-08-02,DUO-010,DUO,478,1105,401,16840.2,正常,17
2024-08-02,CUP-004,CUP,436,1229,455,41994.93,正常,23
2024-08-02,TLP-017,TLP,240,1914,601,55372.02,正常,24
2024-08-02,VEN-019,VEN,267,1082,622,18772.7,过库存,12
2024-08-02,LFR-021,LFR,354,262,706,5127.34,低库存预警,21
2024-08-02,WLC-010,WLC,390,1420,737,35741.4,正常,27
2024-08-02,DRH-012,DRH,277,957,133,23465.64,过库存,14
2024-08-02,TLM-018,TLM,464,1948,279,57719.24,正常,30
2024-08-02,DUO-020,DUO,87,1486,402,31547.78,过库存,17
2024-08-02,LFR-001,LFR,453,909,788,3617.82,过库存,7
2024-08-02,HND-005,HND,403,1799,465,49922.25,低库存预警,2
2024-08-02,DUO-001,DUO,200,1638,371,29926.26,正常,30
2024-08-02,LFR-006,LFR,308,1504,721,11310.08,正常,18
2024-08-02,TLM-013,TLM,17,30,472,881.1,正常,21
2024-08-02,DUO-005,DUO,383,1112,161,13255.04,正常,11
2024-08-02,LFR-022,LFR,73,717,701,24994.62,低库存预警,0
2024-08-03,TLM-018,TLM,203,1690,535,50074.7,正常,2
2024-08-03,LRB-022,LRB,43,2,221,35.28,过库存,7
2024-08-03,CUP-025,CUP,321,18,209,586.8,过库存,2
2024-08-03,HND-009,HND,62,1490,175,45385.4,低库存预警,28
2024-08-03,LFR-012,LFR,128,420,565,7488.6,正常,0
2024-08-03,HND-025,HND,197,393,454,3592.02,低库存预警,24
2024-08-03,LFR-001,LFR,173,531,103,2113.38,正常,27
2024-08-03,CUP-030,CUP,488,385,453,9848.3,正常,24
2024-08-03,LFR-021,LFR,319,1063,542,20802.91,正常,12
2024-08-03,WLC-006,WLC,278,168,732,2000.88,低库存预警,12
2024-08-03,BUM-028,BUM,348,546,233,17046.12,正常,24
2024-08-03,DRH-027,DRH,377,967,720,24126.65,低库存预警,2
2024-08-03,VEN-021,VEN,55,956,488,28441.0,正常,3
2024-08-03,DRH-008,DRH,250,1184,410,41286.08,低库存预警,28
2024-08-03,HND-016,HND,189,921,603,14008.41,低库存预警,20
2024-08-03,WLC-005,WLC,382,149,776,572.16,正常,4
2024-08-03,TLP-009,TLP,163,712,384,18198.72,过库存,20
2024-08-03,BUM-001,BUM,378,598,756,3103.62,正常,9
2024-08-03,HND-002,HND,64,1517,132,13956.4,正常,14
2024-08-03,TLP-002,TLP,130,1370,448,9096.8,正常,12
2024-08-03,CUP-011,CUP,225,382,329,11246.08,过库存,17
2024-08-03,VEN-026,VEN,382,426,559,9039.72,过库存,25
2024-08-03,CUP-007,CUP,453,1628,501,34399.64,正常,11
2024-08-03,VEN-015,VEN,95,750,202,23872.5,低库存预警,6
2024-08-03,LRB-018,LRB,293,1988,340,21549.92,过库存,19
2024-08-03,LFR-013,LFR,289,94,483,1078.18,正常,29
2024-08-03,DRH-026,DRH,243,1382,545,4132.18,正常,22
2024-08-03,LFR-022,LFR,59,668,343,23286.48,低库存预警,16
2024-08-03,DUO-014,DUO,301,92,788,1066.28,低库存预警,12
2024-08-03,VEN-027,VEN,265,431,702,3870.38,低库存预警,20
2024-08-03,DUO-003,DUO,89,526,359,836.34,过库存,3
2024-08-03,WLC-001,WLC,449,1549,703,28594.54,过库存,9
2024-08-03,BUM-006,BUM,42,396,706,9056.52,过库存,0
2024-08-03,TLM-028,TLM,184,98,521,3234.98,正常,17
2024-08-03,LRB-002,LRB,250,1348,734,34764.92,过库存,22
2024-08-03,TLM-023,TLM,202,853,412,26238.28,过库存,6
2024-08-03,TLP-013,TLP,311,1241,360,2879.12,正常,7
2024-08-03,TLP-010,TLP,27,1691,579,7930.79,过库存,11
2024-08-03,LRB-021,LRB,16,327,471,3567.57,正常,24
2024-08-03,LRB-020,LRB,217,571,362,12487.77,正常,15
2024-08-03,DUO-012,DUO,53,488,495,5577.84,正常,30
2024-08-03,CUP-029,CUP,20,852,560,1917.0,低库存预警,10
2024-08-03,DRH-005,DRH,451,1050,517,27048.0,正常,15
2024-08-03,LFR-011,LFR,350,650,198,12850.5,过库存,6
2024-08-03,LRB-009,LRB,348,172,672,4650.88,正常,24
2024-08-03,TLP-023,TLP,14,124,513,3157.04,过库存,22
2024-08-03,DUO-017,DUO,188,456,143,6146.88,正常,21
2024-08-03,HND-023,HND,158,1473,491,13890.39,过库存,3
2024-08-03,BUM-025,BUM,294,943,111,21236.36,低库存预警,23
2024-08-03,DRH-015,DRH,308,1625,311,12122.5,正常,6
2024-08-03,DUO-016,DUO,101,1664,599,37789.44,低库存预警,10
2024-08-03,TLM-004,TLM,353,952,248,30892.4,正常,26
2024-08-03,TLP-018,TLP,57,865,401,15440.25,低库存预警,8
2024-08-03,LFR-008,LFR,38,830,746,16450.6,正常,12
2024-08-03,DRH-022,DRH,57,228,641,2779.32,正常,14
2024-08-03,CUP-001,CUP,262,1228,320,8104.8,过库存,0
2024-08-03,HND-019,HND,457,1050,301,22554.0,低库存预警,4
2024-08-03,TLM-016,TLM,161,1332,259,46180.44,正常,29
2024-08-03,TLP-015,TLP,0,1900,603,38285.0,正常,28
2024-08-03,TLP-014,TLP,146,1908,142,61990.92,正常,14
2024-08-04,TLP-019,TLP,223,46,369,115.92,正常,0
2024-08-04,CUP-004,CUP,155,783,149,26755.11,低库存预警,7
2024-08-04,BUM-003,BUM,21,1089,779,19231.74,低库存预警,8
2024-08-04,LRB-010,LRB,129,1909,173,22507.11,过库存,0
2024-08-04,HND-004,HND,444,896,788,11639.04,过库存,1
2024-08-04,TLM-012,TLM,269,1344,382,39728.64,正常,1
2024-08-04,CUP-016,CUP,465,158,678,2387.38,正常,14
2024-08-04,CUP-018,CUP,145,769,633,14203.43,低库存预警,2
2024-08-04,WLC-021,WLC,114,174,109,1560.78,正常,21
2024-08-04,TLP-024,TLP,427,1033,240,3615.5,低库存预警,30
2024-08-04,BUM-007,BUM,461,1215,615,12320.1,正常,29
2024-08-04,CUP-013,CUP,461,1184,573,22969.6,正常,3
2024-08-04,VEN-018,VEN,309,1615,167,10013.0,过库存,24
2024-08-04,LRB-016,LRB,321,1050,157,24969.0,过库存,27
2024-08-04,DRH-009,DRH,286,335,209,4334.9,正常,1
2024-08-04,BUM-022,BUM,488,1529,232,24142.91,低库存预警,18
2024-08-04,VEN-026,VEN,242,176,444,3734.72,低库存预警,10
2024-08-04,TLP-008,TLP,178,1859,704,44467.28,正常,19
2024-08-04,DUO-023,DUO,81,1887,203,61629.42,过库存,25
2024-08-04,WLC-010,WLC,276,818,349,20589.06,正常,1
2024-08-04,VEN-009,VEN,382,1324,615,12048.4,正常,25
2024-08-04,LRB-012,LRB,362,832,391,3436.16,正常,29
2024-08-04,LRB-018,LRB,120,296,790,3208.64,正常,4
2024-08-04,TLP-025,TLP,309,1367,501,4196.69,低库存预警,22
2024-08-04,LFR-014,LFR,30,820,268,7552.2,正常,17
2024-08-04,BUM-013,BUM,223,695,445,4065.75,过库存,7
2024-08-04,TLM-017,TLM,13,269,664,3580.39,低库存预警,24
2024-08-04,LFR-011,LFR,415,937,120,18524.49,正常,30
2024-08-04,VEN-021,VEN,167,1749,469,52032.75,正常,7
2024-08-04,DRH-001,DRH,243,1419,524,42470.67,正常,10
2024-08-04,BUM-016,BUM,293,1329,438,11668.62,正常,26
2024-08-04,WLC-019,WLC,414,1798,595,35384.64,正常,24
2024-08-04,WLC-006,WLC,186,1064,180,12672.24,低库存预警,13
2024-08-04,DRH-012,DRH,201,672,453,16477.44,低库存预警,19
2024-08-04,DRH-019,DRH,428,376,380,7238.0,正常,15
2024-08-04,DUO-004,DUO,84,783,474,16380.36,正常,15
2024-08-04,VEN-010,VEN,227,1253,137,16414.3,低库存预警,11
2024-08-04,HND-007,HND,348,1859,310,7287.28,低库存预警,5
2024-08-04,LFR-002,LFR,30,638,457,6915.92,低库存预警,16
2024-08-04,BUM-002,BUM,121,1832,441,39699.44,正常,12
2024-08-04,HND-028,HND,16,638,251,6182.22,正常,27
2024-08-04,DUO-008,DUO,343,153,742,1479.51,正常,15
2024-08-04,CUP-017,CUP,33,1334,257,16528.26,正常,26
2024-08-04,DUO-011,DUO,134,491,425,2872.35,正常,0
2024-08-04,DUO-003,DUO,374,868,526,1380.12,正常,19
2024-08-04,DRH-021,DRH,359,1763,223,6752.29,正常,21
2024-08-04,LFR-016,LFR,314,1648,796,27702.88,低库存预警,20
2024-08-04,BUM-020,BUM,495,1939,555,65906.61,正常,7
2024-08-04,VEN-024,VEN,48,805,618,10867.5,过库存,24
2024-08-04,WLC-015,WLC,421,1082,661,23349.56,过库存,27
2024-08-04,CUP-025,CUP,151,665,510,21679.0,正常,1
2024-08-04,HND-025,HND,121,801,686,7321.14,过库存,24
2024-08-04,HND-012,HND,3,1126,310,4819.28,正常,10
2024-08-04,CUP-022,CUP,453,1001,263,15195.18,正常,26
2024-08-04,BUM-017,BUM,159,521,714,3053.06,正常,5
2024-08-04,VEN-011,VEN,37,1251,753,40419.81,正常,0
2024-08-04,LRB-005,LRB,120,42,633,1031.1,正常,2
2024-08-04,VEN-002,VEN,443,1560,424,52041.6,正常,7
2024-08-04,LFR-001,LFR,47,107,408,425.86,过库存,13
2024-08-04,LFR-012,LFR,433,504,428,8986.32,正常,0
2024-08-05,BUM-027,BUM,436,827,522,7004.69,正常,12
2024-08-05,DRH-001,DRH,379,956,225,28613.08,正常,11
2024-08-05,LRB-014,LRB,21,496,697,9404.16,正常,22
2024-08-05,BUM-001,BUM,430,1526,761,7919.94,过库存,4
2024-08-05,BUM-022,BUM,115,1586,148,25042.94,低库存预警,21
2024-08-05,DUO-010,DUO,251,1825,545,27813.0,过库存,23
2024-08-05,VEN-030,VEN,270,1027,239,11892.66,低库存预警,9
2024-08-05,TLM-023,TLM,385,970,378,29837.2,正常,22
2024-08-05,CUP-024,CUP,9,847,491,1566.95,正常,24
2024-08-05,WLC-004,WLC,249,1912,612,12600.08,正常,30
2024-08-05,WLC-003,WLC,404,342,664,2482.92,正常,0
2024-08-05,TLM-008,TLM,214,185,268,4308.65,正常,10
2024-08-05,DRH-006,DRH,380,182,617,3246.88,低库存预警,19
2024-08-05,HND-017,HND,309,1477,622,32464.46,正常,4
2024-08-05,VEN-001,VEN,345,308,707,1078.0,正常,23
2024-08-05,VEN-029,VEN,164,1734,256,20097.06,低库存预警,22
2024-08-05,CUP-011,CUP,463,372,671,10951.68,正常,5
2024-08-05,CUP-025,CUP,470,179,625,5835.4,低库存预警,9
2024-08-05,TLM-009,TLM,407,396,242,8141.76,过库存,23
2024-08-05,DRH-012,DRH,76,637,344,15619.24,正常,28
2024-08-05,BUM-010,BUM,354,927,279,29024.37,过库存,2
2024-08-05,TLP-003,TLP,302,1238,741,18693.8,正常,3
2024-08-05,WLC-001,WLC,486,1319,214,24348.74,过库存,27
2024-08-05,CUP-005,CUP,152,1467,514,48234.96,正常,9
2024-08-05,CUP-010,CUP,116,155,768,4450.05,低库存预警,27
2024-08-05,TLM-021,TLM,240,87,709,597.69,低库存预警,14
2024-08-05,VEN-027,VEN,296,852,343,7650.96,正常,13
2024-08-05,WLC-021,WLC,3,434,109,3892.98,正常,30
2024-08-05,VEN-024,VEN,185,1095,474,14782.5,低库存预警,10
2024-08-05,CUP-018,CUP,111,1128,339,20834.16,过库存,26
2024-08-05,DUO-008,DUO,312,1789,782,17299.63,正常,1
2024-08-05,LRB-021,LRB,290,591,299,6447.81,过库存,4
2024-08-05,TLP-014,TLP,188,1666,671,54128.34,正常,16
2024-08-05,TLM-020,TLM,377,2000,708,63040.0,低库存预警,12
2024-08-05,HND-014,HND,364,403,789,9140.04,低库存预警,5
2024-08-05,TLM-013,TLM,135,1914,621,56214.18,正常,9
2024-08-05,TLM-002,TLM,31,1790,332,8896.3,正常,12
2024-08-05,LRB-015,LRB,51,1102,488,23296.28,正常,17
2024-08-05,VEN-007,VEN,150,1708,774,25961.6,正常,22
2024-08-05,BUM-020,BUM,264,78,166,2651.22,低库存预警,5
2024-08-05,HND-013,HND,237,359,626,6024.02,正常,13
2024-08-05,LRB-009,LRB,196,440,668,11897.6,过库存,2
2024-08-05,DUO-025,DUO,296,819,704,9967.23,正常,15
2024-08-05,TLP-004,TLP,20,1528,748,12988.0,正常,13
2024-08-05,HND-006,HND,428,786,569,9282.66,正常,1
2024-08-05,CUP-003,CUP,400,382,590,13064.4,正常,24
2024-08-05,BUM-006,BUM,254,45,409,1029.15,过库存,3
2024-08-05,DRH-011,DRH,292,452,478,13763.4,正常,4
2024-08-05,CUP-023,CUP,37,163,303,2066.84,正常,18
2024-08-05,TLP-019,TLP,416,1766,343,4450.32,过库存,20
2024-08-05,LFR-008,LFR,481,222,115,4400.04,过库存,1
2024-08-05,TLM-011,TLM,470,849,566,29188.62,过库存,21
2024-08-05,BUM-002,BUM,350,281,325,6089.27,过库存,9
2024-08-05,DUO-019,DUO,181,659,659,9634.58,正常,18
2024-08-05,VEN-002,VEN,125,975,334,32526.0,正常,5
2024-08-05,CUP-006,CUP,369,1007,547,19122.93,正常,6
2024-08-05,VEN-014,VEN,406,404,373,2868.4,正常,19
2024-08-05,VEN-005,VEN,115,548,395,9979.08,正常,7
2024-08-05,LRB-010,LRB,211,1396,329,16458.84,过库存,11
2024-08-05,LFR-013,LFR,385,1762,603,20210.14,过库存,20
2024-08-06,TLP-022,TLP,210,233,104,5489.48,正常,30
2024-08-06,TLP-021,TLP,270,12,146,104.16,正常,4
2024-08-06,CUP-014,CUP,78,701,111,13213.85,低库存预警,0
2024-08-06,LRB-008,LRB,37,766,398,24029.42,正常,7
2024-08-06,DUO-018,DUO,234,1598,594,4090.88,低库存预警,25
2024-08-06,HND-016,HND,328,1968,615,29933.28,低库存预警,15
2024-08-06,VEN-030,VEN,89,834,776,9657.72,正常,8
2024-08-06,TLP-012,TLP,192,1059,493,22609.65,正常,3
2024-08-06,WLC-001,WLC,366,622,504,11482.12,正常,5
2024-08-06,LFR-001,LFR,11,563,699,2240.74,正常,30
2024-08-06,VEN-010,VEN,123,1297,231,16990.7,正常,21
2024-08-06,TLM-020,TLM,336,1914,181,60329.28,低库存预警,20
2024-08-06,TLP-008,TLP,329,875,793,20930.0,低库存预警,14
2024-08-06,LRB-002,LRB,300,933,633,24062.07,正常,9
2024-08-06,LRB-016,LRB,35,1209,322,28750.02,正常,0
2024-08-06,LRB-009,LRB,182,1979,685,53512.16,正常,12
2024-08-06,CUP-019,CUP,338,253,235,4402.2,过库存,4
2024-08-06,DRH-001,DRH,163,336,767,10056.48,正常,25
2024-08-06,CUP-013,CUP,416,1062,337,20602.8,正常,23
2024-08-06,LFR-022,LFR,381,1409,656,49117.74,正常,1
2024-08-06,LRB-004,LRB,301,611,708,7991.88,低库存预警,27
2024-08-06,LFR-016,LFR,439,36,634,605.16,过库存,15
2024-08-06,DRH-026,DRH,165,1293,226,3866.07,正常,11
2024-08-06,TLM-010,TLM,413,1339,659,13336.44,低库存预警,27
2024-08-06,DRH-012,DRH,62,1723,736,42247.96,正常,21
2024-08-06,CUP-026,CUP,265,1523,118,17712.49,低库存预警,22
2024-08-06,BUM-014,BUM,373,845,125,6405.1,低库存预警,9
2024-08-06,LFR-017,LFR,129,999,466,24145.83,低库存预警,14
2024-08-06,CUP-018,CUP,8,1979,459,36552.13,正常,29
2024-08-06,WLC-025,WLC,166,593,156,15773.8,低库存预警,27
2024-08-06,VEN-015,VEN,379,1998,150,63596.34,正常,22
2024-08-06,HND-002,HND,459,890,240,8188.0,过库存,8
2024-08-06,CUP-011,CUP,480,1174,446,34562.56,正常,10
2024-08-06,HND-012,HND,203,888,627,3800.64,正常,6
2024-08-06,CUP-028,CUP,122,924,470,11263.56,过库存,0
2024-08-06,TLM-011,TLM,24,641,551,22037.58,正常,26
2024-08-06,TLP-025,TLP,423,1007,746,3091.49,正常,11
2024-08-06,LFR-014,LFR,310,7,162,64.47,正常,10
2024-08-06,HND-028,HND,58,1339,624,12974.91,正常,17
2024-08-06,BUM-010,BUM,58,1482,563,46401.42,正常,5
2024-08-06,TLP-016,TLP,192,1846,639,47682.18,低库存预警,24
2024-08-06,BUM-015,BUM,461,1465,490,16730.3,正常,2
2024-08-06,TLP-007,TLP,428,924,720,10755.36,过库存,25
2024-08-06,BUM-020,BUM,111,139,523,4724.61,过库存,12
2024-08-06,HND-006,HND,356,324,685,3826.44,正常,26
2024-08-06,WLC-013,WLC,369,1206,287,28220.4,正常,3
2024-08-06,DRH-004,DRH,398,1111,606,16642.78,正常,4
2024-08-06,TLM-007,TLM,348,1650,494,5494.5,正常,5
2024-08-06,TLP-019,TLP,172,1639,794,4130.28,正常,16
2024-08-06,TLP-020,TLP,370,93,446,161.82,正常,23
2024-08-06,LFR-004,LFR,158,1535,440,28627.75,正常,13
2024-08-06,TLM-013,TLM,30,1595,539,46845.15,正常,21
2024-08-06,TLP-009,TLP,68,1113,647,28448.28,低库存预警,28
2024-08-06,LFR-005,LFR,424,374,472,639.54,低库存预警,30
2024-08-06,WLC-023,WLC,418,890,344,21288.8,低库存预警,23
2024-08-06,DRH-016,DRH,110,1753,111,34130.91,正常,28
2024-08-06,HND-021,HND,194,140,391,3722.6,低库存预警,16
2024-08-06,HND-017,HND,82,713,658,15671.74,过库存,19
2024-08-06,TLP-003,TLP,3,1700,633,25670.0,正常,28
2024-08-06,TLM-012,TLM,204,197,256,5823.32,过库存,24
2024-08-07,BUM-010,BUM,488,645,411,20194.95,正常,9
2024-08-07,TLM-003,TLM,66,1687,617,13698.44,低库存预警,26
2024-08-07,HND-006,HND,402,1875,708,22143.75,正常,26
2024-08-07,VEN-012,VEN,117,518,285,7744.1,过库存,16
2024-08-07,LFR-012,LFR,247,1536,670,27386.88,正常,11
2024-08-07,VEN-010,VEN,90,238,372,3117.8,正常,19
2024-08-07,BUM-022,BUM,285,843,632,13310.97,低库存预警,17
2024-08-07,WLC-024,WLC,205,1716,449,11583.0,正常,10
2024-08-07,DUO-001,DUO,95,103,601,1881.81,正常,7
2024-08-07,BUM-028,BUM,268,1410,668,44020.2,过库存,10
2024-08-07,LFR-016,LFR,357,731,711,12288.11,过库存,24
2024-08-07,VEN-001,VEN,163,219,604,766.5,正常,14
2024-08-07,TLP-018,TLP,331,593,319,10585.05,过库存,8
2024-08-07,DUO-020,DUO,264,450,207,9553.5,正常,16
2024-08-07,HND-026,HND,0,736,564,21792.96,过库存,17
2024-08-07,VEN-004,VEN,233,1337,157,43265.32,过库存,30
2024-08-07,HND-018,HND,380,1202,631,2824.7,正常,3
2024-08-07,HND-013,HND,273,1630,793,27351.4,正常,16
2024-08-07,DUO-010,DUO,249,1213,181,18486.12,过库存,17
2024-08-07,LRB-013,LRB,263,1637,514,56247.32,正常,15
2024-08-07,VEN-020,VEN,36,633,393,1221.69,过库存,24
2024-08-07,VEN-002,VEN,288,1848,636,61649.28,正常,25
2024-08-07,DRH-002,DRH,464,1744,326,16376.16,正常,11
2024-08-07,CUP-029,CUP,104,1530,751,3442.5,过库存,30
2024-08-07,VEN-018,VEN,34,1242,635,7700.4,过库存,10
2024-08-07,DRH-012,DRH,443,466,302,11426.32,过库存,27
2024-08-07,WLC-023,WLC,208,265,587,6338.8,正常,24
2024-08-07,TLP-023,TLP,125,1165,346,29660.9,正常,8
2024-08-07,VEN-014,VEN,419,345,315,2449.5,过库存,8
2024-08-07,CUP-009,CUP,395,658,124,19917.66,过库存,27
2024-08-07,WLC-018,WLC,116,1705,109,55446.6,正常,22
2024-08-07,LRB-016,LRB,415,469,739,11152.82,正常,3
2024-08-07,LRB-021,LRB,197,1071,730,11684.61,低库存预警,18
2024-08-07,CUP-003,CUP,261,1276,397,43639.2,正常,14
2024-08-07,DUO-015,DUO,87,452,357,9365.44,正常,25
2024-08-07,TLM-026,TLM,436,1301,737,24198.6,过库存,10
2024-08-07,TLM-013,TLM,355,1304,483,38298.48,正常,12
2024-08-07,DRH-006,DRH,403,1414,675,25225.76,正常,23
2024-08-07,BUM-020,BUM,311,1428,252,48537.72,正常,30
2024-08-07,BUM-004,BUM,282,538,570,17393.54,正常,6
2024-08-07,VEN-013,VEN,380,85,166,2646.05,过库存,15
2024-08-07,CUP-005,CUP,236,1049,356,34491.12,低库存预警,20
2024-08-07,HND-025,HND,263,1411,528,12896.54,过库存,12
2024-08-07,CUP-001,CUP,155,161,530,1062.6,过库存,13
2024-08-07,VEN-003,VEN,253,818,668,24024.66,低库存预警,17
2024-08-07,WLC-021,WLC,132,744,441,6673.68,过库存,15
2024-08-07,TLM-008,TLM,192,1350,526,31441.5,正常,19
2024-08-07,TLP-002,TLP,372,1023,739,6792.72,过库存,12
2024-08-07,WLC-004,WLC,188,1067,471,7031.53,正常,30
2024-08-07,TLP-004,TLP,409,1875,495,15937.5,正常,28
2024-08-07,TLM-022,TLM,198,1774,783,7450.8,正常,0
2024-08-07,BUM-023,BUM,3,649,696,4030.29,正常,14
2024-08-07,TLP-009,TLP,6,859,226,21956.04,正常,3
2024-08-07,TLP-013,TLP,38,1784,230,4138.88,正常,1
2024-08-07,LRB-002,LRB,499,327,340,8433.33,正常,3
2024-08-07,TLM-018,TLM,462,1711,209,50696.93,低库存预警,8
2024-08-07,LFR-014,LFR,176,1545,128,14229.45,低库存预警,16
2024-08-07,DRH-015,DRH,235,710,209,5296.6,正常,20
2024-08-07,CUP-007,CUP,465,1842,253,38921.46,过库存,5
2024-08-07,LFR-017,LFR,341,1619,325,39131.23,正常,18
2024-08-08,LFR-022,LFR,176,1321,229,46050.06,过库存,11
2024-08-08,VEN-015,VEN,109,1906,728,60667.98,正常,6
2024-08-08,DUO-014,DUO,158,754,440,8738.86,低库存预警,13
2024-08-08,TLM-007,TLM,268,467,218,1555.11,正常,12
2024-08-08,TLP-002,TLP,361,26,481,172.64,过库存,5
2024-08-08,LFR-002,LFR,452,147,292,1593.48,正常,0
2024-08-08,TLP-001,TLP,353,1887,264,14511.03,过库存,18
2024-08-08,LRB-006,LRB,323,1091,667,37290.38,正常,17
2024-08-08,TLP-014,TLP,289,1036,599,33659.64,正常,5
2024-08-08,VEN-019,VEN,13,232,752,4025.2,低库存预警,24
2024-08-08,LRB-012,LRB,360,1540,430,6360.2,正常,22
2024-08-08,BUM-002,BUM,417,1432,355,31031.44,过库存,25
2024-08-08,LRB-017,LRB,73,1871,727,47616.95,过库存,8
2024-08-08,LFR-010,LFR,5,143,771,2985.84,正常,17
2024-08-08,DRH-018,DRH,342,540,118,11080.8,正常,27
2024-08-08,DRH-014,DRH,371,494,299,3739.58,低库存预警,15
2024-08-08,CUP-008,CUP,344,634,518,1331.4,正常,27
2024-08-08,BUM-010,BUM,211,1048,303,32812.88,过库存,1
2024-08-08,BUM-012,BUM,362,848,312,22370.24,正常,3
2024-08-08,LRB-021,LRB,107,868,313,9469.88,正常,14
2024-08-08,TLM-012,TLM,7,1467,490,43364.52,正常,19
2024-08-08,WLC-017,WLC,202,32,168,82.56,正常,6
2024-08-08,CUP-007,CUP,283,515,319,10881.95,过库存,12
2024-08-08,VEN-009,VEN,404,111,348,1010.1,正常,9
2024-08-08,LRB-004,LRB,95,68,647,889.44,低库存预警,6
2024-08-08,VEN-006,VEN,61,1178,156,16444.88,正常,27
2024-08-08,BUM-014,BUM,454,6,619,45.48,正常,9
2024-08-08,DUO-024,DUO,86,605,496,5959.25,过库存,29
2024-08-08,DRH-027,DRH,488,1970,563,49151.5,低库存预警,27
2024-08-08,DRH-013,DRH,3,210,113,1724.1,正常,18
2024-08-08,TLP-003,TLP,429,416,795,6281.6,正常,30
2024-08-08,VEN-028,VEN,212,159,287,2847.69,正常,4
2024-08-08,DUO-010,DUO,348,1797,103,27386.28,低库存预警,26
2024-08-08,HND-021,HND,152,204,323,5424.36,正常,28
2024-08-08,LFR-017,LFR,141,1787,110,43191.79,正常,19
2024-08-08,CUP-027,CUP,339,1076,158,21573.8,正常,10
2024-08-08,VEN-023,VEN,41,428,295,3244.24,过库存,17
2024-08-08,LFR-011,LFR,182,1565,552,30940.05,正常,14
2024-08-08,WLC-021,WLC,106,406,168,3641.82,过库存,26
2024-08-08,DUO-019,DUO,308,355,746,5190.1,正常,1
2024-08-08,TLM-028,TLM,433,1146,779,37829.46,低库存预警,2
2024-08-08,TLM-006,TLM,355,1112,323,7594.96,正常,1
2024-08-08,TLM-003,TLM,441,989,406,8030.68,正常,14
2024-08-08,BUM-025,BUM,102,1132,535,25492.64,正常,12
2024-08-08,DUO-011,DUO,144,1866,521,10916.1,正常,0
2024-08-08,VEN-003,VEN,178,1814,360,53277.18,正常,23
2024-08-08,LRB-013,LRB,499,1321,360,45389.56,过库存,12
2024-08-08,DRH-017,DRH,163,844,737,4363.48,过库存,19
2024-08-08,BUM-026,BUM,104,2,290,22.16,正常,7
2024-08-08,VEN-004,VEN,149,389,634,12588.04,正常,1
2024-08-08,TLP-011,TLP,188,234,387,8019.18,正常,5
2024-08-08,LRB-003,LRB,180,758,704,14887.12,低库存预警,6
2024-08-08,HND-010,HND,189,283,119,9149.39,过库存,1
2024-08-08,DUO-015,DUO,329,132,691,2735.04,正常,26
2024-08-08,DUO-005,DUO,224,1492,678,17784.64,正常,30
2024-08-08,TLP-022,TLP,20,134,128,3157.04,正常,13
2024-08-08,CUP-021,CUP,35,1253,488,34419.91,低库存预警,3
2024-08-08,BUM-017,BUM,462,253,673,1482.58,低库存预警,12
2024-08-08,BUM-023,BUM,498,1418,288,8805.78,正常,29
2024-08-08,HND-006,HND,376,408,735,4818.48,正常,22
2024-08-09,CUP-019,CUP,173,730,636,12702.0,正常,1
2024-08-09,TLP-006,TLP,143,557,104,15846.65,正常,24
2024-08-09,TLM-022,TLM,439,1821,320,7648.2,正常,2
2024-08-09,DUO-007,DUO,74,707,591,8582.98,正常,0
2024-08-09,TLM-021,TLM,406,1467,271,10078.29,过库存,17
2024-08-09,TLM-015,TLM,142,1800,472,13410.0,正常,20
2024-08-09,LFR-012,LFR,400,119,117,2121.77,正常,1
2024-08-09,LRB-018,LRB,22,1874,784,20314.16,低库存预警,30
2024-08-09,TLM-003,TLM,444,913,464,7413.56,正常,17
2024-08-09,LRB-008,LRB,79,544,621,17065.28,低库存预警,23
2024-08-09,LFR-006,LFR,407,558,557,4196.16,正常,11
2024-08-09,WLC-007,WLC,26,247,681,8496.8,正常,0
2024-08-09,BUM-015,BUM,372,1251,623,14286.42,正常,5
2024-08-09,DUO-009,DUO,299,195,268,4089.15,正常,30
2024-08-09,HND-007,HND,272,1419,384,5562.48,过库存,27
2024-08-09,CUP-028,CUP,219,236,204,2876.84,正常,22
2024-08-09,HND-005,HND,40,586,118,16261.5,正常,17
2024-08-09,CUP-004,CUP,189,976,746,33349.92,低库存预警,24
2024-08-09,VEN-017,VEN,396,1351,663,30613.66,正常,20
2024-08-09,HND-023,HND,38,1372,186,12937.96,低库存预警,6
2024-08-09,VEN-003,VEN,454,802,289,23554.74,正常,21
2024-08-09,BUM-008,BUM,314,1610,420,48911.8,低库存预警,1
2024-08-09,VEN-018,VEN,225,815,798,5053.0,低库存预警,16
2024-08-09,LRB-019,LRB,280,951,211,32200.86,正常,29
2024-08-09,TLM-013,TLM,82,171,697,5022.27,正常,29
2024-08-09,HND-024,HND,190,706,258,14776.58,低库存预警,10
2024-08-09,WLC-015,WLC,364,1840,784,39707.2,过库存,15
2024-08-09,VEN-029,VEN,486,675,508,7823.25,正常,8
2024-08-09,TLM-006,TLM,104,878,504,5996.74,正常,12
2024-08-09,DRH-019,DRH,84,845,600,16266.25,正常,21
2024-08-09,TLM-024,TLM,288,0,598,0.0,正常,11
2024-08-09,LFR-002,LFR,446,1350,451,14634.0,正常,22
2024-08-09,TLP-018,TLP,199,1778,193,31737.3,正常,23
2024-08-09,HND-018,HND,160,1439,470,3381.65,正常,24
2024-08-09,VEN-027,VEN,368,1289,561,11575.22,正常,8
2024-08-09,TLP-011,TLP,141,878,287,30089.06,正常,16
2024-08-09,DRH-002,DRH,174,71,381,666.69,正常,28
2024-08-09,DUO-012,DUO,387,448,508,5120.64,正常,16
2024-08-09,TLP-025,TLP,265,876,550,2689.32,正常,24
2024-08-09,CUP-011,CUP,429,1006,114,29616.64,正常,17
2024-08-09,DUO-008,DUO,161,1824,240,17638.08,正常,8
2024-08-09,LRB-017,LRB,262,828,757,21072.6,低库存预警,25
2024-08-09,CUP-023,CUP,395,198,654,2510.64,正常,29
2024-08-09,TLM-020,TLM,375,416,351,13112.32,正常,3
2024-08-09,VEN-009,VEN,85,337,135,3066.7,正常,21
2024-08-09,TLM-001,TLM,122,599,574,4091.17,过库存,15
2024-08-09,DRH-011,DRH,306,1407,570,42843.15,过库存,23
2024-08-09,BUM-022,BUM,482,1116,422,17621.64,低库存预警,28
2024-08-09,VEN-014,VEN,341,1303,513,9251.3,正常,30
2024-08-09,VEN-005,VEN,90,621,365,11308.41,正常,21
2024-08-09,HND-012,HND,4,49,775,209.72,正常,21
2024-08-09,BUM-004,BUM,109,1381,494,44647.73,正常,28
2024-08-09,BUM-006,BUM,249,1172,121,26803.64,低库存预警,11
2024-08-09,TLM-007,TLM,314,273,231,909.09,正常,30
2024-08-09,CUP-018,CUP,451,607,713,11211.29,正常,30
2024-08-09,DUO-010,DUO,397,1678,606,25572.72,正常,27
2024-08-09,VEN-030,VEN,184,1189,223,13768.62,低库存预警,5
2024-08-09,WLC-006,WLC,236,519,360,6181.29,正常,5
2024-08-09,CUP-015,CUP,466,621,185,18921.87,正常,2
2024-08-09,DRH-029,DRH,473,1721,561,32785.05,正常,24
2024-08-10,LFR-004,LFR,460,447,121,8336.55,正常,4
2024-08-10,BUM-010,BUM,133,111,166,3475.41,低库存预警,7
2024-08-10,HND-004,HND,18,631,330,8196.69,正常,24
2024-08-10,LFR-009,LFR,298,771,329,12675.24,正常,5
2024-08-10,TLP-005,TLP,197,953,130,5479.75,正常,3
2024-08-10,DRH-006,DRH,404,754,153,13451.36,低库存预警,17
2024-08-10,HND-015,HND,308,1987,298,27559.69,正常,2
2024-08-10,VEN-029,VEN,211,965,393,11184.35,正常,23
2024-08-10,DRH-002,DRH,467,1505,629,14131.95,正常,2
2024-08-10,TLM-019,TLM,284,1496,735,44117.04,正常,23
2024-08-10,DRH-026,DRH,359,1552,170,4640.48,正常,15
2024-08-10,TLM-012,TLM,178,1585,595,46852.6,低库存预警,25
2024-08-10,CUP-017,CUP,335,983,448,12179.37,正常,14
2024-08-10,HND-002,HND,188,1675,273,15410.0,过库存,30
2024-08-10,CUP-004,CUP,403,1458,216,49819.86,过库存,7
2024-08-10,TLM-020,TLM,170,475,169,14972.0,正常,28
2024-08-10,VEN-023,VEN,394,723,762,5480.34,正常,19
2024-08-10,LRB-008,LRB,488,522,386,16375.14,正常,0
2024-08-10,DRH-001,DRH,488,281,600,8410.33,正常,15
2024-08-10,TLP-020,TLP,205,1313,297,2284.62,过库存,12
2024-08-10,TLP-004,TLP,147,1788,774,15198.0,正常,16
2024-08-10,DRH-029,DRH,313,1469,700,27984.45,过库存,12
2024-08-10,LFR-017,LFR,376,1706,672,41234.02,低库存预警,13
2024-08-10,VEN-012,VEN,413,1815,327,27134.25,正常,7
2024-08-10,CUP-028,CUP,93,9,540,109.71,正常,2
2024-08-10,VEN-020,VEN,244,1885,587,3638.05,正常,24
2024-08-10,BUM-025,BUM,258,1134,564,25537.68,正常,18
2024-08-10,BUM-019,BUM,373,1544,709,28826.48,正常,10
2024-08-10,VEN-002,VEN,340,875,215,29190.0,正常,25
2024-08-10,LRB-001,LRB,219,1048,631,13215.28,过库存,5
2024-08-10,HND-026,HND,209,1797,438,53209.17,低库存预警,30
2024-08-10,TLP-006,TLP,153,1408,318,40057.6,正常,14
2024-08-10,TLP-021,TLP,262,1040,377,9027.2,过库存,30
2024-08-10,DRH-020,DRH,23,140,393,4247.6,低库存预警,5
2024-08-10,BUM-009,BUM,209,672,160,14871.36,正常,24
2024-08-10,HND-020,HND,364,1370,282,13494.5,过库存,28
2024-08-10,CUP-013,CUP,479,732,109,14200.8,正常,23
2024-08-10,DRH-010,DRH,115,1656,454,10863.36,正常,30
2024-08-10,HND-021,HND,443,1672,759,44458.48,过库存,12
2024-08-10,TLM-024,TLM,130,1247,402,20276.22,过库存,20
2024-08-10,WLC-010,WLC,79,130,531,3272.1,正常,25
2024-08-10,TLM-011,TLM,320,517,775,17774.46,正常,29
2024-08-10,LRB-019,LRB,51,323,656,10936.78,过库存,25
2024-08-10,WLC-019,WLC,93,632,541,12437.76,低库存预警,26
2024-08-10,CUP-027,CUP,370,171,359,3428.55,低库存预警,27
2024-08-10,VEN-026,VEN,344,1745,361,37028.9,正常,27
2024-08-10,TLM-016,TLM,243,764,326,26487.88,正常,3
2024-08-10,DUO-014,DUO,84,1135,712,13154.65,正常,19
2024-08-10,LFR-005,LFR,148,160,613,273.6,低库存预警,18
2024-08-10,DRH-024,DRH,436,1656,294,13165.2,过库存,1
2024-08-10,TLP-018,TLP,162,1907,237,34039.95,正常,29
2024-08-10,WLC-008,WLC,457,1116,521,18916.2,正常,22
2024-08-10,DRH-025,DRH,175,1000,227,10510.0,过库存,22
2024-08-10,BUM-021,BUM,220,1812,550,41204.88,低库存预警,1
2024-08-10,HND-022,HND,339,1171,494,37764.75,正常,26
2024-08-10,DUO-005,DUO,151,735,155,8761.2,正常,28
2024-08-10,DRH-007,DRH,48,736,709,6462.08,过库存,7
2024-08-10,CUP-026,CUP,204,1696,547,19724.48,过库存,28
2024-08-10,WLC-021,WLC,382,664,107,5956.08,过库存,6
2024-08-10,CUP-020,CUP,356,1763,648,9978.58,低库存预警,17
2024-08-11,VEN-029,VEN,421,1277,256,14800.43,低库存预警,23
2024-08-11,WLC-003,WLC,137,567,338,4116.42,正常,20
2024-08-11,TLM-026,TLM,129,1063,262,19771.8,正常,1
2024-08-11,LFR-022,LFR,64,1644,415,57309.84,正常,7
2024-08-11,WLC-010,WLC,228,222,638,5587.74,正常,1
2024-08-11,TLP-020,TLP,400,1804,155,3138.96,正常,24
2024-08-11,LFR-004,LFR,281,832,510,15516.8,正常,23
2024-08-11,LRB-005,LRB,18,1454,787,35695.7,过库存,20
2024-08-11,DRH-005,DRH,448,912,746,23493.12,正常,24
2024-08-11,HND-017,HND,458,146,512,3209.08,正常,25
2024-08-11,TLP-015,TLP,244,374,756,7536.1,正常,2
2024-08-11,HND-020,HND,440,1376,698,13553.6,正常,1
2024-08-11,LRB-021,LRB,140,458,585,4996.78,过库存,23
2024-08-11,CUP-007,CUP,496,314,237,6634.82,正常,24
2024-08-11,LFR-017,LFR,311,960,217,23203.2,过库存,22
2024-08-11,TLP-009,TLP,209,1579,684,40359.24,正常,4
2024-08-11,BUM-016,BUM,203,152,569,1334.56,低库存预警,30
2024-08-11,HND-019,HND,307,1756,555,37718.88,正常,20
2024-08-11,CUP-028,CUP,26,204,159,2486.76,正常,21
2024-08-11,DRH-027,DRH,218,1355,507,33807.25,正常,7
2024-08-11,LFR-021,LFR,0,397,251,7769.29,正常,6
2024-08-11,WLC-020,WLC,26,390,283,4598.1,过库存,5
2024-08-11,TLP-013,TLP,85,1182,510,2742.24,正常,11
2024-08-11,DUO-004,DUO,162,1093,692,22865.56,正常,30
2024-08-11,LRB-002,LRB,408,810,120,20889.9,正常,28
2024-08-11,LFR-015,LFR,201,755,512,3676.85,过库存,4
2024-08-11,VEN-022,VEN,238,303,517,10165.65,正常,11
2024-08-11,DUO-013,DUO,385,874,761,3102.7,低库存预警,21
2024-08-11,WLC-007,WLC,193,23,454,791.2,正常,21
2024-08-11,DRH-018,DRH,207,200,177,4104.0,正常,5
2024-08-11,DUO-007,DUO,90,451,532,5475.14,低库存预警,6
2024-08-11,CUP-021,CUP,258,965,573,26508.55,低库存预警,2
2024-08-11,DRH-029,DRH,2,1169,704,22269.45,低库存预警,4
2024-08-11,VEN-014,VEN,323,646,368,4586.6,正常,25
2024-08-11,TLM-020,TLM,437,362,273,11410.24,正常,5
2024-08-11,VEN-017,VEN,325,1977,584,44798.82,正常,25
2024-08-11,VEN-004,VEN,208,1405,541,45465.8,正常,7
2024-08-11,CUP-022,CUP,241,1623,640,24637.14,低库存预警,27
2024-08-11,BUM-027,BUM,88,522,422,4421.34,正常,27
2024-08-11,VEN-009,VEN,381,1445,441,13149.5,正常,11
2024-08-11,TLP-001,TLP,156,989,129,7605.41,低库存预警,6
2024-08-11,HND-013,HND,281,379,774,6359.62,过库存,5
2024-08-11,WLC-015,WLC,19,178,471,3841.24,低库存预警,30
2024-08-11,WLC-023,WLC,151,1389,423,33224.88,正常,16
2024-08-11,DUO-010,DUO,178,1329,488,20253.96,低库存预警,3
2024-08-11,TLM-007,TLM,208,1545,790,5144.85,过库存,24
2024-08-11,WLC-006,WLC,372,745,528,8872.95,过库存,21
2024-08-11,BUM-006,BUM,295,73,706,1669.51,正常,9
2024-08-11,WLC-017,WLC,146,1060,315,2734.8,过库存,28
2024-08-11,HND-006,HND,241,915,482,10806.15,低库存预警,1
2024-08-11,CUP-027,CUP,480,1988,740,39859.4,正常,0
2024-08-11,TLM-009,TLM,212,1356,626,27879.36,过库存,6
2024-08-11,CUP-011,CUP,152,520,696,15308.8,低库存预警,10
2024-08-11,DRH-006,DRH,145,428,335,7635.52,低库存预警,8
2024-08-11,LRB-009,LRB,319,1372,409,37098.88,正常,7
2024-08-11,BUM-011,BUM,480,1989,797,57044.52,正常,5
2024-08-11,TLM-006,TLM,403,702,330,4794.66,正常,29
2024-08-11,VEN-018,VEN,242,19,796,117.8,低库存预警,25
2024-08-11,CUP-013,CUP,324,226,798,4384.4,过库存,19
2024-08-11,BUM-018,BUM,26,1778,309,29230.32,正常,27
2024-08-12,TLP-015,TLP,496,1261,256,25409.15,正常,12
2024-08-12,BUM-012,BUM,5,337,689,8890.06,正常,20
2024-08-12,TLM-003,TLM,378,275,315,2233.0,正常,0
2024-08-12,LFR-001,LFR,89,1303,264,5185.94,低库存预警,13
2024-08-12,TLP-004,TLP,452,1768,100,15028.0,低库存预警,27
2024-08-12,DRH-007,DRH,210,547,338,4802.66,正常,26
2024-08-12,HND-012,HND,289,252,257,1078.56,正常,16
2024-08-12,HND-002,HND,33,996,381,9163.2,正常,3
2024-08-12,LRB-014,LRB,89,256,356,4853.76,低库存预警,6
2024-08-12,DUO-003,DUO,310,1447,737,2300.73,正常,17
2024-08-12,VEN-022,VEN,340,825,515,27678.75,正常,18
2024-08-12,CUP-015,CUP,188,673,422,20506.31,正常,1
2024-08-12,TLP-003,TLP,128,1196,666,18059.6,正常,12
2024-08-12,HND-016,HND,297,1730,592,26313.3,正常,4
2024-08-12,DRH-018,DRH,103,2000,579,41040.0,正常,10
2024-08-12,VEN-026,VEN,40,1135,453,24084.7,低库存预警,30
2024-08-12,TLP-018,TLP,496,1998,376,35664.3,正常,17
2024-08-12,CUP-028,CUP,268,53,706,646.07,正常,8
2024-08-12,CUP-014,CUP,207,963,759,18152.55,低库存预警,30
2024-08-12,WLC-021,WLC,445,1614,696,14477.58,正常,27
2024-08-12,WLC-022,WLC,250,1048,243,35202.32,正常,21
2024-08-12,TLM-023,TLM,449,1554,300,47801.04,低库存预警,30
2024-08-12,BUM-002,BUM,455,1636,536,35452.12,正常,0
2024-08-12,LFR-010,LFR,312,1435,276,29962.8,正常,15
2024-08-12,WLC-006,WLC,169,432,504,5145.12,正常,18
2024-08-12,VEN-012,VEN,214,727,297,10868.65,正常,26
2024-08-12,TLM-006,TLM,307,494,230,3374.02,正常,4
2024-08-12,DRH-004,DRH,467,1355,106,20297.9,正常,19
2024-08-12,CUP-011,CUP,39,420,743,12364.8,过库存,18
2024-08-12,BUM-001,BUM,480,1507,633,7821.33,过库存,8
2024-08-12,LRB-001,LRB,106,979,490,12345.19,正常,25
2024-08-12,TLP-012,TLP,81,75,580,1601.25,低库存预警,2
2024-08-12,VEN-005,VEN,45,614,630,11180.94,正常,7
2024-08-12,WLC-019,WLC,41,574,373,11296.32,正常,24
2024-08-12,VEN-004,VEN,421,1374,114,44462.64,正常,14
2024-08-12,WLC-023,WLC,467,955,764,22843.6,低库存预警,11
2024-08-12,DRH-006,DRH,77,1808,471,32254.72,正常,12
2024-08-12,TLP-007,TLP,337,1785,519,20777.4,低库存预警,27
2024-08-12,LFR-008,LFR,439,1249,298,24755.18,正常,4
2024-08-12,LRB-003,LRB,413,1550,647,30442.0,正常,4
2024-08-12,BUM-018,BUM,100,88,342,1446.72,正常,24
2024-08-12,WLC-018,WLC,317,123,378,3999.96,正常,16
2024-08-12,WLC-011,WLC,455,689,737,11265.15,正常,4
2024-08-12,DRH-010,DRH,190,772,384,5064.32,正常,10
2024-08-12,LFR-002,LFR,483,1746,567,18926.64,正常,21
2024-08-12,HND-026,HND,198,1620,265,47968.2,过库存,2
2024-08-12,BUM-014,BUM,456,1677,662,12711.66,正常,18
2024-08-12,TLM-013,TLM,477,374,117,10984.38,过库存,15
2024-08-12,HND-003,HND,168,1764,390,18963.0,过库存,14
2024-08-12,DUO-007,DUO,341,1488,601,18064.32,正常,10
2024-08-12,DRH-001,DRH,221,448,115,13408.64,正常,12
2024-08-12,VEN-027,VEN,15,1996,337,17924.08,正常,6
2024-08-12,TLM-019,TLM,293,1320,379,38926.8,正常,27
2024-08-12,WLC-004,WLC,276,1031,367,6794.29,正常,21
2024-08-12,BUM-016,BUM,171,1743,705,15303.54,正常,2
2024-08-12,HND-001,HND,206,1144,749,7607.6,正常,21
2024-08-12,BUM-027,BUM,399,797,387,6750.59,低库存预警,21
2024-08-12,HND-009,HND,451,144,792,4386.24,过库存,27
2024-08-12,DRH-011,DRH,103,1397,723,42538.65,过库存,5
2024-08-12,VEN-003,VEN,381,857,165,25170.09,过库存,0
2024-08-13,VEN-003,VEN,474,247,257,7254.39,正常,13
2024-08-13,DUO-019,DUO,491,1016,793,14853.92,正常,15
2024-08-13,BUM-001,BUM,63,1890,579,9809.1,正常,14
2024-08-13,TLM-013,TLM,221,976,641,28665.12,低库存预警,7
2024-08-13,CUP-028,CUP,138,1987,119,24221.53,正常,16
2024-08-13,DRH-030,DRH,484,338,366,1821.82,正常,22
2024-08-13,BUM-007,BUM,15,1121,469,11366.94,正常,21
2024-08-13,VEN-006,VEN,2,1852,614,25853.92,正常,19
2024-08-13,DRH-012,DRH,145,557,124,13657.64,低库存预警,29
2024-08-13,LRB-018,LRB,356,386,364,4184.24,过库存,14
2024-08-13,TLM-008,TLM,398,279,498,6497.91,正常,1
2024-08-13,TLM-028,TLM,337,126,606,4159.26,低库存预警,13
2024-08-13,TLM-027,TLM,428,1335,430,20171.85,低库存预警,11
2024-08-13,LFR-009,LFR,291,1138,557,18708.72,低库存预警,1
2024-08-13,VEN-017,VEN,337,378,355,8565.48,正常,14
2024-08-13,LRB-002,LRB,118,1944,526,50135.76,正常,25
2024-08-13,DRH-025,DRH,445,476,195,5002.76,正常,4
2024-08-13,DRH-022,DRH,30,399,353,4863.81,低库存预警,27
2024-08-13,TLP-018,TLP,413,1670,721,29809.5,正常,14
2024-08-13,VEN-019,VEN,20,229,640,3973.15,正常,4
2024-08-13,LFR-021,LFR,310,1824,705,35695.68,正常,8
2024-08-13,VEN-005,VEN,95,409,328,7447.89,低库存预警,16
2024-08-13,VEN-022,VEN,232,1117,669,37475.35,正常,25
2024-08-13,LFR-005,LFR,171,1383,558,2364.93,低库存预警,21
2024-08-13,TLP-003,TLP,6,238,600,3593.8,正常,5
2024-08-13,CUP-006,CUP,455,1758,386,33384.42,低库存预警,9
2024-08-13,TLM-025,TLM,266,1082,612,14585.36,低库存预警,20
2024-08-13,HND-021,HND,463,903,488,24010.77,正常,30
2024-08-13,HND-003,HND,104,1550,555,16662.5,低库存预警,24
2024-08-13,BUM-013,BUM,14,1909,588,11167.65,低库存预警,21
2024-08-13,VEN-016,VEN,326,1453,445,48515.67,正常,10
2024-08-13,BUM-024,BUM,216,283,429,7853.25,低库存预警,26
2024-08-13,LFR-007,LFR,485,1615,171,5620.2,正常,1
2024-08-13,WLC-020,WLC,106,1956,111,23061.24,正常,20
2024-08-13,BUM-020,BUM,52,917,145,31168.83,正常,28
2024-08-13,CUP-011,CUP,442,1621,461,47722.24,正常,29
2024-08-13,VEN-010,VEN,20,357,247,4676.7,正常,14
2024-08-13,WLC-013,WLC,425,768,448,17971.2,低库存预警,19
2024-08-13,VEN-021,VEN,276,332,211,9877.0,低库存预警,5
2024-08-13,TLM-018,TLM,365,313,501,9274.19,正常,11
2024-08-13,LFR-018,LFR,239,817,574,19861.27,过库存,4
2024-08-13,DRH-018,DRH,199,1502,127,30821.04,过库存,22
2024-08-13,VEN-012,VEN,373,1001,585,14964.95,正常,14
2024-08-13,VEN-030,VEN,18,1517,271,17566.86,正常,2
2024-08-13,HND-015,HND,178,1586,244,21997.82,低库存预警,2
2024-08-13,HND-023,HND,110,270,293,2546.1,低库存预警,26
2024-08-13,DUO-003,DUO,217,524,295,833.16,低库存预警,26
2024-08-13,WLC-002,WLC,425,1560,258,40279.2,过库存,9
2024-08-13,LFR-014,LFR,469,1211,484,11153.31,正常,10
2024-08-13,TLM-015,TLM,76,308,116,2294.6,过库存,1
2024-08-13,LRB-013,LRB,79,1165,420,40029.4,正常,16
2024-08-13,BUM-022,BUM,29,1949,561,30774.71,低库存预警,17
2024-08-13,WLC-018,WLC,110,1315,566,42763.8,正常,18
2024-08-13,DRH-029,DRH,303,1233,499,23488.65,过库存,30
2024-08-13,DRH-020,DRH,356,957,447,29035.38,低库存预警,26
2024-08-13,BUM-005,BUM,238,1421,552,23460.71,低库存预警,10
2024-08-13,CUP-017,CUP,191,976,444,12092.64,正常,20
2024-08-13,HND-002,HND,173,682,311,6274.4,过库存,4
2024-08-13,HND-010,HND,246,1717,131,55510.61,过库存,30
2024-08-13,DRH-019,DRH,442,1563,634,30087.75,正常,1
2024-08-14,LRB-012,LRB,417,1726,464,7128.38,低库存预警,14
2024-08-14,VEN-005,VEN,424,245,461,4461.45,低库存预警,19
2024-08-14,TLM-027,TLM,478,121,496,1828.31,过库存,17
2024-08-14,HND-016,HND,158,367,530,5582.07,过库存,27
2024-08-14,BUM-025,BUM,42,421,208,9480.92,低库存预警,5
2024-08-14,LFR-016,LFR,12,509,709,8556.29,正常,1
2024-08-14,BUM-023,BUM,151,1416,165,8793.36,低库存预警,12
2024-08-14,DRH-015,DRH,142,530,446,3953.8,低库存预警,11
2024-08-14,WLC-013,WLC,226,1895,765,44343.0,过库存,13
2024-08-14,DRH-021,DRH,59,897,709,3435.51,正常,27
2024-08-14,HND-010,HND,188,1359,311,43936.47,正常,23
2024-08-14,HND-028,HND,228,290,211,2810.1,正常,26
2024-08-14,DRH-020,DRH,186,22,115,667.48,正常,28
2024-08-14,DUO-008,DUO,312,1437,501,13895.79,低库存预警,30
2024-08-14,WLC-005,WLC,328,992,264,3809.28,正常,3
2024-08-14,LRB-005,LRB,204,1891,638,46424.05,正常,1
2024-08-14,BUM-001,BUM,255,485,649,2517.15,正常,27
2024-08-14,WLC-021,WLC,209,1556,197,13957.32,低库存预警,12
2024-08-14,TLM-010,TLM,322,1315,266,13097.4,过库存,19
2024-08-14,CUP-021,CUP,59,1975,339,54253.25,正常,12
2024-08-14,TLP-016,TLP,161,944,700,24383.52,正常,25
2024-08-14,WLC-003,WLC,250,403,751,2925.78,正常,5
2024-08-14,LRB-020,LRB,486,1739,781,38031.93,正常,18
2024-08-14,TLM-014,TLM,5,549,769,11836.44,正常,0
2024-08-14,LRB-016,LRB,498,834,710,19832.52,正常,25
2024-08-14,DUO-025,DUO,148,1370,209,16672.9,低库存预警,9
2024-08-14,TLP-012,TLP,210,843,314,17998.05,低库存预警,8
2024-08-14,DRH-005,DRH,91,1224,235,31530.24,低库存预警,8
2024-08-14,DRH-002,DRH,248,1396,354,13108.44,正常,8
2024-08-14,LFR-012,LFR,372,273,654,4867.59,过库存,30
2024-08-14,VEN-006,VEN,199,1398,568,19516.08,正常,30
2024-08-14,WLC-023,WLC,394,1148,241,27460.16,正常,27
2024-08-14,TLP-023,TLP,279,410,662,10438.6,正常,4
2024-08-14,TLP-024,TLP,21,508,243,1778.0,正常,7
2024-08-14,VEN-030,VEN,152,450,202,5211.0,正常,20
2024-08-14,WLC-012,WLC,485,464,372,5512.32,正常,3
2024-08-14,TLP-010,TLP,160,145,591,680.05,正常,12
2024-08-14,CUP-024,CUP,286,1865,320,3450.25,过库存,22
2024-08-14,TLM-021,TLM,420,189,631,1298.43,低库存预警,9
2024-08-14,LRB-003,LRB,323,1019,591,20013.16,过库存,15
2024-08-14,BUM-002,BUM,302,1858,658,40262.86,低库存预警,14
2024-08-14,CUP-017,CUP,178,1701,160,21075.39,过库存,4
2024-08-14,DUO-016,DUO,223,35,207,794.85,低库存预警,16
2024-08-14,DRH-007,DRH,188,1388,509,12186.64,正常,3
2024-08-14,VEN-018,VEN,105,1709,640,10595.8,正常,18
2024-08-14,DUO-005,DUO,231,123,430,1466.16,低库存预警,26
2024-08-14,LFR-008,LFR,8,1677,397,33238.14,低库存预警,15
2024-08-14,DRH-029,DRH,471,625,236,11906.25,正常,10
2024-08-14,LFR-011,LFR,189,458,593,9054.66,低库存预警,19
2024-08-14,DRH-006,DRH,15,1147,336,20462.48,低库存预警,17
2024-08-14,DRH-004,DRH,69,559,604,8373.82,正常,21
2024-08-14,DRH-022,DRH,388,1717,125,20930.23,正常,22
2024-08-14,WLC-022,WLC,460,265,172,8901.35,正常,27
2024-08-14,CUP-015,CUP,497,1766,562,53810.02,正常,1
2024-08-14,CUP-002,CUP,219,731,161,3508.8,过库存,19
2024-08-14,DUO-003,DUO,378,1044,732,1659.96,过库存,0
2024-08-14,TLM-022,TLM,121,1715,171,7203.0,正常,9
2024-08-14,BUM-015,BUM,101,1079,750,12322.18,正常,7
2024-08-14,LFR-003,LFR,387,1698,800,45217.74,正常,0
2024-08-14,HND-005,HND,135,1397,116,38766.75,正常,28
2024-08-15,LRB-005,LRB,100,1128,614,27692.4,低库存预警,12
2024-08-15,DUO-002,DUO,403,165,167,2819.85,低库存预警,21
2024-08-15,TLP-007,TLP,238,1252,589,14573.28,正常,8
2024-08-15,LRB-022,LRB,185,947,429,16705.08,低库存预警,10
2024-08-15,LFR-009,LFR,302,1830,112,30085.2,过库存,6
2024-08-15,DRH-025,DRH,159,1632,227,17152.32,过库存,0
2024-08-15,LRB-006,LRB,366,1946,413,66514.28,正常,16
2024-08-15,HND-005,HND,189,1370,519,38017.5,正常,8
2024-08-15,BUM-010,BUM,448,757,659,23701.67,正常,29
2024-08-15,DRH-005,DRH,219,1064,352,27408.64,正常,6
2024-08-15,TLM-010,TLM,90,1718,321,17111.28,过库存,22
2024-08-15,TLP-018,TLP,43,579,473,10335.15,正常,29
2024-08-15,DRH-011,DRH,159,613,610,18665.85,过库存,2
2024-08-15,BUM-007,BUM,363,800,514,8112.0,过库存,25
2024-08-15,TLM-004,TLM,426,690,763,22390.5,正常,19
2024-08-15,LFR-010,LFR,472,862,673,17998.56,低库存预警,5
2024-08-15,LFR-013,LFR,285,135,535,1548.45,过库存,28
2024-08-15,CUP-012,CUP,153,411,220,6321.18,过库存,30
2024-08-15,VEN-020,VEN,136,601,248,1159.93,正常,30
2024-08-15,HND-002,HND,275,259,311,2382.8,过库存,13
2024-08-15,DRH-017,DRH,105,1574,546,8137.58,过库存,17
2024-08-15,TLM-002,TLM,293,769,302,3821.93,正常,27
2024-08-15,VEN-013,VEN,483,351,778,10926.63,低库存预警,0
2024-08-15,WLC-021,WLC,105,549,677,4924.53,正常,5
2024-08-15,TLP-009,TLP,294,1283,174,32793.48,正常,0
2024-08-15,CUP-028,CUP,325,661,305,8057.59,正常,27
2024-08-15,BUM-011,BUM,113,1926,198,55237.68,正常,20
2024-08-15,HND-018,HND,429,466,403,1095.1,正常,2
2024-08-15,LFR-007,LFR,41,181,287,629.88,正常,17
2024-08-15,DRH-004,DRH,476,378,742,5662.44,低库存预警,1
2024-08-15,LFR-002,LFR,26,824,336,8932.16,正常,14
2024-08-15,TLM-016,TLM,313,895,621,31029.65,低库存预警,3
2024-08-15,HND-024,HND,132,1939,702,40583.27,正常,23
2024-08-15,VEN-014,VEN,469,1994,159,14157.4,正常,23
2024-08-15,TLP-016,TLP,70,1518,729,39209.94,正常,21
2024-08-15,DUO-009,DUO,422,298,572,6249.06,过库存,27
2024-08-15,LRB-020,LRB,3,1287,455,28146.69,正常,26
2024-08-15,DRH-019,DRH,268,1582,649,30453.5,正常,5
2024-08-15,CUP-007,CUP,344,951,425,20094.63,过库存,2
2024-08-15,DUO-012,DUO,449,526,129,6012.18,低库存预警,20
2024-08-15,DRH-023,DRH,188,1450,452,11919.0,低库存预警,17
2024-08-15,DRH-009,DRH,102,1682,233,21765.08,过库存,23
2024-08-15,TLP-003,TLP,148,88,430,1328.8,正常,15
2024-08-15,WLC-007,WLC,413,701,622,24114.4,正常,17
2024-08-15,DUO-017,DUO,133,1027,562,13843.96,正常,28
2024-08-15,CUP-030,CUP,115,589,431,15066.62,正常,6
2024-08-15,HND-008,HND,83,1093,424,27084.54,过库存,9
2024-08-15,LFR-005,LFR,319,1421,531,2429.91,过库存,11
2024-08-15,VEN-012,VEN,231,348,795,5202.6,低库存预警,16
2024-08-15,LFR-014,LFR,496,535,657,4927.35,正常,19
2024-08-15,BUM-009,BUM,160,1289,530,28525.57,正常,22
2024-08-15,HND-014,HND,362,1542,498,34972.56,正常,1
2024-08-15,TLM-028,TLM,157,1373,351,45322.73,低库存预警,12
2024-08-15,BUM-015,BUM,287,985,540,11248.7,正常,20
2024-08-15,LFR-001,LFR,325,435,145,1731.3,过库存,15
2024-08-15,DRH-010,DRH,325,1204,173,7898.24,过库存,24
2024-08-15,BUM-014,BUM,292,1832,710,13886.56,正常,9
2024-08-15,VEN-028,VEN,412,1199,644,21474.09,正常,27
2024-08-15,CUP-014,CUP,490,694,176,13081.9,低库存预警,6
2024-08-15,DUO-024,DUO,328,839,249,8264.15,正常,3
2024-08-16,TLM-003,TLM,45,138,545,1120.56,正常,23
2024-08-16,DRH-004,DRH,108,731,137,10950.38,过库存,25
2024-08-16,LFR-006,LFR,480,99,428,744.48,正常,13
2024-08-16,HND-016,HND,45,1360,149,20685.6,正常,9
2024-08-16,WLC-023,WLC,183,1881,731,44993.52,正常,12
2024-08-16,DRH-023,DRH,112,990,284,8137.8,低库存预警,5
2024-08-16,WLC-005,WLC,469,1255,174,4819.2,过库存,8
2024-08-16,WLC-020,WLC,214,534,146,6295.86,正常,16
2024-08-16,DUO-010,DUO,253,1824,661,27797.76,正常,5
2024-08-16,HND-018,HND,4,252,312,592.2,过库存,27
2024-08-16,CUP-030,CUP,211,1741,150,44534.78,过库存,22
2024-08-16,TLP-024,TLP,131,1870,110,6545.0,过库存,29
2024-08-16,DRH-029,DRH,202,1965,740,37433.25,低库存预警,18
2024-08-16,TLM-006,TLM,86,485,285,3312.55,过库存,17
2024-08-16,LFR-011,LFR,117,1648,172,32580.96,正常,27
2024-08-16,CUP-021,CUP,174,1853,313,50901.91,低库存预警,4
2024-08-16,TLP-016,TLP,298,1916,712,49490.28,过库存,17
2024-08-16,TLM-010,TLM,192,1917,545,19093.32,低库存预警,1
2024-08-16,TLM-021,TLM,177,788,376,5413.56,低库存预警,13
2024-08-16,VEN-018,VEN,342,333,196,2064.6,低库存预警,0
2024-08-16,WLC-018,WLC,223,1476,590,47999.52,正常,8
2024-08-16,HND-024,HND,225,1476,231,30892.68,低库存预警,10
2024-08-16,DRH-014,DRH,4,158,542,1196.06,低库存预警,13
2024-08-16,TLM-028,TLM,455,253,634,8351.53,正常,27
2024-08-16,HND-011,HND,137,571,445,6480.85,正常,30
2024-08-16,HND-028,HND,214,95,281,920.55,正常,0
2024-08-16,TLM-018,TLM,158,1308,437,38756.04,正常,2
2024-08-16,DRH-016,DRH,412,1444,680,28114.68,正常,1
2024-08-16,DUO-022,DUO,33,1992,599,7649.28,低库存预警,15
2024-08-16,CUP-014,CUP,320,843,123,15890.55,正常,30
2024-08-16,CUP-028,CUP,118,833,510,10154.27,正常,30
2024-08-16,VEN-014,VEN,276,607,568,4309.7,正常,2
2024-08-16,BUM-003,BUM,236,1261,357,22269.26,正常,20
2024-08-16,CUP-004,CUP,116,1786,384,61027.62,低库存预警,0
2024-08-16,LFR-005,LFR,276,213,650,364.23,正常,17
2024-08-16,BUM-019,BUM,339,471,110,8793.57,正常,3
2024-08-16,LFR-009,LFR,358,524,550,8614.56,正常,27
2024-08-16,LFR-007,LFR,429,1881,601,6545.88,正常,17
2024-08-16,WLC-001,WLC,422,1957,178,36126.22,正常,0
2024-08-16,TLP-004,TLP,243,1931,698,16413.5,正常,22
2024-08-16,LRB-006,LRB,36,1446,117,49424.28,正常,21
2024-08-16,CUP-013,CUP,468,1928,486,37403.2,正常,2
2024-08-16,CUP-024,CUP,374,587,689,1085.95,正常,9
2024-08-16,DRH-007,DRH,94,548,229,4811.44,正常,9
2024-08-16,TLP-002,TLP,465,309,613,2051.76,过库存,25
2024-08-16,VEN-027,VEN,106,309,406,2774.82,过库存,18
2024-08-16,BUM-007,BUM,34,149,763,1510.86,正常,18
2024-08-16,TLM-008,TLM,359,1715,466,39942.35,正常,16
2024-08-16,TLM-025,TLM,64,305,475,4111.4,正常,30
2024-08-16,DRH-024,DRH,442,235,592,1868.25,正常,22
2024-08-16,CUP-012,CUP,479,1778,748,27345.64,正常,26
2024-08-16,LRB-011,LRB,333,679,351,3598.7,正常,17
2024-08-16,BUM-012,BUM,462,341,753,8995.58,过库存,3
2024-08-16,HND-010,HND,219,1552,113,50176.16,正常,7
2024-08-16,DUO-018,DUO,482,1576,590,4034.56,低库存预警,6
2024-08-16,DUO-007,DUO,121,1897,642,23029.58,过库存,29
2024-08-16,TLM-017,TLM,182,276,737,3673.56,过库存,29
2024-08-16,LRB-015,LRB,331,1066,556,22535.24,过库存,6
2024-08-16,LRB-013,LRB,450,10,328,343.6,低库存预警,24
2024-08-16,LRB-010,LRB,212,1892,462,22306.68,正常,2
2024-08-17,CUP-011,CUP,285,1898,180,55877.12,过库存,1
2024-08-17,LRB-018,LRB,320,753,718,8162.52,低库存预警,29
2024-08-17,DRH-020,DRH,482,99,786,3003.66,正常,0
2024-08-17,DRH-008,DRH,282,1871,473,65241.77,过库存,16
2024-08-17,LRB-004,LRB,281,1628,435,21294.24,正常,23
2024-08-17,CUP-010,CUP,314,1745,792,50098.95,正常,30
2024-08-17,TLM-026,TLM,56,120,788,2232.0,过库存,8
2024-08-17,WLC-020,WLC,126,1757,694,20715.03,低库存预警,19
2024-08-17,TLP-024,TLP,60,1695,579,5932.5,正常,11
2024-08-17,VEN-012,VEN,29,1467,571,21931.65,正常,0
2024-08-17,DUO-002,DUO,485,677,740,11569.93,低库存预警,22
2024-08-17,CUP-006,CUP,489,1095,304,20794.05,过库存,6
2024-08-17,VEN-021,VEN,332,1946,608,57893.5,过库存,17
2024-08-17,TLM-007,TLM,401,181,398,602.73,过库存,5
2024-08-17,LFR-019,LFR,184,379,232,6329.3,正常,28
2024-08-17,DRH-029,DRH,7,734,620,13982.7,正常,10
2024-08-17,HND-004,HND,481,1367,455,17757.33,正常,5
2024-08-17,LFR-003,LFR,237,1762,296,46922.06,正常,9
2024-08-17,VEN-015,VEN,167,1239,723,39437.37,正常,16
2024-08-17,HND-025,HND,67,1374,537,12558.36,正常,17
2024-08-17,CUP-024,CUP,275,1336,441,2471.6,低库存预警,9
2024-08-17,CUP-008,CUP,16,1596,296,3351.6,正常,30
2024-08-17,DUO-007,DUO,494,1628,542,19763.92,正常,10
2024-08-17,BUM-018,BUM,412,1998,374,32847.12,低库存预警,25
2024-08-17,LRB-021,LRB,237,1811,598,19758.01,正常,1
2024-08-17,TLP-023,TLP,476,289,407,7357.94,正常,11
2024-08-17,WLC-016,WLC,468,1497,469,46392.03,正常,26
2024-08-17,CUP-001,CUP,40,1906,129,12579.6,低库存预警,23
2024-08-17,TLP-005,TLP,462,872,688,5014.0,过库存,19
2024-08-17,BUM-014,BUM,327,1185,608,8982.3,低库存预警,20
2024-08-17,LRB-006,LRB,44,1079,510,36880.22,过库存,8
2024-08-17,HND-003,HND,50,1885,479,20263.75,正常,28
2024-08-17,WLC-013,WLC,108,1796,112,42026.4,正常,10
2024-08-17,HND-016,HND,117,1142,766,17369.82,正常,15
2024-08-17,LRB-001,LRB,170,1625,716,20491.25,正常,24
2024-08-17,TLM-013,TLM,46,196,594,5756.52,正常,4
2024-08-17,HND-011,HND,226,1176,116,13347.6,低库存预警,23
2024-08-17,LRB-003,LRB,495,1318,268,25885.52,正常,21
2024-08-17,WLC-021,WLC,155,1312,598,11768.64,正常,20
2024-08-17,BUM-024,BUM,220,1855,355,51476.25,过库存,2
2024-08-17,TLM-006,TLM,447,387,364,2643.21,低库存预警,1
2024-08-17,DUO-005,DUO,15,1079,581,12861.68,过库存,6
2024-08-17,BUM-005,BUM,500,582,666,9608.82,过库存,24
2024-08-17,DRH-007,DRH,80,384,124,3371.52,正常,1
2024-08-17,TLP-017,TLP,371,787,385,22767.91,低库存预警,13
2024-08-17,VEN-016,VEN,363,1466,737,48949.74,正常,12
2024-08-17,DRH-002,DRH,166,1150,354,10798.5,正常,11
2024-08-17,VEN-010,VEN,237,79,291,1034.9,正常,18
2024-08-17,LRB-017,LRB,447,333,314,8474.85,正常,20
2024-08-17,DUO-003,DUO,71,932,787,1481.88,正常,22
2024-08-17,WLC-025,WLC,130,1128,504,30004.8,正常,0
2024-08-17,DUO-022,DUO,64,551,567,2115.84,正常,1
2024-08-17,VEN-019,VEN,50,1268,504,21999.8,低库存预警,9
2024-08-17,BUM-009,BUM,243,1775,646,39280.75,正常,19
2024-08-17,CUP-003,CUP,79,176,426,6019.2,正常,1
2024-08-17,LFR-014,LFR,120,1613,294,14855.73,正常,17
2024-08-17,BUM-007,BUM,73,1161,786,11772.54,过库存,1
2024-08-17,LRB-002,LRB,124,1466,558,37808.14,正常,1
2024-08-17,BUM-026,BUM,256,841,226,9318.28,正常,0
2024-08-17,LRB-009,LRB,137,536,124,14493.44,正常,26
2024-08-18,DRH-018,DRH,413,124,702,2544.48,过库存,4
2024-08-18,HND-008,HND,401,811,387,20096.58,正常,24
2024-08-18,VEN-024,VEN,157,777,544,10489.5,低库存预警,19
2024-08-18,CUP-024,CUP,470,392,474,725.2,过库存,27
2024-08-18,LRB-015,LRB,216,1826,548,38601.64,正常,6
2024-08-18,BUM-006,BUM,382,1613,674,36889.31,正常,22
2024-08-18,BUM-025,BUM,358,1966,467,44274.32,低库存预警,8
2024-08-18,HND-017,HND,140,501,683,11011.98,正常,18
2024-08-18,DUO-004,DUO,444,1260,587,26359.2,正常,19
2024-08-18,CUP-008,CUP,34,273,389,573.3,正常,9
2024-08-18,CUP-004,CUP,253,488,266,16674.96,正常,5
2024-08-18,TLP-011,TLP,132,770,758,26387.9,低库存预警,23
2024-08-18,TLM-014,TLM,352,1645,663,35466.2,低库存预警,28
2024-08-18,WLC-007,WLC,282,854,540,29377.6,低库存预警,17
2024-08-18,LRB-012,LRB,180,458,216,1891.54,正常,26
2024-08-18,DUO-023,DUO,277,218,737,7119.88,低库存预警,14
2024-08-18,TLP-025,TLP,60,1363,273,4184.41,正常,13
2024-08-18,HND-015,HND,380,999,464,13856.13,正常,2
2024-08-18,DUO-001,DUO,457,1073,540,19603.71,正常,15
2024-08-18,DRH-010,DRH,480,261,615,1712.16,正常,3
2024-08-18,DUO-003,DUO,419,1880,661,2989.2,低库存预警,1
2024-08-18,WLC-014,WLC,224,1891,712,16338.24,正常,6
2024-08-18,TLM-026,TLM,12,1079,673,20069.4,正常,2
2024-08-18,WLC-004,WLC,175,523,489,3446.57,过库存,30
2024-08-18,DRH-030,DRH,157,1018,364,5487.02,过库存,7
2024-08-18,BUM-017,BUM,455,1260,613,7383.6,过库存,9
2024-08-18,TLM-021,TLM,154,630,519,4328.1,低库存预警,4
2024-08-18,HND-009,HND,369,410,771,12488.6,正常,26
2024-08-18,CUP-029,CUP,254,1676,762,3771.0,正常,6
2024-08-18,DRH-007,DRH,174,1599,136,14039.22,正常,23
2024-08-18,BUM-019,BUM,173,130,653,2427.1,过库存,12
2024-08-18,LRB-021,LRB,199,578,480,6305.98,正常,3
2024-08-18,DRH-016,DRH,394,1085,462,21124.95,正常,26
2024-08-18,CUP-005,CUP,180,584,240,19201.92,正常,22
2024-08-18,DUO-014,DUO,452,303,627,3511.77,正常,3
2024-08-18,CUP-020,CUP,49,1558,544,8818.28,正常,6
2024-08-18,DUO-007,DUO,209,829,621,10064.06,过库存,26
2024-08-18,VEN-020,VEN,110,883,160,1704.19,正常,19
2024-08-18,LFR-004,LFR,218,1212,290,22603.8,正常,28
2024-08-18,LFR-018,LFR,142,489,328,11887.59,正常,17
2024-08-18,TLP-009,TLP,195,1931,257,49356.36,正常,3
2024-08-18,DUO-015,DUO,181,1619,117,33545.68,低库存预警,3
2024-08-18,DUO-002,DUO,369,538,533,9194.42,正常,24
2024-08-18,TLM-006,TLM,10,106,599,723.98,正常,30
2024-08-18,TLP-010,TLP,105,769,427,3606.61,正常,6
2024-08-18,CUP-018,CUP,500,1989,359,36736.83,正常,20
2024-08-18,HND-028,HND,200,1711,622,16579.59,过库存,20
2024-08-18,TLP-002,TLP,426,506,649,3359.84,正常,30
2024-08-18,TLP-003,TLP,71,884,198,13348.4,正常,26
2024-08-18,VEN-018,VEN,443,354,461,2194.8,正常,4
2024-08-18,BUM-021,BUM,462,899,183,20443.26,正常,2
2024-08-18,BUM-005,BUM,393,1427,128,23559.77,正常,29
2024-08-18,HND-011,HND,204,287,682,3257.45,正常,22
2024-08-18,LRB-018,LRB,454,1850,265,20054.0,过库存,2
2024-08-18,BUM-002,BUM,203,1044,202,22623.48,正常,6
2024-08-18,CUP-030,CUP,287,348,530,8901.84,正常,11
2024-08-18,VEN-027,VEN,299,91,600,817.18,低库存预警,17
2024-08-18,DUO-021,DUO,98,1945,174,18360.8,正常,4
2024-08-18,LRB-019,LRB,175,464,345,15711.04,低库存预警,9
2024-08-18,WLC-022,WLC,228,998,742,33522.82,正常,0
2024-08-19,BUM-016,BUM,390,187,706,1641.86,正常,25
2024-08-19,LFR-021,LFR,7,217,420,4246.69,正常,16
2024-08-19,TLM-004,TLM,121,1560,694,50622.0,正常,24
2024-08-19,HND-003,HND,227,1078,328,11588.5,低库存预警,3
2024-08-19,VEN-024,VEN,211,1267,100,17104.5,过库存,4
2024-08-19,CUP-016,CUP,244,1670,248,25233.7,过库存,12
2024-08-19,DUO-003,DUO,328,1413,489,2246.67,正常,22
2024-08-19,TLM-014,TLM,70,1792,121,38635.52,低库存预警,18
2024-08-19,TLM-017,TLM,164,1214,310,16158.34,低库存预警,15
2024-08-19,BUM-023,BUM,291,1894,722,11761.74,正常,5
2024-08-19,WLC-016,WLC,91,613,211,18996.87,过库存,17
2024-08-19,VEN-022,VEN,52,574,116,19257.7,低库存预警,13
2024-08-19,WLC-025,WLC,33,1538,719,40910.8,正常,14
2024-08-19,HND-006,HND,140,1198,585,14148.38,正常,18
2024-08-19,CUP-010,CUP,381,310,163,8900.1,低库存预警,2
2024-08-19,LFR-022,LFR,52,1515,513,52812.9,过库存,1
2024-08-19,DRH-006,DRH,127,1292,548,23049.28,正常,17
2024-08-19,HND-015,HND,122,1143,618,15853.41,过库存,3
2024-08-19,HND-001,HND,153,1520,547,10108.0,正常,2
2024-08-19,LFR-015,LFR,181,1461,539,7115.07,过库存,20
2024-08-19,LRB-007,LRB,485,928,569,4797.76,正常,27
2024-08-19,LRB-014,LRB,268,1090,344,20666.4,正常,2
2024-08-19,VEN-013,VEN,152,1887,783,58742.31,正常,30
2024-08-19,CUP-003,CUP,290,616,334,21067.2,过库存,30
2024-08-19,DUO-021,DUO,110,169,300,1595.36,正常,17
2024-08-19,DUO-024,DUO,347,929,466,9150.65,正常,20
2024-08-19,CUP-014,CUP,99,711,287,13402.35,正常,9
2024-08-19,VEN-016,VEN,460,310,561,10350.9,正常,10
2024-08-19,CUP-023,CUP,370,1020,739,12933.6,正常,11
2024-08-19,BUM-014,BUM,413,1123,497,8512.34,正常,10
2024-08-19,BUM-022,BUM,81,1515,621,23921.85,过库存,12
2024-08-19,BUM-012,BUM,337,836,574,22053.68,正常,5
2024-08-19,HND-017,HND,110,78,428,1714.44,低库存预警,3
2024-08-19,DUO-018,DUO,422,862,108,2206.72,正常,16
2024-08-19,TLM-007,TLM,299,1369,451,4558.77,低库存预警,3
2024-08-19,TLM-009,TLM,337,1405,159,28886.8,过库存,8
2024-08-19,TLM-021,TLM,330,65,180,446.55,低库存预警,25
2024-08-19,TLP-007,TLP,170,652,283,7589.28,低库存预警,30
2024-08-19,LFR-003,LFR,149,606,151,16137.78,正常,3
2024-08-19,HND-021,HND,435,899,473,23904.41,正常,16
2024-08-19,DUO-002,DUO,250,1323,555,22610.07,正常,9
2024-08-19,VEN-027,VEN,99,1815,678,16298.7,正常,26
2024-08-19,VEN-023,VEN,172,184,793,1394.72,正常,29
2024-08-19,LRB-005,LRB,327,1826,116,44828.3,正常,11
2024-08-19,LRB-011,LRB,192,403,524,2135.9,正常,8
2024-08-19,WLC-011,WLC,489,1548,499,25309.8,低库存预警,12
2024-08-19,DRH-027,DRH,69,1461,205,36451.95,正常,19
2024-08-19,WLC-004,WLC,472,1714,743,11295.26,正常,25
2024-08-19,DUO-016,DUO,38,1781,219,40446.51,正常,15
2024-08-19,DUO-007,DUO,74,1125,499,13657.5,正常,12
2024-08-19,LFR-013,LFR,389,1816,477,20829.52,正常,9
2024-08-19,DUO-008,DUO,68,270,328,2610.9,正常,15
2024-08-19,WLC-007,WLC,365,235,794,8084.0,低库存预警,6
2024-08-19,CUP-008,CUP,226,1694,786,3557.4,正常,10
2024-08-19,DRH-013,DRH,373,1584,543,13004.64,过库存,20
2024-08-19,DUO-017,DUO,228,1337,655,18022.76,正常,30
2024-08-19,HND-014,HND,429,458,111,10387.44,正常,1
2024-08-19,HND-004,HND,251,1342,413,17432.58,正常,7
2024-08-19,TLP-025,TLP,200,1860,411,5710.2,过库存,23
2024-08-19,TLM-020,TLM,69,309,376,9739.68,过库存,23
2024-08-20,LRB-017,LRB,193,717,436,18247.65,正常,10
2024-08-20,LRB-004,LRB,144,1259,471,16467.72,正常,1
2024-08-20,DRH-008,DRH,253,1048,322,36543.76,低库存预警,14
2024-08-20,DRH-018,DRH,65,684,305,14035.68,正常,20
2024-08-20,CUP-022,CUP,42,1474,288,22375.32,正常,16
2024-08-20,TLP-018,TLP,488,769,794,13726.65,正常,2
2024-08-20,TLP-004,TLP,271,1456,474,12376.0,低库存预警,16
2024-08-20,VEN-027,VEN,220,718,486,6447.64,正常,28
2024-08-20,BUM-026,BUM,107,403,128,4465.24,过库存,6
2024-08-20,HND-004,HND,30,1279,409,16614.21,过库存,26
2024-08-20,HND-002,HND,421,1676,743,15419.2,过库存,5
2024-08-20,BUM-014,BUM,331,1052,207,7974.16,正常,12
2024-08-20,DUO-008,DUO,375,47,267,454.49,正常,2
2024-08-20,LRB-016,LRB,124,1288,400,30628.64,正常,16
2024-08-20,LFR-016,LFR,30,763,504,12826.03,正常,21
2024-08-20,BUM-008,BUM,69,1646,506,50005.48,正常,11
2024-08-20,BUM-001,BUM,133,1817,212,9430.23,低库存预警,19
2024-08-20,VEN-030,VEN,127,1138,630,13178.04,正常,22
2024-08-20,WLC-023,WLC,149,6,292,143.52,低库存预警,23
2024-08-20,LRB-008,LRB,226,822,122,25786.14,正常,3
2024-08-20,BUM-028,BUM,111,654,422,20417.88,过库存,20
2024-08-20,DUO-020,DUO,294,1158,235,24584.34,正常,20
2024-08-20,DRH-029,DRH,104,1586,153,30213.3,正常,3
2024-08-20,BUM-024,BUM,149,885,373,24558.75,正常,1
2024-08-20,BUM-003,BUM,68,761,590,13439.26,正常,27
2024-08-20,LFR-003,LFR,290,1679,293,44711.77,正常,27
2024-08-20,BUM-018,BUM,271,1226,680,20155.44,正常,30
2024-08-20,DRH-017,DRH,102,1065,374,5506.05,正常,13
2024-08-20,BUM-011,BUM,472,1642,569,47092.56,低库存预警,28
2024-08-20,TLP-008,TLP,349,237,170,5669.04,正常,15
2024-08-20,LFR-009,LFR,255,1936,421,31827.84,正常,24
2024-08-20,DUO-024,DUO,457,829,513,8165.65,正常,0
2024-08-20,CUP-011,CUP,135,577,607,16986.88,过库存,8
2024-08-20,LRB-007,LRB,251,1193,184,6167.81,过库存,12
2024-08-20,DUO-002,DUO,73,468,499,7998.12,正常,27
2024-08-20,CUP-002,CUP,18,316,701,1516.8,过库存,7
2024-08-20,DUO-021,DUO,470,1277,297,12054.88,低库存预警,1
2024-08-20,HND-007,HND,241,870,432,3410.4,正常,28
2024-08-20,VEN-028,VEN,197,548,416,9814.68,正常,13
2024-08-20,VEN-029,VEN,193,1134,372,13143.06,低库存预警,28
2024-08-20,TLP-022,TLP,22,652,338,15361.12,过库存,17
2024-08-20,VEN-013,VEN,333,1468,362,45698.84,正常,23
2024-08-20,TLM-003,TLM,196,844,302,6853.28,正常,10
2024-08-20,DRH-006,DRH,324,1862,123,33218.08,正常,10
2024-08-20,CUP-014,CUP,130,25,319,471.25,正常,6
2024-08-20,LFR-002,LFR,413,250,191,2710.0,正常,20
2024-08-20,DRH-025,DRH,326,188,570,1975.88,低库存预警,2
2024-08-20,VEN-008,VEN,478,1331,662,44215.82,低库存预警,20
2024-08-20,CUP-026,CUP,438,270,361,3140.1,低库存预警,28
2024-08-20,WLC-007,WLC,98,1074,719,36945.6,过库存,18
2024-08-20,TLM-028,TLM,348,1223,677,40371.23,正常,14
2024-08-20,BUM-005,BUM,3,223,532,3681.73,过库存,1
2024-08-20,DUO-003,DUO,144,1622,403,2578.98,正常,28
2024-08-20,LRB-019,LRB,500,708,583,23972.88,低库存预警,29
2024-08-20,VEN-023,VEN,315,1713,231,12984.54,正常,5
2024-08-20,TLM-024,TLM,166,829,277,13479.54,低库存预警,5
2024-08-20,HND-017,HND,129,1426,779,31343.48,过库存,9
2024-08-20,CUP-005,CUP,294,1899,255,62439.12,低库存预警,6
2024-08-20,VEN-026,VEN,294,1049,280,22259.78,正常,27
2024-08-20,HND-024,HND,97,1372,587,28715.96,正常,21
2024-08-21,LFR-021,LFR,473,1436,436,28102.52,低库存预警,14
2024-08-21,BUM-012,BUM,403,64,448,1688.32,过库存,12
2024-08-21,HND-025,HND,296,1001,344,9149.14,过库存,21
2024-08-21,CUP-002,CUP,201,592,432,2841.6,低库存预警,7
2024-08-21,LFR-017,LFR,25,402,615,9716.34,正常,22
2024-08-21,TLP-018,TLP,368,428,708,7639.8,正常,4
2024-08-21,WLC-001,WLC,197,431,321,7956.26,正常,24
2024-08-21,VEN-027,VEN,6,1932,453,17349.36,正常,5
2024-08-21,BUM-005,BUM,245,1690,607,27901.9,正常,4
2024-08-21,WLC-018,WLC,271,793,714,25788.36,正常,11
2024-08-21,CUP-027,CUP,212,1901,713,38115.05,过库存,4
2024-08-21,TLM-017,TLM,302,1118,576,14880.58,正常,4
2024-08-21,CUP-029,CUP,432,212,154,477.0,过库存,20
2024-08-21,LFR-019,LFR,406,1092,550,18236.4,正常,27
2024-08-21,DRH-026,DRH,169,1143,370,3417.57,过库存,29
2024-08-21,LFR-002,LFR,213,1700,509,18428.0,正常,16
2024-08-21,WLC-021,WLC,268,1843,597,16531.71,低库存预警,7
2024-08-21,TLP-009,TLP,339,1122,276,28678.32,正常,18
2024-08-21,VEN-028,VEN,303,1610,726,28835.1,过库存,1
2024-08-21,VEN-016,VEN,470,593,349,19800.27,正常,1
2024-08-21,VEN-018,VEN,444,224,469,1388.8,正常,5
2024-08-21,TLM-008,TLM,326,1749,155,40734.21,正常,11
2024-08-21,WLC-009,WLC,97,1799,197,55643.07,正常,22
2024-08-21,LRB-021,LRB,463,184,189,2007.44,低库存预警,0
2024-08-21,DUO-005,DUO,84,346,380,4124.32,低库存预警,9
2024-08-21,CUP-026,CUP,320,493,678,5733.59,正常,27
2024-08-21,TLM-003,TLM,498,1615,551,13113.8,正常,7
2024-08-21,WLC-025,WLC,437,455,230,12103.0,正常,4
2024-08-21,HND-017,HND,408,681,575,14968.38,正常,22
2024-08-21,TLM-001,TLM,107,777,341,5306.91,正常,9
2024-08-21,LRB-001,LRB,306,245,213,3089.45,过库存,21
2024-08-21,DUO-013,DUO,40,151,396,536.05,正常,28
2024-08-21,TLP-016,TLP,493,140,773,3616.2,低库存预警,3
2024-08-21,HND-024,HND,391,1501,646,31415.93,正常,0
2024-08-21,WLC-016,WLC,453,1237,687,38334.63,过库存,10
2024-08-21,VEN-025,VEN,473,551,487,7477.07,正常,14
2024-08-21,LRB-007,LRB,496,1409,242,7284.53,正常,0
2024-08-21,DUO-011,DUO,157,563,226,3293.55,正常,25
2024-08-21,LFR-001,LFR,308,1044,252,4155.12,正常,6
2024-08-21,WLC-024,WLC,337,1595,693,10766.25,正常,19
2024-08-21,WLC-015,WLC,90,1511,386,32607.38,过库存,11
2024-08-21,WLC-011,WLC,142,1307,524,21369.45,低库存预警,15
2024-08-21,DUO-012,DUO,3,1167,329,13338.81,正常,9
2024-08-21,CUP-011,CUP,426,1815,422,53433.6,低库存预警,0
2024-08-21,VEN-019,VEN,368,429,348,7443.15,正常,10
2024-08-21,VEN-005,VEN,230,1322,775,24073.62,低库存预警,15
2024-08-21,DRH-001,DRH,354,454,141,13588.22,低库存预警,17
2024-08-21,LFR-008,LFR,287,923,710,18293.86,正常,28
2024-08-21,TLP-013,TLP,28,224,714,519.68,正常,2
2024-08-21,DUO-019,DUO,174,310,248,4532.2,正常,8
2024-08-21,BUM-019,BUM,390,336,169,6273.12,正常,28
2024-08-21,DRH-015,DRH,180,1364,422,10175.44,正常,7
2024-08-21,HND-001,HND,144,225,198,1496.25,正常,2
2024-08-21,DUO-018,DUO,232,1365,137,3494.4,低库存预警,27
2024-08-21,BUM-010,BUM,374,766,711,23983.46,正常,10
2024-08-21,WLC-005,WLC,356,251,357,963.84,正常,11
2024-08-21,VEN-010,VEN,63,468,467,6130.8,正常,18
2024-08-21,TLP-001,TLP,120,1909,105,14680.21,低库存预警,20
2024-08-21,DUO-002,DUO,393,33,289,563.97,低库存预警,13
2024-08-21,LRB-012,LRB,341,617,687,2548.21,低库存预警,29
2024-08-22,DRH-012,DRH,218,515,505,12627.8,过库存,27
2024-08-22,WLC-012,WLC,434,985,744,11701.8,正常,2
2024-08-22,DRH-024,DRH,319,1549,724,12314.55,过库存,5
2024-08-22,WLC-001,WLC,32,1031,240,19032.26,正常,19
2024-08-22,DUO-003,DUO,261,1803,286,2866.77,低库存预警,15
2024-08-22,TLP-005,TLP,21,820,253,4715.0,过库存,23
2024-08-22,TLP-012,TLP,419,786,397,16781.1,正常,12
2024-08-22,VEN-010,VEN,431,1644,770,21536.4,正常,25
2024-08-22,DUO-005,DUO,104,1083,480,12909.36,正常,1
2024-08-22,HND-028,HND,125,1998,193,19360.62,过库存,11
2024-08-22,DUO-008,DUO,38,990,329,9573.3,过库存,1
2024-08-22,DRH-009,DRH,45,334,499,4321.96,低库存预警,7
2024-08-22,CUP-001,CUP,432,430,267,2838.0,过库存,13
2024-08-22,LFR-018,LFR,266,583,395,14172.73,正常,1
2024-08-22,HND-002,HND,487,485,799,4462.0,正常,16
2024-08-22,TLP-006,TLP,13,1577,532,44865.65,过库存,8
2024-08-22,BUM-007,BUM,460,648,311,6570.72,正常,25
2024-08-22,DRH-007,DRH,97,723,363,6347.94,正常,29
2024-08-22,VEN-027,VEN,414,1540,493,13829.2,过库存,4
2024-08-22,LRB-008,LRB,274,1839,524,57689.43,过库存,26
2024-08-22,DUO-025,DUO,401,1039,693,12644.63,过库存,12
2024-08-22,VEN-025,VEN,469,1222,651,16582.54,低库存预警,18
2024-08-22,CUP-017,CUP,189,360,796,4460.4,过库存,4
2024-08-22,TLP-009,TLP,197,698,237,17840.88,低库存预警,24
2024-08-22,LRB-001,LRB,62,281,410,3543.41,过库存,7
2024-08-22,TLM-006,TLM,458,171,366,1167.93,正常,29
2024-08-22,TLM-026,TLM,334,781,566,14526.6,正常,22
2024-08-22,TLP-008,TLP,496,496,447,11864.32,正常,8
2024-08-22,LRB-010,LRB,262,520,696,6130.8,过库存,11
2024-08-22,BUM-028,BUM,14,1950,791,60879.0,低库存预警,19
2024-08-22,LFR-003,LFR,122,1340,527,35684.2,正常,0
2024-08-22,BUM-014,BUM,273,954,729,7231.32,正常,30
2024-08-22,VEN-006,VEN,11,1190,791,16612.4,过库存,30
2024-08-22,LRB-019,LRB,342,1060,236,35891.6,正常,25
2024-08-22,TLP-022,TLP,280,1686,695,39722.16,正常,13
2024-08-22,WLC-011,WLC,121,1134,780,18540.9,低库存预警,28
2024-08-22,VEN-020,VEN,462,1773,728,3421.89,低库存预警,17
2024-08-22,BUM-009,BUM,94,395,303,8741.35,正常,28
2024-08-22,LFR-014,LFR,299,69,602,635.49,正常,10
2024-08-22,HND-006,HND,493,363,308,4287.03,正常,27
2024-08-22,WLC-015,WLC,423,201,786,4337.58,正常,25
2024-08-22,CUP-007,CUP,272,595,656,12572.35,过库存,25
2024-08-22,TLM-009,TLM,32,1078,635,22163.68,低库存预警,6
2024-08-22,DRH-003,DRH,462,1143,708,10641.33,正常,11
2024-08-22,HND-025,HND,340,491,394,4487.74,正常,16
2024-08-22,DRH-004,DRH,7,970,319,14530.6,正常,27
2024-08-22,CUP-014,CUP,133,138,138,2601.3,正常,4
2024-08-22,VEN-007,VEN,221,195,132,2964.0,过库存,17
2024-08-22,LFR-020,LFR,115,1204,445,37420.32,正常,0
2024-08-22,HND-019,HND,337,951,760,20427.48,正常,22
2024-08-22,HND-026,HND,38,1910,569,56555.1,正常,4
2024-08-22,HND-023,HND,64,1331,612,12551.33,正常,20
2024-08-22,CUP-004,CUP,443,1702,454,58157.34,过库存,16
2024-08-22,LRB-013,LRB,227,1241,382,42640.76,低库存预警,1
2024-08-22,VEN-009,VEN,174,124,475,1128.4,正常,19
2024-08-22,LRB-020,LRB,446,206,113,4505.22,正常,30
2024-08-22,LFR-013,LFR,87,251,234,2878.97,过库存,11
2024-08-22,DRH-002,DRH,226,975,168,9155.25,正常,24
2024-08-22,CUP-002,CUP,309,1789,470,8587.2,正常,8
2024-08-22,TLP-010,TLP,27,1573,574,7377.37,正常,12
2024-08-23,WLC-018,WLC,212,1284,670,41755.68,过库存,5
2024-08-23,TLM-011,TLM,347,71,237,2440.98,正常,26
2024-08-23,LRB-017,LRB,353,1527,442,38862.15,正常,28
2024-08-23,VEN-001,VEN,114,1135,312,3972.5,过库存,21
2024-08-23,LRB-011,LRB,102,1659,304,8792.7,正常,18
2024-08-23,BUM-007,BUM,419,623,695,6317.22,正常,21
2024-08-23,DUO-003,DUO,420,1634,483,2598.06,过库存,16
2024-08-23,BUM-026,BUM,401,394,489,4365.52,低库存预警,11
2024-08-23,CUP-017,CUP,229,1579,710,19563.81,正常,7
2024-08-23,VEN-023,VEN,487,1860,251,14098.8,正常,22
2024-08-23,LFR-001,LFR,373,1268,657,5046.64,过库存,3
2024-08-23,BUM-010,BUM,444,730,715,22856.3,低库存预警,10
2024-08-23,HND-014,HND,172,591,741,13403.88,正常,10
2024-08-23,TLM-028,TLM,100,661,775,21819.61,正常,24
2024-08-23,TLM-025,TLM,31,1262,270,17011.76,过库存,22
2024-08-23,LFR-003,LFR,100,1926,476,51289.38,正常,7
2024-08-23,HND-005,HND,370,1674,259,46453.5,正常,7
2024-08-23,VEN-011,VEN,18,914,772,29531.34,正常,30
2024-08-23,TLP-013,TLP,231,1322,453,3067.04,过库存,16
2024-08-23,WLC-002,WLC,95,751,612,19390.82,低库存预警,3
2024-08-23,LFR-006,LFR,285,734,574,5519.68,低库存预警,7
2024-08-23,HND-016,HND,382,412,225,6266.52,正常,0
2024-08-23,CUP-002,CUP,149,394,151,1891.2,过库存,28
2024-08-23,VEN-007,VEN,458,134,460,2036.8,正常,0
2024-08-23,WLC-020,WLC,30,128,736,1509.12,正常,16
2024-08-23,BUM-020,BUM,329,172,378,5846.28,正常,18
2024-08-23,VEN-022,VEN,59,819,705,27477.45,正常,8
2024-08-23,DUO-007,DUO,97,1963,208,23830.82,低库存预警,15
2024-08-23,TLM-021,TLM,229,1032,193,7089.84,过库存,7
2024-08-23,WLC-005,WLC,269,813,378,3121.92,正常,22
2024-08-23,TLP-016,TLP,226,963,711,24874.29,正常,20
2024-08-23,VEN-015,VEN,380,1587,753,50514.21,正常,17
2024-08-23,CUP-018,CUP,402,1380,799,25488.6,正常,9
2024-08-23,LRB-004,LRB,320,278,771,3636.24,正常,3
2024-08-23,VEN-026,VEN,67,1864,448,39554.08,过库存,8
2024-08-23,LRB-007,LRB,155,786,557,4063.62,正常,28
2024-08-23,VEN-025,VEN,353,1537,236,20857.09,低库存预警,16
2024-08-23,TLP-011,TLP,71,999,188,34235.73,正常,6
2024-08-23,WLC-010,WLC,456,1414,193,35590.38,正常,13
2024-08-23,WLC-007,WLC,39,1660,551,57104.0,正常,7
2024-08-23,BUM-018,BUM,426,502,150,8252.88,正常,10
2024-08-23,WLC-021,WLC,204,324,515,2906.28,正常,25
2024-08-23,HND-011,HND,70,1528,532,17342.8,正常,12
2024-08-23,DRH-015,DRH,63,742,615,5535.32,低库存预警,29
2024-08-23,TLP-023,TLP,347,1244,162,31672.24,过库存,30
2024-08-23,CUP-003,CUP,400,503,205,17202.6,正常,9
2024-08-23,DUO-023,DUO,489,993,335,32431.38,正常,6
2024-08-23,CUP-010,CUP,30,1156,722,33188.76,过库存,21
2024-08-23,LRB-013,LRB,188,1642,797,56419.12,正常,0
2024-08-23,LFR-009,LFR,85,1120,523,18412.8,低库存预警,4
2024-08-23,TLP-021,TLP,74,418,387,3628.24,低库存预警,20
2024-08-23,TLP-020,TLP,239,1429,569,2486.46,低库存预警,15
2024-08-23,TLM-002,TLM,128,41,549,203.77,正常,6
2024-08-23,HND-026,HND,97,1827,458,54097.47,正常,18
2024-08-23,HND-023,HND,381,745,448,7025.35,过库存,26
2024-08-23,LRB-014,LRB,437,930,600,17632.8,低库存预警,16
2024-08-23,TLP-014,TLP,27,977,581,31742.73,低库存预警,0
2024-08-23,LFR-010,LFR,150,421,507,8790.48,低库存预警,2
2024-08-23,TLM-026,TLM,401,1957,476,36400.2,正常,24
2024-08-23,VEN-013,VEN,74,1311,535,40811.43,低库存预警,3
2024-08-24,VEN-002,VEN,141,1280,597,42700.8,正常,9
2024-08-24,LRB-010,LRB,448,1156,702,13629.24,正常,30
2024-08-24,CUP-027,CUP,359,168,770,3368.4,正常,11
2024-08-24,DRH-006,DRH,369,1391,147,24815.44,过库存,3
2024-08-24,CUP-006,CUP,52,1443,788,27402.57,正常,28
2024-08-24,TLM-017,TLM,495,667,132,8877.77,正常,29
2024-08-24,WLC-004,WLC,233,1817,347,11974.03,正常,20
2024-08-24,TLP-024,TLP,361,604,124,2114.0,低库存预警,17
2024-08-24,VEN-009,VEN,423,1987,222,18081.7,过库存,7
2024-08-24,TLM-012,TLM,289,332,452,9813.92,正常,16
2024-08-24,TLM-027,TLM,399,947,211,14309.17,正常,0
2024-08-24,HND-019,HND,141,687,619,14756.76,正常,25
2024-08-24,DUO-021,DUO,382,894,217,8439.36,正常,17
2024-08-24,BUM-026,BUM,44,1593,330,17650.44,正常,14
2024-08-24,DUO-011,DUO,454,184,221,1076.4,正常,26
2024-08-24,LRB-009,LRB,158,946,354,25579.84,过库存,19
2024-08-24,DUO-019,DUO,443,1850,370,27047.0,正常,12
2024-08-24,HND-011,HND,175,1498,357,17002.3,正常,21
2024-08-24,DRH-020,DRH,132,1430,165,43386.2,正常,13
2024-08-24,DUO-018,DUO,277,176,538,450.56,正常,9
2024-08-24,DUO-008,DUO,431,1861,311,17995.87,过库存,30
2024-08-24,LFR-011,LFR,352,1138,603,22498.26,正常,14
2024-08-24,LFR-010,LFR,493,1586,158,33115.68,正常,12
2024-08-24,DUO-010,DUO,214,672,395,10241.28,正常,29
2024-08-24,DRH-014,DRH,5,1901,708,14390.57,过库存,16
2024-08-24,VEN-017,VEN,431,1469,207,33287.54,过库存,23
2024-08-24,DRH-029,DRH,457,1890,109,36004.5,正常,4
2024-08-24,HND-027,HND,77,746,225,18500.8,过库存,29
2024-08-24,CUP-015,CUP,65,466,312,14199.02,低库存预警,23
2024-08-24,LRB-003,LRB,367,661,489,12982.04,正常,11
2024-08-24,VEN-011,VEN,191,1290,462,41679.9,正常,10
2024-08-24,LRB-007,LRB,291,278,539,1437.26,低库存预警,1
2024-08-24,DUO-004,DUO,236,430,425,8995.6,过库存,27
2024-08-24,DUO-006,DUO,113,1918,631,63389.9,低库存预警,13
2024-08-24,BUM-025,BUM,136,563,610,12678.76,过库存,22
2024-08-24,CUP-025,CUP,284,542,536,17669.2,低库存预警,13
2024-08-24,LFR-008,LFR,321,176,794,3488.32,正常,2
2024-08-24,HND-002,HND,304,388,737,3569.6,过库存,18
2024-08-24,DRH-011,DRH,461,364,266,11083.8,过库存,0
2024-08-24,LRB-021,LRB,245,1552,312,16932.32,正常,0
2024-08-24,HND-018,HND,74,869,374,2042.15,低库存预警,7
2024-08-24,WLC-006,WLC,290,711,797,8468.01,低库存预警,7
2024-08-24,CUP-017,CUP,231,240,190,2973.6,正常,2
2024-08-24,LFR-020,LFR,159,1309,588,40683.72,正常,30
2024-08-24,BUM-023,BUM,439,299,640,1856.79,正常,22
2024-08-24,TLP-010,TLP,112,174,268,816.06,正常,4
2024-08-24,TLP-019,TLP,276,1009,628,2542.68,正常,17
2024-08-24,LRB-022,LRB,457,1773,764,31275.72,正常,6
2024-08-24,DRH-019,DRH,158,557,221,10722.25,正常,27
2024-08-24,TLM-026,TLM,223,1277,186,23752.2,正常,24
2024-08-24,CUP-014,CUP,5,1064,480,20056.4,正常,4
2024-08-24,BUM-001,BUM,120,1061,120,5506.59,过库存,13
2024-08-24,DUO-020,DUO,78,24,304,509.52,低库存预警,23
2024-08-24,HND-022,HND,230,1396,648,45021.0,正常,20
2024-08-24,DRH-004,DRH,123,1493,124,22365.14,正常,4
2024-08-24,DRH-023,DRH,346,1056,433,8680.32,过库存,8
2024-08-24,LRB-015,LRB,108,1005,165,21245.7,低库存预警,25
2024-08-24,TLM-007,TLM,309,407,736,1355.31,过库存,2
2024-08-24,BUM-016,BUM,242,1030,524,9043.4,低库存预警,21
2024-08-24,VEN-028,VEN,314,1729,276,30966.39,正常,21
2024-08-25,CUP-024,CUP,458,181,742,334.85,正常,1
2024-08-25,CUP-006,CUP,251,1525,387,28959.75,正常,20
2024-08-25,HND-012,HND,75,1974,190,8448.72,正常,2
2024-08-25,WLC-018,WLC,305,1030,598,33495.6,正常,5
2024-08-25,BUM-003,BUM,110,191,272,3373.06,正常,24
2024-08-25,HND-007,HND,99,927,726,3633.84,低库存预警,5
2024-08-25,BUM-010,BUM,67,559,182,17502.29,过库存,11
2024-08-25,LRB-011,LRB,39,111,720,588.3,过库存,10
2024-08-25,DRH-020,DRH,125,1198,381,36347.32,低库存预警,18
2024-08-25,DRH-021,DRH,286,369,232,1413.27,正常,0
2024-08-25,TLP-015,TLP,276,1479,453,29801.85,低库存预警,0
2024-08-25,WLC-008,WLC,117,1653,795,28018.35,正常,11
2024-08-25,BUM-015,BUM,441,1428,757,16307.76,正常,10
2024-08-25,TLM-018,TLM,499,0,675,0.0,过库存,11
2024-08-25,VEN-012,VEN,13,1773,127,26506.35,正常,19
2024-08-25,BUM-013,BUM,217,1273,426,7447.05,正常,23
2024-08-25,LFR-018,LFR,138,643,474,15631.33,过库存,27
2024-08-25,BUM-027,BUM,103,794,508,6725.18,正常,7
2024-08-25,DRH-030,DRH,406,438,204,2360.82,正常,24
2024-08-25,LRB-017,LRB,295,764,189,19443.8,低库存预警,0
2024-08-25,TLM-007,TLM,18,1623,401,5404.59,正常,18
2024-08-25,LRB-012,LRB,277,1442,113,5955.46,过库存,27
2024-08-25,WLC-005,WLC,463,1128,491,4331.52,正常,22
2024-08-25,BUM-002,BUM,471,910,387,19719.7,低库存预警,29
2024-08-25,WLC-024,WLC,346,1470,628,9922.5,低库存预警,17
2024-08-25,HND-015,HND,39,1878,562,26047.86,过库存,3
2024-08-25,WLC-004,WLC,285,360,408,2372.4,正常,15
2024-08-25,TLM-002,TLM,254,239,261,1187.83,正常,5
2024-08-25,VEN-001,VEN,482,192,251,672.0,正常,4
2024-08-25,LFR-011,LFR,229,888,478,17555.76,低库存预警,30
2024-08-25,HND-021,HND,380,1164,226,30950.76,正常,11
2024-08-25,VEN-019,VEN,9,1309,310,22711.15,低库存预警,29
2024-08-25,LFR-008,LFR,466,1324,280,26241.68,低库存预警,25
2024-08-25,TLP-006,TLP,25,164,291,4665.8,过库存,6
2024-08-25,WLC-006,WLC,130,154,616,1834.14,正常,4
2024-08-25,LFR-022,LFR,421,1243,139,43330.98,正常,17
2024-08-25,VEN-015,VEN,448,1984,785,63150.72,正常,29
2024-08-25,HND-011,HND,414,101,550,1146.35,过库存,26
2024-08-25,DRH-029,DRH,290,1231,334,23450.55,过库存,21
2024-08-25,CUP-016,CUP,454,1325,773,20020.75,过库存,24
2024-08-25,HND-028,HND,326,1552,629,15038.88,正常,21
2024-08-25,TLM-011,TLM,179,1173,641,40327.74,过库存,18
2024-08-25,LFR-010,LFR,228,155,736,3236.4,低库存预警,28
2024-08-25,TLP-022,TLP,191,1843,685,43421.08,正常,22
2024-08-25,TLM-019,TLM,107,1839,441,54232.11,正常,21
2024-08-25,LRB-020,LRB,484,1415,142,30946.05,正常,21
2024-08-25,CUP-007,CUP,376,360,292,7606.8,正常,22
2024-08-25,HND-002,HND,81,1358,336,12493.6,正常,15
2024-08-25,DUO-014,DUO,279,1127,692,13061.93,正常,23
2024-08-25,VEN-004,VEN,169,1751,521,56662.36,过库存,28
2024-08-25,LRB-005,LRB,45,1422,664,34910.1,正常,25
2024-08-25,VEN-014,VEN,444,1183,721,8399.3,过库存,9
2024-08-25,DUO-011,DUO,103,1468,702,8587.8,正常,16
2024-08-25,BUM-008,BUM,352,1830,510,55595.4,正常,10
2024-08-25,HND-013,HND,395,1826,158,30640.28,正常,1
2024-08-25,TLP-023,TLP,481,263,765,6695.98,正常,20
2024-08-25,DUO-022,DUO,391,1979,345,7599.36,正常,8
2024-08-25,DRH-011,DRH,251,1631,737,49663.95,正常,10
2024-08-25,LFR-015,LFR,275,1836,406,8941.32,低库存预警,12
2024-08-25,TLP-009,TLP,61,1157,200,29572.92,低库存预警,19
2024-08-26,CUP-006,CUP,35,852,192,16179.48,低库存预警,2
2024-08-26,TLP-006,TLP,109,1363,132,38777.35,正常,1
2024-08-26,VEN-024,VEN,457,1381,422,18643.5,低库存预警,25
2024-08-26,BUM-018,BUM,352,1177,675,19349.88,正常,30
2024-08-26,CUP-023,CUP,355,348,678,4412.64,正常,10
2024-08-26,HND-026,HND,330,1778,188,52646.58,低库存预警,12
2024-08-26,HND-028,HND,276,438,660,4244.22,正常,11
2024-08-26,CUP-013,CUP,170,427,417,8283.8,正常,25
2024-08-26,DRH-013,DRH,113,1377,436,11305.17,正常,13
2024-08-26,LRB-017,LRB,33,1134,449,28860.3,过库存,10
2024-08-26,TLP-025,TLP,97,1489,669,4571.23,低库存预警,29
2024-08-26,DRH-024,DRH,207,572,333,4547.4,正常,27
2024-08-26,DRH-019,DRH,399,1083,644,20847.75,正常,8
2024-08-26,VEN-015,VEN,256,343,265,10917.69,正常,22
2024-08-26,CUP-028,CUP,359,637,613,7765.03,正常,0
2024-08-26,LRB-018,LRB,70,780,754,8455.2,过库存,26
2024-08-26,VEN-025,VEN,39,1065,771,14452.05,正常,30
2024-08-26,CUP-001,CUP,394,82,404,541.2,正常,2
2024-08-26,VEN-019,VEN,294,288,660,4996.8,正常,24
2024-08-26,HND-024,HND,245,470,361,9837.1,正常,22
2024-08-26,DUO-025,DUO,304,1567,648,19070.39,低库存预警,10
2024-08-26,WLC-002,WLC,279,394,194,10173.08,正常,29
2024-08-26,DUO-006,DUO,289,1068,163,35297.4,正常,24
2024-08-26,HND-006,HND,339,889,415,10499.09,正常,1
2024-08-26,DRH-027,DRH,96,1970,242,49151.5,正常,16
2024-08-26,DRH-025,DRH,24,1393,222,14640.43,低库存预警,29
2024-08-26,LRB-015,LRB,306,484,778,10231.76,正常,30
2024-08-26,TLP-021,TLP,350,1464,204,12707.52,正常,23
2024-08-26,LFR-011,LFR,40,585,331,11565.45,过库存,12
2024-08-26,TLP-003,TLP,431,758,676,11445.8,过库存,2
2024-08-26,WLC-004,WLC,429,135,795,889.65,过库存,4
2024-08-26,HND-009,HND,331,640,756,19494.4,过库存,27
2024-08-26,DUO-010,DUO,342,1920,408,29260.8,低库存预警,14
2024-08-26,DRH-015,DRH,327,369,467,2752.74,正常,4
2024-08-26,TLP-009,TLP,460,1719,783,43937.64,正常,2
2024-08-26,BUM-003,BUM,50,1692,756,29880.72,正常,2
2024-08-26,TLM-013,TLM,100,1446,757,42469.02,过库存,26
2024-08-26,WLC-010,WLC,97,1171,663,29474.07,过库存,18
2024-08-26,WLC-005,WLC,125,40,776,153.6,低库存预警,6
2024-08-26,DRH-026,DRH,110,150,357,448.5,正常,25
2024-08-26,BUM-016,BUM,243,1939,387,17024.42,正常,19
2024-08-26,HND-027,HND,420,404,151,10019.2,低库存预警,17
2024-08-26,WLC-003,WLC,168,268,366,1945.68,正常,5
2024-08-26,WLC-017,WLC,46,1224,687,3157.92,正常,8
2024-08-26,VEN-016,VEN,420,309,542,10317.51,正常,22
2024-08-26,BUM-007,BUM,335,681,664,6905.34,正常,16
2024-08-26,DRH-011,DRH,164,374,427,11388.3,正常,23
2024-08-26,DUO-012,DUO,408,1312,285,14996.16,正常,5
2024-08-26,BUM-011,BUM,208,1796,213,51509.28,正常,2
2024-08-26,WLC-024,WLC,308,1307,103,8822.25,低库存预警,9
2024-08-26,CUP-011,CUP,434,788,115,23198.72,正常,20
2024-08-26,LRB-008,LRB,389,471,580,14775.27,正常,16
2024-08-26,CUP-007,CUP,293,1531,714,32350.03,正常,11
2024-08-26,TLP-008,TLP,425,1437,205,34373.04,过库存,20
2024-08-26,VEN-009,VEN,484,146,735,1328.6,正常,5
2024-08-26,VEN-029,VEN,418,689,121,7985.51,低库存预警,23
2024-08-26,TLM-024,TLM,2,1929,505,31365.54,正常,6
2024-08-26,TLM-007,TLM,187,1610,151,5361.3,正常,1
2024-08-26,LFR-002,LFR,237,1253,553,13582.52,正常,4
2024-08-26,LRB-009,LRB,179,94,129,2541.76,正常,9
2024-08-27,DUO-018,DUO,375,680,313,1740.8,低库存预警,18
2024-08-27,BUM-003,BUM,435,512,280,9041.92,正常,30
2024-08-27,TLP-020,TLP,139,1632,668,2839.68,低库存预警,5
2024-08-27,DUO-014,DUO,354,507,776,5876.13,正常,16
2024-08-27,DRH-010,DRH,418,1047,484,6868.32,正常,6
2024-08-27,TLP-012,TLP,123,1617,751,34522.95,低库存预警,14
2024-08-27,TLM-012,TLM,39,379,449,11203.24,过库存,4
2024-08-27,LFR-021,LFR,127,911,358,17828.27,过库存,29
2024-08-27,WLC-018,WLC,47,1036,126,33690.72,低库存预警,21
2024-08-27,DRH-022,DRH,304,1073,719,13079.87,过库存,28
2024-08-27,DRH-002,DRH,322,1350,207,12676.5,正常,29
2024-08-27,VEN-021,VEN,448,1605,680,47748.75,正常,12
2024-08-27,BUM-016,BUM,439,1427,181,12529.06,低库存预警,11
2024-08-27,BUM-025,BUM,281,1745,288,39297.4,正常,22
2024-08-27,TLM-018,TLM,298,1195,579,35407.85,正常,3
2024-08-27,HND-016,HND,176,781,486,11879.01,过库存,17
2024-08-27,CUP-008,CUP,296,237,288,497.7,低库存预警,1
2024-08-27,WLC-001,WLC,318,56,319,1033.76,正常,15
2024-08-27,VEN-027,VEN,18,1962,655,17618.76,正常,9
2024-08-27,TLP-021,TLP,386,1835,137,15927.8,过库存,29
2024-08-27,CUP-010,CUP,348,1311,488,37638.81,正常,9
2024-08-27,CUP-018,CUP,275,172,472,3176.84,正常,3
2024-08-27,LFR-011,LFR,61,1715,475,33905.55,低库存预警,28
2024-08-27,CUP-007,CUP,430,487,711,10290.31,正常,16
2024-08-27,VEN-005,VEN,50,645,476,11745.45,正常,15
2024-08-27,DUO-024,DUO,100,413,535,4068.05,过库存,19
2024-08-27,DUO-019,DUO,103,1403,236,20511.86,正常,1
2024-08-27,BUM-007,BUM,47,1496,785,15169.44,过库存,1
2024-08-27,CUP-003,CUP,242,1315,492,44973.0,低库存预警,1
2024-08-27,LFR-002,LFR,352,1208,459,13094.72,正常,29
2024-08-27,DUO-011,DUO,211,1526,450,8927.1,正常,19
2024-08-27,CUP-026,CUP,150,1817,579,21131.71,低库存预警,15
2024-08-27,VEN-025,VEN,425,1418,647,19242.26,低库存预警,8
2024-08-27,LRB-022,LRB,365,264,538,4656.96,低库存预警,4
2024-08-27,LRB-013,LRB,405,1728,727,59374.08,正常,6
2024-08-27,LFR-019,LFR,221,724,384,12090.8,正常,21
2024-08-27,DRH-013,DRH,243,1384,294,11362.64,过库存,7
2024-08-27,HND-017,HND,455,246,232,5407.08,正常,11
2024-08-27,TLP-003,TLP,78,996,409,15039.6,正常,0
2024-08-27,VEN-022,VEN,465,541,615,18150.55,过库存,29
2024-08-27,BUM-023,BUM,38,1590,757,9873.9,正常,4
2024-08-27,BUM-004,BUM,314,321,510,10377.93,过库存,18
2024-08-27,VEN-012,VEN,87,1676,766,25056.2,过库存,21
2024-08-27,LRB-017,LRB,166,620,790,15779.0,正常,17
2024-08-27,VEN-001,VEN,65,1084,185,3794.0,低库存预警,5
2024-08-27,CUP-029,CUP,390,95,767,213.75,正常,13
2024-08-27,LRB-011,LRB,93,1277,684,6768.1,过库存,29
2024-08-27,DRH-020,DRH,308,1297,539,39350.98,正常,8
2024-08-27,CUP-028,CUP,21,1441,783,17565.79,低库存预警,25
2024-08-27,WLC-004,WLC,405,1052,779,6932.68,正常,3
2024-08-27,TLM-010,TLM,405,1595,720,15886.2,正常,19
2024-08-27,CUP-020,CUP,7,75,419,424.5,过库存,13
2024-08-27,DRH-030,DRH,214,1096,483,5907.44,低库存预警,1
2024-08-27,BUM-021,BUM,434,1064,448,24195.36,正常,24
2024-08-27,CUP-012,CUP,439,1986,473,30544.68,过库存,22
2024-08-27,VEN-009,VEN,490,45,596,409.5,正常,8
2024-08-27,HND-024,HND,196,14,502,293.02,正常,20
2024-08-27,LRB-009,LRB,320,256,527,6922.24,正常,2
2024-08-27,TLM-015,TLM,31,1863,686,13879.35,低库存预警,1
2024-08-27,TLM-009,TLM,456,1294,727,26604.64,正常,0
2024-08-28,WLC-002,WLC,326,584,172,15078.88,正常,3
2024-08-28,DRH-011,DRH,413,1566,473,47684.7,正常,25
2024-08-28,HND-008,HND,296,1702,486,42175.56,低库存预警,0
2024-08-28,TLP-021,TLP,469,1736,683,15068.48,正常,19
2024-08-28,HND-027,HND,210,1550,711,38440.0,过库存,19
2024-08-28,DRH-023,DRH,464,1770,228,14549.4,正常,28
2024-08-28,BUM-025,BUM,43,1584,628,35671.68,低库存预警,10
2024-08-28,BUM-028,BUM,429,1685,130,52605.7,低库存预警,0
2024-08-28,BUM-021,BUM,433,248,291,5639.52,正常,18
2024-08-28,DUO-013,DUO,221,1027,422,3645.85,过库存,22
2024-08-28,CUP-030,CUP,157,917,444,23456.86,正常,27
2024-08-28,CUP-024,CUP,102,1938,779,3585.3,正常,19
2024-08-28,BUM-020,BUM,141,914,751,31066.86,低库存预警,3
2024-08-28,VEN-021,VEN,143,1481,439,44059.75,正常,8
2024-08-28,TLM-005,TLM,450,1402,756,29946.72,正常,16
2024-08-28,LFR-017,LFR,178,1237,187,29898.29,正常,9
2024-08-28,BUM-026,BUM,355,347,774,3844.76,过库存,18
2024-08-28,DRH-030,DRH,22,555,461,2991.45,正常,24
2024-08-28,CUP-009,CUP,314,119,762,3602.13,低库存预警,3
2024-08-28,BUM-002,BUM,43,820,123,17769.4,过库存,21
2024-08-28,DUO-003,DUO,94,1242,293,1974.78,正常,8
2024-08-28,BUM-006,BUM,368,1243,415,28427.41,正常,1
2024-08-28,HND-015,HND,170,1871,703,25950.77,低库存预警,20
2024-08-28,VEN-020,VEN,356,1053,535,2032.29,过库存,5
2024-08-28,LFR-004,LFR,278,1811,796,33775.15,正常,29
2024-08-28,TLM-013,TLM,214,774,636,22732.38,低库存预警,29
2024-08-28,WLC-021,WLC,97,992,262,8898.24,正常,12
2024-08-28,CUP-016,CUP,73,902,610,13629.22,正常,4
2024-08-28,DRH-022,DRH,153,1943,269,23685.17,正常,5
2024-08-28,CUP-026,CUP,203,1690,660,19654.7,低库存预警,16
2024-08-28,DUO-010,DUO,443,1304,480,19872.96,正常,26
2024-08-28,WLC-011,WLC,462,521,743,8518.35,低库存预警,25
2024-08-28,BUM-014,BUM,79,1154,627,8747.32,正常,19
2024-08-28,TLP-015,TLP,49,558,522,11243.7,正常,8
2024-08-28,TLM-008,TLM,274,344,265,8011.76,正常,24
2024-08-28,DUO-023,DUO,382,240,598,7838.4,正常,27
2024-08-28,VEN-014,VEN,77,1640,551,11644.0,正常,4
2024-08-28,VEN-023,VEN,29,798,519,6048.84,低库存预警,24
2024-08-28,CUP-005,CUP,213,1668,685,54843.84,低库存预警,16
2024-08-28,BUM-019,BUM,370,57,579,1064.19,正常,11
2024-08-28,DRH-025,DRH,35,1292,359,13578.92,正常,2
2024-08-28,DRH-006,DRH,419,1995,503,35590.8,正常,29
2024-08-28,TLP-016,TLP,62,1804,601,46597.32,正常,18
2024-08-28,BUM-024,BUM,65,429,573,11904.75,正常,18
2024-08-28,TLP-008,TLP,391,1563,568,37386.96,正常,16
2024-08-28,DUO-004,DUO,395,976,379,20417.92,低库存预警,4
2024-08-28,CUP-013,CUP,4,1265,308,24541.0,低库存预警,22
2024-08-28,LRB-005,LRB,273,443,298,10875.65,正常,11
2024-08-28,DRH-024,DRH,213,193,694,1534.35,正常,10
2024-08-28,DRH-012,DRH,427,458,222,11230.16,过库存,3
2024-08-28,WLC-023,WLC,75,1179,345,28201.68,正常,12
2024-08-28,LFR-009,LFR,69,1264,339,20780.16,低库存预警,19
2024-08-28,VEN-018,VEN,276,1050,214,6510.0,正常,22
2024-08-28,LFR-012,LFR,212,975,336,17384.25,正常,5
2024-08-28,VEN-006,VEN,227,75,129,1047.0,正常,21
2024-08-28,BUM-027,BUM,6,1966,117,16652.02,正常,5
2024-08-28,LFR-005,LFR,475,470,118,803.7,正常,12
2024-08-28,HND-020,HND,224,418,294,4117.3,正常,20
2024-08-28,BUM-010,BUM,366,1751,204,54823.81,过库存,16
2024-08-28,CUP-015,CUP,271,1688,224,51433.36,正常,16
2024-08-29,HND-027,HND,428,141,637,3496.8,正常,5
2024-08-29,LRB-014,LRB,39,1962,568,37199.52,低库存预警,2
2024-08-29,CUP-025,CUP,108,1368,211,44596.8,正常,22
2024-08-29,LRB-004,LRB,31,1830,634,23936.4,低库存预警,5
2024-08-29,BUM-002,BUM,271,742,176,16079.14,低库存预警,7
2024-08-29,VEN-002,VEN,196,1782,666,59447.52,正常,30
2024-08-29,TLM-028,TLM,65,1939,500,64006.39,低库存预警,30
2024-08-29,CUP-008,CUP,159,375,697,787.5,正常,4
2024-08-29,DUO-014,DUO,75,1244,399,14417.96,正常,2
2024-08-29,LFR-007,LFR,368,887,590,3086.76,低库存预警,26
2024-08-29,LRB-013,LRB,3,860,713,29549.6,正常,23
2024-08-29,LRB-009,LRB,204,656,498,17738.24,正常,30
2024-08-29,WLC-004,WLC,9,1405,770,9258.95,正常,19
2024-08-29,LFR-019,LFR,298,1465,720,24465.5,过库存,2
2024-08-29,LFR-008,LFR,42,639,311,12664.98,正常,29
2024-08-29,CUP-014,CUP,253,759,477,14307.15,正常,30
2024-08-29,LRB-021,LRB,330,1275,448,13910.25,低库存预警,23
2024-08-29,DUO-007,DUO,451,612,601,7429.68,正常,29
2024-08-29,TLP-020,TLP,463,112,185,194.88,低库存预警,26
2024-08-29,TLP-012,TLP,396,1033,635,22054.55,正常,21
2024-08-29,DRH-014,DRH,368,481,410,3641.17,正常,30
2024-08-29,DRH-004,DRH,153,491,124,7355.18,正常,27
2024-08-29,LFR-002,LFR,484,792,122,8585.28,过库存,18
2024-08-29,LRB-005,LRB,205,638,631,15662.9,正常,11
2024-08-29,HND-009,HND,274,879,775,26774.34,正常,18
2024-08-29,DRH-007,DRH,316,1486,248,13047.08,正常,27
2024-08-29,DUO-016,DUO,42,1410,384,32021.1,正常,11
2024-08-29,CUP-007,CUP,361,1735,405,36660.55,过库存,15
2024-08-29,TLM-004,TLM,103,1551,486,50329.95,低库存预警,22
2024-08-29,WLC-012,WLC,223,278,329,3302.64,正常,14
2024-08-29,TLM-008,TLM,498,790,481,18399.1,正常,11
2024-08-29,LRB-001,LRB,495,435,459,5485.35,低库存预警,19
2024-08-29,TLM-009,TLM,473,728,405,14967.68,过库存,26
2024-08-29,DRH-009,DRH,67,1536,395,19875.84,过库存,1
2024-08-29,VEN-006,VEN,9,625,383,8725.0,正常,14
2024-08-29,WLC-023,WLC,392,468,596,11194.56,过库存,8
2024-08-29,VEN-011,VEN,275,1069,494,34539.39,过库存,26
2024-08-29,TLP-002,TLP,158,1284,603,8525.76,低库存预警,13
2024-08-29,LRB-012,LRB,152,1369,117,5653.97,正常,15
2024-08-29,TLM-005,TLM,143,1476,741,31527.36,正常,4
2024-08-29,TLM-016,TLM,424,401,424,13902.67,正常,16
2024-08-29,CUP-001,CUP,95,1601,728,10566.6,过库存,16
2024-08-29,HND-020,HND,247,300,144,2955.0,过库存,23
2024-08-29,TLM-015,TLM,207,684,598,5095.8,过库存,0
2024-08-29,DUO-004,DUO,211,798,307,16694.16,过库存,13
2024-08-29,LFR-015,LFR,291,214,148,1042.18,过库存,4
2024-08-29,HND-012,HND,124,1685,767,7211.8,正常,29
2024-08-29,TLP-014,TLP,378,467,241,15172.83,正常,9
2024-08-29,WLC-022,WLC,468,1649,698,55389.91,低库存预警,11
2024-08-29,BUM-008,BUM,235,3,611,91.14,低库存预警,27
2024-08-29,TLP-007,TLP,429,1618,695,18833.52,正常,13
2024-08-29,DRH-002,DRH,18,1255,250,11784.45,正常,11
2024-08-29,WLC-001,WLC,469,1633,471,30145.18,正常,20
2024-08-29,CUP-017,CUP,220,1379,631,17085.81,正常,21
2024-08-29,DRH-003,DRH,165,1977,191,18405.87,正常,27
2024-08-29,CUP-030,CUP,492,193,263,4936.94,过库存,7
2024-08-29,TLP-013,TLP,236,837,171,1941.84,低库存预警,3
2024-08-29,DUO-008,DUO,94,1032,202,9979.44,正常,19
2024-08-29,BUM-024,BUM,308,588,700,16317.0,正常,11
2024-08-29,VEN-016,VEN,31,1019,545,34024.41,正常,22
2024-08-30,HND-012,HND,51,437,356,1870.36,正常,18
2024-08-30,BUM-003,BUM,251,351,587,6198.66,低库存预警,8
2024-08-30,VEN-004,VEN,332,798,693,25823.28,正常,2
2024-08-30,TLM-001,TLM,234,915,605,6249.45,正常,6
2024-08-30,LFR-017,LFR,393,1795,250,43385.15,过库存,30
2024-08-30,WLC-020,WLC,424,1482,383,17472.78,正常,24
2024-08-30,WLC-018,WLC,236,1345,452,43739.4,过库存,18
2024-08-30,DRH-010,DRH,247,494,619,3240.64,低库存预警,2
2024-08-30,LFR-002,LFR,167,1975,526,21409.0,过库存,1
2024-08-30,WLC-010,WLC,410,101,438,2542.17,低库存预警,3
2024-08-30,TLP-010,TLP,478,1715,551,8043.35,过库存,7
2024-08-30,TLM-028,TLM,90,1445,246,47699.45,正常,20
2024-08-30,LRB-018,LRB,394,1955,617,21192.2,过库存,3
2024-08-30,TLP-009,TLP,23,1224,494,31285.44,正常,15
2024-08-30,HND-021,HND,412,1405,405,37358.95,正常,7
2024-08-30,LRB-004,LRB,60,1911,387,24995.88,正常,2
2024-08-30,LFR-021,LFR,40,964,450,18865.48,正常,26
2024-08-30,WLC-003,WLC,179,450,128,3267.0,正常,15
2024-08-30,VEN-022,VEN,278,913,101,30631.15,过库存,26
2024-08-30,VEN-019,VEN,43,431,510,7477.85,正常,27
2024-08-30,BUM-027,BUM,243,17,557,143.99,正常,7
2024-08-30,CUP-008,CUP,232,1785,386,3748.5,过库存,10
2024-08-30,VEN-028,VEN,144,1808,170,32381.28,正常,8
2024-08-30,DUO-021,DUO,1,1478,195,13952.32,过库存,5
2024-08-30,DUO-017,DUO,81,300,205,4044.0,正常,2
2024-08-30,CUP-004,CUP,267,1968,270,67246.56,正常,30
2024-08-30,DRH-013,DRH,72,1527,225,12536.67,正常,10
2024-08-30,TLP-006,TLP,369,1831,600,52091.95,正常,17
2024-08-30,LRB-006,LRB,472,26,749,888.68,过库存,27
2024-08-30,BUM-022,BUM,12,962,715,15189.98,正常,1
2024-08-30,BUM-023,BUM,436,191,175,1186.11,过库存,19
2024-08-30,HND-003,HND,52,522,425,5611.5,低库存预警,21
2024-08-30,CUP-022,CUP,422,808,306,12265.44,正常,17
2024-08-30,WLC-024,WLC,471,900,766,6075.0,低库存预警,29
2024-08-30,HND-010,HND,284,1944,653,62849.52,过库存,23
2024-08-30,DRH-021,DRH,279,538,136,2060.54,正常,14
2024-08-30,CUP-011,CUP,290,1224,764,36034.56,正常,3
2024-08-30,LRB-022,LRB,424,46,227,811.44,正常,0
2024-08-30,TLM-008,TLM,296,1057,658,24617.53,正常,27
2024-08-30,TLP-016,TLP,433,527,424,13612.41,过库存,23
2024-08-30,HND-013,HND,41,1451,374,24347.78,正常,0
2024-08-30,HND-006,HND,62,1855,800,21907.55,正常,10
2024-08-30,HND-005,HND,64,1364,709,37851.0,正常,29
2024-08-30,LFR-007,LFR,216,355,134,1235.4,低库存预警,3
2024-08-30,DUO-018,DUO,287,1519,726,3888.64,正常,8
2024-08-30,TLM-005,TLM,117,875,585,18690.0,过库存,10
2024-08-30,TLP-018,TLP,161,1004,795,17921.4,正常,7
2024-08-30,HND-014,HND,171,46,790,1043.28,低库存预警,22
2024-08-30,BUM-009,BUM,142,1966,665,43507.58,过库存,16
2024-08-30,CUP-024,CUP,47,1061,792,1962.85,正常,14
2024-08-30,DRH-012,DRH,131,1731,745,42444.12,正常,12
2024-08-30,DUO-025,DUO,325,345,515,4198.65,正常,5
2024-08-30,CUP-007,CUP,306,1643,439,34716.59,正常,28
2024-08-30,LFR-020,LFR,463,204,510,6340.32,低库存预警,14
2024-08-30,TLP-015,TLP,34,1975,633,39796.25,低库存预警,30
2024-08-30,TLP-002,TLP,113,906,609,6015.84,正常,27
2024-08-30,WLC-002,WLC,340,1326,743,34237.32,正常,30
2024-08-30,TLM-015,TLM,240,926,604,6898.7,正常,18
2024-08-30,HND-018,HND,16,1495,800,3513.25,低库存预警,14
2024-08-30,DUO-013,DUO,170,236,645,837.8,低库存预警,13
2024-08-31,TLM-004,TLM,164,1989,615,64543.05,低库存预警,14
2024-08-31,HND-003,HND,432,435,454,4676.25,正常,20
2024-08-31,BUM-011,BUM,283,1014,753,29081.52,正常,8
2024-08-31,LFR-004,LFR,212,1221,659,22771.65,过库存,18
2024-08-31,LRB-001,LRB,134,896,606,11298.56,正常,14
2024-08-31,DRH-004,DRH,283,1992,297,29840.16,过库存,9
2024-08-31,CUP-003,CUP,221,596,700,20383.2,正常,21
2024-08-31,HND-026,HND,354,899,119,26619.39,过库存,22
2024-08-31,HND-004,HND,483,1676,432,21771.24,低库存预警,11
2024-08-31,VEN-020,VEN,324,403,682,777.79,低库存预警,6
2024-08-31,WLC-006,WLC,233,1641,769,19544.31,正常,24
2024-08-31,DUO-001,DUO,419,1645,116,30054.15,过库存,28
2024-08-31,TLM-003,TLM,167,1435,637,11652.2,正常,3
2024-08-31,DRH-020,DRH,300,1722,118,52245.48,过库存,27
2024-08-31,CUP-009,CUP,447,1143,309,34598.61,正常,5
2024-08-31,LRB-002,LRB,330,1246,445,32134.34,低库存预警,29
2024-08-31,DUO-014,DUO,283,928,129,10755.52,正常,23
2024-08-31,LFR-013,LFR,274,1610,286,18466.7,正常,30
2024-08-31,VEN-015,VEN,157,841,337,26769.03,正常,3
2024-08-31,WLC-007,WLC,431,454,570,15617.6,正常,23
2024-08-31,DRH-025,DRH,122,145,338,1523.95,过库存,20
2024-08-31,TLM-016,TLM,176,1304,337,45209.68,正常,3
2024-08-31,DRH-027,DRH,17,1858,380,46357.1,正常,22
2024-08-31,DUO-013,DUO,346,735,724,2609.25,正常,26
2024-08-31,LRB-015,LRB,439,71,503,1500.94,低库存预警,30
2024-08-31,DUO-005,DUO,327,1943,738,23160.56,过库存,29
2024-08-31,LFR-020,LFR,244,1009,519,31359.72,低库存预警,24
2024-08-31,WLC-019,WLC,397,445,216,8757.6,过库存,20
2024-08-31,LRB-010,LRB,70,1830,708,21575.7,正常,20
2024-08-31,WLC-001,WLC,253,1836,631,33892.56,正常,7
2024-08-31,TLP-015,TLP,183,646,631,13016.9,正常,26
2024-08-31,DRH-006,DRH,209,1946,194,34716.64,过库存,18
2024-08-31,LRB-007,LRB,300,275,502,1421.75,正常,20
2024-08-31,TLM-008,TLM,69,158,535,3679.82,正常,0
2024-08-31,BUM-018,BUM,435,536,787,8811.84,低库存预警,4
2024-08-31,HND-013,HND,96,438,504,7349.64,过库存,17
2024-08-31,VEN-019,VEN,1,1110,460,19258.5,正常,28
2024-08-31,CUP-030,CUP,124,789,737,20182.62,低库存预警,30
2024-08-31,DUO-018,DUO,415,437,488,1118.72,正常,16
2024-08-31,CUP-025,CUP,187,1681,330,54800.6,正常,12
2024-08-31,TLP-014,TLP,325,1241,686,40320.09,过库存,1
2024-08-31,TLP-002,TLP,181,184,305,1221.76,低库存预警,16
2024-08-31,TLP-009,TLP,257,217,404,5546.52,过库存,8
2024-08-31,TLP-023,TLP,358,1944,141,49494.24,正常,11
2024-08-31,TLP-006,TLP,141,1716,763,48820.2,正常,1
2024-08-31,HND-025,HND,225,868,191,7933.52,正常,15
2024-08-31,TLP-019,TLP,398,997,589,2512.44,正常,4
2024-08-31,LRB-020,LRB,14,825,664,18042.75,正常,20
2024-08-31,CUP-005,CUP,408,1344,645,44190.72,低库存预警,20
2024-08-31,LRB-003,LRB,214,1966,173,38612.24,正常,4
2024-08-31,LFR-012,LFR,457,1499,258,26727.17,正常,29
2024-08-31,LRB-017,LRB,55,430,223,10943.5,低库存预警,26
2024-08-31,TLM-005,TLM,40,1462,204,31228.32,过库存,4
2024-08-31,LRB-016,LRB,127,172,345,4090.16,过库存,1
2024-08-31,WLC-022,WLC,189,919,694,30869.21,正常,18
2024-08-31,CUP-026,CUP,173,880,600,10234.4,正常,18
2024-08-31,WLC-017,WLC,450,1549,238,3996.42,正常,9
2024-08-31,TLM-015,TLM,117,1898,554,14140.1,正常,4
2024-08-31,CUP-015,CUP,217,120,286,3656.4,过库存,0
2024-08-31,LFR-005,LFR,338,1145,378,1957.95,正常,8
2024-09-01,BUM-026,BUM,94,1290,409,14293.2,过库存,24
2024-09-01,WLC-020,WLC,332,309,534,3643.11,过库存,9
2024-09-01,WLC-010,WLC,319,1817,396,45733.89,低库存预警,22
2024-09-01,BUM-006,BUM,378,235,148,5374.45,过库存,6
2024-09-01,VEN-026,VEN,218,1271,510,26970.62,过库存,18
2024-09-01,CUP-005,CUP,369,1771,642,58230.48,正常,25
2024-09-01,DRH-021,DRH,282,1161,164,4446.63,过库存,30
2024-09-01,BUM-012,BUM,466,1970,505,51968.6,正常,17
2024-09-01,WLC-018,WLC,357,1476,212,47999.52,低库存预警,4
2024-09-01,HND-028,HND,498,395,665,3827.55,正常,25
2024-09-01,HND-020,HND,278,1121,210,11041.85,正常,22
2024-09-01,DUO-001,DUO,176,372,782,6796.44,正常,20
2024-09-01,VEN-011,VEN,211,998,207,32245.38,正常,17
2024-09-01,DRH-014,DRH,369,1844,234,13959.08,低库存预警,18
2024-09-01,CUP-006,CUP,305,151,472,2867.49,低库存预警,21
2024-09-01,BUM-023,BUM,208,502,263,3117.42,低库存预警,28
2024-09-01,TLP-009,TLP,320,344,299,8792.64,低库存预警,27
2024-09-01,VEN-014,VEN,355,782,335,5552.2,正常,5
2024-09-01,HND-027,HND,369,351,506,8704.8,过库存,28
2024-09-01,TLM-005,TLM,377,1877,233,40092.72,低库存预警,27
2024-09-01,LRB-008,LRB,43,1131,610,35479.47,低库存预警,12
2024-09-01,TLP-004,TLP,380,1920,705,16320.0,低库存预警,3
2024-09-01,BUM-013,BUM,13,1714,518,10026.9,正常,14
2024-09-01,LFR-017,LFR,32,166,185,4012.22,正常,7
2024-09-01,LRB-009,LRB,36,525,515,14196.0,正常,23
2024-09-01,LFR-016,LFR,53,147,128,2471.07,低库存预警,30
2024-09-01,LFR-005,LFR,445,1789,494,3059.19,过库存,29
2024-09-01,TLP-015,TLP,380,530,365,10679.5,过库存,0
2024-09-01,VEN-023,VEN,331,1896,536,14371.68,低库存预警,11
2024-09-01,VEN-030,VEN,444,1748,772,20241.84,正常,22
2024-09-01,TLM-003,TLM,425,66,413,535.92,正常,13
2024-09-01,DUO-013,DUO,468,1068,397,3791.4,正常,28
2024-09-01,HND-008,HND,110,1025,441,25399.5,正常,3
2024-09-01,TLP-001,TLP,298,1628,788,12519.32,正常,0
2024-09-01,LFR-014,LFR,131,625,737,5756.25,低库存预警,0
2024-09-01,DRH-005,DRH,252,1823,642,46960.48,正常,0
2024-09-01,BUM-021,BUM,178,1099,743,24991.26,正常,15
2024-09-01,DUO-014,DUO,302,663,199,7684.17,低库存预警,21
2024-09-01,DUO-006,DUO,169,1951,477,64480.55,正常,28
2024-09-01,WLC-016,WLC,494,475,797,14720.25,正常,23
2024-09-01,WLC-025,WLC,224,653,457,17369.8,过库存,4
2024-09-01,VEN-012,VEN,103,1071,590,16011.45,正常,0
2024-09-01,DUO-019,DUO,138,9,486,131.58,低库存预警,15
2024-09-01,TLP-025,TLP,315,1530,289,4697.1,低库存预警,13
2024-09-01,WLC-023,WLC,411,55,729,1315.6,正常,12
2024-09-01,LFR-020,LFR,220,1740,544,54079.2,过库存,5
2024-09-01,TLM-026,TLM,232,1587,779,29518.2,过库存,21
2024-09-01,HND-026,HND,284,1115,396,33015.15,正常,18
2024-09-01,TLP-024,TLP,36,689,163,2411.5,过库存,17
2024-09-01,BUM-014,BUM,239,938,679,7110.04,过库存,27
2024-09-01,LRB-018,LRB,461,1965,531,21300.6,正常,19
2024-09-01,TLP-006,TLP,183,1133,707,32233.85,低库存预警,14
2024-09-01,TLP-019,TLP,242,22,410,55.44,正常,3
2024-09-01,TLM-001,TLM,340,1570,215,10723.1,低库存预警,26
2024-09-01,BUM-025,BUM,61,1700,172,38284.0,正常,24
2024-09-01,VEN-017,VEN,75,1927,240,43665.82,过库存,12
2024-09-01,TLM-013,TLM,433,1954,586,57388.98,低库存预警,21
2024-09-01,TLM-004,TLM,201,1560,553,50622.0,低库存预警,6
2024-09-01,DRH-017,DRH,417,721,578,3727.57,正常,4
2024-09-01,BUM-011,BUM,122,1525,562,43737.0,正常,29
2024-09-02,LRB-010,LRB,28,1671,285,19701.09,正常,30
2024-09-02,BUM-010,BUM,55,1563,149,48937.53,正常,16
2024-09-02,LFR-004,LFR,150,1818,290,33905.7,正常,11
2024-09-02,BUM-019,BUM,141,1000,346,18670.0,正常,22
2024-09-02,LFR-010,LFR,339,1856,508,38753.28,低库存预警,9
2024-09-02,DRH-024,DRH,467,1930,686,15343.5,正常,4
2024-09-02,CUP-024,CUP,172,1222,707,2260.7,过库存,1
2024-09-02,LFR-018,LFR,224,1974,390,47987.94,过库存,11
2024-09-02,TLM-011,TLM,180,1372,414,47169.36,低库存预警,2
2024-09-02,DUO-005,DUO,198,55,275,655.6,正常,20
2024-09-02,CUP-020,CUP,4,1271,515,7193.86,正常,27
2024-09-02,LFR-017,LFR,214,144,463,3480.48,过库存,15
2024-09-02,DRH-009,DRH,350,1909,656,24702.46,正常,26
2024-09-02,CUP-002,CUP,117,1816,444,8716.8,正常,28
2024-09-02,DUO-015,DUO,224,1800,210,37296.0,正常,27
2024-09-02,HND-027,HND,146,619,260,15351.2,过库存,5
2024-09-02,LFR-012,LFR,18,1318,136,23499.94,正常,14
2024-09-02,HND-011,HND,432,1820,589,20657.0,正常,27
2024-09-02,LRB-020,LRB,415,13,385,284.31,正常,7
2024-09-02,VEN-021,VEN,350,1847,215,54948.25,过库存,29
2024-09-02,LFR-021,LFR,266,47,156,919.79,正常,30
2024-09-02,WLC-005,WLC,409,1844,536,7080.96,正常,20
2024-09-02,CUP-022,CUP,28,1232,644,18701.76,过库存,12
2024-09-02,CUP-023,CUP,112,1635,652,20731.8,正常,16
2024-09-02,LRB-014,LRB,139,1729,785,32781.84,过库存,25
2024-09-02,VEN-025,VEN,461,1341,545,18197.37,过库存,7
2024-09-02,DUO-025,DUO,106,727,125,8847.59,正常,19
2024-09-02,VEN-013,VEN,238,168,710,5229.84,正常,4
2024-09-02,LRB-002,LRB,490,1516,395,39097.64,正常,27
2024-09-02,VEN-008,VEN,81,1119,744,37173.18,正常,1
2024-09-02,BUM-026,BUM,135,700,317,7756.0,正常,16
2024-09-02,VEN-004,VEN,403,1362,339,44074.32,过库存,27
2024-09-02,LRB-009,LRB,229,1799,760,48644.96,正常,8
2024-09-02,CUP-018,CUP,433,914,597,16881.58,过库存,29
2024-09-02,WLC-015,WLC,80,1866,661,40268.28,正常,26
2024-09-02,LRB-019,LRB,185,121,772,4097.06,低库存预警,17
2024-09-02,VEN-027,VEN,297,1350,478,12123.0,正常,2
2024-09-02,HND-018,HND,89,1375,428,3231.25,正常,1
2024-09-02,CUP-028,CUP,34,1940,511,23648.6,低库存预警,4
2024-09-02,TLP-014,TLP,183,1614,104,52438.86,过库存,1
2024-09-02,LRB-017,LRB,322,1093,301,27816.85,低库存预警,0
2024-09-02,VEN-002,VEN,447,1573,494,52475.28,正常,10
2024-09-02,DRH-028,DRH,0,826,222,21748.58,正常,2
2024-09-02,TLM-005,TLM,174,212,320,4528.32,过库存,7
2024-09-02,WLC-003,WLC,401,193,125,1401.18,过库存,19
2024-09-02,TLM-019,TLM,31,706,545,20819.94,正常,10
2024-09-02,WLC-008,WLC,13,864,689,14644.8,正常,18
2024-09-02,BUM-003,BUM,483,74,283,1306.84,低库存预警,23
2024-09-02,HND-020,HND,325,1628,431,16035.8,正常,27
2024-09-02,BUM-027,BUM,468,657,748,5564.79,正常,5
2024-09-02,LRB-011,LRB,262,83,667,439.9,正常,27
2024-09-02,LRB-004,LRB,128,502,649,6566.16,正常,22
2024-09-02,DUO-023,DUO,163,1326,735,43307.16,正常,11
2024-09-02,TLP-017,TLP,152,253,207,7319.29,正常,24
2024-09-02,WLC-024,WLC,268,786,755,5305.5,正常,24
2024-09-02,TLP-002,TLP,322,1675,701,11122.0,过库存,5
2024-09-02,TLM-012,TLM,347,1710,347,50547.6,过库存,0
2024-09-02,WLC-004,WLC,78,172,661,1133.48,低库存预警,5
2024-09-02,WLC-022,WLC,13,1662,270,55826.58,过库存,20
2024-09-02,BUM-021,BUM,248,497,660,11301.78,低库存预警,16
2024-09-03,LFR-015,LFR,323,843,304,4105.41,过库存,12
2024-09-03,LRB-011,LRB,40,1173,378,6216.9,正常,25
2024-09-03,BUM-021,BUM,162,1946,672,44252.04,低库存预警,14
2024-09-03,HND-014,HND,408,27,637,612.36,正常,3
2024-09-03,HND-026,HND,273,1572,610,46546.92,正常,25
2024-09-03,DUO-002,DUO,307,99,785,1691.91,过库存,28
2024-09-03,WLC-015,WLC,142,397,385,8567.26,正常,28
2024-09-03,LFR-020,LFR,227,1939,198,60264.12,过库存,27
2024-09-03,TLM-006,TLM,176,984,547,6720.72,正常,7
2024-09-03,BUM-002,BUM,483,1074,232,23273.58,过库存,6
2024-09-03,DRH-027,DRH,328,1395,243,34805.25,低库存预警,9
2024-09-03,TLM-027,TLM,297,706,716,10667.66,低库存预警,28
2024-09-03,TLM-002,TLM,483,1876,684,9323.72,正常,12
2024-09-03,TLP-024,TLP,159,1285,182,4497.5,过库存,9
2024-09-03,DRH-026,DRH,453,1710,514,5112.9,正常,12
2024-09-03,TLM-024,TLM,235,604,569,9821.04,正常,10
2024-09-03,TLP-016,TLP,113,1986,635,51298.38,正常,6
2024-09-03,DUO-018,DUO,311,33,113,84.48,低库存预警,25
2024-09-03,HND-018,HND,433,1007,736,2366.45,正常,1
2024-09-03,TLM-023,TLM,344,352,296,10827.52,正常,25
2024-09-03,DUO-009,DUO,118,1195,486,25059.15,过库存,17
2024-09-03,BUM-001,BUM,483,1844,373,9570.36,低库存预警,28
2024-09-03,LFR-005,LFR,195,625,361,1068.75,正常,5
2024-09-03,DUO-021,DUO,421,196,270,1850.24,过库存,28
2024-09-03,HND-001,HND,370,300,111,1995.0,过库存,21
2024-09-03,DRH-011,DRH,95,342,419,10413.9,过库存,19
2024-09-03,DRH-001,DRH,25,991,522,29660.63,低库存预警,8
2024-09-03,WLC-001,WLC,425,1604,731,29609.84,过库存,18
2024-09-03,TLM-016,TLM,76,1814,120,62891.38,低库存预警,19
2024-09-03,LRB-004,LRB,304,764,473,9993.12,过库存,25
2024-09-03,VEN-014,VEN,159,1678,666,11913.8,正常,2
2024-09-03,DUO-003,DUO,157,713,141,1133.67,低库存预警,1
2024-09-03,TLM-025,TLM,112,140,647,1887.2,低库存预警,28
2024-09-03,WLC-009,WLC,27,891,205,27558.63,正常,9
2024-09-03,WLC-006,WLC,449,581,233,6919.71,过库存,4
2024-09-03,DUO-015,DUO,243,211,540,4371.92,正常,18
2024-09-03,VEN-025,VEN,259,662,506,8983.34,正常,10
2024-09-03,CUP-020,CUP,81,709,152,4012.94,低库存预警,23
2024-09-03,HND-011,HND,310,412,637,4676.2,正常,11
2024-09-03,CUP-019,CUP,64,1519,349,26430.6,低库存预警,19
2024-09-03,TLP-014,TLP,479,1387,281,45063.63,正常,16
2024-09-03,DRH-005,DRH,498,118,172,3039.68,过库存,19
2024-09-03,DRH-015,DRH,72,1320,106,9847.2,正常,1
2024-09-03,TLP-023,TLP,258,1054,272,26834.84,低库存预警,29
2024-09-03,VEN-008,VEN,214,1574,642,52288.28,正常,11
2024-09-03,CUP-004,CUP,41,834,795,28497.78,正常,10
2024-09-03,CUP-011,CUP,337,59,609,1736.96,正常,23
2024-09-03,LRB-001,LRB,25,1475,495,18599.75,正常,25
2024-09-03,VEN-017,VEN,379,1141,790,25855.06,正常,29
2024-09-03,VEN-027,VEN,166,1225,406,11000.5,正常,17
2024-09-03,HND-020,HND,67,1889,175,18606.65,正常,3
2024-09-03,BUM-020,BUM,196,1487,143,50543.13,过库存,18
2024-09-03,DRH-007,DRH,291,940,540,8253.2,低库存预警,27
2024-09-03,LRB-006,LRB,336,1523,442,52056.14,正常,13
2024-09-03,DRH-006,DRH,485,127,512,2265.68,正常,12
2024-09-03,LRB-021,LRB,368,114,535,1243.74,正常,28
2024-09-03,CUP-030,CUP,264,1226,785,31361.08,正常,13
2024-09-03,BUM-027,BUM,372,725,693,6140.75,过库存,28
2024-09-03,LFR-007,LFR,121,388,641,1350.24,低库存预警,23
2024-09-03,LFR-003,LFR,235,1102,769,29346.26,正常,29
2024-09-04,HND-014,HND,252,934,301,21183.12,过库存,22
2024-09-04,TLM-018,TLM,275,1733,591,51348.79,正常,2
2024-09-04,DRH-002,DRH,155,226,653,2122.14,正常,5
2024-09-04,LRB-016,LRB,375,460,300,10938.8,低库存预警,26
2024-09-04,WLC-010,WLC,341,523,570,13163.91,正常,6
2024-09-04,BUM-014,BUM,338,1729,671,13105.82,正常,15
2024-09-04,WLC-022,WLC,357,750,624,25192.5,正常,30
2024-09-04,LFR-020,LFR,83,1457,639,45283.56,低库存预警,24
2024-09-04,HND-022,HND,485,180,556,5805.0,正常,0
2024-09-04,LFR-022,LFR,70,1815,390,63270.9,正常,19
2024-09-04,LRB-005,LRB,392,1394,747,34222.7,过库存,20
2024-09-04,DRH-007,DRH,488,1260,746,11062.8,正常,29
2024-09-04,TLM-006,TLM,170,1355,530,9254.65,正常,1
2024-09-04,BUM-024,BUM,279,1074,737,29803.5,正常,3
2024-09-04,CUP-023,CUP,232,719,792,9116.92,正常,21
2024-09-04,HND-004,HND,199,810,187,10521.9,正常,20
2024-09-04,HND-013,HND,3,854,715,14330.12,过库存,10
2024-09-04,LRB-007,LRB,240,980,672,5066.6,正常,4
2024-09-04,TLM-024,TLM,471,1956,288,31804.56,低库存预警,28
2024-09-04,BUM-010,BUM,295,525,586,16437.75,正常,8
2024-09-04,BUM-002,BUM,317,692,488,14995.64,正常,27
2024-09-04,DRH-016,DRH,292,578,428,11253.66,低库存预警,5
2024-09-04,TLM-004,TLM,164,105,426,3407.25,低库存预警,19
2024-09-04,WLC-006,WLC,68,893,386,10635.63,正常,10
2024-09-04,LRB-022,LRB,312,736,716,12983.04,正常,25
2024-09-04,HND-008,HND,466,187,719,4633.86,正常,5
2024-09-04,WLC-021,WLC,443,908,171,8144.76,过库存,26
2024-09-04,HND-017,HND,230,487,755,10704.26,正常,16
2024-09-04,BUM-026,BUM,128,1773,679,19644.84,正常,0
2024-09-04,BUM-018,BUM,44,1716,273,28211.04,低库存预警,15
2024-09-04,TLM-023,TLM,396,228,715,7013.28,正常,23
2024-09-04,VEN-027,VEN,160,1066,352,9572.68,过库存,0
2024-09-04,TLM-022,TLM,17,114,763,478.8,低库存预警,14
2024-09-04,TLM-028,TLM,71,1033,257,34099.33,低库存预警,1
2024-09-04,CUP-007,CUP,18,1845,242,38984.85,过库存,15
2024-09-04,BUM-028,BUM,103,1526,110,47641.72,过库存,21
2024-09-04,VEN-016,VEN,214,370,788,12354.3,过库存,9
2024-09-04,HND-024,HND,128,1175,588,24592.75,过库存,18
2024-09-04,TLM-001,TLM,438,1723,167,11768.09,过库存,2
2024-09-04,TLM-015,TLM,421,1539,267,11465.55,正常,16
2024-09-04,BUM-020,BUM,300,1332,231,45274.68,正常,16
2024-09-04,WLC-009,WLC,433,1358,307,42002.94,过库存,2
2024-09-04,CUP-002,CUP,223,1275,780,6120.0,正常,17
2024-09-04,DUO-012,DUO,351,599,715,6846.57,过库存,5
2024-09-04,CUP-003,CUP,220,1873,186,64056.6,过库存,2
2024-09-04,DUO-022,DUO,26,1539,622,5909.76,正常,3
2024-09-04,BUM-007,BUM,254,405,214,4106.7,正常,25
2024-09-04,VEN-002,VEN,342,1549,271,51674.64,正常,7
2024-09-04,DUO-008,DUO,496,127,800,1228.09,正常,26
2024-09-04,TLP-017,TLP,493,323,324,9344.39,正常,6
2024-09-04,LFR-010,LFR,112,327,172,6827.76,低库存预警,5
2024-09-04,CUP-004,CUP,474,675,159,23064.75,正常,7
2024-09-04,HND-002,HND,110,534,250,4912.8,正常,8
2024-09-04,TLM-010,TLM,209,1528,261,15218.88,过库存,27
2024-09-04,WLC-013,WLC,423,1636,426,38282.4,正常,5
2024-09-04,TLP-015,TLP,90,1049,423,21137.35,低库存预警,5
2024-09-04,LFR-002,LFR,252,1313,336,14232.92,正常,5
2024-09-04,VEN-022,VEN,89,1437,463,48211.35,正常,8
2024-09-04,TLM-021,TLM,466,748,515,5138.76,低库存预警,23
2024-09-04,DRH-003,DRH,126,1408,744,13108.48,正常,23
2024-09-05,TLM-016,TLM,343,1759,612,60984.53,正常,7
2024-09-05,LFR-014,LFR,69,1110,677,10223.1,低库存预警,6
2024-09-05,CUP-021,CUP,433,993,166,27277.71,正常,20
2024-09-05,LFR-002,LFR,172,51,208,552.84,过库存,12
2024-09-05,CUP-027,CUP,200,1255,381,25162.75,正常,23
2024-09-05,BUM-019,BUM,76,934,185,17437.78,低库存预警,14
2024-09-05,WLC-023,WLC,306,598,410,14304.16,过库存,11
2024-09-05,CUP-030,CUP,496,180,141,4604.4,正常,10
2024-09-05,WLC-025,WLC,70,1456,156,38729.6,低库存预警,3
2024-09-05,BUM-017,BUM,436,940,175,5508.4,正常,19
2024-09-05,BUM-002,BUM,410,875,561,18961.25,正常,12
2024-09-05,TLP-011,TLP,100,984,734,33721.68,正常,26
2024-09-05,TLP-017,TLP,126,940,298,27194.2,正常,14
2024-09-05,VEN-030,VEN,217,807,337,9345.06,正常,22
2024-09-05,BUM-003,BUM,118,979,394,17289.14,正常,4
2024-09-05,DRH-022,DRH,55,1364,572,16627.16,正常,20
2024-09-05,DRH-024,DRH,201,1857,657,14763.15,正常,1
2024-09-05,DUO-021,DUO,334,1221,568,11526.24,过库存,9
2024-09-05,BUM-001,BUM,494,1292,477,6705.48,正常,1
2024-09-05,VEN-027,VEN,153,1247,653,11198.06,低库存预警,1
2024-09-05,LFR-009,LFR,313,883,393,14516.52,正常,6
2024-09-05,VEN-002,VEN,472,1773,106,59147.28,正常,15
2024-09-05,HND-023,HND,134,382,528,3602.26,正常,3
2024-09-05,LRB-006,LRB,258,689,532,23550.02,正常,12
2024-09-05,LRB-017,LRB,13,1745,158,44410.25,正常,1
2024-09-05,DUO-019,DUO,450,1394,542,20380.28,正常,24
2024-09-05,LFR-013,LFR,445,381,797,4370.07,低库存预警,10
2024-09-05,TLM-009,TLM,117,627,580,12891.12,过库存,9
2024-09-05,VEN-004,VEN,74,1721,148,55691.56,过库存,29
2024-09-05,TLM-005,TLM,386,1594,728,34047.84,正常,17
2024-09-05,LRB-016,LRB,432,983,693,23375.74,低库存预警,4
2024-09-05,LFR-005,LFR,80,1993,710,3408.03,过库存,14
2024-09-05,HND-011,HND,282,1688,327,19158.8,过库存,5
2024-09-05,DUO-013,DUO,165,405,784,1437.75,正常,5
2024-09-05,DUO-014,DUO,64,1097,176,12714.23,过库存,3
2024-09-05,DUO-007,DUO,123,903,308,10962.42,过库存,30
2024-09-05,CUP-013,CUP,111,1035,328,20079.0,低库存预警,29
2024-09-05,CUP-029,CUP,181,26,213,58.5,正常,19
2024-09-05,TLP-006,TLP,135,933,356,26543.85,低库存预警,8
2024-09-05,TLM-020,TLM,118,410,700,12923.2,过库存,25
2024-09-05,CUP-018,CUP,271,1765,405,32599.55,正常,11
2024-09-05,DRH-017,DRH,284,739,704,3820.63,正常,22
2024-09-05,LFR-020,LFR,126,994,107,30893.52,正常,0
2024-09-05,VEN-024,VEN,5,835,299,11272.5,过库存,15
2024-09-05,BUM-025,BUM,334,1385,577,31190.2,过库存,22
2024-09-05,CUP-005,CUP,188,1383,396,45473.04,过库存,19
2024-09-05,HND-002,HND,283,1002,230,9218.4,低库存预警,16
2024-09-05,DRH-011,DRH,317,1498,589,45614.1,正常,11
2024-09-05,WLC-014,WLC,263,23,444,198.72,正常,30
2024-09-05,HND-009,HND,88,776,670,23636.96,正常,26
2024-09-05,TLM-008,TLM,340,1583,464,36868.07,低库存预警,2
2024-09-05,CUP-010,CUP,79,676,208,19407.96,正常,28
2024-09-05,VEN-021,VEN,366,1348,326,40103.0,过库存,20
2024-09-05,DRH-009,DRH,40,764,334,9886.16,正常,22
2024-09-05,CUP-011,CUP,223,1925,219,56672.0,正常,1
2024-09-05,TLP-018,TLP,403,792,692,14137.2,过库存,3
2024-09-05,DUO-018,DUO,462,1433,181,3668.48,低库存预警,29
2024-09-05,WLC-024,WLC,471,384,380,2592.0,正常,9
2024-09-05,TLP-015,TLP,315,794,582,15999.1,过库存,1
2024-09-05,CUP-024,CUP,263,514,178,950.9,过库存,8
2024-09-06,TLM-011,TLM,107,33,367,1134.54,正常,26
2024-09-06,DRH-026,DRH,183,1040,609,3109.6,过库存,5
2024-09-06,TLM-014,TLM,401,422,239,9098.32,低库存预警,1
2024-09-06,WLC-007,WLC,252,660,214,22704.0,低库存预警,19
2024-09-06,VEN-008,VEN,336,1636,334,54347.92,过库存,4
2024-09-06,DRH-010,DRH,288,1101,460,7222.56,过库存,10
2024-09-06,LFR-012,LFR,147,1659,174,29579.97,正常,29
2024-09-06,HND-008,HND,160,1422,625,35237.16,正常,9
2024-09-06,VEN-022,VEN,227,1539,294,51633.45,正常,5
2024-09-06,TLP-015,TLP,35,630,376,12694.5,正常,29
2024-09-06,TLP-025,TLP,419,348,294,1068.36,过库存,22
2024-09-06,HND-011,HND,471,271,598,3075.85,过库存,3
2024-09-06,LFR-002,LFR,422,295,327,3197.8,正常,11
2024-09-06,BUM-028,BUM,493,533,129,16640.26,过库存,20
2024-09-06,LFR-003,LFR,78,903,177,24046.89,过库存,28
2024-09-06,HND-028,HND,372,501,337,4854.69,低库存预警,9
2024-09-06,LFR-005,LFR,495,1627,253,2782.17,过库存,13
2024-09-06,BUM-023,BUM,114,147,696,912.87,正常,19
2024-09-06,TLP-023,TLP,255,1830,393,46591.8,正常,23
2024-09-06,DUO-011,DUO,399,1036,202,6060.6,低库存预警,2
2024-09-06,TLM-023,TLM,372,96,636,2952.96,正常,13
2024-09-06,BUM-006,BUM,16,1452,262,33207.24,低库存预警,15
2024-09-06,TLP-009,TLP,205,794,514,20294.64,正常,10
2024-09-06,HND-014,HND,415,1930,489,43772.4,正常,20
2024-09-06,HND-007,HND,28,1411,207,5531.12,过库存,7
2024-09-06,TLM-018,TLM,331,386,157,11437.18,过库存,12
2024-09-06,LRB-011,LRB,145,1289,118,6831.7,低库存预警,7
2024-09-06,CUP-010,CUP,440,906,648,26011.26,正常,13
2024-09-06,BUM-015,BUM,79,1861,518,21252.62,过库存,1
2024-09-06,LFR-021,LFR,253,1433,469,28043.81,低库存预警,18
2024-09-06,TLP-022,TLP,117,212,429,4994.72,过库存,25
2024-09-06,TLM-001,TLM,199,948,254,6474.84,低库存预警,20
2024-09-06,DRH-017,DRH,64,1499,558,7749.83,正常,14
2024-09-06,DRH-006,DRH,208,948,374,16912.32,正常,10
2024-09-06,TLM-003,TLM,45,1541,158,12512.92,正常,22
2024-09-06,WLC-008,WLC,368,1806,318,30611.7,正常,22
2024-09-06,TLM-025,TLM,140,473,800,6376.04,正常,13
2024-09-06,HND-025,HND,302,1791,501,16369.74,正常,27
2024-09-06,DRH-015,DRH,136,1928,275,14382.88,过库存,19
2024-09-06,TLP-012,TLP,312,590,719,12596.5,正常,17
2024-09-06,LFR-015,LFR,324,383,253,1865.21,正常,21
2024-09-06,LRB-019,LRB,16,1851,661,62674.86,过库存,4
2024-09-06,CUP-021,CUP,182,552,582,15163.44,正常,28
2024-09-06,CUP-004,CUP,435,543,728,18554.31,低库存预警,4
2024-09-06,VEN-018,VEN,373,1686,339,10453.2,正常,11
2024-09-06,HND-001,HND,315,314,523,2088.1,正常,16
2024-09-06,LFR-008,LFR,96,1208,423,23942.56,低库存预警,22
2024-09-06,BUM-021,BUM,270,1447,750,32904.78,正常,7
2024-09-06,DRH-027,DRH,266,520,478,12974.0,过库存,5
2024-09-06,DRH-024,DRH,286,1135,131,9023.25,正常,18
2024-09-06,LFR-013,LFR,198,1855,114,21276.85,过库存,28
2024-09-06,LRB-009,LRB,335,440,108,11897.6,正常,27
2024-09-06,TLP-024,TLP,395,826,686,2891.0,过库存,20
2024-09-06,TLM-004,TLM,372,1804,743,58539.8,正常,20
2024-09-06,LFR-007,LFR,475,178,267,619.44,过库存,13
2024-09-06,HND-015,HND,45,386,253,5353.82,低库存预警,28
2024-09-06,VEN-013,VEN,5,387,451,12047.31,正常,27
2024-09-06,BUM-002,BUM,159,209,760,4529.03,过库存,19
2024-09-06,DRH-002,DRH,26,1247,607,11709.33,正常,3
2024-09-06,TLM-027,TLM,162,1390,434,21002.9,正常,27
