日期,机器ID,机器类型,运行时长h,故障时长h,故障类型,维护时长h,工单数,良品数,能耗kWh,换模次数
2024-01-01,M-E01,全电动,17.7,0,,0,2,444,37.7,2
2024-01-01,M-E02,全电动,16.3,0,,0,1,529,35.7,3
2024-01-01,M-E03,全电动,15.2,0,,0,2,259,49.1,3
2024-01-01,M-E04,全电动,16.9,0,,0,1,406,55.6,4
2024-01-01,M-E05,全电动,15.4,0,,0,3,431,68.2,2
2024-01-01,M-E06,全电动,18.4,0,,0,2,497,77.8,0
2024-01-01,M-E07,全电动,13.1,0,,0,1,402,56.8,2
2024-01-01,M-E08,全电动,17.0,0,,0.3,3,397,106.9,0
2024-01-01,M-E09,全电动,17.9,0,,0,1,502,106.4,3
2024-01-01,M-E10,全电动,13.8,0,,0,1,514,103.3,0
2024-01-01,M-E11,全电动,17.1,0,,0,3,315,170.3,1
2024-01-01,M-E12,全电动,13.1,0,,0,2,468,128.0,1
2024-01-01,M-E13,全电动,13.9,0,,0,2,385,129.4,1
2024-01-01,M-O01,油压,15.0,0,,0,2,220,206.3,4
2024-01-01,M-O02,油压,15.599999999999998,3.3,电气故障,0,3,91,226.3,0
2024-01-01,M-O03,油压,18.5,0,,0,1,191,375.6,1
2024-01-01,M-O04,油压,17.0,0,,0,2,275,322.0,3
2024-01-01,M-O05,油压,17.5,0,,0,1,438,412.9,0
2024-01-01,M-O06,油压,16.2,0,,0,1,386,462.9,1
2024-01-01,M-O07,油压,15.4,0,,0,4,415,647.2,3
2024-01-01,M-O08,油压,18.0,0,,0,1,312,820.3,3
2024-01-01,M-O09,油压,17.8,0,,0,3,544,917.0,1
2024-01-01,M-D01,双色旋转,14.6,0,,0,1,588,110.8,4
2024-01-01,M-D02,双色旋转,14.6,0,,0,3,531,540.9,1
2024-01-01,M-D03,双色旋转,16.9,0,,0,1,220,607.2,1
2024-01-01,M-T01,两板,13.8,0,,0,3,567,37.3,1
2024-01-01,M-T02,两板,14.8,0,,0,1,262,352.2,3
2024-01-01,M-T03,两板,17.6,0,,0,4,347,1028.7,2
2024-01-01,M-T04,两板,17.1,0,,0,4,380,1140.8,1
2024-01-02,M-E01,全电动,14.6,0,,0,3,555,29.0,0
2024-01-02,M-E02,全电动,17.8,0,,0,2,499,36.6,1
2024-01-02,M-E03,全电动,13.6,0,,0,2,222,37.4,4
2024-01-02,M-E04,全电动,17.2,0,,0.4,2,281,49.6,2
2024-01-02,M-E05,全电动,13.4,0,,0,1,550,47.1,0
2024-01-02,M-E06,全电动,15.6,0,,0,2,452,66.7,2
2024-01-02,M-E07,全电动,18.0,0,,0.2,3,177,89.9,1
2024-01-02,M-E08,全电动,16.6,0,,0,4,232,112.9,0
2024-01-02,M-E09,全电动,15.6,0,,0,3,172,105.7,0
2024-01-02,M-E10,全电动,15.4,0,,0,1,597,116.8,4
2024-01-02,M-E11,全电动,17.6,0,,0,3,372,175.8,2
2024-01-02,M-E12,全电动,18.7,0,,0,1,255,195.1,1
2024-01-02,M-E13,全电动,13.4,0,,0,3,477,121.0,3
2024-01-02,M-O01,油压,18.8,0,,0,1,207,277.5,1
2024-01-02,M-O02,油压,17.2,0,,0.2,3,199,247.2,1
2024-01-02,M-O03,油压,18.7,0,,0,3,102,416.9,1
2024-01-02,M-O04,油压,18.2,0,,0.4,2,588,452.2,4
2024-01-02,M-O05,油压,15.6,0,,0,1,499,365.2,4
2024-01-02,M-O06,油压,14.5,0,,0,1,579,497.1,2
2024-01-02,M-O07,油压,13.7,0,,0.3,1,216,597.3,0
2024-01-02,M-O08,油压,17.1,0,,0,3,266,884.1,2
2024-01-02,M-O09,油压,17.8,0,,0,1,294,961.8,3
2024-01-02,M-D01,双色旋转,15.7,0,,0,1,364,137.5,4
2024-01-02,M-D02,双色旋转,14.1,0,,0,2,425,427.8,2
2024-01-02,M-D03,双色旋转,15.6,0,,0,2,388,530.8,0
2024-01-02,M-T01,两板,15.9,0,,0.4,2,123,43.6,0
2024-01-02,M-T02,两板,17.5,0,,0.2,2,187,490.6,4
2024-01-02,M-T03,两板,15.7,0,,0,1,599,992.3,2
2024-01-02,M-T04,两板,16.1,0,,0,2,326,1225.4,3
2024-01-03,M-E01,全电动,15.8,0,,0,2,459,24.9,1
2024-01-03,M-E02,全电动,15.0,0,,0,3,312,25.6,0
2024-01-03,M-E03,全电动,15.2,0,,0,2,176,39.4,0
2024-01-03,M-E04,全电动,17.3,0,,0,2,230,48.1,1
2024-01-03,M-E05,全电动,14.5,0,,0,4,110,64.5,4
2024-01-03,M-E06,全电动,13.2,0,,0,3,473,52.4,4
2024-01-03,M-E07,全电动,15.8,0,,0.3,1,253,89.2,4
2024-01-03,M-E08,全电动,18.6,0,,0,2,112,111.5,1
2024-01-03,M-E09,全电动,14.6,0,,0,2,465,116.2,1
2024-01-03,M-E10,全电动,14.6,0,,0,2,205,125.0,3
2024-01-03,M-E11,全电动,14.9,0,,0,1,556,133.0,4
2024-01-03,M-E12,全电动,17.5,0,,0,3,595,160.5,3
2024-01-03,M-E13,全电动,17.2,0,,0,3,326,196.6,4
2024-01-03,M-O01,油压,15.9,0,,0,2,486,204.6,4
2024-01-03,M-O02,油压,16.3,0,,0,1,215,309.6,4
2024-01-03,M-O03,油压,17.4,0,,0.2,2,424,385.4,2
2024-01-03,M-O04,油压,17.3,0,,0.3,2,100,358.3,2
2024-01-03,M-O05,油压,13.1,0,,0,1,190,334.4,3
2024-01-03,M-O06,油压,16.9,0,,0,2,126,526.8,4
2024-01-03,M-O07,油压,17.6,0,,0,3,529,722.5,4
2024-01-03,M-O08,油压,15.2,0,,0,3,570,614.3,3
2024-01-03,M-O09,油压,14.3,0,,0,1,108,864.9,0
2024-01-03,M-D01,双色旋转,17.1,0,,0,3,507,125.3,1
2024-01-03,M-D02,双色旋转,17.2,0,,0,1,102,588.9,3
2024-01-03,M-D03,双色旋转,18.7,0,,0,1,291,634.7,1
2024-01-03,M-T01,两板,15.3,0,,0,2,155,53.2,4
2024-01-03,M-T02,两板,15.7,0,,0.4,2,505,414.6,1
2024-01-03,M-T03,两板,17.5,0,,0,3,423,885.6,0
2024-01-03,M-T04,两板,18.1,0,,0,3,443,1255.9,3
2024-01-04,M-E01,全电动,17.3,0,,0,2,307,26.0,2
2024-01-04,M-E02,全电动,15.7,0,,0,3,541,30.8,4
2024-01-04,M-E03,全电动,15.7,0,,0,2,315,50.8,3
2024-01-04,M-E04,全电动,17.5,0,,0.1,2,151,40.8,0
2024-01-04,M-E05,全电动,13.9,0,,0,1,382,42.3,0
2024-01-04,M-E06,全电动,14.7,0,,0.2,2,396,51.9,3
2024-01-04,M-E07,全电动,18.2,0,,0,1,571,100.2,1
2024-01-04,M-E08,全电动,15.1,0,,0,4,269,70.9,4
2024-01-04,M-E09,全电动,13.1,0,,0,2,300,82.5,3
2024-01-04,M-E10,全电动,13.7,0,,0,2,163,87.2,0
2024-01-04,M-E11,全电动,14.4,0,,0,3,387,108.9,0
2024-01-04,M-E12,全电动,12.0,2.0,加热系统,0,1,108,137.2,2
2024-01-04,M-E13,全电动,16.3,0,,0,3,87,175.4,2
2024-01-04,M-O01,油压,15.8,0,,0,2,351,203.8,4
2024-01-04,M-O02,油压,18.7,0,,0.3,3,113,258.4,0
2024-01-04,M-O03,油压,19.0,0,,0.5,1,168,351.1,2
2024-01-04,M-O04,油压,14.5,0,,0,4,339,336.2,4
2024-01-04,M-O05,油压,18.2,0,,0,4,282,447.0,2
2024-01-04,M-O06,油压,14.6,0,,0,2,227,505.3,0
2024-01-04,M-O07,油压,15.8,0,,0,1,374,541.5,3
2024-01-04,M-O08,油压,18.5,0,,0,3,365,759.7,1
2024-01-04,M-O09,油压,13.1,0,,0,3,446,649.5,4
2024-01-04,M-D01,双色旋转,13.3,0,,0,2,460,100.8,4
2024-01-04,M-D02,双色旋转,15.5,0,,0,2,126,411.7,1
2024-01-04,M-D03,双色旋转,9.6,3.5,模具问题,0,1,83,331.4,1
2024-01-04,M-T01,两板,18.3,0,,0,2,310,53.4,1
2024-01-04,M-T02,两板,17.2,0,,0,3,238,434.5,2
2024-01-04,M-T03,两板,17.7,0,,0,1,412,1117.7,2
2024-01-04,M-T04,两板,18.3,0,,0,3,95,1695.0,0
2024-01-05,M-E01,全电动,13.4,0,,0,2,366,30.6,2
2024-01-05,M-E02,全电动,18.0,0,,0,2,280,39.7,4
2024-01-05,M-E03,全电动,14.9,0,,0.5,4,496,47.3,4
2024-01-05,M-E04,全电动,16.8,0,,0.4,1,377,51.1,1
2024-01-05,M-E05,全电动,16.7,0,,0,3,408,74.8,4
2024-01-05,M-E06,全电动,13.7,0,,0,1,92,48.3,2
2024-01-05,M-E07,全电动,15.7,0,,0,1,237,63.1,0
2024-01-05,M-E08,全电动,17.5,0,,0,2,403,86.5,4
2024-01-05,M-E09,全电动,15.3,0,,0,2,533,116.4,3
2024-01-05,M-E10,全电动,14.9,0,,0,1,589,97.8,1
2024-01-05,M-E11,全电动,18.0,0,,0,2,97,168.2,3
2024-01-05,M-E12,全电动,17.1,0,,0,2,114,179.7,2
2024-01-05,M-E13,全电动,17.0,0,,0,3,580,193.0,3
2024-01-05,M-O01,油压,14.0,0,,0,1,524,199.2,1
2024-01-05,M-O02,油压,15.6,0,,0,3,595,199.2,1
2024-01-05,M-O03,油压,14.0,0,,0.3,2,106,300.5,1
2024-01-05,M-O04,油压,16.9,0,,0,1,242,403.3,2
2024-01-05,M-O05,油压,16.6,0,,0.3,2,253,391.4,4
2024-01-05,M-O06,油压,17.6,0,,0,2,341,469.5,1
2024-01-05,M-O07,油压,13.6,0,,0,2,512,529.3,0
2024-01-05,M-O08,油压,16.0,0,,0.4,2,507,649.7,3
2024-01-05,M-O09,油压,15.2,3.7,液压系统,0,1,395,733.9,1
2024-01-05,M-D01,双色旋转,18.2,0,,0.5,1,171,170.5,3
2024-01-05,M-D02,双色旋转,15.599999999999998,2.3,模具问题,0,4,502,584.5,1
2024-01-05,M-D03,双色旋转,16.4,0,,0,2,450,514.1,1
2024-01-05,M-T01,两板,14.5,0,,0,3,206,39.8,1
2024-01-05,M-T02,两板,18.8,0,,0,3,93,474.7,3
2024-01-05,M-T03,两板,17.9,0,,0,1,489,866.3,4
2024-01-05,M-T04,两板,14.5,0,,0.2,1,252,1368.8,1
2024-01-06,M-E01,全电动,18.9,0,,0,2,267,33.5,1
2024-01-06,M-E02,全电动,13.5,0,,0,2,481,23.2,3
2024-01-06,M-E03,全电动,17.4,0,,0,1,267,41.6,0
2024-01-06,M-E04,全电动,16.6,0,,0.1,4,519,42.6,4
2024-01-06,M-E05,全电动,18.4,0,,0,1,196,65.6,4
2024-01-06,M-E06,全电动,15.8,0,,0,1,402,71.3,2
2024-01-06,M-E07,全电动,16.1,0,,0.4,3,200,62.2,2
2024-01-06,M-E08,全电动,14.1,0,,0,2,517,70.5,1
2024-01-06,M-E09,全电动,15.8,0,,0,1,365,116.9,3
2024-01-06,M-E10,全电动,18.2,0,,0,3,293,116.5,4
2024-01-06,M-E11,全电动,17.3,0,,0,1,107,124.5,0
2024-01-06,M-E12,全电动,17.7,0,,0,1,235,202.0,4
2024-01-06,M-E13,全电动,16.8,0,,0,2,208,189.6,0
2024-01-06,M-O01,油压,13.6,0,,0,1,200,226.6,4
2024-01-06,M-O02,油压,14.7,0,,0,1,120,232.8,4
2024-01-06,M-O03,油压,16.6,0,,0,2,89,302.4,4
2024-01-06,M-O04,油压,13.7,0,,0,2,336,342.1,2
2024-01-06,M-O05,油压,19.0,0,,0,1,437,535.9,2
2024-01-06,M-O06,油压,18.9,0,,0,2,101,509.9,4
2024-01-06,M-O07,油压,14.6,0,,0,1,138,482.9,0
2024-01-06,M-O08,油压,15.3,0,,0,3,496,734.1,1
2024-01-06,M-O09,油压,17.2,0,,0.2,3,187,982.8,1
2024-01-06,M-D01,双色旋转,14.8,0,,0,3,155,106.3,0
2024-01-06,M-D02,双色旋转,15.1,0,,0,1,303,452.3,3
2024-01-06,M-D03,双色旋转,15.8,0,,0,2,384,507.9,1
2024-01-06,M-T01,两板,17.5,0,,0,3,267,65.7,4
2024-01-06,M-T02,两板,16.5,0,,0,3,499,457.4,0
2024-01-06,M-T03,两板,17.3,0,,0,1,460,1088.5,0
2024-01-06,M-T04,两板,17.4,0,,0.1,3,259,1244.3,0
2024-01-07,M-E01,全电动,14.5,0,,0,2,451,24.1,3
2024-01-07,M-E02,全电动,16.6,0,,0,3,482,32.5,3
2024-01-07,M-E03,全电动,15.0,0,,0,3,267,50.9,0
2024-01-07,M-E04,全电动,14.0,0,,0,1,282,34.8,0
2024-01-07,M-E05,全电动,18.3,0,,0,2,476,59.0,3
2024-01-07,M-E06,全电动,15.9,0,,0,2,162,71.6,4
2024-01-07,M-E07,全电动,15.2,0,,0,1,422,84.7,2
2024-01-07,M-E08,全电动,16.1,0,,0.1,2,195,87.8,0
2024-01-07,M-E09,全电动,14.1,0,,0,3,83,94.2,3
2024-01-07,M-E10,全电动,15.8,0,,0,3,467,139.6,0
2024-01-07,M-E11,全电动,16.7,0,,0,3,543,155.3,2
2024-01-07,M-E12,全电动,15.9,0,,0,1,343,184.6,1
2024-01-07,M-E13,全电动,16.2,0,,0.5,1,284,169.2,2
2024-01-07,M-O01,油压,16.3,0,,0,1,113,186.9,2
2024-01-07,M-O02,油压,18.8,0,,0,2,139,352.9,2
2024-01-07,M-O03,油压,14.5,0,,0,2,452,252.3,0
2024-01-07,M-O04,油压,17.3,0,,0.0,2,407,411.6,1
2024-01-07,M-O05,油压,13.4,0,,0,3,392,292.3,4
2024-01-07,M-O06,油压,14.5,0,,0,1,301,367.1,1
2024-01-07,M-O07,油压,14.5,0,,0,1,203,499.3,1
2024-01-07,M-O08,油压,16.2,0,,0,2,513,813.7,1
2024-01-07,M-O09,油压,15.1,0,,0,1,448,738.8,3
2024-01-07,M-D01,双色旋转,13.5,0,,0,3,439,143.2,0
2024-01-07,M-D02,双色旋转,17.2,0,,0,2,364,559.1,1
2024-01-07,M-D03,双色旋转,18.5,0,,0,2,522,468.3,0
2024-01-07,M-T01,两板,16.2,0,,0,2,483,51.1,2
2024-01-07,M-T02,两板,15.5,0,,0,2,238,383.2,0
2024-01-07,M-T03,两板,17.8,0,,0,1,415,1104.3,3
2024-01-07,M-T04,两板,16.8,0,,0,1,338,1565.4,1
2024-01-08,M-E01,全电动,14.2,0,,0,1,576,21.5,3
2024-01-08,M-E02,全电动,14.8,0,,0.1,4,460,26.3,3
2024-01-08,M-E03,全电动,15.0,0,,0,2,289,38.6,2
2024-01-08,M-E04,全电动,14.4,0,,0,1,89,35.7,3
2024-01-08,M-E05,全电动,18.9,0,,0,1,126,58.9,0
2024-01-08,M-E06,全电动,13.8,0,,0,3,517,50.0,0
2024-01-08,M-E07,全电动,13.9,0,,0,3,139,78.6,4
2024-01-08,M-E08,全电动,16.5,0,,0,2,139,104.6,1
2024-01-08,M-E09,全电动,17.3,0,,0,2,587,138.5,4
2024-01-08,M-E10,全电动,14.9,0,,0,1,585,132.8,1
2024-01-08,M-E11,全电动,15.7,0,,0,3,164,127.4,0
2024-01-08,M-E12,全电动,15.0,0,,0,3,500,149.5,1
2024-01-08,M-E13,全电动,18.6,0,,0,3,483,162.9,1
2024-01-08,M-O01,油压,17.0,0,,0,3,392,249.6,1
2024-01-08,M-O02,油压,14.400000000000002,3.2,模具问题,0,3,500,257.9,3
2024-01-08,M-O03,油压,18.8,0,,0,2,223,334.7,1
2024-01-08,M-O04,油压,15.1,0,,0.3,3,273,299.2,1
2024-01-08,M-O05,油压,16.5,0,,0,3,516,403.1,2
2024-01-08,M-O06,油压,14.299999999999999,0.9,加热系统,0,1,183,480.1,3
2024-01-08,M-O07,油压,16.4,0,,0,1,147,521.8,4
2024-01-08,M-O08,油压,16.1,0,,0,3,111,620.5,2
2024-01-08,M-O09,油压,14.3,0,,0.2,2,416,776.5,0
2024-01-08,M-D01,双色旋转,14.9,0,,0,2,314,116.8,0
2024-01-08,M-D02,双色旋转,14.5,0,,0,3,274,499.0,1
2024-01-08,M-D03,双色旋转,15.1,0,,0,1,126,433.8,4
2024-01-08,M-T01,两板,16.5,0,,0.0,2,572,62.4,2
2024-01-08,M-T02,两板,15.1,0,,0,1,555,319.7,4
2024-01-08,M-T03,两板,14.0,0,,0.4,3,340,945.8,4
2024-01-08,M-T04,两板,13.8,0,,0,3,494,932.4,4
2024-01-09,M-E01,全电动,17.1,0,,0,2,347,27.7,1
2024-01-09,M-E02,全电动,14.1,0,,0,1,342,26.6,4
2024-01-09,M-E03,全电动,16.5,0,,0,1,191,49.2,2
2024-01-09,M-E04,全电动,14.0,0,,0,2,242,35.0,0
2024-01-09,M-E05,全电动,14.8,0,,0,1,195,62.5,0
2024-01-09,M-E06,全电动,12.1,3.1,模具问题,0,1,279,44.7,1
2024-01-09,M-E07,全电动,16.3,0,,0,3,136,88.0,0
2024-01-09,M-E08,全电动,16.7,0,,0,3,341,85.1,3
2024-01-09,M-E09,全电动,16.9,0,,0,1,480,125.1,2
2024-01-09,M-E10,全电动,12.299999999999999,0.9,液压系统,0,3,418,108.1,4
2024-01-09,M-E11,全电动,15.8,0,,0,3,203,159.1,4
2024-01-09,M-E12,全电动,13.2,0,,0.3,1,508,134.7,1
2024-01-09,M-E13,全电动,18.0,0,,0,3,576,162.9,4
2024-01-09,M-O01,油压,15.6,0,,0,3,379,254.3,4
2024-01-09,M-O02,油压,18.4,0,,0,1,517,343.2,3
2024-01-09,M-O03,油压,17.1,0,,0,1,566,283.9,2
2024-01-09,M-O04,油压,14.500000000000002,2.1,模具问题,0,2,392,322.5,2
2024-01-09,M-O05,油压,14.2,0,,0.3,3,300,411.9,3
2024-01-09,M-O06,油压,15.0,0,,0,2,450,408.9,1
2024-01-09,M-O07,油压,10.7,3.4,传感器异常,0,1,596,399.8,0
2024-01-09,M-O08,油压,13.8,0,,0,3,382,517.2,4
2024-01-09,M-O09,油压,18.7,0,,0,1,212,841.2,2
2024-01-09,M-D01,双色旋转,14.5,0,,0,4,180,145.3,3
2024-01-09,M-D02,双色旋转,14.0,0,,0,2,139,428.7,1
2024-01-09,M-D03,双色旋转,16.0,0,,0,2,282,525.6,1
2024-01-09,M-T01,两板,14.7,0,,0,3,370,41.4,3
2024-01-09,M-T02,两板,17.8,1.0,电气故障,0,2,328,438.6,3
2024-01-09,M-T03,两板,16.2,0,,0,3,479,1044.6,2
2024-01-09,M-T04,两板,17.1,0,,0.4,1,409,1302.1,0
2024-01-10,M-E01,全电动,13.5,0,,0,2,321,28.7,2
2024-01-10,M-E02,全电动,16.5,0,,0.2,1,438,26.2,4
2024-01-10,M-E03,全电动,18.1,0,,0,4,104,54.7,2
2024-01-10,M-E04,全电动,16.6,0,,0,1,101,47.1,3
2024-01-10,M-E05,全电动,18.9,0,,0,1,338,85.8,4
2024-01-10,M-E06,全电动,17.4,0,,0,2,524,73.9,0
2024-01-10,M-E07,全电动,18.9,0,,0,1,395,94.0,4
2024-01-10,M-E08,全电动,13.7,0,,0,2,362,62.1,4
2024-01-10,M-E09,全电动,14.0,0,,0,3,470,82.2,1
2024-01-10,M-E10,全电动,18.3,0,,0,2,542,116.2,0
2024-01-10,M-E11,全电动,18.5,0,,0,2,489,193.4,4
2024-01-10,M-E12,全电动,15.0,0,,0,2,557,158.9,3
2024-01-10,M-E13,全电动,13.7,0,,0,3,246,148.8,4
2024-01-10,M-O01,油压,16.9,0,,0,1,316,274.9,2
2024-01-10,M-O02,油压,16.1,0,,0,1,510,285.5,3
2024-01-10,M-O03,油压,17.7,0,,0,1,362,327.5,2
2024-01-10,M-O04,油压,16.1,2.9,传感器异常,0,1,576,397.3,0
2024-01-10,M-O05,油压,16.5,0,,0,1,260,518.5,0
2024-01-10,M-O06,油压,14.3,0,,0,1,153,396.8,2
2024-01-10,M-O07,油压,13.0,0,,0,1,161,579.1,0
2024-01-10,M-O08,油压,14.2,0,,0,1,329,557.1,4
2024-01-10,M-O09,油压,17.4,0,,0,2,557,1035.8,2
2024-01-10,M-D01,双色旋转,14.000000000000002,2.1,模具问题,0,1,454,105.7,4
2024-01-10,M-D02,双色旋转,15.5,0,,0,1,222,406.2,1
2024-01-10,M-D03,双色旋转,17.2,0,,0,1,148,457.6,0
2024-01-10,M-T01,两板,13.6,0,,0,1,125,42.7,3
2024-01-10,M-T02,两板,17.3,0,,0,4,581,435.6,3
2024-01-10,M-T03,两板,18.6,0,,0,1,409,1135.4,4
2024-01-10,M-T04,两板,18.5,0,,0,2,529,1441.2,1
2024-01-11,M-E01,全电动,16.8,0,,0.2,2,289,36.7,1
2024-01-11,M-E02,全电动,17.1,0,,0,1,401,34.0,1
2024-01-11,M-E03,全电动,17.9,0,,0,4,88,57.3,1
2024-01-11,M-E04,全电动,13.9,0,,0,4,378,39.8,4
2024-01-11,M-E05,全电动,18.8,0,,0,1,206,83.5,2
2024-01-11,M-E06,全电动,13.4,0,,0,2,430,56.3,2
2024-01-11,M-E07,全电动,15.0,0,,0,2,269,84.7,2
2024-01-11,M-E08,全电动,17.5,0,,0,3,464,108.8,3
2024-01-11,M-E09,全电动,13.7,0,,0,2,336,88.8,0
2024-01-11,M-E10,全电动,16.1,0,,0,2,265,101.8,1
2024-01-11,M-E11,全电动,14.8,0,,0,1,435,129.1,4
2024-01-11,M-E12,全电动,15.7,0,,0,2,143,185.2,3
2024-01-11,M-E13,全电动,16.2,0,,0,3,284,163.4,4
2024-01-11,M-O01,油压,17.0,0,,0,1,312,203.8,3
2024-01-11,M-O02,油压,13.2,0,,0,2,99,203.4,1
2024-01-11,M-O03,油压,17.0,0,,0,2,269,308.3,1
2024-01-11,M-O04,油压,15.6,0,,0,4,426,383.2,0
2024-01-11,M-O05,油压,14.1,0,,0,2,506,445.7,0
2024-01-11,M-O06,油压,17.5,0,,0,2,111,516.3,4
2024-01-11,M-O07,油压,16.4,0,,0,4,431,555.7,1
2024-01-11,M-O08,油压,15.0,0,,0,2,351,758.6,0
2024-01-11,M-O09,油压,17.7,0,,0,1,324,778.7,3
2024-01-11,M-D01,双色旋转,17.6,0,,0.3,4,409,133.3,1
2024-01-11,M-D02,双色旋转,14.1,0,,0,1,380,496.0,2
2024-01-11,M-D03,双色旋转,18.6,0,,0,2,278,541.2,4
2024-01-11,M-T01,两板,18.7,0,,0,2,246,56.4,0
2024-01-11,M-T02,两板,18.1,0,,0,1,109,490.6,0
2024-01-11,M-T03,两板,17.6,0,,0,2,136,809.9,2
2024-01-11,M-T04,两板,16.3,0,,0.3,5,231,1030.4,2
2024-01-12,M-E01,全电动,16.9,0,,0,2,485,26.3,4
2024-01-12,M-E02,全电动,13.7,0,,0,1,281,26.6,4
2024-01-12,M-E03,全电动,18.5,0,,0,2,508,62.7,2
2024-01-12,M-E04,全电动,19.0,0,,0,3,421,51.2,4
2024-01-12,M-E05,全电动,13.8,0,,0,2,526,58.7,4
2024-01-12,M-E06,全电动,15.0,0,,0,2,411,62.2,4
2024-01-12,M-E07,全电动,13.8,0,,0,1,451,64.6,0
2024-01-12,M-E08,全电动,18.7,0,,0,3,403,88.9,0
2024-01-12,M-E09,全电动,13.4,0,,0.4,1,373,84.1,1
2024-01-12,M-E10,全电动,13.5,0,,0,3,178,86.5,1
2024-01-12,M-E11,全电动,14.5,0,,0,2,483,133.8,2
2024-01-12,M-E12,全电动,18.1,0,,0,1,422,186.7,2
2024-01-12,M-E13,全电动,18.2,0,,0,2,290,207.4,2
2024-01-12,M-O01,油压,18.4,0,,0,2,451,280.7,4
2024-01-12,M-O02,油压,13.2,0,,0,2,544,199.1,3
2024-01-12,M-O03,油压,16.1,0,,0,1,108,268.5,2
2024-01-12,M-O04,油压,16.8,0,,0,1,280,407.3,4
2024-01-12,M-O05,油压,14.2,0,,0,2,438,410.3,3
2024-01-12,M-O06,油压,16.3,0,,0,4,595,615.2,4
2024-01-12,M-O07,油压,17.8,0,,0,3,274,678.5,0
2024-01-12,M-O08,油压,17.6,0,,0,2,409,850.6,1
2024-01-12,M-O09,油压,18.3,0,,0,2,330,752.6,3
2024-01-12,M-D01,双色旋转,14.7,0,,0,2,426,145.9,2
2024-01-12,M-D02,双色旋转,15.7,0,,0,4,533,545.8,3
2024-01-12,M-D03,双色旋转,14.5,0,,0,2,480,519.8,3
2024-01-12,M-T01,两板,14.6,0,,0.3,2,402,46.4,0
2024-01-12,M-T02,两板,17.6,0,,0,3,103,426.8,1
2024-01-12,M-T03,两板,16.6,0,,0,2,417,807.8,2
2024-01-12,M-T04,两板,13.2,0,,0,2,557,918.1,2
2024-01-13,M-E01,全电动,16.5,0,,0,3,495,30.4,3
2024-01-13,M-E02,全电动,17.1,0,,0,2,586,27.3,0
2024-01-13,M-E03,全电动,15.9,0,,0,4,575,46.5,0
2024-01-13,M-E04,全电动,14.9,0,,0,1,136,38.3,3
2024-01-13,M-E05,全电动,18.2,0,,0.4,4,505,82.5,2
2024-01-13,M-E06,全电动,16.8,0,,0,2,86,74.8,1
2024-01-13,M-E07,全电动,17.7,0,,0.4,1,480,83.6,2
2024-01-13,M-E08,全电动,14.6,0,,0,2,511,98.7,0
2024-01-13,M-E09,全电动,16.8,0,,0.2,1,177,129.7,3
2024-01-13,M-E10,全电动,17.4,0,,0,1,266,121.5,3
2024-01-13,M-E11,全电动,13.1,0,,0,2,310,94.3,0
2024-01-13,M-E12,全电动,15.7,0,,0,3,510,155.3,3
2024-01-13,M-E13,全电动,15.5,0,,0.2,3,149,160.1,3
2024-01-13,M-O01,油压,17.5,0,,0,1,198,230.2,3
2024-01-13,M-O02,油压,15.5,0,,0.5,1,380,272.4,0
2024-01-13,M-O03,油压,16.7,0,,0,1,286,324.8,0
2024-01-13,M-O04,油压,16.8,0,,0,1,202,449.8,1
2024-01-13,M-O05,油压,17.2,1.7,电气故障,0,2,596,383.4,0
2024-01-13,M-O06,油压,13.2,0,,0,1,156,432.6,4
2024-01-13,M-O07,油压,14.7,0,,0,3,484,626.3,1
2024-01-13,M-O08,油压,18.4,0,,0,3,164,811.2,4
2024-01-13,M-O09,油压,17.6,0,,0.5,2,289,844.6,1
2024-01-13,M-D01,双色旋转,18.4,0,,0,1,280,194.9,1
2024-01-13,M-D02,双色旋转,16.0,0,,0,1,175,459.0,0
2024-01-13,M-D03,双色旋转,17.0,0,,0,3,559,469.4,2
2024-01-13,M-T01,两板,14.2,0,,0,2,141,40.3,4
2024-01-13,M-T02,两板,14.700000000000001,3.4,电气故障,0,2,112,309.2,2
2024-01-13,M-T03,两板,15.0,0,,0,3,516,704.9,4
2024-01-13,M-T04,两板,15.4,0,,0,2,308,1232.8,2
2024-01-14,M-E01,全电动,14.0,0,,0.0,2,218,21.2,3
2024-01-14,M-E02,全电动,13.5,0,,0,2,403,23.1,2
2024-01-14,M-E03,全电动,13.5,0,,0,2,233,32.3,1
2024-01-14,M-E04,全电动,13.9,0,,0,4,520,34.8,0
2024-01-14,M-E05,全电动,18.5,0,,0,3,125,76.7,3
2024-01-14,M-E06,全电动,14.8,0,,0,4,107,50.6,0
2024-01-14,M-E07,全电动,15.4,0,,0,1,172,81.0,2
2024-01-14,M-E08,全电动,13.900000000000002,2.7,液压系统,0.3,2,442,64.3,0
2024-01-14,M-E09,全电动,13.3,0,,0,2,328,90.0,3
2024-01-14,M-E10,全电动,14.4,0,,0,2,118,95.2,4
2024-01-14,M-E11,全电动,18.7,0,,0.4,1,230,179.1,2
2024-01-14,M-E12,全电动,13.600000000000001,2.3,传感器异常,0,2,239,153.4,2
2024-01-14,M-E13,全电动,18.7,0,,0.4,2,187,176.0,0
2024-01-14,M-O01,油压,18.9,0,,0,3,511,238.8,4
2024-01-14,M-O02,油压,15.4,0,,0,3,439,272.5,1
2024-01-14,M-O03,油压,15.2,0,,0,1,218,239.3,1
2024-01-14,M-O04,油压,16.7,0,,0,3,89,336.7,0
2024-01-14,M-O05,油压,18.6,0,,0,4,320,467.6,4
2024-01-14,M-O06,油压,13.4,0,,0,2,364,405.3,1
2024-01-14,M-O07,油压,13.8,0,,0,2,552,494.2,3
2024-01-14,M-O08,油压,14.3,0,,0,1,294,719.1,2
2024-01-14,M-O09,油压,13.6,0,,0.1,4,349,750.7,3
2024-01-14,M-D01,双色旋转,16.4,0,,0,2,443,170.3,2
2024-01-14,M-D02,双色旋转,16.9,0,,0,1,125,509.7,4
2024-01-14,M-D03,双色旋转,17.4,0,,0,4,383,603.2,1
2024-01-14,M-T01,两板,14.7,0,,0,2,481,40.8,4
2024-01-14,M-T02,两板,15.8,0,,0,1,407,479.0,0
2024-01-14,M-T03,两板,17.2,0,,0,1,464,974.0,1
2024-01-14,M-T04,两板,15.2,3.7,模具问题,0,2,182,1313.5,1
2024-01-15,M-E01,全电动,14.6,0,,0.2,3,349,22.1,2
2024-01-15,M-E02,全电动,17.8,0,,0,4,96,38.8,0
2024-01-15,M-E03,全电动,17.7,0,,0,2,454,58.5,3
2024-01-15,M-E04,全电动,16.3,0,,0,1,192,50.4,4
2024-01-15,M-E05,全电动,15.8,0,,0.3,2,222,55.8,0
2024-01-15,M-E06,全电动,13.5,0,,0,2,323,51.9,0
2024-01-15,M-E07,全电动,13.0,0,,0,1,460,60.7,1
2024-01-15,M-E08,全电动,13.2,0,,0,1,240,60.3,0
2024-01-15,M-E09,全电动,18.7,0,,0,2,321,105.5,1
2024-01-15,M-E10,全电动,16.7,0,,0,3,391,154.3,4
2024-01-15,M-E11,全电动,15.8,0,,0,2,83,166.7,3
2024-01-15,M-E12,全电动,15.8,0,,0,4,291,187.4,1
2024-01-15,M-E13,全电动,13.7,0,,0,3,518,121.1,4
2024-01-15,M-O01,油压,13.3,0,,0.4,3,365,167.6,2
2024-01-15,M-O02,油压,18.8,0,,0,3,102,302.9,4
2024-01-15,M-O03,油压,15.9,0,,0.4,2,88,312.5,3
2024-01-15,M-O04,油压,13.6,0,,0,1,161,316.3,0
2024-01-15,M-O05,油压,13.2,0,,0,2,149,332.3,4
2024-01-15,M-O06,油压,16.5,0,,0,3,592,495.6,3
2024-01-15,M-O07,油压,17.1,0,,0.2,3,129,671.7,4
2024-01-15,M-O08,油压,18.1,0,,0,3,337,873.4,1
2024-01-15,M-O09,油压,18.1,0,,0,2,142,840.1,3
2024-01-15,M-D01,双色旋转,14.0,0,,0,2,462,122.2,1
2024-01-15,M-D02,双色旋转,13.6,0,,0,1,229,416.7,3
2024-01-15,M-D03,双色旋转,17.9,0,,0.0,2,527,476.6,4
2024-01-15,M-T01,两板,18.1,0,,0,3,312,57.5,2
2024-01-15,M-T02,两板,13.1,0,,0,2,361,297.9,4
2024-01-15,M-T03,两板,18.2,0,,0.4,1,250,1104.9,3
2024-01-15,M-T04,两板,13.1,0,,0,2,259,979.6,1
2024-01-16,M-E01,全电动,14.6,0,,0,4,118,25.3,1
2024-01-16,M-E02,全电动,18.3,0,,0,2,315,35.1,4
2024-01-16,M-E03,全电动,15.1,0,,0,1,597,39.0,0
2024-01-16,M-E04,全电动,16.5,0,,0,2,517,43.7,3
2024-01-16,M-E05,全电动,17.7,0,,0.4,1,579,76.1,2
2024-01-16,M-E06,全电动,15.4,0,,0,3,106,64.5,2
2024-01-16,M-E07,全电动,13.5,0,,0,1,382,69.5,0
2024-01-16,M-E08,全电动,15.5,0,,0,1,552,96.1,3
2024-01-16,M-E09,全电动,17.7,0,,0.1,3,121,137.6,1
2024-01-16,M-E10,全电动,18.5,0,,0,1,192,171.1,4
2024-01-16,M-E11,全电动,18.4,0,,0,1,263,163.9,2
2024-01-16,M-E12,全电动,16.8,0,,0,3,354,170.9,4
2024-01-16,M-E13,全电动,13.5,3.0,液压系统,0,1,384,172.7,4
2024-01-16,M-O01,油压,16.8,0,,0,2,577,267.8,1
2024-01-16,M-O02,油压,17.6,0,,0,2,569,324.0,4
2024-01-16,M-O03,油压,18.2,0,,0,3,166,312.6,1
2024-01-16,M-O04,油压,17.8,0,,0,1,175,404.4,3
2024-01-16,M-O05,油压,18.3,0,,0,2,294,425.2,3
2024-01-16,M-O06,油压,16.9,0,,0,2,580,422.8,4
2024-01-16,M-O07,油压,16.7,0,,0.2,2,556,676.2,1
2024-01-16,M-O08,油压,14.1,0,,0,2,305,672.0,3
2024-01-16,M-O09,油压,15.2,0,,0,3,238,883.8,4
2024-01-16,M-D01,双色旋转,15.7,0,,0,2,279,145.1,0
2024-01-16,M-D02,双色旋转,13.3,0,,0,3,360,416.5,4
2024-01-16,M-D03,双色旋转,17.8,0,,0,1,577,571.2,1
2024-01-16,M-T01,两板,13.6,0,,0,4,423,47.2,1
2024-01-16,M-T02,两板,15.1,0,,0,2,353,346.7,1
2024-01-16,M-T03,两板,14.8,0,,0,2,523,1006.3,1
2024-01-16,M-T04,两板,16.6,0,,0,1,235,1307.6,0
2024-01-17,M-E01,全电动,18.4,0,,0,1,365,35.6,3
2024-01-17,M-E02,全电动,16.9,0,,0,3,357,37.1,1
2024-01-17,M-E03,全电动,17.4,0,,0,3,385,40.9,1
2024-01-17,M-E04,全电动,15.3,0,,0,2,337,38.9,3
2024-01-17,M-E05,全电动,17.4,0,,0,4,155,66.1,1
2024-01-17,M-E06,全电动,17.8,0,,0,3,207,72.4,1
2024-01-17,M-E07,全电动,17.9,0,,0,1,171,88.1,3
2024-01-17,M-E08,全电动,16.3,0,,0,3,125,76.2,4
2024-01-17,M-E09,全电动,13.5,0,,0,1,103,110.0,3
2024-01-17,M-E10,全电动,17.7,0,,0,2,568,127.1,1
2024-01-17,M-E11,全电动,14.4,0,,0,3,509,146.3,1
2024-01-17,M-E12,全电动,13.5,0,,0.3,1,107,154.9,1
2024-01-17,M-E13,全电动,13.4,0,,0,4,475,169.3,0
2024-01-17,M-O01,油压,13.8,0,,0,1,190,200.9,4
2024-01-17,M-O02,油压,17.1,0,,0,1,352,238.7,2
2024-01-17,M-O03,油压,18.7,0,,0,2,448,286.0,4
2024-01-17,M-O04,油压,18.8,0,,0,1,323,520.7,3
2024-01-17,M-O05,油压,16.5,0,,0,3,264,430.7,2
2024-01-17,M-O06,油压,14.9,0,,0,3,518,489.5,3
2024-01-17,M-O07,油压,15.5,0,,0,1,127,636.5,4
2024-01-17,M-O08,油压,13.1,0,,0,1,133,626.3,3
2024-01-17,M-O09,油压,13.4,0,,0,4,217,767.8,3
2024-01-17,M-D01,双色旋转,18.4,0,,0,1,599,130.4,3
2024-01-17,M-D02,双色旋转,14.9,0,,0,3,519,406.6,4
2024-01-17,M-D03,双色旋转,14.4,0,,0,2,587,478.3,3
2024-01-17,M-T01,两板,18.4,0,,0,2,535,57.3,3
2024-01-17,M-T02,两板,13.9,0,,0,3,472,372.6,0
2024-01-17,M-T03,两板,15.7,0,,0,1,396,1049.2,1
2024-01-17,M-T04,两板,16.7,0,,0,2,300,1212.2,1
2024-01-18,M-E01,全电动,14.0,0,,0,2,417,30.4,1
2024-01-18,M-E02,全电动,17.1,0,,0,1,419,35.4,3
2024-01-18,M-E03,全电动,17.5,0,,0,2,349,59.5,1
2024-01-18,M-E04,全电动,16.6,0,,0,2,274,46.8,1
2024-01-18,M-E05,全电动,17.9,0,,0,2,395,68.6,3
2024-01-18,M-E06,全电动,16.7,0,,0.4,2,301,71.6,4
2024-01-18,M-E07,全电动,16.6,0,,0,2,196,92.4,2
2024-01-18,M-E08,全电动,17.0,0,,0,1,259,76.7,2
2024-01-18,M-E09,全电动,14.7,0,,0,1,101,93.4,4
2024-01-18,M-E10,全电动,13.2,0,,0,4,144,121.4,4
2024-01-18,M-E11,全电动,18.9,0,,0,1,586,141.3,1
2024-01-18,M-E12,全电动,15.3,0,,0,1,341,123.8,1
2024-01-18,M-E13,全电动,16.4,0,,0.3,1,464,216.0,0
2024-01-18,M-O01,油压,15.8,0,,0,3,374,236.7,3
2024-01-18,M-O02,油压,13.7,0,,0.5,3,597,241.7,4
2024-01-18,M-O03,油压,14.2,0,,0,5,263,315.4,4
2024-01-18,M-O04,油压,13.3,0,,0,3,300,254.1,2
2024-01-18,M-O05,油压,17.9,0,,0,2,563,499.1,0
2024-01-18,M-O06,油压,16.7,0,,0,2,223,448.4,0
2024-01-18,M-O07,油压,13.8,0,,0,1,420,586.2,2
2024-01-18,M-O08,油压,18.6,0,,0,1,420,739.7,2
2024-01-18,M-O09,油压,13.2,0,,0,1,253,529.6,3
2024-01-18,M-D01,双色旋转,16.9,1.6,模具问题,0,2,500,169.0,1
2024-01-18,M-D02,双色旋转,18.9,0,,0,1,83,706.2,2
2024-01-18,M-D03,双色旋转,16.5,0,,0,4,284,567.5,4
2024-01-18,M-T01,两板,14.6,0,,0,3,361,51.5,1
2024-01-18,M-T02,两板,16.0,0,,0,2,327,453.5,0
2024-01-18,M-T03,两板,16.1,0,,0.4,3,81,982.7,0
2024-01-18,M-T04,两板,14.9,0,,0,4,154,1047.2,2
2024-01-19,M-E01,全电动,14.7,0,,0,1,177,31.9,2
2024-01-19,M-E02,全电动,18.8,0,,0,1,479,38.3,1
2024-01-19,M-E03,全电动,15.0,0,,0,2,379,50.0,1
2024-01-19,M-E04,全电动,17.3,0,,0,1,570,39.4,1
2024-01-19,M-E05,全电动,13.7,0,,0,2,449,59.2,3
2024-01-19,M-E06,全电动,15.2,0,,0,3,301,67.8,4
2024-01-19,M-E07,全电动,17.7,0,,0,2,237,70.3,2
2024-01-19,M-E08,全电动,18.5,0,,0,1,142,92.1,1
2024-01-19,M-E09,全电动,15.1,0,,0.3,2,172,117.0,3
2024-01-19,M-E10,全电动,14.4,0,,0,2,156,136.5,2
2024-01-19,M-E11,全电动,13.9,0,,0,3,270,135.0,4
2024-01-19,M-E12,全电动,15.8,0,,0,2,502,136.8,4
2024-01-19,M-E13,全电动,14.5,0,,0,1,293,184.5,0
2024-01-19,M-O01,油压,13.0,0,,0,2,131,171.7,0
2024-01-19,M-O02,油压,12.8,1.1,模具问题,0,3,361,168.8,3
2024-01-19,M-O03,油压,15.0,0,,0,1,325,290.1,1
2024-01-19,M-O04,油压,14.9,0,,0,2,150,306.8,1
2024-01-19,M-O05,油压,16.1,0,,0,3,210,361.7,0
2024-01-19,M-O06,油压,14.9,0,,0,3,205,453.8,0
2024-01-19,M-O07,油压,13.3,0,,0.1,1,452,405.9,4
2024-01-19,M-O08,油压,13.0,0,,0.4,3,135,456.9,2
2024-01-19,M-O09,油压,13.9,0,,0,2,389,606.4,4
2024-01-19,M-D01,双色旋转,15.4,0,,0,3,170,142.8,1
2024-01-19,M-D02,双色旋转,13.6,0,,0.0,3,303,493.5,1
2024-01-19,M-D03,双色旋转,16.5,0,,0,2,328,608.8,0
2024-01-19,M-T01,两板,16.7,0,,0,2,298,48.1,4
2024-01-19,M-T02,两板,15.2,0,,0.1,2,457,315.3,4
2024-01-19,M-T03,两板,14.8,0,,0,3,122,849.0,1
2024-01-19,M-T04,两板,11.7,3.0,电气故障,0,3,270,948.5,0
2024-01-20,M-E01,全电动,15.8,0,,0,1,230,32.8,2
2024-01-20,M-E02,全电动,16.2,0,,0,2,514,28.1,0
2024-01-20,M-E03,全电动,15.7,0,,0,1,299,47.7,2
2024-01-20,M-E04,全电动,17.3,0,,0,3,211,48.1,3
2024-01-20,M-E05,全电动,18.2,0,,0.2,4,416,77.3,2
2024-01-20,M-E06,全电动,13.3,0,,0,2,450,49.2,1
2024-01-20,M-E07,全电动,14.2,0,,0,2,525,72.6,2
2024-01-20,M-E08,全电动,17.1,0,,0.3,1,297,105.4,2
2024-01-20,M-E09,全电动,16.3,0,,0,2,248,95.5,1
2024-01-20,M-E10,全电动,13.6,0,,0,2,308,111.5,3
2024-01-20,M-E11,全电动,15.7,0,,0,1,481,113.7,0
2024-01-20,M-E12,全电动,17.8,0,,0,2,559,166.3,4
2024-01-20,M-E13,全电动,18.0,0,,0,2,424,185.9,3
2024-01-20,M-O01,油压,17.3,0,,0.5,4,203,277.8,3
2024-01-20,M-O02,油压,16.0,0,,0,2,522,255.2,0
2024-01-20,M-O03,油压,18.0,0,,0,1,314,355.6,3
2024-01-20,M-O04,油压,15.3,0,,0,3,245,317.5,1
2024-01-20,M-O05,油压,16.3,0,,0,2,509,416.9,2
2024-01-20,M-O06,油压,17.6,0,,0,2,413,473.1,2
2024-01-20,M-O07,油压,14.5,0,,0,2,472,616.3,0
2024-01-20,M-O08,油压,18.9,0,,0,1,394,889.9,0
2024-01-20,M-O09,油压,16.9,0,,0,1,391,812.4,0
2024-01-20,M-D01,双色旋转,14.1,0,,0,3,560,120.5,4
2024-01-20,M-D02,双色旋转,16.6,0,,0,1,215,435.7,2
2024-01-20,M-D03,双色旋转,15.4,0,,0,2,146,429.3,2
2024-01-20,M-T01,两板,15.2,0,,0,2,422,54.2,3
2024-01-20,M-T02,两板,13.3,0,,0,2,292,331.2,3
2024-01-20,M-T03,两板,14.7,0,,0,2,540,795.3,1
2024-01-20,M-T04,两板,14.8,0,,0,3,242,1031.1,1
2024-01-21,M-E01,全电动,18.8,0,,0,3,92,28.9,1
2024-01-21,M-E02,全电动,17.3,0,,0,2,221,35.1,2
2024-01-21,M-E03,全电动,13.1,0,,0,1,379,39.7,2
2024-01-21,M-E04,全电动,18.1,0,,0.2,1,306,52.0,4
2024-01-21,M-E05,全电动,18.4,0,,0.2,2,568,81.2,4
2024-01-21,M-E06,全电动,18.1,0,,0,3,176,71.8,0
2024-01-21,M-E07,全电动,17.9,0,,0,1,400,90.7,1
2024-01-21,M-E08,全电动,17.0,0,,0,2,539,111.8,0
2024-01-21,M-E09,全电动,18.0,0,,0,2,287,125.2,0
2024-01-21,M-E10,全电动,14.9,0,,0,1,105,140.1,1
2024-01-21,M-E11,全电动,16.5,0,,0,2,508,153.7,3
2024-01-21,M-E12,全电动,15.5,0,,0,4,428,178.2,3
2024-01-21,M-E13,全电动,17.5,0,,0,2,173,199.9,4
2024-01-21,M-O01,油压,13.9,0,,0,2,118,215.4,4
2024-01-21,M-O02,油压,17.8,0,,0,1,565,247.6,3
2024-01-21,M-O03,油压,15.8,0,,0,1,481,250.7,3
2024-01-21,M-O04,油压,14.3,0,,0,1,165,313.0,4
2024-01-21,M-O05,油压,16.2,0,,0,1,530,453.9,2
2024-01-21,M-O06,油压,13.4,0,,0,4,504,344.2,4
2024-01-21,M-O07,油压,17.9,0,,0,1,472,793.8,1
2024-01-21,M-O08,油压,14.9,0,,0,3,391,789.3,2
2024-01-21,M-O09,油压,14.8,0,,0.4,3,99,894.5,0
2024-01-21,M-D01,双色旋转,14.4,0,,0.4,1,189,115.1,1
2024-01-21,M-D02,双色旋转,13.3,0,,0,2,470,487.7,4
2024-01-21,M-D03,双色旋转,15.8,0,,0,2,516,442.7,0
2024-01-21,M-T01,两板,13.2,0,,0,1,210,37.8,3
2024-01-21,M-T02,两板,18.1,0,,0,2,143,483.3,2
2024-01-21,M-T03,两板,14.8,0,,0,2,398,673.3,3
2024-01-21,M-T04,两板,15.9,0,,0,1,233,1494.9,0
2024-01-22,M-E01,全电动,14.4,0,,0.5,2,385,31.0,1
2024-01-22,M-E02,全电动,18.4,0,,0.3,1,546,29.7,1
2024-01-22,M-E03,全电动,13.0,0,,0,1,114,36.0,0
2024-01-22,M-E04,全电动,16.0,0,,0,1,385,53.7,2
2024-01-22,M-E05,全电动,12.1,2.5,模具问题,0,1,473,45.1,3
2024-01-22,M-E06,全电动,17.6,0,,0,1,182,72.9,4
2024-01-22,M-E07,全电动,19.0,0,,0,2,455,91.2,1
2024-01-22,M-E08,全电动,17.6,0,,0,1,327,118.0,2
2024-01-22,M-E09,全电动,14.0,0,,0,2,291,108.7,1
2024-01-22,M-E10,全电动,16.7,0,,0,1,520,157.3,0
2024-01-22,M-E11,全电动,14.8,0,,0,1,168,106.1,3
2024-01-22,M-E12,全电动,15.3,0,,0,1,587,147.4,1
2024-01-22,M-E13,全电动,15.4,0,,0,1,315,189.2,3
2024-01-22,M-O01,油压,18.8,0,,0,3,269,261.5,1
2024-01-22,M-O02,油压,14.8,0,,0,1,348,214.2,0
2024-01-22,M-O03,油压,18.4,0,,0.3,3,398,406.7,3
2024-01-22,M-O04,油压,18.6,0,,0,2,484,481.7,4
2024-01-22,M-O05,油压,15.3,0,,0,2,533,486.5,0
2024-01-22,M-O06,油压,17.1,0,,0,3,285,572.3,4
2024-01-22,M-O07,油压,17.2,0,,0.1,3,477,666.3,1
2024-01-22,M-O08,油压,18.7,0,,0,2,579,802.5,4
2024-01-22,M-O09,油压,18.7,0,,0,3,188,955.4,0
2024-01-22,M-D01,双色旋转,15.3,0,,0,2,433,162.1,2
2024-01-22,M-D02,双色旋转,15.7,0,,0,2,446,511.6,3
2024-01-22,M-D03,双色旋转,13.7,0,,0,2,336,463.8,4
2024-01-22,M-T01,两板,13.9,0,,0,1,189,48.7,1
2024-01-22,M-T02,两板,18.7,0,,0.3,1,496,435.0,4
2024-01-22,M-T03,两板,13.9,0,,0,4,555,716.0,0
2024-01-22,M-T04,两板,17.8,0,,0,1,359,1566.4,4
2024-01-23,M-E01,全电动,16.6,0,,0,2,456,37.6,1
2024-01-23,M-E02,全电动,15.5,0,,0,2,325,33.7,1
2024-01-23,M-E03,全电动,14.6,0,,0,2,170,45.3,4
2024-01-23,M-E04,全电动,9.5,4.0,液压系统,0,1,373,26.7,1
2024-01-23,M-E05,全电动,12.1,1.3,液压系统,0,3,194,41.3,2
2024-01-23,M-E06,全电动,12.4,2.5,模具问题,0,3,553,42.1,2
2024-01-23,M-E07,全电动,18.2,0,,0.3,2,569,103.5,3
2024-01-23,M-E08,全电动,14.1,0,,0,2,287,65.7,2
2024-01-23,M-E09,全电动,15.5,0,,0,3,425,88.6,4
2024-01-23,M-E10,全电动,18.5,0,,0,1,581,170.2,0
2024-01-23,M-E11,全电动,16.3,0,,0,1,388,170.3,2
2024-01-23,M-E12,全电动,14.5,0,,0,3,92,170.4,0
2024-01-23,M-E13,全电动,17.4,0,,0,3,192,153.2,2
2024-01-23,M-O01,油压,14.799999999999999,3.1,模具问题,0,3,230,197.7,3
2024-01-23,M-O02,油压,16.2,0,,0.2,4,259,254.4,3
2024-01-23,M-O03,油压,14.3,0,,0,3,279,227.6,4
2024-01-23,M-O04,油压,17.1,0,,0,3,535,451.2,0
2024-01-23,M-O05,油压,17.5,0,,0,2,584,375.1,3
2024-01-23,M-O06,油压,18.3,0,,0,3,195,624.8,0
2024-01-23,M-O07,油压,13.2,0,,0,3,320,410.3,2
2024-01-23,M-O08,油压,13.1,0,,0,4,283,572.7,0
2024-01-23,M-O09,油压,17.0,0,,0,3,452,1016.7,0
2024-01-23,M-D01,双色旋转,17.0,0,,0,4,400,167.7,2
2024-01-23,M-D02,双色旋转,18.3,0,,0,2,290,518.0,0
2024-01-23,M-D03,双色旋转,15.8,0,,0,1,241,451.0,1
2024-01-23,M-T01,两板,14.0,0,,0,3,401,51.7,4
2024-01-23,M-T02,两板,14.6,0,,0.2,1,487,363.8,4
2024-01-23,M-T03,两板,16.7,0,,0.3,2,438,845.3,2
2024-01-23,M-T04,两板,16.3,0,,0,2,278,1415.2,4
2024-01-24,M-E01,全电动,14.8,0,,0.4,4,589,25.1,4
2024-01-24,M-E02,全电动,15.7,0,,0,2,341,32.0,2
2024-01-24,M-E03,全电动,18.4,0,,0,2,351,56.8,2
2024-01-24,M-E04,全电动,18.3,0,,0,3,514,44.2,4
2024-01-24,M-E05,全电动,18.4,0,,0,2,118,62.2,4
2024-01-24,M-E06,全电动,17.7,0,,0,1,581,61.2,2
2024-01-24,M-E07,全电动,16.9,0,,0,3,400,78.4,0
2024-01-24,M-E08,全电动,16.8,0,,0,2,418,109.9,3
2024-01-24,M-E09,全电动,18.5,0,,0,1,308,136.2,2
2024-01-24,M-E10,全电动,14.4,0,,0,4,237,124.3,2
2024-01-24,M-E11,全电动,18.8,0,,0.2,2,86,192.9,1
2024-01-24,M-E12,全电动,13.5,0,,0,2,504,150.4,0
2024-01-24,M-E13,全电动,14.6,0,,0,4,173,141.8,3
2024-01-24,M-O01,油压,18.4,0,,0,2,575,263.7,0
2024-01-24,M-O02,油压,18.3,0,,0,2,297,261.9,4
2024-01-24,M-O03,油压,13.9,0,,0,1,312,254.7,0
2024-01-24,M-O04,油压,17.4,0,,0,2,298,485.6,4
2024-01-24,M-O05,油压,16.7,0,,0.4,2,437,425.6,2
2024-01-24,M-O06,油压,16.5,0,,0,1,573,452.4,2
2024-01-24,M-O07,油压,15.7,0,,0,3,435,587.1,0
2024-01-24,M-O08,油压,13.3,0,,0,2,266,552.2,0
2024-01-24,M-O09,油压,15.4,0,,0.0,1,263,730.3,3
2024-01-24,M-D01,双色旋转,15.0,0,,0,2,278,137.8,0
2024-01-24,M-D02,双色旋转,18.7,0,,0,1,490,557.1,3
2024-01-24,M-D03,双色旋转,13.7,0,,0,3,196,498.6,3
2024-01-24,M-T01,两板,18.1,0,,0,2,228,63.4,1
2024-01-24,M-T02,两板,17.6,0,,0,2,295,526.9,4
2024-01-24,M-T03,两板,13.3,0,,0,1,370,819.8,4
2024-01-24,M-T04,两板,18.4,0,,0,1,517,1208.5,0
2024-01-25,M-E01,全电动,13.2,0,,0,3,313,25.4,1
2024-01-25,M-E02,全电动,17.3,0,,0,2,131,27.9,1
2024-01-25,M-E03,全电动,18.6,0,,0.4,3,389,51.0,3
2024-01-25,M-E04,全电动,16.3,0,,0,1,275,49.9,0
2024-01-25,M-E05,全电动,15.8,0,,0,1,114,63.5,1
2024-01-25,M-E06,全电动,18.6,0,,0,2,287,77.1,0
2024-01-25,M-E07,全电动,15.6,0,,0,1,391,85.3,4
2024-01-25,M-E08,全电动,18.7,0,,0,1,469,101.1,2
2024-01-25,M-E09,全电动,14.9,0,,0,2,150,102.4,3
2024-01-25,M-E10,全电动,15.1,0,,0,2,568,115.8,0
2024-01-25,M-E11,全电动,15.8,0,,0.3,3,248,145.7,4
2024-01-25,M-E12,全电动,16.5,0,,0,3,249,135.9,1
2024-01-25,M-E13,全电动,15.4,0,,0,1,280,179.9,4
2024-01-25,M-O01,油压,15.8,0,,0,2,118,212.5,0
2024-01-25,M-O02,油压,17.5,0,,0,2,469,264.4,2
2024-01-25,M-O03,油压,13.1,0,,0,2,425,249.9,3
2024-01-25,M-O04,油压,18.0,0,,0,2,117,344.2,1
2024-01-25,M-O05,油压,18.2,0,,0,2,480,515.1,2
2024-01-25,M-O06,油压,16.1,0,,0.4,3,435,598.1,3
2024-01-25,M-O07,油压,16.9,0,,0,1,493,542.7,0
2024-01-25,M-O08,油压,18.0,0,,0,2,566,942.6,0
2024-01-25,M-O09,油压,18.1,0,,0,3,340,836.0,3
2024-01-25,M-D01,双色旋转,13.1,0,,0,2,87,96.1,4
2024-01-25,M-D02,双色旋转,13.9,0,,0,1,231,492.1,0
2024-01-25,M-D03,双色旋转,13.3,0,,0,1,162,428.7,1
2024-01-25,M-T01,两板,15.6,0,,0,3,373,54.8,4
2024-01-25,M-T02,两板,17.1,0,,0.3,3,554,434.9,3
2024-01-25,M-T03,两板,13.9,0,,0,2,289,735.5,2
2024-01-25,M-T04,两板,15.4,0,,0,2,250,969.5,2
2024-01-26,M-E01,全电动,17.6,0,,0,1,476,37.7,2
2024-01-26,M-E02,全电动,17.1,0,,0,2,179,35.3,1
2024-01-26,M-E03,全电动,17.7,0,,0,1,505,51.5,0
2024-01-26,M-E04,全电动,18.0,0,,0,2,543,52.5,1
2024-01-26,M-E05,全电动,18.4,0,,0.1,1,171,74.1,2
2024-01-26,M-E06,全电动,17.5,0,,0,2,273,57.7,4
2024-01-26,M-E07,全电动,18.8,0,,0,3,482,78.2,0
2024-01-26,M-E08,全电动,17.8,0,,0,3,442,95.8,4
2024-01-26,M-E09,全电动,18.0,0,,0,5,511,110.4,1
2024-01-26,M-E10,全电动,15.6,0,,0,3,480,137.5,3
2024-01-26,M-E11,全电动,15.8,0,,0,1,298,133.8,0
2024-01-26,M-E12,全电动,15.7,0,,0.0,3,384,152.0,3
2024-01-26,M-E13,全电动,13.900000000000002,3.7,液压系统,0,2,177,140.7,1
2024-01-26,M-O01,油压,17.2,0,,0,3,368,229.8,0
2024-01-26,M-O02,油压,16.1,0,,0,2,385,295.8,0
2024-01-26,M-O03,油压,17.4,0,,0.3,2,502,341.5,3
2024-01-26,M-O04,油压,18.8,0,,0,1,105,366.6,2
2024-01-26,M-O05,油压,16.7,0,,0,4,257,512.4,2
2024-01-26,M-O06,油压,15.0,0,,0,2,529,549.0,1
2024-01-26,M-O07,油压,14.5,0,,0,1,197,513.3,2
2024-01-26,M-O08,油压,14.8,0,,0,3,479,655.0,3
2024-01-26,M-O09,油压,13.2,0,,0,3,164,721.5,0
2024-01-26,M-D01,双色旋转,16.2,0,,0,4,354,138.1,3
2024-01-26,M-D02,双色旋转,17.5,0,,0,2,287,460.7,2
2024-01-26,M-D03,双色旋转,16.7,0,,0.3,2,458,609.0,3
2024-01-26,M-T01,两板,17.2,0,,0.0,2,555,64.3,3
2024-01-26,M-T02,两板,13.1,0,,0,4,254,377.7,2
2024-01-26,M-T03,两板,13.4,0,,0.2,3,453,767.2,0
2024-01-26,M-T04,两板,16.8,0,,0.1,3,342,1141.8,3
2024-01-27,M-E01,全电动,18.0,0,,0,4,304,31.4,0
2024-01-27,M-E02,全电动,13.4,0,,0,3,516,23.3,3
2024-01-27,M-E03,全电动,16.2,0,,0,3,305,40.9,3
2024-01-27,M-E04,全电动,13.5,0,,0,2,355,38.6,0
2024-01-27,M-E05,全电动,17.6,0,,0,2,323,76.5,3
2024-01-27,M-E06,全电动,18.2,0,,0,3,491,61.0,1
2024-01-27,M-E07,全电动,18.2,0,,0.1,2,273,101.3,3
2024-01-27,M-E08,全电动,14.2,0,,0,3,583,72.7,3
2024-01-27,M-E09,全电动,15.1,0,,0.4,1,556,123.0,0
2024-01-27,M-E10,全电动,13.2,0,,0,3,103,88.2,0
2024-01-27,M-E11,全电动,18.5,0,,0,3,455,171.5,3
2024-01-27,M-E12,全电动,17.3,0,,0.4,1,491,202.6,3
2024-01-27,M-E13,全电动,13.1,0,,0,1,424,114.9,2
2024-01-27,M-O01,油压,15.8,0,,0,5,330,246.6,2
2024-01-27,M-O02,油压,18.2,0,,0,2,104,284.6,0
2024-01-27,M-O03,油压,15.2,0,,0,1,145,267.3,1
2024-01-27,M-O04,油压,18.7,0,,0,4,194,449.8,3
2024-01-27,M-O05,油压,18.7,0,,0,1,257,440.5,1
2024-01-27,M-O06,油压,17.1,0,,0,4,486,598.0,0
2024-01-27,M-O07,油压,17.0,0,,0,1,434,567.4,4
2024-01-27,M-O08,油压,13.1,0,,0,2,311,625.4,2
2024-01-27,M-O09,油压,13.5,0,,0,4,179,701.5,0
2024-01-27,M-D01,双色旋转,16.7,0,,0,2,589,119.5,2
2024-01-27,M-D02,双色旋转,15.9,0,,0,2,212,498.3,2
2024-01-27,M-D03,双色旋转,14.0,0,,0,2,201,419.8,3
2024-01-27,M-T01,两板,17.5,0,,0,1,129,51.9,3
2024-01-27,M-T02,两板,14.3,0,,0,3,559,321.6,1
2024-01-27,M-T03,两板,14.7,0,,0,2,475,948.8,0
2024-01-27,M-T04,两板,18.5,0,,0,1,172,1233.9,1
2024-01-28,M-E01,全电动,16.0,0,,0.1,1,254,31.8,4
2024-01-28,M-E02,全电动,13.2,0,,0,2,364,29.7,1
2024-01-28,M-E03,全电动,17.7,0,,0,2,103,46.5,4
2024-01-28,M-E04,全电动,14.9,0,,0,1,302,36.8,4
2024-01-28,M-E05,全电动,15.200000000000001,1.6,加热系统,0.2,1,375,55.4,0
2024-01-28,M-E06,全电动,17.4,0,,0.4,2,345,65.7,2
2024-01-28,M-E07,全电动,15.6,0,,0,1,524,65.9,2
2024-01-28,M-E08,全电动,13.2,0,,0,2,343,72.4,3
2024-01-28,M-E09,全电动,17.0,0,,0,3,554,139.0,0
2024-01-28,M-E10,全电动,14.9,0,,0,2,292,99.3,0
2024-01-28,M-E11,全电动,16.8,0,,0.3,3,318,166.5,1
2024-01-28,M-E12,全电动,15.3,0,,0,1,481,138.2,1
2024-01-28,M-E13,全电动,13.7,0,,0,4,225,138.8,1
2024-01-28,M-O01,油压,18.9,0,,0,3,197,254.7,0
2024-01-28,M-O02,油压,13.1,0,,0,3,192,178.7,2
2024-01-28,M-O03,油压,17.5,0,,0,3,102,376.0,2
2024-01-28,M-O04,油压,17.1,0,,0,2,537,384.6,3
2024-01-28,M-O05,油压,17.3,0,,0,1,597,504.1,4
2024-01-28,M-O06,油压,15.5,0,,0,3,350,587.1,0
2024-01-28,M-O07,油压,15.5,0,,0,2,286,490.3,3
2024-01-28,M-O08,油压,15.4,0,,0,3,581,580.1,2
2024-01-28,M-O09,油压,14.1,0,,0,2,518,783.2,4
2024-01-28,M-D01,双色旋转,17.5,0,,0,2,216,132.8,2
2024-01-28,M-D02,双色旋转,17.9,0,,0,1,196,497.3,0
2024-01-28,M-D03,双色旋转,15.4,0,,0,1,501,433.1,4
2024-01-28,M-T01,两板,14.7,0,,0,1,160,45.2,3
2024-01-28,M-T02,两板,14.0,0,,0,1,154,424.3,4
2024-01-28,M-T03,两板,16.7,0,,0,2,95,879.8,4
2024-01-28,M-T04,两板,17.6,0,,0,2,124,1534.3,4
2024-01-29,M-E01,全电动,13.2,0,,0,1,587,29.9,2
2024-01-29,M-E02,全电动,15.5,0,,0,2,83,35.0,0
2024-01-29,M-E03,全电动,17.0,0,,0,3,356,56.1,2
2024-01-29,M-E04,全电动,15.5,0,,0,1,483,36.6,0
2024-01-29,M-E05,全电动,15.3,0,,0,3,537,52.1,4
2024-01-29,M-E06,全电动,14.8,0,,0,3,343,65.1,3
2024-01-29,M-E07,全电动,14.9,0,,0,1,290,83.1,3
2024-01-29,M-E08,全电动,15.4,0,,0.2,2,151,77.1,3
2024-01-29,M-E09,全电动,14.1,0,,0,2,313,114.0,1
2024-01-29,M-E10,全电动,17.5,0,,0,3,552,163.2,4
2024-01-29,M-E11,全电动,16.8,0,,0.4,2,579,157.9,4
2024-01-29,M-E12,全电动,13.6,0,,0,2,195,138.5,0
2024-01-29,M-E13,全电动,13.4,0,,0,3,390,143.0,1
2024-01-29,M-O01,油压,13.2,0,,0,3,527,193.6,2
2024-01-29,M-O02,油压,16.3,0,,0,3,304,239.5,1
2024-01-29,M-O03,油压,15.4,0,,0,2,280,270.1,0
2024-01-29,M-O04,油压,14.2,0,,0.4,2,313,374.6,3
2024-01-29,M-O05,油压,14.7,0,,0.2,2,84,317.8,0
2024-01-29,M-O06,油压,16.7,0,,0,3,408,601.7,1
2024-01-29,M-O07,油压,13.7,0,,0,2,599,437.0,3
2024-01-29,M-O08,油压,17.1,0,,0,2,189,815.1,3
2024-01-29,M-O09,油压,14.8,0,,0,2,411,796.3,0
2024-01-29,M-D01,双色旋转,15.4,0,,0.4,3,148,114.1,2
2024-01-29,M-D02,双色旋转,17.9,0,,0,2,138,598.8,0
2024-01-29,M-D03,双色旋转,17.0,0,,0,2,170,435.4,0
2024-01-29,M-T01,两板,15.200000000000001,1.4,液压系统,0,2,493,52.2,2
2024-01-29,M-T02,两板,19.0,0,,0,2,306,559.6,4
2024-01-29,M-T03,两板,18.4,0,,0,3,137,865.3,1
2024-01-29,M-T04,两板,18.0,0,,0,1,298,1191.7,2
2024-01-30,M-E01,全电动,17.4,0,,0,1,425,29.4,2
2024-01-30,M-E02,全电动,17.7,0,,0,1,529,36.6,1
2024-01-30,M-E03,全电动,17.7,0,,0,2,320,47.5,4
2024-01-30,M-E04,全电动,15.6,0,,0,2,432,52.1,2
2024-01-30,M-E05,全电动,14.1,0,,0.1,2,392,63.7,1
2024-01-30,M-E06,全电动,18.9,0,,0,1,395,83.8,4
2024-01-30,M-E07,全电动,11.899999999999999,2.8,传感器异常,0.3,3,126,55.1,3
2024-01-30,M-E08,全电动,16.7,0,,0,3,161,89.5,2
2024-01-30,M-E09,全电动,13.3,0,,0,2,217,85.8,3
2024-01-30,M-E10,全电动,18.1,0,,0,3,427,142.8,1
2024-01-30,M-E11,全电动,14.5,0,,0,1,377,115.7,1
2024-01-30,M-E12,全电动,16.2,0,,0,1,99,139.4,3
2024-01-30,M-E13,全电动,13.8,0,,0.3,3,103,151.9,4
2024-01-30,M-O01,油压,14.4,0,,0,1,99,173.6,0
2024-01-30,M-O02,油压,14.0,0,,0,2,116,252.8,2
2024-01-30,M-O03,油压,15.5,0,,0,4,271,280.8,3
2024-01-30,M-O04,油压,14.3,0,,0,1,131,290.3,3
2024-01-30,M-O05,油压,17.0,0,,0,1,122,435.7,2
2024-01-30,M-O06,油压,14.6,0,,0,1,479,485.9,4
2024-01-30,M-O07,油压,17.4,0,,0,1,106,754.5,0
2024-01-30,M-O08,油压,15.2,0,,0,2,165,706.1,4
2024-01-30,M-O09,油压,15.0,0,,0.2,3,200,646.4,1
2024-01-30,M-D01,双色旋转,15.5,0,,0,1,390,115.2,3
2024-01-30,M-D02,双色旋转,16.6,0,,0,2,542,597.3,2
2024-01-30,M-D03,双色旋转,13.2,0,,0,2,415,340.9,4
2024-01-30,M-T01,两板,16.9,0,,0,2,133,50.8,4
2024-01-30,M-T02,两板,17.2,0,,0,2,295,431.8,4
2024-01-30,M-T03,两板,17.5,0,,0.3,1,246,805.0,2
2024-01-30,M-T04,两板,18.4,0,,0,1,393,1727.9,4
2024-01-31,M-E01,全电动,14.6,0,,0,2,405,29.5,4
2024-01-31,M-E02,全电动,14.0,0,,0,3,416,28.7,3
2024-01-31,M-E03,全电动,14.8,0,,0,2,571,50.5,3
2024-01-31,M-E04,全电动,17.5,0,,0,2,393,54.7,0
2024-01-31,M-E05,全电动,16.4,0,,0,1,356,64.1,4
2024-01-31,M-E06,全电动,18.4,0,,0,1,574,83.2,2
2024-01-31,M-E07,全电动,17.7,0,,0,3,257,89.7,2
2024-01-31,M-E08,全电动,17.7,0,,0,1,423,101.2,4
2024-01-31,M-E09,全电动,18.3,0,,0,2,516,126.1,3
2024-01-31,M-E10,全电动,18.4,0,,0.1,4,132,117.3,2
2024-01-31,M-E11,全电动,16.8,0,,0,2,81,142.8,2
2024-01-31,M-E12,全电动,18.0,0,,0,2,394,151.6,4
2024-01-31,M-E13,全电动,14.0,0,,0,2,80,166.3,1
2024-01-31,M-O01,油压,14.0,0,,0.5,3,599,171.9,2
2024-01-31,M-O02,油压,16.7,0,,0.3,1,204,305.6,1
2024-01-31,M-O03,油压,17.4,0,,0,1,529,350.9,2
2024-01-31,M-O04,油压,16.4,0,,0,2,401,460.5,4
2024-01-31,M-O05,油压,13.1,0,,0,1,372,345.4,3
2024-01-31,M-O06,油压,16.6,0,,0,2,198,528.6,4
2024-01-31,M-O07,油压,14.3,0,,0,1,487,635.1,2
2024-01-31,M-O08,油压,17.7,0,,0,1,170,936.4,4
2024-01-31,M-O09,油压,14.0,0,,0,1,186,820.4,4
2024-01-31,M-D01,双色旋转,17.5,0,,0,3,321,149.4,2
2024-01-31,M-D02,双色旋转,18.1,0,,0,3,341,604.2,3
2024-01-31,M-D03,双色旋转,15.0,0,,0,2,181,475.2,1
2024-01-31,M-T01,两板,18.1,0,,0,1,415,51.1,2
2024-01-31,M-T02,两板,18.4,0,,0.3,1,116,406.4,4
2024-01-31,M-T03,两板,15.3,0,,0,3,320,714.9,2
2024-01-31,M-T04,两板,17.3,0,,0,4,344,1414.1,1
2024-02-01,M-E01,全电动,13.4,0,,0,1,344,25.0,4
2024-02-01,M-E02,全电动,14.9,0,,0,1,535,24.7,4
2024-02-01,M-E03,全电动,16.7,0,,0,4,518,53.4,4
2024-02-01,M-E04,全电动,18.2,0,,0,2,291,49.3,0
2024-02-01,M-E05,全电动,15.7,0,,0,2,410,65.7,0
2024-02-01,M-E06,全电动,16.8,0,,0,3,234,56.5,1
2024-02-01,M-E07,全电动,13.9,0,,0,2,532,53.1,1
2024-02-01,M-E08,全电动,13.3,0,,0,2,191,64.2,2
2024-02-01,M-E09,全电动,13.3,0,,0,3,154,109.8,0
2024-02-01,M-E10,全电动,17.5,0,,0.4,2,268,155.7,1
2024-02-01,M-E11,全电动,17.6,0,,0,3,576,175.6,3
2024-02-01,M-E12,全电动,13.8,0,,0,2,443,114.1,2
2024-02-01,M-E13,全电动,13.3,2.2,模具问题,0.0,1,469,157.7,2
2024-02-01,M-O01,油压,16.7,0,,0,2,447,269.6,2
2024-02-01,M-O02,油压,14.8,0,,0,2,416,227.2,4
2024-02-01,M-O03,油压,14.5,0,,0,3,482,239.2,2
2024-02-01,M-O04,油压,18.5,0,,0,1,532,399.6,2
2024-02-01,M-O05,油压,10.5,3.5,加热系统,0,2,96,330.2,3
2024-02-01,M-O06,油压,18.7,0,,0,2,197,575.2,2
2024-02-01,M-O07,油压,17.3,0,,0,3,310,685.7,4
2024-02-01,M-O08,油压,15.0,0,,0,2,511,753.7,3
2024-02-01,M-O09,油压,13.8,0,,0,3,386,710.9,0
2024-02-01,M-D01,双色旋转,14.2,0,,0,2,295,150.6,4
2024-02-01,M-D02,双色旋转,14.1,0,,0,1,251,456.8,0
2024-02-01,M-D03,双色旋转,15.6,0,,0,1,522,437.9,4
2024-02-01,M-T01,两板,13.6,0,,0,2,194,35.7,4
2024-02-01,M-T02,两板,18.0,0,,0,2,546,423.4,3
2024-02-01,M-T03,两板,17.4,0,,0,3,138,816.5,1
2024-02-01,M-T04,两板,13.5,0,,0,1,278,1152.8,1
2024-02-02,M-E01,全电动,16.7,0,,0,3,259,31.7,3
2024-02-02,M-E02,全电动,17.2,0,,0,1,581,36.3,2
2024-02-02,M-E03,全电动,17.9,0,,0.3,1,453,41.4,2
2024-02-02,M-E04,全电动,16.8,0,,0,2,209,49.6,4
2024-02-02,M-E05,全电动,14.2,0,,0,2,568,58.7,1
2024-02-02,M-E06,全电动,17.5,0,,0,1,140,52.9,0
2024-02-02,M-E07,全电动,14.6,0,,0,3,444,68.0,3
2024-02-02,M-E08,全电动,17.9,0,,0,1,391,115.1,4
2024-02-02,M-E09,全电动,17.2,0,,0,1,538,116.3,2
2024-02-02,M-E10,全电动,17.599999999999998,0.6,液压系统,0,2,321,160.0,1
2024-02-02,M-E11,全电动,17.6,0,,0,1,128,142.2,3
2024-02-02,M-E12,全电动,14.7,0,,0,3,360,164.8,3
2024-02-02,M-E13,全电动,14.5,0,,0,1,296,176.7,0
2024-02-02,M-O01,油压,17.0,0,,0,3,130,266.2,0
2024-02-02,M-O02,油压,14.7,0,,0.3,2,189,236.2,1
2024-02-02,M-O03,油压,18.4,0,,0.3,2,561,395.2,2
2024-02-02,M-O04,油压,18.6,0,,0,1,270,349.2,2
2024-02-02,M-O05,油压,15.9,0,,0,2,477,484.6,2
2024-02-02,M-O06,油压,11.2,2.0,传感器异常,0,2,554,402.5,3
2024-02-02,M-O07,油压,14.7,0,,0,1,103,605.7,1
2024-02-02,M-O08,油压,14.5,0,,0.5,2,81,709.6,0
2024-02-02,M-O09,油压,15.6,0,,0,1,335,633.3,2
2024-02-02,M-D01,双色旋转,14.0,0,,0,2,518,136.1,1
2024-02-02,M-D02,双色旋转,15.8,0,,0,1,195,449.0,2
2024-02-02,M-D03,双色旋转,15.4,0,,0,5,146,459.4,1
2024-02-02,M-T01,两板,16.4,0,,0,1,444,41.3,2
2024-02-02,M-T02,两板,14.5,0,,0,2,437,314.3,4
2024-02-02,M-T03,两板,13.5,0,,0,2,213,715.2,1
2024-02-02,M-T04,两板,13.0,0,,0,1,373,1141.7,4
2024-02-03,M-E01,全电动,18.5,0,,0.3,1,342,37.5,1
2024-02-03,M-E02,全电动,17.0,0,,0.2,3,167,36.5,2
2024-02-03,M-E03,全电动,16.7,0,,0,2,86,51.6,1
2024-02-03,M-E04,全电动,17.2,0,,0,3,488,43.6,1
2024-02-03,M-E05,全电动,16.6,0,,0,2,305,54.0,2
2024-02-03,M-E06,全电动,13.8,0,,0.1,3,502,42.7,2
2024-02-03,M-E07,全电动,18.5,0,,0,2,251,77.0,4
2024-02-03,M-E08,全电动,17.6,0,,0,2,347,86.0,4
2024-02-03,M-E09,全电动,14.5,0,,0,2,139,99.4,3
2024-02-03,M-E10,全电动,18.4,0,,0,3,532,157.7,4
2024-02-03,M-E11,全电动,17.1,0,,0.5,3,229,145.5,4
2024-02-03,M-E12,全电动,16.1,0,,0,2,537,145.2,0
2024-02-03,M-E13,全电动,16.8,0,,0,1,103,201.1,2
2024-02-03,M-O01,油压,18.1,0,,0,1,550,297.4,4
2024-02-03,M-O02,油压,18.9,0,,0,2,245,236.3,4
2024-02-03,M-O03,油压,18.5,0,,0.2,3,524,323.1,3
2024-02-03,M-O04,油压,15.4,0,,0,1,303,429.7,4
2024-02-03,M-O05,油压,13.7,0,,0,3,176,302.6,0
2024-02-03,M-O06,油压,17.9,0,,0,2,136,483.4,3
2024-02-03,M-O07,油压,16.6,0,,0.3,1,432,726.1,1
2024-02-03,M-O08,油压,18.1,0,,0,1,508,779.0,2
2024-02-03,M-O09,油压,18.1,0,,0.3,1,429,997.7,4
2024-02-03,M-D01,双色旋转,17.0,0,,0,3,144,150.7,4
2024-02-03,M-D02,双色旋转,16.2,0,,0,3,117,518.2,3
2024-02-03,M-D03,双色旋转,15.3,0,,0,3,452,384.2,2
2024-02-03,M-T01,两板,18.1,0,,0,4,291,61.6,0
2024-02-03,M-T02,两板,17.9,0,,0,3,320,400.9,0
2024-02-03,M-T03,两板,15.1,0,,0,3,168,722.7,1
2024-02-03,M-T04,两板,18.5,0,,0.3,1,561,1189.9,4
2024-02-04,M-E01,全电动,14.9,0,,0,3,227,22.5,0
2024-02-04,M-E02,全电动,14.3,0,,0,3,306,28.0,2
2024-02-04,M-E03,全电动,14.5,0,,0,2,552,36.4,1
2024-02-04,M-E04,全电动,16.8,0,,0,1,238,52.0,0
2024-02-04,M-E05,全电动,17.5,0,,0,2,303,79.0,3
2024-02-04,M-E06,全电动,18.8,0,,0,1,458,71.6,3
2024-02-04,M-E07,全电动,14.9,0,,0,1,373,74.8,0
2024-02-04,M-E08,全电动,13.8,0,,0,1,186,82.0,3
2024-02-04,M-E09,全电动,18.6,0,,0,2,339,119.0,4
2024-02-04,M-E10,全电动,15.8,0,,0,1,227,149.4,1
2024-02-04,M-E11,全电动,18.9,0,,0.3,2,279,167.2,1
2024-02-04,M-E12,全电动,13.5,0,,0,1,262,130.2,2
2024-02-04,M-E13,全电动,14.3,0,,0,3,142,150.2,1
2024-02-04,M-O01,油压,14.3,0,,0,2,508,224.8,0
2024-02-04,M-O02,油压,16.6,0,,0,1,574,290.8,0
2024-02-04,M-O03,油压,18.9,0,,0.3,1,456,350.3,1
2024-02-04,M-O04,油压,17.0,0,,0,2,356,447.5,0
2024-02-04,M-O05,油压,16.5,0,,0,3,592,419.9,0
2024-02-04,M-O06,油压,18.4,0,,0,1,182,548.9,3
2024-02-04,M-O07,油压,17.4,0,,0.2,2,90,609.1,2
2024-02-04,M-O08,油压,14.6,0,,0,3,243,642.7,1
2024-02-04,M-O09,油压,18.1,0,,0,2,533,1005.1,1
2024-02-04,M-D01,双色旋转,18.5,0,,0,3,313,152.1,3
2024-02-04,M-D02,双色旋转,18.1,0,,0.0,3,573,615.6,1
2024-02-04,M-D03,双色旋转,18.6,0,,0,2,141,573.7,0
2024-02-04,M-T01,两板,16.5,0,,0,3,276,56.7,3
2024-02-04,M-T02,两板,16.0,0,,0,1,344,464.0,3
2024-02-04,M-T03,两板,16.4,0,,0,1,314,908.6,1
2024-02-04,M-T04,两板,13.3,0,,0.4,3,132,988.7,4
2024-02-05,M-E01,全电动,16.3,0,,0,2,521,28.7,4
2024-02-05,M-E02,全电动,13.1,0,,0,1,204,21.2,3
2024-02-05,M-E03,全电动,18.9,0,,0,2,316,44.4,1
2024-02-05,M-E04,全电动,16.1,0,,0,2,332,41.1,1
2024-02-05,M-E05,全电动,16.2,0,,0,2,235,50.6,3
2024-02-05,M-E06,全电动,14.1,0,,0,1,355,51.5,3
2024-02-05,M-E07,全电动,14.9,0,,0.3,2,257,78.4,3
2024-02-05,M-E08,全电动,15.4,0,,0,3,362,72.6,0
2024-02-05,M-E09,全电动,16.7,0,,0,3,119,133.4,4
2024-02-05,M-E10,全电动,13.3,0,,0,4,402,107.6,1
2024-02-05,M-E11,全电动,13.2,0,,0,2,328,120.8,3
2024-02-05,M-E12,全电动,15.0,0,,0,1,120,146.5,2
2024-02-05,M-E13,全电动,15.0,0,,0.2,2,269,156.3,2
2024-02-05,M-O01,油压,14.9,0,,0,3,288,237.5,1
2024-02-05,M-O02,油压,18.8,0,,0,1,237,252.1,0
2024-02-05,M-O03,油压,16.7,0,,0,2,552,315.6,0
2024-02-05,M-O04,油压,16.1,0,,0,2,459,417.1,4
2024-02-05,M-O05,油压,15.8,0,,0.4,2,202,453.9,4
2024-02-05,M-O06,油压,17.5,0,,0,2,487,621.9,4
2024-02-05,M-O07,油压,17.0,0,,0.3,1,142,682.0,4
2024-02-05,M-O08,油压,16.7,0,,0,2,178,857.1,2
2024-02-05,M-O09,油压,18.9,0,,0,1,148,969.4,3
2024-02-05,M-D01,双色旋转,9.899999999999999,3.2,液压系统,0,2,417,71.2,3
2024-02-05,M-D02,双色旋转,15.5,0,,0,3,250,480.2,0
2024-02-05,M-D03,双色旋转,16.5,0,,0,2,530,516.3,4
2024-02-05,M-T01,两板,15.7,0,,0,3,443,41.1,0
2024-02-05,M-T02,两板,13.9,0,,0,3,353,357.1,0
2024-02-05,M-T03,两板,17.9,0,,0,1,376,846.3,3
2024-02-05,M-T04,两板,17.7,0,,0,3,278,1349.1,1
2024-02-06,M-E01,全电动,14.3,0,,0,2,550,31.6,1
2024-02-06,M-E02,全电动,15.1,0,,0,1,172,33.6,2
2024-02-06,M-E03,全电动,14.9,0,,0,3,500,45.4,3
2024-02-06,M-E04,全电动,15.2,0,,0,2,374,35.5,2
2024-02-06,M-E05,全电动,13.6,0,,0,4,289,56.6,0
2024-02-06,M-E06,全电动,16.1,0,,0,3,338,70.4,3
2024-02-06,M-E07,全电动,17.6,0,,0.2,3,391,86.8,0
2024-02-06,M-E08,全电动,14.1,0,,0,3,584,75.3,0
2024-02-06,M-E09,全电动,13.8,0,,0,2,259,106.3,2
2024-02-06,M-E10,全电动,16.0,0,,0.1,2,294,129.5,1
2024-02-06,M-E11,全电动,18.6,0,,0,2,492,171.0,3
2024-02-06,M-E12,全电动,19.0,0,,0,1,207,158.2,3
2024-02-06,M-E13,全电动,15.2,0,,0,3,230,193.7,2
2024-02-06,M-O01,油压,14.5,0,,0.4,4,496,212.4,3
2024-02-06,M-O02,油压,16.2,0,,0.3,1,201,273.2,3
2024-02-06,M-O03,油压,17.4,0,,0,3,591,264.7,4
2024-02-06,M-O04,油压,14.1,0,,0.4,1,478,359.4,0
2024-02-06,M-O05,油压,18.3,0,,0,2,427,559.1,1
2024-02-06,M-O06,油压,14.3,0,,0,2,381,441.6,2
2024-02-06,M-O07,油压,17.1,0,,0,2,166,640.9,3
2024-02-06,M-O08,油压,15.2,0,,0,1,402,803.4,3
2024-02-06,M-O09,油压,15.0,0,,0,3,292,604.2,1
2024-02-06,M-D01,双色旋转,13.7,0,,0,1,378,141.8,4
2024-02-06,M-D02,双色旋转,18.3,0,,0,3,286,643.0,2
2024-02-06,M-D03,双色旋转,16.1,0,,0.1,3,321,467.5,2
2024-02-06,M-T01,两板,17.1,0,,0,4,129,43.9,3
2024-02-06,M-T02,两板,14.0,0,,0,3,324,359.3,3
2024-02-06,M-T03,两板,15.8,0,,0,1,248,884.3,1
2024-02-06,M-T04,两板,16.0,0,,0,2,572,1328.5,3
2024-02-07,M-E01,全电动,15.0,0,,0,3,311,30.8,1
2024-02-07,M-E02,全电动,17.4,0,,0.3,1,317,32.0,0
2024-02-07,M-E03,全电动,13.9,0,,0,3,588,46.5,1
2024-02-07,M-E04,全电动,16.4,0,,0,2,225,44.2,0
2024-02-07,M-E05,全电动,18.3,0,,0,2,468,79.2,3
2024-02-07,M-E06,全电动,17.3,0,,0,2,297,70.7,2
2024-02-07,M-E07,全电动,13.6,0,,0,1,223,55.7,0
2024-02-07,M-E08,全电动,14.7,0.9,加热系统,0,1,566,81.5,4
2024-02-07,M-E09,全电动,15.6,0,,0,2,109,122.3,4
2024-02-07,M-E10,全电动,13.6,0,,0.1,2,484,117.8,3
2024-02-07,M-E11,全电动,17.4,0,,0.1,2,273,150.0,3
2024-02-07,M-E12,全电动,13.2,0,,0,1,146,141.4,0
2024-02-07,M-E13,全电动,15.3,0,,0,4,138,146.7,1
2024-02-07,M-O01,油压,16.2,0,,0.4,3,140,217.8,3
2024-02-07,M-O02,油压,18.9,0,,0.3,2,206,288.1,4
2024-02-07,M-O03,油压,14.7,0,,0,2,194,308.4,1
2024-02-07,M-O04,油压,18.7,0,,0,1,146,469.4,3
2024-02-07,M-O05,油压,15.6,0,,0.2,2,483,460.7,1
2024-02-07,M-O06,油压,18.8,0,,0,4,81,616.9,3
2024-02-07,M-O07,油压,14.8,0,,0,1,469,586.9,0
2024-02-07,M-O08,油压,18.5,0,,0,4,297,820.2,0
2024-02-07,M-O09,油压,14.8,0,,0,1,370,601.9,1
2024-02-07,M-D01,双色旋转,18.2,0,,0.2,3,176,132.0,3
2024-02-07,M-D02,双色旋转,18.2,0,,0.1,4,356,480.3,2
2024-02-07,M-D03,双色旋转,13.8,0,,0,4,537,497.1,2
2024-02-07,M-T01,两板,14.7,0,,0,2,390,47.1,2
2024-02-07,M-T02,两板,15.6,0,,0,3,187,324.6,2
2024-02-07,M-T03,两板,15.0,0,,0,1,140,884.8,0
2024-02-07,M-T04,两板,16.7,0,,0,3,152,1390.8,0
2024-02-08,M-E01,全电动,13.2,0,,0,2,301,20.1,0
2024-02-08,M-E02,全电动,16.6,0,,0,2,174,31.5,4
2024-02-08,M-E03,全电动,14.3,0,,0,1,553,35.3,2
2024-02-08,M-E04,全电动,18.2,0,,0,2,217,59.5,2
2024-02-08,M-E05,全电动,14.2,0,,0,2,564,56.4,4
2024-02-08,M-E06,全电动,14.2,0,,0,1,317,49.3,2
2024-02-08,M-E07,全电动,15.6,0,,0,2,395,86.4,4
2024-02-08,M-E08,全电动,16.8,0,,0,3,186,96.3,1
2024-02-08,M-E09,全电动,13.9,1.7,模具问题,0,3,173,105.1,4
2024-02-08,M-E10,全电动,17.9,0,,0,1,359,115.9,3
2024-02-08,M-E11,全电动,18.1,0,,0,1,571,136.5,2
2024-02-08,M-E12,全电动,16.9,0,,0,1,83,165.0,0
2024-02-08,M-E13,全电动,14.3,0,,0,1,490,138.9,4
2024-02-08,M-O01,油压,18.7,0,,0,2,500,223.8,1
2024-02-08,M-O02,油压,17.5,0,,0,3,317,279.0,0
2024-02-08,M-O03,油压,17.9,0,,0,1,364,367.7,3
2024-02-08,M-O04,油压,15.3,0,,0,2,284,366.9,1
2024-02-08,M-O05,油压,14.6,0,,0,2,399,449.0,4
2024-02-08,M-O06,油压,17.2,0,,0.5,3,165,589.0,2
2024-02-08,M-O07,油压,14.4,0,,0,2,567,593.3,4
2024-02-08,M-O08,油压,17.6,0,,0,1,184,901.7,3
2024-02-08,M-O09,油压,16.0,0,,0,3,562,835.9,3
2024-02-08,M-D01,双色旋转,13.9,0,,0,1,296,126.5,1
2024-02-08,M-D02,双色旋转,18.7,0,,0,2,499,704.1,4
2024-02-08,M-D03,双色旋转,17.9,0,,0,1,350,461.1,2
2024-02-08,M-T01,两板,16.3,0,,0.3,2,247,60.4,4
2024-02-08,M-T02,两板,17.8,0,,0,3,349,404.9,2
2024-02-08,M-T03,两板,16.7,0,,0,2,539,1025.1,2
2024-02-08,M-T04,两板,17.5,0,,0,1,169,1258.3,4
2024-02-09,M-E01,全电动,13.8,0,,0,3,262,23.1,1
2024-02-09,M-E02,全电动,14.7,0,,0,3,178,22.1,4
2024-02-09,M-E03,全电动,16.9,0,,0,1,263,38.1,3
2024-02-09,M-E04,全电动,13.9,0,,0,1,386,45.8,3
2024-02-09,M-E05,全电动,14.6,0,,0,3,373,58.3,0
2024-02-09,M-E06,全电动,18.3,0,,0,2,121,77.4,2
2024-02-09,M-E07,全电动,15.4,0,,0,2,514,81.9,0
2024-02-09,M-E08,全电动,14.6,0,,0,1,142,73.3,0
2024-02-09,M-E09,全电动,16.4,0,,0,1,431,121.7,1
2024-02-09,M-E10,全电动,14.2,0,,0,2,107,126.4,3
2024-02-09,M-E11,全电动,17.9,0,,0,2,414,151.4,0
2024-02-09,M-E12,全电动,17.5,0,,0,1,581,167.9,4
2024-02-09,M-E13,全电动,16.8,0,,0,1,582,153.9,3
2024-02-09,M-O01,油压,14.9,0,,0,1,435,212.7,3
2024-02-09,M-O02,油压,16.3,0,,0,1,253,286.0,1
2024-02-09,M-O03,油压,15.6,0,,0,3,119,291.1,0
2024-02-09,M-O04,油压,17.2,0,,0,2,362,441.8,4
2024-02-09,M-O05,油压,17.3,0,,0,3,592,426.2,4
2024-02-09,M-O06,油压,15.4,0,,0,4,220,508.7,0
2024-02-09,M-O07,油压,14.6,3.4,电气故障,0,1,190,653.1,4
2024-02-09,M-O08,油压,15.0,0,,0,3,488,564.0,3
2024-02-09,M-O09,油压,15.9,0,,0,3,194,892.0,0
2024-02-09,M-D01,双色旋转,18.2,0,,0,1,96,182.9,0
2024-02-09,M-D02,双色旋转,14.3,0,,0,2,363,381.9,0
2024-02-09,M-D03,双色旋转,15.7,0,,0,1,468,572.6,4
2024-02-09,M-T01,两板,14.6,0,,0.4,2,367,37.6,1
2024-02-09,M-T02,两板,13.2,3.5,传感器异常,0,2,159,370.8,4
2024-02-09,M-T03,两板,18.5,0,,0,2,171,939.1,4
2024-02-09,M-T04,两板,18.7,0,,0,4,292,1514.2,0
2024-02-10,M-E01,全电动,13.6,0,,0,4,240,25.2,0
2024-02-10,M-E02,全电动,16.9,0,,0,3,86,35.2,0
2024-02-10,M-E03,全电动,16.0,0,,0.1,2,83,53.1,0
2024-02-10,M-E04,全电动,13.8,0,,0,1,511,40.3,4
2024-02-10,M-E05,全电动,13.4,0,,0,1,98,46.4,3
2024-02-10,M-E06,全电动,14.8,1.7,模具问题,0.5,2,257,58.8,2
2024-02-10,M-E07,全电动,16.0,0,,0.4,3,200,88.1,3
2024-02-10,M-E08,全电动,14.0,0,,0.1,1,550,68.2,0
2024-02-10,M-E09,全电动,14.4,0,,0,3,435,112.6,0
2024-02-10,M-E10,全电动,15.4,0,,0,1,246,105.0,3
2024-02-10,M-E11,全电动,13.7,0,,0,1,278,139.2,0
2024-02-10,M-E12,全电动,18.7,0,,0,1,536,191.7,1
2024-02-10,M-E13,全电动,17.2,0,,0,3,338,192.7,0
2024-02-10,M-O01,油压,14.0,0,,0.4,2,205,183.1,4
2024-02-10,M-O02,油压,15.3,0,,0,2,526,207.3,0
2024-02-10,M-O03,油压,16.1,0,,0.3,2,162,267.7,1
2024-02-10,M-O04,油压,13.1,0,,0.4,4,527,275.5,1
2024-02-10,M-O05,油压,17.4,0,,0,1,476,514.4,4
2024-02-10,M-O06,油压,13.3,0,,0,3,112,490.1,1
2024-02-10,M-O07,油压,13.2,0,,0,2,370,542.7,3
2024-02-10,M-O08,油压,17.9,0,,0,1,232,920.7,3
2024-02-10,M-O09,油压,15.8,0,,0.2,2,271,711.8,4
2024-02-10,M-D01,双色旋转,18.2,0,,0,1,496,173.4,2
2024-02-10,M-D02,双色旋转,13.1,0,,0,1,571,365.1,2
2024-02-10,M-D03,双色旋转,13.8,0,,0,4,505,452.2,2
2024-02-10,M-T01,两板,17.7,0,,0,2,281,58.1,2
2024-02-10,M-T02,两板,16.2,0,,0,1,581,403.3,1
2024-02-10,M-T03,两板,16.7,0,,0,1,205,979.3,0
2024-02-10,M-T04,两板,16.0,0,,0,3,503,1518.3,3
2024-02-11,M-E01,全电动,16.6,0,,0,2,176,32.5,0
2024-02-11,M-E02,全电动,14.2,0,,0,3,488,25.9,1
2024-02-11,M-E03,全电动,18.1,0,,0,2,573,48.7,4
2024-02-11,M-E04,全电动,16.2,0,,0,1,349,51.6,4
2024-02-11,M-E05,全电动,18.2,0,,0,2,93,67.6,1
2024-02-11,M-E06,全电动,13.8,0,,0,1,471,59.8,1
2024-02-11,M-E07,全电动,14.6,0,,0,2,252,60.0,4
2024-02-11,M-E08,全电动,17.5,0,,0,1,168,94.0,1
2024-02-11,M-E09,全电动,16.2,0,,0.2,2,437,100.2,1
2024-02-11,M-E10,全电动,18.9,0,,0,2,532,120.0,1
2024-02-11,M-E11,全电动,15.5,0,,0,3,375,140.0,1
2024-02-11,M-E12,全电动,12.6,3.6,传感器异常,0,2,254,104.1,0
2024-02-11,M-E13,全电动,17.6,0,,0,1,385,169.0,1
2024-02-11,M-O01,油压,14.3,0,,0,4,277,221.4,3
2024-02-11,M-O02,油压,14.2,0,,0,1,356,207.5,1
2024-02-11,M-O03,油压,18.7,0,,0,3,589,413.1,1
2024-02-11,M-O04,油压,14.7,0,,0,3,423,415.0,1
2024-02-11,M-O05,油压,14.2,0,,0,1,457,447.5,1
2024-02-11,M-O06,油压,17.9,0,,0,3,388,543.9,4
2024-02-11,M-O07,油压,16.1,0,,0,4,417,684.3,3
2024-02-11,M-O08,油压,13.4,0,,0,1,564,557.4,1
2024-02-11,M-O09,油压,13.3,0,,0,3,226,661.0,0
2024-02-11,M-D01,双色旋转,17.5,0,,0,2,175,154.3,4
2024-02-11,M-D02,双色旋转,14.6,0,,0.4,2,330,375.7,0
2024-02-11,M-D03,双色旋转,18.2,0,,0.1,1,237,607.0,1
2024-02-11,M-T01,两板,16.0,0,,0,3,597,50.2,1
2024-02-11,M-T02,两板,15.7,0,,0,1,294,426.1,3
2024-02-11,M-T03,两板,18.5,0,,0,3,516,958.7,4
2024-02-11,M-T04,两板,15.0,0,,0,2,482,1336.2,0
2024-02-12,M-E01,全电动,15.3,0,,0,3,462,25.0,3
2024-02-12,M-E02,全电动,14.5,0,,0,2,238,30.3,3
2024-02-12,M-E03,全电动,13.8,0,,0,2,102,31.7,3
2024-02-12,M-E04,全电动,15.1,0,,0,1,171,40.9,4
2024-02-12,M-E05,全电动,18.7,0,,0,3,94,60.2,2
2024-02-12,M-E06,全电动,17.5,0,,0,1,119,60.4,0
2024-02-12,M-E07,全电动,15.0,0,,0,4,112,69.4,3
2024-02-12,M-E08,全电动,14.1,0,,0,3,308,89.5,0
2024-02-12,M-E09,全电动,14.0,0,,0.0,2,465,101.1,1
2024-02-12,M-E10,全电动,16.1,0,,0,2,94,129.5,4
2024-02-12,M-E11,全电动,14.5,0,,0,1,223,101.7,0
2024-02-12,M-E12,全电动,16.8,0,,0,1,421,188.5,3
2024-02-12,M-E13,全电动,16.0,0,,0,3,574,167.5,0
2024-02-12,M-O01,油压,15.9,0,,0,5,470,210.4,0
2024-02-12,M-O02,油压,18.8,0,,0,1,148,355.4,1
2024-02-12,M-O03,油压,14.8,0,,0,3,109,230.2,3
2024-02-12,M-O04,油压,16.7,0,,0,3,519,421.9,3
2024-02-12,M-O05,油压,17.1,0,,0,4,151,504.8,3
2024-02-12,M-O06,油压,15.3,0,,0,3,184,574.4,4
2024-02-12,M-O07,油压,18.3,0,,0,3,357,751.9,1
2024-02-12,M-O08,油压,18.1,0,,0,1,392,876.7,4
2024-02-12,M-O09,油压,18.8,0,,0.4,4,114,851.5,2
2024-02-12,M-D01,双色旋转,18.4,0,,0,1,461,150.7,2
2024-02-12,M-D02,双色旋转,17.1,0,,0,3,172,438.4,0
2024-02-12,M-D03,双色旋转,15.5,0,,0,3,367,519.0,0
2024-02-12,M-T01,两板,18.7,0,,0,1,522,60.0,0
2024-02-12,M-T02,两板,17.0,0,,0,1,275,340.8,0
2024-02-12,M-T03,两板,14.5,0,,0,3,545,939.6,1
2024-02-12,M-T04,两板,18.1,0,,0,2,265,1226.4,4
2024-02-13,M-E01,全电动,18.3,0,,0.1,2,503,36.4,4
2024-02-13,M-E02,全电动,13.600000000000001,2.2,电气故障,0.3,1,101,21.6,1
2024-02-13,M-E03,全电动,14.1,0,,0,3,214,43.3,1
2024-02-13,M-E04,全电动,15.5,0,,0,1,495,42.7,4
2024-02-13,M-E05,全电动,16.8,0,,0.3,3,549,63.0,0
2024-02-13,M-E06,全电动,14.7,0,,0,4,400,59.8,2
2024-02-13,M-E07,全电动,15.6,0,,0,3,429,59.8,1
2024-02-13,M-E08,全电动,16.9,0,,0,2,131,83.2,0
2024-02-13,M-E09,全电动,14.3,0,,0,1,361,108.3,0
2024-02-13,M-E10,全电动,16.7,0,,0,1,496,158.2,1
2024-02-13,M-E11,全电动,13.3,0,,0.1,1,424,137.1,4
2024-02-13,M-E12,全电动,13.3,0,,0,3,271,116.7,1
2024-02-13,M-E13,全电动,14.3,0,,0,4,391,178.1,2
2024-02-13,M-O01,油压,14.5,0,,0,2,199,212.0,2
2024-02-13,M-O02,油压,14.8,0,,0.4,1,330,263.5,4
2024-02-13,M-O03,油压,13.2,0,,0,2,513,261.0,2
2024-02-13,M-O04,油压,13.8,0,,0,1,278,334.3,0
2024-02-13,M-O05,油压,14.4,0,,0,1,105,320.5,0
2024-02-13,M-O06,油压,13.4,0,,0,3,476,447.1,0
2024-02-13,M-O07,油压,15.9,0,,0,4,285,703.3,1
2024-02-13,M-O08,油压,18.1,0,,0,2,445,678.1,1
2024-02-13,M-O09,油压,14.5,0,,0,2,223,828.9,4
2024-02-13,M-D01,双色旋转,13.8,0,,0,3,264,107.8,0
2024-02-13,M-D02,双色旋转,13.7,0,,0,2,259,493.6,2
2024-02-13,M-D03,双色旋转,14.1,0,,0,2,493,370.4,1
2024-02-13,M-T01,两板,15.8,0,,0,1,553,59.3,1
2024-02-13,M-T02,两板,13.6,0,,0,2,393,318.5,3
2024-02-13,M-T03,两板,16.7,0,,0,1,177,930.3,1
2024-02-13,M-T04,两板,18.6,0,,0,3,149,1226.0,0
2024-02-14,M-E01,全电动,15.1,0,,0,2,216,25.1,2
2024-02-14,M-E02,全电动,18.8,0,,0,2,313,28.8,4
2024-02-14,M-E03,全电动,13.1,0,,0,3,466,34.6,3
2024-02-14,M-E04,全电动,17.1,0,,0,3,351,45.7,2
2024-02-14,M-E05,全电动,14.2,0,,0,1,528,64.1,2
2024-02-14,M-E06,全电动,18.0,0,,0,2,149,80.5,2
2024-02-14,M-E07,全电动,12.8,2.8,模具问题,0,4,557,54.2,0
2024-02-14,M-E08,全电动,15.6,0,,0.3,1,413,82.7,0
2024-02-14,M-E09,全电动,17.3,0,,0,2,138,121.8,2
2024-02-14,M-E10,全电动,17.5,0,,0,2,203,152.2,3
2024-02-14,M-E11,全电动,16.4,0,,0,1,217,163.3,1
2024-02-14,M-E12,全电动,17.2,0,,0,3,545,197.7,0
2024-02-14,M-E13,全电动,16.1,0,,0,2,282,177.8,2
2024-02-14,M-O01,油压,15.8,0,,0.4,1,395,212.0,2
2024-02-14,M-O02,油压,17.3,0,,0.0,1,284,317.8,2
2024-02-14,M-O03,油压,13.0,0,,0,3,212,293.8,0
2024-02-14,M-O04,油压,18.8,0,,0,3,414,399.6,1
2024-02-14,M-O05,油压,17.2,0,,0,1,174,511.2,0
2024-02-14,M-O06,油压,15.7,0,,0.3,4,267,575.4,3
2024-02-14,M-O07,油压,17.8,0,,0,1,263,596.4,2
2024-02-14,M-O08,油压,13.7,0,,0,2,196,569.9,1
2024-02-14,M-O09,油压,16.2,0,,0,3,358,679.1,1
2024-02-14,M-D01,双色旋转,17.3,0,,0,2,282,127.7,2
2024-02-14,M-D02,双色旋转,16.9,0,,0,2,288,545.6,2
2024-02-14,M-D03,双色旋转,18.9,0,,0,2,305,526.7,2
2024-02-14,M-T01,两板,13.6,0,,0,1,293,44.8,1
2024-02-14,M-T02,两板,13.3,0,,0,1,562,365.6,3
2024-02-14,M-T03,两板,14.4,0,,0.3,2,490,821.9,0
2024-02-14,M-T04,两板,15.3,0,,0.2,2,373,1373.2,1
2024-02-15,M-E01,全电动,13.1,0,,0,3,261,20.4,0
2024-02-15,M-E02,全电动,18.3,0,,0,2,513,33.2,4
2024-02-15,M-E03,全电动,19.0,0,,0,4,170,52.2,1
2024-02-15,M-E04,全电动,18.7,0,,0,3,409,45.4,1
2024-02-15,M-E05,全电动,18.6,0,,0,1,115,62.8,4
2024-02-15,M-E06,全电动,16.5,0,,0,3,171,62.9,1
2024-02-15,M-E07,全电动,16.1,0,,0.2,2,587,70.4,1
2024-02-15,M-E08,全电动,14.7,0,,0,2,320,78.0,1
2024-02-15,M-E09,全电动,16.5,0,,0,1,260,132.0,3
2024-02-15,M-E10,全电动,13.6,0,,0,1,217,119.9,4
2024-02-15,M-E11,全电动,15.0,0,,0,2,318,124.7,4
2024-02-15,M-E12,全电动,17.8,0,,0,3,219,176.6,1
2024-02-15,M-E13,全电动,16.4,0,,0.1,3,406,167.9,2
2024-02-15,M-O01,油压,13.7,0,,0,4,383,199.9,3
2024-02-15,M-O02,油压,15.2,0,,0,5,297,270.9,0
2024-02-15,M-O03,油压,17.8,0,,0.1,1,269,380.6,4
2024-02-15,M-O04,油压,13.2,0,,0,2,579,302.8,2
2024-02-15,M-O05,油压,15.8,0,,0,1,338,366.7,2
2024-02-15,M-O06,油压,11.4,4.0,传感器异常,0,3,465,330.8,2
2024-02-15,M-O07,油压,15.5,0,,0,2,313,673.3,3
2024-02-15,M-O08,油压,15.6,0,,0,1,560,803.6,1
2024-02-15,M-O09,油压,15.8,0,,0,1,107,827.1,4
2024-02-15,M-D01,双色旋转,18.2,0,,0,1,549,128.9,0
2024-02-15,M-D02,双色旋转,16.8,0,,0,5,563,473.5,3
2024-02-15,M-D03,双色旋转,15.4,0,,0,2,452,476.1,4
2024-02-15,M-T01,两板,16.5,0,,0,2,154,47.2,3
2024-02-15,M-T02,两板,18.1,0,,0,3,529,534.4,1
2024-02-15,M-T03,两板,16.0,0,,0,3,254,746.6,2
2024-02-15,M-T04,两板,17.0,0,,0,2,224,1207.7,3
2024-02-16,M-E01,全电动,13.1,0,,0,2,386,27.2,0
2024-02-16,M-E02,全电动,14.5,0,,0,3,553,31.1,0
2024-02-16,M-E03,全电动,14.6,0,,0,3,246,49.0,4
2024-02-16,M-E04,全电动,14.6,0,,0,3,414,40.4,0
2024-02-16,M-E05,全电动,16.5,0,,0,2,260,71.2,4
2024-02-16,M-E06,全电动,16.2,0.8,传感器异常,0,2,473,54.7,3
2024-02-16,M-E07,全电动,15.8,0,,0,4,378,70.9,0
2024-02-16,M-E08,全电动,18.1,0,,0,3,539,107.9,0
2024-02-16,M-E09,全电动,18.9,0,,0,3,248,106.2,1
2024-02-16,M-E10,全电动,13.4,0,,0,3,555,115.0,2
2024-02-16,M-E11,全电动,14.1,0,,0,2,275,136.9,4
2024-02-16,M-E12,全电动,15.3,0,,0,1,131,165.0,1
2024-02-16,M-E13,全电动,10.5,3.8,模具问题,0,4,162,103.1,1
2024-02-16,M-O01,油压,15.4,0,,0,1,581,208.0,0
2024-02-16,M-O02,油压,13.4,0,,0,1,157,202.2,0
2024-02-16,M-O03,油压,16.6,0,,0.3,2,282,360.8,2
2024-02-16,M-O04,油压,13.6,0,,0,3,411,267.8,0
2024-02-16,M-O05,油压,17.8,0,,0,3,288,509.0,1
2024-02-16,M-O06,油压,14.0,0,,0,2,329,400.4,0
2024-02-16,M-O07,油压,18.1,0,,0,3,477,667.0,1
2024-02-16,M-O08,油压,13.9,0,,0.1,2,129,673.7,2
2024-02-16,M-O09,油压,13.5,2.0,模具问题,0.2,2,575,624.7,2
2024-02-16,M-D01,双色旋转,14.0,0,,0,3,582,102.1,3
2024-02-16,M-D02,双色旋转,18.1,0,,0,1,529,548.2,4
2024-02-16,M-D03,双色旋转,18.7,0,,0,3,596,656.4,1
2024-02-16,M-T01,两板,14.0,0,,0,1,403,52.9,3
2024-02-16,M-T02,两板,17.9,0,,0,2,392,461.9,0
2024-02-16,M-T03,两板,15.9,0,,0,3,440,896.5,0
2024-02-16,M-T04,两板,13.8,0,,0,2,253,1239.4,4
2024-02-17,M-E01,全电动,15.3,0,,0,2,226,25.7,2
2024-02-17,M-E02,全电动,16.1,0,,0.4,2,216,33.4,0
2024-02-17,M-E03,全电动,15.3,0,,0,1,305,35.4,0
2024-02-17,M-E04,全电动,15.8,0,,0,1,260,50.4,1
2024-02-17,M-E05,全电动,18.1,0,,0,2,437,75.5,0
2024-02-17,M-E06,全电动,16.9,1.0,加热系统,0,3,240,73.7,3
2024-02-17,M-E07,全电动,18.5,0,,0.5,1,571,94.0,2
2024-02-17,M-E08,全电动,15.4,0,,0,2,427,70.1,0
2024-02-17,M-E09,全电动,18.1,0,,0,1,501,109.7,3
2024-02-17,M-E10,全电动,17.4,0,,0,2,390,115.3,4
2024-02-17,M-E11,全电动,16.3,0,,0,4,298,116.0,2
2024-02-17,M-E12,全电动,14.6,0,,0,1,191,131.2,0
2024-02-17,M-E13,全电动,13.6,0,,0,1,230,172.4,0
2024-02-17,M-O01,油压,14.5,0,,0,2,473,163.6,4
2024-02-17,M-O02,油压,14.5,0,,0.2,1,110,271.2,1
2024-02-17,M-O03,油压,17.8,0,,0,1,461,399.4,0
2024-02-17,M-O04,油压,16.2,0,,0,3,156,385.3,3
2024-02-17,M-O05,油压,15.3,0,,0,2,449,479.7,3
2024-02-17,M-O06,油压,14.1,0,,0,1,203,524.8,2
2024-02-17,M-O07,油压,18.6,0,,0,2,400,844.6,1
2024-02-17,M-O08,油压,15.3,0,,0,1,566,663.1,4
2024-02-17,M-O09,油压,19.0,0,,0,3,442,764.5,2
2024-02-17,M-D01,双色旋转,14.6,0,,0,2,137,139.0,3
2024-02-17,M-D02,双色旋转,17.7,0,,0,2,439,489.9,1
2024-02-17,M-D03,双色旋转,15.0,0,,0,3,303,558.2,0
2024-02-17,M-T01,两板,14.3,0,,0,3,134,48.3,2
2024-02-17,M-T02,两板,13.2,0,,0,3,352,268.7,2
2024-02-17,M-T03,两板,15.9,0,,0,4,275,1038.9,3
2024-02-17,M-T04,两板,18.4,0,,0,2,232,1720.0,2
2024-02-18,M-E01,全电动,16.5,0,,0,2,179,25.9,0
2024-02-18,M-E02,全电动,13.8,0,,0,1,207,21.1,1
2024-02-18,M-E03,全电动,13.3,0,,0,3,154,38.0,1
2024-02-18,M-E04,全电动,16.7,0,,0,2,321,45.3,0
2024-02-18,M-E05,全电动,14.2,0,,0,3,551,64.2,0
2024-02-18,M-E06,全电动,15.9,0,,0,2,464,54.8,1
2024-02-18,M-E07,全电动,14.0,0,,0,2,595,77.3,3
2024-02-18,M-E08,全电动,15.5,0,,0,2,288,100.8,2
2024-02-18,M-E09,全电动,18.1,0,,0,1,588,144.1,2
2024-02-18,M-E10,全电动,13.4,0,,0,3,369,125.7,2
2024-02-18,M-E11,全电动,18.0,0,,0,2,182,149.5,1
2024-02-18,M-E12,全电动,14.8,3.3,电气故障,0,2,363,175.2,3
2024-02-18,M-E13,全电动,18.7,0,,0.5,2,237,165.8,1
2024-02-18,M-O01,油压,16.5,0,,0,1,321,193.5,0
2024-02-18,M-O02,油压,18.3,0,,0,2,331,291.8,0
2024-02-18,M-O03,油压,15.599999999999998,2.8,电气故障,0,3,246,309.4,1
2024-02-18,M-O04,油压,19.0,0,,0.3,2,267,482.7,3
2024-02-18,M-O05,油压,16.7,0,,0,3,592,483.4,4
2024-02-18,M-O06,油压,15.499999999999998,0.9,传感器异常,0,2,495,434.6,4
2024-02-18,M-O07,油压,13.8,0,,0,1,143,564.6,0
2024-02-18,M-O08,油压,13.8,0,,0,3,107,553.5,0
2024-02-18,M-O09,油压,13.1,0,,0,3,449,566.0,0
2024-02-18,M-D01,双色旋转,16.1,0,,0,2,402,145.8,1
2024-02-18,M-D02,双色旋转,15.0,0,,0,3,195,397.3,3
2024-02-18,M-D03,双色旋转,16.7,0,,0,3,82,494.4,0
2024-02-18,M-T01,两板,14.5,0,,0,3,170,38.8,0
2024-02-18,M-T02,两板,16.6,0,,0,2,520,475.8,0
2024-02-18,M-T03,两板,16.6,0,,0,2,89,995.9,0
2024-02-18,M-T04,两板,15.7,1.5,液压系统,0,2,423,1025.0,3
2024-02-19,M-E01,全电动,14.4,0,,0,1,244,22.4,0
2024-02-19,M-E02,全电动,18.6,0,,0,4,508,30.6,0
2024-02-19,M-E03,全电动,15.0,0,,0,2,116,48.4,4
2024-02-19,M-E04,全电动,13.4,0,,0,2,545,39.2,2
2024-02-19,M-E05,全电动,16.5,0,,0,2,353,55.5,2
2024-02-19,M-E06,全电动,16.4,0,,0.4,1,265,64.9,1
2024-02-19,M-E07,全电动,14.6,0,,0,2,147,61.9,0
2024-02-19,M-E08,全电动,16.6,0,,0,2,150,109.6,4
2024-02-19,M-E09,全电动,18.3,0,,0,3,360,144.2,0
2024-02-19,M-E10,全电动,18.8,0,,0,2,144,128.2,1
2024-02-19,M-E11,全电动,14.5,0,,0,2,337,124.3,4
2024-02-19,M-E12,全电动,16.4,0,,0,1,244,161.6,0
2024-02-19,M-E13,全电动,13.6,0,,0,2,182,176.5,2
2024-02-19,M-O01,油压,13.6,0,,0,1,216,224.5,0
2024-02-19,M-O02,油压,16.1,0,,0.1,1,90,220.7,0
2024-02-19,M-O03,油压,18.4,0,,0.1,2,593,396.5,0
2024-02-19,M-O04,油压,16.8,0,,0,3,351,395.1,4
2024-02-19,M-O05,油压,14.0,0,,0,1,391,305.2,0
2024-02-19,M-O06,油压,15.8,0,,0,1,154,556.1,3
2024-02-19,M-O07,油压,15.4,0,,0,2,513,580.3,1
2024-02-19,M-O08,油压,15.6,0,,0,3,341,561.5,4
2024-02-19,M-O09,油压,14.6,0,,0,3,333,591.8,1
2024-02-19,M-D01,双色旋转,17.5,0,,0,3,409,137.5,3
2024-02-19,M-D02,双色旋转,13.5,0,,0,2,386,461.4,3
2024-02-19,M-D03,双色旋转,17.5,0,,0,1,474,543.8,1
2024-02-19,M-T01,两板,16.3,0,,0,2,474,54.5,0
2024-02-19,M-T02,两板,16.2,0,,0,2,372,472.4,2
2024-02-19,M-T03,两板,17.0,0,,0,4,483,1070.1,3
2024-02-19,M-T04,两板,16.5,0,,0,3,469,1052.2,4
2024-02-20,M-E01,全电动,13.3,0,,0,1,403,28.2,1
2024-02-20,M-E02,全电动,15.2,0,,0,2,382,34.0,4
2024-02-20,M-E03,全电动,16.1,0,,0.1,2,553,45.4,4
2024-02-20,M-E04,全电动,15.5,0,,0,3,544,36.7,1
2024-02-20,M-E05,全电动,17.6,0,,0.3,3,481,64.0,2
2024-02-20,M-E06,全电动,17.1,0,,0,1,384,74.1,1
2024-02-20,M-E07,全电动,15.0,0,,0,2,491,80.8,2
2024-02-20,M-E08,全电动,15.8,0,,0,1,305,74.2,1
2024-02-20,M-E09,全电动,17.5,0,,0,2,446,106.6,0
2024-02-20,M-E10,全电动,14.9,0,,0,2,566,131.4,1
2024-02-20,M-E11,全电动,16.3,0,,0,1,272,154.7,3
2024-02-20,M-E12,全电动,18.1,0,,0.2,4,447,190.8,0
2024-02-20,M-E13,全电动,15.3,0,,0,1,278,202.1,1
2024-02-20,M-O01,油压,17.0,0,,0,2,166,279.9,0
2024-02-20,M-O02,油压,18.7,0,,0,3,580,321.4,3
2024-02-20,M-O03,油压,17.3,0,,0,1,491,268.2,2
2024-02-20,M-O04,油压,13.7,0,,0,2,111,383.5,0
2024-02-20,M-O05,油压,17.9,0,,0,1,387,473.6,2
2024-02-20,M-O06,油压,13.6,0,,0,4,449,498.5,3
2024-02-20,M-O07,油压,14.8,0,,0.1,2,217,594.1,4
2024-02-20,M-O08,油压,9.6,3.9,液压系统,0,3,519,476.7,1
2024-02-20,M-O09,油压,17.1,0,,0.4,2,203,900.8,0
2024-02-20,M-D01,双色旋转,17.1,0,,0,3,428,119.8,1
2024-02-20,M-D02,双色旋转,16.3,0,,0,1,172,551.6,1
2024-02-20,M-D03,双色旋转,17.2,0,,0.1,1,244,610.0,1
2024-02-20,M-T01,两板,18.8,0,,0,1,417,58.1,0
2024-02-20,M-T02,两板,17.9,0,,0,2,284,372.7,0
2024-02-20,M-T03,两板,17.5,0,,0,2,538,894.8,3
2024-02-20,M-T04,两板,18.6,0,,0,2,136,1177.1,1
2024-02-21,M-E01,全电动,16.2,0,,0,3,533,33.1,4
2024-02-21,M-E02,全电动,18.6,0,,0,4,354,28.9,0
2024-02-21,M-E03,全电动,18.9,0,,0,1,541,48.1,2
2024-02-21,M-E04,全电动,14.1,0,,0,2,577,37.3,2
2024-02-21,M-E05,全电动,15.2,0,,0,1,248,62.7,2
2024-02-21,M-E06,全电动,14.4,0,,0,1,341,61.9,1
2024-02-21,M-E07,全电动,17.3,0,,0,4,366,87.6,3
2024-02-21,M-E08,全电动,15.7,0,,0,2,444,97.3,0
2024-02-21,M-E09,全电动,15.3,0,,0,2,447,126.8,1
2024-02-21,M-E10,全电动,16.6,0,,0,1,416,138.3,1
2024-02-21,M-E11,全电动,16.5,0,,0,1,533,138.8,0
2024-02-21,M-E12,全电动,16.4,0,,0,2,263,142.1,3
2024-02-21,M-E13,全电动,13.6,0,,0,4,121,132.4,2
2024-02-21,M-O01,油压,13.6,0,,0,4,216,226.3,4
2024-02-21,M-O02,油压,17.0,0,,0,2,451,316.9,3
2024-02-21,M-O03,油压,15.3,0,,0,2,143,258.4,4
2024-02-21,M-O04,油压,17.6,0,,0,3,296,331.6,0
2024-02-21,M-O05,油压,15.5,0,,0.2,2,356,369.1,3
2024-02-21,M-O06,油压,14.5,0,,0,3,565,498.2,2
2024-02-21,M-O07,油压,16.9,0,,0,1,537,749.5,2
2024-02-21,M-O08,油压,15.4,0,,0,1,114,790.9,0
2024-02-21,M-O09,油压,17.8,0,,0.3,1,270,1020.6,2
2024-02-21,M-D01,双色旋转,13.4,0,,0,3,352,98.1,4
2024-02-21,M-D02,双色旋转,14.2,0,,0,1,289,366.6,0
2024-02-21,M-D03,双色旋转,13.3,0,,0,2,176,368.0,3
2024-02-21,M-T01,两板,14.6,0,,0,3,258,48.9,2
2024-02-21,M-T02,两板,14.3,0,,0,4,175,391.5,4
2024-02-21,M-T03,两板,13.1,0,,0,1,328,590.5,4
2024-02-21,M-T04,两板,14.4,0,,0,2,125,1324.6,2
2024-02-22,M-E01,全电动,15.1,0,,0,3,579,30.8,4
2024-02-22,M-E02,全电动,15.8,0,,0,3,144,28.2,1
2024-02-22,M-E03,全电动,15.5,0,,0,2,423,42.5,2
2024-02-22,M-E04,全电动,18.2,0,,0.5,1,253,43.4,2
2024-02-22,M-E05,全电动,16.8,0,,0,1,509,60.9,3
2024-02-22,M-E06,全电动,14.0,0,,0,2,111,49.6,0
2024-02-22,M-E07,全电动,13.6,0,,0,3,467,72.5,4
2024-02-22,M-E08,全电动,17.7,0,,0,1,330,95.0,2
2024-02-22,M-E09,全电动,15.6,0,,0.1,1,459,91.3,4
2024-02-22,M-E10,全电动,18.0,0,,0,1,252,145.2,4
2024-02-22,M-E11,全电动,14.2,0,,0,1,256,118.7,2
2024-02-22,M-E12,全电动,13.5,0,,0.3,1,211,150.2,3
2024-02-22,M-E13,全电动,14.2,0,,0.3,1,411,144.3,3
2024-02-22,M-O01,油压,13.6,0,,0.0,2,350,231.7,4
2024-02-22,M-O02,油压,16.7,0,,0,1,479,287.2,2
2024-02-22,M-O03,油压,15.5,0,,0,2,447,240.3,4
2024-02-22,M-O04,油压,13.3,0,,0,2,294,346.1,3
2024-02-22,M-O05,油压,16.2,0,,0,2,257,418.3,3
2024-02-22,M-O06,油压,14.2,0,,0,1,350,447.5,3
2024-02-22,M-O07,油压,15.7,0,,0,3,438,537.6,0
2024-02-22,M-O08,油压,15.4,0,,0.1,3,145,636.6,4
2024-02-22,M-O09,油压,18.1,0,,0,1,301,940.4,0
2024-02-22,M-D01,双色旋转,14.1,0,,0,3,452,147.0,4
2024-02-22,M-D02,双色旋转,18.0,0,,0,2,528,540.1,0
2024-02-22,M-D03,双色旋转,17.0,0,,0,3,135,642.1,0
2024-02-22,M-T01,两板,16.0,0,,0,2,143,59.9,0
2024-02-22,M-T02,两板,17.8,0,,0,3,344,403.0,2
2024-02-22,M-T03,两板,14.4,0,,0,1,216,961.2,4
2024-02-22,M-T04,两板,18.6,0,,0,3,272,1475.9,3
2024-02-23,M-E01,全电动,15.7,0,,0,2,592,24.7,3
2024-02-23,M-E02,全电动,14.9,0,,0,2,562,27.1,0
2024-02-23,M-E03,全电动,15.1,0,,0.1,3,257,38.0,0
2024-02-23,M-E04,全电动,12.6,0.6,加热系统,0,1,238,31.3,4
2024-02-23,M-E05,全电动,13.3,0,,0,2,577,58.1,4
2024-02-23,M-E06,全电动,15.7,0,,0,2,168,53.4,2
2024-02-23,M-E07,全电动,14.5,0.9,加热系统,0,1,525,72.0,0
2024-02-23,M-E08,全电动,17.5,0,,0,1,264,98.2,1
2024-02-23,M-E09,全电动,16.6,0,,0.5,2,515,104.0,4
2024-02-23,M-E10,全电动,15.2,0,,0,2,401,96.4,3
2024-02-23,M-E11,全电动,10.2,2.9,电气故障,0,3,378,107.2,1
2024-02-23,M-E12,全电动,16.5,0,,0,1,534,181.7,4
2024-02-23,M-E13,全电动,14.0,0,,0,2,450,184.7,3
2024-02-23,M-O01,油压,16.6,0,,0.2,1,367,188.9,3
2024-02-23,M-O02,油压,17.5,0,,0,2,570,306.6,0
2024-02-23,M-O03,油压,14.9,0,,0,2,274,246.3,1
2024-02-23,M-O04,油压,14.6,0,,0,3,294,374.8,2
2024-02-23,M-O05,油压,16.7,0,,0,2,361,537.1,4
2024-02-23,M-O06,油压,15.3,0,,0,4,599,532.0,0
2024-02-23,M-O07,油压,13.2,0,,0,2,267,477.7,0
2024-02-23,M-O08,油压,15.0,0,,0,3,230,636.5,3
2024-02-23,M-O09,油压,17.0,0,,0,4,467,794.4,0
2024-02-23,M-D01,双色旋转,18.4,0,,0.4,1,122,144.2,1
2024-02-23,M-D02,双色旋转,15.7,0,,0,2,489,545.6,0
2024-02-23,M-D03,双色旋转,14.3,0,,0.4,1,388,358.0,2
2024-02-23,M-T01,两板,14.9,0,,0,3,159,39.0,4
2024-02-23,M-T02,两板,17.4,0,,0,1,96,410.1,3
2024-02-23,M-T03,两板,14.6,0,,0,1,242,914.5,0
2024-02-23,M-T04,两板,14.5,0,,0,2,293,1317.2,4
2024-02-24,M-E01,全电动,14.8,0,,0.4,2,279,26.0,2
2024-02-24,M-E02,全电动,18.3,0,,0,3,531,39.0,3
2024-02-24,M-E03,全电动,16.3,0,,0,1,241,55.6,4
2024-02-24,M-E04,全电动,17.2,0,,0,2,492,40.0,2
2024-02-24,M-E05,全电动,15.9,0,,0,1,521,71.9,2
2024-02-24,M-E06,全电动,14.0,0,,0,2,529,51.8,3
2024-02-24,M-E07,全电动,16.8,0,,0,4,367,77.2,4
2024-02-24,M-E08,全电动,15.4,0,,0,2,156,94.5,3
2024-02-24,M-E09,全电动,14.7,0,,0,3,175,99.8,3
2024-02-24,M-E10,全电动,16.5,0,,0,2,416,121.0,2
2024-02-24,M-E11,全电动,15.4,0,,0.2,3,158,131.8,3
2024-02-24,M-E12,全电动,14.1,0,,0.5,2,490,140.8,2
2024-02-24,M-E13,全电动,13.7,0,,0,2,84,180.8,0
2024-02-24,M-O01,油压,15.7,0,,0,2,460,212.4,0
2024-02-24,M-O02,油压,17.6,0,,0,1,122,329.0,0
2024-02-24,M-O03,油压,18.5,0,,0,2,501,355.0,1
2024-02-24,M-O04,油压,17.6,0,,0.1,2,100,418.4,3
2024-02-24,M-O05,油压,16.8,0,,0,3,527,466.7,1
2024-02-24,M-O06,油压,14.8,0,,0,3,151,447.7,2
2024-02-24,M-O07,油压,14.5,0,,0,2,257,622.4,2
2024-02-24,M-O08,油压,16.2,0,,0,1,130,731.5,2
2024-02-24,M-O09,油压,13.2,0,,0.3,2,270,792.5,1
2024-02-24,M-D01,双色旋转,14.0,0,,0,4,561,106.4,0
2024-02-24,M-D02,双色旋转,10.8,2.5,加热系统,0,4,388,294.9,0
2024-02-24,M-D03,双色旋转,16.1,0,,0,1,179,514.3,3
2024-02-24,M-T01,两板,13.1,0,,0,3,509,38.5,2
2024-02-24,M-T02,两板,18.7,0,,0,2,197,465.7,4
2024-02-24,M-T03,两板,18.9,0,,0,2,152,952.5,1
2024-02-24,M-T04,两板,16.5,0,,0,2,562,1342.6,2
2024-02-25,M-E01,全电动,17.2,0,,0,3,228,26.6,0
2024-02-25,M-E02,全电动,14.2,0,,0.2,1,458,30.9,3
2024-02-25,M-E03,全电动,16.2,0,,0,1,476,46.9,3
2024-02-25,M-E04,全电动,17.9,0,,0,2,201,44.1,0
2024-02-25,M-E05,全电动,17.0,0,,0,1,405,56.6,2
2024-02-25,M-E06,全电动,15.3,0,,0,2,259,58.4,2
2024-02-25,M-E07,全电动,17.2,0,,0,2,97,97.6,1
2024-02-25,M-E08,全电动,16.4,0,,0,2,326,75.5,3
2024-02-25,M-E09,全电动,18.9,0,,0,3,227,136.9,0
2024-02-25,M-E10,全电动,18.6,0,,0,2,426,169.9,1
2024-02-25,M-E11,全电动,13.4,0,,0,2,286,119.3,2
2024-02-25,M-E12,全电动,16.3,0,,0,4,363,194.6,3
2024-02-25,M-E13,全电动,15.6,0,,0,2,539,181.4,4
2024-02-25,M-O01,油压,18.0,0,,0,2,592,288.5,4
2024-02-25,M-O02,油压,18.0,0,,0,3,182,291.2,3
2024-02-25,M-O03,油压,14.4,0,,0,3,179,268.6,3
2024-02-25,M-O04,油压,13.1,0,,0,1,371,319.8,4
2024-02-25,M-O05,油压,18.8,0,,0,2,139,511.5,1
2024-02-25,M-O06,油压,17.4,0,,0,2,455,517.0,3
2024-02-25,M-O07,油压,16.5,0,,0,3,161,663.5,3
2024-02-25,M-O08,油压,15.3,0,,0,1,257,746.4,0
2024-02-25,M-O09,油压,18.5,0,,0,2,179,1039.0,4
2024-02-25,M-D01,双色旋转,13.7,0,,0,1,209,119.0,4
2024-02-25,M-D02,双色旋转,14.0,0,,0,1,236,379.5,4
2024-02-25,M-D03,双色旋转,15.8,0,,0,2,412,542.3,4
2024-02-25,M-T01,两板,13.2,0,,0,3,333,44.5,1
2024-02-25,M-T02,两板,18.7,0,,0,3,501,486.2,1
2024-02-25,M-T03,两板,13.2,0,,0,2,409,711.1,1
2024-02-25,M-T04,两板,14.1,0,,0,3,306,1069.3,2
2024-02-26,M-E01,全电动,16.9,0,,0,1,532,29.6,3
2024-02-26,M-E02,全电动,14.1,0,,0,2,492,24.9,2
2024-02-26,M-E03,全电动,14.1,0,,0,3,112,36.3,0
2024-02-26,M-E04,全电动,17.4,0,,0,3,490,54.0,0
2024-02-26,M-E05,全电动,16.1,0,,0,2,433,61.7,0
2024-02-26,M-E06,全电动,16.3,0,,0,3,561,51.8,2
2024-02-26,M-E07,全电动,16.3,0,,0,3,429,92.0,3
2024-02-26,M-E08,全电动,18.0,0,,0,4,193,95.7,3
2024-02-26,M-E09,全电动,17.4,0,,0,1,133,136.6,2
2024-02-26,M-E10,全电动,17.6,0,,0,1,283,149.8,2
2024-02-26,M-E11,全电动,13.2,0,,0,3,138,117.5,4
2024-02-26,M-E12,全电动,15.2,0,,0,2,456,173.9,0
2024-02-26,M-E13,全电动,17.4,0,,0,1,191,176.4,0
2024-02-26,M-O01,油压,16.3,1.8,模具问题,0,2,102,215.0,2
2024-02-26,M-O02,油压,15.0,0,,0,1,461,253.3,2
2024-02-26,M-O03,油压,13.3,0,,0,1,549,219.2,1
2024-02-26,M-O04,油压,14.8,0,,0,2,281,356.5,2
2024-02-26,M-O05,油压,13.1,0,,0,4,414,293.7,4
2024-02-26,M-O06,油压,17.2,0,,0,3,473,449.1,4
2024-02-26,M-O07,油压,13.9,0,,0,2,226,609.5,4
2024-02-26,M-O08,油压,14.4,0,,0,2,416,589.0,1
2024-02-26,M-O09,油压,15.3,0,,0,2,113,638.9,0
2024-02-26,M-D01,双色旋转,16.8,0,,0,2,241,119.0,4
2024-02-26,M-D02,双色旋转,14.4,0,,0,3,331,416.2,3
2024-02-26,M-D03,双色旋转,17.7,0,,0,2,110,589.2,4
2024-02-26,M-T01,两板,18.0,0,,0,1,289,58.9,3
2024-02-26,M-T02,两板,16.3,0,,0.2,2,458,453.9,0
2024-02-26,M-T03,两板,14.6,0,,0,1,273,919.9,0
2024-02-26,M-T04,两板,13.7,0,,0,2,171,1192.2,0
2024-02-27,M-E01,全电动,13.7,0,,0,3,474,31.2,4
2024-02-27,M-E02,全电动,15.2,0,,0,3,126,26.7,1
2024-02-27,M-E03,全电动,16.4,0,,0,3,476,46.6,2
2024-02-27,M-E04,全电动,14.0,0,,0,3,143,32.2,2
2024-02-27,M-E05,全电动,15.6,0,,0,2,588,60.3,2
2024-02-27,M-E06,全电动,14.500000000000002,2.6,加热系统,0,2,599,56.2,0
2024-02-27,M-E07,全电动,17.4,0,,0,2,226,77.1,1
2024-02-27,M-E08,全电动,15.6,0,,0,1,391,71.6,0
2024-02-27,M-E09,全电动,16.4,0,,0,4,301,133.3,2
2024-02-27,M-E10,全电动,14.7,0,,0,3,365,108.4,4
2024-02-27,M-E11,全电动,18.3,0,,0,3,227,171.6,2
2024-02-27,M-E12,全电动,15.2,0,,0,1,501,153.6,1
2024-02-27,M-E13,全电动,15.0,0,,0.2,3,341,146.4,0
2024-02-27,M-O01,油压,18.5,0,,0,1,440,264.8,1
2024-02-27,M-O02,油压,13.8,0,,0,2,575,235.4,4
2024-02-27,M-O03,油压,16.1,0,,0.3,4,167,342.3,0
2024-02-27,M-O04,油压,17.4,0,,0.1,1,156,369.1,4
2024-02-27,M-O05,油压,16.8,0,,0,2,197,383.0,2
2024-02-27,M-O06,油压,15.7,0,,0,1,351,497.8,3
2024-02-27,M-O07,油压,17.4,0,,0,2,593,751.3,3
2024-02-27,M-O08,油压,17.3,0,,0.2,2,372,856.6,2
2024-02-27,M-O09,油压,15.9,0,,0,3,332,890.8,2
2024-02-27,M-D01,双色旋转,17.8,0,,0,2,548,173.0,3
2024-02-27,M-D02,双色旋转,13.2,0,,0.1,1,575,409.6,4
2024-02-27,M-D03,双色旋转,17.9,0,,0,2,97,591.4,2
2024-02-27,M-T01,两板,15.9,0,,0,1,98,46.0,0
2024-02-27,M-T02,两板,15.4,0,,0,2,245,423.4,0
2024-02-27,M-T03,两板,18.7,0,,0,2,265,1196.6,0
2024-02-27,M-T04,两板,14.4,0,,0.3,1,346,900.7,2
2024-02-28,M-E01,全电动,16.2,0,,0,3,193,36.0,1
2024-02-28,M-E02,全电动,17.9,0,,0,2,148,39.8,2
2024-02-28,M-E03,全电动,18.0,0,,0,2,498,53.3,4
2024-02-28,M-E04,全电动,18.2,0,,0,3,426,59.2,4
2024-02-28,M-E05,全电动,18.3,0,,0,2,364,75.7,4
2024-02-28,M-E06,全电动,18.4,0,,0,2,232,66.1,4
2024-02-28,M-E07,全电动,15.6,0,,0,3,391,60.8,0
2024-02-28,M-E08,全电动,17.9,0,,0,1,144,96.0,2
2024-02-28,M-E09,全电动,15.9,0,,0,1,545,132.2,1
2024-02-28,M-E10,全电动,15.8,0,,0.1,3,597,143.7,3
2024-02-28,M-E11,全电动,16.2,0,,0.2,1,95,159.8,0
2024-02-28,M-E12,全电动,16.2,0,,0,3,256,130.7,2
2024-02-28,M-E13,全电动,18.9,0,,0,2,105,202.9,2
2024-02-28,M-O01,油压,14.8,0,,0,1,452,233.8,3
2024-02-28,M-O02,油压,17.4,0,,0,3,509,274.0,3
2024-02-28,M-O03,油压,17.4,0,,0.5,3,563,322.0,0
2024-02-28,M-O04,油压,15.6,0,,0,2,562,329.2,3
2024-02-28,M-O05,油压,17.3,0,,0,1,574,402.6,4
2024-02-28,M-O06,油压,13.2,0,,0,4,81,495.7,3
2024-02-28,M-O07,油压,18.8,0,,0.1,1,391,565.6,0
2024-02-28,M-O08,油压,15.4,0,,0.0,2,418,803.7,3
2024-02-28,M-O09,油压,18.2,0,,0,3,292,851.8,4
2024-02-28,M-D01,双色旋转,15.7,0,,0,1,311,140.9,1
2024-02-28,M-D02,双色旋转,16.8,0,,0,1,91,444.1,2
2024-02-28,M-D03,双色旋转,15.5,0,,0.4,2,339,393.5,2
2024-02-28,M-T01,两板,18.7,0,,0,1,143,56.4,1
2024-02-28,M-T02,两板,17.4,0,,0,2,387,383.7,4
2024-02-28,M-T03,两板,16.9,0,,0,1,388,1124.7,0
2024-02-28,M-T04,两板,16.0,0,,0,1,91,1317.0,3
2024-02-29,M-E01,全电动,17.1,0,,0,2,453,30.2,0
2024-02-29,M-E02,全电动,15.1,0,,0,2,547,32.1,2
2024-02-29,M-E03,全电动,18.9,0,,0,2,384,47.4,0
2024-02-29,M-E04,全电动,14.5,0,,0,1,450,33.3,1
2024-02-29,M-E05,全电动,18.0,0,,0,2,585,57.3,3
2024-02-29,M-E06,全电动,16.8,0,,0,2,434,71.9,0
2024-02-29,M-E07,全电动,18.7,0,,0,2,125,85.5,3
2024-02-29,M-E08,全电动,13.6,0,,0.2,1,193,75.7,1
2024-02-29,M-E09,全电动,14.7,0,,0.3,2,314,91.9,4
2024-02-29,M-E10,全电动,17.1,0,,0.1,3,347,156.6,3
2024-02-29,M-E11,全电动,18.5,0,,0,3,263,175.7,2
2024-02-29,M-E12,全电动,13.5,0,,0,2,517,141.2,0
2024-02-29,M-E13,全电动,13.5,0,,0,1,573,149.4,1
2024-02-29,M-O01,油压,14.0,0,,0,3,422,169.7,1
2024-02-29,M-O02,油压,14.2,0,,0,4,364,190.2,4
2024-02-29,M-O03,油压,17.7,0,,0,1,470,368.1,1
2024-02-29,M-O04,油压,18.1,0,,0.3,3,303,350.1,2
2024-02-29,M-O05,油压,13.2,0,,0,1,323,334.4,3
2024-02-29,M-O06,油压,17.3,0,,0,2,393,623.6,4
2024-02-29,M-O07,油压,15.3,0,,0,3,500,573.2,0
2024-02-29,M-O08,油压,15.4,0,,0,2,241,714.5,4
2024-02-29,M-O09,油压,18.8,0,,0,2,330,1027.5,3
2024-02-29,M-D01,双色旋转,15.5,0,,0,3,91,111.5,4
2024-02-29,M-D02,双色旋转,17.4,0,,0,2,103,649.3,1
2024-02-29,M-D03,双色旋转,13.6,0,,0.3,2,136,459.2,0
2024-02-29,M-T01,两板,15.0,0,,0,3,240,55.3,3
2024-02-29,M-T02,两板,16.7,0,,0,4,443,485.6,2
2024-02-29,M-T03,两板,13.8,0,,0,2,572,866.6,3
2024-02-29,M-T04,两板,18.6,0,,0,3,563,1335.7,3
2024-03-01,M-E01,全电动,16.1,0,,0,2,555,33.1,2
2024-03-01,M-E02,全电动,18.9,0,,0,2,191,37.6,4
2024-03-01,M-E03,全电动,13.6,0,,0,3,566,38.5,0
2024-03-01,M-E04,全电动,17.4,0,,0,3,591,43.3,1
2024-03-01,M-E05,全电动,13.8,0,,0,2,332,43.6,1
2024-03-01,M-E06,全电动,17.5,0,,0,1,523,59.1,1
2024-03-01,M-E07,全电动,18.8,0,,0,3,370,98.9,4
2024-03-01,M-E08,全电动,17.2,0,,0,3,121,94.0,2
2024-03-01,M-E09,全电动,17.3,0,,0,5,232,115.7,2
2024-03-01,M-E10,全电动,15.1,0,,0,1,579,141.4,3
2024-03-01,M-E11,全电动,17.4,0,,0,2,255,149.9,4
2024-03-01,M-E12,全电动,14.3,0,,0,2,152,130.1,2
2024-03-01,M-E13,全电动,17.5,0,,0,3,445,161.7,4
2024-03-01,M-O01,油压,16.6,0,,0,1,163,203.2,4
2024-03-01,M-O02,油压,14.0,0,,0,2,581,258.1,3
2024-03-01,M-O03,油压,18.0,0,,0,1,354,337.2,2
2024-03-01,M-O04,油压,16.7,0,,0,4,471,388.0,3
2024-03-01,M-O05,油压,13.3,0,,0.1,2,586,301.9,2
2024-03-01,M-O06,油压,14.7,0,,0.3,3,342,470.3,1
2024-03-01,M-O07,油压,16.5,0,,0,3,349,745.6,4
2024-03-01,M-O08,油压,16.6,0,,0,1,488,649.9,1
2024-03-01,M-O09,油压,14.7,0,,0,3,209,725.0,2
2024-03-01,M-D01,双色旋转,17.9,0,,0,3,483,189.1,0
2024-03-01,M-D02,双色旋转,17.1,0,,0,3,250,648.1,4
2024-03-01,M-D03,双色旋转,14.7,0,,0,3,343,554.9,1
2024-03-01,M-T01,两板,16.0,0,,0,2,541,40.8,4
2024-03-01,M-T02,两板,14.0,0,,0,4,329,368.3,3
2024-03-01,M-T03,两板,16.8,0,,0,3,351,1093.1,0
2024-03-01,M-T04,两板,13.7,0,,0,1,515,868.1,3
2024-03-02,M-E01,全电动,13.5,0,,0,4,121,21.1,0
2024-03-02,M-E02,全电动,14.7,0,,0,3,102,30.2,1
2024-03-02,M-E03,全电动,17.5,0,,0.5,1,183,42.5,0
2024-03-02,M-E04,全电动,18.9,0,,0,1,178,54.1,3
2024-03-02,M-E05,全电动,16.7,0,,0,3,411,56.2,2
2024-03-02,M-E06,全电动,14.9,0,,0,2,410,58.5,2
2024-03-02,M-E07,全电动,18.0,0,,0.4,1,190,92.4,0
2024-03-02,M-E08,全电动,13.7,0,,0,2,587,88.9,4
2024-03-02,M-E09,全电动,17.5,0,,0,1,422,140.5,1
2024-03-02,M-E10,全电动,14.7,0,,0.1,1,494,93.9,2
2024-03-02,M-E11,全电动,17.3,0,,0,1,240,164.6,0
2024-03-02,M-E12,全电动,15.5,0,,0,4,523,159.7,2
2024-03-02,M-E13,全电动,18.8,0,,0.1,3,404,168.1,0
2024-03-02,M-O01,油压,13.9,0,,0,1,276,234.8,3
2024-03-02,M-O02,油压,14.3,0,,0,2,187,215.2,1
2024-03-02,M-O03,油压,16.2,0,,0,3,599,361.6,0
2024-03-02,M-O04,油压,13.9,0,,0,3,496,319.1,4
2024-03-02,M-O05,油压,16.7,0,,0,2,305,507.7,4
2024-03-02,M-O06,油压,18.6,0,,0,3,91,633.2,1
2024-03-02,M-O07,油压,14.3,0,,0,3,404,651.5,4
2024-03-02,M-O08,油压,15.9,0,,0.3,2,237,841.2,2
2024-03-02,M-O09,油压,14.6,0,,0,3,251,632.3,1
2024-03-02,M-D01,双色旋转,14.6,0,,0,2,433,144.3,0
2024-03-02,M-D02,双色旋转,16.0,0,,0.1,1,324,417.9,4
2024-03-02,M-D03,双色旋转,16.8,0,,0,2,403,590.0,2
2024-03-02,M-T01,两板,16.7,0,,0,1,571,59.0,0
2024-03-02,M-T02,两板,16.1,0,,0,3,284,361.1,1
2024-03-02,M-T03,两板,17.1,0,,0,2,324,891.6,3
2024-03-02,M-T04,两板,17.6,0,,0,4,378,1389.0,0
2024-03-03,M-E01,全电动,15.2,0,,0,2,159,32.8,0
2024-03-03,M-E02,全电动,13.4,0,,0,1,179,23.4,4
2024-03-03,M-E03,全电动,18.9,0,,0.2,1,421,44.3,2
2024-03-03,M-E04,全电动,15.9,0,,0,3,127,46.2,4
2024-03-03,M-E05,全电动,18.8,0,,0,1,325,78.3,2
2024-03-03,M-E06,全电动,18.0,0,,0,3,334,77.6,3
2024-03-03,M-E07,全电动,18.7,0,,0,1,162,103.4,0
2024-03-03,M-E08,全电动,17.1,0,,0,2,354,96.2,0
2024-03-03,M-E09,全电动,15.9,0,,0,3,101,115.1,2
2024-03-03,M-E10,全电动,14.6,0,,0,2,520,113.9,4
2024-03-03,M-E11,全电动,17.9,0,,0,2,515,181.3,4
2024-03-03,M-E12,全电动,13.9,0,,0.4,1,175,139.8,1
2024-03-03,M-E13,全电动,16.4,0,,0,2,327,215.9,2
2024-03-03,M-O01,油压,17.8,0,,0,1,109,294.6,3
2024-03-03,M-O02,油压,15.7,0,,0.2,1,241,199.1,3
2024-03-03,M-O03,油压,17.4,0,,0,2,584,289.3,4
2024-03-03,M-O04,油压,16.0,0,,0,2,565,365.8,1
2024-03-03,M-O05,油压,15.2,0,,0,4,569,448.7,4
2024-03-03,M-O06,油压,18.7,0,,0,1,130,623.3,1
2024-03-03,M-O07,油压,15.1,0,,0,2,87,601.2,3
2024-03-03,M-O08,油压,17.2,0,,0,2,256,900.5,1
2024-03-03,M-O09,油压,13.2,0,,0,1,439,635.9,0
2024-03-03,M-D01,双色旋转,15.6,0,,0,1,271,125.5,3
2024-03-03,M-D02,双色旋转,16.4,0,,0,2,428,502.9,3
2024-03-03,M-D03,双色旋转,18.5,0,,0,2,563,540.4,4
2024-03-03,M-T01,两板,14.900000000000002,3.7,电气故障,0,2,398,56.5,4
2024-03-03,M-T02,两板,18.1,0,,0,1,114,508.2,1
2024-03-03,M-T03,两板,15.4,0,,0,3,482,708.4,3
2024-03-03,M-T04,两板,15.0,0,,0.0,2,80,989.4,4
2024-03-04,M-E01,全电动,14.6,0,,0,4,128,24.8,1
2024-03-04,M-E02,全电动,16.1,0,,0,3,487,33.9,2
2024-03-04,M-E03,全电动,16.5,0,,0,4,147,38.0,3
2024-03-04,M-E04,全电动,17.0,0,,0,3,250,43.6,1
2024-03-04,M-E05,全电动,17.4,0,,0,2,320,61.3,4
2024-03-04,M-E06,全电动,17.3,0,,0,3,580,60.5,0
2024-03-04,M-E07,全电动,14.5,0,,0,2,201,75.5,4
2024-03-04,M-E08,全电动,13.0,0,,0,1,240,86.5,1
2024-03-04,M-E09,全电动,16.2,0,,0,2,290,132.6,4
2024-03-04,M-E10,全电动,17.6,0,,0,1,405,153.3,4
2024-03-04,M-E11,全电动,13.4,0,,0,2,289,93.9,4
2024-03-04,M-E12,全电动,18.9,0,,0,2,565,170.1,4
2024-03-04,M-E13,全电动,16.6,0,,0,3,116,216.7,3
2024-03-04,M-O01,油压,13.9,0,,0,3,88,199.2,1
2024-03-04,M-O02,油压,15.1,0,,0.2,2,581,223.2,2
2024-03-04,M-O03,油压,16.3,0,,0,1,311,273.3,1
2024-03-04,M-O04,油压,15.5,0,,0,3,180,441.1,0
2024-03-04,M-O05,油压,14.0,0,,0,2,346,328.2,3
2024-03-04,M-O06,油压,11.600000000000001,2.3,模具问题,0,3,107,430.3,2
2024-03-04,M-O07,油压,18.6,0,,0.4,2,299,620.7,2
2024-03-04,M-O08,油压,14.4,0,,0,3,305,557.2,1
2024-03-04,M-O09,油压,16.1,0,,0,1,196,879.0,0
2024-03-04,M-D01,双色旋转,13.6,0,,0,2,153,141.8,2
2024-03-04,M-D02,双色旋转,17.5,0,,0,2,276,601.7,0
2024-03-04,M-D03,双色旋转,16.0,0,,0,1,133,469.6,2
2024-03-04,M-T01,两板,15.0,0,,0,2,517,57.0,1
2024-03-04,M-T02,两板,16.1,0,,0,2,559,484.9,4
2024-03-04,M-T03,两板,18.1,0,,0,2,592,1102.9,1
2024-03-04,M-T04,两板,13.0,0,,0,1,414,1089.5,1
2024-03-05,M-E01,全电动,14.2,0,,0,2,550,31.4,4
2024-03-05,M-E02,全电动,14.0,0,,0,1,549,30.6,2
2024-03-05,M-E03,全电动,14.3,0,,0,3,182,40.7,3
2024-03-05,M-E04,全电动,13.4,0,,0,1,270,38.5,4
2024-03-05,M-E05,全电动,17.5,0,,0.3,3,572,77.8,2
2024-03-05,M-E06,全电动,15.1,0,,0.4,2,472,48.4,1
2024-03-05,M-E07,全电动,16.3,0,,0,2,482,62.1,2
2024-03-05,M-E08,全电动,15.9,0,,0,2,449,80.8,2
2024-03-05,M-E09,全电动,15.7,0,,0.4,1,525,116.2,0
2024-03-05,M-E10,全电动,16.7,0,,0,3,126,145.8,3
2024-03-05,M-E11,全电动,15.5,0,,0.3,2,443,128.2,0
2024-03-05,M-E12,全电动,18.8,0,,0,2,218,195.6,2
2024-03-05,M-E13,全电动,14.2,0,,0.3,3,149,174.6,0
2024-03-05,M-O01,油压,16.1,0,,0,2,165,251.3,3
2024-03-05,M-O02,油压,17.2,0,,0,3,246,277.4,3
2024-03-05,M-O03,油压,13.2,0,,0.4,1,134,269.5,0
2024-03-05,M-O04,油压,14.6,0,,0,2,158,349.1,2
2024-03-05,M-O05,油压,17.6,0,,0,3,422,466.7,0
2024-03-05,M-O06,油压,18.1,0,,0,3,262,585.5,4
2024-03-05,M-O07,油压,13.8,0,,0,1,546,589.8,1
2024-03-05,M-O08,油压,15.9,0,,0,1,496,826.6,4
2024-03-05,M-O09,油压,14.9,0,,0,2,174,694.8,4
2024-03-05,M-D01,双色旋转,14.6,0,,0,2,348,103.2,4
2024-03-05,M-D02,双色旋转,18.9,0,,0,3,203,500.9,0
2024-03-05,M-D03,双色旋转,17.4,0,,0,1,225,504.1,0
2024-03-05,M-T01,两板,13.9,0,,0,2,173,52.7,1
2024-03-05,M-T02,两板,16.9,0,,0,3,142,490.8,3
2024-03-05,M-T03,两板,15.0,0,,0,2,332,915.2,2
2024-03-05,M-T04,两板,17.6,0,,0.5,2,555,1246.6,4
2024-03-06,M-E01,全电动,15.0,0,,0,2,484,24.5,1
2024-03-06,M-E02,全电动,17.2,0,,0,1,567,26.1,4
2024-03-06,M-E03,全电动,13.4,0,,0,1,337,36.8,3
2024-03-06,M-E04,全电动,16.6,0,,0,1,587,52.4,3
2024-03-06,M-E05,全电动,17.8,0,,0,1,513,64.8,1
2024-03-06,M-E06,全电动,16.4,0,,0,1,452,55.4,4
2024-03-06,M-E07,全电动,16.4,0,,0,4,380,88.1,2
2024-03-06,M-E08,全电动,14.9,0,,0.3,3,280,100.9,1
2024-03-06,M-E09,全电动,18.8,0,,0.5,3,571,127.1,2
2024-03-06,M-E10,全电动,18.2,0,,0.1,1,565,165.3,2
2024-03-06,M-E11,全电动,16.7,0,,0,3,492,146.7,1
2024-03-06,M-E12,全电动,15.5,0,,0,3,325,160.9,4
2024-03-06,M-E13,全电动,17.6,0,,0,2,473,166.6,3
2024-03-06,M-O01,油压,18.0,0,,0.0,1,348,293.4,3
2024-03-06,M-O02,油压,18.5,0,,0,3,560,320.7,4
2024-03-06,M-O03,油压,18.0,0,,0.1,2,357,384.4,1
2024-03-06,M-O04,油压,15.4,0,,0,2,388,302.8,0
2024-03-06,M-O05,油压,14.8,0,,0,4,184,438.1,1
2024-03-06,M-O06,油压,16.9,0,,0,1,364,625.3,2
2024-03-06,M-O07,油压,16.5,0,,0,2,296,653.8,3
2024-03-06,M-O08,油压,13.3,0,,0,4,214,576.0,2
2024-03-06,M-O09,油压,13.6,0,,0,3,136,756.4,2
2024-03-06,M-D01,双色旋转,18.2,0,,0,3,235,154.2,2
2024-03-06,M-D02,双色旋转,16.6,0,,0,2,350,421.9,4
2024-03-06,M-D03,双色旋转,16.0,0,,0.5,1,360,407.3,0
2024-03-06,M-T01,两板,14.9,0,,0,4,331,54.9,3
2024-03-06,M-T02,两板,15.2,0,,0,2,324,429.9,1
2024-03-06,M-T03,两板,14.8,0,,0,2,418,976.0,2
2024-03-06,M-T04,两板,13.7,0,,0.2,1,497,1074.8,0
2024-03-07,M-E01,全电动,14.5,0,,0,2,349,27.5,1
2024-03-07,M-E02,全电动,15.6,0,,0.4,3,131,31.1,0
2024-03-07,M-E03,全电动,14.6,0,,0,1,533,44.6,3
2024-03-07,M-E04,全电动,15.2,0,,0,1,521,37.0,3
2024-03-07,M-E05,全电动,18.4,0,,0,4,457,59.8,3
2024-03-07,M-E06,全电动,16.5,0,,0,3,149,71.2,0
2024-03-07,M-E07,全电动,17.8,0,,0,2,375,84.2,1
2024-03-07,M-E08,全电动,16.4,0,,0.3,2,439,107.1,2
2024-03-07,M-E09,全电动,14.5,0,,0,1,169,117.9,4
2024-03-07,M-E10,全电动,14.4,0,,0,3,316,117.7,1
2024-03-07,M-E11,全电动,15.0,0,,0,1,344,119.4,4
2024-03-07,M-E12,全电动,17.5,0,,0.2,3,373,199.0,3
2024-03-07,M-E13,全电动,17.2,0,,0,2,590,225.8,1
2024-03-07,M-O01,油压,13.4,0,,0,3,594,163.7,4
2024-03-07,M-O02,油压,17.0,0,,0,1,248,223.2,4
2024-03-07,M-O03,油压,17.9,0,,0,1,532,280.9,4
2024-03-07,M-O04,油压,18.1,0,,0,2,377,398.0,4
2024-03-07,M-O05,油压,18.4,0,,0,1,445,580.5,0
2024-03-07,M-O06,油压,15.0,0,,0,3,566,569.4,3
2024-03-07,M-O07,油压,18.8,0,,0,2,146,799.4,1
2024-03-07,M-O08,油压,16.4,0,,0,1,528,729.5,1
2024-03-07,M-O09,油压,18.9,0,,0,1,497,846.3,2
2024-03-07,M-D01,双色旋转,14.4,0,,0,3,579,150.7,1
2024-03-07,M-D02,双色旋转,13.5,0,,0,2,563,424.7,0
2024-03-07,M-D03,双色旋转,16.5,0,,0,1,169,487.0,1
2024-03-07,M-T01,两板,18.4,0,,0,3,586,66.3,4
2024-03-07,M-T02,两板,17.9,0,,0,2,185,369.6,3
2024-03-07,M-T03,两板,18.5,0,,0,1,261,1090.3,4
2024-03-07,M-T04,两板,15.8,0,,0.2,1,280,1016.5,2
2024-03-08,M-E01,全电动,14.9,0,,0,2,593,32.7,0
2024-03-08,M-E02,全电动,17.7,0,,0,3,195,30.9,4
2024-03-08,M-E03,全电动,14.4,0,,0,2,144,42.6,0
2024-03-08,M-E04,全电动,17.1,0,,0.2,7,594,45.1,3
2024-03-08,M-E05,全电动,17.3,0,,0,3,318,64.3,4
2024-03-08,M-E06,全电动,18.2,0,,0,4,84,80.5,3
2024-03-08,M-E07,全电动,14.5,1.3,液压系统,0,3,428,71.7,4
2024-03-08,M-E08,全电动,18.5,0,,0,2,300,85.8,3
2024-03-08,M-E09,全电动,14.9,0,,0,3,356,122.9,1
2024-03-08,M-E10,全电动,15.2,0,,0,2,400,142.6,4
2024-03-08,M-E11,全电动,14.0,0,,0,3,362,113.6,4
2024-03-08,M-E12,全电动,15.9,0,,0,1,98,129.4,0
2024-03-08,M-E13,全电动,14.1,0,,0,1,564,139.7,3
2024-03-08,M-O01,油压,14.4,0,,0,1,116,238.2,4
2024-03-08,M-O02,油压,16.3,0,,0,1,599,255.1,0
2024-03-08,M-O03,油压,13.8,0,,0,3,202,250.4,4
2024-03-08,M-O04,油压,17.0,0,,0,1,355,397.4,0
2024-03-08,M-O05,油压,18.7,0,,0,2,192,401.3,0
2024-03-08,M-O06,油压,14.1,0,,0,2,98,362.8,3
2024-03-08,M-O07,油压,18.5,0,,0,2,434,657.3,1
2024-03-08,M-O08,油压,17.1,0,,0,3,329,657.9,1
2024-03-08,M-O09,油压,13.8,0,,0.1,1,518,790.5,1
2024-03-08,M-D01,双色旋转,14.3,0,,0,2,391,114.5,0
2024-03-08,M-D02,双色旋转,15.0,0,,0,1,84,403.6,3
2024-03-08,M-D03,双色旋转,17.3,0,,0,2,172,624.0,2
2024-03-08,M-T01,两板,17.4,0,,0,1,397,48.7,1
2024-03-08,M-T02,两板,18.3,0,,0,2,87,378.0,4
2024-03-08,M-T03,两板,18.9,0,,0,3,136,1257.0,2
2024-03-08,M-T04,两板,13.0,0,,0,1,448,1079.1,0
2024-03-09,M-E01,全电动,13.9,0,,0,2,533,25.2,3
2024-03-09,M-E02,全电动,13.8,0,,0,5,306,24.6,2
2024-03-09,M-E03,全电动,15.3,0,,0.3,4,263,46.9,0
2024-03-09,M-E04,全电动,17.0,0,,0,2,457,58.1,3
2024-03-09,M-E05,全电动,16.7,0,,0,4,572,58.3,4
2024-03-09,M-E06,全电动,16.4,0,,0,2,109,51.4,3
2024-03-09,M-E07,全电动,13.5,0,,0,4,594,74.5,1
2024-03-09,M-E08,全电动,18.6,0,,0,2,209,119.6,1
2024-03-09,M-E09,全电动,13.8,0,,0.0,2,306,103.2,4
2024-03-09,M-E10,全电动,15.2,0,,0,4,343,103.3,0
2024-03-09,M-E11,全电动,16.3,0,,0,1,345,115.4,3
2024-03-09,M-E12,全电动,14.9,0,,0,2,143,122.1,3
2024-03-09,M-E13,全电动,18.4,0,,0,2,126,212.4,3
2024-03-09,M-O01,油压,14.9,0,,0,2,314,196.6,2
2024-03-09,M-O02,油压,14.0,0,,0,2,220,246.6,1
2024-03-09,M-O03,油压,16.2,0,,0,2,301,301.1,1
2024-03-09,M-O04,油压,13.6,0,,0.5,2,507,268.3,0
2024-03-09,M-O05,油压,16.8,0,,0,2,588,479.8,1
2024-03-09,M-O06,油压,16.8,0,,0,2,370,636.7,4
2024-03-09,M-O07,油压,14.1,0,,0,2,184,512.6,2
2024-03-09,M-O08,油压,17.5,0,,0,3,118,853.3,2
2024-03-09,M-O09,油压,14.6,0,,0,1,194,784.9,3
2024-03-09,M-D01,双色旋转,14.5,0,,0,1,154,110.9,1
2024-03-09,M-D02,双色旋转,15.0,0,,0,2,294,547.2,0
2024-03-09,M-D03,双色旋转,14.2,0,,0.1,1,578,484.7,0
2024-03-09,M-T01,两板,15.2,0,,0,2,544,54.1,3
2024-03-09,M-T02,两板,19.0,0,,0.4,2,280,540.8,1
2024-03-09,M-T03,两板,18.7,0,,0,3,489,1005.5,0
2024-03-09,M-T04,两板,13.4,0,,0,2,82,891.5,4
2024-03-10,M-E01,全电动,13.4,0,,0,1,517,25.3,0
2024-03-10,M-E02,全电动,16.7,0,,0,2,481,32.2,1
2024-03-10,M-E03,全电动,18.0,0,,0,2,446,57.2,2
2024-03-10,M-E04,全电动,14.5,0,,0,4,87,35.9,1
2024-03-10,M-E05,全电动,15.2,0,,0,1,311,48.8,2
2024-03-10,M-E06,全电动,14.0,0,,0,1,540,43.6,1
2024-03-10,M-E07,全电动,15.8,0,,0,2,507,84.1,4
2024-03-10,M-E08,全电动,16.4,0,,0.5,3,461,86.1,1
2024-03-10,M-E09,全电动,15.4,0,,0.5,1,255,93.5,0
2024-03-10,M-E10,全电动,14.8,0,,0,2,406,106.4,4
2024-03-10,M-E11,全电动,15.5,0,,0,3,595,141.1,4
2024-03-10,M-E12,全电动,13.7,0,,0,4,414,120.0,1
2024-03-10,M-E13,全电动,18.7,0,,0,1,174,193.3,4
2024-03-10,M-O01,油压,15.9,0,,0,3,377,243.6,3
2024-03-10,M-O02,油压,18.0,0,,0,1,142,303.9,3
2024-03-10,M-O03,油压,12.899999999999999,1.8,加热系统,0,1,319,263.9,4
2024-03-10,M-O04,油压,16.1,0,,0,1,433,455.7,0
2024-03-10,M-O05,油压,15.7,0,,0,2,506,423.3,2
2024-03-10,M-O06,油压,14.2,0,,0,1,213,456.3,2
2024-03-10,M-O07,油压,13.6,0,,0,2,119,529.4,2
2024-03-10,M-O08,油压,15.6,0,,0,2,377,645.1,4
2024-03-10,M-O09,油压,18.4,0,,0,1,533,1084.1,3
2024-03-10,M-D01,双色旋转,17.3,0,,0,1,269,159.8,3
2024-03-10,M-D02,双色旋转,16.4,0,,0,3,516,459.1,4
2024-03-10,M-D03,双色旋转,18.5,0,,0,3,419,554.4,3
2024-03-10,M-T01,两板,13.2,0,,0,2,543,42.3,4
2024-03-10,M-T02,两板,17.0,0,,0,1,119,361.9,1
2024-03-10,M-T03,两板,17.3,0,,0,1,519,847.5,1
2024-03-10,M-T04,两板,15.1,0,,0,2,570,1143.3,3
2024-03-11,M-E01,全电动,13.3,0,,0.3,2,122,25.2,3
2024-03-11,M-E02,全电动,14.4,0,,0,2,580,27.5,3
2024-03-11,M-E03,全电动,15.4,0,,0,4,432,34.8,4
2024-03-11,M-E04,全电动,18.3,0,,0,2,134,46.5,0
2024-03-11,M-E05,全电动,16.1,0,,0,2,159,60.0,2
2024-03-11,M-E06,全电动,14.0,0,,0.4,2,538,55.5,4
2024-03-11,M-E07,全电动,17.2,0,,0,3,438,65.7,2
2024-03-11,M-E08,全电动,16.6,0,,0,2,410,95.8,4
2024-03-11,M-E09,全电动,14.7,0,,0,3,93,91.0,2
2024-03-11,M-E10,全电动,16.8,0,,0.3,2,346,105.7,4
2024-03-11,M-E11,全电动,16.0,0,,0,2,100,163.4,2
2024-03-11,M-E12,全电动,14.1,0,,0,1,238,158.8,3
2024-03-11,M-E13,全电动,17.2,0,,0.5,2,423,152.8,3
2024-03-11,M-O01,油压,17.7,0,,0,2,311,262.9,1
2024-03-11,M-O02,油压,16.2,0,,0,3,120,247.1,4
2024-03-11,M-O03,油压,15.3,0,,0,2,361,257.6,2
2024-03-11,M-O04,油压,18.8,0,,0,2,218,457.4,0
2024-03-11,M-O05,油压,13.1,0,,0,4,460,396.9,2
2024-03-11,M-O06,油压,13.5,0,,0,2,322,495.6,2
2024-03-11,M-O07,油压,17.0,0,,0,3,192,618.4,2
2024-03-11,M-O08,油压,14.0,0,,0,1,258,512.3,3
2024-03-11,M-O09,油压,15.5,0,,0,1,323,824.6,1
2024-03-11,M-D01,双色旋转,16.4,0,,0,3,498,141.9,4
2024-03-11,M-D02,双色旋转,13.3,0,,0,2,191,474.6,1
2024-03-11,M-D03,双色旋转,16.9,0,,0,2,115,560.9,3
2024-03-11,M-T01,两板,13.6,0,,0.4,1,232,45.3,1
2024-03-11,M-T02,两板,17.7,0,,0,3,262,418.8,0
2024-03-11,M-T03,两板,18.8,0,,0,3,525,1036.2,4
2024-03-11,M-T04,两板,17.2,0,,0,2,238,1604.5,0
2024-03-12,M-E01,全电动,16.5,0,,0,1,471,32.2,0
2024-03-12,M-E02,全电动,18.0,0,,0.4,3,467,33.2,4
2024-03-12,M-E03,全电动,16.9,0,,0,3,384,48.4,3
2024-03-12,M-E04,全电动,15.7,0,,0,2,305,42.9,0
2024-03-12,M-E05,全电动,14.5,0,,0,2,477,45.2,2
2024-03-12,M-E06,全电动,14.6,0,,0,2,495,44.9,0
2024-03-12,M-E07,全电动,14.1,0,,0,2,186,60.0,3
2024-03-12,M-E08,全电动,14.4,0,,0,3,216,76.5,0
2024-03-12,M-E09,全电动,15.3,0,,0,2,594,89.6,3
2024-03-12,M-E10,全电动,13.9,0,,0,2,247,125.8,1
2024-03-12,M-E11,全电动,13.8,0,,0,4,171,132.1,4
2024-03-12,M-E12,全电动,14.9,0,,0,2,200,145.2,0
2024-03-12,M-E13,全电动,18.3,0,,0,2,146,161.4,1
2024-03-12,M-O01,油压,16.1,0,,0,2,450,223.0,3
2024-03-12,M-O02,油压,16.6,0,,0,2,511,283.5,1
2024-03-12,M-O03,油压,13.7,0,,0,2,457,285.6,1
2024-03-12,M-O04,油压,18.2,0,,0,2,316,431.1,3
2024-03-12,M-O05,油压,13.9,0,,0,2,206,374.1,2
2024-03-12,M-O06,油压,17.2,0,,0,2,413,652.8,0
2024-03-12,M-O07,油压,17.7,0,,0,2,133,648.5,0
2024-03-12,M-O08,油压,16.3,0,,0.4,3,169,709.0,2
2024-03-12,M-O09,油压,16.8,0,,0,3,398,839.8,1
2024-03-12,M-D01,双色旋转,13.1,0,,0,2,207,118.6,0
2024-03-12,M-D02,双色旋转,16.4,0,,0,3,274,598.1,3
2024-03-12,M-D03,双色旋转,17.7,0,,0,2,151,444.7,2
2024-03-12,M-T01,两板,15.9,0,,0.5,1,465,46.0,1
2024-03-12,M-T02,两板,16.5,0,,0,2,377,409.2,1
2024-03-12,M-T03,两板,14.8,0,,0,1,310,795.7,2
2024-03-12,M-T04,两板,17.2,0,,0,1,136,1352.0,1
2024-03-13,M-E01,全电动,18.0,0,,0,2,483,33.3,3
2024-03-13,M-E02,全电动,17.0,0,,0,2,347,25.7,2
2024-03-13,M-E03,全电动,13.4,0,,0,1,91,41.1,4
2024-03-13,M-E04,全电动,17.9,0,,0,2,530,45.2,3
2024-03-13,M-E05,全电动,18.4,0,,0,3,465,56.9,2
2024-03-13,M-E06,全电动,14.2,0,,0,1,532,51.6,3
2024-03-13,M-E07,全电动,18.5,0,,0,2,115,91.5,4
2024-03-13,M-E08,全电动,17.1,0,,0.2,2,101,103.9,0
2024-03-13,M-E09,全电动,13.8,0,,0.5,2,533,98.2,4
2024-03-13,M-E10,全电动,13.3,0,,0.4,1,174,86.1,2
2024-03-13,M-E11,全电动,17.3,0,,0.2,4,432,153.0,3
2024-03-13,M-E12,全电动,18.3,0,,0,2,518,198.6,0
2024-03-13,M-E13,全电动,18.8,0,,0.1,2,297,173.7,3
2024-03-13,M-O01,油压,15.8,0,,0,2,121,240.9,1
2024-03-13,M-O02,油压,13.5,0,,0.4,2,324,229.0,4
2024-03-13,M-O03,油压,15.4,0,,0,3,522,246.6,4
2024-03-13,M-O04,油压,17.7,0,,0,2,140,449.7,4
2024-03-13,M-O05,油压,17.7,0,,0.2,1,90,389.2,0
2024-03-13,M-O06,油压,16.2,0,,0,2,292,519.7,4
2024-03-13,M-O07,油压,16.3,0,,0,2,264,550.3,4
2024-03-13,M-O08,油压,15.5,0,,0,3,494,558.5,0
2024-03-13,M-O09,油压,17.3,0,,0.0,2,328,971.9,4
2024-03-13,M-D01,双色旋转,13.9,0,,0,1,146,112.4,1
2024-03-13,M-D02,双色旋转,13.6,0,,0,2,137,367.5,3
2024-03-13,M-D03,双色旋转,15.5,0,,0,1,93,403.8,4
2024-03-13,M-T01,两板,16.1,0,,0,1,274,56.2,2
2024-03-13,M-T02,两板,15.1,0,,0,2,238,401.7,2
2024-03-13,M-T03,两板,17.2,0,,0.1,2,136,877.9,3
2024-03-13,M-T04,两板,17.5,0,,0,1,468,1401.8,3
2024-03-14,M-E01,全电动,15.8,0,,0,3,350,25.6,0
2024-03-14,M-E02,全电动,14.1,0,,0,1,387,25.5,1
2024-03-14,M-E03,全电动,15.3,0,,0,3,529,44.8,1
2024-03-14,M-E04,全电动,17.2,0,,0,1,376,53.3,1
2024-03-14,M-E05,全电动,17.2,0,,0.1,3,251,66.3,0
2024-03-14,M-E06,全电动,16.3,0,,0,1,169,70.9,1
2024-03-14,M-E07,全电动,14.1,0,,0.1,4,492,78.0,3
2024-03-14,M-E08,全电动,17.9,0,,0,2,541,98.6,2
2024-03-14,M-E09,全电动,17.0,0,,0,3,172,137.3,3
2024-03-14,M-E10,全电动,16.3,0,,0,1,150,107.8,1
2024-03-14,M-E11,全电动,13.9,0,,0,2,370,119.8,1
2024-03-14,M-E12,全电动,13.8,0,,0.3,1,167,110.7,0
2024-03-14,M-E13,全电动,18.5,0,,0,2,178,188.0,3
2024-03-14,M-O01,油压,15.6,0,,0,2,465,185.8,4
2024-03-14,M-O02,油压,16.4,0,,0,2,169,238.4,0
2024-03-14,M-O03,油压,16.6,0,,0,2,171,284.9,0
2024-03-14,M-O04,油压,13.7,0,,0,2,474,317.3,2
2024-03-14,M-O05,油压,14.0,0,,0,1,107,365.3,1
2024-03-14,M-O06,油压,14.5,0,,0,2,118,497.5,0
2024-03-14,M-O07,油压,15.0,0,,0.1,3,384,533.4,1
2024-03-14,M-O08,油压,15.3,0,,0,2,266,645.6,3
2024-03-14,M-O09,油压,18.3,0,,0,3,469,1031.0,4
2024-03-14,M-D01,双色旋转,18.8,0,,0.1,2,351,181.1,4
2024-03-14,M-D02,双色旋转,15.6,0,,0,1,228,423.5,2
2024-03-14,M-D03,双色旋转,16.7,0,,0,3,462,570.0,0
2024-03-14,M-T01,两板,14.4,0,,0,2,166,50.6,3
2024-03-14,M-T02,两板,16.1,0,,0,1,533,485.0,2
2024-03-14,M-T03,两板,18.2,0,,0,2,204,901.7,0
2024-03-14,M-T04,两板,17.3,0,,0,1,456,1532.7,0
2024-03-15,M-E01,全电动,15.7,0.5,电气故障,0,2,576,34.1,4
2024-03-15,M-E02,全电动,14.9,0,,0,4,300,30.0,0
2024-03-15,M-E03,全电动,13.9,0,,0,1,418,38.9,3
2024-03-15,M-E04,全电动,13.4,0,,0,2,448,32.3,0
2024-03-15,M-E05,全电动,13.2,0,,0.4,3,384,45.9,2
2024-03-15,M-E06,全电动,15.9,0,,0.1,1,196,59.9,1
2024-03-15,M-E07,全电动,18.2,0,,0.3,4,249,99.0,4
2024-03-15,M-E08,全电动,16.8,0,,0,2,130,92.7,3
2024-03-15,M-E09,全电动,14.1,0,,0,4,188,101.4,1
2024-03-15,M-E10,全电动,16.9,0,,0,3,123,123.2,2
2024-03-15,M-E11,全电动,15.1,0,,0,2,466,145.4,4
2024-03-15,M-E12,全电动,18.8,0,,0.3,2,549,175.4,3
2024-03-15,M-E13,全电动,13.3,0,,0,1,301,151.4,4
2024-03-15,M-O01,油压,16.8,0,,0,2,499,219.0,4
2024-03-15,M-O02,油压,15.0,0,,0,1,291,274.2,4
2024-03-15,M-O03,油压,14.4,0,,0,1,107,288.6,2
2024-03-15,M-O04,油压,18.3,0,,0.2,4,568,500.8,3
2024-03-15,M-O05,油压,11.2,1.9,液压系统,0,2,409,257.1,2
2024-03-15,M-O06,油压,13.3,0,,0,2,559,343.5,0
2024-03-15,M-O07,油压,16.5,0,,0,1,332,579.9,3
2024-03-15,M-O08,油压,13.3,0,,0,2,460,671.2,1
2024-03-15,M-O09,油压,17.7,0,,0,2,328,735.6,3
2024-03-15,M-D01,双色旋转,16.5,0,,0,2,400,141.8,0
2024-03-15,M-D02,双色旋转,16.2,0,,0.4,2,334,534.4,0
2024-03-15,M-D03,双色旋转,15.9,0,,0,2,262,470.3,4
2024-03-15,M-T01,两板,13.4,0,,0,1,316,38.5,1
2024-03-15,M-T02,两板,16.5,0,,0,3,242,491.3,0
2024-03-15,M-T03,两板,15.0,0,,0,1,407,908.4,2
2024-03-15,M-T04,两板,15.3,0,,0,2,380,1365.4,3
2024-03-16,M-E01,全电动,17.4,0,,0,3,524,35.4,2
2024-03-16,M-E02,全电动,15.8,0,,0,4,565,27.3,2
2024-03-16,M-E03,全电动,19.0,0,,0.2,1,512,55.5,0
2024-03-16,M-E04,全电动,15.2,0,,0,3,441,47.0,3
2024-03-16,M-E05,全电动,16.2,0,,0,3,161,51.3,1
2024-03-16,M-E06,全电动,14.8,0,,0,4,145,64.7,2
2024-03-16,M-E07,全电动,19.0,0,,0,2,264,100.2,4
2024-03-16,M-E08,全电动,16.7,0,,0,1,206,102.3,3
2024-03-16,M-E09,全电动,14.6,0,,0,2,583,112.9,4
2024-03-16,M-E10,全电动,17.2,0,,0,3,89,127.4,3
2024-03-16,M-E11,全电动,13.8,0,,0.4,3,181,144.6,4
2024-03-16,M-E12,全电动,14.8,0,,0,2,573,151.6,2
2024-03-16,M-E13,全电动,13.3,0,,0.1,3,125,161.3,3
2024-03-16,M-O01,油压,17.9,0,,0,2,352,274.8,1
2024-03-16,M-O02,油压,15.3,0,,0,1,258,223.3,3
2024-03-16,M-O03,油压,16.9,0,,0.5,1,201,325.8,0
2024-03-16,M-O04,油压,18.8,0,,0,2,120,355.4,4
2024-03-16,M-O05,油压,16.2,0,,0,1,329,369.0,4
2024-03-16,M-O06,油压,17.5,0,,0,3,572,492.3,1
2024-03-16,M-O07,油压,18.8,0,,0,5,576,687.6,3
2024-03-16,M-O08,油压,15.4,0,,0,2,151,801.2,1
2024-03-16,M-O09,油压,13.9,0,,0,1,120,604.8,4
2024-03-16,M-D01,双色旋转,14.8,0,,0,5,381,118.5,0
2024-03-16,M-D02,双色旋转,14.7,0,,0.3,4,113,396.8,1
2024-03-16,M-D03,双色旋转,18.5,0,,0,1,202,629.4,4
2024-03-16,M-T01,两板,16.0,0,,0.3,3,141,55.3,2
2024-03-16,M-T02,两板,14.9,0,,0,3,438,401.0,4
2024-03-16,M-T03,两板,15.7,0,,0,1,116,863.3,1
2024-03-16,M-T04,两板,16.7,0,,0.3,2,348,1526.8,4
2024-03-17,M-E01,全电动,17.0,0,,0,2,336,31.3,3
2024-03-17,M-E02,全电动,14.9,0,,0.0,2,122,25.9,4
2024-03-17,M-E03,全电动,14.9,0,,0,3,424,38.5,0
2024-03-17,M-E04,全电动,15.4,0,,0,3,163,50.2,2
2024-03-17,M-E05,全电动,14.9,0,,0,1,390,49.1,2
2024-03-17,M-E06,全电动,17.7,0,,0,4,243,58.5,4
2024-03-17,M-E07,全电动,15.2,0,,0,2,466,72.8,0
2024-03-17,M-E08,全电动,18.7,0,,0,2,160,84.3,4
2024-03-17,M-E09,全电动,14.5,0,,0,1,120,114.1,0
2024-03-17,M-E10,全电动,17.6,0,,0,3,417,118.3,3
2024-03-17,M-E11,全电动,15.0,0,,0.1,2,411,110.0,2
2024-03-17,M-E12,全电动,14.2,0,,0,3,146,162.7,0
2024-03-17,M-E13,全电动,14.9,0,,0,2,386,148.1,0
2024-03-17,M-O01,油压,17.1,0,,0,3,229,206.8,1
2024-03-17,M-O02,油压,13.8,0,,0,3,131,234.0,0
2024-03-17,M-O03,油压,16.2,0,,0,3,568,335.9,2
2024-03-17,M-O04,油压,16.5,0,,0,2,411,346.1,1
2024-03-17,M-O05,油压,14.8,0,,0,2,319,339.3,0
2024-03-17,M-O06,油压,13.3,0,,0,3,516,352.9,3
2024-03-17,M-O07,油压,14.7,0,,0,1,269,606.0,4
2024-03-17,M-O08,油压,14.8,0,,0,2,233,762.5,4
2024-03-17,M-O09,油压,18.3,0,,0.3,1,208,1109.3,3
2024-03-17,M-D01,双色旋转,13.4,0,,0,1,142,113.8,1
2024-03-17,M-D02,双色旋转,14.8,0,,0,1,228,558.7,1
2024-03-17,M-D03,双色旋转,18.0,0,,0.3,3,514,639.3,4
2024-03-17,M-T01,两板,13.8,0,,0,1,466,43.1,3
2024-03-17,M-T02,两板,16.1,0,,0.2,3,555,370.0,3
2024-03-17,M-T03,两板,15.2,0,,0,1,502,880.3,4
2024-03-17,M-T04,两板,15.9,0,,0,2,511,1488.3,4
2024-03-18,M-E01,全电动,15.2,0,,0,4,213,27.4,1
2024-03-18,M-E02,全电动,17.5,0,,0,2,317,36.4,0
2024-03-18,M-E03,全电动,14.0,0,,0.0,1,109,37.3,3
2024-03-18,M-E04,全电动,14.7,0,,0.3,3,233,46.7,1
2024-03-18,M-E05,全电动,17.8,0,,0.2,2,415,80.7,1
2024-03-18,M-E06,全电动,15.2,0,,0,2,460,48.9,4
2024-03-18,M-E07,全电动,18.2,0,,0,1,90,81.9,3
2024-03-18,M-E08,全电动,13.8,0,,0,1,274,68.1,2
2024-03-18,M-E09,全电动,13.8,0,,0,2,365,110.3,1
2024-03-18,M-E10,全电动,15.5,0,,0,2,121,134.5,4
2024-03-18,M-E11,全电动,15.6,1.1,模具问题,0,2,384,110.0,2
2024-03-18,M-E12,全电动,15.8,0,,0,2,171,191.1,2
2024-03-18,M-E13,全电动,18.0,0,,0,3,200,225.5,1
2024-03-18,M-O01,油压,14.4,0,,0,1,347,199.6,1
2024-03-18,M-O02,油压,18.3,0,,0,4,350,304.7,3
2024-03-18,M-O03,油压,15.5,0,,0,1,129,243.1,2
2024-03-18,M-O04,油压,16.6,0,,0,1,202,332.1,0
2024-03-18,M-O05,油压,13.6,0,,0,1,531,302.9,1
2024-03-18,M-O06,油压,18.2,0,,0,2,190,468.5,2
2024-03-18,M-O07,油压,16.9,0,,0.0,2,234,719.8,2
2024-03-18,M-O08,油压,13.4,0,,0,4,172,534.6,3
2024-03-18,M-O09,油压,17.0,0,,0,2,158,777.0,4
2024-03-18,M-D01,双色旋转,15.8,0,,0,1,463,136.4,1
2024-03-18,M-D02,双色旋转,17.1,0,,0.3,1,491,496.4,0
2024-03-18,M-D03,双色旋转,16.9,0,,0,1,381,426.1,0
2024-03-18,M-T01,两板,17.0,0,,0,2,315,42.9,3
2024-03-18,M-T02,两板,13.6,0,,0,2,596,386.6,1
2024-03-18,M-T03,两板,14.0,0,,0,2,389,672.0,1
2024-03-18,M-T04,两板,17.7,0,,0,4,565,1457.8,0
2024-03-19,M-E01,全电动,17.5,0,,0,3,494,33.7,3
2024-03-19,M-E02,全电动,15.2,0,,0,1,217,33.7,2
2024-03-19,M-E03,全电动,17.6,0,,0,3,409,47.3,2
2024-03-19,M-E04,全电动,14.1,0,,0,1,369,44.6,1
2024-03-19,M-E05,全电动,17.9,0,,0,1,591,68.0,4
2024-03-19,M-E06,全电动,18.8,0,,0,2,498,63.7,2
2024-03-19,M-E07,全电动,13.3,0,,0,2,426,65.8,3
2024-03-19,M-E08,全电动,18.2,0,,0,3,180,105.9,0
2024-03-19,M-E09,全电动,14.6,0,,0,1,274,90.4,2
2024-03-19,M-E10,全电动,18.9,0,,0,3,168,175.0,1
2024-03-19,M-E11,全电动,17.1,0,,0,3,464,123.6,3
2024-03-19,M-E12,全电动,15.9,0,,0,4,332,192.3,2
2024-03-19,M-E13,全电动,14.5,0,,0,1,470,186.2,4
2024-03-19,M-O01,油压,14.9,0,,0,2,432,248.2,4
2024-03-19,M-O02,油压,13.4,0,,0.2,2,310,183.6,2
2024-03-19,M-O03,油压,14.1,0,,0.1,3,385,220.7,4
2024-03-19,M-O04,油压,15.200000000000001,3.1,传感器异常,0,2,352,312.1,1
2024-03-19,M-O05,油压,16.8,0,,0,3,202,522.3,3
2024-03-19,M-O06,油压,16.5,0,,0,1,300,530.4,4
2024-03-19,M-O07,油压,14.3,0,,0,1,479,553.2,0
2024-03-19,M-O08,油压,14.6,0,,0,3,416,613.8,2
2024-03-19,M-O09,油压,13.6,0,,0,2,257,546.1,1
2024-03-19,M-D01,双色旋转,16.8,0,,0,2,590,145.0,1
2024-03-19,M-D02,双色旋转,18.9,0,,0,1,575,695.3,2
2024-03-19,M-D03,双色旋转,18.5,0,,0.2,1,431,607.1,2
2024-03-19,M-T01,两板,14.6,0,,0,4,245,49.3,2
2024-03-19,M-T02,两板,18.0,0,,0,2,373,468.5,2
2024-03-19,M-T03,两板,17.6,0,,0,2,164,886.5,1
2024-03-19,M-T04,两板,17.6,0,,0,4,511,1655.4,3
2024-03-20,M-E01,全电动,18.6,0,,0,1,230,33.3,0
2024-03-20,M-E02,全电动,13.5,0,,0,2,124,21.1,1
2024-03-20,M-E03,全电动,14.7,0,,0,3,229,50.2,3
2024-03-20,M-E04,全电动,18.5,0,,0,2,192,50.6,1
2024-03-20,M-E05,全电动,15.3,0,,0,2,301,61.3,0
2024-03-20,M-E06,全电动,14.2,0,,0,3,81,56.4,0
2024-03-20,M-E07,全电动,18.7,0,,0,4,208,80.9,2
2024-03-20,M-E08,全电动,15.0,0,,0,2,318,93.1,0
2024-03-20,M-E09,全电动,14.4,0,,0,3,127,96.2,1
2024-03-20,M-E10,全电动,16.3,0,,0,1,190,139.0,4
2024-03-20,M-E11,全电动,18.6,0,,0,2,218,171.0,3
2024-03-20,M-E12,全电动,17.9,0,,0.4,2,268,183.9,1
2024-03-20,M-E13,全电动,16.9,0,,0,2,466,181.2,3
2024-03-20,M-O01,油压,18.8,0,,0,2,433,273.1,3
2024-03-20,M-O02,油压,14.3,0,,0,1,406,184.9,2
2024-03-20,M-O03,油压,15.6,0,,0,1,552,330.2,1
2024-03-20,M-O04,油压,15.4,0,,0,2,222,350.8,3
2024-03-20,M-O05,油压,13.6,0,,0,1,397,292.0,1
2024-03-20,M-O06,油压,15.6,0,,0,2,304,436.5,0
2024-03-20,M-O07,油压,18.3,0,,0,2,209,581.7,2
2024-03-20,M-O08,油压,14.4,0,,0,1,472,599.5,2
2024-03-20,M-O09,油压,14.7,0,,0,3,408,852.8,2
2024-03-20,M-D01,双色旋转,15.6,0,,0,1,529,131.5,3
2024-03-20,M-D02,双色旋转,18.6,0,,0,1,502,564.2,4
2024-03-20,M-D03,双色旋转,16.7,0,,0,5,167,486.0,0
2024-03-20,M-T01,两板,17.8,0,,0,1,177,45.0,4
2024-03-20,M-T02,两板,15.3,0,,0.2,2,296,384.1,3
2024-03-20,M-T03,两板,17.5,0,,0,2,389,1055.8,4
2024-03-20,M-T04,两板,16.1,0,,0,3,403,1462.1,2
2024-03-21,M-E01,全电动,16.3,0,,0,1,594,27.8,1
2024-03-21,M-E02,全电动,15.7,0,,0,1,494,33.6,2
2024-03-21,M-E03,全电动,11.6,3.9,传感器异常,0,2,129,35.1,3
2024-03-21,M-E04,全电动,13.1,0,,0,1,311,35.3,3
2024-03-21,M-E05,全电动,18.8,0,,0,2,125,62.5,2
2024-03-21,M-E06,全电动,13.1,0,,0,1,392,54.0,1
2024-03-21,M-E07,全电动,16.9,0,,0,3,503,94.9,1
2024-03-21,M-E08,全电动,15.2,0,,0,2,445,80.2,4
2024-03-21,M-E09,全电动,13.6,0,,0,2,478,112.6,4
2024-03-21,M-E10,全电动,17.9,0,,0.1,4,333,133.4,2
2024-03-21,M-E11,全电动,13.1,0,,0,2,406,135.4,3
2024-03-21,M-E12,全电动,16.0,0,,0.3,3,546,154.3,1
2024-03-21,M-E13,全电动,16.1,0,,0,2,195,201.9,1
2024-03-21,M-O01,油压,19.0,0,,0,3,123,230.5,1
2024-03-21,M-O02,油压,16.6,0,,0,1,526,306.9,2
2024-03-21,M-O03,油压,18.9,0,,0.3,3,527,326.8,3
2024-03-21,M-O04,油压,14.1,0,,0,1,228,317.1,0
2024-03-21,M-O05,油压,16.1,0,,0,3,444,408.3,3
2024-03-21,M-O06,油压,11.2,3.8,液压系统,0,2,202,353.3,4
2024-03-21,M-O07,油压,17.2,0,,0,1,152,543.3,4
2024-03-21,M-O08,油压,18.5,0,,0.2,1,547,745.4,2
2024-03-21,M-O09,油压,14.3,0,,0,3,182,624.4,3
2024-03-21,M-D01,双色旋转,16.1,1.4,电气故障,0,1,311,166.6,2
2024-03-21,M-D02,双色旋转,15.2,0,,0.1,3,262,459.9,3
2024-03-21,M-D03,双色旋转,13.2,0,,0,1,373,440.7,4
2024-03-21,M-T01,两板,13.8,0,,0,1,484,44.7,4
2024-03-21,M-T02,两板,13.8,0,,0,2,296,287.2,2
2024-03-21,M-T03,两板,14.9,0,,0.0,2,422,797.6,1
2024-03-21,M-T04,两板,17.0,0,,0,1,370,1520.6,0
2024-03-22,M-E01,全电动,17.4,0,,0.0,3,305,39.0,4
2024-03-22,M-E02,全电动,17.0,0,,0,4,552,35.1,1
2024-03-22,M-E03,全电动,17.8,0,,0,1,270,58.5,2
2024-03-22,M-E04,全电动,14.3,0,,0,1,443,45.2,1
2024-03-22,M-E05,全电动,17.5,0,,0,2,366,74.7,0
2024-03-22,M-E06,全电动,15.9,0,,0.4,2,535,63.1,2
2024-03-22,M-E07,全电动,17.8,0,,0.5,2,91,90.1,3
2024-03-22,M-E08,全电动,18.3,0,,0,2,246,92.5,2
2024-03-22,M-E09,全电动,18.2,0,,0,1,404,151.1,2
2024-03-22,M-E10,全电动,13.0,0,,0,3,153,92.9,0
2024-03-22,M-E11,全电动,17.1,0,,0.1,3,137,135.0,1
2024-03-22,M-E12,全电动,14.8,0,,0.1,1,292,152.8,2
2024-03-22,M-E13,全电动,14.8,0,,0,1,425,180.2,2
2024-03-22,M-O01,油压,15.9,0,,0,2,300,230.4,4
2024-03-22,M-O02,油压,17.0,0,,0,3,433,239.6,1
2024-03-22,M-O03,油压,15.2,0,,0,2,367,261.0,0
2024-03-22,M-O04,油压,16.6,0,,0,2,93,388.0,1
2024-03-22,M-O05,油压,17.6,0,,0,2,245,427.8,3
2024-03-22,M-O06,油压,14.3,0,,0,5,458,537.3,2
2024-03-22,M-O07,油压,13.1,0,,0,2,325,524.0,3
2024-03-22,M-O08,油压,14.8,0,,0.3,1,379,694.3,4
2024-03-22,M-O09,油压,15.7,0,,0,4,431,877.6,0
2024-03-22,M-D01,双色旋转,15.2,0,,0.3,1,99,152.0,3
2024-03-22,M-D02,双色旋转,17.3,0,,0,1,268,592.7,2
2024-03-22,M-D03,双色旋转,16.6,0,,0.3,1,521,576.2,1
2024-03-22,M-T01,两板,16.1,0,,0.3,4,391,54.4,1
2024-03-22,M-T02,两板,17.9,0,,0,2,117,379.1,2
2024-03-22,M-T03,两板,17.1,0,,0,1,361,871.8,4
2024-03-22,M-T04,两板,16.1,0,,0,1,309,1149.9,2
2024-03-23,M-E01,全电动,13.4,0,,0.4,2,542,26.5,2
2024-03-23,M-E02,全电动,15.6,0,,0,3,510,25.2,1
2024-03-23,M-E03,全电动,17.3,0,,0,2,134,53.4,0
2024-03-23,M-E04,全电动,12.600000000000001,3.2,模具问题,0.4,1,564,30.5,0
2024-03-23,M-E05,全电动,14.1,0,,0,1,244,63.3,2
2024-03-23,M-E06,全电动,15.6,0,,0,1,230,55.6,3
2024-03-23,M-E07,全电动,16.5,0,,0,3,197,89.6,0
2024-03-23,M-E08,全电动,13.4,0,,0.3,2,316,71.6,0
2024-03-23,M-E09,全电动,16.5,0,,0,3,358,101.8,3
2024-03-23,M-E10,全电动,18.3,0,,0,3,247,124.2,2
2024-03-23,M-E11,全电动,14.6,3.4,液压系统,0,1,313,131.3,2
2024-03-23,M-E12,全电动,15.4,0,,0.0,1,420,164.2,2
2024-03-23,M-E13,全电动,14.1,0,,0,2,284,181.1,1
2024-03-23,M-O01,油压,14.9,0,,0,1,370,178.6,3
2024-03-23,M-O02,油压,16.1,0,,0,2,452,227.8,0
2024-03-23,M-O03,油压,14.0,0,,0,1,254,289.0,0
2024-03-23,M-O04,油压,16.2,0,,0,1,403,427.4,4
2024-03-23,M-O05,油压,13.5,0,,0,3,281,350.3,3
2024-03-23,M-O06,油压,12.8,3.2,模具问题,0,3,308,424.9,2
2024-03-23,M-O07,油压,17.1,0,,0,4,92,753.2,0
2024-03-23,M-O08,油压,18.7,0,,0,1,141,681.8,4
2024-03-23,M-O09,油压,14.0,0,,0,1,350,823.4,0
2024-03-23,M-D01,双色旋转,14.3,0,,0,1,130,116.3,2
2024-03-23,M-D02,双色旋转,17.4,0,,0,3,281,513.3,1
2024-03-23,M-D03,双色旋转,16.1,0,,0,1,298,428.3,3
2024-03-23,M-T01,两板,12.2,3.4,电气故障,0,4,174,36.3,1
2024-03-23,M-T02,两板,15.2,0,,0,1,559,345.1,2
2024-03-23,M-T03,两板,18.9,0,,0,2,556,1250.5,2
2024-03-23,M-T04,两板,15.5,0,,0,1,237,1386.4,2
2024-03-24,M-E01,全电动,15.0,0,,0,2,258,31.4,2
2024-03-24,M-E02,全电动,17.5,0,,0,1,249,39.2,2
2024-03-24,M-E03,全电动,18.8,0,,0,2,453,45.8,0
2024-03-24,M-E04,全电动,17.6,0,,0,2,275,44.3,4
2024-03-24,M-E05,全电动,16.4,0,,0,2,119,65.3,4
2024-03-24,M-E06,全电动,13.4,0,,0,1,454,59.5,1
2024-03-24,M-E07,全电动,13.6,0,,0,2,569,60.1,2
2024-03-24,M-E08,全电动,15.3,0,,0,3,148,85.2,1
2024-03-24,M-E09,全电动,17.9,0,,0.1,1,553,125.6,1
2024-03-24,M-E10,全电动,18.1,0,,0.4,2,144,152.3,0
2024-03-24,M-E11,全电动,18.6,0,,0.1,2,165,158.8,3
2024-03-24,M-E12,全电动,18.0,0,,0.2,2,495,206.7,1
2024-03-24,M-E13,全电动,18.8,0,,0,1,292,229.6,3
2024-03-24,M-O01,油压,15.1,0,,0,2,297,199.5,1
2024-03-24,M-O02,油压,15.9,0,,0,4,487,251.7,3
2024-03-24,M-O03,油压,15.9,0,,0,1,583,272.2,0
2024-03-24,M-O04,油压,16.8,0,,0,2,169,474.8,0
2024-03-24,M-O05,油压,16.6,0,,0,2,425,438.5,2
2024-03-24,M-O06,油压,16.8,0,,0,1,567,603.1,4
2024-03-24,M-O07,油压,15.6,0,,0,2,227,476.4,2
2024-03-24,M-O08,油压,13.2,0,,0,2,457,557.4,4
2024-03-24,M-O09,油压,15.8,0,,0,1,331,903.5,0
2024-03-24,M-D01,双色旋转,14.0,0,,0.3,1,202,107.3,4
2024-03-24,M-D02,双色旋转,17.4,0,,0,4,257,486.2,0
2024-03-24,M-D03,双色旋转,18.6,0,,0,3,187,544.1,0
2024-03-24,M-T01,两板,14.6,0,,0,1,355,41.7,4
2024-03-24,M-T02,两板,18.4,0,,0,1,137,535.7,2
2024-03-24,M-T03,两板,17.7,0,,0,2,90,901.7,4
2024-03-24,M-T04,两板,13.8,0,,0,1,306,873.8,3
2024-03-25,M-E01,全电动,13.5,0,,0,1,289,26.0,2
2024-03-25,M-E02,全电动,17.4,0,,0,3,489,34.2,3
2024-03-25,M-E03,全电动,17.4,0,,0.3,3,140,49.4,2
2024-03-25,M-E04,全电动,13.9,0,,0,2,218,44.2,1
2024-03-25,M-E05,全电动,15.5,0,,0.4,1,539,59.0,4
2024-03-25,M-E06,全电动,14.4,0,,0,2,476,58.2,1
2024-03-25,M-E07,全电动,15.7,0,,0,4,191,63.9,3
2024-03-25,M-E08,全电动,17.2,0,,0,2,234,79.2,1
2024-03-25,M-E09,全电动,15.5,0,,0,2,521,90.0,3
2024-03-25,M-E10,全电动,17.0,0,,0,2,321,158.8,4
2024-03-25,M-E11,全电动,13.6,0,,0,3,348,107.1,1
2024-03-25,M-E12,全电动,13.3,0,,0.2,3,500,140.3,1
2024-03-25,M-E13,全电动,14.3,0,,0,1,566,171.8,2
2024-03-25,M-O01,油压,14.5,0,,0,4,474,201.8,3
2024-03-25,M-O02,油压,15.299999999999999,2.1,电气故障,0,4,207,270.0,1
2024-03-25,M-O03,油压,16.6,0,,0,2,472,368.4,4
2024-03-25,M-O04,油压,17.9,0,,0,5,163,446.9,3
2024-03-25,M-O05,油压,15.3,0,,0.4,2,447,444.0,3
2024-03-25,M-O06,油压,13.9,0,,0,2,418,470.9,2
2024-03-25,M-O07,油压,14.7,0,,0,2,424,596.0,4
2024-03-25,M-O08,油压,13.9,0,,0,3,389,504.4,4
2024-03-25,M-O09,油压,17.6,0,,0,1,586,1004.7,1
2024-03-25,M-D01,双色旋转,13.7,0,,0,3,519,137.1,0
2024-03-25,M-D02,双色旋转,12.200000000000001,3.1,模具问题,0.3,2,567,329.4,3
2024-03-25,M-D03,双色旋转,18.8,0,,0.2,3,520,538.8,4
2024-03-25,M-T01,两板,14.0,0,,0,1,199,50.7,1
2024-03-25,M-T02,两板,16.2,0,,0,1,186,427.2,4
2024-03-25,M-T03,两板,13.2,0,,0,2,367,822.8,4
2024-03-25,M-T04,两板,15.3,0,,0.5,1,312,1150.2,0
2024-03-26,M-E01,全电动,13.6,0,,0,3,551,27.3,2
2024-03-26,M-E02,全电动,13.3,0,,0,3,275,21.2,0
2024-03-26,M-E03,全电动,18.9,0,,0,1,311,53.7,0
2024-03-26,M-E04,全电动,15.3,0,,0,1,235,35.3,1
2024-03-26,M-E05,全电动,16.5,0,,0,1,203,71.2,0
2024-03-26,M-E06,全电动,14.2,0,,0,2,239,62.8,3
2024-03-26,M-E07,全电动,14.1,0,,0.0,3,241,77.2,3
2024-03-26,M-E08,全电动,17.9,0,,0,3,484,115.2,3
2024-03-26,M-E09,全电动,16.4,0,,0,2,359,115.1,3
2024-03-26,M-E10,全电动,13.5,1.7,加热系统,0,1,515,112.2,3
2024-03-26,M-E11,全电动,18.8,0,,0,1,331,155.2,4
2024-03-26,M-E12,全电动,13.8,1.1,传感器异常,0,1,445,135.1,3
2024-03-26,M-E13,全电动,18.1,0,,0,2,341,228.1,4
2024-03-26,M-O01,油压,17.0,0,,0,1,563,246.1,3
2024-03-26,M-O02,油压,13.7,0.9,电气故障,0,2,308,233.3,1
2024-03-26,M-O03,油压,14.3,0,,0.4,1,169,288.5,0
2024-03-26,M-O04,油压,15.6,2.9,传感器异常,0,3,562,441.5,3
2024-03-26,M-O05,油压,15.2,0,,0,1,573,463.9,2
2024-03-26,M-O06,油压,15.5,0,,0,3,378,488.7,4
2024-03-26,M-O07,油压,17.6,0,,0,2,87,738.9,4
2024-03-26,M-O08,油压,13.8,0,,0,2,357,625.7,4
2024-03-26,M-O09,油压,15.1,0,,0,1,100,882.1,3
2024-03-26,M-D01,双色旋转,18.3,0,,0,2,327,169.9,2
2024-03-26,M-D02,双色旋转,17.6,0,,0,1,87,518.1,2
2024-03-26,M-D03,双色旋转,18.9,0,,0,1,576,567.8,1
2024-03-26,M-T01,两板,16.6,0,,0,2,531,59.8,2
2024-03-26,M-T02,两板,13.7,0,,0,1,440,328.1,2
2024-03-26,M-T03,两板,18.9,0,,0,3,476,939.4,3
2024-03-26,M-T04,两板,17.6,0,,0,1,520,1300.5,4
2024-03-27,M-E01,全电动,16.3,0,,0,4,356,29.8,4
2024-03-27,M-E02,全电动,14.1,0,,0,1,95,23.6,3
2024-03-27,M-E03,全电动,14.600000000000001,3.0,传感器异常,0,1,302,47.8,3
2024-03-27,M-E04,全电动,18.3,0,,0,1,500,48.1,3
2024-03-27,M-E05,全电动,15.6,0,,0,2,272,61.8,4
2024-03-27,M-E06,全电动,13.7,0,,0,1,105,58.3,0
2024-03-27,M-E07,全电动,15.0,0,,0,2,83,76.1,4
2024-03-27,M-E08,全电动,14.9,0,,0,4,185,89.6,1
2024-03-27,M-E09,全电动,14.5,0,,0,3,467,109.4,4
2024-03-27,M-E10,全电动,14.3,0,,0,4,173,91.1,0
2024-03-27,M-E11,全电动,13.8,0,,0,3,454,105.2,2
2024-03-27,M-E12,全电动,16.9,0,,0,1,387,191.1,4
2024-03-27,M-E13,全电动,15.5,0,,0.3,2,214,151.9,4
2024-03-27,M-O01,油压,17.9,0,,0,3,378,223.8,3
2024-03-27,M-O02,油压,18.8,0,,0,3,527,271.0,0
2024-03-27,M-O03,油压,17.4,0,,0.3,1,571,264.7,4
2024-03-27,M-O04,油压,14.7,0,,0,2,477,295.8,1
2024-03-27,M-O05,油压,18.7,0,,0,3,352,415.9,0
2024-03-27,M-O06,油压,15.2,0,,0,2,316,551.1,4
2024-03-27,M-O07,油压,15.2,0,,0,1,571,515.6,0
2024-03-27,M-O08,油压,14.6,0,,0,1,382,557.4,0
2024-03-27,M-O09,油压,15.5,0,,0,2,532,665.7,0
2024-03-27,M-D01,双色旋转,18.6,0,,0,2,276,188.5,4
2024-03-27,M-D02,双色旋转,13.4,0,,0,3,82,373.3,4
2024-03-27,M-D03,双色旋转,16.6,0,,0.3,3,575,437.9,2
2024-03-27,M-T01,两板,13.9,1.9,电气故障,0,3,357,41.7,2
2024-03-27,M-T02,两板,13.1,0,,0,3,443,348.0,0
2024-03-27,M-T03,两板,16.5,0,,0,4,180,803.2,4
2024-03-27,M-T04,两板,18.0,0,,0,1,468,1658.5,1
2024-03-28,M-E01,全电动,17.4,0,,0,3,356,27.8,0
2024-03-28,M-E02,全电动,16.2,0,,0,3,513,33.7,2
2024-03-28,M-E03,全电动,17.1,0,,0,2,314,43.6,3
2024-03-28,M-E04,全电动,14.1,0,,0,3,223,40.8,4
2024-03-28,M-E05,全电动,17.2,0,,0,1,301,59.1,1
2024-03-28,M-E06,全电动,17.2,0,,0,1,398,64.1,3
2024-03-28,M-E07,全电动,16.1,0,,0,1,177,62.9,3
2024-03-28,M-E08,全电动,17.2,0,,0,1,457,94.7,1
2024-03-28,M-E09,全电动,14.0,0,,0,2,515,115.9,3
2024-03-28,M-E10,全电动,13.1,0,,0,3,412,109.1,2
2024-03-28,M-E11,全电动,18.5,0,,0,2,160,150.4,0
2024-03-28,M-E12,全电动,17.0,0,,0,2,536,189.2,2
2024-03-28,M-E13,全电动,18.5,0,,0,2,386,242.9,2
2024-03-28,M-O01,油压,14.9,0,,0,2,532,196.8,2
2024-03-28,M-O02,油压,16.7,0,,0,2,127,209.6,2
2024-03-28,M-O03,油压,16.2,0,,0,2,231,283.2,4
2024-03-28,M-O04,油压,18.9,0,,0,1,382,412.5,2
2024-03-28,M-O05,油压,17.5,0,,0.4,2,433,559.0,2
2024-03-28,M-O06,油压,18.0,0,,0,2,246,543.8,2
2024-03-28,M-O07,油压,14.7,0,,0,2,312,527.7,0
2024-03-28,M-O08,油压,15.8,0,,0.4,3,338,560.8,2
2024-03-28,M-O09,油压,17.3,0,,0,1,280,905.1,0
2024-03-28,M-D01,双色旋转,14.2,0,,0,2,123,141.4,0
2024-03-28,M-D02,双色旋转,17.2,0,,0,2,282,473.4,3
2024-03-28,M-D03,双色旋转,14.6,0,,0,4,113,439.7,0
2024-03-28,M-T01,两板,18.2,0,,0,2,291,51.0,4
2024-03-28,M-T02,两板,17.3,0,,0.4,1,269,448.0,2
2024-03-28,M-T03,两板,14.4,0,,0,2,180,884.4,0
2024-03-28,M-T04,两板,17.1,0,,0,3,528,1332.8,4
2024-03-29,M-E01,全电动,16.8,0,,0,1,360,35.7,1
2024-03-29,M-E02,全电动,15.2,0,,0.2,1,355,24.2,4
2024-03-29,M-E03,全电动,16.8,0,,0,2,486,43.2,4
2024-03-29,M-E04,全电动,18.6,0,,0,3,405,48.3,1
2024-03-29,M-E05,全电动,16.3,0,,0,2,256,51.4,1
2024-03-29,M-E06,全电动,18.2,0,,0,1,353,82.3,3
2024-03-29,M-E07,全电动,12.8,2.0,传感器异常,0,3,291,69.3,3
2024-03-29,M-E08,全电动,15.2,0,,0,1,408,96.1,4
2024-03-29,M-E09,全电动,13.0,0,,0,1,141,107.3,0
2024-03-29,M-E10,全电动,18.6,0,,0.1,2,139,164.5,1
2024-03-29,M-E11,全电动,15.9,0,,0,1,110,154.5,0
2024-03-29,M-E12,全电动,16.0,0,,0,3,272,137.9,1
2024-03-29,M-E13,全电动,13.1,0,,0,2,289,133.3,1
2024-03-29,M-O01,油压,15.8,0,,0,2,588,222.2,3
2024-03-29,M-O02,油压,18.2,0,,0,3,106,273.0,2
2024-03-29,M-O03,油压,18.1,0,,0,3,234,336.3,4
2024-03-29,M-O04,油压,15.1,0,,0,3,300,354.6,4
2024-03-29,M-O05,油压,13.3,0,,0.3,1,326,327.8,2
2024-03-29,M-O06,油压,17.2,0,,0.4,3,574,503.0,0
2024-03-29,M-O07,油压,18.6,0,,0,2,285,632.5,0
2024-03-29,M-O08,油压,14.6,0,,0,3,260,680.1,1
2024-03-29,M-O09,油压,14.0,0,,0,1,96,776.0,3
2024-03-29,M-D01,双色旋转,16.0,0,,0,1,567,151.6,3
2024-03-29,M-D02,双色旋转,16.7,0,,0,1,447,419.5,4
2024-03-29,M-D03,双色旋转,16.0,0,,0,1,312,601.2,0
2024-03-29,M-T01,两板,18.1,0,,0,1,443,56.4,4
2024-03-29,M-T02,两板,18.1,0,,0,2,359,433.0,3
2024-03-29,M-T03,两板,14.9,0,,0.2,2,203,686.4,2
2024-03-29,M-T04,两板,13.1,0,,0.3,1,334,826.0,3
2024-03-30,M-E01,全电动,16.9,0,,0,1,157,33.4,4
2024-03-30,M-E02,全电动,14.1,0,,0,2,301,30.9,0
2024-03-30,M-E03,全电动,17.1,0,,0,1,408,43.0,2
2024-03-30,M-E04,全电动,13.1,0,,0,1,333,37.8,3
2024-03-30,M-E05,全电动,13.3,0,,0.4,2,407,52.1,0
2024-03-30,M-E06,全电动,15.9,0,,0,1,435,48.7,1
2024-03-30,M-E07,全电动,13.2,0,,0,1,158,56.7,4
2024-03-30,M-E08,全电动,13.1,0,,0,1,138,81.0,2
2024-03-30,M-E09,全电动,16.7,0,,0,1,244,132.2,1
2024-03-30,M-E10,全电动,17.8,0,,0,2,115,135.0,2
2024-03-30,M-E11,全电动,17.5,0,,0,1,169,129.5,2
2024-03-30,M-E12,全电动,15.3,0,,0,1,539,153.9,4
2024-03-30,M-E13,全电动,14.2,0,,0,1,584,178.7,4
2024-03-30,M-O01,油压,16.7,0,,0,2,497,257.0,1
2024-03-30,M-O02,油压,13.6,0,,0,2,469,191.4,0
2024-03-30,M-O03,油压,14.6,0,,0,3,594,238.4,0
2024-03-30,M-O04,油压,15.8,0,,0,3,365,335.5,3
2024-03-30,M-O05,油压,18.9,0,,0,1,352,433.9,3
2024-03-30,M-O06,油压,18.8,0,,0,2,476,648.8,1
2024-03-30,M-O07,油压,16.2,0,,0,3,120,663.0,2
2024-03-30,M-O08,油压,13.8,0,,0,4,353,497.2,1
2024-03-30,M-O09,油压,15.8,0,,0,1,443,700.3,1
2024-03-30,M-D01,双色旋转,16.8,0,,0,1,195,164.8,2
2024-03-30,M-D02,双色旋转,13.7,0,,0,1,446,407.9,3
2024-03-30,M-D03,双色旋转,18.8,0,,0,1,588,515.0,1
2024-03-30,M-T01,两板,14.1,0,,0,2,385,41.2,2
2024-03-30,M-T02,两板,14.2,0,,0,2,97,293.5,3
2024-03-30,M-T03,两板,17.9,0,,0,3,361,1129.6,4
2024-03-30,M-T04,两板,13.2,0,,0,3,179,1067.0,0
2024-03-31,M-E01,全电动,15.1,0,,0,1,190,30.7,2
2024-03-31,M-E02,全电动,13.4,0,,0.4,2,133,26.0,0
2024-03-31,M-E03,全电动,17.1,0,,0,4,545,53.1,3
2024-03-31,M-E04,全电动,17.5,0,,0,3,399,48.6,4
2024-03-31,M-E05,全电动,16.5,0,,0,2,174,51.8,0
2024-03-31,M-E06,全电动,18.2,0,,0,4,93,65.6,3
2024-03-31,M-E07,全电动,14.1,0,,0,1,483,70.7,3
2024-03-31,M-E08,全电动,18.5,0,,0,2,154,107.7,2
2024-03-31,M-E09,全电动,17.9,0,,0.3,1,221,138.1,0
2024-03-31,M-E10,全电动,14.8,0,,0.3,1,238,131.3,1
2024-03-31,M-E11,全电动,13.2,0,,0,2,107,126.3,4
2024-03-31,M-E12,全电动,14.2,0,,0,3,475,137.8,1
2024-03-31,M-E13,全电动,15.4,0,,0,2,562,153.7,3
2024-03-31,M-O01,油压,15.0,0,,0.1,1,179,194.1,1
2024-03-31,M-O02,油压,18.2,0,,0,3,577,328.8,2
2024-03-31,M-O03,油压,16.4,0,,0.3,2,372,297.1,2
2024-03-31,M-O04,油压,18.2,0,,0,2,231,456.8,0
2024-03-31,M-O05,油压,15.1,0,,0,1,403,406.7,3
2024-03-31,M-O06,油压,17.6,0,,0,4,442,479.2,4
2024-03-31,M-O07,油压,16.1,0,,0,2,266,662.2,4
2024-03-31,M-O08,油压,13.5,0,,0.2,4,98,540.1,3
2024-03-31,M-O09,油压,13.2,2.0,液压系统,0,2,119,750.3,1
2024-03-31,M-D01,双色旋转,18.3,0,,0,1,330,135.8,2
2024-03-31,M-D02,双色旋转,18.9,0,,0,2,120,630.4,4
2024-03-31,M-D03,双色旋转,18.6,0,,0,4,314,568.4,4
2024-03-31,M-T01,两板,18.8,0,,0,3,114,50.3,0
2024-03-31,M-T02,两板,18.8,0,,0,1,304,436.1,1
2024-03-31,M-T03,两板,17.4,0,,0,3,398,988.7,3
2024-03-31,M-T04,两板,14.9,0,,0,3,207,1328.6,0
2024-04-01,M-E01,全电动,17.3,0,,0,2,397,35.6,0
2024-04-01,M-E02,全电动,14.8,0,,0,1,579,22.9,2
2024-04-01,M-E03,全电动,15.7,2.0,模具问题,0,1,539,35.6,2
2024-04-01,M-E04,全电动,18.5,0,,0,1,549,48.6,4
2024-04-01,M-E05,全电动,15.0,0,,0,1,319,54.2,3
2024-04-01,M-E06,全电动,17.1,0,,0,3,273,53.2,3
2024-04-01,M-E07,全电动,13.8,0,,0,1,140,70.4,2
2024-04-01,M-E08,全电动,15.4,0,,0,3,503,73.3,1
2024-04-01,M-E09,全电动,14.7,0,,0,4,557,97.4,4
2024-04-01,M-E10,全电动,18.3,0,,0.0,4,469,167.5,1
2024-04-01,M-E11,全电动,13.6,0,,0,4,258,111.5,0
2024-04-01,M-E12,全电动,15.4,0,,0,3,587,167.1,1
2024-04-01,M-E13,全电动,14.7,0,,0,1,121,133.5,2
2024-04-01,M-O01,油压,16.9,0,,0,3,288,207.6,4
2024-04-01,M-O02,油压,18.3,0,,0,3,320,250.2,0
2024-04-01,M-O03,油压,16.4,0,,0,2,103,260.8,1
2024-04-01,M-O04,油压,15.6,0,,0,2,516,441.6,1
2024-04-01,M-O05,油压,16.0,0,,0.4,1,195,422.9,0
2024-04-01,M-O06,油压,15.1,0,,0,3,174,408.0,3
2024-04-01,M-O07,油压,17.5,0,,0,3,264,755.9,1
2024-04-01,M-O08,油压,15.1,0,,0.3,1,435,547.3,2
2024-04-01,M-O09,油压,16.1,0,,0,2,210,737.5,3
2024-04-01,M-D01,双色旋转,17.2,0,,0,2,172,155.2,2
2024-04-01,M-D02,双色旋转,16.3,0,,0,1,354,593.0,1
2024-04-01,M-D03,双色旋转,15.7,0,,0,2,431,421.0,0
2024-04-01,M-T01,两板,13.4,0,,0,1,381,45.2,1
2024-04-01,M-T02,两板,14.4,0,,0.3,2,445,324.4,4
2024-04-01,M-T03,两板,13.6,0,,0,2,271,766.9,0
2024-04-01,M-T04,两板,14.3,0,,0,2,424,1257.7,4
2024-04-02,M-E01,全电动,14.1,0,,0,1,576,21.9,2
2024-04-02,M-E02,全电动,14.5,0,,0,3,423,29.2,1
2024-04-02,M-E03,全电动,13.7,0,,0,2,307,42.8,0
2024-04-02,M-E04,全电动,13.8,0,,0,3,588,44.8,3
2024-04-02,M-E05,全电动,14.7,0,,0.3,1,216,51.2,3
2024-04-02,M-E06,全电动,14.2,0,,0,2,385,63.8,2
2024-04-02,M-E07,全电动,13.5,0,,0,2,348,58.4,4
2024-04-02,M-E08,全电动,18.6,0,,0.4,1,459,95.6,2
2024-04-02,M-E09,全电动,14.6,0,,0,4,255,84.5,0
2024-04-02,M-E10,全电动,18.1,0,,0,2,242,113.1,0
2024-04-02,M-E11,全电动,14.9,0,,0,2,138,133.5,0
2024-04-02,M-E12,全电动,18.4,0,,0,1,259,177.8,0
2024-04-02,M-E13,全电动,14.6,0,,0.3,2,242,185.8,0
2024-04-02,M-O01,油压,14.8,0,,0,3,218,203.4,1
2024-04-02,M-O02,油压,17.5,0,,0,2,92,241.5,2
2024-04-02,M-O03,油压,13.2,0,,0,2,428,201.9,4
2024-04-02,M-O04,油压,17.0,1.7,传感器异常,0,1,241,384.0,0
2024-04-02,M-O05,油压,17.0,0,,0.0,1,185,383.0,1
2024-04-02,M-O06,油压,16.0,0,,0.0,3,459,469.5,1
2024-04-02,M-O07,油压,13.6,0,,0,2,90,595.1,4
2024-04-02,M-O08,油压,15.1,0,,0,2,298,803.3,2
2024-04-02,M-O09,油压,13.8,0,,0,3,527,710.2,1
2024-04-02,M-D01,双色旋转,18.7,0,,0,1,131,137.2,4
2024-04-02,M-D02,双色旋转,17.6,0,,0,1,279,521.8,2
2024-04-02,M-D03,双色旋转,16.1,0,,0,1,540,581.8,3
2024-04-02,M-T01,两板,13.0,0,,0,3,127,44.2,4
2024-04-02,M-T02,两板,18.6,0,,0,5,530,458.8,2
2024-04-02,M-T03,两板,18.8,0,,0,2,548,1093.2,2
2024-04-02,M-T04,两板,19.0,0,,0.4,1,150,1314.4,3
2024-04-03,M-E01,全电动,17.6,0,,0,2,322,39.7,0
2024-04-03,M-E02,全电动,17.2,0,,0,1,279,38.1,0
2024-04-03,M-E03,全电动,16.6,0,,0,3,318,50.2,0
2024-04-03,M-E04,全电动,13.8,0,,0,2,340,35.5,3
2024-04-03,M-E05,全电动,18.1,0,,0,4,552,72.1,0
2024-04-03,M-E06,全电动,16.6,0,,0,1,275,53.0,0
2024-04-03,M-E07,全电动,13.7,0,,0,1,133,76.0,4
2024-04-03,M-E08,全电动,17.1,0,,0.4,4,469,114.2,1
2024-04-03,M-E09,全电动,18.9,0,,0,3,463,137.4,3
2024-04-03,M-E10,全电动,17.5,0,,0,2,106,162.2,1
2024-04-03,M-E11,全电动,16.3,0,,0.3,3,363,150.1,4
2024-04-03,M-E12,全电动,14.6,0,,0,4,481,138.1,0
2024-04-03,M-E13,全电动,15.4,0,,0.4,2,343,188.1,0
2024-04-03,M-O01,油压,16.9,0,,0,4,564,284.6,3
2024-04-03,M-O02,油压,18.5,0,,0,3,481,238.2,0
2024-04-03,M-O03,油压,14.3,0,,0,1,158,295.1,4
2024-04-03,M-O04,油压,15.5,0,,0,3,287,343.9,0
2024-04-03,M-O05,油压,15.0,0,,0,1,113,342.0,3
2024-04-03,M-O06,油压,15.3,0,,0,3,461,435.8,1
2024-04-03,M-O07,油压,18.3,0,,0.2,1,171,695.9,0
2024-04-03,M-O08,油压,16.6,0,,0,3,269,746.9,4
2024-04-03,M-O09,油压,15.8,0,,0,1,405,907.3,1
2024-04-03,M-D01,双色旋转,13.4,0,,0,4,90,109.8,2
2024-04-03,M-D02,双色旋转,14.1,0,,0,2,457,509.2,2
2024-04-03,M-D03,双色旋转,16.9,0,,0,2,426,463.9,2
2024-04-03,M-T01,两板,18.2,0,,0,3,174,58.2,0
2024-04-03,M-T02,两板,15.3,0,,0,1,513,353.2,2
2024-04-03,M-T03,两板,17.8,0,,0,2,181,969.8,4
2024-04-03,M-T04,两板,13.3,0,,0,2,215,1214.2,1
2024-04-04,M-E01,全电动,15.3,0,,0,3,521,24.9,4
2024-04-04,M-E02,全电动,15.5,0,,0,3,530,32.9,4
2024-04-04,M-E03,全电动,15.0,0,,0,4,545,46.1,1
2024-04-04,M-E04,全电动,14.9,0,,0,3,204,49.3,2
2024-04-04,M-E05,全电动,15.1,0,,0,1,421,52.2,2
2024-04-04,M-E06,全电动,18.7,0,,0,2,218,77.4,4
2024-04-04,M-E07,全电动,16.6,0,,0.3,3,234,78.7,1
2024-04-04,M-E08,全电动,13.6,0,,0,2,482,86.1,3
2024-04-04,M-E09,全电动,16.2,0,,0,2,377,128.7,4
2024-04-04,M-E10,全电动,17.5,0,,0.0,1,402,131.4,3
2024-04-04,M-E11,全电动,15.0,0,,0,1,514,140.8,4
2024-04-04,M-E12,全电动,14.3,0,,0,3,552,148.8,4
2024-04-04,M-E13,全电动,16.4,0,,0,3,266,215.9,3
2024-04-04,M-O01,油压,17.9,0,,0,2,347,243.2,2
2024-04-04,M-O02,油压,17.0,0,,0,1,502,296.1,1
2024-04-04,M-O03,油压,15.2,0,,0.5,1,361,250.8,2
2024-04-04,M-O04,油压,13.4,0,,0,3,467,375.1,2
2024-04-04,M-O05,油压,18.3,0,,0,2,225,486.0,1
2024-04-04,M-O06,油压,13.3,0,,0.1,2,508,379.6,0
2024-04-04,M-O07,油压,15.8,0,,0,1,274,719.8,1
2024-04-04,M-O08,油压,13.0,0,,0,1,133,617.0,3
2024-04-04,M-O09,油压,16.4,0,,0,2,459,789.3,4
2024-04-04,M-D01,双色旋转,14.200000000000001,1.6,传感器异常,0.0,2,140,147.5,0
2024-04-04,M-D02,双色旋转,16.0,0,,0,2,488,591.9,1
2024-04-04,M-D03,双色旋转,16.8,0,,0,2,535,459.4,4
2024-04-04,M-T01,两板,18.0,0,,0,2,220,48.8,1
2024-04-04,M-T02,两板,17.7,0,,0,4,580,394.7,2
2024-04-04,M-T03,两板,18.5,0,,0,4,468,889.6,4
2024-04-04,M-T04,两板,14.0,0,,0,2,280,1055.7,2
2024-04-05,M-E01,全电动,16.7,0,,0,1,97,36.1,3
2024-04-05,M-E02,全电动,15.7,0,,0,3,132,25.4,2
2024-04-05,M-E03,全电动,17.2,0,,0,1,229,52.5,4
2024-04-05,M-E04,全电动,13.4,0,,0.3,2,438,33.1,3
2024-04-05,M-E05,全电动,18.6,0,,0,1,480,58.6,2
2024-04-05,M-E06,全电动,18.1,0,,0,3,122,81.0,4
2024-04-05,M-E07,全电动,13.7,0,,0,1,534,61.4,4
2024-04-05,M-E08,全电动,15.9,0,,0,2,114,78.3,1
2024-04-05,M-E09,全电动,13.8,0,,0.1,1,249,110.0,2
2024-04-05,M-E10,全电动,14.5,0,,0.2,3,543,95.2,3
2024-04-05,M-E11,全电动,13.5,0,,0,4,525,132.3,2
2024-04-05,M-E12,全电动,14.4,0,,0,4,461,121.1,4
2024-04-05,M-E13,全电动,13.5,0,,0,2,350,152.7,4
2024-04-05,M-O01,油压,14.8,0,,0,2,524,250.2,0
2024-04-05,M-O02,油压,17.5,0,,0,2,394,232.1,3
2024-04-05,M-O03,油压,18.5,0,,0,2,319,399.4,3
2024-04-05,M-O04,油压,14.8,0,,0,3,254,285.9,1
2024-04-05,M-O05,油压,16.4,0,,0,2,384,485.2,4
2024-04-05,M-O06,油压,15.0,0,,0,3,381,388.7,1
2024-04-05,M-O07,油压,14.6,0,,0,1,118,586.2,0
2024-04-05,M-O08,油压,13.7,0,,0,2,330,548.8,2
2024-04-05,M-O09,油压,15.8,0,,0,2,351,902.7,1
2024-04-05,M-D01,双色旋转,14.6,0,,0,2,442,134.7,0
2024-04-05,M-D02,双色旋转,15.4,0,,0,3,563,479.5,2
2024-04-05,M-D03,双色旋转,17.6,0,,0,1,169,448.9,4
2024-04-05,M-T01,两板,13.1,0,,0,1,510,36.5,1
2024-04-05,M-T02,两板,15.5,0,,0.1,5,280,340.2,4
2024-04-05,M-T03,两板,17.7,0,,0.4,3,335,1025.0,2
2024-04-05,M-T04,两板,14.7,0,,0,4,331,1374.0,4
2024-04-06,M-E01,全电动,15.3,0,,0,5,109,27.3,2
2024-04-06,M-E02,全电动,13.2,0,,0,3,466,23.7,0
2024-04-06,M-E03,全电动,14.9,0,,0,2,477,40.7,0
2024-04-06,M-E04,全电动,19.0,0,,0,3,259,53.0,1
2024-04-06,M-E05,全电动,13.3,0,,0,3,570,60.2,1
2024-04-06,M-E06,全电动,16.0,0,,0,1,453,64.1,3
2024-04-06,M-E07,全电动,18.4,0,,0,2,427,103.8,3
2024-04-06,M-E08,全电动,15.5,0,,0,3,555,94.7,3
2024-04-06,M-E09,全电动,15.5,0,,0,1,200,112.4,2
2024-04-06,M-E10,全电动,17.7,0,,0,3,202,154.7,4
2024-04-06,M-E11,全电动,17.4,0,,0,1,181,144.9,0
2024-04-06,M-E12,全电动,16.4,0,,0,2,206,169.1,2
2024-04-06,M-E13,全电动,14.8,0,,0,1,407,151.0,2
2024-04-06,M-O01,油压,16.8,0,,0,2,541,267.7,2
2024-04-06,M-O02,油压,14.7,0,,0,1,112,196.1,2
2024-04-06,M-O03,油压,15.6,0,,0,1,458,241.0,4
2024-04-06,M-O04,油压,13.4,0,,0,1,471,319.1,2
2024-04-06,M-O05,油压,15.6,1.6,模具问题,0,3,133,351.0,1
2024-04-06,M-O06,油压,13.4,0,,0,3,578,465.9,3
2024-04-06,M-O07,油压,16.9,0,,0,1,192,745.3,0
2024-04-06,M-O08,油压,18.9,0,,0,1,302,991.6,4
2024-04-06,M-O09,油压,17.6,0,,0.2,2,510,1057.9,3
2024-04-06,M-D01,双色旋转,16.8,0,,0,3,305,128.3,0
2024-04-06,M-D02,双色旋转,14.9,0,,0,3,388,467.4,2
2024-04-06,M-D03,双色旋转,17.8,0,,0,1,506,469.2,2
2024-04-06,M-T01,两板,14.1,0,,0,3,229,49.4,4
2024-04-06,M-T02,两板,15.8,0,,0,4,513,400.0,4
2024-04-06,M-T03,两板,18.4,0,,0,3,121,1207.4,2
2024-04-06,M-T04,两板,14.4,0,,0,3,272,970.8,0
2024-04-07,M-E01,全电动,16.0,0,,0,3,505,29.6,2
2024-04-07,M-E02,全电动,17.0,0,,0,3,94,28.1,2
2024-04-07,M-E03,全电动,15.1,0,,0,1,287,45.2,0
2024-04-07,M-E04,全电动,16.5,0,,0,1,594,46.4,0
2024-04-07,M-E05,全电动,15.2,0,,0,2,121,48.8,0
2024-04-07,M-E06,全电动,16.9,0,,0.4,1,199,60.9,3
2024-04-07,M-E07,全电动,15.6,0,,0,1,210,60.4,3
2024-04-07,M-E08,全电动,19.0,0,,0,2,536,122.4,3
2024-04-07,M-E09,全电动,15.5,0,,0,3,555,117.8,1
2024-04-07,M-E10,全电动,15.1,0,,0.0,2,535,130.1,1
2024-04-07,M-E11,全电动,18.6,0,,0,2,559,149.7,3
2024-04-07,M-E12,全电动,18.2,0,,0,1,570,161.3,0
2024-04-07,M-E13,全电动,17.2,0,,0,1,287,194.1,3
2024-04-07,M-O01,油压,15.4,0,,0,2,404,238.7,4
2024-04-07,M-O02,油压,17.6,0,,0,1,315,270.0,3
2024-04-07,M-O03,油压,14.3,0,,0,2,302,248.8,3
2024-04-07,M-O04,油压,18.6,0,,0,3,133,364.4,3
2024-04-07,M-O05,油压,16.9,0,,0,3,167,496.4,1
2024-04-07,M-O06,油压,15.6,0,,0,2,209,540.7,4
2024-04-07,M-O07,油压,17.3,0,,0.3,2,362,573.0,2
2024-04-07,M-O08,油压,14.1,0,,0,2,255,652.9,1
2024-04-07,M-O09,油压,13.5,0,,0,2,569,715.1,1
2024-04-07,M-D01,双色旋转,14.8,0,,0,2,570,154.9,4
2024-04-07,M-D02,双色旋转,17.0,0,,0,1,147,453.6,2
2024-04-07,M-D03,双色旋转,16.8,0,,0.4,3,555,575.5,0
2024-04-07,M-T01,两板,14.4,0,,0,1,266,46.1,1
2024-04-07,M-T02,两板,17.6,0,,0,2,274,364.8,1
2024-04-07,M-T03,两板,17.8,0,,0,2,195,1038.5,2
2024-04-07,M-T04,两板,17.8,0,,0.3,3,581,1372.1,1
2024-04-08,M-E01,全电动,15.5,0,,0.2,4,543,34.2,4
2024-04-08,M-E02,全电动,13.2,0,,0,2,157,24.7,0
2024-04-08,M-E03,全电动,14.6,0,,0,3,342,42.8,4
2024-04-08,M-E04,全电动,13.8,0,,0,4,305,44.9,0
2024-04-08,M-E05,全电动,13.6,0,,0,2,83,56.8,4
2024-04-08,M-E06,全电动,13.1,0,,0,2,594,42.4,3
2024-04-08,M-E07,全电动,14.9,0,,0,2,450,82.8,1
2024-04-08,M-E08,全电动,14.8,0,,0,1,536,100.3,2
2024-04-08,M-E09,全电动,14.4,0,,0,2,487,82.1,1
2024-04-08,M-E10,全电动,16.5,0,,0,3,157,105.5,2
2024-04-08,M-E11,全电动,16.0,0,,0.5,2,492,141.4,3
2024-04-08,M-E12,全电动,14.200000000000001,2.9,加热系统,0,1,408,149.0,0
2024-04-08,M-E13,全电动,14.5,0,,0,1,565,162.5,0
2024-04-08,M-O01,油压,18.2,0,,0,3,487,218.8,3
2024-04-08,M-O02,油压,13.2,0,,0,3,448,167.9,3
2024-04-08,M-O03,油压,13.1,0,,0,2,104,279.1,2
2024-04-08,M-O04,油压,18.2,0,,0,3,417,362.1,1
2024-04-08,M-O05,油压,15.9,0,,0,4,390,358.0,4
2024-04-08,M-O06,油压,16.0,0,,0.0,2,121,583.4,3
2024-04-08,M-O07,油压,14.8,0,,0,2,156,565.5,4
2024-04-08,M-O08,油压,14.1,0,,0.2,1,470,696.6,4
2024-04-08,M-O09,油压,16.3,0,,0,1,505,877.5,2
2024-04-08,M-D01,双色旋转,19.0,0,,0.1,3,445,181.4,0
2024-04-08,M-D02,双色旋转,15.1,0,,0,1,192,394.3,3
2024-04-08,M-D03,双色旋转,14.5,0,,0,1,116,442.5,1
2024-04-08,M-T01,两板,15.6,0,,0,3,541,42.4,2
2024-04-08,M-T02,两板,14.2,0,,0.5,1,415,315.3,0
2024-04-08,M-T03,两板,14.8,0,,0,2,274,905.5,0
2024-04-08,M-T04,两板,17.9,0,,0.2,2,439,1508.5,2
2024-04-09,M-E01,全电动,13.6,0,,0,3,575,30.4,4
2024-04-09,M-E02,全电动,14.9,0,,0,2,487,33.8,4
2024-04-09,M-E03,全电动,16.8,0,,0,1,435,56.8,4
2024-04-09,M-E04,全电动,18.3,0,,0,2,394,42.9,2
2024-04-09,M-E05,全电动,16.4,0,,0,1,369,74.5,2
2024-04-09,M-E06,全电动,14.9,0,,0,1,160,47.6,3
2024-04-09,M-E07,全电动,17.7,0,,0,2,553,81.8,2
2024-04-09,M-E08,全电动,17.7,0,,0,2,243,95.2,3
2024-04-09,M-E09,全电动,13.1,0,,0.2,3,210,88.5,3
2024-04-09,M-E10,全电动,14.3,0,,0,2,339,98.5,2
2024-04-09,M-E11,全电动,14.5,0,,0,2,365,115.9,0
2024-04-09,M-E12,全电动,15.6,0,,0,3,254,164.8,4
2024-04-09,M-E13,全电动,16.0,0,,0.2,1,194,151.4,1
2024-04-09,M-O01,油压,17.9,0,,0,2,448,299.9,4
2024-04-09,M-O02,油压,14.999999999999998,1.9,模具问题,0,2,531,281.1,4
2024-04-09,M-O03,油压,14.0,0,,0,1,523,227.1,2
2024-04-09,M-O04,油压,17.3,0,,0,2,419,359.6,1
2024-04-09,M-O05,油压,14.5,0,,0,2,105,385.9,4
2024-04-09,M-O06,油压,18.6,0,,0,3,357,546.9,4
2024-04-09,M-O07,油压,15.8,0,,0,2,348,681.0,2
2024-04-09,M-O08,油压,15.7,0,,0.4,1,327,729.4,0
2024-04-09,M-O09,油压,17.0,0,,0,3,129,954.5,0
2024-04-09,M-D01,双色旋转,13.9,0,,0,2,97,98.3,2
2024-04-09,M-D02,双色旋转,16.3,0,,0,3,389,566.3,3
2024-04-09,M-D03,双色旋转,15.7,0,,0,2,314,520.5,0
2024-04-09,M-T01,两板,15.6,0,,0,2,399,58.1,2
2024-04-09,M-T02,两板,16.5,0,,0,1,489,405.6,1
2024-04-09,M-T03,两板,14.9,0,,0,1,404,783.6,2
2024-04-09,M-T04,两板,17.4,0,,0,2,189,1138.6,0
2024-04-10,M-E01,全电动,14.0,0,,0,3,540,31.3,0
2024-04-10,M-E02,全电动,18.7,0,,0,3,393,30.0,0
2024-04-10,M-E03,全电动,13.9,0,,0,3,114,45.1,0
2024-04-10,M-E04,全电动,14.2,0,,0,1,514,45.8,1
2024-04-10,M-E05,全电动,15.7,0,,0,1,268,63.5,2
2024-04-10,M-E06,全电动,17.7,0,,0,3,204,62.6,2
2024-04-10,M-E07,全电动,17.3,0,,0,1,247,80.9,3
2024-04-10,M-E08,全电动,13.9,0,,0,3,392,73.6,3
2024-04-10,M-E09,全电动,15.8,0,,0,3,490,123.2,3
2024-04-10,M-E10,全电动,14.7,0,,0.4,1,487,92.1,1
2024-04-10,M-E11,全电动,16.5,0,,0,2,585,121.1,4
2024-04-10,M-E12,全电动,18.0,0,,0,1,152,177.9,1
2024-04-10,M-E13,全电动,18.3,0,,0,1,458,166.0,0
2024-04-10,M-O01,油压,18.1,0,,0.0,2,473,260.6,4
2024-04-10,M-O02,油压,15.4,0,,0,2,238,257.5,1
2024-04-10,M-O03,油压,16.2,0,,0,1,505,329.4,1
2024-04-10,M-O04,油压,13.9,0,,0,1,504,331.0,3
2024-04-10,M-O05,油压,16.0,0,,0.2,2,504,382.7,3
2024-04-10,M-O06,油压,13.899999999999999,2.8,电气故障,0,2,281,400.7,0
2024-04-10,M-O07,油压,15.0,0,,0,2,365,564.0,4
2024-04-10,M-O08,油压,17.7,0,,0,2,95,749.9,4
2024-04-10,M-O09,油压,14.7,0,,0,1,452,626.1,3
2024-04-10,M-D01,双色旋转,16.1,0,,0,4,133,167.1,2
2024-04-10,M-D02,双色旋转,15.3,0,,0,1,333,458.6,0
2024-04-10,M-D03,双色旋转,16.6,0,,0,1,416,609.7,3
2024-04-10,M-T01,两板,16.4,0,,0.0,1,110,50.2,2
2024-04-10,M-T02,两板,14.7,0,,0.3,3,327,359.0,0
2024-04-10,M-T03,两板,14.5,0,,0,2,181,872.9,3
2024-04-10,M-T04,两板,18.9,0,,0,1,186,1524.4,3
2024-04-11,M-E01,全电动,13.0,0,,0.3,3,155,24.0,4
2024-04-11,M-E02,全电动,16.2,0,,0,2,476,34.1,3
2024-04-11,M-E03,全电动,15.1,0,,0,1,542,42.7,2
2024-04-11,M-E04,全电动,13.9,0,,0,2,136,40.9,2
2024-04-11,M-E05,全电动,14.2,0,,0,3,526,63.9,3
2024-04-11,M-E06,全电动,17.4,0,,0.1,4,531,66.7,3
2024-04-11,M-E07,全电动,15.7,0,,0,2,440,60.7,0
2024-04-11,M-E08,全电动,13.9,0,,0,3,386,64.2,4
2024-04-11,M-E09,全电动,18.2,0,,0,3,595,143.6,2
2024-04-11,M-E10,全电动,16.3,0,,0,2,246,118.5,0
2024-04-11,M-E11,全电动,14.5,0,,0,3,131,109.4,4
2024-04-11,M-E12,全电动,18.8,0,,0,1,527,176.8,3
2024-04-11,M-E13,全电动,17.2,0,,0,3,183,179.9,0
2024-04-11,M-O01,油压,14.1,0,,0,1,199,217.7,2
2024-04-11,M-O02,油压,18.0,0,,0,2,212,230.4,4
2024-04-11,M-O03,油压,18.7,0,,0,2,422,325.0,1
2024-04-11,M-O04,油压,13.6,0,,0,2,248,373.5,2
2024-04-11,M-O05,油压,17.0,0,,0,3,363,487.5,2
2024-04-11,M-O06,油压,16.9,0,,0,2,150,564.8,0
2024-04-11,M-O07,油压,13.7,0,,0,1,91,476.1,3
2024-04-11,M-O08,油压,14.3,0,,0,2,304,675.5,1
2024-04-11,M-O09,油压,13.8,0,,0,4,203,613.2,0
2024-04-11,M-D01,双色旋转,18.6,0,,0,1,136,162.7,2
2024-04-11,M-D02,双色旋转,15.2,0,,0,2,251,450.0,1
2024-04-11,M-D03,双色旋转,17.7,0,,0,3,463,600.3,2
2024-04-11,M-T01,两板,14.3,0,,0,3,214,40.5,1
2024-04-11,M-T02,两板,16.0,0,,0,2,555,478.1,0
2024-04-11,M-T03,两板,15.0,0,,0,2,408,800.1,4
2024-04-11,M-T04,两板,14.9,0,,0,2,279,1076.3,4
2024-04-12,M-E01,全电动,15.5,0,,0,1,101,27.3,4
2024-04-12,M-E02,全电动,15.6,0,,0,1,296,28.5,4
2024-04-12,M-E03,全电动,13.0,0,,0.2,4,112,43.5,0
2024-04-12,M-E04,全电动,13.4,0,,0.1,4,414,31.4,4
2024-04-12,M-E05,全电动,18.9,0,,0,2,312,79.1,2
2024-04-12,M-E06,全电动,14.7,0,,0,2,475,44.5,1
2024-04-12,M-E07,全电动,16.5,0,,0,3,294,73.3,4
2024-04-12,M-E08,全电动,13.3,0,,0.2,1,386,73.5,0
2024-04-12,M-E09,全电动,18.6,0,,0,3,310,117.1,2
2024-04-12,M-E10,全电动,14.7,0,,0,2,294,102.5,4
2024-04-12,M-E11,全电动,18.2,0,,0,2,520,150.5,3
2024-04-12,M-E12,全电动,15.5,0,,0,3,523,170.5,2
2024-04-12,M-E13,全电动,16.8,0,,0,2,352,216.4,2
2024-04-12,M-O01,油压,18.6,0,,0.2,1,194,297.5,3
2024-04-12,M-O02,油压,17.9,0,,0,2,401,326.1,3
2024-04-12,M-O03,油压,16.5,0,,0,2,523,327.0,1
2024-04-12,M-O04,油压,15.9,0,,0,2,386,430.2,4
2024-04-12,M-O05,油压,13.7,0,,0,2,216,410.0,1
2024-04-12,M-O06,油压,16.5,0,,0,3,351,424.8,1
2024-04-12,M-O07,油压,18.7,0,,0,2,135,807.4,4
2024-04-12,M-O08,油压,16.7,0,,0,2,586,706.2,4
2024-04-12,M-O09,油压,14.8,0,,0.1,3,444,655.7,3
2024-04-12,M-D01,双色旋转,13.4,0,,0,2,368,112.3,4
2024-04-12,M-D02,双色旋转,17.8,0,,0,1,146,514.3,0
2024-04-12,M-D03,双色旋转,13.6,0,,0,3,599,354.9,4
2024-04-12,M-T01,两板,15.7,0,,0,2,246,54.1,0
2024-04-12,M-T02,两板,18.1,0,,0,3,407,398.0,1
2024-04-12,M-T03,两板,15.2,0,,0.0,2,105,722.4,3
2024-04-12,M-T04,两板,16.7,0,,0,3,443,1263.9,4
2024-04-13,M-E01,全电动,15.5,0,,0,2,274,24.9,4
2024-04-13,M-E02,全电动,16.8,0,,0,2,426,29.7,0
2024-04-13,M-E03,全电动,16.2,0,,0,2,98,53.9,3
2024-04-13,M-E04,全电动,15.6,0,,0,2,519,46.9,2
2024-04-13,M-E05,全电动,9.5,3.6,电气故障,0,2,455,34.7,0
2024-04-13,M-E06,全电动,14.3,0,,0,3,539,51.3,1
2024-04-13,M-E07,全电动,13.4,0,,0,3,433,52.5,0
2024-04-13,M-E08,全电动,17.2,0,,0,1,543,111.4,2
2024-04-13,M-E09,全电动,17.5,0,,0,1,408,140.4,1
2024-04-13,M-E10,全电动,18.5,0,,0,2,524,152.2,4
2024-04-13,M-E11,全电动,18.3,0,,0,1,340,174.0,3
2024-04-13,M-E12,全电动,18.8,0,,0,1,598,162.5,1
2024-04-13,M-E13,全电动,13.5,3.5,电气故障,0,2,300,149.2,1
2024-04-13,M-O01,油压,16.8,0,,0,2,300,203.9,1
2024-04-13,M-O02,油压,14.0,0,,0,1,534,192.5,4
2024-04-13,M-O03,油压,15.3,0,,0,3,388,323.2,4
2024-04-13,M-O04,油压,17.9,0,,0,2,116,462.2,2
2024-04-13,M-O05,油压,11.7,3.4,加热系统,0.4,2,526,374.2,2
2024-04-13,M-O06,油压,16.0,0,,0,3,323,599.1,4
2024-04-13,M-O07,油压,19.0,0,,0.4,3,585,607.5,3
2024-04-13,M-O08,油压,15.9,0,,0,2,301,725.4,3
2024-04-13,M-O09,油压,13.5,0,,0,2,528,565.8,3
2024-04-13,M-D01,双色旋转,17.7,0,,0.4,3,437,132.1,1
2024-04-13,M-D02,双色旋转,15.8,0,,0,3,161,547.4,3
2024-04-13,M-D03,双色旋转,17.4,0,,0,2,360,550.1,1
2024-04-13,M-T01,两板,14.3,0,,0,1,94,49.4,1
2024-04-13,M-T02,两板,13.4,0,,0,2,188,381.3,2
2024-04-13,M-T03,两板,17.9,0,,0,3,584,868.3,2
2024-04-13,M-T04,两板,17.2,0,,0.0,2,118,1612.3,2
2024-04-14,M-E01,全电动,17.2,0,,0,1,492,37.2,2
2024-04-14,M-E02,全电动,14.4,0,,0,2,83,22.4,2
2024-04-14,M-E03,全电动,16.7,0,,0,3,278,39.5,4
2024-04-14,M-E04,全电动,16.9,0,,0,4,286,50.1,0
2024-04-14,M-E05,全电动,15.6,0,,0,3,452,49.6,1
2024-04-14,M-E06,全电动,13.5,0,,0,2,449,44.3,0
2024-04-14,M-E07,全电动,15.2,0,,0,1,194,62.0,3
2024-04-14,M-E08,全电动,14.2,0,,0,3,526,64.5,0
2024-04-14,M-E09,全电动,15.7,0,,0.5,2,312,109.3,4
2024-04-14,M-E10,全电动,14.8,0,,0,1,342,101.9,0
2024-04-14,M-E11,全电动,17.8,0,,0.1,3,460,127.8,4
2024-04-14,M-E12,全电动,13.5,0,,0,3,206,127.1,0
2024-04-14,M-E13,全电动,18.5,0,,0,1,385,208.2,4
2024-04-14,M-O01,油压,15.6,0,,0,1,474,216.7,4
2024-04-14,M-O02,油压,14.6,0,,0,2,540,220.0,3
2024-04-14,M-O03,油压,13.5,0,,0,1,478,289.7,4
2024-04-14,M-O04,油压,17.4,0,,0,2,331,362.6,1
2024-04-14,M-O05,油压,13.6,1.1,加热系统,0.2,3,592,311.0,3
2024-04-14,M-O06,油压,16.6,0,,0,3,569,432.0,0
2024-04-14,M-O07,油压,14.6,0,,0,2,551,624.7,0
2024-04-14,M-O08,油压,15.0,0,,0,2,436,732.3,0
2024-04-14,M-O09,油压,13.2,0,,0,3,560,692.4,3
2024-04-14,M-D01,双色旋转,17.6,0,,0,3,478,139.2,0
2024-04-14,M-D02,双色旋转,18.4,0,,0,1,364,626.9,0
2024-04-14,M-D03,双色旋转,16.1,0,,0,3,263,466.4,3
2024-04-14,M-T01,两板,18.4,0,,0,3,238,52.5,1
2024-04-14,M-T02,两板,13.5,0,,0,3,129,309.6,3
2024-04-14,M-T03,两板,15.5,0,,0,2,574,937.6,1
2024-04-14,M-T04,两板,15.3,0,,0,1,499,1116.2,4
2024-04-15,M-E01,全电动,18.6,0,,0,3,441,32.2,4
2024-04-15,M-E02,全电动,14.0,0,,0,3,294,28.2,1
2024-04-15,M-E03,全电动,16.5,0,,0.1,2,525,46.7,3
2024-04-15,M-E04,全电动,14.0,0,,0,1,101,35.8,4
2024-04-15,M-E05,全电动,13.6,0.9,液压系统,0,4,450,41.3,2
2024-04-15,M-E06,全电动,16.6,0,,0,2,354,69.0,2
2024-04-15,M-E07,全电动,14.6,0,,0,2,295,56.4,4
2024-04-15,M-E08,全电动,14.4,0,,0,3,291,82.2,4
2024-04-15,M-E09,全电动,17.9,0,,0,3,123,115.8,1
2024-04-15,M-E10,全电动,13.9,0,,0,1,388,122.7,3
2024-04-15,M-E11,全电动,17.4,0,,0,1,160,173.7,3
2024-04-15,M-E12,全电动,14.0,0,,0.3,3,434,155.2,1
2024-04-15,M-E13,全电动,17.6,0,,0,1,553,205.4,3
2024-04-15,M-O01,油压,16.6,0,,0,2,572,237.2,0
2024-04-15,M-O02,油压,15.0,0,,0,2,222,256.9,4
2024-04-15,M-O03,油压,16.9,0,,0,2,129,358.9,2
2024-04-15,M-O04,油压,18.6,0,,0,2,321,428.7,4
2024-04-15,M-O05,油压,13.4,0,,0.1,2,220,319.2,3
2024-04-15,M-O06,油压,13.5,0,,0,3,212,353.7,3
2024-04-15,M-O07,油压,18.5,0,,0,4,593,664.3,1
2024-04-15,M-O08,油压,18.9,0,,0,3,370,696.1,1
2024-04-15,M-O09,油压,15.7,0,,0,1,532,808.9,4
2024-04-15,M-D01,双色旋转,16.9,0,,0,2,424,142.2,2
2024-04-15,M-D02,双色旋转,12.9,3.0,模具问题,0.5,1,139,414.6,1
2024-04-15,M-D03,双色旋转,15.3,0,,0,4,154,501.4,4
2024-04-15,M-T01,两板,16.3,0,,0.1,3,442,60.2,0
2024-04-15,M-T02,两板,18.1,0,,0,3,200,437.4,1
2024-04-15,M-T03,两板,18.4,0,,0.2,2,231,1099.4,1
2024-04-15,M-T04,两板,14.7,0,,0,1,222,1377.0,4
2024-04-16,M-E01,全电动,15.0,0,,0,3,140,32.0,4
2024-04-16,M-E02,全电动,15.4,0,,0,2,237,29.2,3
2024-04-16,M-E03,全电动,18.0,0,,0,2,149,46.6,2
2024-04-16,M-E04,全电动,16.2,0,,0,1,260,47.6,2
2024-04-16,M-E05,全电动,18.6,0,,0,2,411,70.8,3
2024-04-16,M-E06,全电动,16.1,0,,0,2,194,67.7,4
2024-04-16,M-E07,全电动,14.8,0,,0,1,179,80.6,0
2024-04-16,M-E08,全电动,13.7,0,,0,3,111,64.2,1
2024-04-16,M-E09,全电动,15.8,0,,0,2,150,111.4,4
2024-04-16,M-E10,全电动,18.0,0,,0,1,477,161.8,1
2024-04-16,M-E11,全电动,13.2,0,,0,4,245,121.2,4
2024-04-16,M-E12,全电动,17.4,0,,0,2,220,164.6,0
2024-04-16,M-E13,全电动,16.4,0,,0,2,94,172.5,3
2024-04-16,M-O01,油压,15.9,0,,0,2,356,258.7,4
2024-04-16,M-O02,油压,14.7,0,,0,2,522,188.8,0
2024-04-16,M-O03,油压,18.0,0,,0,3,218,328.2,3
2024-04-16,M-O04,油压,16.1,0,,0,3,391,341.1,4
2024-04-16,M-O05,油压,14.0,0,,0,2,593,326.8,2
2024-04-16,M-O06,油压,13.6,0,,0,2,180,498.2,4
2024-04-16,M-O07,油压,17.8,0,,0.0,1,335,535.8,3
2024-04-16,M-O08,油压,16.5,0,,0,3,149,654.7,3
2024-04-16,M-O09,油压,18.1,0,,0,2,174,768.2,2
2024-04-16,M-D01,双色旋转,13.2,0,,0,2,489,136.9,0
2024-04-16,M-D02,双色旋转,19.0,0,,0,4,598,590.2,3
2024-04-16,M-D03,双色旋转,15.1,0,,0,3,330,459.0,3
2024-04-16,M-T01,两板,16.4,0,,0,2,560,47.6,0
2024-04-16,M-T02,两板,18.7,0,,0.2,2,195,538.8,2
2024-04-16,M-T03,两板,16.1,0,,0,1,126,1035.6,3
2024-04-16,M-T04,两板,15.999999999999998,2.4,液压系统,0,5,482,1179.8,3
2024-04-17,M-E01,全电动,18.1,0,,0,2,270,31.5,2
2024-04-17,M-E02,全电动,13.0,1.3,传感器异常,0,2,161,23.0,3
2024-04-17,M-E03,全电动,14.8,0,,0,2,288,43.2,2
2024-04-17,M-E04,全电动,13.4,0,,0,4,442,38.3,0
2024-04-17,M-E05,全电动,15.4,0,,0,2,457,54.6,3
2024-04-17,M-E06,全电动,13.9,0,,0,3,398,42.7,4
2024-04-17,M-E07,全电动,13.0,0,,0.3,2,543,72.8,2
2024-04-17,M-E08,全电动,16.2,0,,0,2,225,92.1,3
2024-04-17,M-E09,全电动,15.9,0,,0,2,436,104.7,4
2024-04-17,M-E10,全电动,18.7,0,,0,3,474,149.4,0
2024-04-17,M-E11,全电动,17.6,0,,0,1,202,125.4,1
2024-04-17,M-E12,全电动,14.2,0,,0,1,346,133.9,3
2024-04-17,M-E13,全电动,14.2,0,,0.4,2,406,152.7,2
2024-04-17,M-O01,油压,15.8,0,,0,2,497,182.3,1
2024-04-17,M-O02,油压,18.4,0,,0,1,535,304.0,1
2024-04-17,M-O03,油压,16.8,0,,0,1,444,298.1,1
2024-04-17,M-O04,油压,14.6,0,,0,3,142,387.1,2
2024-04-17,M-O05,油压,14.1,0,,0,1,418,389.2,0
2024-04-17,M-O06,油压,13.9,0,,0,4,289,523.8,4
2024-04-17,M-O07,油压,14.6,0,,0,2,185,581.4,0
2024-04-17,M-O08,油压,17.1,0,,0,1,533,843.1,4
2024-04-17,M-O09,油压,13.7,0,,0,3,300,747.1,1
2024-04-17,M-D01,双色旋转,15.4,0,,0,3,177,128.2,4
2024-04-17,M-D02,双色旋转,14.1,0,,0,3,83,502.2,2
2024-04-17,M-D03,双色旋转,14.6,0,,0,3,591,444.2,4
2024-04-17,M-T01,两板,13.5,0,,0,4,425,46.4,3
2024-04-17,M-T02,两板,15.9,0,,0.3,3,316,361.2,2
2024-04-17,M-T03,两板,15.3,0,,0.5,2,327,897.7,1
2024-04-17,M-T04,两板,16.6,0,,0,3,471,1090.5,4
2024-04-18,M-E01,全电动,13.3,0,,0,2,559,25.3,0
2024-04-18,M-E02,全电动,17.7,0,,0,2,285,32.5,2
2024-04-18,M-E03,全电动,14.5,0,,0,3,156,44.5,1
2024-04-18,M-E04,全电动,17.7,0,,0,2,85,52.6,0
2024-04-18,M-E05,全电动,12.0,3.2,电气故障,0.1,3,559,47.4,1
2024-04-18,M-E06,全电动,18.6,0,,0.3,5,482,67.8,3
2024-04-18,M-E07,全电动,17.3,0,,0.3,1,322,69.9,4
2024-04-18,M-E08,全电动,14.3,0,,0.3,2,144,91.1,4
2024-04-18,M-E09,全电动,17.3,0,,0,2,105,135.7,2
2024-04-18,M-E10,全电动,18.1,0,,0,2,209,149.9,1
2024-04-18,M-E11,全电动,16.7,0,,0,3,241,127.9,3
2024-04-18,M-E12,全电动,15.2,0,,0,2,256,178.7,3
2024-04-18,M-E13,全电动,15.5,0,,0,2,375,191.7,2
2024-04-18,M-O01,油压,15.1,0,,0,2,303,211.2,1
2024-04-18,M-O02,油压,14.2,0,,0,1,375,230.5,2
2024-04-18,M-O03,油压,17.6,0,,0,2,214,328.1,0
2024-04-18,M-O04,油压,15.1,0,,0,3,197,288.2,2
2024-04-18,M-O05,油压,13.3,0,,0,3,541,385.5,2
2024-04-18,M-O06,油压,18.7,0,,0.1,2,200,510.3,4
2024-04-18,M-O07,油压,16.6,0,,0.5,2,160,577.1,3
2024-04-18,M-O08,油压,18.3,0,,0,2,595,705.9,2
2024-04-18,M-O09,油压,14.3,2.0,电气故障,0.0,3,84,816.5,3
2024-04-18,M-D01,双色旋转,13.4,0,,0,3,295,136.3,2
2024-04-18,M-D02,双色旋转,15.3,0,,0,1,565,524.0,2
2024-04-18,M-D03,双色旋转,13.4,0,,0,2,107,349.3,2
2024-04-18,M-T01,两板,18.1,0,,0,2,175,66.8,1
2024-04-18,M-T02,两板,17.8,0,,0,1,236,467.0,2
2024-04-18,M-T03,两板,13.8,0,,0,2,141,633.3,0
2024-04-18,M-T04,两板,14.6,0,,0,2,511,1153.7,2
2024-04-19,M-E01,全电动,18.4,0,,0,4,415,38.4,4
2024-04-19,M-E02,全电动,17.9,0,,0,4,549,40.6,0
2024-04-19,M-E03,全电动,16.5,0,,0,2,449,41.0,0
2024-04-19,M-E04,全电动,15.7,0,,0.0,4,301,37.7,3
2024-04-19,M-E05,全电动,16.9,0,,0,3,133,69.0,3
2024-04-19,M-E06,全电动,14.5,0,,0,2,494,56.4,1
2024-04-19,M-E07,全电动,16.8,0,,0,2,184,89.4,2
2024-04-19,M-E08,全电动,16.1,0,,0.1,1,213,83.2,0
2024-04-19,M-E09,全电动,13.9,0,,0,1,565,92.4,4
2024-04-19,M-E10,全电动,14.7,0,,0,2,138,116.8,2
2024-04-19,M-E11,全电动,17.2,0,,0.1,3,447,159.3,1
2024-04-19,M-E12,全电动,13.2,0,,0,2,539,135.9,0
2024-04-19,M-E13,全电动,16.5,0,,0,2,268,162.7,1
2024-04-19,M-O01,油压,15.2,0,,0,3,321,247.5,1
2024-04-19,M-O02,油压,13.7,0,,0,1,542,232.2,1
2024-04-19,M-O03,油压,18.1,0,,0,1,544,335.9,3
2024-04-19,M-O04,油压,14.4,0,,0,4,488,330.7,1
2024-04-19,M-O05,油压,16.5,0,,0,2,236,513.1,1
2024-04-19,M-O06,油压,14.1,0,,0.4,4,194,490.0,2
2024-04-19,M-O07,油压,15.2,0,,0.5,2,158,602.0,0
2024-04-19,M-O08,油压,17.4,0,,0,2,500,869.7,2
2024-04-19,M-O09,油压,18.6,0,,0,2,281,764.3,0
2024-04-19,M-D01,双色旋转,18.3,0,,0,3,447,161.0,3
2024-04-19,M-D02,双色旋转,16.1,0,,0,2,409,549.0,2
2024-04-19,M-D03,双色旋转,14.9,0,,0,2,129,456.7,0
2024-04-19,M-T01,两板,18.9,0,,0,2,149,56.2,3
2024-04-19,M-T02,两板,17.7,0,,0,2,415,520.5,1
2024-04-19,M-T03,两板,18.0,0,,0,1,478,846.3,2
2024-04-19,M-T04,两板,15.8,0,,0,2,148,1049.5,3
2024-04-20,M-E01,全电动,18.6,0,,0.4,3,96,28.3,4
2024-04-20,M-E02,全电动,16.7,0,,0,1,453,30.4,2
2024-04-20,M-E03,全电动,18.7,0,,0,1,501,44.3,2
2024-04-20,M-E04,全电动,15.2,1.7,加热系统,0.5,1,585,44.4,3
2024-04-20,M-E05,全电动,13.5,0,,0,1,494,48.7,1
2024-04-20,M-E06,全电动,14.9,0,,0.5,1,437,53.4,3
2024-04-20,M-E07,全电动,19.0,0,,0,1,173,72.1,3
2024-04-20,M-E08,全电动,16.0,0,,0,3,189,98.6,1
2024-04-20,M-E09,全电动,17.0,0,,0.5,2,372,137.5,4
2024-04-20,M-E10,全电动,16.5,0,,0,1,232,131.7,0
2024-04-20,M-E11,全电动,13.3,0,,0,2,214,133.2,0
2024-04-20,M-E12,全电动,13.4,0,,0,5,103,155.6,4
2024-04-20,M-E13,全电动,15.7,0,,0,1,434,174.1,3
2024-04-20,M-O01,油压,14.3,0,,0,1,424,222.0,2
2024-04-20,M-O02,油压,18.8,0,,0,1,148,296.8,0
2024-04-20,M-O03,油压,17.1,0,,0,1,439,325.5,3
2024-04-20,M-O04,油压,15.5,0,,0,1,564,339.3,2
2024-04-20,M-O05,油压,16.6,0,,0.1,1,582,527.5,3
2024-04-20,M-O06,油压,18.0,0,,0,3,516,594.7,3
2024-04-20,M-O07,油压,15.0,0,,0,1,544,479.7,3
2024-04-20,M-O08,油压,15.0,0,,0,3,529,732.3,1
2024-04-20,M-O09,油压,15.399999999999999,1.3,加热系统,0,3,126,842.7,3
2024-04-20,M-D01,双色旋转,15.5,0,,0,1,279,124.0,0
2024-04-20,M-D02,双色旋转,13.9,0,,0.3,2,508,396.9,0
2024-04-20,M-D03,双色旋转,18.5,0,,0,2,344,569.7,1
2024-04-20,M-T01,两板,16.9,0,,0,1,290,61.4,3
2024-04-20,M-T02,两板,15.8,0,,0,2,276,468.2,2
2024-04-20,M-T03,两板,16.7,0,,0,2,410,1080.3,0
2024-04-20,M-T04,两板,16.5,0,,0,1,138,1529.5,4
2024-04-21,M-E01,全电动,17.2,0,,0.4,3,478,29.8,3
2024-04-21,M-E02,全电动,13.0,0,,0,3,578,24.4,2
2024-04-21,M-E03,全电动,17.3,0,,0,3,235,52.7,3
2024-04-21,M-E04,全电动,17.3,0,,0,3,317,48.3,2
2024-04-21,M-E05,全电动,18.3,0,,0,2,315,77.7,0
2024-04-21,M-E06,全电动,17.9,0,,0,2,420,67.2,1
2024-04-21,M-E07,全电动,13.2,0,,0,1,86,65.1,4
2024-04-21,M-E08,全电动,13.6,0,,0,3,124,73.0,2
2024-04-21,M-E09,全电动,17.3,0,,0,3,260,101.4,3
2024-04-21,M-E10,全电动,18.6,0,,0,2,282,127.7,0
2024-04-21,M-E11,全电动,13.2,0,,0,3,548,126.1,2
2024-04-21,M-E12,全电动,13.4,0,,0,1,85,123.0,1
2024-04-21,M-E13,全电动,15.5,0,,0,2,414,172.7,4
2024-04-21,M-O01,油压,17.5,0,,0,4,116,225.2,4
2024-04-21,M-O02,油压,17.8,0,,0,2,143,271.5,0
2024-04-21,M-O03,油压,15.8,0,,0,2,130,280.2,1
2024-04-21,M-O04,油压,16.9,0,,0,2,484,390.1,2
2024-04-21,M-O05,油压,15.6,0,,0,3,393,357.2,1
2024-04-21,M-O06,油压,15.9,0,,0,1,432,442.5,4
2024-04-21,M-O07,油压,16.3,0,,0,3,185,668.4,0
2024-04-21,M-O08,油压,15.8,0,,0,2,334,689.2,2
2024-04-21,M-O09,油压,13.3,0,,0,3,355,691.5,0
2024-04-21,M-D01,双色旋转,18.3,0,,0.1,1,269,192.5,0
2024-04-21,M-D02,双色旋转,14.2,0,,0,3,591,373.0,3
2024-04-21,M-D03,双色旋转,16.2,0,,0,1,304,571.1,1
2024-04-21,M-T01,两板,14.6,0,,0,1,82,44.4,0
2024-04-21,M-T02,两板,18.6,0,,0.5,2,409,400.1,0
2024-04-21,M-T03,两板,18.7,0,,0,2,439,987.4,3
2024-04-21,M-T04,两板,17.5,0,,0,2,500,1480.1,1
2024-04-22,M-E01,全电动,17.4,0,,0,2,440,32.1,0
2024-04-22,M-E02,全电动,16.1,0,,0,2,457,25.2,4
2024-04-22,M-E03,全电动,16.099999999999998,2.8,传感器异常,0.5,3,508,42.0,2
2024-04-22,M-E04,全电动,14.3,0,,0,3,325,47.4,1
2024-04-22,M-E05,全电动,18.4,0,,0,1,348,67.7,4
2024-04-22,M-E06,全电动,14.1,0,,0,1,436,54.2,4
2024-04-22,M-E07,全电动,14.7,0,,0,1,578,58.1,2
2024-04-22,M-E08,全电动,15.9,0,,0,2,253,76.5,2
2024-04-22,M-E09,全电动,18.4,0,,0,3,405,143.3,3
2024-04-22,M-E10,全电动,17.2,0,,0,3,412,109.5,2
2024-04-22,M-E11,全电动,18.0,0,,0,1,495,188.0,1
2024-04-22,M-E12,全电动,17.1,0,,0,1,464,145.0,2
2024-04-22,M-E13,全电动,15.0,0,,0,2,336,154.4,2
2024-04-22,M-O01,油压,16.7,0,,0.1,1,558,263.9,3
2024-04-22,M-O02,油压,16.8,0,,0,3,248,215.2,0
2024-04-22,M-O03,油压,15.4,0,,0,2,552,262.4,0
2024-04-22,M-O04,油压,15.0,0,,0,1,305,394.2,1
2024-04-22,M-O05,油压,18.7,0,,0,1,443,547.2,4
2024-04-22,M-O06,油压,18.3,0,,0,1,302,661.2,4
2024-04-22,M-O07,油压,15.4,0,,0,2,164,483.7,3
2024-04-22,M-O08,油压,19.0,0,,0,1,564,917.7,0
2024-04-22,M-O09,油压,18.8,0,,0,3,291,1052.5,3
2024-04-22,M-D01,双色旋转,18.7,0,,0,4,464,180.8,3
2024-04-22,M-D02,双色旋转,17.9,0,,0,3,349,516.0,3
2024-04-22,M-D03,双色旋转,16.3,0,,0,4,233,524.6,2
2024-04-22,M-T01,两板,15.9,0,,0,1,380,44.7,0
2024-04-22,M-T02,两板,14.0,0,,0,3,557,304.2,2
2024-04-22,M-T03,两板,14.0,0,,0.4,2,491,835.4,4
2024-04-22,M-T04,两板,13.0,0,,0,2,475,817.3,2
2024-04-23,M-E01,全电动,17.9,0,,0,2,584,30.6,3
2024-04-23,M-E02,全电动,15.3,0,,0,2,309,28.0,2
2024-04-23,M-E03,全电动,14.2,0,,0,3,280,34.6,3
2024-04-23,M-E04,全电动,17.9,0,,0.2,2,88,52.4,1
2024-04-23,M-E05,全电动,17.2,0,,0,2,366,78.4,1
2024-04-23,M-E06,全电动,13.3,0,,0,1,275,43.2,3
2024-04-23,M-E07,全电动,17.1,0,,0,2,220,66.4,1
2024-04-23,M-E08,全电动,13.5,0,,0,2,377,67.1,0
2024-04-23,M-E09,全电动,16.8,0,,0,2,367,135.8,1
2024-04-23,M-E10,全电动,18.3,0,,0,2,148,134.4,0
2024-04-23,M-E11,全电动,15.7,0,,0,1,291,158.8,2
2024-04-23,M-E12,全电动,17.1,0,,0,1,172,204.2,1
2024-04-23,M-E13,全电动,15.6,0,,0,2,464,176.2,2
2024-04-23,M-O01,油压,14.7,0,,0,1,151,193.5,1
2024-04-23,M-O02,油压,18.1,0,,0,2,575,280.7,1
2024-04-23,M-O03,油压,16.0,0,,0,1,245,345.6,2
2024-04-23,M-O04,油压,13.6,0,,0,2,172,373.3,2
2024-04-23,M-O05,油压,18.8,0,,0,2,325,556.7,0
2024-04-23,M-O06,油压,17.9,0,,0,3,154,584.9,1
2024-04-23,M-O07,油压,15.3,0,,0,3,111,480.1,3
2024-04-23,M-O08,油压,15.7,0,,0,3,337,731.0,1
2024-04-23,M-O09,油压,15.6,0,,0,2,453,770.7,2
2024-04-23,M-D01,双色旋转,18.4,0,,0,1,209,133.3,0
2024-04-23,M-D02,双色旋转,16.4,0,,0,3,565,411.2,2
2024-04-23,M-D03,双色旋转,16.0,0,,0,2,248,448.0,1
2024-04-23,M-T01,两板,15.3,0,,0,3,553,56.7,3
2024-04-23,M-T02,两板,16.0,0,,0,2,128,398.1,2
2024-04-23,M-T03,两板,14.5,0,,0,1,470,915.6,1
2024-04-23,M-T04,两板,18.6,0,,0.1,3,225,1463.8,1
2024-04-24,M-E01,全电动,13.8,0,,0,1,407,27.4,4
2024-04-24,M-E02,全电动,14.4,0,,0,1,548,25.8,1
2024-04-24,M-E03,全电动,13.8,0,,0,2,383,36.4,0
2024-04-24,M-E04,全电动,13.9,0,,0,2,539,31.4,1
2024-04-24,M-E05,全电动,14.4,0,,0.5,3,251,53.5,1
2024-04-24,M-E06,全电动,18.4,0,,0.4,1,577,61.6,3
2024-04-24,M-E07,全电动,16.2,0,,0,2,88,80.7,2
2024-04-24,M-E08,全电动,18.3,0,,0,1,177,122.3,2
2024-04-24,M-E09,全电动,17.4,0,,0,1,467,106.4,0
2024-04-24,M-E10,全电动,13.6,0,,0,3,264,105.8,0
2024-04-24,M-E11,全电动,14.9,0,,0,1,521,117.8,3
2024-04-24,M-E12,全电动,14.0,0,,0.3,3,306,140.5,2
2024-04-24,M-E13,全电动,18.5,0,,0,3,154,183.8,3
2024-04-24,M-O01,油压,18.5,0,,0.0,2,406,269.2,0
2024-04-24,M-O02,油压,14.2,0,,0,3,107,238.7,3
2024-04-24,M-O03,油压,18.9,0,,0,3,587,323.8,1
2024-04-24,M-O04,油压,14.9,0,,0,2,466,333.7,4
2024-04-24,M-O05,油压,14.1,0,,0,2,346,375.1,0
2024-04-24,M-O06,油压,13.3,0,,0,1,325,406.4,4
2024-04-24,M-O07,油压,18.0,0,,0,1,432,687.6,0
2024-04-24,M-O08,油压,16.0,0,,0,1,523,732.4,3
2024-04-24,M-O09,油压,15.0,0,,0,1,443,852.6,1
2024-04-24,M-D01,双色旋转,14.7,0,,0,1,456,150.3,0
2024-04-24,M-D02,双色旋转,14.4,0,,0,3,511,445.2,1
2024-04-24,M-D03,双色旋转,15.0,0,,0,2,82,512.2,4
2024-04-24,M-T01,两板,13.7,0,,0.1,3,126,44.3,0
2024-04-24,M-T02,两板,18.0,0,,0,1,113,473.7,1
2024-04-24,M-T03,两板,14.9,0,,0,3,414,809.7,4
2024-04-24,M-T04,两板,13.7,0,,0.3,2,563,1084.5,1
2024-04-25,M-E01,全电动,17.7,0,,0,1,546,33.3,2
2024-04-25,M-E02,全电动,14.8,0,,0,3,527,24.3,2
2024-04-25,M-E03,全电动,18.2,0,,0,2,510,53.1,4
2024-04-25,M-E04,全电动,14.1,0,,0,1,579,37.0,4
2024-04-25,M-E05,全电动,13.1,0,,0,2,462,43.3,4
2024-04-25,M-E06,全电动,14.6,0,,0,1,199,53.8,0
2024-04-25,M-E07,全电动,13.3,0,,0,1,553,66.6,3
2024-04-25,M-E08,全电动,18.2,0,,0,3,182,123.6,0
2024-04-25,M-E09,全电动,14.9,0,,0.3,5,568,103.8,3
2024-04-25,M-E10,全电动,16.5,0,,0,2,275,137.8,3
2024-04-25,M-E11,全电动,15.0,0,,0,1,504,131.5,0
2024-04-25,M-E12,全电动,14.5,0,,0,3,463,124.2,0
2024-04-25,M-E13,全电动,18.0,0,,0,3,150,193.6,1
2024-04-25,M-O01,油压,16.1,0,,0,3,526,195.0,1
2024-04-25,M-O02,油压,15.7,0,,0,4,180,220.0,4
2024-04-25,M-O03,油压,17.9,0,,0,3,510,372.8,1
2024-04-25,M-O04,油压,16.5,0,,0,4,269,393.2,4
2024-04-25,M-O05,油压,17.9,0,,0,2,381,427.6,1
2024-04-25,M-O06,油压,18.7,0,,0,3,336,528.2,2
2024-04-25,M-O07,油压,18.3,0,,0,3,418,564.6,1
2024-04-25,M-O08,油压,17.9,0,,0,3,327,834.9,0
2024-04-25,M-O09,油压,17.2,0,,0,3,372,734.2,3
2024-04-25,M-D01,双色旋转,15.3,0,,0,1,136,118.3,2
2024-04-25,M-D02,双色旋转,15.7,0,,0,1,433,402.3,4
2024-04-25,M-D03,双色旋转,17.3,0,,0,2,411,576.5,3
2024-04-25,M-T01,两板,16.0,2.7,模具问题,0,4,205,57.1,4
2024-04-25,M-T02,两板,13.4,0,,0,2,173,274.4,0
2024-04-25,M-T03,两板,13.6,0,,0.3,1,385,888.8,4
2024-04-25,M-T04,两板,13.6,0,,0,1,134,924.5,2
2024-04-26,M-E01,全电动,16.0,0,,0,2,100,35.0,1
2024-04-26,M-E02,全电动,16.0,0,,0,1,395,30.8,3
2024-04-26,M-E03,全电动,15.5,0,,0,4,430,44.2,3
2024-04-26,M-E04,全电动,15.3,0,,0,2,451,40.8,2
2024-04-26,M-E05,全电动,18.5,0,,0.0,1,446,66.0,4
2024-04-26,M-E06,全电动,13.5,0,,0,2,463,41.7,4
2024-04-26,M-E07,全电动,15.3,0,,0.2,2,529,76.5,0
2024-04-26,M-E08,全电动,15.9,0,,0.2,2,454,73.2,1
2024-04-26,M-E09,全电动,17.3,0,,0,2,308,110.8,2
2024-04-26,M-E10,全电动,15.1,0,,0,2,212,132.9,4
2024-04-26,M-E11,全电动,17.8,0,,0,1,539,132.9,2
2024-04-26,M-E12,全电动,13.4,0,,0,1,436,145.5,2
2024-04-26,M-E13,全电动,16.5,0,,0.1,2,319,215.2,2
2024-04-26,M-O01,油压,13.7,0,,0,2,174,156.8,3
2024-04-26,M-O02,油压,18.3,0,,0,2,437,242.2,2
2024-04-26,M-O03,油压,17.8,0,,0,1,174,332.9,4
2024-04-26,M-O04,油压,18.9,0,,0,1,252,448.0,0
2024-04-26,M-O05,油压,18.7,0,,0,1,529,523.9,1
2024-04-26,M-O06,油压,16.5,0,,0,1,122,483.7,2
2024-04-26,M-O07,油压,17.9,0,,0,1,98,602.2,3
2024-04-26,M-O08,油压,17.9,0,,0,2,269,666.8,4
2024-04-26,M-O09,油压,14.4,0,,0,3,80,827.5,2
2024-04-26,M-D01,双色旋转,13.6,0,,0,2,412,136.6,4
2024-04-26,M-D02,双色旋转,17.5,0,,0,3,144,590.0,4
2024-04-26,M-D03,双色旋转,18.6,0,,0,1,393,518.4,3
2024-04-26,M-T01,两板,17.1,0,,0,3,85,58.5,3
2024-04-26,M-T02,两板,13.2,0,,0,1,397,297.8,2
2024-04-26,M-T03,两板,14.9,0,,0,1,250,796.1,4
2024-04-26,M-T04,两板,16.4,0,,0,1,403,1232.8,4
2024-04-27,M-E01,全电动,13.7,0,,0,2,556,22.1,2
2024-04-27,M-E02,全电动,18.2,0,,0,2,378,41.3,1
2024-04-27,M-E03,全电动,16.7,0,,0,2,536,56.5,0
2024-04-27,M-E04,全电动,18.6,0,,0,3,350,63.4,2
2024-04-27,M-E05,全电动,18.2,0,,0,2,221,57.4,1
2024-04-27,M-E06,全电动,15.0,0,,0,2,466,46.2,0
2024-04-27,M-E07,全电动,16.6,0,,0.1,1,525,69.1,4
2024-04-27,M-E08,全电动,16.8,0,,0,3,276,94.0,3
2024-04-27,M-E09,全电动,16.2,0,,0,1,339,114.7,2
2024-04-27,M-E10,全电动,17.1,0,,0,2,193,108.7,4
2024-04-27,M-E11,全电动,15.2,0,,0,2,321,130.7,0
2024-04-27,M-E12,全电动,15.0,0,,0,4,464,175.2,1
2024-04-27,M-E13,全电动,14.0,0,,0,1,233,123.1,0
2024-04-27,M-O01,油压,18.0,0,,0,2,272,256.5,2
2024-04-27,M-O02,油压,16.6,0,,0,2,516,261.6,2
2024-04-27,M-O03,油压,15.6,0,,0,2,384,242.6,4
2024-04-27,M-O04,油压,17.6,0,,0,1,465,386.0,1
2024-04-27,M-O05,油压,17.1,0,,0,1,419,365.5,0
2024-04-27,M-O06,油压,10.8,3.6,模具问题,0,3,406,405.4,1
2024-04-27,M-O07,油压,14.4,0,,0.3,2,539,648.8,0
2024-04-27,M-O08,油压,15.9,0,,0,3,178,563.1,2
2024-04-27,M-O09,油压,17.6,0,,0,1,365,734.0,4
2024-04-27,M-D01,双色旋转,16.1,0,,0,2,274,133.8,3
2024-04-27,M-D02,双色旋转,13.8,0,,0,1,111,502.5,2
2024-04-27,M-D03,双色旋转,15.5,0,,0,2,261,580.5,1
2024-04-27,M-T01,两板,14.7,0,,0,1,415,40.8,1
2024-04-27,M-T02,两板,16.6,0,,0,3,229,468.8,3
2024-04-27,M-T03,两板,17.2,0,,0,3,524,1010.0,2
2024-04-27,M-T04,两板,12.5,3.7,加热系统,0,1,377,1046.1,3
2024-04-28,M-E01,全电动,14.1,0,,0,4,320,25.1,0
2024-04-28,M-E02,全电动,14.9,0,,0,2,157,32.2,1
2024-04-28,M-E03,全电动,15.2,0,,0,4,285,41.0,2
2024-04-28,M-E04,全电动,16.6,0,,0.2,3,100,47.8,0
2024-04-28,M-E05,全电动,16.8,0,,0,2,586,74.2,3
2024-04-28,M-E06,全电动,13.1,0,,0.3,2,198,40.0,3
2024-04-28,M-E07,全电动,13.6,0,,0,2,579,51.8,0
2024-04-28,M-E08,全电动,17.9,0,,0.0,2,124,113.0,2
2024-04-28,M-E09,全电动,15.0,0,,0.0,1,586,97.6,2
2024-04-28,M-E10,全电动,18.0,0,,0,4,455,129.7,4
2024-04-28,M-E11,全电动,14.2,0,,0,2,479,131.6,4
2024-04-28,M-E12,全电动,13.2,0,,0.1,1,192,111.9,2
2024-04-28,M-E13,全电动,17.3,0,,0,2,567,174.7,4
2024-04-28,M-O01,油压,13.7,0,,0,2,417,189.6,4
2024-04-28,M-O02,油压,17.1,0,,0,1,275,311.3,1
2024-04-28,M-O03,油压,15.5,0,,0,2,264,315.9,0
2024-04-28,M-O04,油压,17.7,0,,0,2,320,458.4,4
2024-04-28,M-O05,油压,13.8,0,,0,1,375,382.1,1
2024-04-28,M-O06,油压,17.8,0,,0,1,550,556.3,4
2024-04-28,M-O07,油压,15.0,0,,0,3,485,560.6,0
2024-04-28,M-O08,油压,13.6,0,,0,1,377,498.9,4
2024-04-28,M-O09,油压,16.2,0,,0,1,148,844.2,3
2024-04-28,M-D01,双色旋转,13.9,0,,0,1,277,104.9,2
2024-04-28,M-D02,双色旋转,14.5,0,,0,1,188,549.8,4
2024-04-28,M-D03,双色旋转,15.6,0,,0,4,410,572.3,2
2024-04-28,M-T01,两板,13.0,0,,0,3,106,45.0,1
2024-04-28,M-T02,两板,15.3,0,,0,2,259,315.7,1
2024-04-28,M-T03,两板,15.0,0,,0,1,466,800.7,2
2024-04-28,M-T04,两板,18.9,0,,0,2,495,1481.3,2
2024-04-29,M-E01,全电动,17.1,0,,0,1,561,33.8,3
2024-04-29,M-E02,全电动,15.1,0,,0,3,490,27.4,1
2024-04-29,M-E03,全电动,15.1,0,,0,4,252,41.9,2
2024-04-29,M-E04,全电动,15.4,0,,0,1,176,34.7,2
2024-04-29,M-E05,全电动,16.5,0,,0.3,3,402,51.4,2
2024-04-29,M-E06,全电动,18.5,0,,0,2,380,56.1,2
2024-04-29,M-E07,全电动,15.8,0,,0,2,132,89.3,1
2024-04-29,M-E08,全电动,15.8,0,,0.4,3,313,82.4,2
2024-04-29,M-E09,全电动,15.8,0,,0,2,425,92.9,0
2024-04-29,M-E10,全电动,17.5,0,,0.2,1,596,166.1,2
2024-04-29,M-E11,全电动,15.9,0,,0,4,170,128.3,0
2024-04-29,M-E12,全电动,13.6,0,,0,4,519,145.2,3
2024-04-29,M-E13,全电动,17.4,0,,0,3,222,207.1,1
2024-04-29,M-O01,油压,16.8,0,,0,1,376,221.6,4
2024-04-29,M-O02,油压,16.5,0,,0,3,99,226.2,3
2024-04-29,M-O03,油压,16.9,0,,0,3,572,273.4,4
2024-04-29,M-O04,油压,14.1,0,,0,3,525,375.7,1
2024-04-29,M-O05,油压,14.2,0,,0,1,107,365.4,2
2024-04-29,M-O06,油压,17.5,0,,0.1,2,163,568.5,4
2024-04-29,M-O07,油压,13.5,0,,0,2,536,538.4,2
2024-04-29,M-O08,油压,18.0,0,,0.2,1,149,942.2,1
2024-04-29,M-O09,油压,16.0,0,,0,2,110,711.3,2
2024-04-29,M-D01,双色旋转,17.0,0,,0,1,268,121.5,3
2024-04-29,M-D02,双色旋转,16.4,0,,0,2,241,430.0,4
2024-04-29,M-D03,双色旋转,16.6,0,,0,2,323,576.9,4
2024-04-29,M-T01,两板,18.7,0,,0,3,581,63.4,0
2024-04-29,M-T02,两板,15.1,0,,0,1,449,345.0,0
2024-04-29,M-T03,两板,15.3,0,,0,2,103,724.8,0
2024-04-29,M-T04,两板,15.2,0,,0,5,304,1228.2,0
2024-04-30,M-E01,全电动,13.3,0,,0,2,503,27.7,4
2024-04-30,M-E02,全电动,15.4,0,,0,2,173,28.7,1
2024-04-30,M-E03,全电动,17.3,0,,0,2,202,39.0,4
2024-04-30,M-E04,全电动,16.7,0,,0,2,339,39.3,3
2024-04-30,M-E05,全电动,18.2,0,,0.0,1,190,67.7,3
2024-04-30,M-E06,全电动,18.0,0,,0,2,548,54.9,4
2024-04-30,M-E07,全电动,15.7,0,,0,3,562,66.6,3
2024-04-30,M-E08,全电动,13.6,0,,0,2,167,89.7,1
2024-04-30,M-E09,全电动,16.3,0,,0.1,3,186,98.8,1
2024-04-30,M-E10,全电动,17.5,0,,0,3,562,144.5,3
2024-04-30,M-E11,全电动,18.3,0,,0,3,345,188.3,1
2024-04-30,M-E12,全电动,13.5,0,,0,3,542,121.7,4
2024-04-30,M-E13,全电动,17.1,0,,0,1,173,209.1,2
2024-04-30,M-O01,油压,13.7,0,,0,1,135,230.3,0
2024-04-30,M-O02,油压,13.0,0,,0,2,137,234.3,1
2024-04-30,M-O03,油压,13.6,0,,0,1,157,205.0,2
2024-04-30,M-O04,油压,14.6,0,,0,2,127,297.9,3
2024-04-30,M-O05,油压,13.6,0,,0,2,285,433.9,4
2024-04-30,M-O06,油压,15.4,0,,0,2,387,561.4,3
2024-04-30,M-O07,油压,17.6,0,,0.3,2,431,634.3,2
2024-04-30,M-O08,油压,13.5,0,,0,2,407,482.8,0
2024-04-30,M-O09,油压,16.9,0,,0,4,370,1016.9,0
2024-04-30,M-D01,双色旋转,13.9,0,,0,2,122,118.8,2
2024-04-30,M-D02,双色旋转,15.6,0,,0,4,220,513.9,4
2024-04-30,M-D03,双色旋转,14.7,0,,0,2,426,555.0,1
2024-04-30,M-T01,两板,16.7,0,,0.1,4,269,41.8,1
2024-04-30,M-T02,两板,14.7,0,,0,2,543,399.9,1
2024-04-30,M-T03,两板,17.3,0,,0,2,246,1036.8,4
2024-04-30,M-T04,两板,14.9,0,,0,1,202,1303.7,0
2024-05-01,M-E01,全电动,15.1,0,,0,1,511,32.1,0
2024-05-01,M-E02,全电动,15.6,0,,0,1,296,32.3,1
2024-05-01,M-E03,全电动,16.2,0,,0,1,452,39.5,0
2024-05-01,M-E04,全电动,17.9,0,,0.4,2,373,48.0,0
2024-05-01,M-E05,全电动,17.9,0,,0,2,498,81.3,4
2024-05-01,M-E06,全电动,18.7,0,,0,3,130,58.7,3
2024-05-01,M-E07,全电动,13.9,0,,0,1,354,72.4,2
2024-05-01,M-E08,全电动,14.2,0,,0.0,1,161,86.8,2
2024-05-01,M-E09,全电动,14.8,0,,0,2,596,85.1,2
2024-05-01,M-E10,全电动,19.0,0,,0,3,517,132.9,0
2024-05-01,M-E11,全电动,16.5,0,,0,3,280,130.9,2
2024-05-01,M-E12,全电动,18.4,0,,0,2,121,151.2,3
2024-05-01,M-E13,全电动,16.2,0,,0,2,474,189.0,1
2024-05-01,M-O01,油压,17.1,0,,0,3,403,193.6,2
2024-05-01,M-O02,油压,13.1,0,,0.2,1,159,192.2,3
2024-05-01,M-O03,油压,18.7,0,,0,1,428,306.3,2
2024-05-01,M-O04,油压,17.8,0,,0,2,418,432.4,1
2024-05-01,M-O05,油压,18.7,0,,0.4,2,114,461.5,1
2024-05-01,M-O06,油压,13.4,0,,0,2,265,450.4,3
2024-05-01,M-O07,油压,13.2,0,,0,1,595,403.8,2
2024-05-01,M-O08,油压,14.8,0,,0,2,180,664.1,1
2024-05-01,M-O09,油压,18.8,0,,0,1,327,793.7,1
2024-05-01,M-D01,双色旋转,17.2,0,,0.3,3,110,144.2,1
2024-05-01,M-D02,双色旋转,13.9,0,,0,1,354,409.6,1
2024-05-01,M-D03,双色旋转,13.3,0,,0,2,127,357.2,4
2024-05-01,M-T01,两板,16.6,0,,0,2,390,59.3,4
2024-05-01,M-T02,两板,14.1,0,,0,2,117,294.2,0
2024-05-01,M-T03,两板,17.7,0,,0,1,249,1032.0,2
2024-05-01,M-T04,两板,17.8,0,,0,3,120,1200.7,4
2024-05-02,M-E01,全电动,15.0,0,,0,1,406,32.6,3
2024-05-02,M-E02,全电动,16.6,0,,0,1,347,35.6,2
2024-05-02,M-E03,全电动,15.1,0,,0,1,101,38.9,4
2024-05-02,M-E04,全电动,17.4,0,,0,3,268,54.8,3
2024-05-02,M-E05,全电动,14.4,0,,0,1,129,64.4,0
2024-05-02,M-E06,全电动,14.8,0,,0.1,3,285,57.2,2
2024-05-02,M-E07,全电动,14.3,0,,0,3,360,67.9,0
2024-05-02,M-E08,全电动,16.6,0,,0,2,210,76.5,3
2024-05-02,M-E09,全电动,13.4,0,,0,3,196,97.6,1
2024-05-02,M-E10,全电动,14.4,0,,0,1,204,98.8,0
2024-05-02,M-E11,全电动,18.7,0,,0,1,380,167.8,1
2024-05-02,M-E12,全电动,16.1,0,,0,1,282,138.0,2
2024-05-02,M-E13,全电动,14.4,0,,0,4,165,151.2,3
2024-05-02,M-O01,油压,16.3,0,,0,1,190,256.9,4
2024-05-02,M-O02,油压,16.2,0,,0,3,484,243.7,0
2024-05-02,M-O03,油压,17.3,0,,0,3,431,348.0,0
2024-05-02,M-O04,油压,17.1,0,,0,2,337,324.7,2
2024-05-02,M-O05,油压,16.6,0,,0,2,555,389.2,1
2024-05-02,M-O06,油压,17.2,0,,0,3,236,590.4,3
2024-05-02,M-O07,油压,15.399999999999999,3.3,电气故障,0,1,566,584.3,4
2024-05-02,M-O08,油压,18.2,0,,0,2,426,855.2,4
2024-05-02,M-O09,油压,15.9,0,,0,1,348,955.6,0
2024-05-02,M-D01,双色旋转,17.6,0,,0,2,389,167.7,2
2024-05-02,M-D02,双色旋转,18.5,0,,0.5,2,558,637.3,4
2024-05-02,M-D03,双色旋转,18.3,0,,0,3,210,506.7,2
2024-05-02,M-T01,两板,18.8,0,,0,1,435,58.6,2
2024-05-02,M-T02,两板,15.4,0,,0,1,122,413.1,1
2024-05-02,M-T03,两板,18.2,0,,0,3,142,1007.3,0
2024-05-02,M-T04,两板,15.1,0,,0,2,106,1041.8,3
2024-05-03,M-E01,全电动,13.6,0,,0,1,401,29.6,2
2024-05-03,M-E02,全电动,13.4,0,,0,2,234,25.2,2
2024-05-03,M-E03,全电动,17.8,0,,0,1,446,45.3,0
2024-05-03,M-E04,全电动,15.2,0,,0,1,364,46.1,1
2024-05-03,M-E05,全电动,13.8,0,,0,1,312,46.3,2
2024-05-03,M-E06,全电动,15.5,0,,0,3,124,59.1,0
2024-05-03,M-E07,全电动,16.2,0,,0.3,3,215,73.6,1
2024-05-03,M-E08,全电动,16.6,0,,0.3,2,278,82.8,3
2024-05-03,M-E09,全电动,17.7,0,,0,1,480,117.7,1
2024-05-03,M-E10,全电动,16.7,0,,0,4,97,133.3,3
2024-05-03,M-E11,全电动,16.9,0,,0.0,2,130,154.1,0
2024-05-03,M-E12,全电动,14.8,0,,0.0,3,94,169.1,4
2024-05-03,M-E13,全电动,15.3,0,,0,1,159,159.0,0
2024-05-03,M-O01,油压,17.4,0,,0,2,113,275.0,0
2024-05-03,M-O02,油压,15.8,0,,0.2,3,301,197.8,2
2024-05-03,M-O03,油压,16.8,0,,0,2,414,376.9,0
2024-05-03,M-O04,油压,13.1,0,,0,2,182,365.4,0
2024-05-03,M-O05,油压,16.0,0,,0,1,227,428.6,4
2024-05-03,M-O06,油压,13.8,0,,0,3,105,471.6,1
2024-05-03,M-O07,油压,13.1,0,,0,3,596,580.3,3
2024-05-03,M-O08,油压,15.1,0,,0,1,520,686.4,3
2024-05-03,M-O09,油压,17.6,0,,0.0,1,348,1065.6,0
2024-05-03,M-D01,双色旋转,13.7,0,,0,2,186,133.8,1
2024-05-03,M-D02,双色旋转,10.9,2.5,模具问题,0,3,289,356.0,4
2024-05-03,M-D03,双色旋转,14.5,0,,0,2,500,502.9,3
2024-05-03,M-T01,两板,18.3,0,,0,2,535,66.7,3
2024-05-03,M-T02,两板,18.1,0,,0,3,411,422.2,4
2024-05-03,M-T03,两板,15.6,0,,0,2,535,757.4,1
2024-05-03,M-T04,两板,17.3,0,,0,2,313,1172.7,3
2024-05-04,M-E01,全电动,15.3,0,,0,3,487,24.7,3
2024-05-04,M-E02,全电动,17.5,0,,0,3,348,34.2,2
2024-05-04,M-E03,全电动,14.3,0,,0,2,265,33.6,4
2024-05-04,M-E04,全电动,15.1,0,,0,3,328,48.3,4
2024-05-04,M-E05,全电动,14.1,0,,0,1,133,51.8,1
2024-05-04,M-E06,全电动,18.1,0,,0,3,337,79.7,0
2024-05-04,M-E07,全电动,14.1,0,,0,2,586,54.7,4
2024-05-04,M-E08,全电动,18.0,0,,0,1,399,92.3,1
2024-05-04,M-E09,全电动,15.5,0,,0,1,312,126.7,4
2024-05-04,M-E10,全电动,14.0,0,,0.2,3,376,109.9,4
2024-05-04,M-E11,全电动,15.7,0,,0,2,304,159.5,2
2024-05-04,M-E12,全电动,18.4,0,,0.1,1,509,223.1,1
2024-05-04,M-E13,全电动,18.7,0,,0,1,593,170.7,2
2024-05-04,M-O01,油压,15.3,0,,0,2,167,219.0,2
2024-05-04,M-O02,油压,17.4,0,,0,2,578,252.5,0
2024-05-04,M-O03,油压,13.4,0,,0,3,593,209.7,3
2024-05-04,M-O04,油压,16.5,0,,0,4,414,329.9,3
2024-05-04,M-O05,油压,15.5,0,,0,1,247,363.0,4
2024-05-04,M-O06,油压,13.5,0,,0,2,428,477.5,2
2024-05-04,M-O07,油压,15.7,0,,0,3,416,480.5,4
2024-05-04,M-O08,油压,17.7,0,,0.1,2,294,756.3,1
2024-05-04,M-O09,油压,18.4,0,,0.3,3,294,983.8,3
2024-05-04,M-D01,双色旋转,14.7,0,,0,1,83,119.3,3
2024-05-04,M-D02,双色旋转,13.2,0,,0,2,160,497.0,4
2024-05-04,M-D03,双色旋转,17.1,0,,0,2,516,619.1,0
2024-05-04,M-T01,两板,15.5,0,,0,2,178,48.7,3
2024-05-04,M-T02,两板,16.0,0,,0,1,470,415.5,2
2024-05-04,M-T03,两板,16.6,0,,0,2,404,815.4,2
2024-05-04,M-T04,两板,15.5,0,,0,3,357,1342.0,0
2024-05-05,M-E01,全电动,16.1,0,,0,2,419,25.9,0
2024-05-05,M-E02,全电动,14.5,0,,0,1,437,32.6,2
2024-05-05,M-E03,全电动,15.0,0,,0,4,582,47.5,1
2024-05-05,M-E04,全电动,18.6,0,,0,2,471,43.0,0
2024-05-05,M-E05,全电动,16.4,0,,0,1,325,52.0,0
2024-05-05,M-E06,全电动,15.8,0,,0,4,308,63.1,2
2024-05-05,M-E07,全电动,18.0,0,,0,2,386,74.6,2
2024-05-05,M-E08,全电动,15.7,0,,0,3,475,86.0,0
2024-05-05,M-E09,全电动,18.8,0,,0,3,130,116.8,2
2024-05-05,M-E10,全电动,13.6,0,,0,2,209,126.6,1
2024-05-05,M-E11,全电动,16.1,0,,0,3,558,159.4,1
2024-05-05,M-E12,全电动,13.6,0,,0,4,582,157.8,2
2024-05-05,M-E13,全电动,15.4,0,,0,2,421,186.2,0
2024-05-05,M-O01,油压,17.1,0,,0,2,510,222.0,2
2024-05-05,M-O02,油压,18.0,0,,0.3,3,168,267.7,0
2024-05-05,M-O03,油压,14.5,0,,0,2,217,244.0,1
2024-05-05,M-O04,油压,17.8,0,,0,1,452,420.2,3
2024-05-05,M-O05,油压,17.6,0,,0.0,1,183,393.5,2
2024-05-05,M-O06,油压,17.7,0,,0,4,425,583.0,0
2024-05-05,M-O07,油压,18.7,0,,0.5,4,282,768.0,1
2024-05-05,M-O08,油压,15.5,0,,0,3,226,707.0,0
2024-05-05,M-O09,油压,14.3,0,,0.5,1,100,588.8,2
2024-05-05,M-D01,双色旋转,18.2,0,,0,2,406,137.7,1
2024-05-05,M-D02,双色旋转,14.4,0,,0,2,339,379.7,1
2024-05-05,M-D03,双色旋转,13.5,0,,0,2,220,446.4,4
2024-05-05,M-T01,两板,13.2,0,,0,1,171,42.9,2
2024-05-05,M-T02,两板,15.7,0,,0,1,81,390.9,3
2024-05-05,M-T03,两板,16.8,0,,0,3,133,916.5,3
2024-05-05,M-T04,两板,16.099999999999998,1.3,模具问题,0,3,267,1345.0,4
2024-05-06,M-E01,全电动,16.5,0,,0,3,395,25.7,4
2024-05-06,M-E02,全电动,13.8,0,,0,1,163,23.4,4
2024-05-06,M-E03,全电动,15.9,0,,0,2,408,46.3,4
2024-05-06,M-E04,全电动,18.8,0,,0,2,282,61.4,3
2024-05-06,M-E05,全电动,15.8,0,,0,1,167,61.0,4
2024-05-06,M-E06,全电动,16.5,2.5,电气故障,0,4,425,52.6,3
2024-05-06,M-E07,全电动,14.2,0,,0.2,2,406,60.8,4
2024-05-06,M-E08,全电动,16.6,0,,0,2,254,112.4,3
2024-05-06,M-E09,全电动,13.9,0,,0,3,585,88.7,0
2024-05-06,M-E10,全电动,16.1,0,,0,1,102,129.2,0
2024-05-06,M-E11,全电动,18.9,0,,0,2,425,176.4,1
2024-05-06,M-E12,全电动,16.1,1.5,加热系统,0,2,293,176.4,0
2024-05-06,M-E13,全电动,16.5,0,,0,2,189,172.3,1
2024-05-06,M-O01,油压,17.1,0,,0,1,302,232.2,4
2024-05-06,M-O02,油压,13.4,0,,0,4,591,204.2,3
2024-05-06,M-O03,油压,14.0,0,,0,2,278,306.5,1
2024-05-06,M-O04,油压,16.7,1.1,传感器异常,0,2,276,328.6,4
2024-05-06,M-O05,油压,15.1,0,,0,2,341,473.4,1
2024-05-06,M-O06,油压,16.4,0,,0,4,416,507.5,0
2024-05-06,M-O07,油压,16.8,0,,0,2,401,609.3,0
2024-05-06,M-O08,油压,13.8,0,,0.4,2,274,717.1,3
2024-05-06,M-O09,油压,17.9,0,,0.1,3,409,1049.8,2
2024-05-06,M-D01,双色旋转,14.8,0,,0,2,389,143.3,0
2024-05-06,M-D02,双色旋转,17.6,0,,0.5,1,334,562.3,1
2024-05-06,M-D03,双色旋转,17.2,0,,0,3,121,479.8,4
2024-05-06,M-T01,两板,13.1,0,,0,3,98,45.2,3
2024-05-06,M-T02,两板,14.1,1.6,传感器异常,0,3,220,409.4,1
2024-05-06,M-T03,两板,17.1,0,,0,2,417,981.3,2
2024-05-06,M-T04,两板,16.9,0,,0.3,1,177,1157.7,2
2024-05-07,M-E01,全电动,15.9,0,,0,2,560,28.6,2
2024-05-07,M-E02,全电动,17.6,0,,0,2,547,38.1,3
2024-05-07,M-E03,全电动,15.6,0,,0.5,1,326,39.0,4
2024-05-07,M-E04,全电动,15.5,0,,0,2,464,39.7,2
2024-05-07,M-E05,全电动,16.2,0,,0,3,319,59.9,3
2024-05-07,M-E06,全电动,18.4,0,,0,4,202,66.0,2
2024-05-07,M-E07,全电动,16.2,0,,0,3,382,85.9,2
2024-05-07,M-E08,全电动,15.5,0,,0,2,251,91.8,1
2024-05-07,M-E09,全电动,17.1,0,,0,2,148,118.5,3
2024-05-07,M-E10,全电动,15.6,0,,0,3,470,136.9,2
2024-05-07,M-E11,全电动,14.0,0,,0,1,340,148.9,0
2024-05-07,M-E12,全电动,17.7,0,,0,1,319,184.2,3
2024-05-07,M-E13,全电动,17.6,0,,0,1,123,225.6,1
2024-05-07,M-O01,油压,17.8,0,,0,2,551,251.6,1
2024-05-07,M-O02,油压,18.5,0,,0,3,424,324.6,4
2024-05-07,M-O03,油压,18.9,0,,0.3,1,491,313.6,0
2024-05-07,M-O04,油压,15.8,0,,0,3,487,438.0,3
2024-05-07,M-O05,油压,13.0,0,,0,2,423,403.3,3
2024-05-07,M-O06,油压,14.5,0,,0.3,2,162,484.8,3
2024-05-07,M-O07,油压,14.0,0,,0,2,547,514.0,4
2024-05-07,M-O08,油压,14.8,0,,0,1,420,666.3,3
2024-05-07,M-O09,油压,14.4,0,,0.0,1,345,627.1,0
2024-05-07,M-D01,双色旋转,17.5,0,,0,2,196,126.2,1
2024-05-07,M-D02,双色旋转,16.5,0,,0,3,415,484.3,2
2024-05-07,M-D03,双色旋转,16.1,0,,0,1,342,594.6,2
2024-05-07,M-T01,两板,16.7,0,,0.1,2,121,44.2,3
2024-05-07,M-T02,两板,16.2,0,,0,2,265,450.0,2
2024-05-07,M-T03,两板,16.4,0,,0,2,353,1035.3,1
2024-05-07,M-T04,两板,18.4,0,,0,3,208,1587.2,4
2024-05-08,M-E01,全电动,13.7,0,,0,3,144,22.0,0
2024-05-08,M-E02,全电动,13.2,0,,0,3,228,28.4,3
2024-05-08,M-E03,全电动,13.5,0,,0,2,159,44.5,2
2024-05-08,M-E04,全电动,14.6,0,,0,1,305,49.6,2
2024-05-08,M-E05,全电动,13.1,0,,0.3,3,127,47.2,4
2024-05-08,M-E06,全电动,17.8,0,,0,2,568,66.7,1
2024-05-08,M-E07,全电动,15.6,0,,0,3,584,69.3,2
2024-05-08,M-E08,全电动,17.6,0,,0,4,462,102.5,2
2024-05-08,M-E09,全电动,17.0,0,,0,2,559,113.8,4
2024-05-08,M-E10,全电动,18.6,0,,0,3,487,160.1,2
2024-05-08,M-E11,全电动,16.7,0,,0,1,549,162.1,1
2024-05-08,M-E12,全电动,15.8,0,,0,1,550,153.1,2
2024-05-08,M-E13,全电动,13.7,0,,0,2,397,181.8,2
2024-05-08,M-O01,油压,14.7,0,,0,1,348,206.6,0
2024-05-08,M-O02,油压,16.1,0,,0,1,519,217.5,1
2024-05-08,M-O03,油压,14.9,0,,0,4,331,255.9,0
2024-05-08,M-O04,油压,15.2,0,,0,1,484,345.5,3
2024-05-08,M-O05,油压,16.4,0,,0,3,450,485.5,0
2024-05-08,M-O06,油压,14.3,0,,0,4,291,388.2,4
2024-05-08,M-O07,油压,17.5,0,,0,4,455,725.3,3
2024-05-08,M-O08,油压,14.5,0,,0,2,140,519.3,1
2024-05-08,M-O09,油压,18.9,0,,0.3,1,409,1058.9,4
2024-05-08,M-D01,双色旋转,15.4,0,,0.0,1,451,163.4,0
2024-05-08,M-D02,双色旋转,13.8,0,,0,1,535,471.9,0
2024-05-08,M-D03,双色旋转,15.4,0,,0,2,285,428.3,4
2024-05-08,M-T01,两板,13.9,0,,0,3,153,51.8,4
2024-05-08,M-T02,两板,17.3,0,,0,2,196,348.2,1
2024-05-08,M-T03,两板,17.7,0,,0,2,570,1013.4,0
2024-05-08,M-T04,两板,15.2,0,,0.2,1,173,1173.0,1
2024-05-09,M-E01,全电动,15.7,0,,0,2,161,32.6,1
2024-05-09,M-E02,全电动,16.7,0,,0,1,392,25.4,2
2024-05-09,M-E03,全电动,17.6,0,,0.0,3,543,44.1,3
2024-05-09,M-E04,全电动,13.1,0,,0,3,140,44.6,1
2024-05-09,M-E05,全电动,17.5,0,,0,2,359,73.4,4
2024-05-09,M-E06,全电动,16.2,0,,0,2,166,61.9,2
2024-05-09,M-E07,全电动,14.6,0,,0,3,139,76.0,1
2024-05-09,M-E08,全电动,15.6,0,,0,2,502,84.8,2
2024-05-09,M-E09,全电动,16.4,0,,0,2,128,108.2,1
2024-05-09,M-E10,全电动,14.700000000000001,1.9,液压系统,0,2,239,139.6,1
2024-05-09,M-E11,全电动,18.7,0,,0,2,394,185.1,4
2024-05-09,M-E12,全电动,14.1,0,,0.2,2,234,147.7,4
2024-05-09,M-E13,全电动,17.7,0,,0.4,1,449,163.1,3
2024-05-09,M-O01,油压,15.299999999999999,2.1,传感器异常,0,3,467,209.7,2
2024-05-09,M-O02,油压,14.4,0,,0,2,485,240.9,2
2024-05-09,M-O03,油压,14.5,2.0,加热系统,0,1,544,238.6,3
2024-05-09,M-O04,油压,14.2,0,,0,1,384,291.5,2
2024-05-09,M-O05,油压,15.1,2.1,液压系统,0,4,506,450.4,0
2024-05-09,M-O06,油压,14.7,0,,0,2,252,417.7,2
2024-05-09,M-O07,油压,16.4,0,,0,2,121,609.7,3
2024-05-09,M-O08,油压,18.1,0,,0.3,4,322,859.5,4
2024-05-09,M-O09,油压,13.4,0,,0.4,2,85,801.6,4
2024-05-09,M-D01,双色旋转,15.8,0,,0,2,462,164.7,3
2024-05-09,M-D02,双色旋转,14.5,0,,0,3,428,410.5,0
2024-05-09,M-D03,双色旋转,9.8,3.7,液压系统,0,3,91,324.8,2
2024-05-09,M-T01,两板,13.5,0,,0.3,4,395,51.3,1
2024-05-09,M-T02,两板,18.9,0,,0,3,391,541.5,0
2024-05-09,M-T03,两板,13.9,0,,0,3,309,695.4,3
2024-05-09,M-T04,两板,17.9,0,,0,2,258,1683.2,3
2024-05-10,M-E01,全电动,16.7,0,,0.3,2,192,33.7,2
2024-05-10,M-E02,全电动,18.1,0,,0,3,173,34.4,3
2024-05-10,M-E03,全电动,14.9,0,,0,1,126,35.3,2
2024-05-10,M-E04,全电动,18.2,0,,0,1,327,42.0,0
2024-05-10,M-E05,全电动,17.5,0,,0,2,336,71.1,3
2024-05-10,M-E06,全电动,17.1,0,,0,3,311,52.6,0
2024-05-10,M-E07,全电动,16.3,0,,0,1,321,83.2,4
2024-05-10,M-E08,全电动,17.1,0,,0,3,105,104.0,2
2024-05-10,M-E09,全电动,16.2,0,,0,4,352,104.0,3
2024-05-10,M-E10,全电动,18.7,0,,0,2,320,148.0,3
2024-05-10,M-E11,全电动,15.7,0,,0.0,2,485,134.3,1
2024-05-10,M-E12,全电动,18.2,0,,0.3,1,380,164.8,0
2024-05-10,M-E13,全电动,16.5,0,,0,1,570,148.2,3
2024-05-10,M-O01,油压,16.2,0,,0,4,478,248.6,1
2024-05-10,M-O02,油压,14.2,0,,0,1,350,244.3,2
2024-05-10,M-O03,油压,13.7,0,,0.3,3,464,254.3,0
2024-05-10,M-O04,油压,16.0,0,,0,1,239,415.7,3
2024-05-10,M-O05,油压,13.5,0,,0,2,331,376.3,4
2024-05-10,M-O06,油压,14.0,0,,0,2,407,441.4,2
2024-05-10,M-O07,油压,16.4,0,,0,4,228,548.9,0
2024-05-10,M-O08,油压,18.3,0,,0,3,243,903.8,2
2024-05-10,M-O09,油压,16.4,0,,0,2,369,854.8,2
2024-05-10,M-D01,双色旋转,17.5,0,,0,3,302,168.4,1
2024-05-10,M-D02,双色旋转,13.1,0,,0,2,447,469.5,1
2024-05-10,M-D03,双色旋转,16.9,0,,0.2,1,214,578.1,2
2024-05-10,M-T01,两板,15.6,0,,0,1,89,55.1,3
2024-05-10,M-T02,两板,16.3,0,,0,1,538,365.4,1
2024-05-10,M-T03,两板,13.4,0,,0,1,303,803.1,1
2024-05-10,M-T04,两板,13.9,0,,0,2,173,1100.1,0
2024-05-11,M-E01,全电动,16.8,0,,0,2,570,36.5,4
2024-05-11,M-E02,全电动,16.6,0,,0,1,372,36.5,2
2024-05-11,M-E03,全电动,15.4,0,,0,2,466,37.2,4
2024-05-11,M-E04,全电动,15.4,0,,0,1,120,38.0,4
2024-05-11,M-E05,全电动,15.7,0,,0,4,302,55.7,0
2024-05-11,M-E06,全电动,16.1,0,,0,2,555,49.3,2
2024-05-11,M-E07,全电动,16.7,0,,0,3,232,90.0,1
2024-05-11,M-E08,全电动,16.6,0,,0,3,497,94.0,0
2024-05-11,M-E09,全电动,17.8,0,,0,1,417,148.4,3
2024-05-11,M-E10,全电动,18.8,0,,0,3,469,156.9,2
2024-05-11,M-E11,全电动,15.3,0,,0,1,161,117.1,0
2024-05-11,M-E12,全电动,15.0,0,,0,2,129,135.7,1
2024-05-11,M-E13,全电动,14.7,0,,0.4,1,336,179.6,1
2024-05-11,M-O01,油压,14.8,0,,0.4,2,115,195.8,1
2024-05-11,M-O02,油压,14.4,0,,0,3,486,207.2,2
2024-05-11,M-O03,油压,15.6,0,,0,4,512,347.4,4
2024-05-11,M-O04,油压,17.7,0,,0.0,2,277,333.6,2
2024-05-11,M-O05,油压,16.0,0,,0,3,420,465.8,3
2024-05-11,M-O06,油压,18.8,0,,0,1,395,574.9,2
2024-05-11,M-O07,油压,13.6,0,,0,2,331,547.9,2
2024-05-11,M-O08,油压,15.8,0,,0,2,511,727.0,1
2024-05-11,M-O09,油压,16.2,0,,0,2,481,935.1,3
2024-05-11,M-D01,双色旋转,15.3,0,,0,1,264,116.0,4
2024-05-11,M-D02,双色旋转,15.4,0,,0,3,384,511.9,3
2024-05-11,M-D03,双色旋转,13.0,0,,0,3,473,421.6,0
2024-05-11,M-T01,两板,13.6,0,,0,2,562,43.7,0
2024-05-11,M-T02,两板,13.3,0,,0.4,1,446,284.6,3
2024-05-11,M-T03,两板,13.7,0,,0,2,281,851.6,2
2024-05-11,M-T04,两板,15.3,0,,0,2,178,1167.7,3
2024-05-12,M-E01,全电动,15.0,0,,0,1,242,33.0,2
2024-05-12,M-E02,全电动,15.3,0,,0,4,125,33.2,3
2024-05-12,M-E03,全电动,17.0,0,,0.1,3,503,46.1,3
2024-05-12,M-E04,全电动,13.6,0,,0,4,472,33.2,4
2024-05-12,M-E05,全电动,17.1,0,,0,2,363,72.9,3
2024-05-12,M-E06,全电动,12.5,1.3,传感器异常,0.2,2,114,47.1,0
2024-05-12,M-E07,全电动,16.5,0,,0,3,303,80.3,3
2024-05-12,M-E08,全电动,16.0,0,,0,2,312,85.1,2
2024-05-12,M-E09,全电动,17.1,0,,0,1,259,117.5,1
2024-05-12,M-E10,全电动,14.8,0,,0,2,140,98.4,1
2024-05-12,M-E11,全电动,13.4,0,,0.3,3,595,96.0,2
2024-05-12,M-E12,全电动,17.6,0,,0,1,240,156.5,0
2024-05-12,M-E13,全电动,15.8,0,,0,2,185,162.7,1
2024-05-12,M-O01,油压,18.6,0,,0,2,566,309.4,2
2024-05-12,M-O02,油压,18.0,0,,0,1,225,301.3,0
2024-05-12,M-O03,油压,18.8,0,,0,3,198,312.8,0
2024-05-12,M-O04,油压,14.3,0,,0,3,292,360.3,1
2024-05-12,M-O05,油压,18.3,0,,0.4,1,80,531.0,1
2024-05-12,M-O06,油压,13.9,0,,0,3,427,396.0,3
2024-05-12,M-O07,油压,16.0,0,,0.1,1,467,651.9,0
2024-05-12,M-O08,油压,17.8,0,,0,2,152,815.2,2
2024-05-12,M-O09,油压,14.8,0,,0.2,3,163,608.9,1
2024-05-12,M-D01,双色旋转,14.6,0,,0,2,240,122.5,3
2024-05-12,M-D02,双色旋转,13.8,0,,0,2,411,391.2,4
2024-05-12,M-D03,双色旋转,13.5,0,,0,2,559,512.6,2
2024-05-12,M-T01,两板,17.6,0,,0,1,180,58.9,2
2024-05-12,M-T02,两板,13.5,0,,0,2,159,389.7,1
2024-05-12,M-T03,两板,14.3,0,,0,2,382,716.4,4
2024-05-12,M-T04,两板,14.1,0,,0,2,277,1030.9,4
2024-05-13,M-E01,全电动,15.1,0,,0,1,322,27.2,2
2024-05-13,M-E02,全电动,18.1,0,,0,3,100,28.4,4
2024-05-13,M-E03,全电动,16.1,0,,0,3,386,42.9,1
2024-05-13,M-E04,全电动,18.1,0,,0,3,506,47.0,0
2024-05-13,M-E05,全电动,17.6,0,,0,2,224,53.7,4
2024-05-13,M-E06,全电动,18.2,0,,0,3,241,64.6,3
2024-05-13,M-E07,全电动,14.6,0,,0,2,535,64.4,3
2024-05-13,M-E08,全电动,17.9,0,,0,3,328,117.8,1
2024-05-13,M-E09,全电动,15.0,0,,0,2,594,86.5,2
2024-05-13,M-E10,全电动,14.5,0,,0,2,129,130.6,3
2024-05-13,M-E11,全电动,14.8,0,,0,2,544,146.2,3
2024-05-13,M-E12,全电动,15.5,0,,0,3,481,175.0,2
2024-05-13,M-E13,全电动,18.5,0,,0,1,441,241.9,2
2024-05-13,M-O01,油压,17.8,0,,0,1,549,287.0,2
2024-05-13,M-O02,油压,17.7,0,,0,1,109,242.5,1
2024-05-13,M-O03,油压,16.1,0,,0,2,463,260.6,1
2024-05-13,M-O04,油压,18.5,0,,0,1,325,504.5,3
2024-05-13,M-O05,油压,18.9,0,,0,2,456,515.3,2
2024-05-13,M-O06,油压,16.8,0,,0,2,149,552.7,3
2024-05-13,M-O07,油压,18.4,0,,0,2,168,690.4,0
2024-05-13,M-O08,油压,13.1,0,,0,2,542,687.3,3
2024-05-13,M-O09,油压,16.2,0,,0,1,565,838.9,0
2024-05-13,M-D01,双色旋转,13.8,0,,0,3,435,121.2,1
2024-05-13,M-D02,双色旋转,13.3,0,,0,1,319,466.7,0
2024-05-13,M-D03,双色旋转,15.4,0,,0,2,574,538.1,3
2024-05-13,M-T01,两板,13.3,0,,0.1,3,584,49.9,1
2024-05-13,M-T02,两板,13.3,0,,0,1,411,266.7,0
2024-05-13,M-T03,两板,14.2,0,,0,2,430,894.7,2
2024-05-13,M-T04,两板,18.0,0,,0,1,113,1270.0,1
2024-05-14,M-E01,全电动,13.9,0,,0,2,97,26.0,2
2024-05-14,M-E02,全电动,13.7,0,,0,3,432,22.3,3
2024-05-14,M-E03,全电动,17.4,0,,0.2,1,300,54.7,0
2024-05-14,M-E04,全电动,17.8,0,,0,2,305,40.8,4
2024-05-14,M-E05,全电动,17.4,0,,0.5,3,265,73.5,3
2024-05-14,M-E06,全电动,18.5,0,,0,2,346,61.9,3
2024-05-14,M-E07,全电动,15.9,0,,0.4,2,515,82.1,2
2024-05-14,M-E08,全电动,9.700000000000001,3.6,电气故障,0,1,485,57.3,4
2024-05-14,M-E09,全电动,14.4,0,,0,2,544,94.6,2
2024-05-14,M-E10,全电动,15.2,0,,0,2,338,124.9,3
2024-05-14,M-E11,全电动,17.1,0,,0,2,295,162.7,4
2024-05-14,M-E12,全电动,15.5,0,,0,1,456,179.0,3
2024-05-14,M-E13,全电动,16.0,0,,0,1,285,145.7,1
2024-05-14,M-O01,油压,13.5,0,,0,3,355,168.8,1
2024-05-14,M-O02,油压,16.4,0,,0,2,555,206.0,2
2024-05-14,M-O03,油压,16.3,0,,0,3,556,367.6,4
2024-05-14,M-O04,油压,16.6,2.2,加热系统,0,2,339,464.9,2
2024-05-14,M-O05,油压,16.6,0,,0,1,562,490.4,0
2024-05-14,M-O06,油压,17.6,0,,0,1,99,582.7,3
2024-05-14,M-O07,油压,18.5,0,,0,4,377,712.3,2
2024-05-14,M-O08,油压,14.9,0,,0.4,2,350,716.9,3
2024-05-14,M-O09,油压,14.7,0,,0,2,456,810.2,1
2024-05-14,M-D01,双色旋转,17.7,0,,0,2,180,170.1,4
2024-05-14,M-D02,双色旋转,17.9,0,,0,2,545,475.5,4
2024-05-14,M-D03,双色旋转,17.4,0,,0,4,418,486.8,4
2024-05-14,M-T01,两板,16.6,0,,0,2,373,47.4,3
2024-05-14,M-T02,两板,13.8,0,,0,2,279,321.0,2
2024-05-14,M-T03,两板,15.6,0,,0,2,401,964.2,0
2024-05-14,M-T04,两板,13.4,0,,0,1,449,948.7,2
2024-05-15,M-E01,全电动,19.0,0,,0,2,511,41.6,3
2024-05-15,M-E02,全电动,18.1,0,,0,2,569,29.4,0
2024-05-15,M-E03,全电动,17.8,0,,0,3,116,50.5,2
2024-05-15,M-E04,全电动,16.1,0,,0,3,305,42.8,0
2024-05-15,M-E05,全电动,17.8,0,,0.2,3,102,66.6,0
2024-05-15,M-E06,全电动,14.5,0,,0,2,269,61.7,1
2024-05-15,M-E07,全电动,16.2,0,,0,2,345,73.5,1
2024-05-15,M-E08,全电动,17.5,0,,0,3,411,109.7,0
2024-05-15,M-E09,全电动,13.5,0,,0,1,378,87.2,0
2024-05-15,M-E10,全电动,16.5,0,,0,3,277,141.3,1
2024-05-15,M-E11,全电动,13.0,0,,0,2,102,123.7,0
2024-05-15,M-E12,全电动,15.5,0,,0,2,365,181.4,2
2024-05-15,M-E13,全电动,18.6,0,,0,1,372,166.6,2
2024-05-15,M-O01,油压,15.2,0,,0,3,310,189.8,2
2024-05-15,M-O02,油压,14.000000000000002,3.6,模具问题,0,2,277,243.0,1
2024-05-15,M-O03,油压,15.9,0,,0,1,239,311.3,0
2024-05-15,M-O04,油压,16.4,0,,0,2,310,338.4,4
2024-05-15,M-O05,油压,16.2,0,,0,1,258,369.5,1
2024-05-15,M-O06,油压,15.5,0,,0.0,2,321,387.9,3
2024-05-15,M-O07,油压,13.1,0,,0,2,329,483.0,3
2024-05-15,M-O08,油压,15.4,0,,0,2,280,576.7,0
2024-05-15,M-O09,油压,16.7,0,,0.4,1,414,777.3,4
2024-05-15,M-D01,双色旋转,13.6,0,,0,2,168,142.6,4
2024-05-15,M-D02,双色旋转,18.1,0,,0,1,191,517.8,3
2024-05-15,M-D03,双色旋转,18.6,0,,0,2,575,636.3,2
2024-05-15,M-T01,两板,17.2,0,,0.3,1,353,55.8,1
2024-05-15,M-T02,两板,14.1,0,,0.4,2,102,292.7,1
2024-05-15,M-T03,两板,15.8,0,,0,2,89,726.7,2
2024-05-15,M-T04,两板,14.4,0,,0,1,599,1170.0,3
2024-05-16,M-E01,全电动,13.2,0,,0,1,515,26.8,1
2024-05-16,M-E02,全电动,16.1,0,,0,3,513,30.7,4
2024-05-16,M-E03,全电动,18.1,0,,0,3,487,46.8,4
2024-05-16,M-E04,全电动,14.5,0,,0,2,592,39.8,1
2024-05-16,M-E05,全电动,16.0,0,,0.3,1,312,63.1,0
2024-05-16,M-E06,全电动,16.3,0,,0,1,264,64.8,3
2024-05-16,M-E07,全电动,16.2,0,,0.3,2,196,72.0,0
2024-05-16,M-E08,全电动,17.3,0,,0.0,4,125,91.9,2
2024-05-16,M-E09,全电动,13.3,0,,0.4,1,270,80.4,1
2024-05-16,M-E10,全电动,14.9,0,,0,3,367,98.4,3
2024-05-16,M-E11,全电动,16.4,0,,0,1,349,127.9,0
2024-05-16,M-E12,全电动,15.2,0,,0.4,3,473,151.2,3
2024-05-16,M-E13,全电动,15.1,0,,0,2,428,146.8,1
2024-05-16,M-O01,油压,18.9,0,,0,2,300,244.8,4
2024-05-16,M-O02,油压,15.8,0,,0,2,256,225.2,4
2024-05-16,M-O03,油压,15.9,0,,0.4,3,389,245.6,0
2024-05-16,M-O04,油压,13.8,0,,0,1,440,290.1,3
2024-05-16,M-O05,油压,17.9,0,,0,2,205,496.0,2
2024-05-16,M-O06,油压,16.2,0,,0,1,127,572.5,4
2024-05-16,M-O07,油压,14.3,0,,0,1,572,618.5,4
2024-05-16,M-O08,油压,16.6,0,,0,4,372,760.3,3
2024-05-16,M-O09,油压,15.1,0,,0,3,133,659.3,2
2024-05-16,M-D01,双色旋转,17.3,0,,0.5,1,569,177.6,0
2024-05-16,M-D02,双色旋转,13.1,0,,0,2,418,352.1,0
2024-05-16,M-D03,双色旋转,14.2,0,,0,4,188,484.4,0
2024-05-16,M-T01,两板,13.2,0,,0,3,170,44.8,4
2024-05-16,M-T02,两板,17.9,0,,0,2,207,532.1,1
2024-05-16,M-T03,两板,14.7,0,,0.4,2,476,988.2,1
2024-05-16,M-T04,两板,18.9,0,,0.3,2,84,1290.1,4
2024-05-17,M-E01,全电动,15.4,0,,0,1,455,23.6,4
2024-05-17,M-E02,全电动,15.6,0,,0.2,2,421,26.7,2
2024-05-17,M-E03,全电动,16.3,0,,0.4,1,467,51.5,1
2024-05-17,M-E04,全电动,17.8,0,,0,1,180,53.0,2
2024-05-17,M-E05,全电动,15.7,0,,0,3,382,50.0,2
2024-05-17,M-E06,全电动,16.7,0,,0,2,373,52.5,0
2024-05-17,M-E07,全电动,16.8,0,,0,5,330,81.5,0
2024-05-17,M-E08,全电动,17.2,0,,0,3,150,80.2,4
2024-05-17,M-E09,全电动,18.2,0,,0.4,2,319,127.6,3
2024-05-17,M-E10,全电动,17.5,0,,0,4,392,123.2,1
2024-05-17,M-E11,全电动,18.2,0,,0,2,378,139.1,4
2024-05-17,M-E12,全电动,15.7,0,,0,1,217,179.5,3
2024-05-17,M-E13,全电动,14.1,0,,0,2,119,183.3,4
2024-05-17,M-O01,油压,14.0,0,,0.3,2,458,194.7,2
2024-05-17,M-O02,油压,17.2,0,,0,1,530,239.0,2
2024-05-17,M-O03,油压,16.7,0,,0.1,3,445,373.0,0
2024-05-17,M-O04,油压,17.1,0,,0,1,473,435.4,2
2024-05-17,M-O05,油压,13.8,0,,0,2,154,353.1,1
2024-05-17,M-O06,油压,18.2,0,,0,1,95,478.9,2
2024-05-17,M-O07,油压,13.0,0,,0,1,593,564.9,4
2024-05-17,M-O08,油压,17.9,0,,0,1,241,773.8,0
2024-05-17,M-O09,油压,15.8,0,,0.5,2,570,773.7,1
2024-05-17,M-D01,双色旋转,18.8,0,,0.1,1,425,152.4,0
2024-05-17,M-D02,双色旋转,18.7,0,,0,2,463,585.3,4
2024-05-17,M-D03,双色旋转,10.200000000000001,3.6,液压系统,0,3,133,309.3,1
2024-05-17,M-T01,两板,13.5,0,,0,2,161,38.3,1
2024-05-17,M-T02,两板,16.2,0,,0.3,2,586,480.6,0
2024-05-17,M-T03,两板,18.9,0,,0.1,2,426,951.3,4
2024-05-17,M-T04,两板,14.3,0,,0,2,93,1139.1,3
2024-05-18,M-E01,全电动,15.4,0,,0,4,583,29.7,2
2024-05-18,M-E02,全电动,17.1,0,,0,2,394,26.4,2
2024-05-18,M-E03,全电动,15.2,0,,0,2,123,51.2,2
2024-05-18,M-E04,全电动,13.7,0,,0,1,581,37.4,0
2024-05-18,M-E05,全电动,15.1,0,,0,3,117,57.1,0
2024-05-18,M-E06,全电动,14.9,0,,0,2,487,58.2,4
2024-05-18,M-E07,全电动,16.7,0,,0.4,3,531,68.7,1
2024-05-18,M-E08,全电动,14.8,0,,0,2,392,83.0,0
2024-05-18,M-E09,全电动,14.3,0,,0,3,101,112.9,4
2024-05-18,M-E10,全电动,16.3,0,,0,2,95,120.4,3
2024-05-18,M-E11,全电动,13.8,0,,0,1,523,118.2,2
2024-05-18,M-E12,全电动,17.4,0,,0,3,293,197.6,2
2024-05-18,M-E13,全电动,15.4,0,,0,1,118,190.3,2
2024-05-18,M-O01,油压,15.8,0,,0,3,187,185.8,0
2024-05-18,M-O02,油压,14.399999999999999,2.5,加热系统,0,1,570,238.3,3
2024-05-18,M-O03,油压,16.1,0,,0.1,1,572,353.0,0
2024-05-18,M-O04,油压,17.5,0,,0.0,2,100,334.1,4
2024-05-18,M-O05,油压,14.8,0,,0,2,132,357.4,4
2024-05-18,M-O06,油压,18.0,0,,0,1,489,567.5,2
2024-05-18,M-O07,油压,16.8,0,,0,1,243,647.3,1
2024-05-18,M-O08,油压,17.5,0,,0,1,116,825.7,4
2024-05-18,M-O09,油压,14.5,0,,0,2,579,742.6,3
2024-05-18,M-D01,双色旋转,13.9,0,,0.3,1,520,111.5,0
2024-05-18,M-D02,双色旋转,18.3,0,,0,2,324,633.7,4
2024-05-18,M-D03,双色旋转,14.3,0,,0,2,445,478.0,1
2024-05-18,M-T01,两板,13.0,0,,0,2,156,43.7,4
2024-05-18,M-T02,两板,13.8,0,,0,1,259,348.4,3
2024-05-18,M-T03,两板,13.2,0,,0,2,81,693.6,3
2024-05-18,M-T04,两板,17.4,0,,0.2,1,591,1354.8,0
2024-05-19,M-E01,全电动,16.1,0,,0,1,539,32.4,1
2024-05-19,M-E02,全电动,17.2,0,,0,1,265,36.2,1
2024-05-19,M-E03,全电动,14.5,0,,0,1,215,44.2,3
2024-05-19,M-E04,全电动,15.1,0,,0,3,187,40.2,2
2024-05-19,M-E05,全电动,13.8,0,,0.3,4,101,60.4,0
2024-05-19,M-E06,全电动,18.7,0,,0,2,158,78.8,0
2024-05-19,M-E07,全电动,14.7,0,,0,1,162,73.8,2
2024-05-19,M-E08,全电动,18.2,0,,0.1,1,266,87.6,0
2024-05-19,M-E09,全电动,13.6,0,,0,3,243,76.0,3
2024-05-19,M-E10,全电动,15.2,0,,0,2,315,100.3,0
2024-05-19,M-E11,全电动,15.5,0,,0,2,177,122.9,1
2024-05-19,M-E12,全电动,14.6,0,,0,1,164,129.3,2
2024-05-19,M-E13,全电动,17.6,0,,0,3,169,213.8,3
2024-05-19,M-O01,油压,18.0,0,,0,1,313,261.1,0
2024-05-19,M-O02,油压,15.3,0,,0,2,291,215.9,0
2024-05-19,M-O03,油压,14.6,0,,0.3,2,335,264.7,4
2024-05-19,M-O04,油压,13.5,0,,0,1,484,263.5,4
2024-05-19,M-O05,油压,13.9,0,,0,2,598,376.8,0
2024-05-19,M-O06,油压,17.4,0,,0.4,1,509,579.8,3
2024-05-19,M-O07,油压,16.1,0,,0,1,419,485.9,2
2024-05-19,M-O08,油压,17.7,0,,0,1,453,657.1,2
2024-05-19,M-O09,油压,18.3,0,,0,2,103,896.3,4
2024-05-19,M-D01,双色旋转,18.1,0,,0,3,120,166.3,3
2024-05-19,M-D02,双色旋转,18.7,0,,0,3,252,701.3,3
2024-05-19,M-D03,双色旋转,14.9,0,,0,4,401,407.4,2
2024-05-19,M-T01,两板,16.8,0,,0,2,305,62.1,4
2024-05-19,M-T02,两板,18.5,0,,0,3,374,461.4,2
2024-05-19,M-T03,两板,17.8,0,,0,2,257,953.6,0
2024-05-19,M-T04,两板,17.8,0,,0,3,197,1187.8,0
2024-05-20,M-E01,全电动,18.7,0,,0,2,248,34.8,2
2024-05-20,M-E02,全电动,13.5,0,,0,3,513,23.2,0
2024-05-20,M-E03,全电动,15.9,0,,0,1,404,43.7,0
2024-05-20,M-E04,全电动,16.5,0,,0.1,3,599,46.7,3
2024-05-20,M-E05,全电动,18.7,0,,0,3,410,73.3,1
2024-05-20,M-E06,全电动,17.2,0,,0,2,163,66.7,4
2024-05-20,M-E07,全电动,18.7,0,,0,1,576,103.6,0
2024-05-20,M-E08,全电动,15.1,0,,0,2,269,103.0,4
2024-05-20,M-E09,全电动,14.5,0,,0,4,219,114.0,4
2024-05-20,M-E10,全电动,13.6,0,,0,1,458,102.8,0
2024-05-20,M-E11,全电动,17.0,0,,0,1,201,129.5,2
2024-05-20,M-E12,全电动,17.1,0,,0.0,3,217,207.7,4
2024-05-20,M-E13,全电动,15.9,0,,0,1,573,192.8,0
2024-05-20,M-O01,油压,17.0,0,,0,3,466,224.5,1
2024-05-20,M-O02,油压,14.9,0,,0,3,239,232.3,2
2024-05-20,M-O03,油压,14.3,0,,0,1,257,297.5,0
2024-05-20,M-O04,油压,17.1,0,,0,2,330,434.4,1
2024-05-20,M-O05,油压,16.9,0,,0,4,119,432.1,2
2024-05-20,M-O06,油压,13.7,0,,0,2,439,358.8,2
2024-05-20,M-O07,油压,18.8,0,,0,2,249,685.5,0
2024-05-20,M-O08,油压,18.1,0,,0,3,540,864.5,0
2024-05-20,M-O09,油压,13.0,0,,0,1,529,662.0,3
2024-05-20,M-D01,双色旋转,15.600000000000001,1.2,传感器异常,0,2,525,120.5,1
2024-05-20,M-D02,双色旋转,17.0,0,,0,3,484,563.8,4
2024-05-20,M-D03,双色旋转,12.299999999999999,2.4,电气故障,0.2,2,509,448.1,2
2024-05-20,M-T01,两板,16.8,0,,0,1,307,62.5,4
2024-05-20,M-T02,两板,16.4,0,,0,2,151,349.0,2
2024-05-20,M-T03,两板,16.1,0,,0,1,258,1043.8,3
2024-05-20,M-T04,两板,14.4,0,,0,1,423,968.0,1
2024-05-21,M-E01,全电动,18.1,0,,0,3,324,32.8,4
2024-05-21,M-E02,全电动,17.6,0,,0,1,460,33.5,1
2024-05-21,M-E03,全电动,15.8,0,,0,2,232,38.3,4
2024-05-21,M-E04,全电动,13.8,0,,0,1,438,32.9,4
2024-05-21,M-E05,全电动,14.1,0,,0,2,489,62.9,0
2024-05-21,M-E06,全电动,16.4,0,,0,2,465,72.4,1
2024-05-21,M-E07,全电动,14.4,0,,0,2,112,65.7,3
2024-05-21,M-E08,全电动,16.9,0,,0.0,1,174,89.7,1
2024-05-21,M-E09,全电动,17.5,0,,0,2,271,105.3,2
2024-05-21,M-E10,全电动,16.3,0,,0,2,97,138.4,0
2024-05-21,M-E11,全电动,15.7,0,,0,1,506,141.0,4
2024-05-21,M-E12,全电动,16.3,0,,0,1,259,178.5,1
2024-05-21,M-E13,全电动,17.5,0,,0,3,348,162.2,2
2024-05-21,M-O01,油压,17.7,0,,0,2,599,299.9,1
2024-05-21,M-O02,油压,10.3,3.1,电气故障,0.4,1,477,138.4,1
2024-05-21,M-O03,油压,17.3,0,,0,1,473,267.4,2
2024-05-21,M-O04,油压,14.9,0,,0.5,1,447,416.7,0
2024-05-21,M-O05,油压,16.8,0,,0,2,295,397.8,0
2024-05-21,M-O06,油压,13.7,0,,0,3,341,349.4,4
2024-05-21,M-O07,油压,13.2,0,,0.1,2,392,558.2,2
2024-05-21,M-O08,油压,14.0,0,,0,2,100,598.7,2
2024-05-21,M-O09,油压,15.8,0,,0,3,546,716.3,4
2024-05-21,M-D01,双色旋转,17.4,0,,0,1,436,132.2,1
2024-05-21,M-D02,双色旋转,14.0,0,,0,2,290,463.7,1
2024-05-21,M-D03,双色旋转,15.899999999999999,2.0,加热系统,0,1,332,438.4,2
2024-05-21,M-T01,两板,16.5,0,,0,1,154,51.9,1
2024-05-21,M-T02,两板,13.7,0,,0.4,2,308,346.2,2
2024-05-21,M-T03,两板,16.3,0,,0,3,424,960.2,4
2024-05-21,M-T04,两板,14.6,0,,0,4,351,1027.8,1
2024-05-22,M-E01,全电动,18.9,0,,0,3,480,28.8,2
2024-05-22,M-E02,全电动,18.1,0,,0,2,279,41.2,4
2024-05-22,M-E03,全电动,15.5,2.8,加热系统,0,2,358,47.5,3
2024-05-22,M-E04,全电动,18.6,0,,0,1,83,57.4,3
2024-05-22,M-E05,全电动,13.600000000000001,3.0,加热系统,0,2,82,54.3,1
2024-05-22,M-E06,全电动,17.4,0,,0,3,308,73.3,3
2024-05-22,M-E07,全电动,13.8,0,,0,3,393,51.9,0
2024-05-22,M-E08,全电动,14.8,0,,0,1,106,98.4,1
2024-05-22,M-E09,全电动,12.6,0.8,传感器异常,0,3,559,93.5,3
2024-05-22,M-E10,全电动,18.6,0,,0,1,498,161.6,2
2024-05-22,M-E11,全电动,15.0,0,,0,2,145,119.5,0
2024-05-22,M-E12,全电动,17.3,0,,0.2,4,365,150.2,1
2024-05-22,M-E13,全电动,15.3,0,,0,3,505,148.6,4
2024-05-22,M-O01,油压,15.6,0,,0,1,305,183.9,3
2024-05-22,M-O02,油压,15.0,0,,0,2,375,197.4,3
2024-05-22,M-O03,油压,14.8,0,,0.0,3,383,320.6,2
2024-05-22,M-O04,油压,18.5,0,,0,3,150,483.4,3
2024-05-22,M-O05,油压,13.1,0,,0.1,1,81,378.9,4
2024-05-22,M-O06,油压,15.4,0,,0,2,207,548.7,3
2024-05-22,M-O07,油压,18.7,0,,0,3,465,732.3,4
2024-05-22,M-O08,油压,17.9,0,,0,1,207,768.8,1
2024-05-22,M-O09,油压,17.7,0,,0.2,1,481,865.1,1
2024-05-22,M-D01,双色旋转,15.1,0,,0,2,498,155.6,3
2024-05-22,M-D02,双色旋转,17.3,0,,0,3,318,647.3,1
2024-05-22,M-D03,双色旋转,15.1,0,,0,3,435,561.5,3
2024-05-22,M-T01,两板,18.5,0,,0,2,259,67.6,1
2024-05-22,M-T02,两板,14.5,0,,0.4,1,558,422.9,2
2024-05-22,M-T03,两板,14.1,0,,0,2,549,831.5,1
2024-05-22,M-T04,两板,16.5,0,,0,2,546,1517.4,0
2024-05-23,M-E01,全电动,15.2,0,,0,3,128,31.3,2
2024-05-23,M-E02,全电动,18.1,0,,0,1,256,39.3,3
2024-05-23,M-E03,全电动,16.5,0,,0.3,3,161,37.6,0
2024-05-23,M-E04,全电动,14.6,0,,0,3,268,39.6,2
2024-05-23,M-E05,全电动,17.3,0,,0,2,103,67.4,4
2024-05-23,M-E06,全电动,16.5,0,,0,3,129,63.7,2
2024-05-23,M-E07,全电动,16.4,0,,0.2,2,216,83.9,2
2024-05-23,M-E08,全电动,15.1,0,,0,2,587,80.3,3
2024-05-23,M-E09,全电动,15.2,0,,0.2,2,103,104.0,1
2024-05-23,M-E10,全电动,16.2,0,,0,1,307,150.3,3
2024-05-23,M-E11,全电动,18.7,0,,0,3,524,183.5,4
2024-05-23,M-E12,全电动,15.9,0,,0,2,294,164.6,1
2024-05-23,M-E13,全电动,16.4,0,,0.5,1,383,207.8,2
2024-05-23,M-O01,油压,15.499999999999998,0.9,电气故障,0,3,182,260.7,1
2024-05-23,M-O02,油压,18.8,0,,0,3,264,287.2,4
2024-05-23,M-O03,油压,15.2,0,,0,1,194,318.9,1
2024-05-23,M-O04,油压,15.3,0,,0,1,113,319.4,4
2024-05-23,M-O05,油压,18.2,0,,0,1,254,410.9,0
2024-05-23,M-O06,油压,16.9,0,,0,3,438,435.6,0
2024-05-23,M-O07,油压,13.6,0,,0,2,305,461.1,0
2024-05-23,M-O08,油压,17.1,0,,0,3,316,704.0,4
2024-05-23,M-O09,油压,16.7,0,,0,1,349,916.1,1
2024-05-23,M-D01,双色旋转,15.7,0,,0,2,454,121.3,0
2024-05-23,M-D02,双色旋转,13.3,0,,0,2,373,381.9,0
2024-05-23,M-D03,双色旋转,18.0,0,,0,3,546,507.7,1
2024-05-23,M-T01,两板,17.7,0,,0,1,183,51.5,0
2024-05-23,M-T02,两板,13.7,0,,0,3,495,406.5,1
2024-05-23,M-T03,两板,14.5,0,,0,4,88,930.6,2
2024-05-23,M-T04,两板,18.4,0,,0,2,524,1623.0,4
2024-05-24,M-E01,全电动,14.6,0,,0,2,494,33.1,1
2024-05-24,M-E02,全电动,13.7,0,,0,2,199,23.3,4
2024-05-24,M-E03,全电动,14.8,0,,0,2,371,40.6,2
2024-05-24,M-E04,全电动,15.7,0,,0,2,82,40.7,2
2024-05-24,M-E05,全电动,14.4,0,,0,3,398,49.9,1
2024-05-24,M-E06,全电动,18.9,0,,0,4,200,81.9,0
2024-05-24,M-E07,全电动,14.6,0,,0,2,235,62.4,3
2024-05-24,M-E08,全电动,17.3,0,,0,3,126,111.8,3
2024-05-24,M-E09,全电动,14.3,0,,0,2,390,105.4,2
2024-05-24,M-E10,全电动,18.3,0,,0,2,549,118.3,3
2024-05-24,M-E11,全电动,17.3,0,,0,2,203,155.1,3
2024-05-24,M-E12,全电动,16.4,2.0,加热系统,0,2,233,178.3,0
2024-05-24,M-E13,全电动,15.7,0,,0,2,151,175.6,3
2024-05-24,M-O01,油压,13.1,0,,0,3,529,150.2,1
2024-05-24,M-O02,油压,14.7,0,,0,1,525,192.9,1
2024-05-24,M-O03,油压,15.1,0,,0,3,104,334.6,1
2024-05-24,M-O04,油压,13.4,0,,0,2,217,328.9,0
2024-05-24,M-O05,油压,13.2,0,,0,3,552,369.5,3
2024-05-24,M-O06,油压,15.7,0,,0.3,3,434,395.2,2
2024-05-24,M-O07,油压,14.5,0,,0,1,542,533.4,2
2024-05-24,M-O08,油压,14.2,0,,0.5,2,544,615.3,0
2024-05-24,M-O09,油压,13.5,0,,0.4,2,295,707.2,3
2024-05-24,M-D01,双色旋转,18.8,0,,0,3,536,187.3,0
2024-05-24,M-D02,双色旋转,17.1,0,,0,2,381,475.8,2
2024-05-24,M-D03,双色旋转,18.8,0,,0,2,112,639.2,0
2024-05-24,M-T01,两板,17.3,0,,0,3,445,55.4,4
2024-05-24,M-T02,两板,15.4,0,,0,1,541,410.4,4
2024-05-24,M-T03,两板,18.5,0,,0,2,206,1238.0,0
2024-05-24,M-T04,两板,13.6,0,,0,1,504,1060.8,1
2024-05-25,M-E01,全电动,13.9,0,,0,3,349,25.6,2
2024-05-25,M-E02,全电动,15.5,0,,0.5,4,275,24.5,4
2024-05-25,M-E03,全电动,14.6,0,,0,2,381,47.9,3
2024-05-25,M-E04,全电动,18.4,0,,0,3,285,42.5,0
2024-05-25,M-E05,全电动,15.1,0,,0,3,336,50.8,0
2024-05-25,M-E06,全电动,13.0,0,,0,2,443,49.1,4
2024-05-25,M-E07,全电动,18.8,0,,0,2,444,80.8,3
2024-05-25,M-E08,全电动,14.4,0,,0,3,563,85.7,0
2024-05-25,M-E09,全电动,16.5,0,,0,2,479,136.8,2
2024-05-25,M-E10,全电动,17.0,0,,0,1,433,156.8,0
2024-05-25,M-E11,全电动,14.4,0,,0,2,140,129.7,3
2024-05-25,M-E12,全电动,14.0,0,,0,2,457,123.4,3
2024-05-25,M-E13,全电动,15.1,0,,0,3,442,132.4,4
2024-05-25,M-O01,油压,16.5,0,,0,2,357,221.0,1
2024-05-25,M-O02,油压,14.5,0,,0,2,220,199.7,2
2024-05-25,M-O03,油压,17.2,0,,0,2,287,258.6,0
2024-05-25,M-O04,油压,13.1,0,,0,2,259,288.6,2
2024-05-25,M-O05,油压,17.9,0,,0,2,270,551.4,4
2024-05-25,M-O06,油压,18.3,0,,0,3,137,535.3,0
2024-05-25,M-O07,油压,17.7,0,,0,1,161,648.1,3
2024-05-25,M-O08,油压,16.8,0,,0,4,497,856.1,4
2024-05-25,M-O09,油压,13.3,0,,0,2,484,568.4,4
2024-05-25,M-D01,双色旋转,17.4,0,,0,5,536,177.2,1
2024-05-25,M-D02,双色旋转,15.6,0,,0,2,521,478.5,3
2024-05-25,M-D03,双色旋转,17.3,0,,0.1,3,367,651.1,4
2024-05-25,M-T01,两板,13.5,0,,0,3,216,46.5,2
2024-05-25,M-T02,两板,13.1,0,,0,3,558,367.4,2
2024-05-25,M-T03,两板,15.2,0,,0,3,139,890.1,2
2024-05-25,M-T04,两板,13.7,0,,0,3,478,1287.0,3
2024-05-26,M-E01,全电动,17.6,0,,0,1,189,31.2,3
2024-05-26,M-E02,全电动,16.5,0,,0.5,3,295,29.0,3
2024-05-26,M-E03,全电动,17.9,0,,0,3,87,42.8,1
2024-05-26,M-E04,全电动,16.4,0,,0,1,575,40.5,2
2024-05-26,M-E05,全电动,12.0,2.0,传感器异常,0,3,329,47.0,0
2024-05-26,M-E06,全电动,14.0,0,,0.4,2,423,58.5,2
2024-05-26,M-E07,全电动,15.0,0,,0,2,333,77.8,2
2024-05-26,M-E08,全电动,17.9,0,,0,2,410,83.0,4
2024-05-26,M-E09,全电动,17.5,0,,0,2,262,139.1,3
2024-05-26,M-E10,全电动,15.0,2.5,模具问题,0,3,308,106.7,2
2024-05-26,M-E11,全电动,14.3,0,,0,1,234,109.9,0
2024-05-26,M-E12,全电动,17.1,0,,0,2,88,161.5,2
2024-05-26,M-E13,全电动,16.6,0,,0,1,192,159.3,3
2024-05-26,M-O01,油压,16.0,0,,0.0,1,316,187.6,4
2024-05-26,M-O02,油压,15.8,0,,0,3,380,236.5,1
2024-05-26,M-O03,油压,13.8,0,,0,4,522,285.9,4
2024-05-26,M-O04,油压,15.6,0,,0,2,291,344.0,4
2024-05-26,M-O05,油压,15.8,0,,0,2,256,438.3,2
2024-05-26,M-O06,油压,13.1,0,,0,2,163,436.8,2
2024-05-26,M-O07,油压,15.5,0,,0,3,480,610.4,2
2024-05-26,M-O08,油压,18.8,0,,0,3,109,951.6,2
2024-05-26,M-O09,油压,17.4,0,,0,2,406,928.3,0
2024-05-26,M-D01,双色旋转,17.1,0,,0,1,206,159.5,3
2024-05-26,M-D02,双色旋转,17.7,0,,0,2,307,527.3,3
2024-05-26,M-D03,双色旋转,16.2,1.2,液压系统,0,2,547,454.9,4
2024-05-26,M-T01,两板,15.6,0,,0,2,426,43.1,4
2024-05-26,M-T02,两板,14.7,0,,0,1,503,330.8,3
2024-05-26,M-T03,两板,14.1,0,,0,4,456,825.8,2
2024-05-26,M-T04,两板,13.0,0,,0,1,402,1117.4,0
2024-05-27,M-E01,全电动,17.2,0,,0,2,278,29.1,4
2024-05-27,M-E02,全电动,17.5,0,,0,2,346,28.3,4
2024-05-27,M-E03,全电动,14.5,0,,0,2,418,42.2,2
2024-05-27,M-E04,全电动,17.9,0,,0,3,99,42.9,0
2024-05-27,M-E05,全电动,13.6,0,,0,1,431,54.5,0
2024-05-27,M-E06,全电动,14.9,0,,0,1,166,61.2,0
2024-05-27,M-E07,全电动,15.7,0,,0,3,472,83.0,0
2024-05-27,M-E08,全电动,18.7,0,,0.0,2,404,114.6,1
2024-05-27,M-E09,全电动,17.5,0,,0,2,354,127.6,0
2024-05-27,M-E10,全电动,14.3,3.7,加热系统,0,3,323,113.4,1
2024-05-27,M-E11,全电动,13.7,0,,0,1,575,127.7,1
2024-05-27,M-E12,全电动,13.4,0,,0,3,240,113.7,4
2024-05-27,M-E13,全电动,18.1,0,,0,2,146,207.0,3
2024-05-27,M-O01,油压,17.8,0,,0,1,242,271.7,0
2024-05-27,M-O02,油压,17.0,0,,0,1,289,289.2,4
2024-05-27,M-O03,油压,13.6,0,,0,2,543,209.6,4
2024-05-27,M-O04,油压,15.0,0,,0,2,201,392.1,0
2024-05-27,M-O05,油压,14.3,0,,0,3,573,393.1,1
2024-05-27,M-O06,油压,14.7,0,,0,2,85,452.1,4
2024-05-27,M-O07,油压,16.9,0,,0.1,1,559,682.4,3
2024-05-27,M-O08,油压,14.4,0,,0,2,441,557.3,2
2024-05-27,M-O09,油压,17.5,0,,0,1,501,1038.8,2
2024-05-27,M-D01,双色旋转,15.6,0,,0,1,592,129.8,4
2024-05-27,M-D02,双色旋转,18.8,0,,0,3,444,521.9,4
2024-05-27,M-D03,双色旋转,14.0,0,,0,4,209,434.6,1
2024-05-27,M-T01,两板,14.6,0,,0,1,540,46.2,0
2024-05-27,M-T02,两板,13.1,0,,0,2,141,293.9,4
2024-05-27,M-T03,两板,13.7,0,,0,2,413,626.1,3
2024-05-27,M-T04,两板,17.4,0,,0,1,132,1294.9,1
2024-05-28,M-E01,全电动,15.899999999999999,1.3,液压系统,0,3,380,27.9,1
2024-05-28,M-E02,全电动,17.7,0,,0,2,573,39.4,3
2024-05-28,M-E03,全电动,17.4,0,,0,1,363,55.9,3
2024-05-28,M-E04,全电动,13.5,0,,0,1,471,32.9,0
2024-05-28,M-E05,全电动,16.1,0,,0,3,85,69.0,1
2024-05-28,M-E06,全电动,15.7,1.3,电气故障,0,1,435,69.1,4
2024-05-28,M-E07,全电动,18.4,0,,0,2,86,80.2,1
2024-05-28,M-E08,全电动,18.1,0,,0,3,122,90.6,4
2024-05-28,M-E09,全电动,14.6,0,,0,2,148,122.0,0
2024-05-28,M-E10,全电动,18.6,0,,0,3,358,156.4,0
2024-05-28,M-E11,全电动,13.6,0,,0,1,557,113.6,3
2024-05-28,M-E12,全电动,13.2,0,,0,2,427,152.8,2
2024-05-28,M-E13,全电动,16.2,0,,0.3,2,477,173.0,2
2024-05-28,M-O01,油压,15.7,0,,0,1,304,227.4,3
2024-05-28,M-O02,油压,13.6,0,,0,3,559,241.3,0
2024-05-28,M-O03,油压,16.4,0,,0,3,212,338.4,1
2024-05-28,M-O04,油压,16.2,0,,0,4,530,318.5,2
2024-05-28,M-O05,油压,18.8,0,,0,2,439,557.7,2
2024-05-28,M-O06,油压,16.1,0,,0,3,366,474.5,1
2024-05-28,M-O07,油压,18.1,0,,0,2,253,627.0,0
2024-05-28,M-O08,油压,14.9,0,,0.3,2,160,691.4,2
2024-05-28,M-O09,油压,14.5,0,,0,2,353,592.0,2
2024-05-28,M-D01,双色旋转,18.6,0,,0,3,192,195.6,1
2024-05-28,M-D02,双色旋转,18.4,0,,0,3,441,694.9,3
2024-05-28,M-D03,双色旋转,15.8,0,,0.2,2,487,563.2,4
2024-05-28,M-T01,两板,13.8,0,,0,3,589,38.9,1
2024-05-28,M-T02,两板,15.3,0,,0.0,3,511,452.8,1
2024-05-28,M-T03,两板,17.7,0,,0,2,204,1011.5,1
2024-05-28,M-T04,两板,16.3,0,,0.4,2,596,1348.8,1
2024-05-29,M-E01,全电动,16.5,0,,0.4,3,177,29.4,3
2024-05-29,M-E02,全电动,14.4,0,,0,1,333,23.1,2
2024-05-29,M-E03,全电动,13.0,0,,0,1,469,43.2,0
2024-05-29,M-E04,全电动,16.5,0,,0,1,585,51.0,3
2024-05-29,M-E05,全电动,16.3,0,,0,1,205,63.3,4
2024-05-29,M-E06,全电动,14.7,0,,0,3,558,66.8,2
2024-05-29,M-E07,全电动,17.3,0,,0,2,300,73.8,1
2024-05-29,M-E08,全电动,14.8,0,,0,3,290,94.8,2
2024-05-29,M-E09,全电动,16.1,0,,0,2,599,116.2,4
2024-05-29,M-E10,全电动,16.3,0,,0,2,413,133.3,1
2024-05-29,M-E11,全电动,17.9,0,,0,1,104,130.9,2
2024-05-29,M-E12,全电动,15.7,0,,0,2,244,172.9,1
2024-05-29,M-E13,全电动,15.0,0,,0,2,519,135.2,1
2024-05-29,M-O01,油压,15.6,0,,0,2,537,210.5,4
2024-05-29,M-O02,油压,16.5,0,,0.4,1,476,263.5,0
2024-05-29,M-O03,油压,18.1,0,,0,3,189,401.0,0
2024-05-29,M-O04,油压,18.4,0,,0,2,108,454.4,2
2024-05-29,M-O05,油压,18.8,0,,0,1,516,537.6,3
2024-05-29,M-O06,油压,13.7,0,,0,2,446,448.9,2
2024-05-29,M-O07,油压,14.5,0,,0,2,411,599.1,1
2024-05-29,M-O08,油压,15.4,0,,0,1,368,634.5,3
2024-05-29,M-O09,油压,14.7,0,,0,3,250,825.6,0
2024-05-29,M-D01,双色旋转,16.5,0,,0,2,579,162.1,0
2024-05-29,M-D02,双色旋转,14.3,0,,0,1,555,487.9,3
2024-05-29,M-D03,双色旋转,13.5,0,,0,1,388,393.4,1
2024-05-29,M-T01,两板,14.3,0,,0,3,595,52.2,4
2024-05-29,M-T02,两板,18.6,0,,0,1,308,450.0,4
2024-05-29,M-T03,两板,13.3,0,,0,2,301,635.9,2
2024-05-29,M-T04,两板,14.3,0,,0,3,235,960.8,2
2024-05-30,M-E01,全电动,15.2,0,,0,2,264,32.9,4
2024-05-30,M-E02,全电动,15.7,0,,0,2,450,34.9,3
2024-05-30,M-E03,全电动,18.8,0,,0,1,409,42.6,4
2024-05-30,M-E04,全电动,14.7,0,,0,3,337,40.2,4
2024-05-30,M-E05,全电动,14.7,0,,0.4,1,220,56.5,3
2024-05-30,M-E06,全电动,17.4,0,,0,3,149,66.6,2
2024-05-30,M-E07,全电动,18.6,0,,0,3,407,88.9,3
2024-05-30,M-E08,全电动,13.3,0,,0,1,209,82.6,1
2024-05-30,M-E09,全电动,14.3,0,,0,1,119,102.8,2
2024-05-30,M-E10,全电动,18.2,0,,0.4,1,306,124.3,0
2024-05-30,M-E11,全电动,16.2,0,,0,2,235,167.8,3
2024-05-30,M-E12,全电动,17.2,0,,0,3,395,192.0,0
2024-05-30,M-E13,全电动,14.2,0,,0,1,430,128.6,4
2024-05-30,M-O01,油压,16.1,0,,0,1,308,193.6,1
2024-05-30,M-O02,油压,15.5,0,,0,2,103,249.3,0
2024-05-30,M-O03,油压,13.899999999999999,0.8,液压系统,0,1,368,277.9,2
2024-05-30,M-O04,油压,13.1,0,,0,2,154,365.9,3
2024-05-30,M-O05,油压,17.8,0,,0,3,184,459.8,0
2024-05-30,M-O06,油压,18.8,0,,0,1,290,533.9,4
2024-05-30,M-O07,油压,14.4,0,,0,1,384,550.7,3
2024-05-30,M-O08,油压,18.3,0,,0,2,388,880.8,2
2024-05-30,M-O09,油压,18.8,0,,0,2,430,992.1,1
2024-05-30,M-D01,双色旋转,14.5,0,,0.2,1,414,127.4,4
2024-05-30,M-D02,双色旋转,15.5,0,,0,3,93,586.9,2
2024-05-30,M-D03,双色旋转,18.6,0,,0.1,4,156,646.4,4
2024-05-30,M-T01,两板,14.4,0,,0,1,336,49.9,4
2024-05-30,M-T02,两板,14.5,0,,0,4,361,316.6,3
2024-05-30,M-T03,两板,15.2,0,,0,2,131,953.1,0
2024-05-30,M-T04,两板,16.6,0,,0,2,256,1487.4,4
2024-05-31,M-E01,全电动,15.8,0,,0,2,165,24.8,0
2024-05-31,M-E02,全电动,18.7,0,,0,4,540,32.9,2
2024-05-31,M-E03,全电动,13.7,0,,0,2,129,35.2,1
2024-05-31,M-E04,全电动,14.5,0,,0,3,196,38.6,4
2024-05-31,M-E05,全电动,17.3,0,,0,1,103,67.6,0
2024-05-31,M-E06,全电动,13.4,0,,0,3,295,55.2,0
2024-05-31,M-E07,全电动,13.6,0,,0.3,1,542,68.3,2
2024-05-31,M-E08,全电动,16.1,0,,0,1,501,87.7,2
2024-05-31,M-E09,全电动,18.9,0,,0,2,565,147.7,1
2024-05-31,M-E10,全电动,14.0,0,,0,3,240,129.5,2
2024-05-31,M-E11,全电动,13.9,0,,0.0,1,537,105.5,1
2024-05-31,M-E12,全电动,18.9,0,,0.1,2,148,171.7,2
2024-05-31,M-E13,全电动,13.8,0,,0,3,194,173.0,1
2024-05-31,M-O01,油压,16.5,0,,0,1,392,215.3,3
2024-05-31,M-O02,油压,16.7,0,,0.2,1,346,275.1,2
2024-05-31,M-O03,油压,16.2,0,,0,1,438,276.2,0
2024-05-31,M-O04,油压,14.0,0.9,电气故障,0,1,291,312.0,1
2024-05-31,M-O05,油压,15.3,0,,0,3,348,399.2,0
2024-05-31,M-O06,油压,13.3,0,,0,3,570,340.9,3
2024-05-31,M-O07,油压,17.3,0,,0,3,525,676.3,1
2024-05-31,M-O08,油压,14.6,0,,0.0,1,479,639.4,3
2024-05-31,M-O09,油压,13.8,0,,0,1,549,671.9,4
2024-05-31,M-D01,双色旋转,15.4,0,,0,2,186,151.9,1
2024-05-31,M-D02,双色旋转,18.9,0,,0.5,1,553,523.7,4
2024-05-31,M-D03,双色旋转,18.4,0,,0,1,268,537.4,4
2024-05-31,M-T01,两板,15.6,0,,0,3,511,47.9,1
2024-05-31,M-T02,两板,17.3,0,,0.1,2,423,426.9,3
2024-05-31,M-T03,两板,16.8,0,,0,2,435,1067.3,0
2024-05-31,M-T04,两板,15.2,0,,0,1,165,1084.0,0
2024-06-01,M-E01,全电动,17.1,0,,0,2,241,37.1,1
2024-06-01,M-E02,全电动,14.4,0,,0,2,232,24.2,2
2024-06-01,M-E03,全电动,16.7,0,,0,1,325,43.5,3
2024-06-01,M-E04,全电动,15.8,0,,0,1,221,45.7,2
2024-06-01,M-E05,全电动,15.4,0,,0,4,530,62.9,2
2024-06-01,M-E06,全电动,14.6,0,,0.1,2,588,60.8,2
2024-06-01,M-E07,全电动,16.4,0,,0,1,304,72.9,1
2024-06-01,M-E08,全电动,13.8,0,,0.3,3,592,63.6,2
2024-06-01,M-E09,全电动,16.3,0,,0,2,563,116.2,0
2024-06-01,M-E10,全电动,14.4,0,,0,1,170,136.0,0
2024-06-01,M-E11,全电动,18.9,0,,0,1,408,191.0,3
2024-06-01,M-E12,全电动,18.1,0,,0.2,1,321,196.6,2
2024-06-01,M-E13,全电动,15.4,0,,0,2,517,156.4,3
2024-06-01,M-O01,油压,15.1,0,,0,2,89,249.8,4
2024-06-01,M-O02,油压,14.4,0,,0,3,200,233.4,1
2024-06-01,M-O03,油压,13.1,0,,0,2,490,222.1,0
2024-06-01,M-O04,油压,14.5,0,,0,3,378,400.4,3
2024-06-01,M-O05,油压,15.9,0,,0,1,401,471.9,0
2024-06-01,M-O06,油压,14.9,0,,0,1,384,554.1,0
2024-06-01,M-O07,油压,14.5,0,,0,3,450,571.9,3
2024-06-01,M-O08,油压,15.3,0,,0.2,3,566,798.2,2
2024-06-01,M-O09,油压,15.4,0,,0,2,510,682.7,0
2024-06-01,M-D01,双色旋转,17.9,0,,0,2,374,147.2,3
2024-06-01,M-D02,双色旋转,16.0,0,,0.0,1,225,410.0,1
2024-06-01,M-D03,双色旋转,13.2,0,,0,3,264,479.3,2
2024-06-01,M-T01,两板,16.2,0,,0,2,214,60.5,2
2024-06-01,M-T02,两板,13.1,0,,0.5,4,228,280.0,2
2024-06-01,M-T03,两板,14.2,0,,0,3,492,692.0,3
2024-06-01,M-T04,两板,15.9,0,,0,2,411,1411.0,1
2024-06-02,M-E01,全电动,17.1,0,,0,3,599,26.4,1
2024-06-02,M-E02,全电动,15.6,0,,0,2,220,32.4,1
2024-06-02,M-E03,全电动,14.6,0,,0,4,123,37.5,4
2024-06-02,M-E04,全电动,14.0,0,,0,3,560,35.5,2
2024-06-02,M-E05,全电动,16.6,0,,0.5,1,209,51.4,3
2024-06-02,M-E06,全电动,18.0,0,,0,2,496,60.2,4
2024-06-02,M-E07,全电动,15.2,0,,0,1,232,83.4,1
2024-06-02,M-E08,全电动,13.7,0,,0,4,182,71.8,2
2024-06-02,M-E09,全电动,18.3,0,,0,1,418,115.3,4
2024-06-02,M-E10,全电动,18.2,0,,0.4,1,594,157.9,1
2024-06-02,M-E11,全电动,15.0,0,,0,1,132,138.8,2
2024-06-02,M-E12,全电动,16.2,0,,0,1,248,157.0,4
2024-06-02,M-E13,全电动,12.799999999999999,2.4,电气故障,0,3,186,137.9,3
2024-06-02,M-O01,油压,14.3,0,,0.4,2,358,184.3,2
2024-06-02,M-O02,油压,17.6,0,,0,2,573,250.3,3
2024-06-02,M-O03,油压,13.6,0,,0,3,317,242.5,4
2024-06-02,M-O04,油压,14.0,0,,0,3,405,396.6,2
2024-06-02,M-O05,油压,15.0,0,,0,3,252,461.8,3
2024-06-02,M-O06,油压,14.0,0,,0,2,84,468.6,1
2024-06-02,M-O07,油压,18.6,0,,0.1,3,379,654.8,1
2024-06-02,M-O08,油压,18.8,0,,0,1,424,871.4,4
2024-06-02,M-O09,油压,16.6,0,,0.5,1,280,837.0,2
2024-06-02,M-D01,双色旋转,15.3,0,,0,3,97,151.4,3
2024-06-02,M-D02,双色旋转,14.0,0,,0,2,384,351.3,0
2024-06-02,M-D03,双色旋转,13.3,0,,0,1,335,401.3,0
2024-06-02,M-T01,两板,13.5,0,,0,3,294,49.8,3
2024-06-02,M-T02,两板,16.3,0,,0,2,399,414.6,1
2024-06-02,M-T03,两板,14.2,0,,0,1,282,792.6,2
2024-06-02,M-T04,两板,15.2,0,,0,3,412,1255.3,4
2024-06-03,M-E01,全电动,15.2,0,,0.1,2,133,30.5,1
2024-06-03,M-E02,全电动,16.7,0,,0,1,263,32.2,3
2024-06-03,M-E03,全电动,18.7,0,,0,2,177,62.9,1
2024-06-03,M-E04,全电动,15.9,0,,0,2,414,53.6,3
2024-06-03,M-E05,全电动,16.9,0,,0,3,275,54.9,2
2024-06-03,M-E06,全电动,18.8,0,,0,1,345,74.6,1
2024-06-03,M-E07,全电动,15.9,0,,0,3,345,65.8,1
2024-06-03,M-E08,全电动,15.6,0,,0.0,2,173,83.4,1
2024-06-03,M-E09,全电动,19.0,0,,0,3,515,140.5,1
2024-06-03,M-E10,全电动,16.4,0,,0,2,135,106.4,0
2024-06-03,M-E11,全电动,13.9,0,,0.4,3,387,138.2,0
2024-06-03,M-E12,全电动,17.7,0,,0,2,273,189.9,4
2024-06-03,M-E13,全电动,17.0,0,,0,2,181,171.5,0
2024-06-03,M-O01,油压,18.5,0,,0.3,2,522,264.5,0
2024-06-03,M-O02,油压,14.8,0,,0,2,315,188.1,4
2024-06-03,M-O03,油压,15.3,0,,0,2,424,331.5,2
2024-06-03,M-O04,油压,16.9,0,,0,2,245,391.5,4
2024-06-03,M-O05,油压,14.3,0,,0.4,2,488,356.2,1
2024-06-03,M-O06,油压,15.2,0,,0,1,154,551.6,2
2024-06-03,M-O07,油压,13.5,0,,0,1,272,602.4,3
2024-06-03,M-O08,油压,17.9,0,,0,1,181,714.6,1
2024-06-03,M-O09,油压,15.7,0,,0.3,1,204,898.3,1
2024-06-03,M-D01,双色旋转,16.7,0,,0,2,507,128.3,0
2024-06-03,M-D02,双色旋转,16.2,0,,0,3,230,510.7,0
2024-06-03,M-D03,双色旋转,16.6,0,,0,2,174,546.3,3
2024-06-03,M-T01,两板,13.1,0,,0,3,517,35.8,2
2024-06-03,M-T02,两板,18.8,0,,0.1,2,270,410.6,4
2024-06-03,M-T03,两板,13.4,0,,0,1,169,855.1,2
2024-06-03,M-T04,两板,17.2,0,,0,1,335,1378.2,1
2024-06-04,M-E01,全电动,13.8,0,,0,4,510,24.4,2
2024-06-04,M-E02,全电动,16.2,0,,0,3,518,31.8,3
2024-06-04,M-E03,全电动,13.3,0,,0,1,99,42.2,1
2024-06-04,M-E04,全电动,15.4,0,,0,3,205,51.3,2
2024-06-04,M-E05,全电动,13.7,0,,0,2,359,57.7,3
2024-06-04,M-E06,全电动,16.9,0,,0,1,421,71.2,4
2024-06-04,M-E07,全电动,18.8,0,,0.2,3,87,80.9,3
2024-06-04,M-E08,全电动,17.1,0,,0,3,506,87.5,0
2024-06-04,M-E09,全电动,15.1,0,,0,3,337,97.2,0
2024-06-04,M-E10,全电动,14.4,0,,0,1,531,126.8,1
2024-06-04,M-E11,全电动,15.7,0,,0,1,412,148.4,0
2024-06-04,M-E12,全电动,17.3,0,,0,2,589,170.8,4
2024-06-04,M-E13,全电动,17.0,0,,0,2,444,178.3,1
2024-06-04,M-O01,油压,16.5,0,,0.1,3,166,250.1,1
2024-06-04,M-O02,油压,14.1,0,,0,3,96,256.7,2
2024-06-04,M-O03,油压,14.2,0,,0,2,321,301.7,2
2024-06-04,M-O04,油压,13.1,0,,0,1,251,247.3,3
2024-06-04,M-O05,油压,16.1,0,,0,2,513,463.7,4
2024-06-04,M-O06,油压,13.3,0,,0,1,105,488.6,2
2024-06-04,M-O07,油压,16.7,0,,0,2,83,561.5,0
2024-06-04,M-O08,油压,17.6,0,,0,3,585,686.2,4
2024-06-04,M-O09,油压,15.4,0,,0,2,520,788.9,3
2024-06-04,M-D01,双色旋转,17.8,0,,0,1,160,139.3,2
2024-06-04,M-D02,双色旋转,15.0,0,,0,5,549,552.8,3
2024-06-04,M-D03,双色旋转,14.1,0,,0,2,131,482.5,1
2024-06-04,M-T01,两板,14.8,0,,0,1,414,54.0,4
2024-06-04,M-T02,两板,13.8,0,,0,2,192,364.3,1
2024-06-04,M-T03,两板,14.0,0,,0,3,514,632.6,3
2024-06-04,M-T04,两板,15.3,0,,0,2,238,1236.8,0
2024-06-05,M-E01,全电动,14.7,0,,0,2,221,29.1,2
2024-06-05,M-E02,全电动,18.1,0,,0,2,379,36.3,1
2024-06-05,M-E03,全电动,16.7,0,,0,4,328,54.7,3
2024-06-05,M-E04,全电动,15.7,0,,0,1,567,46.9,0
2024-06-05,M-E05,全电动,19.0,0,,0,2,213,80.5,4
2024-06-05,M-E06,全电动,16.7,0,,0,2,218,64.1,3
2024-06-05,M-E07,全电动,15.4,0,,0,2,432,79.8,0
2024-06-05,M-E08,全电动,18.5,0,,0,3,426,96.8,0
2024-06-05,M-E09,全电动,15.0,0,,0,1,161,85.4,1
2024-06-05,M-E10,全电动,15.6,0,,0,3,435,128.7,0
2024-06-05,M-E11,全电动,13.1,0,,0,2,493,134.3,2
2024-06-05,M-E12,全电动,15.2,0,,0,3,273,171.2,3
2024-06-05,M-E13,全电动,18.0,0,,0.1,3,267,208.1,2
2024-06-05,M-O01,油压,11.5,2.1,传感器异常,0,3,252,141.1,4
2024-06-05,M-O02,油压,13.8,0,,0.1,1,591,237.5,4
2024-06-05,M-O03,油压,13.3,0.7,电气故障,0,2,527,229.4,1
2024-06-05,M-O04,油压,13.1,0,,0,2,528,330.1,4
2024-06-05,M-O05,油压,14.3,0,,0,4,263,353.5,0
2024-06-05,M-O06,油压,15.5,0,,0,1,280,504.5,2
2024-06-05,M-O07,油压,16.4,0,,0,2,324,685.3,3
2024-06-05,M-O08,油压,18.0,0,,0,3,535,721.3,2
2024-06-05,M-O09,油压,13.100000000000001,3.5,电气故障,0,2,582,784.4,4
2024-06-05,M-D01,双色旋转,16.2,0,,0,3,348,132.3,3
2024-06-05,M-D02,双色旋转,16.4,0,,0,2,434,419.4,0
2024-06-05,M-D03,双色旋转,15.900000000000002,1.7,加热系统,0,3,98,572.1,3
2024-06-05,M-T01,两板,17.8,0,,0,1,101,50.4,3
2024-06-05,M-T02,两板,16.7,0,,0,2,312,370.7,0
2024-06-05,M-T03,两板,13.6,0,,0,3,495,849.0,0
2024-06-05,M-T04,两板,16.0,0,,0.1,3,599,1232.7,2
2024-06-06,M-E01,全电动,13.9,0,,0.3,3,249,30.8,3
2024-06-06,M-E02,全电动,16.7,0,,0,3,303,36.2,2
2024-06-06,M-E03,全电动,17.0,0,,0.4,3,202,45.8,2
2024-06-06,M-E04,全电动,15.6,0,,0,2,359,44.5,3
2024-06-06,M-E05,全电动,16.8,0,,0,2,414,62.7,1
2024-06-06,M-E06,全电动,16.2,0,,0,3,291,56.5,0
2024-06-06,M-E07,全电动,16.400000000000002,1.2,加热系统,0,1,574,68.3,4
2024-06-06,M-E08,全电动,17.6,0,,0.1,1,498,107.5,1
2024-06-06,M-E09,全电动,17.5,0,,0,2,506,122.4,4
2024-06-06,M-E10,全电动,15.8,0,,0.4,3,124,149.2,3
2024-06-06,M-E11,全电动,16.4,0,,0,3,468,151.2,4
2024-06-06,M-E12,全电动,17.8,0,,0,1,284,191.7,2
2024-06-06,M-E13,全电动,16.9,0,,0,3,431,183.2,3
2024-06-06,M-O01,油压,15.1,0,,0.3,1,101,243.7,4
2024-06-06,M-O02,油压,17.599999999999998,0.8,传感器异常,0.2,2,127,293.3,2
2024-06-06,M-O03,油压,17.2,1.7,传感器异常,0,4,484,369.5,1
2024-06-06,M-O04,油压,15.4,0,,0,1,230,333.2,3
2024-06-06,M-O05,油压,13.6,0,,0.4,3,514,373.2,2
2024-06-06,M-O06,油压,18.1,0,,0.3,3,398,589.7,4
2024-06-06,M-O07,油压,15.0,0,,0,1,302,649.4,3
2024-06-06,M-O08,油压,15.3,0,,0,3,495,625.7,4
2024-06-06,M-O09,油压,15.5,0,,0,3,333,771.1,1
2024-06-06,M-D01,双色旋转,16.3,0,,0,2,559,130.0,2
2024-06-06,M-D02,双色旋转,17.7,0,,0,2,236,515.0,1
2024-06-06,M-D03,双色旋转,15.2,0,,0,2,158,502.0,0
2024-06-06,M-T01,两板,18.9,0,,0,2,404,70.8,3
2024-06-06,M-T02,两板,14.7,0,,0,3,287,323.0,1
2024-06-06,M-T03,两板,14.5,0,,0.1,4,135,849.5,2
2024-06-06,M-T04,两板,14.1,0,,0.4,2,95,1088.1,1
2024-06-07,M-E01,全电动,15.9,0,,0,2,141,33.0,0
2024-06-07,M-E02,全电动,14.5,0,,0,1,415,23.7,3
2024-06-07,M-E03,全电动,18.3,0,,0,2,585,53.1,4
2024-06-07,M-E04,全电动,18.3,0,,0,2,119,58.8,3
2024-06-07,M-E05,全电动,16.8,0,,0,3,434,55.8,3
2024-06-07,M-E06,全电动,17.2,0,,0,1,239,62.4,3
2024-06-07,M-E07,全电动,13.1,0,,0,2,85,62.3,4
2024-06-07,M-E08,全电动,14.1,0,,0,2,298,74.0,1
2024-06-07,M-E09,全电动,17.0,0,,0,1,477,125.2,4
2024-06-07,M-E10,全电动,15.5,0,,0,1,178,128.0,4
2024-06-07,M-E11,全电动,14.3,0,,0,2,323,148.7,4
2024-06-07,M-E12,全电动,13.1,0,,0,1,561,157.0,2
2024-06-07,M-E13,全电动,14.8,0,,0,1,374,159.6,3
2024-06-07,M-O01,油压,14.2,0,,0,1,171,218.7,1
2024-06-07,M-O02,油压,17.2,0,,0,1,173,286.4,4
2024-06-07,M-O03,油压,16.9,0,,0,3,514,339.4,3
2024-06-07,M-O04,油压,18.4,0,,0.3,2,339,488.9,4
2024-06-07,M-O05,油压,16.6,0,,0,2,182,522.4,2
2024-06-07,M-O06,油压,17.0,0,,0,3,398,604.4,0
2024-06-07,M-O07,油压,17.1,0,,0,2,88,583.0,3
2024-06-07,M-O08,油压,15.2,0,,0,1,450,587.7,4
2024-06-07,M-O09,油压,13.1,0,,0,1,479,773.0,0
2024-06-07,M-D01,双色旋转,18.2,0,,0,1,330,179.9,2
2024-06-07,M-D02,双色旋转,17.2,0,,0,1,321,543.2,3
2024-06-07,M-D03,双色旋转,18.4,0,,0,2,144,567.3,3
2024-06-07,M-T01,两板,15.7,2.5,模具问题,0,5,402,41.7,0
2024-06-07,M-T02,两板,14.5,0,,0,3,453,370.0,2
2024-06-07,M-T03,两板,16.1,0,,0.0,2,176,1005.4,3
2024-06-07,M-T04,两板,15.2,0,,0,4,541,1244.7,4
2024-06-08,M-E01,全电动,17.7,0,,0,1,494,29.4,3
2024-06-08,M-E02,全电动,17.9,0,,0,1,129,31.3,1
2024-06-08,M-E03,全电动,14.8,0,,0,2,428,49.3,2
2024-06-08,M-E04,全电动,18.7,0,,0,3,223,47.3,3
2024-06-08,M-E05,全电动,14.6,0,,0,3,555,60.7,0
2024-06-08,M-E06,全电动,18.4,0,,0,1,502,73.5,0
2024-06-08,M-E07,全电动,18.5,0,,0,1,440,80.3,2
2024-06-08,M-E08,全电动,15.3,0,,0.4,3,239,90.3,3
2024-06-08,M-E09,全电动,14.1,0,,0.4,2,475,83.9,2
2024-06-08,M-E10,全电动,15.3,0,,0,2,147,144.6,3
2024-06-08,M-E11,全电动,16.3,0,,0.4,4,409,124.4,1
2024-06-08,M-E12,全电动,14.2,0,,0,2,424,138.1,2
2024-06-08,M-E13,全电动,13.0,0,,0,1,380,117.7,4
2024-06-08,M-O01,油压,16.9,0,,0.3,3,594,205.9,1
2024-06-08,M-O02,油压,13.9,0,,0,1,375,226.9,0
2024-06-08,M-O03,油压,17.2,0,,0,1,202,304.5,0
2024-06-08,M-O04,油压,16.6,0,,0,3,511,450.9,1
2024-06-08,M-O05,油压,16.6,0,,0,4,148,464.2,0
2024-06-08,M-O06,油压,17.0,0,,0,2,361,448.1,1
2024-06-08,M-O07,油压,17.3,0,,0,3,513,586.5,2
2024-06-08,M-O08,油压,18.4,0,,0,2,536,727.6,2
2024-06-08,M-O09,油压,17.1,0,,0,2,412,894.3,3
2024-06-08,M-D01,双色旋转,18.1,0,,0,2,250,156.6,3
2024-06-08,M-D02,双色旋转,14.8,0,,0,2,231,513.8,4
2024-06-08,M-D03,双色旋转,17.1,0,,0,2,542,593.0,1
2024-06-08,M-T01,两板,13.6,0,,0,4,518,36.2,1
2024-06-08,M-T02,两板,15.0,0,,0,2,429,391.6,2
2024-06-08,M-T03,两板,15.6,0,,0,1,387,897.1,1
2024-06-08,M-T04,两板,16.9,0,,0,1,330,1580.3,4
2024-06-09,M-E01,全电动,18.3,0,,0,2,481,30.2,2
2024-06-09,M-E02,全电动,18.8,0,,0,2,197,34.1,4
2024-06-09,M-E03,全电动,18.9,0,,0,1,571,61.6,4
2024-06-09,M-E04,全电动,15.4,0,,0,2,162,49.2,4
2024-06-09,M-E05,全电动,13.1,0.5,模具问题,0,1,161,50.9,3
2024-06-09,M-E06,全电动,16.0,0,,0,4,526,71.3,3
2024-06-09,M-E07,全电动,13.8,0,,0,1,496,65.6,0
2024-06-09,M-E08,全电动,13.6,0,,0,2,367,87.1,2
2024-06-09,M-E09,全电动,13.9,0,,0,2,224,81.9,1
2024-06-09,M-E10,全电动,16.9,0,,0,1,164,138.4,3
2024-06-09,M-E11,全电动,14.8,0,,0,2,292,141.8,4
2024-06-09,M-E12,全电动,13.2,0,,0,1,257,130.7,3
2024-06-09,M-E13,全电动,13.9,0,,0,2,526,177.8,0
2024-06-09,M-O01,油压,16.4,0,,0,3,166,225.4,2
2024-06-09,M-O02,油压,13.2,0,,0,2,207,242.1,2
2024-06-09,M-O03,油压,15.0,0,,0,2,584,315.2,1
2024-06-09,M-O04,油压,16.9,0,,0,3,454,318.4,1
2024-06-09,M-O05,油压,15.5,0,,0,2,521,408.6,3
2024-06-09,M-O06,油压,18.9,0,,0,1,148,546.9,3
2024-06-09,M-O07,油压,15.0,0,,0,2,113,600.8,1
2024-06-09,M-O08,油压,18.3,0,,0,1,118,760.0,4
2024-06-09,M-O09,油压,13.0,0,,0,3,480,764.5,4
2024-06-09,M-D01,双色旋转,16.8,0,,0,1,356,126.0,4
2024-06-09,M-D02,双色旋转,16.0,0,,0,1,124,415.9,2
2024-06-09,M-D03,双色旋转,17.8,0,,0,3,130,540.1,3
2024-06-09,M-T01,两板,18.5,0,,0,3,271,66.8,3
2024-06-09,M-T02,两板,14.7,0,,0,2,170,349.6,4
2024-06-09,M-T03,两板,13.8,0,,0.2,3,410,907.5,1
2024-06-09,M-T04,两板,15.6,0,,0,3,554,1237.8,2
2024-06-10,M-E01,全电动,14.7,0,,0,1,361,31.1,2
2024-06-10,M-E02,全电动,14.2,0,,0,1,536,27.7,0
2024-06-10,M-E03,全电动,16.4,0,,0,1,468,48.4,4
2024-06-10,M-E04,全电动,14.0,0,,0,1,197,40.4,0
2024-06-10,M-E05,全电动,13.4,0,,0.0,1,260,56.3,4
2024-06-10,M-E06,全电动,16.1,0,,0,1,303,65.4,2
2024-06-10,M-E07,全电动,16.6,0,,0,2,511,93.9,3
2024-06-10,M-E08,全电动,16.9,0,,0,2,567,105.6,2
2024-06-10,M-E09,全电动,16.0,2.2,传感器异常,0,2,123,103.8,0
2024-06-10,M-E10,全电动,19.0,0,,0,4,505,172.3,1
2024-06-10,M-E11,全电动,16.0,0,,0,1,308,165.7,3
2024-06-10,M-E12,全电动,18.1,0,,0,1,292,190.5,3
2024-06-10,M-E13,全电动,18.7,0,,0,1,193,227.2,3
2024-06-10,M-O01,油压,14.5,0,,0,1,129,220.8,3
2024-06-10,M-O02,油压,18.5,0,,0,1,122,266.8,1
2024-06-10,M-O03,油压,16.2,0,,0,1,402,324.6,3
2024-06-10,M-O04,油压,16.0,0,,0,3,467,394.5,4
2024-06-10,M-O05,油压,15.9,0,,0,3,300,393.0,0
2024-06-10,M-O06,油压,15.6,0,,0,1,437,409.2,1
2024-06-10,M-O07,油压,18.0,0,,0,2,287,654.3,0
2024-06-10,M-O08,油压,15.5,0,,0,1,442,698.3,4
2024-06-10,M-O09,油压,15.3,0,,0,1,85,660.3,4
2024-06-10,M-D01,双色旋转,14.8,0,,0,1,176,124.7,0
2024-06-10,M-D02,双色旋转,16.6,0,,0,4,436,562.6,4
2024-06-10,M-D03,双色旋转,17.2,0,,0,2,158,628.1,4
2024-06-10,M-T01,两板,18.4,0,,0,1,334,52.6,3
2024-06-10,M-T02,两板,18.0,0,,0.4,3,572,426.6,4
2024-06-10,M-T03,两板,15.7,0,,0,4,225,1042.6,2
2024-06-10,M-T04,两板,18.3,0,,0,2,401,1496.1,1
2024-06-11,M-E01,全电动,14.5,0,,0,2,294,25.0,1
2024-06-11,M-E02,全电动,16.5,0,,0.4,2,199,34.6,3
2024-06-11,M-E03,全电动,14.7,2.3,电气故障,0,2,92,36.7,1
2024-06-11,M-E04,全电动,14.3,0,,0,2,518,44.5,4
2024-06-11,M-E05,全电动,16.4,0,,0,2,220,61.0,3
2024-06-11,M-E06,全电动,18.4,0,,0,2,450,75.6,3
2024-06-11,M-E07,全电动,14.7,0,,0.4,1,389,73.6,2
2024-06-11,M-E08,全电动,16.1,0,,0,1,223,81.9,0
2024-06-11,M-E09,全电动,15.2,0,,0,2,124,125.5,0
2024-06-11,M-E10,全电动,18.0,0,,0,2,549,128.0,1
2024-06-11,M-E11,全电动,16.6,0,,0,3,492,159.6,1
2024-06-11,M-E12,全电动,15.3,0,,0.1,3,177,142.1,3
2024-06-11,M-E13,全电动,14.9,0,,0,1,299,191.4,0
2024-06-11,M-O01,油压,18.9,0,,0,4,528,292.1,0
2024-06-11,M-O02,油压,16.7,0,,0,1,433,251.6,4
2024-06-11,M-O03,油压,17.1,0,,0,2,491,386.3,4
2024-06-11,M-O04,油压,17.1,0,,0,1,525,425.8,0
2024-06-11,M-O05,油压,13.399999999999999,3.5,传感器异常,0,2,152,405.2,2
2024-06-11,M-O06,油压,14.8,0,,0,2,451,511.8,1
2024-06-11,M-O07,油压,13.2,0.9,传感器异常,0,2,157,554.7,3
2024-06-11,M-O08,油压,13.1,0,,0,3,398,537.2,3
2024-06-11,M-O09,油压,17.7,0,,0,3,108,736.8,4
2024-06-11,M-D01,双色旋转,13.4,0,,0,1,356,115.1,2
2024-06-11,M-D02,双色旋转,14.7,0,,0,2,409,477.1,1
2024-06-11,M-D03,双色旋转,14.1,0,,0,3,179,476.0,1
2024-06-11,M-T01,两板,17.6,0,,0,2,375,63.8,0
2024-06-11,M-T02,两板,15.0,0,,0,2,574,318.1,0
2024-06-11,M-T03,两板,15.0,3.0,液压系统,0,3,583,946.2,0
2024-06-11,M-T04,两板,16.7,0,,0.4,2,326,1236.8,3
2024-06-12,M-E01,全电动,15.6,0,,0,1,255,34.8,2
2024-06-12,M-E02,全电动,18.5,0,,0,1,477,33.8,3
2024-06-12,M-E03,全电动,13.8,0,,0,1,311,42.8,3
2024-06-12,M-E04,全电动,15.7,0,,0,1,543,51.0,1
2024-06-12,M-E05,全电动,13.6,0,,0.2,1,114,51.9,3
2024-06-12,M-E06,全电动,18.0,0,,0,2,569,71.6,2
2024-06-12,M-E07,全电动,16.2,0,,0,1,507,91.1,0
2024-06-12,M-E08,全电动,14.8,0,,0,1,538,97.8,3
2024-06-12,M-E09,全电动,17.3,0.7,模具问题,0,3,579,131.2,2
2024-06-12,M-E10,全电动,18.6,0,,0,3,266,131.2,3
2024-06-12,M-E11,全电动,16.5,0,,0,1,540,167.9,3
2024-06-12,M-E12,全电动,15.8,0,,0,2,459,165.1,2
2024-06-12,M-E13,全电动,18.8,0,,0,3,109,229.0,3
2024-06-12,M-O01,油压,13.6,0,,0,3,482,224.6,2
2024-06-12,M-O02,油压,13.3,0,,0,2,173,227.4,1
2024-06-12,M-O03,油压,16.1,0,,0,1,466,323.2,4
2024-06-12,M-O04,油压,18.1,0,,0,1,352,496.1,4
2024-06-12,M-O05,油压,15.2,0,,0.1,1,166,402.1,3
2024-06-12,M-O06,油压,15.5,0,,0,3,349,490.0,4
2024-06-12,M-O07,油压,16.8,0,,0,1,439,602.9,2
2024-06-12,M-O08,油压,18.4,0,,0,1,486,689.1,0
2024-06-12,M-O09,油压,15.0,0,,0,3,280,829.2,4
2024-06-12,M-D01,双色旋转,13.4,0,,0,3,295,106.5,0
2024-06-12,M-D02,双色旋转,15.0,0,,0,2,519,474.9,4
2024-06-12,M-D03,双色旋转,13.8,0,,0,4,440,441.2,2
2024-06-12,M-T01,两板,14.1,0,,0,2,133,42.8,2
2024-06-12,M-T02,两板,15.0,0,,0,3,406,337.3,2
2024-06-12,M-T03,两板,15.1,0,,0.4,1,203,935.3,0
2024-06-12,M-T04,两板,13.0,0,,0,1,174,1135.8,4
2024-06-13,M-E01,全电动,15.900000000000002,1.7,液压系统,0,2,399,28.3,4
2024-06-13,M-E02,全电动,17.3,0,,0,1,535,32.6,3
2024-06-13,M-E03,全电动,15.2,0,,0.1,1,407,39.1,4
2024-06-13,M-E04,全电动,14.1,0,,0.0,2,595,43.1,2
2024-06-13,M-E05,全电动,18.3,0,,0,3,185,62.0,2
2024-06-13,M-E06,全电动,14.2,0,,0,1,83,43.3,2
2024-06-13,M-E07,全电动,15.2,0,,0,1,566,83.7,2
2024-06-13,M-E08,全电动,18.5,0,,0,1,476,83.6,4
2024-06-13,M-E09,全电动,17.9,0,,0,3,445,140.6,4
2024-06-13,M-E10,全电动,16.2,0,,0,1,401,116.5,0
2024-06-13,M-E11,全电动,15.9,2.1,液压系统,0,3,486,146.7,0
2024-06-13,M-E12,全电动,13.4,0,,0,3,314,160.0,0
2024-06-13,M-E13,全电动,18.0,0,,0,2,285,194.2,0
2024-06-13,M-O01,油压,15.9,0,,0.1,2,474,251.1,4
2024-06-13,M-O02,油压,18.2,0,,0.4,1,197,262.1,2
2024-06-13,M-O03,油压,18.4,0,,0,3,335,351.7,0
2024-06-13,M-O04,油压,18.8,0,,0,3,260,396.9,3
2024-06-13,M-O05,油压,16.2,0,,0,2,234,411.1,1
2024-06-13,M-O06,油压,14.4,0,,0,1,408,506.6,3
2024-06-13,M-O07,油压,15.3,0,,0,3,150,614.7,2
2024-06-13,M-O08,油压,13.1,0,,0,1,312,692.2,3
2024-06-13,M-O09,油压,18.6,0,,0,3,266,786.9,2
2024-06-13,M-D01,双色旋转,18.0,0,,0,4,133,154.9,0
2024-06-13,M-D02,双色旋转,16.9,0,,0,1,106,546.6,3
2024-06-13,M-D03,双色旋转,16.8,0,,0,4,198,443.9,1
2024-06-13,M-T01,两板,13.0,0,,0,2,522,39.3,0
2024-06-13,M-T02,两板,15.5,0,,0,2,298,366.4,3
2024-06-13,M-T03,两板,18.2,0,,0,3,405,957.2,2
2024-06-13,M-T04,两板,18.8,0,,0,1,577,1770.7,3
2024-06-14,M-E01,全电动,14.5,0,,0,1,511,22.1,3
2024-06-14,M-E02,全电动,14.7,0,,0,1,322,28.4,4
2024-06-14,M-E03,全电动,16.4,0,,0,4,132,42.4,4
2024-06-14,M-E04,全电动,17.8,0,,0,2,134,57.3,1
2024-06-14,M-E05,全电动,14.1,0,,0,2,208,49.9,2
2024-06-14,M-E06,全电动,13.5,0,,0,2,87,44.1,4
2024-06-14,M-E07,全电动,17.4,0.5,加热系统,0,1,148,72.1,4
2024-06-14,M-E08,全电动,14.9,0,,0,1,343,75.7,4
2024-06-14,M-E09,全电动,15.7,0,,0,1,327,89.5,1
2024-06-14,M-E10,全电动,16.4,0,,0,1,475,104.2,1
2024-06-14,M-E11,全电动,15.8,0,,0,3,242,167.4,0
2024-06-14,M-E12,全电动,13.1,0,,0,2,483,113.3,3
2024-06-14,M-E13,全电动,14.2,0,,0,3,439,154.2,1
2024-06-14,M-O01,油压,13.0,0,,0.5,4,201,168.5,2
2024-06-14,M-O02,油压,17.1,0,,0,4,468,214.0,2
2024-06-14,M-O03,油压,13.5,0,,0,1,561,264.1,4
2024-06-14,M-O04,油压,18.8,0,,0,2,465,496.3,0
2024-06-14,M-O05,油压,14.0,2.7,电气故障,0,2,187,356.1,2
2024-06-14,M-O06,油压,13.4,0,,0,2,553,336.7,0
2024-06-14,M-O07,油压,18.5,0,,0,2,369,683.4,1
2024-06-14,M-O08,油压,16.7,0,,0,1,553,649.8,2
2024-06-14,M-O09,油压,14.8,0,,0.2,2,189,773.5,1
2024-06-14,M-D01,双色旋转,14.0,0,,0,2,408,143.6,4
2024-06-14,M-D02,双色旋转,15.8,0,,0,2,431,586.0,0
2024-06-14,M-D03,双色旋转,15.1,0,,0,2,356,506.2,3
2024-06-14,M-T01,两板,18.8,0,,0,3,569,47.4,3
2024-06-14,M-T02,两板,13.3,0,,0,2,151,289.9,4
2024-06-14,M-T03,两板,13.9,0,,0,2,120,654.1,3
2024-06-14,M-T04,两板,15.3,0,,0,3,291,1331.4,0
2024-06-15,M-E01,全电动,17.0,0,,0,2,302,34.6,4
2024-06-15,M-E02,全电动,16.9,0,,0,3,101,32.6,1
2024-06-15,M-E03,全电动,11.399999999999999,1.8,液压系统,0,3,485,26.4,0
2024-06-15,M-E04,全电动,15.7,0,,0,1,403,52.2,2
2024-06-15,M-E05,全电动,13.9,0,,0,2,518,45.3,3
2024-06-15,M-E06,全电动,17.3,0,,0.0,1,598,69.5,2
2024-06-15,M-E07,全电动,16.1,0,,0,1,278,72.3,2
2024-06-15,M-E08,全电动,13.4,0,,0.4,1,525,81.2,1
2024-06-15,M-E09,全电动,16.9,0,,0,3,95,140.2,4
2024-06-15,M-E10,全电动,13.5,0,,0,2,250,105.8,1
2024-06-15,M-E11,全电动,14.0,0,,0,3,262,117.1,1
2024-06-15,M-E12,全电动,16.5,0,,0,1,579,140.2,4
2024-06-15,M-E13,全电动,17.7,0,,0,1,591,169.3,2
2024-06-15,M-O01,油压,13.0,0,,0,3,224,208.3,4
2024-06-15,M-O02,油压,18.8,0,,0.3,3,271,354.8,2
2024-06-15,M-O03,油压,13.1,0,,0,1,356,285.7,0
2024-06-15,M-O04,油压,16.0,0,,0,2,429,437.6,1
2024-06-15,M-O05,油压,14.6,0,,0,3,221,381.2,1
2024-06-15,M-O06,油压,18.0,0,,0,1,223,537.8,0
2024-06-15,M-O07,油压,18.6,0,,0,2,433,824.7,1
2024-06-15,M-O08,油压,18.3,0,,0,1,557,820.3,0
2024-06-15,M-O09,油压,14.4,0,,0,2,364,862.5,2
2024-06-15,M-D01,双色旋转,13.9,0,,0.3,5,458,138.4,1
2024-06-15,M-D02,双色旋转,17.7,0,,0,1,403,468.5,2
2024-06-15,M-D03,双色旋转,18.7,0,,0,3,326,522.1,1
2024-06-15,M-T01,两板,15.6,0,,0,3,463,42.9,2
2024-06-15,M-T02,两板,13.9,0,,0,3,169,319.4,0
2024-06-15,M-T03,两板,17.7,0,,0,1,189,838.3,2
2024-06-15,M-T04,两板,16.2,0,,0,2,480,1171.1,4
2024-06-16,M-E01,全电动,19.0,0,,0,2,466,28.7,0
2024-06-16,M-E02,全电动,14.1,0,,0,1,290,21.9,0
2024-06-16,M-E03,全电动,14.5,0,,0,3,424,35.6,3
2024-06-16,M-E04,全电动,14.2,0,,0.4,1,585,36.4,1
2024-06-16,M-E05,全电动,18.3,0,,0,3,483,81.9,4
2024-06-16,M-E06,全电动,18.7,0,,0.3,2,197,56.2,4
2024-06-16,M-E07,全电动,18.2,0,,0.0,1,292,75.0,1
2024-06-16,M-E08,全电动,16.0,0,,0.0,3,280,84.0,0
2024-06-16,M-E09,全电动,13.3,0,,0,2,145,104.8,2
2024-06-16,M-E10,全电动,13.4,0,,0,2,452,85.7,3
2024-06-16,M-E11,全电动,16.5,0,,0.4,4,452,143.8,4
2024-06-16,M-E12,全电动,16.6,0,,0,2,187,167.3,2
2024-06-16,M-E13,全电动,14.7,0,,0,1,111,152.3,4
2024-06-16,M-O01,油压,16.8,0,,0,1,428,230.4,2
2024-06-16,M-O02,油压,14.1,0,,0,1,143,257.0,3
2024-06-16,M-O03,油压,16.4,0,,0,1,464,368.9,2
2024-06-16,M-O04,油压,15.6,0,,0,2,269,357.0,4
2024-06-16,M-O05,油压,18.8,0,,0,4,482,404.0,4
2024-06-16,M-O06,油压,16.2,0,,0,1,185,521.1,0
2024-06-16,M-O07,油压,17.5,0,,0,3,521,777.6,2
2024-06-16,M-O08,油压,17.7,0,,0,2,430,868.8,3
2024-06-16,M-O09,油压,13.2,0,,0,1,441,672.7,1
2024-06-16,M-D01,双色旋转,14.4,0,,0,3,343,102.1,1
2024-06-16,M-D02,双色旋转,18.1,0,,0,3,178,612.8,3
2024-06-16,M-D03,双色旋转,14.1,0,,0,2,314,476.8,4
2024-06-16,M-T01,两板,14.5,0,,0,1,171,40.5,3
2024-06-16,M-T02,两板,18.3,0,,0,3,236,377.9,1
2024-06-16,M-T03,两板,17.4,0,,0.0,1,355,1025.4,2
2024-06-16,M-T04,两板,14.7,0,,0,2,239,1320.0,2
2024-06-17,M-E01,全电动,13.3,0,,0,2,355,27.2,2
2024-06-17,M-E02,全电动,13.7,0,,0,2,164,30.6,0
2024-06-17,M-E03,全电动,14.9,0,,0.4,1,599,46.3,1
2024-06-17,M-E04,全电动,17.8,0,,0,2,579,58.4,0
2024-06-17,M-E05,全电动,14.9,0,,0,2,450,61.2,2
2024-06-17,M-E06,全电动,14.5,0,,0,3,250,51.7,1
2024-06-17,M-E07,全电动,15.8,0,,0.1,3,367,59.7,3
2024-06-17,M-E08,全电动,15.7,0,,0,1,224,97.4,0
2024-06-17,M-E09,全电动,18.5,0,,0,1,323,153.3,3
2024-06-17,M-E10,全电动,14.0,0,,0,1,215,90.9,2
2024-06-17,M-E11,全电动,18.6,0,,0.2,1,442,179.5,4
2024-06-17,M-E12,全电动,17.4,0,,0,3,273,211.3,2
2024-06-17,M-E13,全电动,13.6,0,,0,3,538,147.6,4
2024-06-17,M-O01,油压,18.1,0,,0,1,139,262.9,4
2024-06-17,M-O02,油压,18.2,0,,0,1,518,257.9,3
2024-06-17,M-O03,油压,14.9,0,,0,2,96,233.2,2
2024-06-17,M-O04,油压,15.7,0,,0,2,215,377.5,4
2024-06-17,M-O05,油压,17.2,0,,0,2,100,469.2,0
2024-06-17,M-O06,油压,13.7,0,,0,1,310,435.3,2
2024-06-17,M-O07,油压,17.8,0,,0,1,478,675.1,1
2024-06-17,M-O08,油压,13.1,0,,0,1,210,616.2,3
2024-06-17,M-O09,油压,18.9,0,,0.1,2,330,1039.2,4
2024-06-17,M-D01,双色旋转,18.7,0,,0,3,290,151.5,2
2024-06-17,M-D02,双色旋转,18.9,0,,0,2,353,595.7,4
2024-06-17,M-D03,双色旋转,13.8,0,,0,2,317,365.4,0
2024-06-17,M-T01,两板,16.1,0,,0,2,344,43.7,2
2024-06-17,M-T02,两板,15.4,0,,0,2,113,395.7,0
2024-06-17,M-T03,两板,16.5,0,,0,2,524,830.3,4
2024-06-17,M-T04,两板,16.9,0,,0.2,1,381,1126.1,3
2024-06-18,M-E01,全电动,17.6,0,,0,1,298,27.9,1
2024-06-18,M-E02,全电动,18.5,0,,0,3,242,41.7,1
2024-06-18,M-E03,全电动,16.0,0,,0,1,114,53.8,1
2024-06-18,M-E04,全电动,18.5,0,,0,1,475,45.6,1
2024-06-18,M-E05,全电动,15.7,0,,0,3,577,52.4,0
2024-06-18,M-E06,全电动,16.1,0,,0,2,164,73.1,4
2024-06-18,M-E07,全电动,16.1,0,,0,2,194,89.9,2
2024-06-18,M-E08,全电动,14.4,0,,0,2,488,78.0,3
2024-06-18,M-E09,全电动,14.0,0,,0,3,156,88.2,1
2024-06-18,M-E10,全电动,12.899999999999999,2.2,电气故障,0,2,281,90.3,3
2024-06-18,M-E11,全电动,13.8,0,,0,2,140,129.3,3
2024-06-18,M-E12,全电动,15.9,0,,0,2,301,128.2,1
2024-06-18,M-E13,全电动,16.7,0,,0,2,294,199.5,0
2024-06-18,M-O01,油压,17.7,0,,0,3,408,250.6,1
2024-06-18,M-O02,油压,17.3,0,,0.5,2,364,246.6,0
2024-06-18,M-O03,油压,13.7,0,,0,3,257,223.8,3
2024-06-18,M-O04,油压,16.4,0,,0,2,596,438.3,1
2024-06-18,M-O05,油压,15.7,0,,0,2,249,399.7,4
2024-06-18,M-O06,油压,18.1,0,,0,2,581,595.7,4
2024-06-18,M-O07,油压,19.0,0,,0,1,444,574.0,3
2024-06-18,M-O08,油压,16.5,0,,0,1,463,655.4,2
2024-06-18,M-O09,油压,16.9,0,,0.0,2,376,717.9,0
2024-06-18,M-D01,双色旋转,15.9,0,,0.4,2,212,113.8,1
2024-06-18,M-D02,双色旋转,13.6,0,,0,2,344,474.4,2
2024-06-18,M-D03,双色旋转,17.2,0,,0,2,418,645.2,2
2024-06-18,M-T01,两板,16.3,0,,0.5,1,554,52.0,0
2024-06-18,M-T02,两板,13.3,0,,0,2,222,354.4,0
2024-06-18,M-T03,两板,18.7,0,,0,2,363,1017.6,2
2024-06-18,M-T04,两板,16.1,0,,0,2,421,1524.2,4
2024-06-19,M-E01,全电动,17.4,0,,0,3,577,27.2,1
2024-06-19,M-E02,全电动,15.8,0,,0,2,427,35.1,4
2024-06-19,M-E03,全电动,18.4,0,,0,1,574,48.1,4
2024-06-19,M-E04,全电动,19.0,0,,0,1,281,52.7,2
2024-06-19,M-E05,全电动,16.3,0,,0,4,349,67.5,4
2024-06-19,M-E06,全电动,17.6,0,,0,2,577,64.7,1
2024-06-19,M-E07,全电动,16.5,0,,0,2,388,87.9,4
2024-06-19,M-E08,全电动,14.2,0,,0.3,4,187,74.6,4
2024-06-19,M-E09,全电动,18.7,0,,0,1,430,148.9,0
2024-06-19,M-E10,全电动,18.5,0,,0.0,2,464,142.6,0
2024-06-19,M-E11,全电动,15.4,0,,0,2,439,120.2,0
2024-06-19,M-E12,全电动,14.7,0,,0,2,431,125.5,1
2024-06-19,M-E13,全电动,17.7,0,,0,3,423,202.1,0
2024-06-19,M-O01,油压,13.4,0,,0,4,170,202.7,0
2024-06-19,M-O02,油压,17.8,0,,0,3,431,316.8,0
2024-06-19,M-O03,油压,18.8,0,,0,2,97,330.6,4
2024-06-19,M-O04,油压,16.0,0,,0,1,274,330.9,4
2024-06-19,M-O05,油压,15.6,0,,0,3,271,354.0,2
2024-06-19,M-O06,油压,16.2,0,,0,3,458,480.2,3
2024-06-19,M-O07,油压,18.1,0,,0,1,359,559.4,3
2024-06-19,M-O08,油压,14.4,0,,0,3,112,740.1,2
2024-06-19,M-O09,油压,18.9,0,,0.4,1,296,940.1,3
2024-06-19,M-D01,双色旋转,16.7,0,,0,2,129,137.3,1
2024-06-19,M-D02,双色旋转,17.9,0,,0.4,2,139,604.5,4
2024-06-19,M-D03,双色旋转,18.5,0,,0,2,583,566.5,4
2024-06-19,M-T01,两板,18.4,0,,0,2,150,47.0,3
2024-06-19,M-T02,两板,15.4,0,,0,1,362,457.1,0
2024-06-19,M-T03,两板,17.1,0,,0,1,207,1035.1,2
2024-06-19,M-T04,两板,16.8,0,,0,1,366,1511.8,0
2024-06-20,M-E01,全电动,14.4,0,,0,4,563,22.5,0
2024-06-20,M-E02,全电动,18.2,0,,0.4,1,406,29.4,3
2024-06-20,M-E03,全电动,15.5,0,,0.1,1,200,42.4,3
2024-06-20,M-E04,全电动,14.0,0,,0,1,388,33.5,4
2024-06-20,M-E05,全电动,15.4,0,,0,1,139,66.3,3
2024-06-20,M-E06,全电动,15.0,0,,0,1,102,62.6,1
2024-06-20,M-E07,全电动,13.1,0,,0,1,127,67.2,2
2024-06-20,M-E08,全电动,16.3,0,,0.4,2,103,88.6,3
2024-06-20,M-E09,全电动,18.6,0,,0,4,145,115.9,3
2024-06-20,M-E10,全电动,17.0,0,,0,2,286,153.6,2
2024-06-20,M-E11,全电动,17.5,0,,0,2,85,155.3,3
2024-06-20,M-E12,全电动,17.0,0,,0,2,461,143.2,4
2024-06-20,M-E13,全电动,14.2,0,,0,2,319,128.4,4
2024-06-20,M-O01,油压,14.5,2.2,模具问题,0,1,127,193.1,2
2024-06-20,M-O02,油压,13.5,0,,0,1,205,183.7,4
2024-06-20,M-O03,油压,17.0,0,,0,4,432,262.6,0
2024-06-20,M-O04,油压,18.6,0,,0,1,591,507.6,1
2024-06-20,M-O05,油压,14.3,0,,0,1,254,448.1,1
2024-06-20,M-O06,油压,16.1,0,,0,1,214,519.1,1
2024-06-20,M-O07,油压,14.6,0,,0,2,596,472.0,4
2024-06-20,M-O08,油压,17.3,0,,0,2,167,756.0,2
2024-06-20,M-O09,油压,14.2,0,,0,4,213,574.1,4
2024-06-20,M-D01,双色旋转,13.6,0,,0,3,370,120.4,0
2024-06-20,M-D02,双色旋转,18.4,0,,0,1,579,662.7,3
2024-06-20,M-D03,双色旋转,15.3,0,,0,1,275,468.4,0
2024-06-20,M-T01,两板,16.5,0,,0,2,470,52.6,4
2024-06-20,M-T02,两板,17.1,0,,0,1,384,473.1,0
2024-06-20,M-T03,两板,14.6,0,,0,3,364,877.4,1
2024-06-20,M-T04,两板,16.6,0,,0,2,435,1095.6,3
2024-06-21,M-E01,全电动,15.700000000000001,2.1,加热系统,0,3,83,31.0,3
2024-06-21,M-E02,全电动,15.6,0,,0,1,493,27.4,1
2024-06-21,M-E03,全电动,13.2,0,,0,1,187,40.6,2
2024-06-21,M-E04,全电动,14.6,0,,0,4,328,45.8,3
2024-06-21,M-E05,全电动,18.5,0,,0.1,3,587,73.6,2
2024-06-21,M-E06,全电动,13.8,0,,0,1,294,52.5,2
2024-06-21,M-E07,全电动,14.4,0,,0,1,176,70.8,3
2024-06-21,M-E08,全电动,13.3,0,,0,1,348,86.6,3
2024-06-21,M-E09,全电动,18.6,0,,0,3,465,147.4,3
2024-06-21,M-E10,全电动,13.3,0,,0,3,86,113.6,4
2024-06-21,M-E11,全电动,18.6,0,,0,1,473,143.8,0
2024-06-21,M-E12,全电动,14.9,0,,0,3,414,165.3,2
2024-06-21,M-E13,全电动,17.4,0,,0,2,594,168.8,4
2024-06-21,M-O01,油压,14.3,0,,0,3,325,208.8,2
2024-06-21,M-O02,油压,15.2,0,,0,1,476,253.0,1
2024-06-21,M-O03,油压,16.5,0,,0,3,510,364.6,0
2024-06-21,M-O04,油压,16.2,0,,0,2,446,341.2,0
2024-06-21,M-O05,油压,14.3,0,,0,2,154,336.8,0
2024-06-21,M-O06,油压,16.7,0,,0,3,407,628.0,1
2024-06-21,M-O07,油压,17.1,0,,0,1,478,747.2,0
2024-06-21,M-O08,油压,16.4,0,,0,2,87,813.1,4
2024-06-21,M-O09,油压,17.0,0,,0,3,413,778.8,1
2024-06-21,M-D01,双色旋转,14.0,0,,0,2,262,141.7,2
2024-06-21,M-D02,双色旋转,14.4,0,,0,2,92,504.2,4
2024-06-21,M-D03,双色旋转,18.6,0,,0,1,102,590.8,4
2024-06-21,M-T01,两板,18.5,0,,0,2,365,52.9,3
2024-06-21,M-T02,两板,14.8,0,,0,3,141,314.5,3
2024-06-21,M-T03,两板,14.5,0,,0,2,84,877.0,4
2024-06-21,M-T04,两板,14.2,0,,0,1,191,1311.3,0
2024-06-22,M-E01,全电动,15.3,0,,0,4,595,23.4,4
2024-06-22,M-E02,全电动,15.7,0,,0.4,3,324,33.8,1
2024-06-22,M-E03,全电动,15.6,0,,0,2,347,45.2,0
2024-06-22,M-E04,全电动,16.1,0,,0.4,3,453,40.1,2
2024-06-22,M-E05,全电动,13.6,0,,0,1,598,51.4,4
2024-06-22,M-E06,全电动,17.7,0,,0,1,228,69.1,4
2024-06-22,M-E07,全电动,13.2,0,,0,1,426,73.1,0
2024-06-22,M-E08,全电动,13.2,0,,0.1,2,356,79.1,0
2024-06-22,M-E09,全电动,16.3,0,,0,3,357,131.7,3
2024-06-22,M-E10,全电动,15.3,0,,0,1,527,133.7,3
2024-06-22,M-E11,全电动,15.0,0,,0,3,224,108.8,2
2024-06-22,M-E12,全电动,17.3,0,,0.4,1,105,191.7,0
2024-06-22,M-E13,全电动,14.4,0,,0,2,347,141.4,3
2024-06-22,M-O01,油压,16.1,0,,0,1,126,265.4,0
2024-06-22,M-O02,油压,15.1,0,,0,1,154,225.1,4
2024-06-22,M-O03,油压,17.1,0,,0.5,1,375,295.0,3
2024-06-22,M-O04,油压,17.5,0,,0,1,409,370.9,3
2024-06-22,M-O05,油压,14.7,0,,0,1,359,391.7,1
2024-06-22,M-O06,油压,11.700000000000001,2.6,液压系统,0,2,175,311.8,1
2024-06-22,M-O07,油压,18.6,0,,0,3,293,626.9,4
2024-06-22,M-O08,油压,16.1,0,,0,2,360,589.7,1
2024-06-22,M-O09,油压,13.4,0,,0,2,274,540.8,4
2024-06-22,M-D01,双色旋转,15.2,0,,0,2,558,108.6,1
2024-06-22,M-D02,双色旋转,17.4,0,,0.1,1,105,522.6,2
2024-06-22,M-D03,双色旋转,14.8,0,,0,4,246,452.1,1
2024-06-22,M-T01,两板,16.0,0,,0,4,200,48.2,4
2024-06-22,M-T02,两板,15.4,0,,0,2,230,348.8,2
2024-06-22,M-T03,两板,16.9,0,,0,1,362,1093.7,1
2024-06-22,M-T04,两板,15.8,0,,0,3,245,1283.0,1
2024-06-23,M-E01,全电动,18.1,0,,0,2,125,38.7,4
2024-06-23,M-E02,全电动,17.4,0,,0.2,2,389,31.4,2
2024-06-23,M-E03,全电动,18.5,0,,0,1,366,47.7,3
2024-06-23,M-E04,全电动,14.5,0,,0,3,131,48.5,2
2024-06-23,M-E05,全电动,16.9,0,,0,2,284,60.2,1
2024-06-23,M-E06,全电动,13.7,0,,0,2,217,52.4,2
2024-06-23,M-E07,全电动,19.0,0,,0,2,302,82.0,3
2024-06-23,M-E08,全电动,14.3,0,,0,1,129,86.9,3
2024-06-23,M-E09,全电动,14.7,0,,0,1,99,110.0,0
2024-06-23,M-E10,全电动,15.3,0,,0,1,99,100.6,0
2024-06-23,M-E11,全电动,14.8,0,,0,1,437,150.0,2
2024-06-23,M-E12,全电动,15.4,0,,0,3,533,138.8,3
2024-06-23,M-E13,全电动,18.6,0,,0,3,534,220.5,3
2024-06-23,M-O01,油压,13.3,0,,0,2,161,174.4,3
2024-06-23,M-O02,油压,13.0,0,,0,2,175,230.2,2
2024-06-23,M-O03,油压,16.1,0,,0,2,82,266.7,2
2024-06-23,M-O04,油压,14.0,0,,0,1,97,311.5,4
2024-06-23,M-O05,油压,13.4,0,,0,3,322,378.2,1
2024-06-23,M-O06,油压,15.4,0,,0,2,140,550.4,3
2024-06-23,M-O07,油压,17.2,0,,0,2,396,539.1,2
2024-06-23,M-O08,油压,18.6,0,,0,3,254,941.2,3
2024-06-23,M-O09,油压,15.0,0,,0,4,415,656.3,2
2024-06-23,M-D01,双色旋转,10.5,3.4,加热系统,0,1,123,80.8,1
2024-06-23,M-D02,双色旋转,13.9,0,,0,2,524,510.1,3
2024-06-23,M-D03,双色旋转,15.1,0,,0,3,437,429.7,3
2024-06-23,M-T01,两板,16.1,0,,0,2,576,49.3,0
2024-06-23,M-T02,两板,13.2,0,,0,1,361,307.4,2
2024-06-23,M-T03,两板,13.1,0,,0,2,287,655.1,2
2024-06-23,M-T04,两板,16.8,0,,0.2,4,430,1130.4,3
2024-06-24,M-E01,全电动,14.9,0,,0,2,148,30.9,2
2024-06-24,M-E02,全电动,15.9,0,,0.3,2,387,34.3,1
2024-06-24,M-E03,全电动,15.6,0,,0.3,2,468,45.4,1
2024-06-24,M-E04,全电动,14.2,0,,0,2,154,32.8,2
2024-06-24,M-E05,全电动,16.4,0,,0,2,417,72.5,2
2024-06-24,M-E06,全电动,17.0,0,,0.4,1,330,71.6,4
2024-06-24,M-E07,全电动,15.8,0,,0,1,392,81.8,1
2024-06-24,M-E08,全电动,13.1,0,,0.2,2,417,75.9,0
2024-06-24,M-E09,全电动,17.8,0,,0,4,176,112.2,1
2024-06-24,M-E10,全电动,14.6,0,,0,4,166,91.8,4
2024-06-24,M-E11,全电动,13.7,0,,0,1,126,98.3,0
2024-06-24,M-E12,全电动,14.9,0,,0,1,443,173.6,2
2024-06-24,M-E13,全电动,14.4,0,,0,1,595,138.0,4
2024-06-24,M-O01,油压,13.7,0,,0,2,282,232.3,4
2024-06-24,M-O02,油压,16.1,0,,0,1,500,206.2,4
2024-06-24,M-O03,油压,13.2,0,,0,3,481,223.9,1
2024-06-24,M-O04,油压,16.4,0,,0,2,162,386.6,1
2024-06-24,M-O05,油压,18.2,0,,0,4,478,576.4,2
2024-06-24,M-O06,油压,14.2,0,,0,3,353,529.0,0
2024-06-24,M-O07,油压,18.7,0,,0,2,549,636.8,0
2024-06-24,M-O08,油压,17.3,0,,0,4,282,738.2,3
2024-06-24,M-O09,油压,13.7,0,,0,3,371,563.7,2
2024-06-24,M-D01,双色旋转,13.7,0,,0,1,316,131.2,4
2024-06-24,M-D02,双色旋转,15.2,0,,0,1,226,510.3,3
2024-06-24,M-D03,双色旋转,15.7,0,,0.1,3,328,490.1,0
2024-06-24,M-T01,两板,16.9,0,,0,2,526,58.4,2
2024-06-24,M-T02,两板,14.7,0,,0,2,355,358.2,1
2024-06-24,M-T03,两板,14.7,0,,0,3,94,855.8,1
2024-06-24,M-T04,两板,17.7,0,,0,2,474,1336.5,0
2024-06-25,M-E01,全电动,16.7,0,,0,3,490,30.2,2
2024-06-25,M-E02,全电动,15.5,0,,0,2,570,24.0,2
2024-06-25,M-E03,全电动,13.3,0,,0,4,129,42.5,3
2024-06-25,M-E04,全电动,16.9,0,,0,3,139,38.1,1
2024-06-25,M-E05,全电动,18.4,0,,0,1,229,80.0,1
2024-06-25,M-E06,全电动,13.8,0,,0,1,294,44.3,3
2024-06-25,M-E07,全电动,16.7,0,,0,1,249,91.9,1
2024-06-25,M-E08,全电动,13.2,0,,0,1,441,84.3,4
2024-06-25,M-E09,全电动,13.4,0,,0,1,356,110.9,2
2024-06-25,M-E10,全电动,16.8,0,,0,2,279,129.4,1
2024-06-25,M-E11,全电动,17.2,0,,0,1,417,129.1,1
2024-06-25,M-E12,全电动,18.2,0,,0,3,349,152.0,4
2024-06-25,M-E13,全电动,18.2,0,,0.1,2,197,179.2,0
2024-06-25,M-O01,油压,13.5,0,,0,4,162,182.5,3
2024-06-25,M-O02,油压,13.3,0,,0,2,80,201.7,1
2024-06-25,M-O03,油压,18.5,0,,0,1,210,380.6,1
2024-06-25,M-O04,油压,15.5,0,,0.0,3,242,340.7,1
2024-06-25,M-O05,油压,17.6,0,,0,1,437,444.7,1
2024-06-25,M-O06,油压,15.8,0,,0,1,366,486.8,3
2024-06-25,M-O07,油压,14.5,0,,0,2,469,508.9,3
2024-06-25,M-O08,油压,15.0,0,,0,1,197,792.0,0
2024-06-25,M-O09,油压,17.4,0,,0,3,192,747.2,0
2024-06-25,M-D01,双色旋转,13.0,0,,0.2,3,572,133.5,3
2024-06-25,M-D02,双色旋转,17.5,0,,0,3,596,608.0,4
2024-06-25,M-D03,双色旋转,18.8,0,,0,2,584,652.0,3
2024-06-25,M-T01,两板,18.3,0,,0,4,132,54.3,2
2024-06-25,M-T02,两板,9.899999999999999,3.7,加热系统,0,1,383,222.7,0
2024-06-25,M-T03,两板,17.9,0,,0,3,341,1016.0,2
2024-06-25,M-T04,两板,18.4,0,,0,2,381,1198.2,0
2024-06-26,M-E01,全电动,16.9,0,,0,2,572,27.5,3
2024-06-26,M-E02,全电动,18.6,0,,0.4,1,438,38.0,0
2024-06-26,M-E03,全电动,17.0,0,,0,3,85,48.9,0
2024-06-26,M-E04,全电动,18.5,0,,0,1,320,47.0,2
2024-06-26,M-E05,全电动,13.4,0,,0,2,522,55.3,0
2024-06-26,M-E06,全电动,13.9,0,,0,2,249,54.7,2
2024-06-26,M-E07,全电动,15.9,0,,0,3,329,70.0,4
2024-06-26,M-E08,全电动,18.1,0,,0.2,3,509,123.6,0
2024-06-26,M-E09,全电动,17.3,0,,0,3,542,119.2,1
2024-06-26,M-E10,全电动,18.4,0,,0,1,120,116.9,1
2024-06-26,M-E11,全电动,14.8,0,,0,2,150,145.2,4
2024-06-26,M-E12,全电动,13.1,0.9,电气故障,0,1,287,124.1,4
2024-06-26,M-E13,全电动,16.1,0,,0,2,367,174.5,2
2024-06-26,M-O01,油压,13.0,0,,0,2,136,221.3,3
2024-06-26,M-O02,油压,15.0,0,,0,1,422,284.0,4
2024-06-26,M-O03,油压,16.3,0,,0,1,83,340.5,0
2024-06-26,M-O04,油压,14.9,0,,0.2,3,197,306.8,4
2024-06-26,M-O05,油压,14.6,0,,0.0,1,108,341.1,0
2024-06-26,M-O06,油压,13.7,0,,0,1,592,518.2,1
2024-06-26,M-O07,油压,15.1,0,,0,1,509,524.1,2
2024-06-26,M-O08,油压,13.9,0,,0,1,198,498.3,3
2024-06-26,M-O09,油压,14.2,0,,0,1,470,831.4,4
2024-06-26,M-D01,双色旋转,18.2,0,,0,3,378,152.5,1
2024-06-26,M-D02,双色旋转,13.1,0,,0,2,106,426.1,3
2024-06-26,M-D03,双色旋转,14.3,0,,0,2,324,529.4,0
2024-06-26,M-T01,两板,17.0,0,,0,1,237,51.1,2
2024-06-26,M-T02,两板,18.5,0,,0,2,370,484.9,2
2024-06-26,M-T03,两板,16.7,0,,0,2,376,1022.0,3
2024-06-26,M-T04,两板,17.7,0,,0,3,458,1198.5,0
2024-06-27,M-E01,全电动,17.3,0,,0,2,281,30.1,4
2024-06-27,M-E02,全电动,17.4,0,,0,4,585,34.2,1
2024-06-27,M-E03,全电动,13.5,0,,0,2,458,31.2,1
2024-06-27,M-E04,全电动,18.1,0,,0.4,2,528,46.0,1
2024-06-27,M-E05,全电动,18.9,0,,0,4,493,75.8,1
2024-06-27,M-E06,全电动,18.4,0,,0,1,98,65.0,4
2024-06-27,M-E07,全电动,17.1,0,,0.5,2,151,96.5,0
2024-06-27,M-E08,全电动,14.1,0,,0,1,451,70.5,4
2024-06-27,M-E09,全电动,14.3,0,,0,4,572,103.5,2
2024-06-27,M-E10,全电动,14.2,0,,0,1,381,94.0,3
2024-06-27,M-E11,全电动,14.5,0,,0,2,167,118.9,4
2024-06-27,M-E12,全电动,15.0,0,,0,2,81,156.4,4
2024-06-27,M-E13,全电动,15.8,0,,0,1,173,158.5,4
2024-06-27,M-O01,油压,13.4,0,,0,3,413,200.2,1
2024-06-27,M-O02,油压,13.5,0,,0,1,216,232.2,0
2024-06-27,M-O03,油压,15.1,0,,0,1,545,275.1,3
2024-06-27,M-O04,油压,17.4,0,,0.0,2,283,348.3,0
2024-06-27,M-O05,油压,16.9,0,,0,2,412,431.2,4
2024-06-27,M-O06,油压,16.7,0,,0,1,111,522.7,3
2024-06-27,M-O07,油压,16.6,0,,0,2,160,548.1,4
2024-06-27,M-O08,油压,14.0,0,,0,2,425,597.1,2
2024-06-27,M-O09,油压,18.2,0,,0.1,3,494,889.9,3
2024-06-27,M-D01,双色旋转,13.7,0,,0,3,247,130.8,0
2024-06-27,M-D02,双色旋转,15.2,0,,0,1,301,415.1,1
2024-06-27,M-D03,双色旋转,16.2,0,,0,1,186,552.2,0
2024-06-27,M-T01,两板,13.1,0,,0,1,441,36.7,3
2024-06-27,M-T02,两板,18.1,0,,0,1,451,470.9,0
2024-06-27,M-T03,两板,14.3,0,,0.3,3,502,752.1,3
2024-06-27,M-T04,两板,15.0,0,,0,3,381,1227.9,4
2024-06-28,M-E01,全电动,16.9,2.0,液压系统,0.3,1,137,29.4,0
2024-06-28,M-E02,全电动,17.7,0,,0,4,253,32.5,2
2024-06-28,M-E03,全电动,16.8,0,,0,1,324,38.1,2
2024-06-28,M-E04,全电动,14.5,0,,0,2,107,45.9,4
2024-06-28,M-E05,全电动,13.5,0,,0,3,264,58.2,3
2024-06-28,M-E06,全电动,13.1,0,,0,2,189,44.5,1
2024-06-28,M-E07,全电动,17.6,0,,0,3,123,77.7,3
2024-06-28,M-E08,全电动,16.2,0,,0,4,117,73.7,0
2024-06-28,M-E09,全电动,14.0,0,,0.5,4,266,94.5,2
2024-06-28,M-E10,全电动,13.8,0,,0,2,408,128.8,3
2024-06-28,M-E11,全电动,14.5,1.3,模具问题,0,2,359,109.2,4
2024-06-28,M-E12,全电动,17.8,0,,0,2,583,164.3,0
2024-06-28,M-E13,全电动,18.5,0,,0,1,394,196.1,2
2024-06-28,M-O01,油压,19.0,0,,0,1,440,223.3,3
2024-06-28,M-O02,油压,18.5,0,,0,1,574,321.8,2
2024-06-28,M-O03,油压,14.2,0,,0,3,346,217.6,1
2024-06-28,M-O04,油压,18.4,0,,0,1,173,524.1,4
2024-06-28,M-O05,油压,17.4,0,,0,2,543,541.0,1
2024-06-28,M-O06,油压,16.2,0,,0,3,348,520.8,1
2024-06-28,M-O07,油压,17.3,0,,0,3,568,553.5,3
2024-06-28,M-O08,油压,19.0,0,,0.0,1,509,878.0,1
2024-06-28,M-O09,油压,13.4,0,,0,2,225,777.4,2
2024-06-28,M-D01,双色旋转,18.4,0,,0,2,129,184.2,3
2024-06-28,M-D02,双色旋转,14.8,0,,0,2,247,402.2,2
2024-06-28,M-D03,双色旋转,18.3,0,,0,2,303,471.5,0
2024-06-28,M-T01,两板,15.1,0,,0,2,163,40.6,4
2024-06-28,M-T02,两板,16.0,0,,0,4,577,398.9,1
2024-06-28,M-T03,两板,16.6,0,,0,2,277,816.4,1
2024-06-28,M-T04,两板,15.5,0,,0,3,171,1421.6,4
2024-06-29,M-E01,全电动,17.8,0,,0,1,157,28.3,2
2024-06-29,M-E02,全电动,16.6,0,,0,3,576,33.9,0
2024-06-29,M-E03,全电动,15.2,0,,0,4,183,51.6,4
2024-06-29,M-E04,全电动,16.2,0,,0,3,530,46.1,0
2024-06-29,M-E05,全电动,18.6,0,,0,3,205,57.5,0
2024-06-29,M-E06,全电动,13.5,0,,0,5,369,60.5,3
2024-06-29,M-E07,全电动,16.3,0,,0,3,345,92.4,3
2024-06-29,M-E08,全电动,15.0,0,,0,3,167,90.4,2
2024-06-29,M-E09,全电动,15.4,0,,0,1,143,90.5,1
2024-06-29,M-E10,全电动,17.9,0,,0,1,528,131.0,3
2024-06-29,M-E11,全电动,18.3,0,,0.0,2,404,182.6,3
2024-06-29,M-E12,全电动,14.9,0,,0,2,89,129.0,2
2024-06-29,M-E13,全电动,14.9,0,,0,1,506,136.0,0
2024-06-29,M-O01,油压,11.5,3.0,模具问题,0,2,349,134.0,1
2024-06-29,M-O02,油压,14.1,0,,0,2,490,227.3,2
2024-06-29,M-O03,油压,14.1,0,,0,3,458,308.3,1
2024-06-29,M-O04,油压,19.0,0,,0,2,96,494.5,2
2024-06-29,M-O05,油压,14.8,0,,0,1,289,329.8,1
2024-06-29,M-O06,油压,14.1,0,,0.1,4,409,428.0,1
2024-06-29,M-O07,油压,13.6,0,,0,1,554,498.6,2
2024-06-29,M-O08,油压,13.6,0,,0.1,2,331,631.6,0
2024-06-29,M-O09,油压,17.0,0,,0,2,524,800.7,0
2024-06-29,M-D01,双色旋转,16.5,0,,0,2,326,142.4,2
2024-06-29,M-D02,双色旋转,14.2,0,,0,1,387,416.1,1
2024-06-29,M-D03,双色旋转,19.0,0,,0,1,200,666.2,3
2024-06-29,M-T01,两板,17.7,0,,0,1,404,64.9,2
2024-06-29,M-T02,两板,18.3,0,,0.2,3,160,393.2,0
2024-06-29,M-T03,两板,15.7,0,,0,3,584,1042.4,1
2024-06-29,M-T04,两板,13.5,0,,0,2,580,1050.4,3
2024-06-30,M-E01,全电动,17.8,0,,0,1,263,39.4,4
2024-06-30,M-E02,全电动,18.0,0,,0,2,577,39.5,3
2024-06-30,M-E03,全电动,18.0,0,,0,1,231,45.5,1
2024-06-30,M-E04,全电动,15.1,0,,0,3,346,47.5,1
2024-06-30,M-E05,全电动,15.3,0,,0,2,510,66.1,1
2024-06-30,M-E06,全电动,16.7,0,,0,1,237,68.0,0
2024-06-30,M-E07,全电动,16.9,0,,0,1,449,68.5,3
2024-06-30,M-E08,全电动,15.3,0,,0.1,3,193,101.1,4
2024-06-30,M-E09,全电动,17.1,0,,0,2,204,139.0,1
2024-06-30,M-E10,全电动,15.5,0,,0,1,442,124.2,3
2024-06-30,M-E11,全电动,17.8,0,,0.5,1,101,164.6,2
2024-06-30,M-E12,全电动,13.9,0,,0.2,1,176,142.2,4
2024-06-30,M-E13,全电动,15.6,0,,0,2,506,140.2,4
2024-06-30,M-O01,油压,19.0,0,,0,2,369,312.6,4
2024-06-30,M-O02,油压,13.8,0,,0.1,2,295,250.3,1
2024-06-30,M-O03,油压,14.9,0,,0,2,543,287.1,2
2024-06-30,M-O04,油压,12.899999999999999,2.3,传感器异常,0,1,450,271.8,0
2024-06-30,M-O05,油压,16.0,0,,0,1,347,492.5,0
2024-06-30,M-O06,油压,17.9,0,,0,1,320,676.7,1
2024-06-30,M-O07,油压,18.5,0,,0,1,291,668.9,0
2024-06-30,M-O08,油压,15.0,0,,0,1,213,746.2,1
2024-06-30,M-O09,油压,13.0,0,,0,1,515,653.3,4
2024-06-30,M-D01,双色旋转,15.8,0,,0.1,2,543,162.6,4
2024-06-30,M-D02,双色旋转,11.8,2.6,加热系统,0,3,484,410.8,4
2024-06-30,M-D03,双色旋转,13.7,0,,0,2,144,350.1,1
2024-06-30,M-T01,两板,13.7,0,,0.2,2,318,38.1,3
2024-06-30,M-T02,两板,18.9,0,,0,1,311,568.8,3
2024-06-30,M-T03,两板,14.1,0,,0,3,555,792.7,3
2024-06-30,M-T04,两板,14.1,0,,0,1,363,1151.3,3
2024-07-01,M-E01,全电动,13.9,0,,0,2,111,23.7,1
2024-07-01,M-E02,全电动,13.6,0,,0.4,4,465,28.3,2
2024-07-01,M-E03,全电动,18.1,0,,0,2,278,52.1,4
2024-07-01,M-E04,全电动,18.2,0,,0.3,3,307,57.8,4
2024-07-01,M-E05,全电动,18.7,0,,0,3,315,63.0,1
2024-07-01,M-E06,全电动,15.2,0,,0,2,124,67.6,2
2024-07-01,M-E07,全电动,15.5,0,,0.1,1,326,60.9,2
2024-07-01,M-E08,全电动,15.7,0,,0,2,475,74.8,0
2024-07-01,M-E09,全电动,15.5,0,,0,4,303,88.0,2
2024-07-01,M-E10,全电动,13.599999999999998,3.3,传感器异常,0,1,88,90.3,1
2024-07-01,M-E11,全电动,17.4,0,,0,2,177,146.1,2
2024-07-01,M-E12,全电动,14.2,0,,0,5,388,133.6,2
2024-07-01,M-E13,全电动,13.5,0,,0,2,501,161.2,4
2024-07-01,M-O01,油压,18.3,0,,0,1,559,230.3,0
2024-07-01,M-O02,油压,17.4,0,,0,2,466,221.2,1
2024-07-01,M-O03,油压,17.3,0,,0,2,456,349.1,2
2024-07-01,M-O04,油压,14.0,0,,0,1,582,346.5,0
2024-07-01,M-O05,油压,13.8,0,,0,2,468,405.0,2
2024-07-01,M-O06,油压,14.7,0,,0,4,521,394.9,4
2024-07-01,M-O07,油压,14.9,0,,0,1,220,515.6,2
2024-07-01,M-O08,油压,18.8,0,,0,2,95,924.4,4
2024-07-01,M-O09,油压,17.9,0,,0,1,487,1054.9,4
2024-07-01,M-D01,双色旋转,14.8,0,,0.1,4,256,110.2,0
2024-07-01,M-D02,双色旋转,13.2,0,,0.5,2,133,461.9,3
2024-07-01,M-D03,双色旋转,16.4,0,,0,2,590,416.5,3
2024-07-01,M-T01,两板,13.3,0,,0,3,93,49.3,4
2024-07-01,M-T02,两板,16.4,0,,0.1,2,479,399.9,1
2024-07-01,M-T03,两板,13.5,0,,0,2,248,753.0,4
2024-07-01,M-T04,两板,15.5,0,,0.3,3,370,1143.1,1
2024-07-02,M-E01,全电动,16.5,0,,0.5,2,550,29.7,2
2024-07-02,M-E02,全电动,16.7,0,,0,3,328,28.4,3
2024-07-02,M-E03,全电动,15.9,0,,0,4,304,49.8,3
2024-07-02,M-E04,全电动,13.4,0,,0,2,312,43.2,0
2024-07-02,M-E05,全电动,14.5,0,,0,2,261,61.4,4
2024-07-02,M-E06,全电动,15.3,0,,0.3,2,340,66.2,3
2024-07-02,M-E07,全电动,15.9,0,,0,3,286,86.4,4
2024-07-02,M-E08,全电动,14.7,0,,0,3,480,88.7,3
2024-07-02,M-E09,全电动,17.5,0,,0,2,451,129.1,3
2024-07-02,M-E10,全电动,17.9,0,,0.1,2,465,115.4,2
2024-07-02,M-E11,全电动,17.7,0,,0,1,260,178.9,1
2024-07-02,M-E12,全电动,15.6,0,,0,3,507,132.4,3
2024-07-02,M-E13,全电动,15.7,0,,0.1,1,317,151.0,1
2024-07-02,M-O01,油压,14.9,0,,0,2,155,250.3,4
2024-07-02,M-O02,油压,16.2,0,,0.4,1,252,262.0,1
2024-07-02,M-O03,油压,18.5,0,,0,5,277,410.7,0
2024-07-02,M-O04,油压,16.7,0,,0,1,378,351.6,3
2024-07-02,M-O05,油压,14.3,0,,0,1,255,418.0,0
2024-07-02,M-O06,油压,14.8,0,,0,2,561,506.9,4
2024-07-02,M-O07,油压,14.9,0,,0,2,347,619.1,3
2024-07-02,M-O08,油压,15.6,0,,0,2,283,817.1,1
2024-07-02,M-O09,油压,17.3,0,,0,2,364,704.4,4
2024-07-02,M-D01,双色旋转,14.0,0,,0,2,587,108.7,0
2024-07-02,M-D02,双色旋转,13.3,0,,0,2,363,356.0,2
2024-07-02,M-D03,双色旋转,14.4,0,,0,3,399,477.4,4
2024-07-02,M-T01,两板,14.1,0,,0,4,172,52.5,3
2024-07-02,M-T02,两板,15.6,0,,0,1,448,387.7,0
2024-07-02,M-T03,两板,17.8,0,,0,1,509,959.4,2
2024-07-02,M-T04,两板,15.2,0,,0,3,127,1324.2,2
2024-07-03,M-E01,全电动,17.7,0,,0,3,356,28.2,1
2024-07-03,M-E02,全电动,18.3,0,,0.1,1,156,41.6,1
2024-07-03,M-E03,全电动,15.5,0,,0,2,221,46.6,1
2024-07-03,M-E04,全电动,17.1,0,,0,3,141,54.5,1
2024-07-03,M-E05,全电动,13.8,0,,0,1,383,62.0,4
2024-07-03,M-E06,全电动,15.2,0,,0,2,228,60.1,0
2024-07-03,M-E07,全电动,18.5,0,,0,4,471,84.1,3
2024-07-03,M-E08,全电动,16.9,0,,0,2,311,93.0,4
2024-07-03,M-E09,全电动,18.8,0,,0,2,262,104.9,2
2024-07-03,M-E10,全电动,9.6,3.5,电气故障,0,2,491,76.9,3
2024-07-03,M-E11,全电动,15.1,0,,0,4,265,112.3,4
2024-07-03,M-E12,全电动,13.2,0,,0,2,336,133.5,2
2024-07-03,M-E13,全电动,15.6,0,,0.4,3,222,183.2,3
2024-07-03,M-O01,油压,13.0,0,,0.3,3,437,188.2,4
2024-07-03,M-O02,油压,16.6,0,,0,1,260,285.1,1
2024-07-03,M-O03,油压,15.0,0,,0,1,161,287.9,1
2024-07-03,M-O04,油压,18.1,0,,0,2,148,386.1,1
2024-07-03,M-O05,油压,17.2,0,,0,3,158,437.5,3
2024-07-03,M-O06,油压,13.1,0,,0,1,213,463.7,2
2024-07-03,M-O07,油压,18.9,0,,0,2,359,770.0,3
2024-07-03,M-O08,油压,16.5,0,,0,1,179,653.1,2
2024-07-03,M-O09,油压,15.4,0,,0,2,325,715.0,3
2024-07-03,M-D01,双色旋转,13.5,0,,0,2,349,137.7,4
2024-07-03,M-D02,双色旋转,18.1,0,,0,4,219,652.4,2
2024-07-03,M-D03,双色旋转,13.2,0,,0,1,304,413.1,2
2024-07-03,M-T01,两板,12.9,1.0,传感器异常,0,3,124,43.6,3
2024-07-03,M-T02,两板,18.1,0,,0,3,421,457.6,3
2024-07-03,M-T03,两板,13.2,0,,0,2,546,619.7,1
2024-07-03,M-T04,两板,18.0,0,,0,3,454,1313.2,3
2024-07-04,M-E01,全电动,16.9,0,,0,3,112,30.1,0
2024-07-04,M-E02,全电动,14.5,0,,0,2,228,28.0,3
2024-07-04,M-E03,全电动,13.9,0,,0,2,478,33.3,1
2024-07-04,M-E04,全电动,16.9,0,,0.1,1,358,39.2,0
2024-07-04,M-E05,全电动,15.5,0,,0,3,554,53.4,2
2024-07-04,M-E06,全电动,17.0,0,,0,2,495,72.2,4
2024-07-04,M-E07,全电动,16.2,0,,0,2,475,67.7,2
2024-07-04,M-E08,全电动,18.2,0,,0,3,316,100.6,0
2024-07-04,M-E09,全电动,16.9,0,,0,3,114,140.2,2
2024-07-04,M-E10,全电动,15.6,0,,0,4,217,139.1,1
2024-07-04,M-E11,全电动,16.4,0,,0,2,277,156.1,2
2024-07-04,M-E12,全电动,17.4,0,,0,2,526,143.7,1
2024-07-04,M-E13,全电动,17.2,0,,0.1,2,532,165.4,0
2024-07-04,M-O01,油压,16.9,0,,0.4,2,105,276.3,3
2024-07-04,M-O02,油压,15.7,0,,0,2,276,230.0,2
2024-07-04,M-O03,油压,14.2,0,,0,3,312,318.2,4
2024-07-04,M-O04,油压,19.0,0,,0,2,103,376.0,4
2024-07-04,M-O05,油压,13.2,0,,0,2,196,300.3,1
2024-07-04,M-O06,油压,14.7,0,,0,1,218,467.3,0
2024-07-04,M-O07,油压,13.8,0,,0,3,195,428.3,2
2024-07-04,M-O08,油压,13.3,0,,0,4,545,624.2,4
2024-07-04,M-O09,油压,13.2,0,,0,1,348,561.7,0
2024-07-04,M-D01,双色旋转,14.1,0,,0,3,97,115.1,2
2024-07-04,M-D02,双色旋转,13.7,0,,0,2,215,451.6,1
2024-07-04,M-D03,双色旋转,17.2,0,,0.1,2,141,581.6,0
2024-07-04,M-T01,两板,13.6,0,,0,2,551,40.9,2
2024-07-04,M-T02,两板,13.2,0,,0,3,560,331.5,4
2024-07-04,M-T03,两板,18.2,0,,0,3,524,888.7,1
2024-07-04,M-T04,两板,17.5,0,,0,1,430,1554.0,0
2024-07-05,M-E01,全电动,13.6,0,,0,2,368,26.0,0
2024-07-05,M-E02,全电动,13.5,0,,0,3,558,26.3,3
2024-07-05,M-E03,全电动,17.9,0,,0,1,225,45.1,2
2024-07-05,M-E04,全电动,16.5,0,,0,1,257,52.2,0
2024-07-05,M-E05,全电动,16.2,0,,0,1,367,66.3,3
2024-07-05,M-E06,全电动,17.4,0,,0,2,228,55.8,4
2024-07-05,M-E07,全电动,14.8,0,,0,2,485,61.6,1
2024-07-05,M-E08,全电动,16.6,0,,0,4,564,85.3,2
2024-07-05,M-E09,全电动,18.4,0,,0.5,1,335,123.2,4
2024-07-05,M-E10,全电动,18.7,0,,0,3,424,136.0,3
2024-07-05,M-E11,全电动,15.3,0,,0,2,415,132.7,3
2024-07-05,M-E12,全电动,14.0,0,,0,2,151,152.4,0
2024-07-05,M-E13,全电动,13.0,0,,0,2,407,129.0,4
2024-07-05,M-O01,油压,15.2,0,,0,3,460,215.0,2
2024-07-05,M-O02,油压,17.8,0,,0,1,250,235.5,2
2024-07-05,M-O03,油压,17.5,0,,0.1,1,487,383.3,3
2024-07-05,M-O04,油压,16.6,0,,0.1,2,546,418.6,0
2024-07-05,M-O05,油压,17.1,0,,0.1,3,533,445.9,2
2024-07-05,M-O06,油压,14.4,0,,0,1,157,379.2,2
2024-07-05,M-O07,油压,14.7,0,,0,1,328,488.2,4
2024-07-05,M-O08,油压,14.2,0,,0,3,91,733.5,3
2024-07-05,M-O09,油压,13.5,0,,0,2,109,773.1,2
2024-07-05,M-D01,双色旋转,16.7,0,,0,2,230,120.7,4
2024-07-05,M-D02,双色旋转,15.2,0,,0.3,1,564,433.5,2
2024-07-05,M-D03,双色旋转,14.1,0,,0,1,407,354.5,2
2024-07-05,M-T01,两板,17.7,0,,0.1,3,285,51.5,1
2024-07-05,M-T02,两板,15.1,0,,0,3,113,334.5,4
2024-07-05,M-T03,两板,18.3,0,,0,2,575,1084.4,1
2024-07-05,M-T04,两板,13.4,0,,0.4,3,560,1123.6,4
2024-07-06,M-E01,全电动,18.4,0,,0,1,143,29.0,1
2024-07-06,M-E02,全电动,14.5,0,,0,2,219,27.6,0
2024-07-06,M-E03,全电动,17.0,0,,0,1,402,53.3,3
2024-07-06,M-E04,全电动,17.9,0,,0,1,486,41.5,0
2024-07-06,M-E05,全电动,14.3,0,,0,1,319,46.0,4
2024-07-06,M-E06,全电动,18.5,0,,0,2,91,79.0,4
2024-07-06,M-E07,全电动,18.2,0,,0,2,294,93.1,1
2024-07-06,M-E08,全电动,17.4,0,,0,1,502,98.2,3
2024-07-06,M-E09,全电动,14.1,0,,0,2,319,82.0,1
2024-07-06,M-E10,全电动,16.6,0,,0,1,93,129.5,0
2024-07-06,M-E11,全电动,15.0,0,,0,3,189,122.6,0
2024-07-06,M-E12,全电动,15.5,0,,0,2,167,161.4,0
2024-07-06,M-E13,全电动,16.9,0,,0,1,288,151.6,4
2024-07-06,M-O01,油压,18.1,0,,0,1,248,233.4,0
2024-07-06,M-O02,油压,15.7,0,,0,2,463,254.3,0
2024-07-06,M-O03,油压,13.1,0,,0,2,175,261.9,2
2024-07-06,M-O04,油压,18.6,0,,0,1,116,489.5,0
2024-07-06,M-O05,油压,13.7,0,,0,2,84,365.2,3
2024-07-06,M-O06,油压,18.6,0,,0.4,1,143,565.3,2
2024-07-06,M-O07,油压,13.3,0,,0,3,264,460.4,1
2024-07-06,M-O08,油压,17.8,0,,0,1,80,850.2,3
2024-07-06,M-O09,油压,15.9,0,,0.2,2,187,746.7,4
2024-07-06,M-D01,双色旋转,18.3,0,,0,1,592,177.5,2
2024-07-06,M-D02,双色旋转,13.0,2.0,模具问题,0,2,384,451.6,4
2024-07-06,M-D03,双色旋转,18.4,0,,0,3,445,505.4,2
2024-07-06,M-T01,两板,11.4,3.0,液压系统,0,2,213,32.0,3
2024-07-06,M-T02,两板,15.5,0,,0,1,186,317.2,4
2024-07-06,M-T03,两板,16.5,0,,0,3,266,759.5,0
2024-07-06,M-T04,两板,16.9,0,,0,1,462,1147.5,0
2024-07-07,M-E01,全电动,17.8,0,,0,2,361,29.9,4
2024-07-07,M-E02,全电动,13.6,0,,0,2,119,23.9,3
2024-07-07,M-E03,全电动,14.7,0,,0,2,542,44.4,4
2024-07-07,M-E04,全电动,15.0,0,,0,2,517,37.0,4
2024-07-07,M-E05,全电动,17.8,0,,0,2,521,55.1,4
2024-07-07,M-E06,全电动,13.5,0,,0,1,507,57.9,3
2024-07-07,M-E07,全电动,13.2,0,,0,2,540,63.2,0
2024-07-07,M-E08,全电动,17.9,0,,0.1,2,491,116.4,0
2024-07-07,M-E09,全电动,15.4,0,,0,2,385,127.8,1
2024-07-07,M-E10,全电动,14.5,0,,0,2,468,97.2,0
2024-07-07,M-E11,全电动,13.5,0,,0,1,158,104.5,3
2024-07-07,M-E12,全电动,14.2,0,,0,3,384,146.1,4
2024-07-07,M-E13,全电动,14.7,0,,0.4,2,433,144.8,3
2024-07-07,M-O01,油压,16.5,0,,0,2,284,189.2,4
2024-07-07,M-O02,油压,17.4,0,,0,2,130,253.7,1
2024-07-07,M-O03,油压,18.2,0,,0,3,452,373.1,2
2024-07-07,M-O04,油压,14.2,0,,0,1,282,392.5,0
2024-07-07,M-O05,油压,13.7,0,,0,1,114,379.5,2
2024-07-07,M-O06,油压,14.5,0,,0,2,136,388.8,2
2024-07-07,M-O07,油压,14.5,0,,0,4,96,595.0,1
2024-07-07,M-O08,油压,13.5,0,,0,2,164,657.4,4
2024-07-07,M-O09,油压,16.6,0,,0,1,333,779.7,1
2024-07-07,M-D01,双色旋转,15.9,0,,0,3,359,140.2,1
2024-07-07,M-D02,双色旋转,19.0,0,,0,1,235,520.1,1
2024-07-07,M-D03,双色旋转,18.7,0,,0,1,85,602.4,1
2024-07-07,M-T01,两板,13.9,0,,0,2,461,43.2,1
2024-07-07,M-T02,两板,13.5,0,,0,1,306,402.6,0
2024-07-07,M-T03,两板,16.6,0,,0,3,203,989.3,3
2024-07-07,M-T04,两板,15.6,0,,0,1,434,1362.3,0
2024-07-08,M-E01,全电动,13.2,0,,0,1,116,21.0,3
2024-07-08,M-E02,全电动,13.3,0,,0.3,2,392,22.3,3
2024-07-08,M-E03,全电动,15.6,0,,0.4,1,479,36.3,0
2024-07-08,M-E04,全电动,15.3,0,,0,3,410,44.4,4
2024-07-08,M-E05,全电动,13.4,0,,0,2,429,41.8,0
2024-07-08,M-E06,全电动,17.5,0,,0,1,582,71.9,3
2024-07-08,M-E07,全电动,13.9,0,,0,2,166,67.1,2
2024-07-08,M-E08,全电动,16.0,0,,0,2,252,104.3,3
2024-07-08,M-E09,全电动,13.1,0,,0,1,512,92.3,0
2024-07-08,M-E10,全电动,16.5,0,,0,1,141,134.3,4
2024-07-08,M-E11,全电动,19.0,0,,0.3,3,400,153.6,1
2024-07-08,M-E12,全电动,17.7,0,,0.2,2,532,169.4,4
2024-07-08,M-E13,全电动,18.6,0,,0.3,2,483,234.1,4
2024-07-08,M-O01,油压,17.2,0,,0,1,256,261.5,3
2024-07-08,M-O02,油压,15.5,0,,0,3,302,261.0,2
2024-07-08,M-O03,油压,17.5,0,,0,3,123,299.1,4
2024-07-08,M-O04,油压,16.6,1.0,加热系统,0,2,218,362.2,1
2024-07-08,M-O05,油压,13.1,0,,0,2,291,406.1,2
2024-07-08,M-O06,油压,16.8,0,,0.2,2,506,494.0,2
2024-07-08,M-O07,油压,14.9,0,,0.2,3,560,548.5,0
2024-07-08,M-O08,油压,18.3,0,,0,2,152,681.3,4
2024-07-08,M-O09,油压,14.6,0,,0.1,2,211,636.2,2
2024-07-08,M-D01,双色旋转,15.8,0,,0,1,532,167.1,0
2024-07-08,M-D02,双色旋转,16.4,0,,0,1,467,484.7,4
2024-07-08,M-D03,双色旋转,14.9,0,,0,1,531,478.1,3
2024-07-08,M-T01,两板,17.6,0,,0,1,519,63.1,3
2024-07-08,M-T02,两板,14.8,0,,0,2,386,312.5,1
2024-07-08,M-T03,两板,14.4,0,,0.3,3,257,691.3,2
2024-07-08,M-T04,两板,18.9,0,,0,1,411,1196.5,1
2024-07-09,M-E01,全电动,18.3,0,,0,3,520,37.9,3
2024-07-09,M-E02,全电动,11.9,2.6,液压系统,0.3,1,94,23.7,4
2024-07-09,M-E03,全电动,18.0,0,,0,2,201,47.5,3
2024-07-09,M-E04,全电动,16.8,0,,0,2,481,51.7,0
2024-07-09,M-E05,全电动,17.5,0,,0.5,2,353,74.7,4
2024-07-09,M-E06,全电动,18.9,0,,0,3,286,65.3,2
2024-07-09,M-E07,全电动,17.4,0,,0,2,339,95.2,0
2024-07-09,M-E08,全电动,16.0,0,,0,2,414,78.0,4
2024-07-09,M-E09,全电动,15.7,0,,0,2,117,102.1,3
2024-07-09,M-E10,全电动,16.9,0,,0,3,457,110.1,3
2024-07-09,M-E11,全电动,18.7,0,,0,2,579,147.0,4
2024-07-09,M-E12,全电动,18.1,0,,0,2,536,176.0,0
2024-07-09,M-E13,全电动,14.1,0,,0.1,3,148,178.9,3
2024-07-09,M-O01,油压,13.2,0,,0,1,521,192.6,0
2024-07-09,M-O02,油压,15.2,0,,0,4,200,218.3,0
2024-07-09,M-O03,油压,16.299999999999997,2.6,加热系统,0,2,252,282.8,0
2024-07-09,M-O04,油压,13.2,0,,0.3,1,528,371.5,2
2024-07-09,M-O05,油压,17.0,0,,0,1,141,406.8,4
2024-07-09,M-O06,油压,13.5,0,,0,4,378,464.2,4
2024-07-09,M-O07,油压,14.6,0,,0,1,482,475.7,3
2024-07-09,M-O08,油压,17.1,0,,0.1,4,147,886.0,2
2024-07-09,M-O09,油压,16.9,0,,0,2,82,702.4,0
2024-07-09,M-D01,双色旋转,15.9,0,,0,1,538,120.3,2
2024-07-09,M-D02,双色旋转,15.0,0,,0,1,345,388.6,4
2024-07-09,M-D03,双色旋转,13.0,0,,0,1,157,396.1,2
2024-07-09,M-T01,两板,13.4,0,,0,2,264,50.2,4
2024-07-09,M-T02,两板,15.9,0,,0,1,167,421.7,0
2024-07-09,M-T03,两板,17.1,0,,0,4,478,1071.3,0
2024-07-09,M-T04,两板,16.1,0,,0,1,430,1396.6,2
2024-07-10,M-E01,全电动,13.2,0,,0,1,576,26.8,2
2024-07-10,M-E02,全电动,13.9,0,,0,2,495,22.1,3
2024-07-10,M-E03,全电动,16.7,0,,0,3,322,52.2,1
2024-07-10,M-E04,全电动,16.9,0,,0,2,453,48.1,4
2024-07-10,M-E05,全电动,17.0,0,,0.4,1,146,57.0,1
2024-07-10,M-E06,全电动,16.5,0,,0.0,2,124,53.1,4
2024-07-10,M-E07,全电动,13.3,0,,0,3,403,69.0,1
2024-07-10,M-E08,全电动,13.6,0,,0,1,354,81.0,1
2024-07-10,M-E09,全电动,17.8,0,,0,4,277,115.1,2
2024-07-10,M-E10,全电动,13.7,0,,0,3,185,86.6,3
2024-07-10,M-E11,全电动,15.2,0,,0,2,246,113.0,2
2024-07-10,M-E12,全电动,15.7,0,,0,1,470,131.7,0
2024-07-10,M-E13,全电动,13.6,0,,0,2,132,149.5,3
2024-07-10,M-O01,油压,15.0,0,,0,3,291,233.6,0
2024-07-10,M-O02,油压,14.2,0,,0,3,406,180.9,2
2024-07-10,M-O03,油压,15.5,0,,0,3,480,277.7,4
2024-07-10,M-O04,油压,17.7,0,,0.1,3,359,371.0,1
2024-07-10,M-O05,油压,17.9,0,,0,1,205,554.0,3
2024-07-10,M-O06,油压,15.9,0,,0,2,98,560.4,2
2024-07-10,M-O07,油压,18.6,0,,0,4,576,731.5,3
2024-07-10,M-O08,油压,16.3,2.3,传感器异常,0,1,132,669.0,0
2024-07-10,M-O09,油压,14.2,0,,0.3,1,564,601.2,1
2024-07-10,M-D01,双色旋转,14.1,0,,0,1,219,145.4,2
2024-07-10,M-D02,双色旋转,18.8,0,,0,3,246,534.1,4
2024-07-10,M-D03,双色旋转,14.9,0,,0,1,574,452.3,0
2024-07-10,M-T01,两板,15.8,0,,0,2,174,46.7,4
2024-07-10,M-T02,两板,13.9,0,,0,1,527,372.7,1
2024-07-10,M-T03,两板,14.9,0,,0,1,542,677.1,0
2024-07-10,M-T04,两板,15.2,0,,0,2,549,1367.8,4
2024-07-11,M-E01,全电动,15.1,0,,0,1,161,23.5,4
2024-07-11,M-E02,全电动,13.1,0,,0,1,511,26.8,3
2024-07-11,M-E03,全电动,18.3,0,,0,3,322,61.4,4
2024-07-11,M-E04,全电动,15.3,0,,0,1,82,37.6,0
2024-07-11,M-E05,全电动,13.6,0,,0,2,217,45.4,1
2024-07-11,M-E06,全电动,17.0,0,,0.1,1,473,73.6,0
2024-07-11,M-E07,全电动,16.7,0,,0,4,423,69.8,1
2024-07-11,M-E08,全电动,15.6,0,,0,2,560,81.6,4
2024-07-11,M-E09,全电动,18.0,0,,0,1,504,108.6,4
2024-07-11,M-E10,全电动,18.3,0,,0,3,299,137.7,0
2024-07-11,M-E11,全电动,17.2,0,,0.4,3,227,152.6,1
2024-07-11,M-E12,全电动,17.0,0,,0.3,1,584,170.2,2
2024-07-11,M-E13,全电动,18.1,0,,0,2,583,206.9,4
2024-07-11,M-O01,油压,17.0,0,,0,3,525,267.2,0
2024-07-11,M-O02,油压,18.3,0,,0,2,516,293.0,3
2024-07-11,M-O03,油压,17.7,0,,0,2,278,378.1,1
2024-07-11,M-O04,油压,13.9,0,,0,2,539,367.9,3
2024-07-11,M-O05,油压,17.2,0,,0,3,221,375.2,1
2024-07-11,M-O06,油压,17.9,0,,0,3,253,525.5,4
2024-07-11,M-O07,油压,13.5,0,,0,3,363,424.9,2
2024-07-11,M-O08,油压,18.9,0,,0,3,120,956.6,0
2024-07-11,M-O09,油压,14.7,0,,0,1,83,756.8,2
2024-07-11,M-D01,双色旋转,15.5,0,,0,2,252,158.1,4
2024-07-11,M-D02,双色旋转,17.5,0,,0,2,596,566.4,2
2024-07-11,M-D03,双色旋转,18.1,0,,0,2,153,536.2,4
2024-07-11,M-T01,两板,14.6,0,,0,1,209,47.5,0
2024-07-11,M-T02,两板,17.2,0,,0,2,98,426.4,4
2024-07-11,M-T03,两板,13.1,0,,0,2,134,798.5,4
2024-07-11,M-T04,两板,14.1,0,,0.4,2,377,1010.7,2
2024-07-12,M-E01,全电动,15.4,0,,0.3,2,405,34.4,2
2024-07-12,M-E02,全电动,18.6,0,,0,1,368,34.8,4
2024-07-12,M-E03,全电动,17.7,0,,0,4,240,53.1,2
2024-07-12,M-E04,全电动,13.0,0,,0,3,267,41.8,4
2024-07-12,M-E05,全电动,13.6,0,,0,2,469,42.3,4
2024-07-12,M-E06,全电动,16.5,0,,0,2,509,59.2,0
2024-07-12,M-E07,全电动,14.5,0,,0,3,477,62.6,1
2024-07-12,M-E08,全电动,18.9,0,,0,3,141,108.4,2
2024-07-12,M-E09,全电动,16.7,0,,0,2,224,93.0,3
2024-07-12,M-E10,全电动,15.8,0,,0,1,142,143.7,1
2024-07-12,M-E11,全电动,17.7,0,,0,2,339,154.5,0
2024-07-12,M-E12,全电动,15.0,0,,0,3,490,181.3,0
2024-07-12,M-E13,全电动,18.3,0,,0,3,479,232.2,3
2024-07-12,M-O01,油压,15.1,0,,0,4,307,220.1,1
2024-07-12,M-O02,油压,16.0,0,,0,2,544,291.2,4
2024-07-12,M-O03,油压,15.0,0,,0,3,588,295.1,1
2024-07-12,M-O04,油压,15.2,0,,0,1,415,380.1,0
2024-07-12,M-O05,油压,16.1,0,,0,2,588,384.8,4
2024-07-12,M-O06,油压,18.4,0,,0,4,317,578.6,2
2024-07-12,M-O07,油压,16.0,0,,0,1,111,726.5,1
2024-07-12,M-O08,油压,17.6,0,,0,1,501,923.1,1
2024-07-12,M-O09,油压,13.8,0,,0,1,417,652.2,4
2024-07-12,M-D01,双色旋转,13.0,0,,0,1,547,134.4,1
2024-07-12,M-D02,双色旋转,17.4,0,,0.3,3,103,583.9,4
2024-07-12,M-D03,双色旋转,13.9,0,,0,3,391,432.1,0
2024-07-12,M-T01,两板,13.4,0,,0.0,4,515,34.2,2
2024-07-12,M-T02,两板,17.0,0,,0,2,529,470.6,3
2024-07-12,M-T03,两板,18.1,0,,0,2,138,1054.4,4
2024-07-12,M-T04,两板,13.5,0,,0,4,240,1089.2,3
2024-07-13,M-E01,全电动,15.3,0,,0,3,490,24.9,0
2024-07-13,M-E02,全电动,15.4,0,,0.1,1,399,33.2,3
2024-07-13,M-E03,全电动,16.3,0,,0.2,2,167,42.6,3
2024-07-13,M-E04,全电动,16.0,0,,0,1,299,39.6,1
2024-07-13,M-E05,全电动,14.9,0,,0,1,363,46.4,1
2024-07-13,M-E06,全电动,17.4,0,,0,2,416,58.4,4
2024-07-13,M-E07,全电动,13.7,0,,0,1,112,58.1,0
2024-07-13,M-E08,全电动,14.4,0,,0,3,198,70.8,1
2024-07-13,M-E09,全电动,14.2,0,,0,1,499,113.0,3
2024-07-13,M-E10,全电动,13.3,0,,0,1,415,85.4,3
2024-07-13,M-E11,全电动,18.2,0,,0,2,431,133.6,4
2024-07-13,M-E12,全电动,15.6,0,,0,1,434,144.4,0
2024-07-13,M-E13,全电动,17.0,0,,0,3,317,221.6,1
2024-07-13,M-O01,油压,13.8,0,,0,3,511,213.9,3
2024-07-13,M-O02,油压,16.9,0,,0,2,496,259.7,2
2024-07-13,M-O03,油压,13.9,0,,0,1,279,283.3,3
2024-07-13,M-O04,油压,14.6,0,,0,2,470,332.9,4
2024-07-13,M-O05,油压,13.9,0,,0,2,208,443.2,2
2024-07-13,M-O06,油压,18.5,0,,0,1,385,464.5,1
2024-07-13,M-O07,油压,16.9,0,,0.1,3,342,662.7,2
2024-07-13,M-O08,油压,18.9,0,,0,4,422,725.5,2
2024-07-13,M-O09,油压,18.2,0,,0,1,499,878.0,2
2024-07-13,M-D01,双色旋转,18.4,0,,0,1,404,176.7,1
2024-07-13,M-D02,双色旋转,15.3,0,,0,3,138,438.9,0
2024-07-13,M-D03,双色旋转,16.3,0,,0,2,519,562.1,4
2024-07-13,M-T01,两板,18.6,0,,0.0,1,355,64.7,3
2024-07-13,M-T02,两板,13.0,0,,0,2,244,377.7,0
2024-07-13,M-T03,两板,18.1,0,,0,2,334,969.4,0
2024-07-13,M-T04,两板,14.9,0,,0,3,517,1063.8,3
2024-07-14,M-E01,全电动,13.3,0,,0,2,253,29.6,2
2024-07-14,M-E02,全电动,16.5,0,,0,2,142,34.4,4
2024-07-14,M-E03,全电动,13.3,0,,0,1,126,35.7,4
2024-07-14,M-E04,全电动,19.0,0,,0.4,2,314,57.1,3
2024-07-14,M-E05,全电动,14.0,0,,0,2,355,46.9,3
2024-07-14,M-E06,全电动,15.6,0,,0,1,408,47.8,1
2024-07-14,M-E07,全电动,13.4,0,,0,2,314,53.7,2
2024-07-14,M-E08,全电动,13.7,0,,0,2,330,68.8,3
2024-07-14,M-E09,全电动,13.3,0,,0,1,529,101.7,3
2024-07-14,M-E10,全电动,18.5,0,,0,1,235,166.1,1
2024-07-14,M-E11,全电动,15.1,0,,0,3,401,149.6,3
2024-07-14,M-E12,全电动,14.3,0,,0,3,533,119.4,4
2024-07-14,M-E13,全电动,13.4,0,,0,2,332,122.8,4
2024-07-14,M-O01,油压,14.8,0,,0,2,180,198.6,2
2024-07-14,M-O02,油压,15.6,0,,0,3,139,218.1,1
2024-07-14,M-O03,油压,17.8,0,,0,1,302,282.4,2
2024-07-14,M-O04,油压,16.4,0,,0,3,262,328.9,2
2024-07-14,M-O05,油压,13.2,0,,0.5,2,537,325.2,3
2024-07-14,M-O06,油压,16.5,0,,0,1,370,518.6,1
2024-07-14,M-O07,油压,13.7,0,,0.3,1,534,437.8,2
2024-07-14,M-O08,油压,15.3,0,,0,2,296,583.4,2
2024-07-14,M-O09,油压,16.4,0,,0,3,202,920.6,1
2024-07-14,M-D01,双色旋转,14.2,0,,0,1,562,116.8,1
2024-07-14,M-D02,双色旋转,13.1,0,,0,4,301,444.5,2
2024-07-14,M-D03,双色旋转,13.3,0,,0,3,271,369.9,3
2024-07-14,M-T01,两板,14.2,0,,0,2,518,48.2,1
2024-07-14,M-T02,两板,18.4,0,,0,3,431,462.5,0
2024-07-14,M-T03,两板,15.5,0,,0,1,268,781.7,2
2024-07-14,M-T04,两板,16.0,0,,0,2,183,1472.4,2
2024-07-15,M-E01,全电动,14.3,0,,0,3,338,24.0,0
2024-07-15,M-E02,全电动,15.3,0,,0,1,188,33.1,4
2024-07-15,M-E03,全电动,15.5,0,,0,1,169,41.1,1
2024-07-15,M-E04,全电动,17.7,0,,0,2,197,46.9,4
2024-07-15,M-E05,全电动,16.0,0,,0,1,465,50.3,2
2024-07-15,M-E06,全电动,14.1,0,,0,1,323,61.2,4
2024-07-15,M-E07,全电动,17.5,0,,0,4,207,90.2,2
2024-07-15,M-E08,全电动,17.9,0,,0,1,82,115.4,3
2024-07-15,M-E09,全电动,17.9,0,,0.3,4,408,147.6,4
2024-07-15,M-E10,全电动,14.5,0,,0,4,445,102.3,4
2024-07-15,M-E11,全电动,14.2,0,,0,4,154,150.5,2
2024-07-15,M-E12,全电动,18.3,0,,0,1,320,198.3,0
2024-07-15,M-E13,全电动,18.8,0,,0,2,469,224.1,2
2024-07-15,M-O01,油压,18.0,0,,0,2,472,229.9,1
2024-07-15,M-O02,油压,17.2,0,,0,2,560,240.9,0
2024-07-15,M-O03,油压,13.2,0,,0,1,592,269.7,0
2024-07-15,M-O04,油压,14.1,0,,0.4,2,511,374.6,3
2024-07-15,M-O05,油压,16.0,0,,0,2,85,460.7,3
2024-07-15,M-O06,油压,18.6,0,,0,2,515,663.0,4
2024-07-15,M-O07,油压,15.3,0,,0,1,389,500.9,3
2024-07-15,M-O08,油压,18.1,0,,0,2,449,893.4,2
2024-07-15,M-O09,油压,18.1,0,,0,2,361,834.1,1
2024-07-15,M-D01,双色旋转,16.1,0,,0,1,556,112.9,3
2024-07-15,M-D02,双色旋转,14.0,0,,0,3,171,434.9,2
2024-07-15,M-D03,双色旋转,17.0,0,,0,2,495,624.4,2
2024-07-15,M-T01,两板,17.6,0,,0.2,1,471,47.1,1
2024-07-15,M-T02,两板,16.6,0,,0.0,1,122,416.8,3
2024-07-15,M-T03,两板,15.3,0,,0,4,530,814.3,3
2024-07-15,M-T04,两板,14.4,0,,0,5,160,1280.2,4
2024-07-16,M-E01,全电动,14.5,0,,0,1,493,32.6,0
2024-07-16,M-E02,全电动,17.8,0,,0,2,387,39.1,1
2024-07-16,M-E03,全电动,15.8,0,,0,1,254,36.8,0
2024-07-16,M-E04,全电动,13.7,3.8,电气故障,0,1,228,32.4,1
2024-07-16,M-E05,全电动,17.4,0,,0,3,349,72.3,0
2024-07-16,M-E06,全电动,17.4,0,,0,1,466,63.5,4
2024-07-16,M-E07,全电动,15.8,0,,0,2,395,60.3,4
2024-07-16,M-E08,全电动,16.8,0,,0.1,1,284,97.3,0
2024-07-16,M-E09,全电动,15.8,0,,0,2,330,109.0,4
2024-07-16,M-E10,全电动,15.6,0.9,模具问题,0,3,547,99.4,2
2024-07-16,M-E11,全电动,15.4,0,,0,4,211,118.1,0
2024-07-16,M-E12,全电动,17.3,0,,0,4,101,186.8,2
2024-07-16,M-E13,全电动,14.6,0,,0,2,528,184.5,3
2024-07-16,M-O01,油压,16.5,0,,0,4,146,219.7,1
2024-07-16,M-O02,油压,14.9,0,,0,3,583,275.1,1
2024-07-16,M-O03,油压,16.9,0,,0,1,519,255.6,1
2024-07-16,M-O04,油压,18.1,0,,0.4,1,382,459.5,4
2024-07-16,M-O05,油压,13.0,0.7,模具问题,0,2,171,418.0,2
2024-07-16,M-O06,油压,16.3,0,,0,3,178,487.4,4
2024-07-16,M-O07,油压,13.5,0,,0,2,81,517.1,2
2024-07-16,M-O08,油压,14.399999999999999,0.8,加热系统,0,1,455,730.6,3
2024-07-16,M-O09,油压,15.5,0,,0,3,568,841.2,0
2024-07-16,M-D01,双色旋转,17.1,0,,0,3,116,154.9,3
2024-07-16,M-D02,双色旋转,13.3,0,,0,3,440,387.3,3
2024-07-16,M-D03,双色旋转,15.7,0,,0,2,259,432.6,1
2024-07-16,M-T01,两板,16.7,0,,0,2,394,51.0,0
2024-07-16,M-T02,两板,14.5,0,,0,3,210,380.0,0
2024-07-16,M-T03,两板,14.5,0,,0.0,2,281,793.8,2
2024-07-16,M-T04,两板,15.5,0,,0,3,214,1144.8,1
2024-07-17,M-E01,全电动,14.3,0,,0,2,303,24.1,2
2024-07-17,M-E02,全电动,14.5,0,,0,1,387,30.8,2
2024-07-17,M-E03,全电动,13.4,0,,0,1,422,37.5,4
2024-07-17,M-E04,全电动,18.2,0,,0,1,321,59.4,2
2024-07-17,M-E05,全电动,14.7,0,,0,1,129,57.2,2
2024-07-17,M-E06,全电动,11.3,3.6,电气故障,0,1,324,42.3,0
2024-07-17,M-E07,全电动,14.0,0,,0,1,458,57.4,0
2024-07-17,M-E08,全电动,15.6,0,,0,2,126,98.3,2
2024-07-17,M-E09,全电动,14.4,0,,0,1,111,96.6,1
2024-07-17,M-E10,全电动,16.4,0,,0,2,442,152.6,1
2024-07-17,M-E11,全电动,16.5,0,,0.2,3,556,125.1,1
2024-07-17,M-E12,全电动,17.0,0,,0.2,2,426,140.5,2
2024-07-17,M-E13,全电动,13.5,1.6,电气故障,0,2,387,127.6,1
2024-07-17,M-O01,油压,14.9,0,,0,2,227,178.7,1
2024-07-17,M-O02,油压,15.9,0,,0,3,488,232.2,2
2024-07-17,M-O03,油压,14.5,0,,0.1,2,258,265.7,4
2024-07-17,M-O04,油压,17.1,0,,0,2,583,449.1,0
2024-07-17,M-O05,油压,17.1,0,,0.4,2,513,422.2,2
2024-07-17,M-O06,油压,13.5,0,,0,3,510,347.3,0
2024-07-17,M-O07,油压,14.4,0,,0,4,581,493.8,0
2024-07-17,M-O08,油压,18.8,0,,0,2,261,995.5,4
2024-07-17,M-O09,油压,18.8,0,,0,2,561,965.1,4
2024-07-17,M-D01,双色旋转,17.0,0,,0,1,438,176.9,0
2024-07-17,M-D02,双色旋转,13.8,0,,0,2,343,365.8,1
2024-07-17,M-D03,双色旋转,14.6,0,,0,2,156,477.2,4
2024-07-17,M-T01,两板,13.5,0,,0,3,453,49.0,3
2024-07-17,M-T02,两板,15.4,0,,0,1,395,345.8,0
2024-07-17,M-T03,两板,13.5,0,,0,4,492,636.1,1
2024-07-17,M-T04,两板,15.4,0,,0,2,446,1156.6,1
2024-07-18,M-E01,全电动,14.0,0,,0,2,531,24.3,1
2024-07-18,M-E02,全电动,16.3,0,,0,3,596,29.8,0
2024-07-18,M-E03,全电动,16.9,0,,0,2,144,48.8,1
2024-07-18,M-E04,全电动,13.6,0,,0,3,493,39.8,2
2024-07-18,M-E05,全电动,16.8,0,,0,1,571,50.9,4
2024-07-18,M-E06,全电动,15.1,0,,0,2,262,52.7,2
2024-07-18,M-E07,全电动,17.1,0,,0,2,455,87.1,1
2024-07-18,M-E08,全电动,13.7,0,,0,2,500,82.5,4
2024-07-18,M-E09,全电动,15.5,0,,0,2,260,100.0,3
2024-07-18,M-E10,全电动,16.5,0,,0.0,2,472,149.2,4
2024-07-18,M-E11,全电动,18.9,0,,0,3,158,181.7,3
2024-07-18,M-E12,全电动,13.6,0,,0,3,381,138.3,2
2024-07-18,M-E13,全电动,17.8,0,,0,3,523,201.6,2
2024-07-18,M-O01,油压,17.5,0,,0,1,434,234.7,2
2024-07-18,M-O02,油压,15.5,0,,0,2,340,225.5,2
2024-07-18,M-O03,油压,13.9,0,,0,3,147,238.5,0
2024-07-18,M-O04,油压,18.7,0,,0,1,545,409.3,1
2024-07-18,M-O05,油压,14.6,0,,0,3,284,315.3,0
2024-07-18,M-O06,油压,13.4,0,,0,2,260,373.1,1
2024-07-18,M-O07,油压,18.2,0,,0,2,330,738.0,0
2024-07-18,M-O08,油压,15.5,3.3,液压系统,0,1,463,565.5,2
2024-07-18,M-O09,油压,13.5,0,,0,2,147,684.2,3
2024-07-18,M-D01,双色旋转,14.3,0,,0.3,3,258,132.9,2
2024-07-18,M-D02,双色旋转,16.0,0,,0.1,3,514,419.7,1
2024-07-18,M-D03,双色旋转,14.2,0,,0,1,396,526.5,1
2024-07-18,M-T01,两板,16.2,0,,0,1,350,44.5,1
2024-07-18,M-T02,两板,17.8,0,,0.1,2,131,413.3,2
2024-07-18,M-T03,两板,18.3,0,,0.4,1,503,1180.4,1
2024-07-18,M-T04,两板,13.9,0,,0,1,513,1286.9,0
2024-07-19,M-E01,全电动,18.7,0,,0,3,474,38.1,1
2024-07-19,M-E02,全电动,14.3,0,,0,4,295,31.3,0
2024-07-19,M-E03,全电动,14.9,0,,0,4,190,48.7,0
2024-07-19,M-E04,全电动,17.0,0,,0,2,562,51.3,4
2024-07-19,M-E05,全电动,17.6,0,,0,2,514,67.3,4
2024-07-19,M-E06,全电动,13.7,0,,0,3,434,57.2,2
2024-07-19,M-E07,全电动,17.7,0,,0,2,324,75.1,0
2024-07-19,M-E08,全电动,17.7,0,,0,4,201,108.2,4
2024-07-19,M-E09,全电动,15.3,0,,0,3,297,126.7,4
2024-07-19,M-E10,全电动,13.7,0,,0,2,392,96.1,2
2024-07-19,M-E11,全电动,18.1,0,,0,4,310,169.0,3
2024-07-19,M-E12,全电动,18.9,0,,0,1,344,172.4,4
2024-07-19,M-E13,全电动,15.3,0,,0,1,419,186.6,2
2024-07-19,M-O01,油压,17.2,0,,0,1,360,259.7,0
2024-07-19,M-O02,油压,13.6,0,,0,1,144,216.7,2
2024-07-19,M-O03,油压,14.5,3.5,加热系统,0,3,121,237.1,0
2024-07-19,M-O04,油压,16.5,0,,0,1,114,354.1,2
2024-07-19,M-O05,油压,17.1,0,,0,2,260,551.6,0
2024-07-19,M-O06,油压,14.0,0,,0,4,275,413.9,0
2024-07-19,M-O07,油压,13.2,0,,0,3,558,576.7,2
2024-07-19,M-O08,油压,18.3,0,,0,3,209,667.5,0
2024-07-19,M-O09,油压,18.0,0,,0,2,172,909.3,4
2024-07-19,M-D01,双色旋转,13.2,0,,0,1,524,139.8,4
2024-07-19,M-D02,双色旋转,18.9,0,,0,3,178,659.7,2
2024-07-19,M-D03,双色旋转,13.7,0,,0,2,376,451.6,3
2024-07-19,M-T01,两板,9.6,4.0,模具问题,0,1,433,35.7,3
2024-07-19,M-T02,两板,14.8,0,,0,3,239,446.0,0
2024-07-19,M-T03,两板,15.3,0,,0,1,253,847.3,4
2024-07-19,M-T04,两板,13.8,0,,0,2,550,1303.9,2
2024-07-20,M-E01,全电动,13.200000000000001,2.9,液压系统,0,3,92,28.0,0
2024-07-20,M-E02,全电动,18.7,0,,0.0,2,381,35.4,2
2024-07-20,M-E03,全电动,16.4,0,,0,2,433,44.5,2
2024-07-20,M-E04,全电动,16.5,0,,0,1,355,41.9,1
2024-07-20,M-E05,全电动,14.4,0,,0,3,564,50.0,3
2024-07-20,M-E06,全电动,18.0,0,,0.3,2,226,73.2,2
2024-07-20,M-E07,全电动,14.9,0,,0,1,136,79.1,4
2024-07-20,M-E08,全电动,15.0,0,,0.3,2,181,98.1,2
2024-07-20,M-E09,全电动,17.2,0,,0.4,3,151,114.9,2
2024-07-20,M-E10,全电动,18.5,0,,0,4,144,136.6,0
2024-07-20,M-E11,全电动,14.9,0,,0,2,239,116.3,2
2024-07-20,M-E12,全电动,18.7,0,,0.2,3,143,199.7,4
2024-07-20,M-E13,全电动,14.5,0,,0,2,169,155.2,4
2024-07-20,M-O01,油压,13.3,0,,0.0,1,197,176.1,4
2024-07-20,M-O02,油压,17.7,0,,0,1,565,300.4,0
2024-07-20,M-O03,油压,16.4,0,,0.4,3,594,365.9,0
2024-07-20,M-O04,油压,16.9,0,,0,1,330,384.6,3
2024-07-20,M-O05,油压,18.7,0,,0,1,577,475.0,4
2024-07-20,M-O06,油压,17.6,0,,0,2,247,579.8,0
2024-07-20,M-O07,油压,17.1,0,,0,3,583,557.8,3
2024-07-20,M-O08,油压,15.4,0,,0,2,521,757.6,3
2024-07-20,M-O09,油压,15.4,0,,0,3,410,874.0,1
2024-07-20,M-D01,双色旋转,14.5,0,,0,2,115,125.5,3
2024-07-20,M-D02,双色旋转,17.3,0,,0,1,171,624.9,2
2024-07-20,M-D03,双色旋转,17.2,0,,0,2,122,592.1,4
2024-07-20,M-T01,两板,15.5,0,,0,3,410,57.3,2
2024-07-20,M-T02,两板,18.6,0,,0,2,422,561.2,4
2024-07-20,M-T03,两板,17.5,0,,0,1,408,891.9,4
2024-07-20,M-T04,两板,18.8,0,,0,3,327,1251.1,3
2024-07-21,M-E01,全电动,15.4,0,,0,1,310,28.5,1
2024-07-21,M-E02,全电动,17.0,0,,0,2,554,35.6,1
2024-07-21,M-E03,全电动,18.0,0,,0,2,334,59.5,4
2024-07-21,M-E04,全电动,14.0,0,,0,3,487,40.5,0
2024-07-21,M-E05,全电动,15.0,0,,0,3,310,55.5,3
2024-07-21,M-E06,全电动,14.1,0,,0,2,534,49.3,3
2024-07-21,M-E07,全电动,13.3,0,,0,1,187,56.2,3
2024-07-21,M-E08,全电动,13.7,0,,0.4,2,329,83.7,2
2024-07-21,M-E09,全电动,14.6,0,,0,2,421,105.4,0
2024-07-21,M-E10,全电动,15.0,0,,0.3,2,133,102.6,2
2024-07-21,M-E11,全电动,17.0,0,,0,2,156,149.9,1
2024-07-21,M-E12,全电动,16.8,0,,0,2,296,138.2,2
2024-07-21,M-E13,全电动,14.6,0,,0,1,383,181.8,0
2024-07-21,M-O01,油压,14.9,0,,0,3,403,182.1,0
2024-07-21,M-O02,油压,14.1,0,,0.3,2,354,259.9,1
2024-07-21,M-O03,油压,18.9,0,,0,2,122,313.4,0
2024-07-21,M-O04,油压,18.0,0,,0,1,350,369.3,2
2024-07-21,M-O05,油压,18.0,0,,0,2,566,434.9,2
2024-07-21,M-O06,油压,15.9,2.9,电气故障,0.5,3,227,471.7,3
2024-07-21,M-O07,油压,15.3,0,,0,1,338,476.4,3
2024-07-21,M-O08,油压,17.6,0,,0,3,379,910.0,0
2024-07-21,M-O09,油压,13.0,0,,0,3,285,617.1,2
2024-07-21,M-D01,双色旋转,13.299999999999999,1.8,液压系统,0,3,218,131.9,3
2024-07-21,M-D02,双色旋转,16.0,0,,0,2,167,489.2,0
2024-07-21,M-D03,双色旋转,15.9,0,,0,2,270,594.0,1
2024-07-21,M-T01,两板,16.8,0,,0,1,207,48.9,3
2024-07-21,M-T02,两板,18.2,0,,0,1,497,481.7,0
2024-07-21,M-T03,两板,18.5,0,,0,3,588,971.7,2
2024-07-21,M-T04,两板,16.2,0,,0,2,499,1374.8,3
2024-07-22,M-E01,全电动,9.399999999999999,3.7,传感器异常,0.2,2,413,20.5,4
2024-07-22,M-E02,全电动,15.0,0,,0,3,567,30.4,2
2024-07-22,M-E03,全电动,18.9,0,,0,2,214,48.0,0
2024-07-22,M-E04,全电动,16.8,0,,0,3,362,52.9,3
2024-07-22,M-E05,全电动,14.2,0,,0,1,489,44.5,3
2024-07-22,M-E06,全电动,13.5,0,,0,2,551,53.3,0
2024-07-22,M-E07,全电动,15.8,0,,0,1,340,88.8,1
2024-07-22,M-E08,全电动,15.7,0,,0,2,276,96.4,1
2024-07-22,M-E09,全电动,17.2,0,,0,3,304,122.5,3
2024-07-22,M-E10,全电动,18.0,0,,0,2,265,118.3,1
2024-07-22,M-E11,全电动,17.8,0,,0,1,561,129.5,3
2024-07-22,M-E12,全电动,15.0,0,,0,3,461,128.3,3
2024-07-22,M-E13,全电动,16.9,0,,0.4,3,444,204.8,3
2024-07-22,M-O01,油压,13.6,0,,0,4,413,172.9,0
2024-07-22,M-O02,油压,17.9,0,,0,1,204,318.4,0
2024-07-22,M-O03,油压,13.1,0,,0.1,3,561,214.8,2
2024-07-22,M-O04,油压,18.2,0,,0,1,176,395.7,1
2024-07-22,M-O05,油压,15.5,0,,0,3,233,465.4,4
2024-07-22,M-O06,油压,14.3,0,,0,2,169,526.1,1
2024-07-22,M-O07,油压,13.4,0,,0,2,546,580.6,4
2024-07-22,M-O08,油压,13.0,0,,0,4,115,534.4,2
2024-07-22,M-O09,油压,14.2,0,,0,2,214,722.1,3
2024-07-22,M-D01,双色旋转,13.2,0,,0,1,236,98.9,4
2024-07-22,M-D02,双色旋转,15.8,0,,0,2,130,449.2,4
2024-07-22,M-D03,双色旋转,16.8,0,,0,4,336,481.6,0
2024-07-22,M-T01,两板,16.6,0,,0,2,491,57.6,3
2024-07-22,M-T02,两板,17.7,0,,0,2,148,433.4,0
2024-07-22,M-T03,两板,16.1,0,,0,2,399,883.8,4
2024-07-22,M-T04,两板,13.5,0,,0,1,516,1179.2,0
2024-07-23,M-E01,全电动,18.9,0,,0,2,102,37.7,1
2024-07-23,M-E02,全电动,17.8,0,,0,2,166,37.7,4
2024-07-23,M-E03,全电动,15.5,0,,0,3,559,47.4,3
2024-07-23,M-E04,全电动,12.399999999999999,2.3,加热系统,0,1,481,36.1,2
2024-07-23,M-E05,全电动,14.5,0,,0,1,331,56.7,1
2024-07-23,M-E06,全电动,17.7,0,,0,2,446,78.9,0
2024-07-23,M-E07,全电动,15.2,0,,0,2,310,74.7,4
2024-07-23,M-E08,全电动,18.4,0,,0,3,214,112.1,1
2024-07-23,M-E09,全电动,14.1,0,,0,4,121,108.3,1
2024-07-23,M-E10,全电动,15.7,0,,0,2,341,139.5,3
2024-07-23,M-E11,全电动,18.6,0,,0,1,421,172.5,1
2024-07-23,M-E12,全电动,11.1,3.9,电气故障,0,1,486,101.1,0
2024-07-23,M-E13,全电动,15.3,0,,0,1,448,142.2,4
2024-07-23,M-O01,油压,15.7,0,,0,3,586,259.6,4
2024-07-23,M-O02,油压,16.6,0,,0,2,413,229.2,3
2024-07-23,M-O03,油压,15.3,0,,0,3,393,314.2,3
2024-07-23,M-O04,油压,18.8,0,,0.1,2,330,514.9,1
2024-07-23,M-O05,油压,13.5,0,,0,2,133,290.7,0
2024-07-23,M-O06,油压,14.1,0,,0.4,4,506,434.7,4
2024-07-23,M-O07,油压,14.6,0,,0,1,337,460.4,1
2024-07-23,M-O08,油压,14.4,0,,0,1,594,693.9,2
2024-07-23,M-O09,油压,15.8,0,,0,2,585,908.3,1
2024-07-23,M-D01,双色旋转,16.7,0,,0,2,353,118.3,4
2024-07-23,M-D02,双色旋转,16.3,0,,0,3,207,499.7,4
2024-07-23,M-D03,双色旋转,18.6,0,,0.3,3,561,479.5,1
2024-07-23,M-T01,两板,17.0,0,,0,1,350,42.6,2
2024-07-23,M-T02,两板,16.0,0,,0,2,518,430.7,0
2024-07-23,M-T03,两板,15.6,0,,0.5,2,324,904.8,2
2024-07-23,M-T04,两板,14.5,0,,0,2,407,1098.1,0
2024-07-24,M-E01,全电动,18.0,0,,0,1,140,39.7,1
2024-07-24,M-E02,全电动,15.0,0,,0,2,274,29.6,3
2024-07-24,M-E03,全电动,18.2,0,,0,4,435,52.3,0
2024-07-24,M-E04,全电动,15.5,0,,0,2,428,40.6,4
2024-07-24,M-E05,全电动,18.2,0,,0,1,179,73.9,0
2024-07-24,M-E06,全电动,14.2,0,,0,3,181,43.3,0
2024-07-24,M-E07,全电动,13.4,0,,0,3,509,71.5,4
2024-07-24,M-E08,全电动,18.9,0,,0,2,121,111.2,3
2024-07-24,M-E09,全电动,16.9,0,,0,3,455,123.9,4
2024-07-24,M-E10,全电动,13.6,0,,0,2,573,111.3,2
2024-07-24,M-E11,全电动,18.2,0,,0,3,590,188.5,2
2024-07-24,M-E12,全电动,13.0,0,,0,3,108,124.4,3
2024-07-24,M-E13,全电动,18.0,0,,0,2,354,178.7,0
2024-07-24,M-O01,油压,14.3,0,,0,1,518,193.1,3
2024-07-24,M-O02,油压,15.5,0,,0,3,298,247.1,2
2024-07-24,M-O03,油压,13.6,0,,0,2,513,289.6,4
2024-07-24,M-O04,油压,14.4,0,,0.1,1,299,332.3,4
2024-07-24,M-O05,油压,17.4,0,,0,3,435,543.9,0
2024-07-24,M-O06,油压,17.0,0,,0,3,194,528.2,1
2024-07-24,M-O07,油压,16.3,0,,0,1,591,515.5,4
2024-07-24,M-O08,油压,13.4,0,,0,2,357,489.3,4
2024-07-24,M-O09,油压,15.4,0,,0.0,3,136,911.3,4
2024-07-24,M-D01,双色旋转,17.6,0,,0,1,256,184.2,2
2024-07-24,M-D02,双色旋转,18.3,0,,0.0,4,99,622.0,1
2024-07-24,M-D03,双色旋转,16.0,0,,0,2,455,601.4,4
2024-07-24,M-T01,两板,15.3,0,,0,1,175,53.9,1
2024-07-24,M-T02,两板,16.6,0,,0,2,295,440.6,2
2024-07-24,M-T03,两板,13.5,0,,0,2,176,754.5,1
2024-07-24,M-T04,两板,13.6,0,,0,1,92,1105.5,0
2024-07-25,M-E01,全电动,15.0,0,,0,3,107,25.8,0
2024-07-25,M-E02,全电动,13.8,0,,0,2,209,30.8,3
2024-07-25,M-E03,全电动,16.5,0,,0,3,231,43.6,2
2024-07-25,M-E04,全电动,17.4,0,,0,1,278,42.8,2
2024-07-25,M-E05,全电动,13.6,0,,0.4,3,84,42.5,4
2024-07-25,M-E06,全电动,17.6,0,,0,1,97,65.4,4
2024-07-25,M-E07,全电动,18.7,0,,0,2,122,103.5,0
2024-07-25,M-E08,全电动,14.1,0,,0,4,263,86.7,4
2024-07-25,M-E09,全电动,15.6,0,,0,3,224,107.4,1
2024-07-25,M-E10,全电动,17.0,0,,0,1,198,136.4,0
2024-07-25,M-E11,全电动,18.9,0,,0,1,366,159.6,4
2024-07-25,M-E12,全电动,13.9,0,,0,3,205,139.0,2
2024-07-25,M-E13,全电动,18.3,0,,0,1,537,196.4,0
2024-07-25,M-O01,油压,19.0,0,,0,3,173,259.7,1
2024-07-25,M-O02,油压,15.4,0,,0,1,250,250.4,3
2024-07-25,M-O03,油压,17.1,0,,0,2,233,315.7,4
2024-07-25,M-O04,油压,15.2,0,,0,1,382,364.7,4
2024-07-25,M-O05,油压,17.4,0,,0.4,3,187,543.8,1
2024-07-25,M-O06,油压,16.4,2.0,电气故障,0,4,304,537.9,0
2024-07-25,M-O07,油压,18.0,0,,0,3,113,733.1,3
2024-07-25,M-O08,油压,18.0,0,,0,1,171,921.9,1
2024-07-25,M-O09,油压,16.0,0,,0,4,466,823.5,1
2024-07-25,M-D01,双色旋转,16.4,0,,0,2,122,166.0,1
2024-07-25,M-D02,双色旋转,13.2,0,,0,1,388,339.7,3
2024-07-25,M-D03,双色旋转,15.5,0,,0,2,470,552.5,0
2024-07-25,M-T01,两板,15.9,0,,0,1,482,44.3,0
2024-07-25,M-T02,两板,17.3,0,,0,2,414,483.8,3
2024-07-25,M-T03,两板,15.6,0,,0,2,323,853.5,1
2024-07-25,M-T04,两板,16.2,0,,0,1,103,1320.6,1
2024-07-26,M-E01,全电动,15.0,0,,0,2,590,31.7,0
2024-07-26,M-E02,全电动,16.1,0,,0,1,581,24.9,2
2024-07-26,M-E03,全电动,18.3,0,,0,3,525,55.8,1
2024-07-26,M-E04,全电动,16.6,0,,0,2,444,53.9,1
2024-07-26,M-E05,全电动,16.4,0,,0,2,100,67.8,1
2024-07-26,M-E06,全电动,16.0,0,,0,2,293,51.3,4
2024-07-26,M-E07,全电动,18.5,0,,0,2,293,95.7,2
2024-07-26,M-E08,全电动,16.5,0,,0,2,279,76.2,1
2024-07-26,M-E09,全电动,18.8,0,,0,2,436,120.1,2
2024-07-26,M-E10,全电动,13.7,0,,0,2,426,102.4,3
2024-07-26,M-E11,全电动,14.1,0,,0,1,340,118.8,2
2024-07-26,M-E12,全电动,17.7,0,,0,2,382,168.1,3
2024-07-26,M-E13,全电动,14.4,0,,0,2,306,172.4,3
2024-07-26,M-O01,油压,16.8,0,,0,1,583,265.1,4
2024-07-26,M-O02,油压,14.9,0,,0,2,592,223.7,3
2024-07-26,M-O03,油压,13.8,0,,0,1,538,227.2,3
2024-07-26,M-O04,油压,13.4,0,,0,3,203,347.5,3
2024-07-26,M-O05,油压,15.4,0,,0,3,166,337.3,2
2024-07-26,M-O06,油压,14.0,0,,0,2,291,490.5,3
2024-07-26,M-O07,油压,17.4,0,,0,3,547,587.6,0
2024-07-26,M-O08,油压,14.2,0,,0,2,203,537.8,0
2024-07-26,M-O09,油压,14.1,0,,0,2,468,746.7,0
2024-07-26,M-D01,双色旋转,18.2,0,,0,1,161,166.6,3
2024-07-26,M-D02,双色旋转,18.7,0,,0,1,340,525.1,1
2024-07-26,M-D03,双色旋转,18.6,0,,0,1,282,634.8,3
2024-07-26,M-T01,两板,14.0,0,,0,4,326,49.5,0
2024-07-26,M-T02,两板,15.0,0,,0,1,426,428.4,1
2024-07-26,M-T03,两板,14.5,0,,0,1,173,805.2,0
2024-07-26,M-T04,两板,14.6,0,,0,2,380,1199.6,2
2024-07-27,M-E01,全电动,16.0,0,,0,2,588,29.9,0
2024-07-27,M-E02,全电动,15.1,0,,0.0,4,548,34.2,2
2024-07-27,M-E03,全电动,17.6,0,,0,1,278,51.2,3
2024-07-27,M-E04,全电动,14.2,0,,0,1,456,45.6,3
2024-07-27,M-E05,全电动,15.7,0,,0,2,122,69.1,0
2024-07-27,M-E06,全电动,18.8,0,,0,3,288,78.2,0
2024-07-27,M-E07,全电动,18.0,0,,0,2,397,92.8,1
2024-07-27,M-E08,全电动,17.9,0,,0,1,314,91.7,3
2024-07-27,M-E09,全电动,14.899999999999999,1.5,模具问题,0,2,488,85.4,0
2024-07-27,M-E10,全电动,18.1,0,,0,2,547,114.7,2
2024-07-27,M-E11,全电动,16.0,0,,0,2,324,122.7,3
2024-07-27,M-E12,全电动,16.2,0,,0,1,596,196.3,0
2024-07-27,M-E13,全电动,17.9,0,,0,1,517,225.9,1
2024-07-27,M-O01,油压,10.3,3.5,模具问题,0,2,579,160.3,3
2024-07-27,M-O02,油压,15.0,0,,0,1,100,255.3,1
2024-07-27,M-O03,油压,14.0,0,,0,1,198,255.3,1
2024-07-27,M-O04,油压,16.6,0,,0,2,130,433.2,1
2024-07-27,M-O05,油压,18.4,0,,0,3,203,534.6,4
2024-07-27,M-O06,油压,16.1,0,,0,3,500,557.4,2
2024-07-27,M-O07,油压,15.2,0,,0,2,129,528.6,0
2024-07-27,M-O08,油压,15.2,0,,0.2,1,96,557.9,1
2024-07-27,M-O09,油压,17.5,0,,0,3,220,1060.2,1
2024-07-27,M-D01,双色旋转,18.3,0,,0,1,259,169.1,0
2024-07-27,M-D02,双色旋转,14.6,0,,0,1,218,436.5,3
2024-07-27,M-D03,双色旋转,14.4,0,,0,1,252,367.1,1
2024-07-27,M-T01,两板,17.0,0,,0,2,328,51.1,1
2024-07-27,M-T02,两板,14.7,0,,0,3,286,374.6,0
2024-07-27,M-T03,两板,14.5,0,,0,1,320,826.8,1
2024-07-27,M-T04,两板,16.0,0,,0,2,356,1028.8,1
2024-07-28,M-E01,全电动,13.3,0,,0,3,268,29.8,3
2024-07-28,M-E02,全电动,17.1,0,,0,2,584,28.1,2
2024-07-28,M-E03,全电动,14.6,0,,0,2,448,37.8,0
2024-07-28,M-E04,全电动,13.2,0,,0.4,3,564,35.2,4
2024-07-28,M-E05,全电动,13.8,0,,0,5,141,57.6,4
2024-07-28,M-E06,全电动,14.6,0,,0,1,444,48.4,3
2024-07-28,M-E07,全电动,15.7,0,,0.2,1,264,86.1,0
2024-07-28,M-E08,全电动,18.3,0,,0.5,3,153,117.3,0
2024-07-28,M-E09,全电动,15.1,0,,0,1,529,112.3,2
2024-07-28,M-E10,全电动,18.7,0,,0,2,473,163.4,2
2024-07-28,M-E11,全电动,18.2,0,,0,2,219,145.3,0
2024-07-28,M-E12,全电动,18.9,0,,0,1,141,175.6,3
2024-07-28,M-E13,全电动,13.4,0,,0,2,380,120.4,4
2024-07-28,M-O01,油压,18.7,0,,0,2,265,226.2,4
2024-07-28,M-O02,油压,15.6,0,,0,3,86,220.9,0
2024-07-28,M-O03,油压,18.1,0,,0,3,340,366.5,0
2024-07-28,M-O04,油压,15.3,0,,0,2,110,405.8,4
2024-07-28,M-O05,油压,16.1,0,,0,3,479,485.3,3
2024-07-28,M-O06,油压,17.0,0,,0,2,363,582.0,1
2024-07-28,M-O07,油压,13.6,0,,0,1,264,485.6,2
2024-07-28,M-O08,油压,18.3,0,,0.1,2,432,783.7,0
2024-07-28,M-O09,油压,13.9,0,,0,2,369,783.5,1
2024-07-28,M-D01,双色旋转,16.2,0,,0,1,535,129.7,3
2024-07-28,M-D02,双色旋转,18.4,0,,0,2,326,622.9,1
2024-07-28,M-D03,双色旋转,14.2,0,,0,2,404,462.0,1
2024-07-28,M-T01,两板,17.3,0,,0,3,180,62.0,0
2024-07-28,M-T02,两板,13.9,0,,0.5,3,193,417.7,2
2024-07-28,M-T03,两板,16.8,0,,0,1,523,802.5,4
2024-07-28,M-T04,两板,17.2,0,,0.2,1,597,1411.0,2
2024-07-29,M-E01,全电动,17.4,0,,0,3,218,31.5,3
2024-07-29,M-E02,全电动,13.9,0,,0,2,399,29.1,1
2024-07-29,M-E03,全电动,17.8,0,,0,2,316,47.1,4
2024-07-29,M-E04,全电动,14.8,0,,0.4,1,108,36.4,3
2024-07-29,M-E05,全电动,18.6,0,,0,2,455,64.6,0
2024-07-29,M-E06,全电动,15.7,0,,0,2,478,48.5,3
2024-07-29,M-E07,全电动,17.8,0,,0,2,553,75.0,3
2024-07-29,M-E08,全电动,17.8,0,,0,2,378,80.9,3
2024-07-29,M-E09,全电动,14.5,0,,0,2,204,91.7,0
2024-07-29,M-E10,全电动,18.5,0,,0,2,234,137.2,2
2024-07-29,M-E11,全电动,13.8,0,,0,1,312,120.4,3
2024-07-29,M-E12,全电动,14.4,0,,0.2,3,371,174.7,1
2024-07-29,M-E13,全电动,17.4,0,,0,1,113,229.0,4
2024-07-29,M-O01,油压,13.8,0,,0.5,1,514,205.3,2
2024-07-29,M-O02,油压,16.3,0,,0,2,417,267.1,3
2024-07-29,M-O03,油压,13.4,0,,0.1,2,421,295.4,3
2024-07-29,M-O04,油压,13.3,0,,0,1,161,378.2,1
2024-07-29,M-O05,油压,13.7,0,,0,4,596,435.4,4
2024-07-29,M-O06,油压,16.2,0,,0,1,552,439.0,3
2024-07-29,M-O07,油压,16.4,0,,0,3,116,602.3,4
2024-07-29,M-O08,油压,17.7,0,,0,2,456,620.9,0
2024-07-29,M-O09,油压,18.2,0,,0,2,305,965.3,4
2024-07-29,M-D01,双色旋转,18.9,0,,0,1,498,147.0,4
2024-07-29,M-D02,双色旋转,18.3,0,,0,2,85,695.1,0
2024-07-29,M-D03,双色旋转,14.4,0,,0.1,1,445,420.7,3
2024-07-29,M-T01,两板,17.2,0,,0,3,489,44.5,2
2024-07-29,M-T02,两板,16.5,0,,0,2,256,378.8,0
2024-07-29,M-T03,两板,13.9,0,,0.1,2,447,946.6,4
2024-07-29,M-T04,两板,15.0,0,,0,1,531,1100.3,0
2024-07-30,M-E01,全电动,17.3,0,,0,3,400,33.5,4
2024-07-30,M-E02,全电动,18.1,0,,0,3,434,29.5,2
2024-07-30,M-E03,全电动,17.3,0,,0,2,146,39.2,4
2024-07-30,M-E04,全电动,13.5,0,,0,1,274,35.9,1
2024-07-30,M-E05,全电动,16.6,0,,0,2,467,66.5,4
2024-07-30,M-E06,全电动,15.7,0,,0,1,577,67.4,3
2024-07-30,M-E07,全电动,16.2,0,,0.2,1,413,75.8,0
2024-07-30,M-E08,全电动,13.7,0,,0.4,2,284,65.4,1
2024-07-30,M-E09,全电动,19.0,0,,0,2,126,120.1,3
2024-07-30,M-E10,全电动,16.9,0,,0,4,526,115.5,0
2024-07-30,M-E11,全电动,18.5,0,,0,3,411,171.9,2
2024-07-30,M-E12,全电动,13.1,0,,0,2,231,114.2,3
2024-07-30,M-E13,全电动,17.6,0,,0,2,153,156.2,0
2024-07-30,M-O01,油压,13.1,0,,0,2,572,185.8,0
2024-07-30,M-O02,油压,16.0,1.8,传感器异常,0,2,379,205.9,3
2024-07-30,M-O03,油压,16.0,0,,0,3,350,343.6,3
2024-07-30,M-O04,油压,19.0,0,,0.2,1,496,514.9,0
2024-07-30,M-O05,油压,13.9,0,,0,1,373,358.6,4
2024-07-30,M-O06,油压,13.4,0,,0,1,335,423.5,4
2024-07-30,M-O07,油压,18.4,0,,0,2,535,555.3,0
2024-07-30,M-O08,油压,14.8,0,,0,2,587,700.4,4
2024-07-30,M-O09,油压,13.2,3.5,传感器异常,0,1,369,737.7,1
2024-07-30,M-D01,双色旋转,17.4,0,,0,3,162,164.5,4
2024-07-30,M-D02,双色旋转,15.5,0,,0,1,424,569.5,1
2024-07-30,M-D03,双色旋转,18.7,0,,0,3,515,619.5,1
2024-07-30,M-T01,两板,14.6,0,,0,1,530,38.3,3
2024-07-30,M-T02,两板,16.6,0,,0,4,438,336.2,4
2024-07-30,M-T03,两板,15.2,0,,0,3,210,1030.4,0
2024-07-30,M-T04,两板,18.3,0,,0.5,2,305,1712.1,2
2024-07-31,M-E01,全电动,18.3,0,,0,5,289,31.1,0
2024-07-31,M-E02,全电动,16.6,0,,0,3,92,36.9,0
2024-07-31,M-E03,全电动,16.1,0,,0,2,131,41.9,2
2024-07-31,M-E04,全电动,13.1,0,,0,1,299,41.3,3
2024-07-31,M-E05,全电动,18.4,0,,0,3,522,79.8,4
2024-07-31,M-E06,全电动,16.3,0,,0,1,113,68.4,3
2024-07-31,M-E07,全电动,14.4,0,,0,1,226,76.2,4
2024-07-31,M-E08,全电动,13.4,0,,0,3,270,79.1,3
2024-07-31,M-E09,全电动,18.2,0,,0,3,485,123.2,3
2024-07-31,M-E10,全电动,12.899999999999999,1.3,传感器异常,0,2,486,81.9,1
2024-07-31,M-E11,全电动,18.6,0,,0,2,131,176.3,4
2024-07-31,M-E12,全电动,13.5,0,,0,3,393,140.5,2
2024-07-31,M-E13,全电动,18.6,0,,0,1,152,238.6,3
2024-07-31,M-O01,油压,13.2,0,,0.3,4,100,175.2,4
2024-07-31,M-O02,油压,17.5,0,,0.2,2,366,285.4,0
2024-07-31,M-O03,油压,17.5,0,,0,1,252,375.9,3
2024-07-31,M-O04,油压,17.7,0,,0,2,384,453.2,2
2024-07-31,M-O05,油压,13.6,0,,0,1,144,343.1,2
2024-07-31,M-O06,油压,18.9,0,,0,2,430,705.3,0
2024-07-31,M-O07,油压,15.1,0,,0,1,229,606.1,4
2024-07-31,M-O08,油压,13.8,0,,0,3,465,720.3,3
2024-07-31,M-O09,油压,16.6,0,,0,2,248,882.8,1
2024-07-31,M-D01,双色旋转,14.6,0,,0,2,353,109.7,2
2024-07-31,M-D02,双色旋转,14.7,0,,0,2,129,425.7,0
2024-07-31,M-D03,双色旋转,14.9,0,,0,4,402,476.8,0
2024-07-31,M-T01,两板,15.2,0,,0,1,293,42.5,2
2024-07-31,M-T02,两板,13.8,0,,0,1,576,413.2,1
2024-07-31,M-T03,两板,18.8,0,,0,2,154,1058.2,2
2024-07-31,M-T04,两板,14.8,0,,0,2,273,1245.5,1
2024-08-01,M-E01,全电动,14.8,0,,0,2,394,23.9,4
2024-08-01,M-E02,全电动,17.2,0,,0,2,100,38.9,2
2024-08-01,M-E03,全电动,14.4,0,,0,2,246,47.7,0
2024-08-01,M-E04,全电动,15.0,0,,0,2,468,34.0,0
2024-08-01,M-E05,全电动,15.0,0,,0,1,549,59.4,0
2024-08-01,M-E06,全电动,16.2,0,,0,3,194,71.3,2
2024-08-01,M-E07,全电动,14.8,0,,0,2,532,75.1,4
2024-08-01,M-E08,全电动,16.0,0,,0,1,410,82.6,0
2024-08-01,M-E09,全电动,16.0,0,,0,2,395,114.2,0
2024-08-01,M-E10,全电动,13.1,0,,0,2,544,120.9,1
2024-08-01,M-E11,全电动,15.2,0,,0,1,477,131.5,4
2024-08-01,M-E12,全电动,14.9,0,,0.3,1,212,142.9,4
2024-08-01,M-E13,全电动,13.2,0,,0,1,589,134.3,1
2024-08-01,M-O01,油压,13.7,0,,0,3,234,223.8,0
2024-08-01,M-O02,油压,13.4,0,,0.3,2,517,229.9,2
2024-08-01,M-O03,油压,13.4,0,,0,3,80,290.9,0
2024-08-01,M-O04,油压,13.5,0,,0.2,1,299,370.8,3
2024-08-01,M-O05,油压,15.0,0,,0,3,431,427.9,2
2024-08-01,M-O06,油压,13.4,0,,0,1,273,466.4,4
2024-08-01,M-O07,油压,16.6,0,,0,4,319,623.7,2
2024-08-01,M-O08,油压,17.0,0,,0,1,253,901.3,2
2024-08-01,M-O09,油压,16.6,0,,0,3,586,673.3,1
2024-08-01,M-D01,双色旋转,18.3,0,,0.4,2,598,133.0,0
2024-08-01,M-D02,双色旋转,17.9,0,,0,2,387,600.4,1
2024-08-01,M-D03,双色旋转,13.5,0,,0,1,409,427.7,4
2024-08-01,M-T01,两板,14.6,0,,0,1,193,54.8,1
2024-08-01,M-T02,两板,14.1,0,,0,3,377,356.5,0
2024-08-01,M-T03,两板,17.1,0,,0,2,589,878.7,4
2024-08-01,M-T04,两板,14.5,0,,0,2,591,1137.8,2
2024-08-02,M-E01,全电动,14.3,0,,0,3,267,26.1,1
2024-08-02,M-E02,全电动,15.6,0,,0,1,260,30.7,2
2024-08-02,M-E03,全电动,14.4,0,,0.2,1,379,43.8,4
2024-08-02,M-E04,全电动,14.3,0,,0,2,583,32.2,3
2024-08-02,M-E05,全电动,16.7,0,,0,2,218,67.2,3
2024-08-02,M-E06,全电动,18.0,0,,0,1,180,58.2,3
2024-08-02,M-E07,全电动,15.7,0,,0.0,2,445,67.8,2
2024-08-02,M-E08,全电动,13.1,0,,0,2,275,63.6,0
2024-08-02,M-E09,全电动,13.9,0,,0,3,323,104.2,3
2024-08-02,M-E10,全电动,19.0,0,,0,1,195,169.6,0
2024-08-02,M-E11,全电动,15.6,0,,0,3,250,126.5,4
2024-08-02,M-E12,全电动,15.6,0,,0,2,527,137.3,0
2024-08-02,M-E13,全电动,13.9,0,,0,2,184,153.6,1
2024-08-02,M-O01,油压,17.2,0,,0,2,402,253.6,1
2024-08-02,M-O02,油压,14.4,0,,0,3,423,199.0,1
2024-08-02,M-O03,油压,13.8,0,,0,1,297,207.3,4
2024-08-02,M-O04,油压,15.5,0,,0,2,373,434.6,4
2024-08-02,M-O05,油压,13.5,0,,0,1,426,420.9,2
2024-08-02,M-O06,油压,15.3,0,,0,1,218,466.5,2
2024-08-02,M-O07,油压,13.5,0,,0,2,129,459.2,1
2024-08-02,M-O08,油压,16.9,0,,0,1,220,652.9,2
2024-08-02,M-O09,油压,14.0,0,,0,4,109,758.8,1
2024-08-02,M-D01,双色旋转,12.9,1.2,液压系统,0,1,593,131.9,1
2024-08-02,M-D02,双色旋转,14.7,0,,0.3,3,408,473.3,2
2024-08-02,M-D03,双色旋转,14.7,0,,0,3,431,487.2,3
2024-08-02,M-T01,两板,17.5,0,,0,2,537,48.8,4
2024-08-02,M-T02,两板,17.7,0,,0,1,282,478.4,4
2024-08-02,M-T03,两板,14.2,0,,0,5,243,895.4,2
2024-08-02,M-T04,两板,17.3,0,,0,2,527,1129.6,0
2024-08-03,M-E01,全电动,17.4,0,,0,2,198,31.6,0
2024-08-03,M-E02,全电动,16.9,0,,0.4,4,546,26.7,0
2024-08-03,M-E03,全电动,13.6,0,,0,1,142,40.1,3
2024-08-03,M-E04,全电动,17.5,0,,0,1,572,54.9,2
2024-08-03,M-E05,全电动,16.7,2.2,液压系统,0.1,1,133,57.7,3
2024-08-03,M-E06,全电动,16.9,0,,0,2,468,68.2,0
2024-08-03,M-E07,全电动,17.6,0,,0,3,587,91.8,0
2024-08-03,M-E08,全电动,16.3,0,,0,2,355,73.4,3
2024-08-03,M-E09,全电动,14.4,0,,0,2,330,105.4,2
2024-08-03,M-E10,全电动,15.9,0,,0.4,1,513,148.0,2
2024-08-03,M-E11,全电动,15.0,0,,0,1,590,134.3,2
2024-08-03,M-E12,全电动,18.8,0,,0,3,204,220.1,1
2024-08-03,M-E13,全电动,18.8,0,,0.2,1,298,197.2,0
2024-08-03,M-O01,油压,13.8,0,,0,1,227,182.6,4
2024-08-03,M-O02,油压,15.6,0,,0,3,445,241.8,0
2024-08-03,M-O03,油压,13.4,0,,0,2,597,302.5,2
2024-08-03,M-O04,油压,14.1,0,,0,2,555,330.0,4
2024-08-03,M-O05,油压,10.9,3.4,加热系统,0,2,220,250.3,2
2024-08-03,M-O06,油压,14.9,0,,0,3,286,527.6,0
2024-08-03,M-O07,油压,18.0,0,,0,2,302,666.2,4
2024-08-03,M-O08,油压,18.2,0,,0,1,245,966.1,0
2024-08-03,M-O09,油压,18.3,0,,0.3,2,436,736.0,2
2024-08-03,M-D01,双色旋转,13.9,0,,0,3,203,138.8,1
2024-08-03,M-D02,双色旋转,16.5,0,,0,1,214,445.8,2
2024-08-03,M-D03,双色旋转,16.3,0,,0,2,305,420.2,4
2024-08-03,M-T01,两板,15.9,0,,0,2,298,54.7,2
2024-08-03,M-T02,两板,13.8,0,,0,3,497,311.7,0
2024-08-03,M-T03,两板,18.1,0,,0,4,139,826.3,4
2024-08-03,M-T04,两板,16.5,0,,0.1,2,442,1301.2,3
2024-08-04,M-E01,全电动,15.3,0,,0,1,289,26.0,0
2024-08-04,M-E02,全电动,14.1,0,,0,1,436,26.9,0
2024-08-04,M-E03,全电动,16.5,0,,0,1,152,52.5,4
2024-08-04,M-E04,全电动,15.3,0,,0,3,132,48.5,2
2024-08-04,M-E05,全电动,15.5,0,,0.4,2,164,62.1,3
2024-08-04,M-E06,全电动,16.2,0,,0,1,339,49.8,2
2024-08-04,M-E07,全电动,17.9,0,,0,3,403,71.0,2
2024-08-04,M-E08,全电动,16.6,0,,0,2,260,109.3,4
2024-08-04,M-E09,全电动,13.4,0,,0,3,121,98.0,0
2024-08-04,M-E10,全电动,17.2,0,,0.2,4,489,144.1,0
2024-08-04,M-E11,全电动,16.6,0,,0,2,218,170.2,4
2024-08-04,M-E12,全电动,16.3,0,,0.2,1,212,178.6,4
2024-08-04,M-E13,全电动,14.3,0,,0,2,264,153.4,1
2024-08-04,M-O01,油压,18.9,0,,0.3,1,312,234.5,1
2024-08-04,M-O02,油压,13.3,0,,0,1,300,195.8,3
2024-08-04,M-O03,油压,17.1,0,,0,3,190,288.6,1
2024-08-04,M-O04,油压,14.8,0,,0,2,190,282.4,3
2024-08-04,M-O05,油压,17.9,0,,0,2,508,487.7,3
2024-08-04,M-O06,油压,18.5,0,,0,2,322,492.1,0
2024-08-04,M-O07,油压,16.0,0,,0,2,434,640.2,2
2024-08-04,M-O08,油压,17.9,0,,0,2,300,813.4,0
2024-08-04,M-O09,油压,13.5,0,,0,1,584,773.4,3
2024-08-04,M-D01,双色旋转,17.7,0,,0,3,304,149.4,2
2024-08-04,M-D02,双色旋转,13.3,0,,0,3,442,471.3,3
2024-08-04,M-D03,双色旋转,15.9,0,,0.4,2,424,430.8,3
2024-08-04,M-T01,两板,17.6,0,,0,3,470,62.8,2
2024-08-04,M-T02,两板,13.3,0,,0.2,3,187,300.2,0
2024-08-04,M-T03,两板,17.0,0,,0,3,472,1069.5,3
2024-08-04,M-T04,两板,13.2,0,,0,1,483,1203.1,0
2024-08-05,M-E01,全电动,15.4,0,,0,2,532,27.5,0
2024-08-05,M-E02,全电动,13.1,0,,0,3,351,28.6,3
2024-08-05,M-E03,全电动,18.3,0,,0,3,123,62.2,1
2024-08-05,M-E04,全电动,16.4,0,,0,3,161,38.1,4
2024-08-05,M-E05,全电动,14.3,0,,0,3,188,58.5,1
2024-08-05,M-E06,全电动,15.4,0,,0,1,156,66.3,3
2024-08-05,M-E07,全电动,13.9,0,,0,1,194,58.8,4
2024-08-05,M-E08,全电动,14.1,0,,0.3,2,256,83.9,4
2024-08-05,M-E09,全电动,13.6,0,,0,4,301,81.0,0
2024-08-05,M-E10,全电动,17.3,0,,0,4,293,128.1,2
2024-08-05,M-E11,全电动,18.6,0,,0.3,2,124,159.7,3
2024-08-05,M-E12,全电动,14.3,0,,0,2,154,129.0,3
2024-08-05,M-E13,全电动,14.1,0,,0,1,179,138.5,1
2024-08-05,M-O01,油压,18.2,0,,0,1,101,288.5,4
2024-08-05,M-O02,油压,13.3,0,,0,1,522,245.8,0
2024-08-05,M-O03,油压,17.7,0,,0,2,566,397.8,4
2024-08-05,M-O04,油压,16.1,0,,0,2,522,457.4,4
2024-08-05,M-O05,油压,15.7,0,,0,4,364,484.3,1
2024-08-05,M-O06,油压,15.9,0,,0,3,153,511.8,0
2024-08-05,M-O07,油压,15.3,0,,0,1,445,505.6,4
2024-08-05,M-O08,油压,13.3,0,,0.4,2,543,524.7,3
2024-08-05,M-O09,油压,17.0,0.8,电气故障,0,2,374,902.0,1
2024-08-05,M-D01,双色旋转,15.6,0,,0,3,298,134.9,4
2024-08-05,M-D02,双色旋转,13.0,0,,0,1,404,341.6,0
2024-08-05,M-D03,双色旋转,17.9,0,,0,2,242,535.6,3
2024-08-05,M-T01,两板,14.1,0,,0,1,492,38.8,4
2024-08-05,M-T02,两板,15.2,0,,0,2,207,378.9,3
2024-08-05,M-T03,两板,17.8,0,,0,2,363,1176.6,4
2024-08-05,M-T04,两板,13.0,0,,0,2,289,1097.1,0
2024-08-06,M-E01,全电动,14.1,0,,0,1,481,26.1,1
2024-08-06,M-E02,全电动,17.3,0,,0,1,593,33.4,2
2024-08-06,M-E03,全电动,17.7,0,,0,3,583,51.0,1
2024-08-06,M-E04,全电动,18.9,0,,0,1,476,59.9,0
2024-08-06,M-E05,全电动,13.2,0,,0,1,197,45.9,1
2024-08-06,M-E06,全电动,16.1,0,,0,2,241,53.1,3
2024-08-06,M-E07,全电动,17.9,0,,0,2,335,88.2,3
2024-08-06,M-E08,全电动,16.3,0,,0,2,200,100.7,1
2024-08-06,M-E09,全电动,16.4,0,,0,2,179,94.0,3
2024-08-06,M-E10,全电动,15.2,0,,0.1,1,335,111.9,3
2024-08-06,M-E11,全电动,14.6,0,,0,2,245,103.3,3
2024-08-06,M-E12,全电动,18.1,0,,0,2,465,192.9,2
2024-08-06,M-E13,全电动,14.8,0,,0,4,288,160.8,0
2024-08-06,M-O01,油压,17.6,0,,0,2,106,299.3,4
2024-08-06,M-O02,油压,15.5,0,,0,2,393,261.9,0
2024-08-06,M-O03,油压,15.9,0,,0,2,282,285.1,1
2024-08-06,M-O04,油压,17.6,0,,0,2,476,383.2,0
2024-08-06,M-O05,油压,13.6,0,,0,2,571,412.0,4
2024-08-06,M-O06,油压,18.6,0,,0,3,362,562.6,2
2024-08-06,M-O07,油压,14.5,0,,0,2,491,646.1,0
2024-08-06,M-O08,油压,17.1,0,,0,2,333,820.6,2
2024-08-06,M-O09,油压,18.1,0,,0,1,296,785.2,1
2024-08-06,M-D01,双色旋转,15.5,0,,0.1,2,407,127.0,1
2024-08-06,M-D02,双色旋转,17.2,0,,0,1,509,624.4,4
2024-08-06,M-D03,双色旋转,17.9,0,,0,1,543,497.8,3
2024-08-06,M-T01,两板,18.4,0,,0,3,541,51.5,0
2024-08-06,M-T02,两板,17.0,0,,0.2,4,560,476.6,0
2024-08-06,M-T03,两板,16.1,0,,0,3,179,1093.9,3
2024-08-06,M-T04,两板,17.5,0,,0.1,2,551,1646.7,2
2024-08-07,M-E01,全电动,13.3,0,,0,2,109,29.6,0
2024-08-07,M-E02,全电动,15.8,0,,0,2,290,33.2,1
2024-08-07,M-E03,全电动,18.5,0,,0,3,409,49.7,2
2024-08-07,M-E04,全电动,16.5,0,,0,2,283,48.1,3
2024-08-07,M-E05,全电动,18.9,0,,0,2,91,75.5,4
2024-08-07,M-E06,全电动,16.9,0,,0,2,513,75.8,0
2024-08-07,M-E07,全电动,17.8,0,,0,1,351,75.0,4
2024-08-07,M-E08,全电动,16.0,0,,0.4,2,300,103.1,1
2024-08-07,M-E09,全电动,14.3,0,,0,1,396,97.6,3
2024-08-07,M-E10,全电动,17.9,0,,0,1,473,116.1,0
2024-08-07,M-E11,全电动,15.9,0,,0,2,421,115.7,3
2024-08-07,M-E12,全电动,17.2,0,,0,1,409,191.4,4
2024-08-07,M-E13,全电动,15.4,0,,0,1,137,169.5,1
2024-08-07,M-O01,油压,16.8,1.8,传感器异常,0,2,363,225.6,4
2024-08-07,M-O02,油压,13.5,0,,0,1,343,245.1,1
2024-08-07,M-O03,油压,15.0,0,,0,1,476,298.8,2
2024-08-07,M-O04,油压,16.7,0,,0,2,428,436.8,4
2024-08-07,M-O05,油压,18.4,0,,0,2,228,449.0,4
2024-08-07,M-O06,油压,15.2,0,,0,3,289,501.2,0
2024-08-07,M-O07,油压,16.5,0,,0,3,212,636.5,3
2024-08-07,M-O08,油压,13.6,0,,0,3,528,527.8,2
2024-08-07,M-O09,油压,16.4,0,,0,2,109,695.5,0
2024-08-07,M-D01,双色旋转,14.0,0,,0,2,589,106.8,3
2024-08-07,M-D02,双色旋转,13.3,0,,0,1,232,444.8,4
2024-08-07,M-D03,双色旋转,18.7,0,,0,2,310,667.1,3
2024-08-07,M-T01,两板,14.6,0,,0,2,380,45.8,0
2024-08-07,M-T02,两板,14.8,0,,0.0,2,455,403.6,0
2024-08-07,M-T03,两板,14.9,0,,0,1,184,841.1,1
2024-08-07,M-T04,两板,15.3,0,,0,1,477,1240.6,3
2024-08-08,M-E01,全电动,14.2,0,,0,3,566,28.6,4
2024-08-08,M-E02,全电动,18.3,0,,0,2,533,39.5,1
2024-08-08,M-E03,全电动,15.8,0,,0,1,445,47.0,2
2024-08-08,M-E04,全电动,15.8,0,,0,2,330,39.6,1
2024-08-08,M-E05,全电动,15.6,0,,0,2,516,61.8,0
2024-08-08,M-E06,全电动,13.4,0,,0,1,420,43.5,1
2024-08-08,M-E07,全电动,13.6,0,,0,1,305,75.9,4
2024-08-08,M-E08,全电动,18.8,0,,0,1,560,98.4,0
2024-08-08,M-E09,全电动,15.8,0,,0,3,295,94.9,4
2024-08-08,M-E10,全电动,17.5,0,,0,2,306,125.6,1
2024-08-08,M-E11,全电动,15.9,0,,0.1,2,422,146.7,1
2024-08-08,M-E12,全电动,13.2,0,,0,2,369,109.8,3
2024-08-08,M-E13,全电动,14.6,0,,0,2,316,173.8,2
2024-08-08,M-O01,油压,13.0,0,,0,2,234,201.1,4
2024-08-08,M-O02,油压,18.6,0,,0.4,3,404,268.4,0
2024-08-08,M-O03,油压,19.0,0,,0,1,173,319.9,2
2024-08-08,M-O04,油压,14.1,0,,0,2,291,264.5,0
2024-08-08,M-O05,油压,16.9,0,,0,3,572,538.8,4
2024-08-08,M-O06,油压,15.7,0,,0,2,133,552.0,4
2024-08-08,M-O07,油压,16.1,1.0,传感器异常,0.2,2,391,487.0,3
2024-08-08,M-O08,油压,15.6,0,,0,4,409,792.7,1
2024-08-08,M-O09,油压,16.8,0,,0,2,338,730.9,0
2024-08-08,M-D01,双色旋转,15.5,0,,0.0,1,422,151.8,4
2024-08-08,M-D02,双色旋转,15.9,0,,0,3,243,568.7,0
2024-08-08,M-D03,双色旋转,18.1,0,,0,1,183,459.6,3
2024-08-08,M-T01,两板,16.0,0,,0.5,4,139,57.2,1
2024-08-08,M-T02,两板,17.1,0,,0,1,130,448.5,2
2024-08-08,M-T03,两板,15.6,0,,0,1,273,1051.2,2
2024-08-08,M-T04,两板,14.2,0,,0.0,2,482,939.9,3
2024-08-09,M-E01,全电动,16.9,0,,0,2,482,35.7,2
2024-08-09,M-E02,全电动,18.8,0,,0,2,121,42.3,1
2024-08-09,M-E03,全电动,17.1,0,,0,2,326,48.0,1
2024-08-09,M-E04,全电动,14.8,0,,0,1,320,34.0,0
2024-08-09,M-E05,全电动,14.4,0,,0,2,211,49.2,3
2024-08-09,M-E06,全电动,18.8,0,,0,2,521,81.6,3
2024-08-09,M-E07,全电动,13.8,0,,0.4,2,378,77.9,2
2024-08-09,M-E08,全电动,14.2,0,,0,1,547,93.5,4
2024-08-09,M-E09,全电动,14.100000000000001,1.7,液压系统,0,3,290,94.4,0
2024-08-09,M-E10,全电动,16.5,0,,0,1,539,120.0,0
2024-08-09,M-E11,全电动,18.8,0,,0,1,278,177.8,1
2024-08-09,M-E12,全电动,18.4,0,,0.1,1,303,169.2,2
2024-08-09,M-E13,全电动,14.3,2.0,加热系统,0,3,494,135.5,3
2024-08-09,M-O01,油压,14.3,0,,0,3,167,219.6,4
2024-08-09,M-O02,油压,17.7,0,,0,2,288,332.4,0
2024-08-09,M-O03,油压,16.2,0,,0,3,346,264.8,4
2024-08-09,M-O04,油压,16.3,0,,0,1,511,457.1,3
2024-08-09,M-O05,油压,14.4,0,,0,2,149,394.6,4
2024-08-09,M-O06,油压,13.8,0,,0,3,457,395.6,3
2024-08-09,M-O07,油压,18.3,0,,0,3,460,600.6,0
2024-08-09,M-O08,油压,18.4,0,,0,2,375,850.8,3
2024-08-09,M-O09,油压,16.3,0,,0,2,364,835.3,3
2024-08-09,M-D01,双色旋转,14.9,0,,0,1,476,112.1,4
2024-08-09,M-D02,双色旋转,14.0,0,,0,3,118,400.3,0
2024-08-09,M-D03,双色旋转,16.1,0,,0.4,2,506,468.7,3
2024-08-09,M-T01,两板,13.9,0,,0,3,576,44.8,4
2024-08-09,M-T02,两板,14.0,0,,0,1,184,302.4,1
2024-08-09,M-T03,两板,16.0,0,,0,3,434,887.2,4
2024-08-09,M-T04,两板,13.0,0,,0,3,592,882.9,3
2024-08-10,M-E01,全电动,17.2,0,,0,1,330,33.5,3
2024-08-10,M-E02,全电动,14.7,0,,0,2,539,28.4,1
2024-08-10,M-E03,全电动,18.8,0,,0,2,250,49.4,2
2024-08-10,M-E04,全电动,16.7,0,,0,2,438,43.6,2
2024-08-10,M-E05,全电动,13.6,0,,0,1,231,47.0,3
2024-08-10,M-E06,全电动,17.7,0,,0,5,177,64.1,4
2024-08-10,M-E07,全电动,15.5,0,,0,3,98,78.2,2
2024-08-10,M-E08,全电动,16.3,0,,0,1,152,105.1,2
2024-08-10,M-E09,全电动,16.1,0,,0,3,412,97.5,1
2024-08-10,M-E10,全电动,14.2,0,,0,2,449,119.5,3
2024-08-10,M-E11,全电动,15.5,0,,0,3,364,114.6,0
2024-08-10,M-E12,全电动,16.9,0,,0,2,319,186.4,2
2024-08-10,M-E13,全电动,13.9,0,,0.2,1,406,127.0,0
2024-08-10,M-O01,油压,17.4,0,,0,3,379,226.8,0
2024-08-10,M-O02,油压,17.7,0,,0,4,85,243.2,3
2024-08-10,M-O03,油压,13.5,0,,0,2,237,203.3,2
2024-08-10,M-O04,油压,16.4,1.0,电气故障,0,1,202,397.3,4
2024-08-10,M-O05,油压,17.9,0,,0,1,361,408.0,2
2024-08-10,M-O06,油压,12.7,2.5,电气故障,0,2,115,479.3,1
2024-08-10,M-O07,油压,14.2,0,,0,2,242,473.9,3
2024-08-10,M-O08,油压,13.1,0,,0,1,432,547.0,1
2024-08-10,M-O09,油压,17.0,0,,0,1,354,825.9,3
2024-08-10,M-D01,双色旋转,15.0,0,,0,1,270,145.8,0
2024-08-10,M-D02,双色旋转,13.7,0,,0.2,2,394,390.9,1
2024-08-10,M-D03,双色旋转,14.6,0,,0.3,3,382,507.7,3
2024-08-10,M-T01,两板,16.9,0,,0,2,302,47.1,0
2024-08-10,M-T02,两板,14.4,0,,0.1,2,518,299.3,1
2024-08-10,M-T03,两板,17.3,0,,0,3,530,1064.8,1
2024-08-10,M-T04,两板,16.3,0,,0,3,119,1331.4,2
2024-08-11,M-E01,全电动,13.9,0,,0,3,83,22.1,4
2024-08-11,M-E02,全电动,15.4,0,,0,2,352,28.1,4
2024-08-11,M-E03,全电动,15.6,0,,0,2,562,50.6,3
2024-08-11,M-E04,全电动,18.1,0,,0,1,461,47.6,2
2024-08-11,M-E05,全电动,13.5,0,,0,2,359,46.4,2
2024-08-11,M-E06,全电动,16.2,0,,0,3,328,52.5,4
2024-08-11,M-E07,全电动,13.1,0,,0,2,158,55.1,0
2024-08-11,M-E08,全电动,13.5,0,,0,2,193,78.8,0
2024-08-11,M-E09,全电动,18.6,0,,0.4,2,448,134.2,1
2024-08-11,M-E10,全电动,19.0,0,,0,1,108,143.9,0
2024-08-11,M-E11,全电动,18.0,0,,0,1,349,175.2,2
2024-08-11,M-E12,全电动,17.8,0,,0,1,372,190.5,2
2024-08-11,M-E13,全电动,18.5,0,,0,1,134,177.0,2
2024-08-11,M-O01,油压,15.9,0,,0,3,181,208.3,1
2024-08-11,M-O02,油压,15.6,0,,0,3,358,264.1,0
2024-08-11,M-O03,油压,17.8,0,,0,2,257,371.1,0
2024-08-11,M-O04,油压,15.7,0,,0,2,235,319.5,4
2024-08-11,M-O05,油压,17.4,0,,0,3,595,430.3,0
2024-08-11,M-O06,油压,18.7,0,,0,2,412,668.1,1
2024-08-11,M-O07,油压,17.8,0,,0,3,193,535.9,0
2024-08-11,M-O08,油压,15.3,0,,0.3,2,596,675.8,3
2024-08-11,M-O09,油压,15.2,0,,0,3,435,700.3,4
2024-08-11,M-D01,双色旋转,17.5,0,,0,1,354,125.4,4
2024-08-11,M-D02,双色旋转,13.1,0,,0,2,205,411.7,3
2024-08-11,M-D03,双色旋转,15.1,0,,0,1,548,550.8,4
2024-08-11,M-T01,两板,15.1,0,,0,3,293,42.5,1
2024-08-11,M-T02,两板,15.9,0,,0,2,555,401.7,1
2024-08-11,M-T03,两板,14.5,0,,0,2,497,904.6,0
2024-08-11,M-T04,两板,18.1,0,,0,2,574,1655.4,3
2024-08-12,M-E01,全电动,13.2,0,,0,3,511,24.0,0
2024-08-12,M-E02,全电动,14.5,0,,0,1,556,23.4,3
2024-08-12,M-E03,全电动,18.1,0,,0,3,208,56.7,3
2024-08-12,M-E04,全电动,17.3,0,,0,2,254,58.2,2
2024-08-12,M-E05,全电动,14.7,0,,0,3,260,48.8,4
2024-08-12,M-E06,全电动,16.0,0,,0,2,92,50.6,3
2024-08-12,M-E07,全电动,18.7,0,,0,1,153,80.3,3
2024-08-12,M-E08,全电动,17.4,0,,0,2,372,100.0,3
2024-08-12,M-E09,全电动,17.5,0,,0,2,201,123.1,0
2024-08-12,M-E10,全电动,18.6,0,,0,2,302,147.7,3
2024-08-12,M-E11,全电动,14.4,0,,0,3,456,126.5,0
2024-08-12,M-E12,全电动,17.6,0,,0,4,491,163.5,1
2024-08-12,M-E13,全电动,16.7,0,,0,1,221,156.9,2
2024-08-12,M-O01,油压,14.5,0,,0.3,3,383,215.2,4
2024-08-12,M-O02,油压,16.9,0,,0,4,209,310.6,3
2024-08-12,M-O03,油压,17.2,0,,0,1,426,306.9,1
2024-08-12,M-O04,油压,16.5,0,,0,2,525,435.8,0
2024-08-12,M-O05,油压,13.9,0,,0,2,346,308.0,0
2024-08-12,M-O06,油压,16.3,0,,0,3,322,483.4,3
2024-08-12,M-O07,油压,15.1,0,,0.2,3,187,495.1,4
2024-08-12,M-O08,油压,17.3,0,,0,2,471,834.1,2
2024-08-12,M-O09,油压,14.4,0,,0,4,203,618.7,4
2024-08-12,M-D01,双色旋转,13.3,0,,0,3,313,121.9,2
2024-08-12,M-D02,双色旋转,17.3,0,,0,2,101,597.4,1
2024-08-12,M-D03,双色旋转,13.2,0,,0,3,509,438.3,2
2024-08-12,M-T01,两板,19.0,0,,0,1,325,50.0,3
2024-08-12,M-T02,两板,18.7,0,,0,3,396,414.2,0
2024-08-12,M-T03,两板,17.0,0,,0.2,1,538,1039.8,4
2024-08-12,M-T04,两板,14.5,0,,0.1,2,443,1195.7,1
2024-08-13,M-E01,全电动,18.8,0,,0,2,406,40.3,2
2024-08-13,M-E02,全电动,16.4,0,,0,1,450,34.7,4
2024-08-13,M-E03,全电动,14.3,0,,0,2,557,37.2,1
2024-08-13,M-E04,全电动,18.3,0,,0,2,363,48.5,0
2024-08-13,M-E05,全电动,15.0,0,,0,3,527,50.3,4
2024-08-13,M-E06,全电动,15.2,0,,0,2,506,46.5,0
2024-08-13,M-E07,全电动,17.6,0,,0,4,523,100.1,1
2024-08-13,M-E08,全电动,15.0,0,,0.4,2,483,85.0,3
2024-08-13,M-E09,全电动,18.8,0,,0,2,266,138.3,0
2024-08-13,M-E10,全电动,16.8,0,,0,3,280,106.5,1
2024-08-13,M-E11,全电动,16.9,0,,0,2,575,146.6,2
2024-08-13,M-E12,全电动,14.8,0,,0,2,393,157.9,3
2024-08-13,M-E13,全电动,14.7,0,,0,2,310,194.6,4
2024-08-13,M-O01,油压,16.2,0,,0.1,1,582,258.3,1
2024-08-13,M-O02,油压,18.3,0,,0,2,561,337.2,0
2024-08-13,M-O03,油压,17.0,0,,0.1,3,523,324.1,4
2024-08-13,M-O04,油压,17.3,0,,0,2,505,410.3,1
2024-08-13,M-O05,油压,16.8,0,,0,2,207,464.1,4
2024-08-13,M-O06,油压,16.8,0,,0,1,440,450.3,1
2024-08-13,M-O07,油压,17.8,0,,0,3,260,624.4,2
2024-08-13,M-O08,油压,17.2,0,,0,1,509,788.5,3
2024-08-13,M-O09,油压,17.8,0,,0,1,544,1025.3,1
2024-08-13,M-D01,双色旋转,18.5,0,,0,3,239,179.2,0
2024-08-13,M-D02,双色旋转,14.5,0,,0,2,139,438.5,4
2024-08-13,M-D03,双色旋转,14.7,0,,0,1,247,441.6,1
2024-08-13,M-T01,两板,18.4,0,,0,2,191,62.2,1
2024-08-13,M-T02,两板,16.1,0,,0,1,537,479.5,2
2024-08-13,M-T03,两板,13.8,0,,0,1,141,877.3,3
2024-08-13,M-T04,两板,17.9,0,,0,1,392,1622.2,4
2024-08-14,M-E01,全电动,17.4,0,,0,1,474,38.9,2
2024-08-14,M-E02,全电动,18.2,0,,0,3,318,34.7,3
2024-08-14,M-E03,全电动,13.4,0,,0,1,115,39.9,1
2024-08-14,M-E04,全电动,14.5,0,,0,3,372,33.5,1
2024-08-14,M-E05,全电动,18.1,0,,0,3,595,57.1,1
2024-08-14,M-E06,全电动,13.4,0,,0.3,4,397,48.7,0
2024-08-14,M-E07,全电动,17.1,0,,0.5,2,525,97.2,2
2024-08-14,M-E08,全电动,13.1,0,,0,2,178,64.0,0
2024-08-14,M-E09,全电动,10.6,3.5,液压系统,0,2,522,69.3,2
2024-08-14,M-E10,全电动,16.7,0,,0,3,224,154.9,2
2024-08-14,M-E11,全电动,12.299999999999999,1.4,电气故障,0,3,122,89.0,4
2024-08-14,M-E12,全电动,17.6,0,,0,2,112,200.8,3
2024-08-14,M-E13,全电动,16.7,0,,0.1,2,489,158.3,0
2024-08-14,M-O01,油压,13.8,0,,0,1,89,175.4,0
2024-08-14,M-O02,油压,13.5,0,,0,2,83,226.2,4
2024-08-14,M-O03,油压,16.1,0,,0,2,129,298.4,4
2024-08-14,M-O04,油压,13.7,0,,0.3,2,220,257.8,4
2024-08-14,M-O05,油压,18.6,0,,0,1,599,480.0,3
2024-08-14,M-O06,油压,18.4,0,,0,3,457,549.8,2
2024-08-14,M-O07,油压,15.4,0,,0,1,361,524.4,3
2024-08-14,M-O08,油压,16.7,0,,0,1,441,730.8,4
2024-08-14,M-O09,油压,14.4,0,,0,2,525,836.4,3
2024-08-14,M-D01,双色旋转,17.2,0,,0,1,293,141.2,1
2024-08-14,M-D02,双色旋转,16.1,0,,0,2,570,570.8,3
2024-08-14,M-D03,双色旋转,18.1,0,,0,3,259,509.1,1
2024-08-14,M-T01,两板,17.8,0,,0,2,379,55.7,3
2024-08-14,M-T02,两板,17.3,0,,0,2,435,420.8,4
2024-08-14,M-T03,两板,16.4,0,,0,1,571,854.4,2
2024-08-14,M-T04,两板,15.6,0,,0,1,207,1138.4,4
2024-08-15,M-E01,全电动,14.7,0,,0,3,537,24.3,4
2024-08-15,M-E02,全电动,18.9,0,,0,2,115,42.9,0
2024-08-15,M-E03,全电动,14.7,0,,0,1,487,46.8,4
2024-08-15,M-E04,全电动,17.0,0,,0,3,434,40.4,3
2024-08-15,M-E05,全电动,18.6,0,,0,1,380,75.5,1
2024-08-15,M-E06,全电动,18.5,0,,0,2,574,69.7,2
2024-08-15,M-E07,全电动,18.8,0,,0,1,91,76.2,0
2024-08-15,M-E08,全电动,18.6,0,,0,4,367,91.5,3
2024-08-15,M-E09,全电动,14.7,0,,0,1,330,118.8,4
2024-08-15,M-E10,全电动,15.6,0,,0,2,212,103.5,3
2024-08-15,M-E11,全电动,16.9,0,,0,3,96,136.3,4
2024-08-15,M-E12,全电动,18.7,0,,0,2,308,153.1,3
2024-08-15,M-E13,全电动,15.7,0,,0,1,531,207.6,4
2024-08-15,M-O01,油压,15.0,0,,0,2,347,197.3,4
2024-08-15,M-O02,油压,14.3,0,,0,2,351,244.5,0
2024-08-15,M-O03,油压,14.3,0,,0,2,522,304.2,2
2024-08-15,M-O04,油压,16.4,0,,0,1,551,379.6,4
2024-08-15,M-O05,油压,18.7,0,,0,2,167,465.7,3
2024-08-15,M-O06,油压,17.8,0,,0,1,196,549.4,3
2024-08-15,M-O07,油压,18.7,0,,0,2,339,647.5,3
2024-08-15,M-O08,油压,13.299999999999999,3.6,电气故障,0,2,276,684.4,2
2024-08-15,M-O09,油压,16.2,0,,0,3,173,871.8,2
2024-08-15,M-D01,双色旋转,17.4,0,,0.1,2,424,156.0,3
2024-08-15,M-D02,双色旋转,17.9,0,,0,1,460,679.2,3
2024-08-15,M-D03,双色旋转,18.6,0,,0,3,141,552.3,4
2024-08-15,M-T01,两板,16.2,0,,0,1,162,43.7,2
2024-08-15,M-T02,两板,15.5,0,,0.4,2,414,374.5,0
2024-08-15,M-T03,两板,16.0,0,,0,3,556,1013.1,2
2024-08-15,M-T04,两板,17.8,0,,0,1,528,1371.4,1
2024-08-16,M-E01,全电动,13.6,0,,0,1,523,28.6,0
2024-08-16,M-E02,全电动,15.9,0,,0,2,415,31.3,4
2024-08-16,M-E03,全电动,13.8,0,,0.4,1,377,31.8,1
2024-08-16,M-E04,全电动,17.7,0,,0,3,508,50.5,4
2024-08-16,M-E05,全电动,14.1,0,,0,2,337,62.5,1
2024-08-16,M-E06,全电动,15.7,0,,0,4,428,47.9,1
2024-08-16,M-E07,全电动,13.5,0,,0,2,377,51.1,0
2024-08-16,M-E08,全电动,17.5,0,,0,1,338,89.8,3
2024-08-16,M-E09,全电动,15.5,0,,0,2,394,106.4,1
2024-08-16,M-E10,全电动,14.1,0,,0,1,325,106.4,3
2024-08-16,M-E11,全电动,13.9,0,,0,1,595,111.1,4
2024-08-16,M-E12,全电动,13.100000000000001,1.2,模具问题,0,3,458,111.1,4
2024-08-16,M-E13,全电动,13.2,0,,0.2,1,343,150.8,1
2024-08-16,M-O01,油压,16.9,0,,0,1,555,225.4,4
2024-08-16,M-O02,油压,15.4,0,,0,1,198,272.4,1
2024-08-16,M-O03,油压,13.1,0,,0,2,189,260.2,2
2024-08-16,M-O04,油压,18.9,0,,0,2,508,376.6,1
2024-08-16,M-O05,油压,16.6,0,,0,3,509,532.9,4
2024-08-16,M-O06,油压,18.4,0,,0,1,138,577.0,3
2024-08-16,M-O07,油压,18.7,0,,0.3,3,332,698.6,1
2024-08-16,M-O08,油压,17.7,0,,0.4,2,457,724.3,2
2024-08-16,M-O09,油压,14.1,0,,0,2,375,774.8,3
2024-08-16,M-D01,双色旋转,18.4,0,,0.1,1,498,189.9,2
2024-08-16,M-D02,双色旋转,18.0,0,,0,2,184,486.3,3
2024-08-16,M-D03,双色旋转,15.3,0,,0,1,287,537.5,1
2024-08-16,M-T01,两板,13.9,0,,0,1,201,49.9,4
2024-08-16,M-T02,两板,17.0,0,,0,4,548,479.3,0
2024-08-16,M-T03,两板,17.1,0,,0,2,596,819.3,3
2024-08-16,M-T04,两板,13.3,0,,0,3,192,1216.2,2
2024-08-17,M-E01,全电动,15.7,0,,0.2,1,124,23.7,1
2024-08-17,M-E02,全电动,14.9,0,,0.4,1,282,31.5,2
2024-08-17,M-E03,全电动,13.700000000000001,2.4,加热系统,0,2,491,40.5,3
2024-08-17,M-E04,全电动,15.2,0,,0,3,235,40.5,2
2024-08-17,M-E05,全电动,13.6,0,,0,3,97,50.1,0
2024-08-17,M-E06,全电动,18.6,0,,0,2,594,72.5,3
2024-08-17,M-E07,全电动,14.1,0,,0.1,2,547,62.6,1
2024-08-17,M-E08,全电动,14.4,0,,0,2,395,91.2,3
2024-08-17,M-E09,全电动,17.3,0,,0,4,166,127.7,2
2024-08-17,M-E10,全电动,14.8,0,,0,3,518,113.5,2
2024-08-17,M-E11,全电动,15.3,0,,0,1,353,120.7,3
2024-08-17,M-E12,全电动,15.6,0,,0,1,473,185.2,0
2024-08-17,M-E13,全电动,15.1,0,,0,3,463,168.4,4
2024-08-17,M-O01,油压,13.700000000000001,2.9,模具问题,0,2,101,232.2,0
2024-08-17,M-O02,油压,15.4,0,,0,2,323,265.4,4
2024-08-17,M-O03,油压,15.9,0,,0,2,408,327.2,1
2024-08-17,M-O04,油压,16.2,0,,0,3,516,459.6,2
2024-08-17,M-O05,油压,16.2,0,,0,3,415,382.0,2
2024-08-17,M-O06,油压,18.9,0,,0.1,1,520,534.8,4
2024-08-17,M-O07,油压,15.8,0,,0,2,510,482.7,2
2024-08-17,M-O08,油压,17.1,0,,0.3,2,599,872.8,2
2024-08-17,M-O09,油压,15.3,0,,0,2,241,905.5,3
2024-08-17,M-D01,双色旋转,18.4,0,,0,4,455,146.9,3
2024-08-17,M-D02,双色旋转,18.0,0,,0.2,3,481,625.7,1
2024-08-17,M-D03,双色旋转,18.4,0,,0,3,359,692.3,0
2024-08-17,M-T01,两板,17.8,0,,0,2,466,46.5,1
2024-08-17,M-T02,两板,16.2,0,,0,2,534,466.6,3
2024-08-17,M-T03,两板,13.6,0,,0,1,218,661.4,1
2024-08-17,M-T04,两板,17.1,0,,0,2,523,1204.1,0
2024-08-18,M-E01,全电动,14.9,0,,0.2,4,328,27.1,1
2024-08-18,M-E02,全电动,16.7,0,,0,3,186,34.7,2
2024-08-18,M-E03,全电动,14.6,0,,0,3,89,37.1,1
2024-08-18,M-E04,全电动,16.1,0,,0.5,2,561,38.0,0
2024-08-18,M-E05,全电动,13.1,0,,0,2,475,54.4,2
2024-08-18,M-E06,全电动,15.8,0,,0,2,131,59.6,0
2024-08-18,M-E07,全电动,17.8,0,,0,2,105,90.5,2
2024-08-18,M-E08,全电动,18.8,0,,0,2,153,126.5,4
2024-08-18,M-E09,全电动,17.9,0,,0,2,383,125.2,3
2024-08-18,M-E10,全电动,17.9,0,,0.3,4,472,151.2,1
2024-08-18,M-E11,全电动,17.2,0,,0,1,511,127.7,3
2024-08-18,M-E12,全电动,15.0,0,,0,3,572,173.6,2
2024-08-18,M-E13,全电动,18.1,0,,0,2,103,237.8,1
2024-08-18,M-O01,油压,15.2,0,,0,2,484,175.3,0
2024-08-18,M-O02,油压,17.1,0,,0,3,573,293.3,2
2024-08-18,M-O03,油压,16.1,0,,0,3,191,303.8,2
2024-08-18,M-O04,油压,15.7,0,,0,2,112,410.2,4
2024-08-18,M-O05,油压,15.9,0,,0,2,124,389.6,2
2024-08-18,M-O06,油压,17.1,0,,0,1,500,635.1,4
2024-08-18,M-O07,油压,13.5,0,,0,3,209,576.9,2
2024-08-18,M-O08,油压,16.3,0,,0,1,300,742.3,0
2024-08-18,M-O09,油压,18.6,0,,0,2,293,1076.9,0
2024-08-18,M-D01,双色旋转,15.2,0,,0,1,338,138.1,4
2024-08-18,M-D02,双色旋转,16.3,0,,0,1,578,493.1,3
2024-08-18,M-D03,双色旋转,12.2,2.9,加热系统,0,2,123,434.5,4
2024-08-18,M-T01,两板,18.3,0,,0,2,304,68.9,3
2024-08-18,M-T02,两板,14.1,0,,0,2,464,392.1,1
2024-08-18,M-T03,两板,15.6,0,,0.4,1,306,906.1,3
2024-08-18,M-T04,两板,16.0,0,,0,1,449,1338.3,0
2024-08-19,M-E01,全电动,13.9,0,,0,1,283,26.8,1
2024-08-19,M-E02,全电动,13.9,0,,0,1,452,27.2,2
2024-08-19,M-E03,全电动,16.8,0,,0,1,271,41.2,0
2024-08-19,M-E04,全电动,14.6,0,,0,2,320,40.5,2
2024-08-19,M-E05,全电动,17.8,0,,0,2,156,77.5,1
2024-08-19,M-E06,全电动,16.2,0,,0.3,2,253,58.7,0
2024-08-19,M-E07,全电动,14.3,0,,0,2,155,78.4,1
2024-08-19,M-E08,全电动,14.5,0,,0,1,96,89.5,2
2024-08-19,M-E09,全电动,15.9,0,,0,2,211,98.2,0
2024-08-19,M-E10,全电动,14.0,0,,0,2,585,103.5,1
2024-08-19,M-E11,全电动,17.3,0,,0,2,514,142.2,4
2024-08-19,M-E12,全电动,18.8,0,,0,2,378,196.1,0
2024-08-19,M-E13,全电动,17.7,0,,0.0,2,310,187.2,3
2024-08-19,M-O01,油压,17.1,0,,0,2,340,258.5,2
2024-08-19,M-O02,油压,15.3,0,,0.2,2,567,262.1,1
2024-08-19,M-O03,油压,13.6,0,,0,2,393,268.0,3
2024-08-19,M-O04,油压,15.3,0,,0,2,125,321.4,4
2024-08-19,M-O05,油压,17.7,0,,0,1,272,506.2,1
2024-08-19,M-O06,油压,17.0,0,,0,3,505,488.7,2
2024-08-19,M-O07,油压,15.0,0,,0,3,255,542.3,4
2024-08-19,M-O08,油压,13.8,0,,0,1,519,496.1,4
2024-08-19,M-O09,油压,14.2,0,,0,2,251,849.7,1
2024-08-19,M-D01,双色旋转,18.2,0,,0.1,4,165,164.2,0
2024-08-19,M-D02,双色旋转,14.6,0,,0,1,125,379.1,2
2024-08-19,M-D03,双色旋转,13.4,0,,0,4,326,374.5,0
2024-08-19,M-T01,两板,17.6,0,,0.4,2,460,53.0,0
2024-08-19,M-T02,两板,17.6,0,,0,2,100,416.8,3
2024-08-19,M-T03,两板,16.0,0,,0.4,5,180,814.2,3
2024-08-19,M-T04,两板,16.0,0,,0.2,1,391,1472.3,0
2024-08-20,M-E01,全电动,15.9,0,,0,1,280,29.7,1
2024-08-20,M-E02,全电动,13.6,0,,0,3,306,21.6,1
2024-08-20,M-E03,全电动,15.4,0,,0,2,531,49.1,2
2024-08-20,M-E04,全电动,14.7,0,,0.0,2,425,41.1,2
2024-08-20,M-E05,全电动,16.6,0,,0,1,558,64.4,3
2024-08-20,M-E06,全电动,16.8,0,,0,2,474,69.9,3
2024-08-20,M-E07,全电动,18.8,0,,0.5,1,169,86.0,4
2024-08-20,M-E08,全电动,13.9,1.0,电气故障,0,2,232,71.1,3
2024-08-20,M-E09,全电动,19.0,0,,0,3,564,152.6,1
2024-08-20,M-E10,全电动,14.1,0,,0,3,530,124.9,1
2024-08-20,M-E11,全电动,16.6,0,,0,3,203,164.4,3
2024-08-20,M-E12,全电动,17.4,0,,0,2,521,151.7,4
2024-08-20,M-E13,全电动,18.4,0,,0,2,261,210.7,2
2024-08-20,M-O01,油压,18.3,0,,0,3,525,242.7,1
2024-08-20,M-O02,油压,13.3,0,,0,3,126,232.2,1
2024-08-20,M-O03,油压,16.7,0,,0,2,323,337.7,0
2024-08-20,M-O04,油压,18.1,0,,0,1,536,426.1,3
2024-08-20,M-O05,油压,13.9,0,,0.0,2,193,347.4,4
2024-08-20,M-O06,油压,18.5,0,,0,1,250,671.7,4
2024-08-20,M-O07,油压,18.9,0,,0,1,89,739.1,1
2024-08-20,M-O08,油压,14.9,0,,0,3,382,740.8,0
2024-08-20,M-O09,油压,13.9,0,,0,3,337,580.2,1
2024-08-20,M-D01,双色旋转,15.6,0,,0,1,420,140.5,1
2024-08-20,M-D02,双色旋转,18.7,0,,0,2,251,537.8,1
2024-08-20,M-D03,双色旋转,13.4,0,,0,4,172,443.1,0
2024-08-20,M-T01,两板,13.9,0,,0.5,3,361,34.8,2
2024-08-20,M-T02,两板,15.3,0,,0,1,166,348.5,2
2024-08-20,M-T03,两板,16.0,0,,0,3,92,769.7,3
2024-08-20,M-T04,两板,14.6,0,,0,2,592,1234.2,1
2024-08-21,M-E01,全电动,17.3,0,,0,1,496,38.0,3
2024-08-21,M-E02,全电动,18.8,0,,0,3,428,38.7,0
2024-08-21,M-E03,全电动,17.8,0,,0,1,528,60.3,4
2024-08-21,M-E04,全电动,16.7,0,,0.2,3,523,38.4,2
2024-08-21,M-E05,全电动,19.0,0,,0,1,464,86.1,3
2024-08-21,M-E06,全电动,17.7,0,,0,3,340,64.4,1
2024-08-21,M-E07,全电动,14.8,0,,0.2,2,283,72.7,4
2024-08-21,M-E08,全电动,14.3,0,,0,2,217,75.6,2
2024-08-21,M-E09,全电动,17.7,0,,0,2,226,144.8,4
2024-08-21,M-E10,全电动,14.2,0,,0,3,391,113.0,1
2024-08-21,M-E11,全电动,18.9,0,,0.3,3,252,191.4,1
2024-08-21,M-E12,全电动,18.2,0,,0,1,550,214.7,1
2024-08-21,M-E13,全电动,18.7,0,,0,1,268,218.3,1
2024-08-21,M-O01,油压,17.8,0,,0,1,184,248.0,1
2024-08-21,M-O02,油压,11.7,3.2,模具问题,0,2,304,192.4,3
2024-08-21,M-O03,油压,18.1,0,,0.1,2,127,402.5,3
2024-08-21,M-O04,油压,13.0,0,,0,3,85,284.6,2
2024-08-21,M-O05,油压,16.6,0,,0,2,298,407.4,2
2024-08-21,M-O06,油压,13.7,0,,0,1,188,404.4,4
2024-08-21,M-O07,油压,16.1,0,,0,3,92,701.9,0
2024-08-21,M-O08,油压,14.9,0,,0.2,3,502,744.3,0
2024-08-21,M-O09,油压,15.3,0,,0.2,1,354,904.5,3
2024-08-21,M-D01,双色旋转,16.0,0,,0.3,3,499,130.1,2
2024-08-21,M-D02,双色旋转,17.7,0,,0,3,87,551.7,3
2024-08-21,M-D03,双色旋转,17.5,0,,0,2,474,615.8,2
2024-08-21,M-T01,两板,15.0,0,,0,2,599,51.8,1
2024-08-21,M-T02,两板,17.3,0,,0,3,407,401.4,2
2024-08-21,M-T03,两板,14.1,0,,0,2,547,921.0,2
2024-08-21,M-T04,两板,17.1,0,,0,2,159,1398.2,3
2024-08-22,M-E01,全电动,16.8,0,,0,3,269,25.6,2
2024-08-22,M-E02,全电动,16.7,0,,0.1,1,369,28.4,3
2024-08-22,M-E03,全电动,14.5,0,,0,1,309,46.7,2
2024-08-22,M-E04,全电动,13.0,0,,0,1,148,35.4,0
2024-08-22,M-E05,全电动,15.7,0,,0.3,3,165,64.9,4
2024-08-22,M-E06,全电动,17.8,0,,0.1,3,562,73.8,1
2024-08-22,M-E07,全电动,17.7,0,,0,1,485,87.5,0
2024-08-22,M-E08,全电动,17.5,0,,0,3,183,106.0,4
2024-08-22,M-E09,全电动,18.2,0,,0,3,432,104.4,4
2024-08-22,M-E10,全电动,17.3,0,,0,1,176,141.2,3
2024-08-22,M-E11,全电动,14.6,0,,0,2,151,135.9,2
2024-08-22,M-E12,全电动,16.9,0,,0,2,540,149.4,1
2024-08-22,M-E13,全电动,16.7,0,,0,3,114,162.8,2
2024-08-22,M-O01,油压,14.2,0,,0,1,91,209.4,2
2024-08-22,M-O02,油压,18.4,0,,0,3,132,336.3,1
2024-08-22,M-O03,油压,14.5,0,,0,2,232,225.9,0
2024-08-22,M-O04,油压,18.9,0,,0,1,576,521.7,0
2024-08-22,M-O05,油压,17.2,0,,0,2,179,420.8,2
2024-08-22,M-O06,油压,14.3,0,,0,1,366,451.5,0
2024-08-22,M-O07,油压,18.7,0,,0,2,411,719.6,4
2024-08-22,M-O08,油压,17.5,0,,0.5,1,415,840.9,0
2024-08-22,M-O09,油压,15.3,0,,0,2,115,711.5,4
2024-08-22,M-D01,双色旋转,16.5,0,,0,1,219,164.7,4
2024-08-22,M-D02,双色旋转,16.6,0,,0,3,160,485.6,1
2024-08-22,M-D03,双色旋转,18.6,0,,0,4,437,606.0,0
2024-08-22,M-T01,两板,18.9,0,,0,1,468,69.1,3
2024-08-22,M-T02,两板,15.7,0,,0,3,355,425.8,1
2024-08-22,M-T03,两板,13.7,0,,0,2,210,653.6,2
2024-08-22,M-T04,两板,15.6,0,,0.3,3,100,1465.8,4
2024-08-23,M-E01,全电动,14.0,0,,0,1,423,27.6,3
2024-08-23,M-E02,全电动,16.0,0,,0,2,577,32.7,3
2024-08-23,M-E03,全电动,15.5,0,,0,2,248,51.1,0
2024-08-23,M-E04,全电动,16.9,0,,0,1,111,46.4,2
2024-08-23,M-E05,全电动,17.1,0,,0,3,269,73.3,2
2024-08-23,M-E06,全电动,18.3,0,,0,2,247,69.9,3
2024-08-23,M-E07,全电动,14.2,0,,0,3,556,70.5,1
2024-08-23,M-E08,全电动,15.0,0,,0.3,2,350,88.1,4
2024-08-23,M-E09,全电动,14.7,0,,0,4,301,110.1,0
2024-08-23,M-E10,全电动,13.8,0,,0,3,315,97.1,1
2024-08-23,M-E11,全电动,13.6,0,,0.1,2,149,97.7,0
2024-08-23,M-E12,全电动,14.0,0,,0,2,355,147.5,2
2024-08-23,M-E13,全电动,17.3,0,,0.3,4,267,206.0,3
2024-08-23,M-O01,油压,14.2,0,,0,3,579,218.6,1
2024-08-23,M-O02,油压,18.7,0,,0.3,1,379,247.1,4
2024-08-23,M-O03,油压,16.1,0,,0,2,520,268.7,4
2024-08-23,M-O04,油压,15.1,0,,0,1,260,375.3,0
2024-08-23,M-O05,油压,15.9,0,,0.1,2,90,410.4,3
2024-08-23,M-O06,油压,17.1,0,,0,2,533,444.3,3
2024-08-23,M-O07,油压,18.2,0,,0,1,194,763.6,0
2024-08-23,M-O08,油压,14.3,0,,0,2,515,602.6,0
2024-08-23,M-O09,油压,18.1,0,,0.1,1,593,862.9,4
2024-08-23,M-D01,双色旋转,16.2,0,,0,2,310,161.7,2
2024-08-23,M-D02,双色旋转,11.8,2.7,加热系统,0,3,114,362.1,2
2024-08-23,M-D03,双色旋转,16.9,0,,0,1,489,557.1,3
2024-08-23,M-T01,两板,18.8,0,,0,3,85,62.3,4
2024-08-23,M-T02,两板,13.1,0,,0,1,452,365.1,4
2024-08-23,M-T03,两板,15.7,0,,0,3,119,850.1,2
2024-08-23,M-T04,两板,17.5,0,,0,2,542,1326.9,0
2024-08-24,M-E01,全电动,17.3,0,,0,4,339,35.4,3
2024-08-24,M-E02,全电动,14.8,0,,0,1,324,28.3,2
2024-08-24,M-E03,全电动,17.3,0,,0,3,294,47.9,0
2024-08-24,M-E04,全电动,17.8,0,,0,1,81,47.6,1
2024-08-24,M-E05,全电动,18.1,0,,0,3,446,55.8,1
2024-08-24,M-E06,全电动,14.1,0,,0,1,337,47.0,2
2024-08-24,M-E07,全电动,15.2,0,,0,2,337,57.2,3
2024-08-24,M-E08,全电动,14.999999999999998,2.9,加热系统,0,3,333,78.2,0
2024-08-24,M-E09,全电动,16.2,0,,0,1,205,131.2,4
2024-08-24,M-E10,全电动,14.4,0,,0,2,107,91.8,1
2024-08-24,M-E11,全电动,18.3,0,,0,2,101,178.2,3
2024-08-24,M-E12,全电动,17.4,0,,0.2,1,262,153.2,0
2024-08-24,M-E13,全电动,13.8,0,,0,1,281,143.1,2
2024-08-24,M-O01,油压,14.1,0,,0,1,393,227.5,1
2024-08-24,M-O02,油压,16.6,0,,0,1,412,282.2,2
2024-08-24,M-O03,油压,15.1,0,,0,2,436,288.6,2
2024-08-24,M-O04,油压,13.6,0,,0,2,87,328.1,3
2024-08-24,M-O05,油压,16.2,0,,0,2,523,488.9,4
2024-08-24,M-O06,油压,15.6,0,,0,3,415,582.2,1
2024-08-24,M-O07,油压,18.4,0,,0,1,418,793.0,4
2024-08-24,M-O08,油压,16.0,0,,0,4,357,666.4,4
2024-08-24,M-O09,油压,17.6,0,,0,2,341,803.2,3
2024-08-24,M-D01,双色旋转,13.7,0,,0,2,395,135.2,0
2024-08-24,M-D02,双色旋转,14.7,0,,0,1,450,402.7,1
2024-08-24,M-D03,双色旋转,17.7,0,,0,4,313,450.1,4
2024-08-24,M-T01,两板,14.5,0,,0,1,164,38.1,3
2024-08-24,M-T02,两板,14.2,0,,0,1,287,382.1,3
2024-08-24,M-T03,两板,14.5,0,,0,2,545,718.6,1
2024-08-24,M-T04,两板,18.7,0,,0.4,1,565,1300.4,2
2024-08-25,M-E01,全电动,18.5,0,,0,3,263,41.7,1
2024-08-25,M-E02,全电动,14.1,0,,0,2,362,25.6,2
2024-08-25,M-E03,全电动,15.3,0,,0,4,369,46.3,4
2024-08-25,M-E04,全电动,18.0,0,,0.0,3,356,40.9,2
2024-08-25,M-E05,全电动,13.9,0,,0,2,274,54.0,4
2024-08-25,M-E06,全电动,16.6,0,,0.2,2,293,50.5,3
2024-08-25,M-E07,全电动,14.9,0,,0,1,238,76.1,4
2024-08-25,M-E08,全电动,14.7,0,,0,4,352,98.4,2
2024-08-25,M-E09,全电动,14.7,0,,0,2,314,100.6,4
2024-08-25,M-E10,全电动,15.3,0,,0,2,337,97.1,2
2024-08-25,M-E11,全电动,15.0,0,,0.3,2,348,121.3,0
2024-08-25,M-E12,全电动,17.6,0,,0,1,278,143.1,4
2024-08-25,M-E13,全电动,18.0,0,,0,2,267,204.9,2
2024-08-25,M-O01,油压,17.5,0,,0,3,148,268.0,2
2024-08-25,M-O02,油压,18.7,0,,0,1,549,256.1,1
2024-08-25,M-O03,油压,15.7,0,,0,3,109,324.1,0
2024-08-25,M-O04,油压,15.0,0,,0,3,391,352.2,2
2024-08-25,M-O05,油压,16.3,0,,0.1,2,536,400.7,1
2024-08-25,M-O06,油压,13.5,0,,0,3,468,443.3,1
2024-08-25,M-O07,油压,14.4,0,,0,2,97,496.1,2
2024-08-25,M-O08,油压,14.0,0,,0,3,447,512.3,2
2024-08-25,M-O09,油压,17.6,0,,0,3,113,782.3,0
2024-08-25,M-D01,双色旋转,14.8,0,,0,3,406,132.4,1
2024-08-25,M-D02,双色旋转,18.7,0,,0,2,548,662.3,0
2024-08-25,M-D03,双色旋转,14.1,0,,0,5,103,410.0,0
2024-08-25,M-T01,两板,13.1,0,,0.2,2,192,47.2,2
2024-08-25,M-T02,两板,18.2,0,,0,2,115,414.6,2
2024-08-25,M-T03,两板,15.5,0,,0,1,285,831.4,0
2024-08-25,M-T04,两板,18.1,0,,0.5,3,270,1683.0,0
2024-08-26,M-E01,全电动,18.5,0,,0.0,1,152,34.7,1
2024-08-26,M-E02,全电动,13.2,0,,0,3,488,24.3,3
2024-08-26,M-E03,全电动,15.4,0,,0,1,323,39.3,4
2024-08-26,M-E04,全电动,15.2,0,,0.5,2,120,49.8,3
2024-08-26,M-E05,全电动,17.3,0,,0,2,248,56.2,2
2024-08-26,M-E06,全电动,18.0,0,,0,3,151,72.6,1
2024-08-26,M-E07,全电动,14.100000000000001,1.7,传感器异常,0.0,2,150,75.6,3
2024-08-26,M-E08,全电动,13.799999999999999,3.6,电气故障,0,2,210,66.2,2
2024-08-26,M-E09,全电动,16.9,0,,0,3,208,116.6,1
2024-08-26,M-E10,全电动,14.0,0,,0,3,424,124.1,4
2024-08-26,M-E11,全电动,14.3,0,,0,1,442,119.1,0
2024-08-26,M-E12,全电动,17.1,0,,0,2,572,137.0,1
2024-08-26,M-E13,全电动,13.7,0,,0,2,277,152.8,3
2024-08-26,M-O01,油压,16.9,1.0,模具问题,0,1,443,212.0,1
2024-08-26,M-O02,油压,16.6,0,,0.3,1,420,265.2,2
2024-08-26,M-O03,油压,10.8,2.5,液压系统,0,2,162,238.3,3
2024-08-26,M-O04,油压,17.0,0,,0,1,378,330.7,1
2024-08-26,M-O05,油压,16.3,0,,0,2,530,415.5,4
2024-08-26,M-O06,油压,13.7,0,,0,2,197,387.0,1
2024-08-26,M-O07,油压,18.4,0,,0.2,1,513,838.2,0
2024-08-26,M-O08,油压,18.0,0,,0,1,176,860.6,4
2024-08-26,M-O09,油压,18.7,0,,0,1,99,843.5,2
2024-08-26,M-D01,双色旋转,13.4,0,,0,3,544,130.0,3
2024-08-26,M-D02,双色旋转,18.9,0,,0,2,507,629.2,1
2024-08-26,M-D03,双色旋转,15.4,0,,0,3,397,393.7,0
2024-08-26,M-T01,两板,17.9,0,,0.1,3,231,67.8,0
2024-08-26,M-T02,两板,17.2,0,,0,2,576,422.1,1
2024-08-26,M-T03,两板,13.1,0,,0,3,230,618.7,4
2024-08-26,M-T04,两板,14.2,0,,0,2,529,1173.4,2
2024-08-27,M-E01,全电动,13.7,0,,0,1,112,28.6,2
2024-08-27,M-E02,全电动,16.1,0,,0,1,569,26.9,4
2024-08-27,M-E03,全电动,14.1,0,,0,2,244,44.9,1
2024-08-27,M-E04,全电动,13.6,0,,0,3,394,33.1,3
2024-08-27,M-E05,全电动,14.1,0,,0,3,379,42.6,3
2024-08-27,M-E06,全电动,16.6,0,,0,2,149,73.2,2
2024-08-27,M-E07,全电动,17.5,0,,0,2,374,94.2,2
2024-08-27,M-E08,全电动,13.6,0,,0,3,527,66.4,3
2024-08-27,M-E09,全电动,15.5,0,,0,2,536,93.5,0
2024-08-27,M-E10,全电动,14.7,0,,0.2,1,324,114.8,2
2024-08-27,M-E11,全电动,16.8,0,,0,3,312,149.7,1
2024-08-27,M-E12,全电动,16.4,0,,0,3,439,151.3,1
2024-08-27,M-E13,全电动,14.8,0,,0.0,1,515,158.7,3
2024-08-27,M-O01,油压,14.7,0,,0.4,1,502,193.9,1
2024-08-27,M-O02,油压,14.3,0,,0,3,525,238.0,1
2024-08-27,M-O03,油压,14.5,0,,0,1,409,228.8,2
2024-08-27,M-O04,油压,16.7,0,,0,1,506,415.5,3
2024-08-27,M-O05,油压,17.6,0,,0,1,260,490.5,1
2024-08-27,M-O06,油压,13.2,0,,0,2,203,336.3,3
2024-08-27,M-O07,油压,14.8,0,,0.2,4,327,482.6,3
2024-08-27,M-O08,油压,18.5,0,,0,2,561,696.4,2
2024-08-27,M-O09,油压,18.5,0,,0,1,426,894.6,0
2024-08-27,M-D01,双色旋转,15.700000000000001,0.9,电气故障,0,2,542,122.5,3
2024-08-27,M-D02,双色旋转,13.3,0,,0.3,2,320,382.5,2
2024-08-27,M-D03,双色旋转,13.3,0,,0.4,3,438,394.2,3
2024-08-27,M-T01,两板,14.4,0,,0,2,354,47.3,3
2024-08-27,M-T02,两板,15.8,0,,0,1,193,364.8,0
2024-08-27,M-T03,两板,15.8,0,,0,3,575,842.2,4
2024-08-27,M-T04,两板,17.8,0,,0,3,80,1426.7,1
2024-08-28,M-E01,全电动,16.8,0,,0,1,179,26.5,1
2024-08-28,M-E02,全电动,15.6,0,,0,3,556,28.8,2
2024-08-28,M-E03,全电动,14.4,0,,0.5,4,87,43.5,3
2024-08-28,M-E04,全电动,16.7,0,,0,1,81,50.0,4
2024-08-28,M-E05,全电动,16.7,0,,0,1,468,55.9,0
2024-08-28,M-E06,全电动,15.2,0,,0,2,396,50.4,1
2024-08-28,M-E07,全电动,18.1,0,,0,2,260,91.8,4
2024-08-28,M-E08,全电动,13.8,0,,0,2,412,83.6,2
2024-08-28,M-E09,全电动,14.8,0,,0,3,598,83.2,3
2024-08-28,M-E10,全电动,15.8,0,,0,1,582,121.9,1
2024-08-28,M-E11,全电动,13.2,0,,0,2,363,127.1,1
2024-08-28,M-E12,全电动,14.8,0,,0.2,2,360,125.2,2
2024-08-28,M-E13,全电动,18.6,0,,0,2,570,213.3,0
2024-08-28,M-O01,油压,13.1,0,,0.4,1,462,159.6,3
2024-08-28,M-O02,油压,16.9,0,,0,3,100,225.2,4
2024-08-28,M-O03,油压,14.4,0,,0,2,435,267.6,3
2024-08-28,M-O04,油压,15.8,0,,0,2,219,417.0,1
2024-08-28,M-O05,油压,13.9,0,,0,1,398,335.1,0
2024-08-28,M-O06,油压,15.6,0,,0,1,503,412.1,3
2024-08-28,M-O07,油压,14.5,0,,0.3,1,591,565.3,1
2024-08-28,M-O08,油压,18.3,0,,0,2,427,773.8,4
2024-08-28,M-O09,油压,12.8,2.5,模具问题,0.1,4,524,776.7,3
2024-08-28,M-D01,双色旋转,17.8,0,,0.3,2,111,126.3,0
2024-08-28,M-D02,双色旋转,13.4,0,,0.2,1,488,346.9,0
2024-08-28,M-D03,双色旋转,14.2,0,,0,1,196,466.0,1
2024-08-28,M-T01,两板,15.8,0,,0,4,468,44.3,1
2024-08-28,M-T02,两板,16.8,0,,0,1,84,427.1,4
2024-08-28,M-T03,两板,13.6,0,,0,1,388,715.6,3
2024-08-28,M-T04,两板,16.9,0,,0,1,574,1396.2,3
2024-08-29,M-E01,全电动,15.6,0,,0.4,2,471,29.6,3
2024-08-29,M-E02,全电动,14.3,0,,0,2,544,28.8,1
2024-08-29,M-E03,全电动,13.799999999999999,1.4,传感器异常,0.2,1,464,40.2,4
2024-08-29,M-E04,全电动,17.2,0,,0,3,237,42.6,2
2024-08-29,M-E05,全电动,13.5,0,,0,1,421,57.3,3
2024-08-29,M-E06,全电动,15.4,0,,0,1,409,58.0,1
2024-08-29,M-E07,全电动,14.2,0,,0,1,126,68.3,1
2024-08-29,M-E08,全电动,15.2,0,,0,3,182,93.2,2
2024-08-29,M-E09,全电动,16.1,0,,0,1,504,104.1,3
2024-08-29,M-E10,全电动,16.9,0,,0,3,525,159.0,0
2024-08-29,M-E11,全电动,14.4,0,,0,2,283,101.8,0
2024-08-29,M-E12,全电动,13.5,0,,0,3,448,122.4,4
2024-08-29,M-E13,全电动,15.9,0,,0,1,412,173.2,3
2024-08-29,M-O01,油压,16.4,0,,0,1,364,215.6,0
2024-08-29,M-O02,油压,17.7,0,,0.3,2,515,327.7,2
2024-08-29,M-O03,油压,15.1,0,,0,2,244,252.4,4
2024-08-29,M-O04,油压,18.4,0,,0,2,88,477.5,2
2024-08-29,M-O05,油压,16.9,0,,0,3,482,387.2,0
2024-08-29,M-O06,油压,14.7,0,,0,2,249,423.5,2
2024-08-29,M-O07,油压,18.1,0,,0,2,219,673.5,0
2024-08-29,M-O08,油压,13.8,0,,0,2,514,704.1,3
2024-08-29,M-O09,油压,13.3,0,,0,3,242,646.8,4
2024-08-29,M-D01,双色旋转,14.2,0,,0.5,1,390,119.7,0
2024-08-29,M-D02,双色旋转,13.4,0,,0.4,1,385,438.5,0
2024-08-29,M-D03,双色旋转,15.6,0,,0,2,333,428.6,2
2024-08-29,M-T01,两板,18.3,0,,0,2,296,67.8,4
2024-08-29,M-T02,两板,15.1,0,,0.4,3,138,441.6,0
2024-08-29,M-T03,两板,18.3,0,,0.3,1,254,1018.0,2
2024-08-29,M-T04,两板,16.6,0,,0,2,566,1519.0,4
2024-08-30,M-E01,全电动,15.0,0,,0.1,2,141,29.1,3
2024-08-30,M-E02,全电动,18.0,0,,0.1,3,590,37.9,4
2024-08-30,M-E03,全电动,14.8,0,,0,3,227,36.2,3
2024-08-30,M-E04,全电动,14.1,0,,0,2,576,38.2,2
2024-08-30,M-E05,全电动,18.6,0,,0,1,93,70.3,0
2024-08-30,M-E06,全电动,14.5,0,,0.0,1,501,62.1,4
2024-08-30,M-E07,全电动,15.9,0,,0.3,2,486,67.3,4
2024-08-30,M-E08,全电动,16.3,0,,0,2,517,89.9,0
2024-08-30,M-E09,全电动,17.4,0,,0,1,391,106.0,4
2024-08-30,M-E10,全电动,18.6,0,,0,3,97,160.3,4
2024-08-30,M-E11,全电动,15.8,0,,0,2,132,126.5,3
2024-08-30,M-E12,全电动,17.5,0,,0.4,2,361,177.4,0
2024-08-30,M-E13,全电动,13.0,0,,0,2,597,167.8,1
2024-08-30,M-O01,油压,14.0,0,,0,3,394,209.6,3
2024-08-30,M-O02,油压,14.6,0,,0,1,418,212.8,3
2024-08-30,M-O03,油压,16.5,0,,0,2,460,366.3,2
2024-08-30,M-O04,油压,14.3,0,,0,3,196,295.6,1
2024-08-30,M-O05,油压,16.8,0,,0,3,134,494.9,4
2024-08-30,M-O06,油压,17.6,1.4,传感器异常,0,2,119,551.4,3
2024-08-30,M-O07,油压,13.1,0,,0,3,100,502.1,1
2024-08-30,M-O08,油压,17.9,0,,0,1,83,659.2,4
2024-08-30,M-O09,油压,13.4,0,,0,1,393,542.3,4
2024-08-30,M-D01,双色旋转,15.1,0,,0,1,533,151.1,4
2024-08-30,M-D02,双色旋转,18.2,0,,0,3,421,500.7,0
2024-08-30,M-D03,双色旋转,14.3,0,,0,3,479,386.7,1
2024-08-30,M-T01,两板,13.5,0,,0,1,393,37.0,1
2024-08-30,M-T02,两板,16.7,0,,0,1,496,505.2,3
2024-08-30,M-T03,两板,17.9,0,,0,2,489,918.5,1
2024-08-30,M-T04,两板,13.5,0,,0,1,298,1129.7,2
2024-08-31,M-E01,全电动,13.8,0,,0,2,99,24.4,0
2024-08-31,M-E02,全电动,13.7,0,,0,1,298,21.5,2
2024-08-31,M-E03,全电动,14.2,0,,0.2,2,476,47.2,0
2024-08-31,M-E04,全电动,16.7,0,,0,3,396,43.8,3
2024-08-31,M-E05,全电动,16.7,0,,0,1,318,73.5,2
2024-08-31,M-E06,全电动,13.4,0,,0,2,265,45.7,3
2024-08-31,M-E07,全电动,15.0,0,,0,2,282,57.1,2
2024-08-31,M-E08,全电动,13.6,0,,0,1,579,71.7,0
2024-08-31,M-E09,全电动,16.2,0,,0.4,2,188,128.2,2
2024-08-31,M-E10,全电动,13.5,0,,0,2,182,114.8,2
2024-08-31,M-E11,全电动,15.2,0,,0,2,361,135.1,2
2024-08-31,M-E12,全电动,17.7,0,,0,2,485,148.3,3
2024-08-31,M-E13,全电动,16.2,0,,0,3,337,214.9,1
2024-08-31,M-O01,油压,17.6,0,,0.2,2,211,255.5,4
2024-08-31,M-O02,油压,13.6,0,,0,2,349,242.5,0
2024-08-31,M-O03,油压,16.7,0,,0,1,369,294.8,4
2024-08-31,M-O04,油压,10.899999999999999,2.2,传感器异常,0,1,153,284.5,2
2024-08-31,M-O05,油压,15.6,0,,0,1,535,490.6,2
2024-08-31,M-O06,油压,15.2,0,,0,3,167,477.4,1
2024-08-31,M-O07,油压,14.5,0,,0.1,3,246,483.6,1
2024-08-31,M-O08,油压,15.4,0,,0,2,589,709.1,2
2024-08-31,M-O09,油压,16.7,0,,0.4,1,143,832.3,1
2024-08-31,M-D01,双色旋转,17.7,0,,0,1,433,124.5,0
2024-08-31,M-D02,双色旋转,15.5,0,,0,2,539,448.5,0
2024-08-31,M-D03,双色旋转,16.1,0,,0.1,2,299,406.6,1
2024-08-31,M-T01,两板,15.2,0,,0,2,495,56.2,2
2024-08-31,M-T02,两板,14.0,0,,0.4,1,450,396.3,4
2024-08-31,M-T03,两板,14.5,0,,0,1,164,957.1,3
2024-08-31,M-T04,两板,14.6,0,,0,1,88,1215.0,4
2024-09-01,M-E01,全电动,14.0,0,,0,3,210,24.7,1
2024-09-01,M-E02,全电动,13.0,0,,0,2,599,28.8,0
2024-09-01,M-E03,全电动,17.5,0,,0,1,223,40.6,1
2024-09-01,M-E04,全电动,18.7,0,,0,2,153,45.4,4
2024-09-01,M-E05,全电动,17.7,0,,0,3,136,77.4,1
2024-09-01,M-E06,全电动,17.0,0,,0,3,169,75.9,2
2024-09-01,M-E07,全电动,14.4,0,,0,1,432,59.1,1
2024-09-01,M-E08,全电动,13.6,0,,0,2,527,87.6,1
2024-09-01,M-E09,全电动,15.2,0,,0.2,2,485,95.8,0
2024-09-01,M-E10,全电动,14.4,0,,0,2,153,134.1,2
2024-09-01,M-E11,全电动,16.9,0,,0.2,3,495,172.2,3
2024-09-01,M-E12,全电动,14.4,0,,0,1,374,161.2,3
2024-09-01,M-E13,全电动,13.1,0,,0,1,503,156.2,1
2024-09-01,M-O01,油压,15.6,0,,0,2,327,229.2,1
2024-09-01,M-O02,油压,15.8,0,,0,3,370,284.8,0
2024-09-01,M-O03,油压,16.9,0,,0,3,518,347.7,0
2024-09-01,M-O04,油压,17.0,0,,0,2,333,321.9,2
2024-09-01,M-O05,油压,15.5,0,,0,2,229,486.3,4
2024-09-01,M-O06,油压,16.7,0,,0,2,191,465.2,3
2024-09-01,M-O07,油压,14.1,0,,0,4,172,463.8,4
2024-09-01,M-O08,油压,17.7,0,,0,2,448,918.0,0
2024-09-01,M-O09,油压,17.1,0,,0,2,523,778.1,4
2024-09-01,M-D01,双色旋转,18.3,0,,0,2,378,178.2,1
2024-09-01,M-D02,双色旋转,15.7,0,,0,3,528,595.5,4
2024-09-01,M-D03,双色旋转,14.2,0,,0.5,3,342,405.2,3
2024-09-01,M-T01,两板,18.6,0,,0,2,215,53.6,0
2024-09-01,M-T02,两板,15.9,0,,0,3,125,320.2,1
2024-09-01,M-T03,两板,15.400000000000002,2.7,传感器异常,0.3,2,510,732.2,3
2024-09-01,M-T04,两板,17.3,0,,0,3,414,1336.2,2
2024-09-02,M-E01,全电动,14.9,0,,0,1,84,25.2,4
2024-09-02,M-E02,全电动,15.000000000000002,1.6,液压系统,0,2,483,32.7,0
2024-09-02,M-E03,全电动,18.1,0,,0,2,590,52.1,4
2024-09-02,M-E04,全电动,13.3,0,,0,2,472,31.5,3
2024-09-02,M-E05,全电动,14.5,0,,0,2,306,53.0,0
2024-09-02,M-E06,全电动,15.9,0,,0,1,398,52.5,2
2024-09-02,M-E07,全电动,17.3,0,,0.4,3,283,72.4,4
2024-09-02,M-E08,全电动,14.7,0,,0,2,188,94.5,0
2024-09-02,M-E09,全电动,13.2,0,,0,3,557,75.5,1
2024-09-02,M-E10,全电动,15.4,0,,0,1,417,142.7,3
2024-09-02,M-E11,全电动,16.7,0,,0,3,219,132.0,2
2024-09-02,M-E12,全电动,14.6,0,,0,1,183,163.7,3
2024-09-02,M-E13,全电动,16.8,0,,0,2,322,208.2,3
2024-09-02,M-O01,油压,13.1,0,,0,4,276,207.1,0
2024-09-02,M-O02,油压,14.7,0,,0,2,163,188.2,4
2024-09-02,M-O03,油压,13.8,0,,0,3,509,221.1,4
2024-09-02,M-O04,油压,18.5,0,,0,2,157,463.2,3
2024-09-02,M-O05,油压,18.3,0,,0,3,462,581.3,2
2024-09-02,M-O06,油压,14.2,0,,0.5,2,453,399.5,4
2024-09-02,M-O07,油压,17.5,0,,0.2,1,510,776.8,3
2024-09-02,M-O08,油压,17.4,0,,0.4,1,183,708.1,3
2024-09-02,M-O09,油压,13.4,0,,0.0,5,542,580.1,1
2024-09-02,M-D01,双色旋转,16.9,0,,0.4,2,592,136.8,1
2024-09-02,M-D02,双色旋转,13.4,0,,0,3,519,455.6,0
2024-09-02,M-D03,双色旋转,13.6,0,,0,2,408,507.6,2
2024-09-02,M-T01,两板,15.2,0,,0,1,118,56.5,4
2024-09-02,M-T02,两板,17.1,0,,0,4,485,502.0,0
2024-09-02,M-T03,两板,15.7,0,,0,2,202,911.5,0
2024-09-02,M-T04,两板,13.7,0,,0,1,224,1165.6,4
2024-09-03,M-E01,全电动,13.3,0,,0,2,109,27.1,2
2024-09-03,M-E02,全电动,13.7,0,,0,3,326,25.4,2
2024-09-03,M-E03,全电动,18.7,0,,0,2,260,53.6,3
2024-09-03,M-E04,全电动,13.8,0,,0,3,434,37.9,3
2024-09-03,M-E05,全电动,13.3,0,,0,1,574,52.9,4
2024-09-03,M-E06,全电动,13.7,0,,0,2,131,52.4,2
2024-09-03,M-E07,全电动,11.5,2.9,传感器异常,0,3,278,61.4,2
2024-09-03,M-E08,全电动,19.0,0,,0,2,584,106.8,4
2024-09-03,M-E09,全电动,19.0,0,,0.4,2,429,157.2,4
2024-09-03,M-E10,全电动,15.5,0,,0,2,561,123.0,3
2024-09-03,M-E11,全电动,18.9,0,,0,2,182,153.7,2
2024-09-03,M-E12,全电动,17.9,0,,0,3,520,209.9,0
2024-09-03,M-E13,全电动,14.4,0,,0,1,116,139.5,2
2024-09-03,M-O01,油压,13.7,0,,0,4,365,157.2,2
2024-09-03,M-O02,油压,15.1,0,,0,2,417,223.7,3
2024-09-03,M-O03,油压,16.7,0,,0,3,181,344.9,3
2024-09-03,M-O04,油压,14.1,0,,0,2,383,334.8,1
2024-09-03,M-O05,油压,13.0,0,,0,2,351,328.6,4
2024-09-03,M-O06,油压,15.0,0,,0,3,282,563.9,0
2024-09-03,M-O07,油压,17.3,0,,0,3,143,770.0,4
2024-09-03,M-O08,油压,13.3,0,,0.4,2,587,563.7,2
2024-09-03,M-O09,油压,18.4,0,,0.4,1,212,982.4,0
2024-09-03,M-D01,双色旋转,15.1,0,,0.1,2,356,157.7,0
2024-09-03,M-D02,双色旋转,17.8,0,,0,2,436,512.3,1
2024-09-03,M-D03,双色旋转,14.0,0,,0,1,279,482.1,0
2024-09-03,M-T01,两板,14.9,0,,0,2,289,46.4,2
2024-09-03,M-T02,两板,16.4,0,,0,1,343,492.9,2
2024-09-03,M-T03,两板,14.0,0,,0,1,262,782.6,4
2024-09-03,M-T04,两板,17.6,0,,0,2,379,1505.6,1
2024-09-04,M-E01,全电动,19.0,0,,0,3,325,31.6,4
2024-09-04,M-E02,全电动,16.0,0,,0,3,380,30.5,2
2024-09-04,M-E03,全电动,17.7,0,,0,1,261,52.1,3
2024-09-04,M-E04,全电动,18.0,0,,0,2,116,43.3,2
2024-09-04,M-E05,全电动,18.6,0,,0,2,195,84.1,3
2024-09-04,M-E06,全电动,15.3,0,,0,3,467,55.3,4
2024-09-04,M-E07,全电动,18.6,0,,0,1,190,91.6,0
2024-09-04,M-E08,全电动,16.3,0,,0,4,410,93.2,2
2024-09-04,M-E09,全电动,18.7,0,,0,2,196,115.9,0
2024-09-04,M-E10,全电动,16.4,0,,0.2,1,149,144.3,4
2024-09-04,M-E11,全电动,14.0,0,,0.3,1,491,146.3,1
2024-09-04,M-E12,全电动,16.4,0,,0,1,297,133.7,2
2024-09-04,M-E13,全电动,13.2,0,,0,2,307,160.4,1
2024-09-04,M-O01,油压,14.3,0,,0,3,541,168.1,1
2024-09-04,M-O02,油压,14.2,0,,0,2,590,263.8,2
2024-09-04,M-O03,油压,15.4,0,,0,3,89,252.4,1
2024-09-04,M-O04,油压,16.5,0,,0,2,470,452.8,0
2024-09-04,M-O05,油压,16.3,0,,0,4,378,514.9,0
2024-09-04,M-O06,油压,13.6,0,,0,2,585,493.5,1
2024-09-04,M-O07,油压,16.9,0,,0,3,300,609.4,3
2024-09-04,M-O08,油压,15.7,0,,0,3,164,815.8,0
2024-09-04,M-O09,油压,14.2,0,,0,2,318,704.4,2
2024-09-04,M-D01,双色旋转,17.1,0,,0,2,501,134.3,4
2024-09-04,M-D02,双色旋转,13.8,0,,0.4,3,494,379.9,0
2024-09-04,M-D03,双色旋转,13.7,0,,0,1,144,405.9,4
2024-09-04,M-T01,两板,18.4,0,,0,2,289,54.1,3
2024-09-04,M-T02,两板,15.2,0,,0,3,201,417.9,4
2024-09-04,M-T03,两板,15.2,0,,0,3,135,1018.7,2
2024-09-04,M-T04,两板,13.2,0,,0,2,433,906.0,3
2024-09-05,M-E01,全电动,17.3,0,,0,3,271,39.4,4
2024-09-05,M-E02,全电动,13.3,0,,0,2,560,24.2,3
2024-09-05,M-E03,全电动,16.6,0,,0,1,599,49.9,3
2024-09-05,M-E04,全电动,17.5,0,,0.3,1,552,42.3,3
2024-09-05,M-E05,全电动,16.1,0,,0,2,377,67.1,2
2024-09-05,M-E06,全电动,10.4,3.5,传感器异常,0,5,526,39.5,0
2024-09-05,M-E07,全电动,16.6,0,,0,2,560,69.0,4
2024-09-05,M-E08,全电动,17.7,0,,0,2,268,118.9,1
2024-09-05,M-E09,全电动,13.2,0,,0,1,338,87.3,3
2024-09-05,M-E10,全电动,13.8,0,,0.3,4,410,100.7,2
2024-09-05,M-E11,全电动,15.7,0,,0,1,547,139.5,1
2024-09-05,M-E12,全电动,18.8,0,,0,2,512,171.0,1
2024-09-05,M-E13,全电动,14.7,0,,0,2,110,151.4,4
2024-09-05,M-O01,油压,14.1,0,,0,1,481,169.3,0
2024-09-05,M-O02,油压,18.4,0,,0,2,250,349.0,0
2024-09-05,M-O03,油压,14.4,0,,0,1,152,222.1,0
2024-09-05,M-O04,油压,13.0,0,,0.1,1,219,253.7,1
2024-09-05,M-O05,油压,13.5,0,,0,1,571,351.2,3
2024-09-05,M-O06,油压,13.9,0,,0.2,2,567,349.3,3
2024-09-05,M-O07,油压,14.1,0,,0,2,566,560.3,2
2024-09-05,M-O08,油压,15.1,0,,0,3,105,530.5,0
2024-09-05,M-O09,油压,15.7,0,,0,2,354,637.2,1
2024-09-05,M-D01,双色旋转,18.9,0,,0,3,594,173.5,1
2024-09-05,M-D02,双色旋转,15.9,0,,0,2,242,407.9,3
2024-09-05,M-D03,双色旋转,17.2,0,,0,1,559,508.2,1
2024-09-05,M-T01,两板,15.5,0,,0,2,575,55.8,0
2024-09-05,M-T02,两板,16.7,0,,0,3,286,348.9,0
2024-09-05,M-T03,两板,16.3,0,,0,2,488,897.5,2
2024-09-05,M-T04,两板,18.1,0,,0,2,97,1559.7,3
2024-09-06,M-E01,全电动,14.5,0,,0,3,495,29.8,3
2024-09-06,M-E02,全电动,13.9,0,,0.4,2,522,30.0,2
2024-09-06,M-E03,全电动,15.9,0,,0,2,473,41.1,1
2024-09-06,M-E04,全电动,14.0,0,,0,1,191,47.4,1
2024-09-06,M-E05,全电动,15.5,0,,0,1,474,69.2,3
2024-09-06,M-E06,全电动,15.0,0,,0,1,382,59.8,3
2024-09-06,M-E07,全电动,18.7,0,,0,4,539,73.0,3
2024-09-06,M-E08,全电动,16.8,0,,0,3,381,85.0,3
2024-09-06,M-E09,全电动,18.0,0,,0,1,282,109.4,2
2024-09-06,M-E10,全电动,15.0,0,,0.2,1,500,122.2,0
2024-09-06,M-E11,全电动,15.3,0,,0,1,355,126.1,4
2024-09-06,M-E12,全电动,18.3,0,,0,1,183,171.8,0
2024-09-06,M-E13,全电动,15.5,0,,0,3,395,196.9,1
2024-09-06,M-O01,油压,16.8,0,,0,1,114,214.2,3
2024-09-06,M-O02,油压,15.7,0,,0.3,4,100,222.1,4
2024-09-06,M-O03,油压,16.1,0,,0,2,376,359.7,0
2024-09-06,M-O04,油压,17.9,0,,0,2,146,433.2,1
2024-09-06,M-O05,油压,14.8,0,,0,2,302,401.1,0
2024-09-06,M-O06,油压,17.3,0,,0.2,3,268,454.8,3
2024-09-06,M-O07,油压,17.3,0,,0.3,1,584,745.1,3
2024-09-06,M-O08,油压,14.0,0,,0,2,192,551.3,0
2024-09-06,M-O09,油压,18.1,0,,0,1,356,804.1,4
2024-09-06,M-D01,双色旋转,11.6,2.4,加热系统,0,2,203,110.3,0
2024-09-06,M-D02,双色旋转,14.7,0,,0,1,576,455.5,4
2024-09-06,M-D03,双色旋转,15.8,0,,0,1,305,520.4,0
2024-09-06,M-T01,两板,14.8,0,,0,1,290,37.1,4
2024-09-06,M-T02,两板,15.3,0,,0,3,154,427.8,3
2024-09-06,M-T03,两板,15.4,0,,0.4,3,196,800.0,4
2024-09-06,M-T04,两板,17.7,0,,0,2,247,1650.8,1
2024-09-07,M-E01,全电动,17.3,0,,0,2,211,35.1,0
2024-09-07,M-E02,全电动,14.3,0,,0,2,509,27.8,4
2024-09-07,M-E03,全电动,18.4,0,,0,1,154,56.9,4
2024-09-07,M-E04,全电动,14.3,0,,0,1,545,47.0,4
2024-09-07,M-E05,全电动,17.8,0,,0,3,500,57.9,3
2024-09-07,M-E06,全电动,18.8,0,,0,3,494,68.8,1
2024-09-07,M-E07,全电动,18.4,0,,0,2,409,77.7,3
2024-09-07,M-E08,全电动,15.9,0,,0,2,182,100.2,2
2024-09-07,M-E09,全电动,14.0,0,,0,1,590,104.3,2
2024-09-07,M-E10,全电动,14.7,0,,0,1,339,117.7,2
2024-09-07,M-E11,全电动,14.4,0,,0,2,182,106.1,3
2024-09-07,M-E12,全电动,18.6,0,,0,2,582,211.3,4
2024-09-07,M-E13,全电动,17.3,0,,0,1,565,227.7,4
2024-09-07,M-O01,油压,18.0,0,,0,3,308,297.1,4
2024-09-07,M-O02,油压,13.6,0,,0,3,406,188.4,0
2024-09-07,M-O03,油压,13.5,0,,0,3,250,274.0,4
2024-09-07,M-O04,油压,13.9,0,,0,3,170,357.9,0
2024-09-07,M-O05,油压,18.6,0,,0,1,550,575.0,0
2024-09-07,M-O06,油压,13.1,0,,0,1,501,459.1,0
2024-09-07,M-O07,油压,18.0,0,,0,1,424,731.2,1
2024-09-07,M-O08,油压,13.5,0,,0,3,587,708.3,2
2024-09-07,M-O09,油压,18.8,0,,0.1,2,344,759.7,4
2024-09-07,M-D01,双色旋转,18.1,0,,0,2,428,129.6,2
2024-09-07,M-D02,双色旋转,14.9,0,,0,1,211,467.1,2
2024-09-07,M-D03,双色旋转,14.1,0,,0,4,146,475.3,4
2024-09-07,M-T01,两板,14.7,0,,0,3,483,41.2,0
2024-09-07,M-T02,两板,15.8,0,,0,1,424,398.8,0
2024-09-07,M-T03,两板,15.7,0,,0,2,555,749.3,1
2024-09-07,M-T04,两板,14.0,0,,0,3,486,1239.9,1
2024-09-08,M-E01,全电动,16.7,0,,0,2,367,36.8,4
2024-09-08,M-E02,全电动,18.7,0,,0,1,414,40.6,2
2024-09-08,M-E03,全电动,13.5,0,,0,3,553,43.4,2
2024-09-08,M-E04,全电动,16.1,0,,0,1,224,51.9,3
2024-09-08,M-E05,全电动,14.2,0,,0,1,385,43.9,2
2024-09-08,M-E06,全电动,18.7,0,,0,2,243,76.3,1
2024-09-08,M-E07,全电动,18.7,0,,0,3,392,96.9,3
2024-09-08,M-E08,全电动,14.4,0,,0,2,167,72.6,3
2024-09-08,M-E09,全电动,14.3,0,,0,1,176,93.7,4
2024-09-08,M-E10,全电动,15.9,0,,0.3,1,242,102.9,4
2024-09-08,M-E11,全电动,13.8,0,,0,3,492,103.1,4
2024-09-08,M-E12,全电动,14.3,0,,0.2,2,529,148.3,0
2024-09-08,M-E13,全电动,17.7,0,,0,2,413,196.9,3
2024-09-08,M-O01,油压,17.3,0,,0.5,2,211,287.1,4
2024-09-08,M-O02,油压,17.4,0,,0,3,271,247.2,2
2024-09-08,M-O03,油压,13.6,0,,0,2,422,248.9,3
2024-09-08,M-O04,油压,15.8,0,,0,1,170,435.1,1
2024-09-08,M-O05,油压,14.9,0,,0,1,167,387.4,2
2024-09-08,M-O06,油压,18.0,0,,0.0,4,555,453.9,4
2024-09-08,M-O07,油压,16.7,0,,0,2,564,505.7,1
2024-09-08,M-O08,油压,18.0,0,,0,3,504,942.9,2
2024-09-08,M-O09,油压,18.7,0,,0,3,189,979.6,1
2024-09-08,M-D01,双色旋转,18.8,0,,0,2,175,185.4,2
2024-09-08,M-D02,双色旋转,16.2,0,,0,2,507,474.4,3
2024-09-08,M-D03,双色旋转,18.1,0,,0,2,593,538.6,3
2024-09-08,M-T01,两板,13.8,0,,0,2,372,51.6,0
2024-09-08,M-T02,两板,16.0,0,,0,3,542,460.0,2
2024-09-08,M-T03,两板,13.9,0,,0,1,422,874.1,3
2024-09-08,M-T04,两板,17.5,0,,0,2,554,1469.4,0
2024-09-09,M-E01,全电动,17.5,0,,0.2,3,228,27.2,3
2024-09-09,M-E02,全电动,18.3,0,,0,1,581,37.6,0
2024-09-09,M-E03,全电动,18.4,0,,0.2,2,183,61.0,4
2024-09-09,M-E04,全电动,18.4,0,,0,3,558,56.7,4
2024-09-09,M-E05,全电动,17.4,0,,0,1,273,70.9,4
2024-09-09,M-E06,全电动,18.7,0,,0,1,294,59.7,3
2024-09-09,M-E07,全电动,14.9,0,,0,6,455,59.8,2
2024-09-09,M-E08,全电动,14.1,0,,0.0,2,198,79.4,4
2024-09-09,M-E09,全电动,15.2,0,,0,2,418,116.7,0
2024-09-09,M-E10,全电动,13.2,0,,0.5,2,290,112.7,2
2024-09-09,M-E11,全电动,16.4,0,,0.1,2,214,138.5,0
2024-09-09,M-E12,全电动,15.9,0,,0,1,427,147.5,4
2024-09-09,M-E13,全电动,18.2,0,,0,3,409,238.0,1
2024-09-09,M-O01,油压,15.2,0,,0,1,233,256.7,3
2024-09-09,M-O02,油压,16.8,0,,0.1,2,589,286.2,0
2024-09-09,M-O03,油压,14.7,0,,0,1,306,317.4,4
2024-09-09,M-O04,油压,13.0,0,,0,3,229,278.3,2
2024-09-09,M-O05,油压,17.0,0,,0,1,393,427.9,2
2024-09-09,M-O06,油压,13.3,0,,0,2,366,444.1,3
2024-09-09,M-O07,油压,16.5,0,,0.3,2,115,519.9,0
2024-09-09,M-O08,油压,13.2,0,,0,3,503,522.0,3
2024-09-09,M-O09,油压,17.8,0,,0,3,390,737.6,3
2024-09-09,M-D01,双色旋转,15.6,0,,0,2,337,129.8,1
2024-09-09,M-D02,双色旋转,18.4,0,,0,2,261,465.6,2
2024-09-09,M-D03,双色旋转,16.6,0,,0,1,431,415.7,1
2024-09-09,M-T01,两板,18.4,0,,0,1,359,46.1,4
2024-09-09,M-T02,两板,15.8,0,,0,2,185,396.1,0
2024-09-09,M-T03,两板,17.2,0,,0,4,170,1076.1,2
2024-09-09,M-T04,两板,18.3,0,,0,2,84,1389.5,3
2024-09-10,M-E01,全电动,16.9,0,,0,1,181,37.6,4
2024-09-10,M-E02,全电动,15.3,0,,0.0,3,145,32.7,0
2024-09-10,M-E03,全电动,18.9,0,,0,2,128,59.8,2
2024-09-10,M-E04,全电动,18.5,0,,0,2,194,57.8,3
2024-09-10,M-E05,全电动,18.8,0,,0,2,288,69.8,2
2024-09-10,M-E06,全电动,17.5,0,,0,1,380,55.4,4
2024-09-10,M-E07,全电动,13.4,0,,0,3,168,53.1,0
2024-09-10,M-E08,全电动,15.4,0,,0,2,450,87.6,4
2024-09-10,M-E09,全电动,16.4,0,,0,3,464,112.0,2
2024-09-10,M-E10,全电动,15.2,0,,0,1,502,123.9,1
2024-09-10,M-E11,全电动,16.7,0,,0,2,157,149.5,1
2024-09-10,M-E12,全电动,15.4,0,,0.4,2,476,173.0,3
2024-09-10,M-E13,全电动,16.7,0,,0,2,115,166.0,0
2024-09-10,M-O01,油压,17.9,0,,0,1,310,210.2,2
2024-09-10,M-O02,油压,17.4,0,,0,2,249,227.2,1
2024-09-10,M-O03,油压,17.1,0,,0,2,326,364.8,0
2024-09-10,M-O04,油压,17.9,0,,0,2,413,480.0,2
2024-09-10,M-O05,油压,15.000000000000002,3.6,电气故障,0.1,2,442,323.5,2
2024-09-10,M-O06,油压,17.5,0,,0,5,191,623.4,0
2024-09-10,M-O07,油压,16.5,0,,0,2,287,698.9,2
2024-09-10,M-O08,油压,13.2,0,,0,3,87,607.5,1
2024-09-10,M-O09,油压,14.2,0,,0,1,593,827.1,4
2024-09-10,M-D01,双色旋转,13.1,0,,0,3,479,117.6,3
2024-09-10,M-D02,双色旋转,13.1,0,,0,2,283,466.2,0
2024-09-10,M-D03,双色旋转,14.2,0,,0,2,114,396.1,1
2024-09-10,M-T01,两板,18.5,0,,0,2,100,48.2,4
2024-09-10,M-T02,两板,16.8,0,,0,1,592,440.7,4
2024-09-10,M-T03,两板,15.5,0,,0,4,525,871.7,0
2024-09-10,M-T04,两板,16.5,0,,0,3,416,1073.5,1
2024-09-11,M-E01,全电动,15.8,0,,0.4,3,228,32.6,3
2024-09-11,M-E02,全电动,13.4,0,,0,3,306,23.9,3
2024-09-11,M-E03,全电动,16.8,0,,0.3,2,118,54.7,1
2024-09-11,M-E04,全电动,17.0,0,,0,2,558,57.6,4
2024-09-11,M-E05,全电动,13.2,0,,0,2,237,46.8,3
2024-09-11,M-E06,全电动,14.1,0,,0,3,577,51.2,4
2024-09-11,M-E07,全电动,13.4,0,,0,2,231,63.7,3
2024-09-11,M-E08,全电动,17.1,0,,0,4,590,92.7,0
2024-09-11,M-E09,全电动,16.1,0,,0,2,599,117.0,2
2024-09-11,M-E10,全电动,14.5,0,,0,2,159,111.5,1
2024-09-11,M-E11,全电动,15.0,0,,0,2,587,153.4,1
2024-09-11,M-E12,全电动,17.0,0,,0,1,462,190.9,1
2024-09-11,M-E13,全电动,16.1,0,,0,1,397,145.3,4
2024-09-11,M-O01,油压,13.6,0,,0,2,118,173.2,2
2024-09-11,M-O02,油压,18.1,0,,0,2,528,232.6,1
2024-09-11,M-O03,油压,13.0,0,,0,1,427,285.7,1
2024-09-11,M-O04,油压,15.0,0,,0,2,491,317.6,0
2024-09-11,M-O05,油压,17.5,0,,0,3,189,555.6,0
2024-09-11,M-O06,油压,13.3,0,,0.1,2,429,429.8,4
2024-09-11,M-O07,油压,16.8,0,,0,3,334,599.0,2
2024-09-11,M-O08,油压,15.3,0,,0.3,2,550,673.0,2
2024-09-11,M-O09,油压,15.3,0,,0,2,83,632.5,1
2024-09-11,M-D01,双色旋转,14.3,0,,0,2,134,129.0,4
2024-09-11,M-D02,双色旋转,17.4,0,,0,1,365,519.8,3
2024-09-11,M-D03,双色旋转,18.5,0,,0,3,197,479.0,0
2024-09-11,M-T01,两板,18.5,0,,0,4,345,47.9,3
2024-09-11,M-T02,两板,12.200000000000001,1.1,模具问题,0,1,326,282.7,3
2024-09-11,M-T03,两板,18.3,0,,0,2,334,1166.3,2
2024-09-11,M-T04,两板,16.9,0,,0,2,397,1093.0,4
2024-09-12,M-E01,全电动,18.2,0,,0,2,148,31.8,4
2024-09-12,M-E02,全电动,13.6,0,,0,2,438,27.6,2
2024-09-12,M-E03,全电动,15.0,0,,0,2,551,49.6,4
2024-09-12,M-E04,全电动,15.9,0,,0,2,329,37.0,4
2024-09-12,M-E05,全电动,15.2,0,,0.4,1,512,49.4,2
2024-09-12,M-E06,全电动,14.2,0,,0,2,509,52.9,0
2024-09-12,M-E07,全电动,18.3,0,,0.5,3,488,85.9,4
2024-09-12,M-E08,全电动,14.1,0,,0,3,516,86.3,3
2024-09-12,M-E09,全电动,14.3,0,,0,2,109,104.0,0
2024-09-12,M-E10,全电动,17.9,0,,0,2,502,116.0,1
2024-09-12,M-E11,全电动,17.4,0,,0,1,359,170.2,2
2024-09-12,M-E12,全电动,15.8,0,,0,1,577,144.0,3
2024-09-12,M-E13,全电动,14.8,0,,0,1,201,162.3,2
2024-09-12,M-O01,油压,18.6,0,,0,2,283,241.8,2
2024-09-12,M-O02,油压,14.5,0,,0,2,245,205.6,3
2024-09-12,M-O03,油压,15.7,0,,0,2,456,276.2,3
2024-09-12,M-O04,油压,16.6,0,,0,3,199,317.5,3
2024-09-12,M-O05,油压,18.2,0,,0,1,183,402.4,3
2024-09-12,M-O06,油压,15.3,0,,0,2,396,410.3,0
2024-09-12,M-O07,油压,15.299999999999999,1.9,传感器异常,0.4,4,518,653.5,4
2024-09-12,M-O08,油压,16.3,0,,0,2,211,636.4,0
2024-09-12,M-O09,油压,13.7,0,,0,2,507,563.4,3
2024-09-12,M-D01,双色旋转,18.2,0,,0,1,473,165.0,3
2024-09-12,M-D02,双色旋转,13.0,0,,0,3,383,376.8,4
2024-09-12,M-D03,双色旋转,17.6,0,,0,1,479,451.8,2
2024-09-12,M-T01,两板,18.7,0,,0,2,328,61.9,2
2024-09-12,M-T02,两板,16.7,0,,0,2,258,481.2,1
2024-09-12,M-T03,两板,17.5,0,,0,1,286,999.2,0
2024-09-12,M-T04,两板,17.8,0,,0,2,314,1351.1,3
2024-09-13,M-E01,全电动,18.9,0,,0.2,2,392,42.2,3
2024-09-13,M-E02,全电动,17.1,0,,0,1,383,33.3,1
2024-09-13,M-E03,全电动,14.7,0,,0,2,170,46.9,2
2024-09-13,M-E04,全电动,14.4,0,,0,4,152,34.4,1
2024-09-13,M-E05,全电动,16.2,0,,0,2,482,56.9,2
2024-09-13,M-E06,全电动,13.7,0,,0,2,361,48.9,3
2024-09-13,M-E07,全电动,18.2,0,,0,4,477,98.9,1
2024-09-13,M-E08,全电动,14.4,0,,0,1,506,66.3,4
2024-09-13,M-E09,全电动,13.9,0,,0,3,508,112.7,3
2024-09-13,M-E10,全电动,17.5,0,,0,1,475,122.4,1
2024-09-13,M-E11,全电动,14.7,0,,0,2,181,150.9,0
2024-09-13,M-E12,全电动,16.1,0,,0,2,303,192.0,3
2024-09-13,M-E13,全电动,16.9,0,,0,4,157,171.2,0
2024-09-13,M-O01,油压,16.5,0,,0,2,291,242.0,1
2024-09-13,M-O02,油压,16.9,0,,0,3,94,321.1,4
2024-09-13,M-O03,油压,17.4,0,,0.4,2,284,377.0,3
2024-09-13,M-O04,油压,16.0,0,,0.4,1,340,321.6,1
2024-09-13,M-O05,油压,17.5,0,,0.3,2,553,517.2,0
2024-09-13,M-O06,油压,16.4,0,,0.0,1,332,509.4,2
2024-09-13,M-O07,油压,15.8,0,,0,3,417,624.3,2
2024-09-13,M-O08,油压,15.9,0,,0,3,237,579.6,0
2024-09-13,M-O09,油压,13.8,0,,0,1,281,774.9,0
2024-09-13,M-D01,双色旋转,14.3,0,,0,2,248,116.5,4
2024-09-13,M-D02,双色旋转,16.4,0,,0,1,493,623.0,4
2024-09-13,M-D03,双色旋转,14.2,0,,0,3,104,463.7,4
2024-09-13,M-T01,两板,16.7,0,,0.4,2,541,59.7,2
2024-09-13,M-T02,两板,14.3,0,,0,4,555,297.5,2
2024-09-13,M-T03,两板,14.1,0,,0,2,162,699.5,2
2024-09-13,M-T04,两板,14.1,0,,0,1,154,1289.2,0
2024-09-14,M-E01,全电动,14.2,0,,0,3,509,31.6,3
2024-09-14,M-E02,全电动,16.8,0,,0,1,380,29.5,4
2024-09-14,M-E03,全电动,15.0,0,,0,2,296,43.7,3
2024-09-14,M-E04,全电动,15.8,0,,0,1,582,51.2,4
2024-09-14,M-E05,全电动,18.0,0,,0,1,489,70.4,3
2024-09-14,M-E06,全电动,13.5,0,,0,1,447,55.2,4
2024-09-14,M-E07,全电动,15.8,0,,0,1,387,62.0,0
2024-09-14,M-E08,全电动,13.5,0,,0,3,208,76.6,4
2024-09-14,M-E09,全电动,16.6,0,,0,3,273,129.8,2
2024-09-14,M-E10,全电动,14.1,0,,0,1,118,108.9,4
2024-09-14,M-E11,全电动,17.5,0,,0.3,1,102,142.6,2
2024-09-14,M-E12,全电动,17.6,0,,0,4,242,154.8,1
2024-09-14,M-E13,全电动,18.3,0,,0,2,230,194.7,2
2024-09-14,M-O01,油压,15.6,0,,0,2,117,256.2,1
2024-09-14,M-O02,油压,17.1,0,,0,2,230,234.6,0
2024-09-14,M-O03,油压,16.9,0,,0,1,424,266.7,3
2024-09-14,M-O04,油压,16.6,0,,0,1,393,356.5,4
2024-09-14,M-O05,油压,13.6,0,,0,3,195,371.2,4
2024-09-14,M-O06,油压,13.8,0,,0,3,420,522.7,3
2024-09-14,M-O07,油压,14.9,0,,0,2,552,658.2,0
2024-09-14,M-O08,油压,18.9,0,,0,3,181,663.4,1
2024-09-14,M-O09,油压,15.8,0,,0.4,1,528,899.4,1
2024-09-14,M-D01,双色旋转,13.4,0,,0,2,442,117.7,2
2024-09-14,M-D02,双色旋转,17.2,0,,0,2,581,539.7,0
2024-09-14,M-D03,双色旋转,17.3,0,,0,2,196,453.1,1
2024-09-14,M-T01,两板,14.4,0,,0,3,117,50.0,0
2024-09-14,M-T02,两板,15.5,0,,0,2,452,382.7,2
2024-09-14,M-T03,两板,16.5,0,,0,3,362,1050.2,0
2024-09-14,M-T04,两板,17.7,0,,0.2,2,247,1387.1,0
2024-09-15,M-E01,全电动,15.5,0,,0,2,441,28.9,0
2024-09-15,M-E02,全电动,15.0,0,,0,3,136,30.2,3
2024-09-15,M-E03,全电动,17.9,0,,0,1,586,56.0,1
2024-09-15,M-E04,全电动,14.6,0,,0.0,1,566,45.1,3
2024-09-15,M-E05,全电动,13.5,0,,0,2,419,44.2,1
2024-09-15,M-E06,全电动,14.2,0,,0,2,474,55.5,2
2024-09-15,M-E07,全电动,13.3,0,,0,4,558,72.3,1
2024-09-15,M-E08,全电动,14.5,0,,0,3,454,88.1,3
2024-09-15,M-E09,全电动,15.5,0,,0,2,305,105.7,4
2024-09-15,M-E10,全电动,14.2,0,,0,3,326,94.1,1
2024-09-15,M-E11,全电动,14.2,0,,0,2,495,117.5,4
2024-09-15,M-E12,全电动,17.8,0,,0.4,4,254,176.5,2
2024-09-15,M-E13,全电动,13.3,0,,0,2,477,120.6,2
2024-09-15,M-O01,油压,17.3,0,,0,3,154,230.1,2
2024-09-15,M-O02,油压,13.8,0,,0,3,122,255.1,0
2024-09-15,M-O03,油压,17.9,0,,0,2,277,365.2,0
2024-09-15,M-O04,油压,14.7,0,,0,2,337,347.4,0
2024-09-15,M-O05,油压,19.0,0,,0,3,468,610.4,3
2024-09-15,M-O06,油压,13.4,0,,0,3,411,361.2,3
2024-09-15,M-O07,油压,15.9,0,,0,4,278,531.5,3
2024-09-15,M-O08,油压,14.1,0,,0,2,343,635.2,3
2024-09-15,M-O09,油压,15.1,0,,0,1,425,909.6,3
2024-09-15,M-D01,双色旋转,14.2,0,,0.4,2,169,125.3,4
2024-09-15,M-D02,双色旋转,17.5,0,,0,1,119,653.1,1
2024-09-15,M-D03,双色旋转,18.1,0,,0,2,95,573.3,2
2024-09-15,M-T01,两板,17.8,0,,0,2,308,59.0,2
2024-09-15,M-T02,两板,14.0,0,,0,4,410,347.8,1
2024-09-15,M-T03,两板,16.6,0,,0.5,2,574,912.9,1
2024-09-15,M-T04,两板,15.0,0,,0,2,422,1270.9,1
2024-09-16,M-E01,全电动,13.5,0,,0,2,558,27.3,3
2024-09-16,M-E02,全电动,18.8,0,,0,1,319,39.2,3
2024-09-16,M-E03,全电动,14.3,0,,0,1,151,33.1,4
2024-09-16,M-E04,全电动,13.7,0,,0,2,565,33.6,3
2024-09-16,M-E05,全电动,16.2,0,,0,2,215,64.4,0
2024-09-16,M-E06,全电动,18.8,0,,0.2,2,100,85.3,0
2024-09-16,M-E07,全电动,14.7,0,,0,3,268,83.3,0
2024-09-16,M-E08,全电动,15.3,0,,0,2,497,82.1,2
2024-09-16,M-E09,全电动,14.6,0,,0.5,3,280,104.4,2
2024-09-16,M-E10,全电动,15.9,0,,0,3,403,142.0,1
2024-09-16,M-E11,全电动,17.6,0,,0,2,262,173.1,0
2024-09-16,M-E12,全电动,14.7,0,,0,1,461,155.3,3
2024-09-16,M-E13,全电动,17.3,0,,0,2,188,183.8,4
2024-09-16,M-O01,油压,14.5,0,,0,3,596,199.7,2
2024-09-16,M-O02,油压,18.9,0,,0.4,1,399,279.5,2
2024-09-16,M-O03,油压,15.9,0,,0,1,252,258.5,2
2024-09-16,M-O04,油压,15.2,0,,0,1,493,344.0,2
2024-09-16,M-O05,油压,14.9,0,,0,3,181,389.2,1
2024-09-16,M-O06,油压,15.5,0,,0,3,526,413.5,3
2024-09-16,M-O07,油压,15.5,0,,0,1,410,669.6,0
2024-09-16,M-O08,油压,14.4,0,,0,2,245,588.7,0
2024-09-16,M-O09,油压,16.6,0,,0.4,4,270,951.6,3
2024-09-16,M-D01,双色旋转,14.5,0,,0,3,104,146.8,2
2024-09-16,M-D02,双色旋转,13.8,0,,0,2,583,502.7,3
2024-09-16,M-D03,双色旋转,17.0,0,,0,3,283,537.3,0
2024-09-16,M-T01,两板,18.7,0,,0,2,248,54.0,4
2024-09-16,M-T02,两板,14.8,0,,0,1,298,416.3,0
2024-09-16,M-T03,两板,18.4,0,,0,1,593,1079.4,2
2024-09-16,M-T04,两板,16.3,0,,0,2,391,1133.9,3
2024-09-17,M-E01,全电动,13.8,0,,0,2,549,21.2,0
2024-09-17,M-E02,全电动,17.3,0,,0,2,135,37.3,3
2024-09-17,M-E03,全电动,14.4,0,,0.2,2,448,40.1,3
2024-09-17,M-E04,全电动,18.8,0,,0.4,1,106,51.5,2
2024-09-17,M-E05,全电动,17.2,0,,0,3,356,52.9,2
2024-09-17,M-E06,全电动,17.8,0,,0,2,269,55.5,0
2024-09-17,M-E07,全电动,16.4,0,,0.5,1,104,85.0,1
2024-09-17,M-E08,全电动,15.4,0,,0,2,316,97.4,0
2024-09-17,M-E09,全电动,13.600000000000001,3.0,加热系统,0,2,548,94.1,3
2024-09-17,M-E10,全电动,13.5,0,,0,2,586,119.5,4
2024-09-17,M-E11,全电动,18.2,0,,0,4,201,179.0,4
2024-09-17,M-E12,全电动,13.1,0,,0,1,179,136.5,4
2024-09-17,M-E13,全电动,17.7,0,,0,2,302,176.0,1
2024-09-17,M-O01,油压,16.3,0,,0,3,488,239.2,3
2024-09-17,M-O02,油压,16.5,0,,0,2,218,293.7,1
2024-09-17,M-O03,油压,16.8,0,,0,2,268,279.3,2
2024-09-17,M-O04,油压,13.6,3.1,模具问题,0,2,525,337.9,4
2024-09-17,M-O05,油压,16.5,0,,0,3,198,488.1,3
2024-09-17,M-O06,油压,15.6,0,,0,3,235,480.8,1
2024-09-17,M-O07,油压,15.2,0,,0,1,419,464.5,3
2024-09-17,M-O08,油压,18.7,0,,0,2,200,804.2,3
2024-09-17,M-O09,油压,13.3,0,,0.0,2,318,685.1,1
2024-09-17,M-D01,双色旋转,14.1,0,,0,2,353,127.3,2
2024-09-17,M-D02,双色旋转,17.7,0,,0,3,309,561.5,4
2024-09-17,M-D03,双色旋转,17.6,0,,0,1,411,602.7,3
2024-09-17,M-T01,两板,14.8,0,,0,3,177,40.5,0
2024-09-17,M-T02,两板,15.4,0,,0,2,493,443.3,0
2024-09-17,M-T03,两板,17.7,0,,0,1,93,1118.8,4
2024-09-17,M-T04,两板,18.3,0,,0,1,121,1443.6,4
2024-09-18,M-E01,全电动,13.1,0,,0,1,338,22.2,1
2024-09-18,M-E02,全电动,14.3,0,,0,2,462,24.0,1
2024-09-18,M-E03,全电动,14.7,0,,0,1,474,49.4,4
2024-09-18,M-E04,全电动,18.8,0,,0,2,255,52.5,3
2024-09-18,M-E05,全电动,14.9,0,,0,2,351,46.6,3
2024-09-18,M-E06,全电动,16.3,0,,0,2,182,53.3,0
2024-09-18,M-E07,全电动,17.7,0,,0.3,2,242,95.7,4
2024-09-18,M-E08,全电动,14.3,0,,0,2,206,95.5,3
2024-09-18,M-E09,全电动,18.3,0,,0,3,457,141.1,4
2024-09-18,M-E10,全电动,13.6,0,,0,3,290,118.5,4
2024-09-18,M-E11,全电动,14.8,0,,0,3,500,141.3,3
2024-09-18,M-E12,全电动,15.2,0,,0,1,450,151.5,1
2024-09-18,M-E13,全电动,14.6,0,,0,3,224,191.7,0
2024-09-18,M-O01,油压,18.3,0,,0.5,1,169,215.5,1
2024-09-18,M-O02,油压,15.7,0,,0,2,395,225.7,2
2024-09-18,M-O03,油压,13.9,0,,0,3,518,270.7,1
2024-09-18,M-O04,油压,15.8,0,,0,1,495,305.3,2
2024-09-18,M-O05,油压,18.1,0,,0,1,121,437.9,2
2024-09-18,M-O06,油压,15.4,0,,0,3,97,521.7,1
2024-09-18,M-O07,油压,15.3,0,,0,2,166,514.7,1
2024-09-18,M-O08,油压,17.8,0,,0,4,98,816.7,2
2024-09-18,M-O09,油压,15.0,0,,0,3,251,736.0,4
2024-09-18,M-D01,双色旋转,16.9,0,,0.3,2,379,179.6,2
2024-09-18,M-D02,双色旋转,18.2,0,,0,3,163,484.0,2
2024-09-18,M-D03,双色旋转,17.0,0,,0,4,496,625.2,1
2024-09-18,M-T01,两板,15.9,0,,0,1,347,44.0,4
2024-09-18,M-T02,两板,18.9,0,,0.1,2,150,469.4,3
2024-09-18,M-T03,两板,16.6,0,,0,1,305,869.9,3
2024-09-18,M-T04,两板,13.2,0,,0.4,1,124,1147.0,0
2024-09-19,M-E01,全电动,16.7,0,,0,1,227,35.5,4
2024-09-19,M-E02,全电动,14.8,0,,0,2,137,30.9,4
2024-09-19,M-E03,全电动,17.4,0,,0,3,419,56.8,0
2024-09-19,M-E04,全电动,17.4,0,,0,2,475,59.1,1
2024-09-19,M-E05,全电动,16.8,0,,0,1,563,68.7,4
2024-09-19,M-E06,全电动,13.5,0,,0,4,456,58.9,1
2024-09-19,M-E07,全电动,15.4,0,,0,1,183,60.9,3
2024-09-19,M-E08,全电动,16.3,0,,0,2,358,78.6,0
2024-09-19,M-E09,全电动,16.8,0,,0,1,487,115.8,4
2024-09-19,M-E10,全电动,16.5,0,,0,3,444,131.2,2
2024-09-19,M-E11,全电动,18.9,0,,0,3,465,154.2,4
2024-09-19,M-E12,全电动,17.8,0,,0,2,145,161.1,2
2024-09-19,M-E13,全电动,16.1,0,,0,2,158,203.8,3
2024-09-19,M-O01,油压,18.1,0,,0,2,376,273.5,2
2024-09-19,M-O02,油压,16.4,0,,0,2,546,205.0,1
2024-09-19,M-O03,油压,18.9,0,,0,2,244,413.2,0
2024-09-19,M-O04,油压,17.4,0,,0,1,155,457.1,0
2024-09-19,M-O05,油压,17.6,0,,0,1,471,405.0,3
2024-09-19,M-O06,油压,16.2,0,,0,2,435,465.4,1
2024-09-19,M-O07,油压,15.3,0,,0,3,84,571.8,2
2024-09-19,M-O08,油压,16.3,0,,0.1,1,336,618.6,2
2024-09-19,M-O09,油压,18.8,0,,0,2,230,790.5,1
2024-09-19,M-D01,双色旋转,15.8,0,,0,1,346,122.8,0
2024-09-19,M-D02,双色旋转,13.1,0,,0,2,474,418.7,0
2024-09-19,M-D03,双色旋转,13.3,0,,0.3,1,286,495.0,0
2024-09-19,M-T01,两板,17.4,0,,0,1,429,53.8,2
2024-09-19,M-T02,两板,15.7,0,,0,1,96,445.8,3
2024-09-19,M-T03,两板,13.1,0,,0,1,366,828.0,0
2024-09-19,M-T04,两板,15.3,0,,0,1,452,1022.8,0
2024-09-20,M-E01,全电动,14.5,0,,0,1,272,25.6,3
2024-09-20,M-E02,全电动,13.9,0,,0.4,2,122,27.0,3
2024-09-20,M-E03,全电动,16.4,0,,0,2,148,48.6,0
2024-09-20,M-E04,全电动,16.5,0,,0,1,424,55.1,0
2024-09-20,M-E05,全电动,17.3,0,,0,3,226,54.2,3
2024-09-20,M-E06,全电动,16.6,0,,0,3,504,70.0,3
2024-09-20,M-E07,全电动,17.5,0,,0,1,145,79.4,1
2024-09-20,M-E08,全电动,14.4,0,,0,1,216,92.6,3
2024-09-20,M-E09,全电动,18.7,0,,0.0,1,370,118.8,1
2024-09-20,M-E10,全电动,13.6,0,,0,3,437,97.3,0
2024-09-20,M-E11,全电动,18.0,0,,0.1,2,361,182.3,2
2024-09-20,M-E12,全电动,16.8,0,,0,2,514,198.6,3
2024-09-20,M-E13,全电动,18.3,0,,0,2,497,217.3,3
2024-09-20,M-O01,油压,15.8,0,,0,2,574,219.6,0
2024-09-20,M-O02,油压,14.9,0,,0,1,502,207.3,1
2024-09-20,M-O03,油压,16.1,0,,0,2,400,325.3,1
2024-09-20,M-O04,油压,17.1,0,,0,3,310,479.0,2
2024-09-20,M-O05,油压,16.8,0,,0,1,194,537.1,3
2024-09-20,M-O06,油压,15.1,0,,0,3,107,463.7,2
2024-09-20,M-O07,油压,18.4,0,,0,4,535,725.7,2
2024-09-20,M-O08,油压,16.7,0,,0.0,3,501,632.2,3
2024-09-20,M-O09,油压,14.3,0,,0,1,467,811.0,1
2024-09-20,M-D01,双色旋转,18.4,0,,0,3,452,163.3,4
2024-09-20,M-D02,双色旋转,15.6,0,,0,2,531,482.3,3
2024-09-20,M-D03,双色旋转,13.5,0,,0,2,184,438.2,0
2024-09-20,M-T01,两板,17.8,0,,0,2,146,58.9,3
2024-09-20,M-T02,两板,19.0,0,,0.1,4,563,526.2,2
2024-09-20,M-T03,两板,15.3,0,,0,4,308,1022.6,1
2024-09-20,M-T04,两板,15.1,0,,0.1,1,276,1179.0,1
2024-09-21,M-E01,全电动,15.0,0,,0,3,408,31.7,3
2024-09-21,M-E02,全电动,18.5,0,,0,3,258,35.2,3
2024-09-21,M-E03,全电动,18.5,0,,0,3,241,58.4,4
2024-09-21,M-E04,全电动,14.0,0,,0,2,458,45.1,4
2024-09-21,M-E05,全电动,15.8,0,,0.3,2,436,67.3,2
2024-09-21,M-E06,全电动,13.4,0,,0,1,312,55.0,0
2024-09-21,M-E07,全电动,17.5,0,,0,1,407,73.3,2
2024-09-21,M-E08,全电动,18.0,0,,0,1,111,89.9,1
2024-09-21,M-E09,全电动,14.1,0,,0,3,289,115.2,3
2024-09-21,M-E10,全电动,16.9,0,,0,1,167,142.8,2
2024-09-21,M-E11,全电动,15.8,0,,0,4,570,160.1,3
2024-09-21,M-E12,全电动,17.9,0,,0,2,155,190.4,3
2024-09-21,M-E13,全电动,13.1,0,,0,3,526,125.4,1
2024-09-21,M-O01,油压,17.1,0,,0,1,410,249.7,2
2024-09-21,M-O02,油压,17.4,0,,0,1,576,232.4,2
2024-09-21,M-O03,油压,13.3,0,,0,3,397,205.7,2
2024-09-21,M-O04,油压,14.2,0,,0,4,563,327.9,0
2024-09-21,M-O05,油压,14.3,0,,0,2,496,360.9,4
2024-09-21,M-O06,油压,16.2,0,,0,2,232,520.5,0
2024-09-21,M-O07,油压,15.4,0,,0,1,131,494.6,2
2024-09-21,M-O08,油压,17.3,0,,0,3,284,680.8,3
2024-09-21,M-O09,油压,18.3,0,,0,3,409,961.1,3
2024-09-21,M-D01,双色旋转,17.2,0,,0,2,96,140.0,2
2024-09-21,M-D02,双色旋转,13.4,0,,0,2,163,448.6,2
2024-09-21,M-D03,双色旋转,15.6,0,,0.5,3,125,533.8,1
2024-09-21,M-T01,两板,16.4,0,,0,2,286,51.2,2
2024-09-21,M-T02,两板,13.1,0,,0,2,479,313.0,2
2024-09-21,M-T03,两板,18.0,0,,0,3,379,1190.5,2
2024-09-21,M-T04,两板,18.3,0,,0,1,251,1534.1,2
2024-09-22,M-E01,全电动,15.6,0,,0,1,467,34.0,2
2024-09-22,M-E02,全电动,18.5,0,,0,3,131,32.8,0
2024-09-22,M-E03,全电动,15.6,0,,0,3,563,50.8,4
2024-09-22,M-E04,全电动,14.8,0,,0,2,469,37.1,3
2024-09-22,M-E05,全电动,14.9,0,,0,3,507,62.4,0
2024-09-22,M-E06,全电动,13.2,0,,0,1,418,57.5,2
2024-09-22,M-E07,全电动,13.7,0,,0,1,568,73.4,2
2024-09-22,M-E08,全电动,13.9,0,,0,1,381,82.7,1
2024-09-22,M-E09,全电动,16.0,0,,0,1,414,126.1,1
2024-09-22,M-E10,全电动,17.9,0,,0,1,139,138.7,0
2024-09-22,M-E11,全电动,16.8,0,,0,3,258,175.6,0
2024-09-22,M-E12,全电动,15.9,0,,0,1,427,149.4,0
2024-09-22,M-E13,全电动,17.7,0,,0,3,373,210.3,0
2024-09-22,M-O01,油压,14.8,0,,0.2,1,218,202.8,0
2024-09-22,M-O02,油压,14.3,0,,0,3,577,247.2,2
2024-09-22,M-O03,油压,13.8,0,,0,1,496,289.7,0
2024-09-22,M-O04,油压,17.7,0,,0,2,173,392.0,1
2024-09-22,M-O05,油压,15.9,0,,0,2,419,443.8,3
2024-09-22,M-O06,油压,14.3,0,,0.3,1,451,543.0,2
2024-09-22,M-O07,油压,16.6,0,,0,2,440,694.1,0
2024-09-22,M-O08,油压,17.1,0,,0,3,594,705.4,4
2024-09-22,M-O09,油压,13.2,0,,0,2,113,796.0,3
2024-09-22,M-D01,双色旋转,13.3,0,,0,3,289,99.7,3
2024-09-22,M-D02,双色旋转,17.3,0,,0,2,478,564.1,0
2024-09-22,M-D03,双色旋转,17.2,0,,0.2,2,203,604.5,2
2024-09-22,M-T01,两板,16.0,0,,0.0,2,314,50.7,1
2024-09-22,M-T02,两板,14.4,0,,0,4,449,352.1,1
2024-09-22,M-T03,两板,14.4,0,,0.2,2,141,690.2,4
2024-09-22,M-T04,两板,17.3,0,,0,1,351,1247.8,2
2024-09-23,M-E01,全电动,13.9,0,,0,3,540,23.1,0
2024-09-23,M-E02,全电动,13.3,0,,0,3,285,26.5,0
2024-09-23,M-E03,全电动,13.3,0,,0,1,227,36.8,0
2024-09-23,M-E04,全电动,18.8,0,,0,3,156,51.9,0
2024-09-23,M-E05,全电动,16.8,0,,0,3,200,72.9,1
2024-09-23,M-E06,全电动,16.6,0,,0.4,2,471,59.1,4
2024-09-23,M-E07,全电动,16.5,0,,0,1,97,71.1,0
2024-09-23,M-E08,全电动,13.0,0,,0,1,349,88.8,2
2024-09-23,M-E09,全电动,18.1,0,,0,4,277,138.3,1
2024-09-23,M-E10,全电动,13.7,0,,0,3,596,105.4,1
2024-09-23,M-E11,全电动,13.6,0,,0,2,440,131.5,3
2024-09-23,M-E12,全电动,14.9,3.6,加热系统,0,3,207,158.6,2
2024-09-23,M-E13,全电动,16.6,0,,0,1,566,206.5,0
2024-09-23,M-O01,油压,18.8,0,,0,1,384,284.8,1
2024-09-23,M-O02,油压,13.2,0,,0,2,88,199.3,3
2024-09-23,M-O03,油压,17.8,0,,0,3,433,329.4,0
2024-09-23,M-O04,油压,17.3,0,,0,3,327,358.6,3
2024-09-23,M-O05,油压,14.5,0,,0,2,428,332.2,4
2024-09-23,M-O06,油压,18.2,0,,0,2,129,549.8,3
2024-09-23,M-O07,油压,13.8,0,,0,3,437,628.3,0
2024-09-23,M-O08,油压,14.1,0,,0,1,447,733.7,4
2024-09-23,M-O09,油压,18.2,0,,0,3,445,1015.8,1
2024-09-23,M-D01,双色旋转,15.0,0,,0.1,3,540,138.8,3
2024-09-23,M-D02,双色旋转,17.4,0,,0,2,116,466.3,1
2024-09-23,M-D03,双色旋转,19.0,0,,0.2,2,565,593.7,0
2024-09-23,M-T01,两板,13.1,0,,0,1,447,45.8,4
2024-09-23,M-T02,两板,18.4,0,,0,1,439,520.0,1
2024-09-23,M-T03,两板,12.399999999999999,3.8,加热系统,0,3,500,669.1,1
2024-09-23,M-T04,两板,16.2,0,,0.4,1,553,1223.1,0
2024-09-24,M-E01,全电动,18.3,0,,0.2,3,372,40.1,1
2024-09-24,M-E02,全电动,18.2,0,,0,2,502,28.3,1
2024-09-24,M-E03,全电动,15.6,0,,0,3,273,38.4,4
2024-09-24,M-E04,全电动,18.4,0,,0,3,474,51.2,2
2024-09-24,M-E05,全电动,15.0,0,,0,1,574,60.6,3
2024-09-24,M-E06,全电动,18.7,0,,0,2,524,71.5,1
2024-09-24,M-E07,全电动,15.0,0,,0,2,375,80.3,0
2024-09-24,M-E08,全电动,16.2,0,,0,2,504,80.7,0
2024-09-24,M-E09,全电动,13.3,0,,0,1,144,89.2,3
2024-09-24,M-E10,全电动,18.8,0,,0,2,481,123.1,2
2024-09-24,M-E11,全电动,15.5,0,,0,1,291,126.2,0
2024-09-24,M-E12,全电动,17.9,0,,0,2,213,150.7,3
2024-09-24,M-E13,全电动,16.0,0.6,电气故障,0,2,565,195.0,1
2024-09-24,M-O01,油压,15.4,0,,0.0,1,538,193.9,1
2024-09-24,M-O02,油压,17.6,0,,0.0,2,512,299.9,3
2024-09-24,M-O03,油压,17.4,0,,0,1,193,331.9,0
2024-09-24,M-O04,油压,15.3,0,,0,3,363,391.7,4
2024-09-24,M-O05,油压,16.5,0,,0,2,281,428.4,2
2024-09-24,M-O06,油压,16.2,0,,0,1,148,485.6,2
2024-09-24,M-O07,油压,13.4,0,,0.4,3,212,535.2,1
2024-09-24,M-O08,油压,13.8,0,,0,4,164,565.1,2
2024-09-24,M-O09,油压,16.3,0,,0,5,522,860.5,4
2024-09-24,M-D01,双色旋转,18.7,0,,0.1,1,256,186.3,3
2024-09-24,M-D02,双色旋转,18.8,0,,0,2,183,698.8,1
2024-09-24,M-D03,双色旋转,15.3,0,,0,4,272,497.4,2
2024-09-24,M-T01,两板,17.0,0,,0,1,240,42.6,0
2024-09-24,M-T02,两板,14.1,0,,0,3,400,355.7,4
2024-09-24,M-T03,两板,12.4,3.1,电气故障,0,1,507,800.3,4
2024-09-24,M-T04,两板,12.799999999999999,1.8,传感器异常,0,2,360,1094.2,2
2024-09-25,M-E01,全电动,14.2,0,,0,2,389,24.9,3
2024-09-25,M-E02,全电动,13.7,0,,0,3,115,30.1,0
2024-09-25,M-E03,全电动,15.3,0,,0,2,593,42.4,2
2024-09-25,M-E04,全电动,14.0,0,,0,1,325,43.2,0
2024-09-25,M-E05,全电动,17.5,0,,0,2,125,62.7,3
2024-09-25,M-E06,全电动,15.8,0,,0.1,4,213,48.8,2
2024-09-25,M-E07,全电动,18.5,0,,0,2,182,87.3,0
2024-09-25,M-E08,全电动,15.5,0,,0,2,238,73.0,4
2024-09-25,M-E09,全电动,18.7,0,,0,2,84,107.8,1
2024-09-25,M-E10,全电动,18.5,0,,0,5,340,132.9,1
2024-09-25,M-E11,全电动,15.2,0,,0,2,142,108.8,2
2024-09-25,M-E12,全电动,14.6,0,,0,2,590,171.9,2
2024-09-25,M-E13,全电动,16.5,0,,0,1,196,193.0,2
2024-09-25,M-O01,油压,15.7,0,,0,1,398,256.7,1
2024-09-25,M-O02,油压,15.6,0,,0,4,95,200.5,3
2024-09-25,M-O03,油压,18.2,0,,0,3,468,280.0,3
2024-09-25,M-O04,油压,18.4,0,,0.3,2,101,512.9,2
2024-09-25,M-O05,油压,13.8,0,,0.1,1,222,353.1,4
2024-09-25,M-O06,油压,18.1,0,,0,1,227,486.9,4
2024-09-25,M-O07,油压,16.1,0,,0,1,483,629.8,2
2024-09-25,M-O08,油压,17.1,0,,0,1,444,676.7,2
2024-09-25,M-O09,油压,15.4,0,,0,3,257,866.8,2
2024-09-25,M-D01,双色旋转,16.9,0,,0,1,238,177.6,1
2024-09-25,M-D02,双色旋转,16.5,0,,0,2,232,453.6,4
2024-09-25,M-D03,双色旋转,13.7,0,,0,2,257,492.4,1
2024-09-25,M-T01,两板,14.3,0,,0,3,352,43.6,2
2024-09-25,M-T02,两板,13.2,0,,0.1,3,570,318.1,1
2024-09-25,M-T03,两板,17.4,0,,0,2,389,990.0,4
2024-09-25,M-T04,两板,17.0,0,,0,1,260,1384.1,1
2024-09-26,M-E01,全电动,15.1,0,,0,2,414,28.8,4
2024-09-26,M-E02,全电动,16.4,0,,0,2,169,28.0,4
2024-09-26,M-E03,全电动,16.6,0,,0,1,410,43.3,0
2024-09-26,M-E04,全电动,15.7,0,,0,1,599,49.3,1
2024-09-26,M-E05,全电动,12.8,3.0,电气故障,0.4,3,129,41.2,3
2024-09-26,M-E06,全电动,14.8,0,,0,3,185,47.0,0
2024-09-26,M-E07,全电动,18.1,0,,0.3,1,123,71.8,3
2024-09-26,M-E08,全电动,14.6,0,,0,1,296,90.0,3
2024-09-26,M-E09,全电动,18.1,0,,0,2,474,143.6,1
2024-09-26,M-E10,全电动,15.0,0,,0.1,2,466,100.6,0
2024-09-26,M-E11,全电动,15.4,0,,0,3,108,107.9,1
2024-09-26,M-E12,全电动,17.6,0,,0,2,91,158.2,3
2024-09-26,M-E13,全电动,14.3,0,,0,4,538,173.6,0
2024-09-26,M-O01,油压,14.4,0,,0,2,232,202.4,2
2024-09-26,M-O02,油压,17.1,0,,0,3,518,218.9,2
2024-09-26,M-O03,油压,17.5,0,,0,1,540,301.2,3
2024-09-26,M-O04,油压,15.3,0,,0,2,510,288.1,2
2024-09-26,M-O05,油压,13.0,0,,0.5,1,329,341.3,2
2024-09-26,M-O06,油压,18.9,0,,0.1,1,114,508.3,0
2024-09-26,M-O07,油压,18.2,0,,0,2,499,685.6,3
2024-09-26,M-O08,油压,18.6,0,,0,1,386,685.9,3
2024-09-26,M-O09,油压,16.7,0,,0,1,156,960.6,0
2024-09-26,M-D01,双色旋转,16.6,0,,0,2,534,172.4,4
2024-09-26,M-D02,双色旋转,16.1,0,,0,2,587,479.5,1
2024-09-26,M-D03,双色旋转,18.2,0,,0,1,485,610.8,4
2024-09-26,M-T01,两板,17.0,0,,0,2,567,45.4,4
2024-09-26,M-T02,两板,18.6,0,,0,2,329,384.1,0
2024-09-26,M-T03,两板,18.8,0,,0,2,383,957.4,1
2024-09-26,M-T04,两板,16.6,0,,0,1,170,1062.8,2
2024-09-27,M-E01,全电动,15.4,0,,0,2,291,34.6,2
2024-09-27,M-E02,全电动,17.5,0,,0,1,535,30.4,3
2024-09-27,M-E03,全电动,13.6,0,,0.5,3,480,32.1,2
2024-09-27,M-E04,全电动,15.200000000000001,1.1,传感器异常,0,2,387,35.8,2
2024-09-27,M-E05,全电动,13.1,0,,0,1,492,46.0,4
2024-09-27,M-E06,全电动,14.2,0,,0,2,451,48.4,4
2024-09-27,M-E07,全电动,14.8,0,,0,1,204,72.6,0
2024-09-27,M-E08,全电动,14.9,0,,0,3,133,69.7,1
2024-09-27,M-E09,全电动,18.8,0,,0.1,4,293,130.5,0
2024-09-27,M-E10,全电动,18.3,0,,0,2,439,118.7,2
2024-09-27,M-E11,全电动,17.6,0,,0,3,266,160.2,0
2024-09-27,M-E12,全电动,17.0,0,,0,2,166,174.2,4
2024-09-27,M-E13,全电动,15.5,0,,0,1,267,194.4,3
2024-09-27,M-O01,油压,16.9,0,,0.2,2,349,260.3,0
2024-09-27,M-O02,油压,15.9,0,,0,1,519,260.0,3
2024-09-27,M-O03,油压,16.1,0,,0,3,155,279.0,3
2024-09-27,M-O04,油压,17.1,0,,0,2,536,458.8,0
2024-09-27,M-O05,油压,17.9,0,,0,3,195,429.7,3
2024-09-27,M-O06,油压,15.9,0,,0,3,215,469.2,0
2024-09-27,M-O07,油压,15.1,0.8,传感器异常,0.1,2,263,648.3,3
2024-09-27,M-O08,油压,18.0,0,,0,2,529,758.9,0
2024-09-27,M-O09,油压,14.1,0,,0,3,366,852.2,2
2024-09-27,M-D01,双色旋转,14.7,0,,0,3,550,131.6,3
2024-09-27,M-D02,双色旋转,18.0,0,,0,2,391,604.6,1
2024-09-27,M-D03,双色旋转,14.8,0,,0,3,244,493.1,3
2024-09-27,M-T01,两板,16.0,0,,0,1,245,55.2,2
2024-09-27,M-T02,两板,16.2,0,,0,1,268,346.9,1
2024-09-27,M-T03,两板,16.0,0,,0,3,427,1010.4,0
2024-09-27,M-T04,两板,13.299999999999999,0.8,电气故障,0.4,2,194,1000.7,0
2024-09-28,M-E01,全电动,17.1,0,,0,1,346,34.3,3
2024-09-28,M-E02,全电动,15.5,0,,0.3,2,333,30.3,0
2024-09-28,M-E03,全电动,13.3,0,,0,3,491,44.2,3
2024-09-28,M-E04,全电动,14.2,0,,0,3,297,34.1,4
2024-09-28,M-E05,全电动,18.3,0,,0,2,158,63.1,2
2024-09-28,M-E06,全电动,15.8,0,,0,1,428,71.0,2
2024-09-28,M-E07,全电动,15.8,0,,0,3,166,84.1,3
2024-09-28,M-E08,全电动,16.5,0,,0,2,248,94.3,0
2024-09-28,M-E09,全电动,14.7,0,,0,3,543,122.5,3
2024-09-28,M-E10,全电动,18.2,0,,0,2,182,158.3,1
2024-09-28,M-E11,全电动,17.9,0,,0,2,496,171.5,4
2024-09-28,M-E12,全电动,18.8,0,,0,2,240,158.8,0
2024-09-28,M-E13,全电动,17.8,0,,0,3,541,212.9,2
2024-09-28,M-O01,油压,15.6,0,,0,3,439,203.9,3
2024-09-28,M-O02,油压,15.1,0,,0,3,441,245.1,2
2024-09-28,M-O03,油压,13.2,0,,0,4,493,235.7,3
2024-09-28,M-O04,油压,13.6,0,,0,1,204,384.2,4
2024-09-28,M-O05,油压,13.7,0,,0,3,554,368.0,2
2024-09-28,M-O06,油压,17.4,0,,0,2,319,449.6,3
2024-09-28,M-O07,油压,15.4,0,,0,1,211,586.2,0
2024-09-28,M-O08,油压,18.4,0,,0,3,283,668.8,0
2024-09-28,M-O09,油压,16.2,0,,0,1,337,776.2,1
2024-09-28,M-D01,双色旋转,13.5,0,,0,2,588,100.8,3
2024-09-28,M-D02,双色旋转,14.5,0,,0,4,448,455.0,1
2024-09-28,M-D03,双色旋转,17.5,0,,0,3,406,503.1,0
2024-09-28,M-T01,两板,13.3,0,,0.0,4,335,46.6,2
2024-09-28,M-T02,两板,13.7,0,,0,3,150,404.3,0
2024-09-28,M-T03,两板,16.6,0,,0,2,273,937.7,4
2024-09-28,M-T04,两板,17.7,0,,0,2,116,1656.8,2
2024-09-29,M-E01,全电动,13.3,0,,0,2,351,22.6,4
2024-09-29,M-E02,全电动,14.0,0,,0,1,384,22.9,1
2024-09-29,M-E03,全电动,14.9,0,,0,3,437,36.3,4
2024-09-29,M-E04,全电动,16.1,0,,0,2,293,44.9,4
2024-09-29,M-E05,全电动,15.2,0,,0.0,4,160,61.7,3
2024-09-29,M-E06,全电动,17.2,0,,0,3,580,58.2,3
2024-09-29,M-E07,全电动,16.7,0,,0,1,411,63.6,1
2024-09-29,M-E08,全电动,17.7,0,,0,2,303,100.1,1
2024-09-29,M-E09,全电动,18.1,0,,0.2,2,508,133.4,3
2024-09-29,M-E10,全电动,15.3,0,,0,3,590,99.4,1
2024-09-29,M-E11,全电动,14.7,0,,0,1,253,139.6,3
2024-09-29,M-E12,全电动,14.9,0,,0,3,504,174.5,1
2024-09-29,M-E13,全电动,15.4,0,,0,1,227,185.1,1
2024-09-29,M-O01,油压,16.4,0,,0,2,413,199.8,1
2024-09-29,M-O02,油压,14.4,0,,0,1,480,224.8,3
2024-09-29,M-O03,油压,15.2,0,,0,1,264,342.8,3
2024-09-29,M-O04,油压,17.1,0,,0.4,3,410,366.0,3
2024-09-29,M-O05,油压,14.5,0,,0,2,349,335.2,2
2024-09-29,M-O06,油压,16.2,0,,0,2,181,598.7,2
2024-09-29,M-O07,油压,15.7,0,,0.2,2,531,533.1,4
2024-09-29,M-O08,油压,15.1,0,,0.3,1,574,625.1,4
2024-09-29,M-O09,油压,13.4,0,,0,2,141,543.2,2
2024-09-29,M-D01,双色旋转,14.5,0,,0,2,109,105.7,3
2024-09-29,M-D02,双色旋转,13.1,0,,0,2,415,371.3,0
2024-09-29,M-D03,双色旋转,18.1,0,,0,3,364,491.0,0
2024-09-29,M-T01,两板,15.0,0,,0.1,1,581,40.3,3
2024-09-29,M-T02,两板,16.5,0,,0,1,215,356.2,2
2024-09-29,M-T03,两板,14.1,0,,0,1,352,788.3,2
2024-09-29,M-T04,两板,13.3,0,,0,3,365,941.0,1
2024-09-30,M-E01,全电动,16.3,0,,0,1,160,25.6,4
2024-09-30,M-E02,全电动,18.5,0,,0,3,386,32.9,4
2024-09-30,M-E03,全电动,18.7,0,,0,2,356,45.7,1
2024-09-30,M-E04,全电动,18.0,0,,0,3,261,61.1,1
2024-09-30,M-E05,全电动,17.6,0,,0,1,107,66.4,3
2024-09-30,M-E06,全电动,15.7,0,,0,1,590,58.3,3
2024-09-30,M-E07,全电动,17.8,0,,0,2,553,80.3,3
2024-09-30,M-E08,全电动,17.7,0.8,加热系统,0,3,233,100.9,2
2024-09-30,M-E09,全电动,14.6,0,,0,2,379,82.4,4
2024-09-30,M-E10,全电动,17.1,0,,0,1,289,137.4,1
2024-09-30,M-E11,全电动,17.5,0,,0,1,478,168.6,1
2024-09-30,M-E12,全电动,15.0,0,,0,1,244,150.9,0
2024-09-30,M-E13,全电动,14.6,0,,0,1,120,132.1,1
2024-09-30,M-O01,油压,13.4,0,,0,2,156,152.2,3
2024-09-30,M-O02,油压,14.1,0,,0,2,184,216.8,4
2024-09-30,M-O03,油压,17.7,0,,0,1,401,319.0,4
2024-09-30,M-O04,油压,13.8,0,,0,1,157,382.4,1
2024-09-30,M-O05,油压,14.9,0,,0,3,140,443.0,2
2024-09-30,M-O06,油压,14.4,0,,0,2,300,385.4,4
2024-09-30,M-O07,油压,17.8,0,,0,2,423,688.5,3
2024-09-30,M-O08,油压,14.0,0,,0,1,149,494.4,4
2024-09-30,M-O09,油压,13.9,0,,0,1,258,713.7,0
2024-09-30,M-D01,双色旋转,17.3,0,,0,1,505,180.5,2
2024-09-30,M-D02,双色旋转,16.0,0,,0,1,88,538.9,4
2024-09-30,M-D03,双色旋转,16.6,0,,0,2,521,577.2,3
2024-09-30,M-T01,两板,14.9,0,,0.3,2,445,40.8,3
2024-09-30,M-T02,两板,17.3,0,,0,2,148,471.2,1
2024-09-30,M-T03,两板,17.7,0,,0,3,192,915.3,0
2024-09-30,M-T04,两板,15.7,0,,0,1,312,1134.0,0
2024-10-01,M-E01,全电动,13.9,0,,0,2,433,30.2,1
2024-10-01,M-E02,全电动,15.5,0,,0,2,478,30.7,0
2024-10-01,M-E03,全电动,18.3,0,,0,2,128,51.8,1
2024-10-01,M-E04,全电动,15.8,0,,0,3,157,38.9,4
2024-10-01,M-E05,全电动,13.2,0,,0,2,133,40.9,1
2024-10-01,M-E06,全电动,17.8,0,,0,3,441,69.2,3
2024-10-01,M-E07,全电动,18.9,0,,0.4,2,556,86.1,1
2024-10-01,M-E08,全电动,14.0,0,,0,1,227,65.7,4
2024-10-01,M-E09,全电动,17.4,0,,0,2,291,124.1,4
2024-10-01,M-E10,全电动,18.0,0,,0,2,334,127.9,4
2024-10-01,M-E11,全电动,16.5,0,,0.1,2,596,118.4,0
2024-10-01,M-E12,全电动,15.3,0,,0.4,3,381,178.7,4
2024-10-01,M-E13,全电动,18.0,0,,0,2,112,190.8,4
2024-10-01,M-O01,油压,15.8,0,,0,3,119,222.1,1
2024-10-01,M-O02,油压,16.6,0,,0,1,448,216.2,3
2024-10-01,M-O03,油压,18.4,0,,0,2,361,288.5,1
2024-10-01,M-O04,油压,18.1,0,,0,2,468,469.2,4
2024-10-01,M-O05,油压,15.9,0,,0,1,440,447.3,0
2024-10-01,M-O06,油压,16.9,0,,0,2,331,530.2,1
2024-10-01,M-O07,油压,15.0,0,,0,1,465,671.9,0
2024-10-01,M-O08,油压,15.7,0,,0,2,83,724.5,3
2024-10-01,M-O09,油压,17.4,0,,0,1,557,903.9,2
2024-10-01,M-D01,双色旋转,18.0,0,,0.3,1,479,140.9,3
2024-10-01,M-D02,双色旋转,15.7,0,,0.4,1,223,498.8,0
2024-10-01,M-D03,双色旋转,16.6,0,,0,2,457,435.4,1
2024-10-01,M-T01,两板,14.3,0,,0,1,403,53.3,3
2024-10-01,M-T02,两板,16.9,0,,0.3,1,301,355.4,1
2024-10-01,M-T03,两板,13.7,0,,0,1,141,744.7,4
2024-10-01,M-T04,两板,18.4,0,,0,3,149,1554.9,1
2024-10-02,M-E01,全电动,17.4,0,,0,4,529,34.1,0
2024-10-02,M-E02,全电动,15.2,0,,0,2,202,27.2,3
2024-10-02,M-E03,全电动,14.9,0,,0,1,316,50.8,1
2024-10-02,M-E04,全电动,14.4,0,,0,1,234,40.5,4
2024-10-02,M-E05,全电动,18.4,0,,0,1,520,60.3,0
2024-10-02,M-E06,全电动,16.5,0,,0,2,353,50.6,4
2024-10-02,M-E07,全电动,13.9,0,,0,3,321,63.6,4
2024-10-02,M-E08,全电动,13.9,0,,0,2,435,82.8,4
2024-10-02,M-E09,全电动,18.1,0,,0,1,424,148.4,0
2024-10-02,M-E10,全电动,13.7,0,,0,3,187,114.1,0
2024-10-02,M-E11,全电动,14.9,0,,0,3,232,108.5,0
2024-10-02,M-E12,全电动,17.9,0,,0,4,393,209.8,4
2024-10-02,M-E13,全电动,18.3,0,,0,2,475,220.1,1
2024-10-02,M-O01,油压,17.9,0,,0,3,582,202.9,2
2024-10-02,M-O02,油压,18.7,0,,0,1,408,293.2,4
2024-10-02,M-O03,油压,14.299999999999999,3.1,电气故障,0,1,222,216.0,1
2024-10-02,M-O04,油压,17.3,0,,0,1,249,460.8,3
2024-10-02,M-O05,油压,14.0,0,,0,3,218,394.1,3
2024-10-02,M-O06,油压,13.2,0,,0,3,277,418.7,3
2024-10-02,M-O07,油压,15.2,0,,0,3,425,664.0,0
2024-10-02,M-O08,油压,16.4,0,,0,1,477,793.6,2
2024-10-02,M-O09,油压,15.1,0,,0,2,141,643.2,4
2024-10-02,M-D01,双色旋转,17.3,0,,0,1,316,168.0,2
2024-10-02,M-D02,双色旋转,14.7,0,,0.4,2,179,516.8,4
2024-10-02,M-D03,双色旋转,16.7,0,,0.3,2,592,594.1,0
2024-10-02,M-T01,两板,14.7,0,,0,2,470,41.9,2
2024-10-02,M-T02,两板,13.8,0,,0,1,100,380.2,1
2024-10-02,M-T03,两板,16.8,0,,0,1,484,1006.5,4
2024-10-02,M-T04,两板,18.6,0,,0,2,513,1240.5,2
2024-10-03,M-E01,全电动,13.2,0,,0,2,557,22.1,3
2024-10-03,M-E02,全电动,17.1,0,,0,1,118,33.5,3
2024-10-03,M-E03,全电动,15.9,0,,0.1,2,271,52.2,0
2024-10-03,M-E04,全电动,14.7,0,,0,2,597,36.1,4
2024-10-03,M-E05,全电动,14.2,0,,0.3,3,171,63.3,0
2024-10-03,M-E06,全电动,13.7,0,,0,3,89,41.1,1
2024-10-03,M-E07,全电动,13.3,0,,0,1,260,53.1,4
2024-10-03,M-E08,全电动,17.2,0,,0,2,250,86.8,1
2024-10-03,M-E09,全电动,14.5,0,,0.1,2,137,120.5,0
2024-10-03,M-E10,全电动,17.0,0,,0,3,270,119.0,2
2024-10-03,M-E11,全电动,14.1,0,,0,2,250,112.5,0
2024-10-03,M-E12,全电动,18.3,0,,0.3,3,189,152.5,0
2024-10-03,M-E13,全电动,14.6,0,,0,2,485,143.7,3
2024-10-03,M-O01,油压,18.3,0,,0.4,1,428,225.8,4
2024-10-03,M-O02,油压,16.1,0,,0,1,347,300.9,3
2024-10-03,M-O03,油压,14.3,0,,0,3,433,223.7,4
2024-10-03,M-O04,油压,16.9,0,,0,1,389,382.1,3
2024-10-03,M-O05,油压,19.0,0,,0,2,441,468.9,0
2024-10-03,M-O06,油压,15.2,0,,0,1,106,499.9,3
2024-10-03,M-O07,油压,18.3,0,,0.2,3,438,614.7,1
2024-10-03,M-O08,油压,15.1,0,,0,2,431,570.0,0
2024-10-03,M-O09,油压,16.7,0,,0,1,302,939.6,1
2024-10-03,M-D01,双色旋转,13.5,0,,0.3,1,96,116.7,1
2024-10-03,M-D02,双色旋转,17.0,0,,0,2,581,547.6,4
2024-10-03,M-D03,双色旋转,18.2,0,,0,2,166,523.5,1
2024-10-03,M-T01,两板,13.4,0,,0,3,167,48.1,3
2024-10-03,M-T02,两板,17.7,0,,0,2,88,470.6,2
2024-10-03,M-T03,两板,14.8,0,,0,1,558,828.7,4
2024-10-03,M-T04,两板,16.5,0,,0.1,1,137,1497.9,2
2024-10-04,M-E01,全电动,18.4,0,,0.0,2,383,36.9,3
2024-10-04,M-E02,全电动,16.9,1.1,加热系统,0,3,259,34.3,1
2024-10-04,M-E03,全电动,11.799999999999999,3.9,液压系统,0,2,150,35.9,0
2024-10-04,M-E04,全电动,17.7,0,,0,3,118,58.0,1
2024-10-04,M-E05,全电动,17.8,0,,0.2,3,496,64.7,1
2024-10-04,M-E06,全电动,15.7,0,,0,3,377,57.8,2
2024-10-04,M-E07,全电动,16.6,0,,0,2,251,64.9,4
2024-10-04,M-E08,全电动,13.1,0,,0,3,521,84.2,3
2024-10-04,M-E09,全电动,15.1,0,,0,2,120,83.7,1
2024-10-04,M-E10,全电动,15.7,0,,0.1,2,154,109.7,3
2024-10-04,M-E11,全电动,13.4,0,,0,1,254,109.8,3
2024-10-04,M-E12,全电动,14.8,0,,0.2,2,553,160.0,4
2024-10-04,M-E13,全电动,16.5,0,,0,3,267,197.9,0
2024-10-04,M-O01,油压,16.7,0,,0,2,518,193.6,1
2024-10-04,M-O02,油压,18.8,0,,0,3,455,350.7,4
2024-10-04,M-O03,油压,18.9,0,,0,2,321,409.5,4
2024-10-04,M-O04,油压,18.8,0,,0,2,95,383.0,2
2024-10-04,M-O05,油压,18.6,0,,0,2,386,429.0,4
2024-10-04,M-O06,油压,17.5,0,,0,3,561,654.3,2
2024-10-04,M-O07,油压,16.6,0,,0,1,393,720.6,2
2024-10-04,M-O08,油压,14.200000000000001,2.4,电气故障,0,3,542,514.3,3
2024-10-04,M-O09,油压,17.8,0,,0,3,174,985.8,4
2024-10-04,M-D01,双色旋转,13.5,0,,0,2,332,105.7,4
2024-10-04,M-D02,双色旋转,14.8,0,,0,2,553,462.5,0
2024-10-04,M-D03,双色旋转,18.4,0,,0,3,418,529.2,2
2024-10-04,M-T01,两板,17.7,0,,0,3,93,46.0,4
2024-10-04,M-T02,两板,14.5,0,,0,1,315,293.2,0
2024-10-04,M-T03,两板,17.2,0,,0.4,1,478,1076.9,1
2024-10-04,M-T04,两板,15.9,0,,0,2,592,1392.5,3
2024-10-05,M-E01,全电动,18.8,0,,0,3,235,40.7,3
2024-10-05,M-E02,全电动,15.6,0,,0,4,87,27.2,1
2024-10-05,M-E03,全电动,16.6,0,,0,1,351,50.2,2
2024-10-05,M-E04,全电动,16.2,0,,0,2,435,46.8,2
2024-10-05,M-E05,全电动,13.1,0,,0,1,431,56.1,3
2024-10-05,M-E06,全电动,15.0,0,,0,2,104,64.5,4
2024-10-05,M-E07,全电动,16.8,0,,0,3,168,81.3,0
2024-10-05,M-E08,全电动,13.4,0,,0.4,2,271,61.6,0
2024-10-05,M-E09,全电动,14.1,0,,0,2,262,98.0,4
2024-10-05,M-E10,全电动,14.2,0,,0,2,146,132.2,3
2024-10-05,M-E11,全电动,14.9,0,,0,2,412,128.8,4
2024-10-05,M-E12,全电动,17.2,0,,0,1,375,174.2,3
2024-10-05,M-E13,全电动,13.7,0,,0.1,2,274,160.8,0
2024-10-05,M-O01,油压,15.2,0,,0,2,260,226.8,2
2024-10-05,M-O02,油压,16.1,0,,0,2,513,270.3,2
2024-10-05,M-O03,油压,18.3,0,,0,3,462,407.0,3
2024-10-05,M-O04,油压,14.3,0,,0,1,543,313.4,2
2024-10-05,M-O05,油压,18.2,0,,0.4,2,283,508.1,2
2024-10-05,M-O06,油压,13.8,0,,0,1,380,352.4,4
2024-10-05,M-O07,油压,17.0,0,,0,2,399,687.1,3
2024-10-05,M-O08,油压,16.7,0,,0,3,158,599.5,1
2024-10-05,M-O09,油压,13.3,0,,0,1,462,626.3,3
2024-10-05,M-D01,双色旋转,16.3,0,,0.2,1,444,148.1,4
2024-10-05,M-D02,双色旋转,18.0,0,,0,3,244,452.1,3
2024-10-05,M-D03,双色旋转,15.7,0,,0,2,362,460.2,1
2024-10-05,M-T01,两板,14.4,0,,0,2,136,54.7,0
2024-10-05,M-T02,两板,14.3,0,,0.2,3,228,293.8,1
2024-10-05,M-T03,两板,14.1,0,,0,2,519,643.0,0
2024-10-05,M-T04,两板,15.5,0,,0.5,3,517,1220.3,0
2024-10-06,M-E01,全电动,15.7,0,,0.5,2,112,26.0,1
2024-10-06,M-E02,全电动,17.0,0,,0.4,3,316,29.8,2
2024-10-06,M-E03,全电动,17.4,0,,0,1,449,48.4,2
2024-10-06,M-E04,全电动,17.6,0,,0.5,3,214,41.6,0
2024-10-06,M-E05,全电动,18.1,0,,0,2,521,61.8,2
2024-10-06,M-E06,全电动,16.7,0,,0,3,338,63.1,4
2024-10-06,M-E07,全电动,17.3,0,,0,1,559,95.7,0
2024-10-06,M-E08,全电动,18.6,0,,0,1,440,115.6,3
2024-10-06,M-E09,全电动,16.7,0,,0,2,165,96.0,1
2024-10-06,M-E10,全电动,14.5,0,,0,2,184,116.7,1
2024-10-06,M-E11,全电动,16.4,0,,0,3,121,170.2,3
2024-10-06,M-E12,全电动,16.2,0,,0,1,388,186.0,0
2024-10-06,M-E13,全电动,14.7,0,,0,2,579,143.1,0
2024-10-06,M-O01,油压,15.6,0,,0,3,406,193.4,0
2024-10-06,M-O02,油压,13.6,0,,0,1,362,215.1,1
2024-10-06,M-O03,油压,15.3,0,,0,1,425,291.3,1
2024-10-06,M-O04,油压,14.3,0,,0,1,237,370.3,1
2024-10-06,M-O05,油压,15.2,0,,0.3,2,474,341.7,1
2024-10-06,M-O06,油压,16.4,0,,0,2,421,487.4,1
2024-10-06,M-O07,油压,13.1,0,,0.2,3,298,431.4,4
2024-10-06,M-O08,油压,18.2,0,,0.4,1,470,788.5,4
2024-10-06,M-O09,油压,16.3,0,,0.5,2,386,930.2,0
2024-10-06,M-D01,双色旋转,17.2,0,,0.1,2,418,155.4,2
2024-10-06,M-D02,双色旋转,14.8,0,,0,1,327,513.6,2
2024-10-06,M-D03,双色旋转,16.9,0,,0,2,543,633.0,4
2024-10-06,M-T01,两板,17.9,0,,0,2,509,55.4,0
2024-10-06,M-T02,两板,13.9,0,,0,4,97,283.4,2
2024-10-06,M-T03,两板,14.5,0,,0,2,112,794.7,0
2024-10-06,M-T04,两板,18.9,0,,0.0,3,125,1320.7,3
2024-10-07,M-E01,全电动,16.4,0,,0,3,260,30.4,3
2024-10-07,M-E02,全电动,16.9,0,,0.4,2,186,27.8,3
2024-10-07,M-E03,全电动,16.9,0,,0,2,193,49.7,0
2024-10-07,M-E04,全电动,16.3,2.2,加热系统,0,2,447,42.1,1
2024-10-07,M-E05,全电动,14.2,0,,0,4,416,48.5,3
2024-10-07,M-E06,全电动,18.7,0,,0,2,90,75.3,3
2024-10-07,M-E07,全电动,13.3,0,,0,1,226,66.2,0
2024-10-07,M-E08,全电动,16.8,0,,0,2,150,94.0,3
2024-10-07,M-E09,全电动,17.1,0,,0,1,242,131.4,2
2024-10-07,M-E10,全电动,16.0,0,,0,3,411,104.2,0
2024-10-07,M-E11,全电动,16.0,0,,0,2,189,167.1,1
2024-10-07,M-E12,全电动,15.1,0,,0,1,354,167.2,2
2024-10-07,M-E13,全电动,14.3,0,,0.3,1,319,152.9,0
2024-10-07,M-O01,油压,16.0,0,,0,2,442,184.8,2
2024-10-07,M-O02,油压,14.7,0,,0.4,1,368,207.8,2
2024-10-07,M-O03,油压,13.6,0,,0,1,335,207.1,3
2024-10-07,M-O04,油压,16.3,0,,0,1,527,377.1,1
2024-10-07,M-O05,油压,17.3,0,,0,2,344,458.3,2
2024-10-07,M-O06,油压,14.2,0,,0.3,2,255,483.8,0
2024-10-07,M-O07,油压,13.3,0,,0,4,451,463.7,2
2024-10-07,M-O08,油压,17.2,0,,0,2,261,835.6,0
2024-10-07,M-O09,油压,15.6,0,,0,1,279,747.4,3
2024-10-07,M-D01,双色旋转,16.2,0,,0,2,117,141.6,1
2024-10-07,M-D02,双色旋转,16.7,0,,0,2,307,618.5,2
2024-10-07,M-D03,双色旋转,18.2,0,,0,1,404,680.4,3
2024-10-07,M-T01,两板,13.8,0,,0,2,532,38.4,0
2024-10-07,M-T02,两板,18.8,0,,0,1,179,503.9,1
2024-10-07,M-T03,两板,15.0,0,,0,3,466,826.4,4
2024-10-07,M-T04,两板,16.8,0,,0.1,2,159,1153.9,4
2024-10-08,M-E01,全电动,14.2,0,,0,3,564,22.9,2
2024-10-08,M-E02,全电动,14.7,0,,0.2,1,259,23.2,1
2024-10-08,M-E03,全电动,16.4,0,,0,3,388,51.8,1
2024-10-08,M-E04,全电动,14.9,0,,0,2,274,40.3,2
2024-10-08,M-E05,全电动,18.4,0,,0,3,411,62.5,1
2024-10-08,M-E06,全电动,18.7,0,,0,2,285,67.4,2
2024-10-08,M-E07,全电动,16.1,0,,0,2,139,90.3,3
2024-10-08,M-E08,全电动,15.2,0,,0,3,317,76.5,3
2024-10-08,M-E09,全电动,18.8,0,,0.5,1,186,140.0,3
2024-10-08,M-E10,全电动,15.5,0,,0,1,475,113.9,2
2024-10-08,M-E11,全电动,13.1,0,,0,3,114,136.2,1
2024-10-08,M-E12,全电动,16.9,0,,0,1,149,150.4,4
2024-10-08,M-E13,全电动,17.7,0,,0.2,4,207,209.0,2
2024-10-08,M-O01,油压,16.3,0,,0,2,506,217.5,4
2024-10-08,M-O02,油压,15.4,0,,0,2,477,272.7,0
2024-10-08,M-O03,油压,15.8,0,,0,2,569,259.7,3
2024-10-08,M-O04,油压,15.2,0,,0,2,92,307.1,2
2024-10-08,M-O05,油压,14.8,0,,0,2,285,335.5,0
2024-10-08,M-O06,油压,14.5,0,,0,1,272,457.1,1
2024-10-08,M-O07,油压,17.8,0,,0.2,1,146,632.6,2
2024-10-08,M-O08,油压,18.6,0,,0,3,518,763.8,3
2024-10-08,M-O09,油压,18.6,0,,0,1,458,991.4,3
2024-10-08,M-D01,双色旋转,16.0,0,,0,2,256,132.8,1
2024-10-08,M-D02,双色旋转,15.9,0,,0,4,300,474.5,0
2024-10-08,M-D03,双色旋转,16.9,0,,0,1,207,598.5,2
2024-10-08,M-T01,两板,14.7,0,,0,2,157,48.6,2
2024-10-08,M-T02,两板,18.6,0,,0,1,395,413.2,1
2024-10-08,M-T03,两板,16.599999999999998,1.8,电气故障,0,1,412,1104.0,2
2024-10-08,M-T04,两板,16.2,0,,0.2,1,322,1039.1,2
2024-10-09,M-E01,全电动,17.0,0,,0,2,119,37.0,4
2024-10-09,M-E02,全电动,14.9,0,,0.5,3,158,28.3,4
2024-10-09,M-E03,全电动,14.1,0,,0,1,252,44.1,0
2024-10-09,M-E04,全电动,17.0,0,,0,3,382,42.5,3
2024-10-09,M-E05,全电动,19.0,0,,0,3,295,61.0,2
2024-10-09,M-E06,全电动,18.3,0,,0,3,97,81.6,1
2024-10-09,M-E07,全电动,16.5,0,,0,2,408,67.2,2
2024-10-09,M-E08,全电动,13.9,0,,0,2,224,91.0,2
2024-10-09,M-E09,全电动,14.0,0,,0,2,575,109.4,4
2024-10-09,M-E10,全电动,14.8,0,,0,3,473,128.6,2
2024-10-09,M-E11,全电动,17.6,0,,0,3,216,130.6,1
2024-10-09,M-E12,全电动,14.9,0,,0,2,277,172.6,0
2024-10-09,M-E13,全电动,14.3,0,,0,1,281,139.6,4
2024-10-09,M-O01,油压,14.7,0,,0.0,2,291,181.4,4
2024-10-09,M-O02,油压,16.0,0,,0,2,372,214.3,4
2024-10-09,M-O03,油压,15.6,0,,0,1,557,244.2,2
2024-10-09,M-O04,油压,18.3,0,,0,3,382,350.4,0
2024-10-09,M-O05,油压,17.4,0,,0,2,94,543.2,3
2024-10-09,M-O06,油压,16.0,0,,0,2,448,573.1,2
2024-10-09,M-O07,油压,17.3,0,,0,1,281,564.7,3
2024-10-09,M-O08,油压,14.9,0,,0,2,278,579.4,1
2024-10-09,M-O09,油压,17.7,0,,0,2,100,935.0,4
2024-10-09,M-D01,双色旋转,16.8,0,,0,1,592,176.7,4
2024-10-09,M-D02,双色旋转,17.1,0,,0,3,455,572.6,1
2024-10-09,M-D03,双色旋转,14.4,0,,0,2,436,441.8,0
2024-10-09,M-T01,两板,13.5,0,,0,3,146,49.8,2
2024-10-09,M-T02,两板,16.1,0,,0,2,255,417.5,0
2024-10-09,M-T03,两板,14.4,0,,0,2,132,882.4,4
2024-10-09,M-T04,两板,17.6,0,,0,2,196,1329.2,0
2024-10-10,M-E01,全电动,17.3,0,,0.1,4,446,36.4,2
2024-10-10,M-E02,全电动,18.2,0,,0.3,2,141,36.1,1
2024-10-10,M-E03,全电动,17.1,0,,0,4,518,42.8,1
2024-10-10,M-E04,全电动,14.0,0,,0.5,3,81,43.0,1
2024-10-10,M-E05,全电动,15.9,0,,0.3,1,500,48.9,4
2024-10-10,M-E06,全电动,17.0,0,,0,2,98,62.0,2
2024-10-10,M-E07,全电动,14.8,0,,0,2,334,60.2,2
2024-10-10,M-E08,全电动,17.2,0,,0,3,443,106.9,0
2024-10-10,M-E09,全电动,15.5,0,,0.4,2,210,103.9,2
2024-10-10,M-E10,全电动,16.7,0,,0,4,434,156.6,0
2024-10-10,M-E11,全电动,14.5,0,,0.1,1,503,140.5,4
2024-10-10,M-E12,全电动,13.1,0,,0,4,364,142.0,4
2024-10-10,M-E13,全电动,15.5,0,,0,1,228,203.8,3
2024-10-10,M-O01,油压,19.0,0,,0,2,405,221.3,0
2024-10-10,M-O02,油压,17.8,0,,0,2,577,296.4,1
2024-10-10,M-O03,油压,13.4,0,,0,2,490,289.1,4
2024-10-10,M-O04,油压,18.4,0,,0,3,400,435.9,0
2024-10-10,M-O05,油压,19.0,0,,0,2,558,601.0,4
2024-10-10,M-O06,油压,14.2,0,,0,1,276,420.8,1
2024-10-10,M-O07,油压,17.4,0,,0,3,249,567.6,1
2024-10-10,M-O08,油压,14.9,0,,0,4,567,523.7,3
2024-10-10,M-O09,油压,16.0,0,,0,1,130,775.9,3
2024-10-10,M-D01,双色旋转,14.9,0,,0.2,1,463,150.9,1
2024-10-10,M-D02,双色旋转,11.4,3.4,加热系统,0,3,385,399.0,3
2024-10-10,M-D03,双色旋转,14.5,3.7,加热系统,0,2,100,437.4,0
2024-10-10,M-T01,两板,14.4,0,,0,1,398,52.1,0
2024-10-10,M-T02,两板,16.5,0,,0,4,419,489.6,1
2024-10-10,M-T03,两板,15.0,0,,0,1,219,920.7,0
2024-10-10,M-T04,两板,13.8,0,,0,1,480,1028.3,3
2024-10-11,M-E01,全电动,13.3,0,,0.1,3,446,28.4,0
2024-10-11,M-E02,全电动,15.4,0,,0,1,117,30.6,4
2024-10-11,M-E03,全电动,17.8,0,,0,3,348,57.7,1
2024-10-11,M-E04,全电动,17.7,0,,0,2,530,55.7,4
2024-10-11,M-E05,全电动,17.5,0,,0,3,102,54.1,0
2024-10-11,M-E06,全电动,18.3,0,,0,2,445,62.3,4
2024-10-11,M-E07,全电动,15.4,0,,0,3,565,67.1,0
2024-10-11,M-E08,全电动,16.7,0,,0.0,2,277,78.7,2
2024-10-11,M-E09,全电动,13.1,0,,0,3,149,109.3,1
2024-10-11,M-E10,全电动,14.3,0,,0,3,88,115.5,0
2024-10-11,M-E11,全电动,14.6,0,,0.0,2,158,122.5,3
2024-10-11,M-E12,全电动,18.2,0,,0,4,170,173.9,4
2024-10-11,M-E13,全电动,14.1,0,,0,2,164,131.4,2
2024-10-11,M-O01,油压,14.1,0,,0.2,3,543,216.7,0
2024-10-11,M-O02,油压,17.2,0,,0,1,253,251.7,3
2024-10-11,M-O03,油压,15.5,0,,0,2,466,244.1,3
2024-10-11,M-O04,油压,16.2,0,,0,3,582,352.6,0
2024-10-11,M-O05,油压,13.4,0,,0,4,373,403.1,3
2024-10-11,M-O06,油压,16.5,0,,0.2,1,533,425.2,2
2024-10-11,M-O07,油压,17.3,0,,0,1,466,542.8,3
2024-10-11,M-O08,油压,15.2,0,,0,3,236,624.6,4
2024-10-11,M-O09,油压,15.4,0,,0,2,229,822.6,0
2024-10-11,M-D01,双色旋转,16.1,0,,0,2,539,129.9,3
2024-10-11,M-D02,双色旋转,17.1,0,,0,2,246,530.5,1
2024-10-11,M-D03,双色旋转,16.1,0,,0,4,187,479.1,1
2024-10-11,M-T01,两板,17.5,0,,0,1,306,62.7,1
2024-10-11,M-T02,两板,15.6,0,,0,4,336,409.5,2
2024-10-11,M-T03,两板,13.7,0,,0,2,355,905.2,2
2024-10-11,M-T04,两板,17.4,0,,0,1,273,1204.1,0
2024-10-12,M-E01,全电动,16.6,0,,0,2,317,26.2,4
2024-10-12,M-E02,全电动,16.5,0,,0,3,453,27.7,4
2024-10-12,M-E03,全电动,15.9,0,,0,3,279,36.5,4
2024-10-12,M-E04,全电动,18.2,0,,0,3,508,45.6,2
2024-10-12,M-E05,全电动,14.3,0,,0.4,3,238,47.8,0
2024-10-12,M-E06,全电动,15.5,0,,0,3,252,69.4,3
2024-10-12,M-E07,全电动,15.7,0,,0,1,384,72.8,1
2024-10-12,M-E08,全电动,15.2,0,,0,2,394,99.3,1
2024-10-12,M-E09,全电动,13.7,0,,0,1,301,82.8,3
2024-10-12,M-E10,全电动,14.6,0,,0,1,157,136.0,2
2024-10-12,M-E11,全电动,16.1,0,,0,1,484,140.0,0
2024-10-12,M-E12,全电动,9.299999999999999,3.9,传感器异常,0.1,2,235,85.3,1
2024-10-12,M-E13,全电动,13.6,0,,0,2,552,152.1,3
2024-10-12,M-O01,油压,14.5,0,,0,3,467,216.0,2
2024-10-12,M-O02,油压,15.0,0,,0,2,555,225.1,1
2024-10-12,M-O03,油压,13.3,0,,0,3,265,277.9,4
2024-10-12,M-O04,油压,14.2,0,,0,2,288,365.4,1
2024-10-12,M-O05,油压,15.4,0,,0,3,416,474.4,2
2024-10-12,M-O06,油压,18.0,0,,0,5,181,629.0,1
2024-10-12,M-O07,油压,13.9,0,,0,4,261,486.8,1
2024-10-12,M-O08,油压,13.9,0,,0,2,200,711.0,1
2024-10-12,M-O09,油压,17.0,0,,0,1,205,882.9,2
2024-10-12,M-D01,双色旋转,17.0,0,,0,3,132,138.6,4
2024-10-12,M-D02,双色旋转,15.3,0,,0,2,141,484.4,0
2024-10-12,M-D03,双色旋转,13.3,0,,0,1,112,382.5,4
2024-10-12,M-T01,两板,15.6,0,,0,1,163,44.9,0
2024-10-12,M-T02,两板,15.0,0,,0,2,288,364.4,4
2024-10-12,M-T03,两板,15.6,0,,0,2,169,863.5,3
2024-10-12,M-T04,两板,16.2,0,,0,3,574,1331.5,1
2024-10-13,M-E01,全电动,17.0,0,,0.1,3,584,34.6,4
2024-10-13,M-E02,全电动,16.1,0,,0,2,193,33.4,2
2024-10-13,M-E03,全电动,16.9,0,,0.1,3,452,52.5,2
2024-10-13,M-E04,全电动,16.8,0,,0,1,356,55.0,2
2024-10-13,M-E05,全电动,15.3,0,,0.0,1,292,66.0,2
2024-10-13,M-E06,全电动,14.2,0,,0,3,250,52.7,0
2024-10-13,M-E07,全电动,16.9,0,,0,2,135,65.9,4
2024-10-13,M-E08,全电动,13.2,0,,0,4,319,87.2,2
2024-10-13,M-E09,全电动,18.7,0,,0,2,249,116.0,3
2024-10-13,M-E10,全电动,14.4,0,,0,2,119,115.0,3
2024-10-13,M-E11,全电动,15.5,0,,0,2,148,122.8,1
2024-10-13,M-E12,全电动,17.2,0,,0,2,267,162.6,3
2024-10-13,M-E13,全电动,18.6,0,,0.1,1,388,190.6,4
2024-10-13,M-O01,油压,13.2,0,,0,2,470,163.3,3
2024-10-13,M-O02,油压,15.6,0,,0,2,582,283.1,4
2024-10-13,M-O03,油压,17.3,0,,0,1,297,282.0,0
2024-10-13,M-O04,油压,14.2,0,,0.4,1,599,305.4,1
2024-10-13,M-O05,油压,13.9,0,,0,1,333,296.4,4
2024-10-13,M-O06,油压,18.9,0,,0,1,390,479.0,0
2024-10-13,M-O07,油压,14.1,0,,0,2,176,511.8,0
2024-10-13,M-O08,油压,13.0,0,,0,3,350,531.6,3
2024-10-13,M-O09,油压,13.5,0,,0,1,327,627.4,3
2024-10-13,M-D01,双色旋转,13.0,0,,0,3,361,94.5,0
2024-10-13,M-D02,双色旋转,15.3,0,,0,2,465,409.9,2
2024-10-13,M-D03,双色旋转,16.6,0,,0,3,208,464.7,1
2024-10-13,M-T01,两板,16.1,0,,0,2,489,48.6,4
2024-10-13,M-T02,两板,16.8,0,,0,1,93,488.2,1
2024-10-13,M-T03,两板,14.6,0,,0,2,337,718.3,4
2024-10-13,M-T04,两板,13.4,0,,0,3,526,1138.1,2
2024-10-14,M-E01,全电动,15.4,0,,0,1,376,33.2,0
2024-10-14,M-E02,全电动,18.0,0,,0,1,117,28.1,3
2024-10-14,M-E03,全电动,15.2,0,,0,1,529,47.8,3
2024-10-14,M-E04,全电动,14.1,0,,0,4,483,44.6,0
2024-10-14,M-E05,全电动,18.1,0,,0,2,219,71.2,1
2024-10-14,M-E06,全电动,15.2,0,,0,2,368,48.4,4
2024-10-14,M-E07,全电动,15.3,0,,0.0,2,500,64.1,1
2024-10-14,M-E08,全电动,15.7,0,,0,1,247,106.9,3
2024-10-14,M-E09,全电动,14.0,0,,0,1,227,93.0,1
2024-10-14,M-E10,全电动,16.4,0,,0,1,128,138.0,0
2024-10-14,M-E11,全电动,18.5,0,,0,1,546,158.1,2
2024-10-14,M-E12,全电动,14.2,0,,0,3,358,126.0,4
2024-10-14,M-E13,全电动,17.5,0,,0,3,185,153.8,0
2024-10-14,M-O01,油压,17.1,0,,0,3,477,262.1,2
2024-10-14,M-O02,油压,11.0,3.1,传感器异常,0,2,320,207.9,0
2024-10-14,M-O03,油压,15.6,0,,0.3,3,559,325.8,1
2024-10-14,M-O04,油压,13.6,0,,0.1,2,379,344.4,4
2024-10-14,M-O05,油压,18.1,0,,0,2,411,393.5,0
2024-10-14,M-O06,油压,15.6,0,,0,2,358,460.6,0
2024-10-14,M-O07,油压,16.0,0,,0.5,2,546,499.7,4
2024-10-14,M-O08,油压,17.1,0,,0,2,546,736.8,2
2024-10-14,M-O09,油压,11.100000000000001,2.7,模具问题,0,2,90,455.5,3
2024-10-14,M-D01,双色旋转,16.1,0,,0.1,3,147,141.9,2
2024-10-14,M-D02,双色旋转,15.1,0,,0.2,3,512,425.6,0
2024-10-14,M-D03,双色旋转,13.2,0,,0,3,550,356.4,3
2024-10-14,M-T01,两板,18.9,0,,0.3,3,446,65.6,0
2024-10-14,M-T02,两板,15.7,0,,0,2,275,388.1,0
2024-10-14,M-T03,两板,17.4,0,,0,3,498,1184.2,4
2024-10-14,M-T04,两板,17.2,0,,0.3,2,389,1103.3,2
2024-10-15,M-E01,全电动,17.9,0,,0,2,404,34.5,1
2024-10-15,M-E02,全电动,15.2,0,,0,2,127,31.7,1
2024-10-15,M-E03,全电动,16.7,0,,0,1,446,38.9,4
2024-10-15,M-E04,全电动,13.3,0,,0,1,416,36.6,4
2024-10-15,M-E05,全电动,18.6,0,,0.1,1,363,71.9,2
2024-10-15,M-E06,全电动,17.2,0,,0,3,472,69.9,0
2024-10-15,M-E07,全电动,15.9,0,,0,1,301,76.8,3
2024-10-15,M-E08,全电动,16.8,0,,0,2,112,89.3,0
2024-10-15,M-E09,全电动,17.0,0,,0,1,271,100.4,0
2024-10-15,M-E10,全电动,17.9,0,,0,1,494,164.8,3
2024-10-15,M-E11,全电动,16.4,0,,0,2,179,152.3,2
2024-10-15,M-E12,全电动,13.5,0,,0,1,567,134.3,3
2024-10-15,M-E13,全电动,14.5,0,,0,3,102,164.1,2
2024-10-15,M-O01,油压,16.7,0,,0,2,440,239.1,3
2024-10-15,M-O02,油压,13.3,2.1,传感器异常,0,2,517,192.0,4
2024-10-15,M-O03,油压,18.4,0,,0,1,141,406.0,4
2024-10-15,M-O04,油压,16.8,0,,0,2,171,373.1,2
2024-10-15,M-O05,油压,18.3,0,,0.5,2,372,561.1,3
2024-10-15,M-O06,油压,13.1,0,,0,2,327,373.1,0
2024-10-15,M-O07,油压,15.1,0,,0.2,1,386,622.7,2
2024-10-15,M-O08,油压,13.9,0,,0,1,338,622.2,3
2024-10-15,M-O09,油压,14.9,0,,0,1,475,798.2,2
2024-10-15,M-D01,双色旋转,14.6,0,,0,2,524,126.7,0
2024-10-15,M-D02,双色旋转,17.9,0,,0,2,133,538.9,1
2024-10-15,M-D03,双色旋转,14.1,0,,0,2,414,424.2,2
2024-10-15,M-T01,两板,13.1,0,,0,3,222,33.9,1
2024-10-15,M-T02,两板,13.7,0,,0,1,505,275.0,0
2024-10-15,M-T03,两板,19.0,0,,0,2,369,1109.7,1
2024-10-15,M-T04,两板,13.8,0,,0,3,347,923.2,1
2024-10-16,M-E01,全电动,17.0,0,,0.0,3,276,37.1,2
2024-10-16,M-E02,全电动,13.7,0,,0.0,3,113,27.7,2
2024-10-16,M-E03,全电动,18.5,0,,0,2,573,47.4,1
2024-10-16,M-E04,全电动,15.0,0,,0,3,434,45.5,0
2024-10-16,M-E05,全电动,15.2,0,,0.2,3,591,56.8,2
2024-10-16,M-E06,全电动,13.4,0,,0.0,2,130,44.2,3
2024-10-16,M-E07,全电动,18.3,0,,0,2,334,73.2,4
2024-10-16,M-E08,全电动,14.7,0,,0,3,189,77.7,2
2024-10-16,M-E09,全电动,13.8,0,,0,3,331,107.6,2
2024-10-16,M-E10,全电动,18.1,0,,0,2,411,124.0,1
2024-10-16,M-E11,全电动,18.1,0,,0,2,406,140.1,1
2024-10-16,M-E12,全电动,18.1,0,,0,3,581,172.2,0
2024-10-16,M-E13,全电动,15.1,0,,0,2,577,183.9,2
2024-10-16,M-O01,油压,13.4,0,,0,2,399,182.6,4
2024-10-16,M-O02,油压,9.7,3.7,加热系统,0,1,406,142.2,3
2024-10-16,M-O03,油压,14.6,0,,0,3,169,289.2,1
2024-10-16,M-O04,油压,14.4,0,,0,1,164,356.1,1
2024-10-16,M-O05,油压,13.5,0,,0,3,188,300.9,4
2024-10-16,M-O06,油压,17.5,0,,0.3,2,551,645.3,1
2024-10-16,M-O07,油压,16.6,0,,0,2,413,738.1,4
2024-10-16,M-O08,油压,13.2,0,,0,1,349,546.8,2
2024-10-16,M-O09,油压,15.1,0,,0,1,462,897.2,4
2024-10-16,M-D01,双色旋转,14.7,0,,0.1,2,410,140.5,3
2024-10-16,M-D02,双色旋转,13.2,0,,0,2,177,485.9,2
2024-10-16,M-D03,双色旋转,15.2,0,,0,1,248,568.9,3
2024-10-16,M-T01,两板,14.1,0,,0,1,589,42.8,4
2024-10-16,M-T02,两板,13.2,0,,0,3,116,388.2,4
2024-10-16,M-T03,两板,15.2,0,,0,3,248,968.5,2
2024-10-16,M-T04,两板,13.3,0,,0,1,86,1147.5,1
2024-10-17,M-E01,全电动,18.7,0,,0.4,2,205,30.9,4
2024-10-17,M-E02,全电动,16.1,0,,0,1,239,28.5,1
2024-10-17,M-E03,全电动,15.9,0,,0,2,461,45.5,4
2024-10-17,M-E04,全电动,15.9,0,,0,2,277,46.5,0
2024-10-17,M-E05,全电动,17.1,0,,0,2,403,70.0,1
2024-10-17,M-E06,全电动,18.9,0,,0,3,363,59.2,4
2024-10-17,M-E07,全电动,16.5,0,,0,2,582,87.4,3
2024-10-17,M-E08,全电动,18.6,0,,0,4,492,92.7,0
2024-10-17,M-E09,全电动,15.7,0,,0,4,559,99.3,0
2024-10-17,M-E10,全电动,14.3,0,,0,2,195,90.7,4
2024-10-17,M-E11,全电动,15.0,0,,0,1,118,147.9,0
2024-10-17,M-E12,全电动,16.4,0,,0,3,522,134.6,3
2024-10-17,M-E13,全电动,15.6,0,,0,1,450,185.2,1
2024-10-17,M-O01,油压,18.1,0,,0,4,273,225.0,2
2024-10-17,M-O02,油压,17.8,0,,0.2,3,545,242.4,2
2024-10-17,M-O03,油压,15.0,0,,0,3,119,253.7,3
2024-10-17,M-O04,油压,16.8,0,,0,2,367,331.0,4
2024-10-17,M-O05,油压,16.8,1.4,液压系统,0,1,358,363.4,0
2024-10-17,M-O06,油压,15.6,0,,0.4,2,431,472.8,3
2024-10-17,M-O07,油压,18.5,0,,0,4,554,830.0,3
2024-10-17,M-O08,油压,13.0,0,,0,3,152,533.8,1
2024-10-17,M-O09,油压,16.9,0,,0,3,422,994.0,0
2024-10-17,M-D01,双色旋转,17.9,0,,0,2,324,144.7,2
2024-10-17,M-D02,双色旋转,15.0,0,,0,1,517,406.9,3
2024-10-17,M-D03,双色旋转,14.3,0,,0,2,568,396.6,1
2024-10-17,M-T01,两板,18.5,0,,0,1,86,46.7,2
2024-10-17,M-T02,两板,18.9,0,,0,1,103,520.1,3
2024-10-17,M-T03,两板,14.1,0,,0,2,229,825.4,2
2024-10-17,M-T04,两板,15.0,0,,0,2,411,1284.3,4
2024-10-18,M-E01,全电动,17.1,0,,0,2,157,37.1,2
2024-10-18,M-E02,全电动,15.0,0,,0,1,573,28.9,3
2024-10-18,M-E03,全电动,16.6,0,,0.4,3,410,38.9,1
2024-10-18,M-E04,全电动,18.7,0,,0,2,156,47.9,2
2024-10-18,M-E05,全电动,16.8,0,,0,1,542,53.7,1
2024-10-18,M-E06,全电动,17.0,0,,0,3,365,68.7,2
2024-10-18,M-E07,全电动,14.9,0,,0.4,3,162,61.2,3
2024-10-18,M-E08,全电动,15.2,0,,0,2,561,83.5,2
2024-10-18,M-E09,全电动,14.7,0,,0,2,112,102.2,0
2024-10-18,M-E10,全电动,18.2,0,,0,3,571,156.5,1
2024-10-18,M-E11,全电动,17.1,0,,0,1,481,161.7,0
2024-10-18,M-E12,全电动,13.7,0,,0,1,402,124.4,4
2024-10-18,M-E13,全电动,16.3,0,,0,2,293,181.6,2
2024-10-18,M-O01,油压,16.1,0,,0,2,88,266.3,2
2024-10-18,M-O02,油压,13.8,0,,0,2,565,255.9,1
2024-10-18,M-O03,油压,16.2,0,,0,2,431,276.8,4
2024-10-18,M-O04,油压,17.3,0,,0,2,308,433.0,1
2024-10-18,M-O05,油压,16.4,0,,0,2,506,446.0,4
2024-10-18,M-O06,油压,18.6,0,,0,2,415,681.5,3
2024-10-18,M-O07,油压,17.1,0,,0,2,337,764.7,3
2024-10-18,M-O08,油压,15.1,0,,0,4,497,577.8,3
2024-10-18,M-O09,油压,17.5,0,,0,2,352,895.1,0
2024-10-18,M-D01,双色旋转,14.6,0,,0,2,184,133.2,0
2024-10-18,M-D02,双色旋转,13.3,0,,0,2,521,464.4,4
2024-10-18,M-D03,双色旋转,13.7,0,,0.3,1,360,516.7,3
2024-10-18,M-T01,两板,16.5,0,,0,1,314,43.7,3
2024-10-18,M-T02,两板,16.2,0,,0,1,131,483.4,1
2024-10-18,M-T03,两板,14.4,0,,0,1,510,956.4,3
2024-10-18,M-T04,两板,17.6,0,,0.3,2,514,1533.3,0
2024-10-19,M-E01,全电动,13.4,0,,0.1,3,225,20.6,4
2024-10-19,M-E02,全电动,17.3,0,,0.2,2,102,38.5,2
2024-10-19,M-E03,全电动,16.9,0,,0,1,355,45.6,1
2024-10-19,M-E04,全电动,13.2,0,,0,1,518,37.2,4
2024-10-19,M-E05,全电动,13.7,0,,0,1,99,54.1,0
2024-10-19,M-E06,全电动,16.9,0,,0.0,3,533,69.7,1
2024-10-19,M-E07,全电动,13.3,0,,0,3,296,70.2,3
2024-10-19,M-E08,全电动,14.4,0,,0.4,3,568,87.4,2
2024-10-19,M-E09,全电动,17.3,0,,0,2,317,137.5,2
2024-10-19,M-E10,全电动,17.3,0,,0.4,3,415,113.9,2
2024-10-19,M-E11,全电动,17.2,0,,0,2,313,143.6,1
2024-10-19,M-E12,全电动,18.6,0,,0,1,373,183.8,0
2024-10-19,M-E13,全电动,13.6,0,,0,1,490,140.6,2
2024-10-19,M-O01,油压,13.0,0,,0,1,167,183.7,2
2024-10-19,M-O02,油压,13.8,0,,0,2,420,258.0,3
2024-10-19,M-O03,油压,14.8,0,,0,2,108,235.4,4
2024-10-19,M-O04,油压,13.6,0,,0,1,573,278.7,1
2024-10-19,M-O05,油压,14.8,0,,0,1,580,451.6,2
2024-10-19,M-O06,油压,16.3,0,,0,2,187,555.8,2
2024-10-19,M-O07,油压,16.1,0,,0,2,307,698.8,0
2024-10-19,M-O08,油压,15.3,0,,0,3,112,568.8,1
2024-10-19,M-O09,油压,16.1,0,,0,2,544,849.9,4
2024-10-19,M-D01,双色旋转,16.4,0,,0,1,440,127.6,1
2024-10-19,M-D02,双色旋转,16.9,0,,0.2,3,440,579.5,3
2024-10-19,M-D03,双色旋转,15.0,0,,0,1,287,377.8,4
2024-10-19,M-T01,两板,18.4,0,,0,2,477,58.5,4
2024-10-19,M-T02,两板,16.1,0,,0,2,233,442.0,3
2024-10-19,M-T03,两板,14.4,0,,0,3,527,945.8,4
2024-10-19,M-T04,两板,17.6,0,,0,1,592,1427.5,2
2024-10-20,M-E01,全电动,14.9,0,,0,2,583,29.4,2
2024-10-20,M-E02,全电动,16.4,0,,0,2,563,33.4,1
2024-10-20,M-E03,全电动,15.3,0,,0,4,488,49.6,0
2024-10-20,M-E04,全电动,18.9,0,,0,3,457,63.5,4
2024-10-20,M-E05,全电动,15.8,0,,0,1,458,60.8,0
2024-10-20,M-E06,全电动,15.9,0,,0,2,570,60.6,3
2024-10-20,M-E07,全电动,15.4,0,,0,2,315,58.9,0
2024-10-20,M-E08,全电动,14.1,0,,0,1,362,93.1,0
2024-10-20,M-E09,全电动,18.2,0,,0,2,496,140.9,3
2024-10-20,M-E10,全电动,18.5,0,,0,1,352,145.0,1
2024-10-20,M-E11,全电动,18.6,0,,0,2,193,151.4,2
2024-10-20,M-E12,全电动,13.2,0,,0.3,2,272,117.1,2
2024-10-20,M-E13,全电动,15.1,0,,0,2,363,173.2,4
2024-10-20,M-O01,油压,17.3,0,,0,2,151,282.5,1
2024-10-20,M-O02,油压,18.2,0,,0,3,130,289.9,1
2024-10-20,M-O03,油压,16.9,0,,0,1,436,269.6,4
2024-10-20,M-O04,油压,17.8,0,,0,2,213,483.0,1
2024-10-20,M-O05,油压,14.7,0,,0,1,231,334.2,3
2024-10-20,M-O06,油压,16.1,0,,0,2,185,456.5,2
2024-10-20,M-O07,油压,16.6,0,,0,2,595,666.9,3
2024-10-20,M-O08,油压,18.1,0,,0,3,328,864.1,2
2024-10-20,M-O09,油压,13.2,0,,0,2,392,536.3,1
2024-10-20,M-D01,双色旋转,14.2,0,,0.4,3,444,107.9,0
2024-10-20,M-D02,双色旋转,15.5,0,,0,2,372,581.8,4
2024-10-20,M-D03,双色旋转,18.5,0,,0,2,283,470.1,1
2024-10-20,M-T01,两板,17.1,0,,0,1,228,51.8,2
2024-10-20,M-T02,两板,16.1,0,,0,2,268,387.0,3
2024-10-20,M-T03,两板,15.4,0,,0,2,549,764.0,3
2024-10-20,M-T04,两板,14.6,0,,0,2,314,937.4,1
2024-10-21,M-E01,全电动,17.1,0,,0,2,369,34.5,1
2024-10-21,M-E02,全电动,17.5,0,,0.3,2,417,36.1,3
2024-10-21,M-E03,全电动,15.7,0,,0,2,201,36.6,4
2024-10-21,M-E04,全电动,15.7,0,,0.4,4,504,35.5,4
2024-10-21,M-E05,全电动,14.9,0,,0.2,2,254,57.2,4
2024-10-21,M-E06,全电动,14.1,0,,0,4,521,53.4,4
2024-10-21,M-E07,全电动,17.9,0,,0,2,466,99.7,4
2024-10-21,M-E08,全电动,17.6,0,,0,2,543,104.7,1
2024-10-21,M-E09,全电动,15.7,0,,0,2,128,95.8,1
2024-10-21,M-E10,全电动,16.8,0,,0,2,291,113.0,3
2024-10-21,M-E11,全电动,16.0,0,,0.0,3,540,166.3,0
2024-10-21,M-E12,全电动,18.3,0,,0,1,354,183.4,2
2024-10-21,M-E13,全电动,17.0,0,,0,3,365,155.6,3
2024-10-21,M-O01,油压,16.3,0,,0,1,399,239.4,1
2024-10-21,M-O02,油压,16.2,0,,0,3,191,207.1,2
2024-10-21,M-O03,油压,13.2,0,,0,4,128,257.0,0
2024-10-21,M-O04,油压,15.7,0,,0,2,168,394.2,0
2024-10-21,M-O05,油压,14.0,0,,0,1,598,346.2,0
2024-10-21,M-O06,油压,15.7,0,,0,1,512,506.6,1
2024-10-21,M-O07,油压,16.1,0,,0,1,475,598.2,3
2024-10-21,M-O08,油压,15.6,0,,0,2,235,603.5,2
2024-10-21,M-O09,油压,15.7,0,,0,2,139,735.3,1
2024-10-21,M-D01,双色旋转,18.7,0,,0,3,219,187.1,0
2024-10-21,M-D02,双色旋转,13.9,0,,0,2,236,514.3,3
2024-10-21,M-D03,双色旋转,18.3,0,,0,2,315,588.5,0
2024-10-21,M-T01,两板,15.8,0,,0,2,559,40.2,3
2024-10-21,M-T02,两板,16.9,0,,0,1,95,477.3,2
2024-10-21,M-T03,两板,14.2,0,,0,1,576,683.9,3
2024-10-21,M-T04,两板,18.8,0,,0,2,511,1470.4,4
2024-10-22,M-E01,全电动,13.9,0,,0,1,151,30.5,0
2024-10-22,M-E02,全电动,13.9,0,,0.3,2,80,23.8,3
2024-10-22,M-E03,全电动,16.1,0,,0,3,190,46.9,2
2024-10-22,M-E04,全电动,13.4,0,,0,2,464,41.2,0
2024-10-22,M-E05,全电动,15.5,0,,0,2,430,48.6,4
2024-10-22,M-E06,全电动,14.0,0,,0.1,2,551,62.8,0
2024-10-22,M-E07,全电动,16.6,0,,0,1,475,92.0,1
2024-10-22,M-E08,全电动,15.0,0,,0,2,121,91.6,3
2024-10-22,M-E09,全电动,15.6,0,,0,1,166,129.0,4
2024-10-22,M-E10,全电动,16.3,0,,0.2,2,212,117.7,0
2024-10-22,M-E11,全电动,18.8,0,,0,1,573,147.1,3
2024-10-22,M-E12,全电动,13.2,0,,0,2,299,108.2,1
2024-10-22,M-E13,全电动,13.1,0,,0,1,113,133.8,2
2024-10-22,M-O01,油压,16.2,0,,0,3,254,186.3,3
2024-10-22,M-O02,油压,18.0,0,,0.1,3,88,314.9,4
2024-10-22,M-O03,油压,14.3,0,,0,2,130,281.9,1
2024-10-22,M-O04,油压,16.5,0,,0,3,367,462.6,1
2024-10-22,M-O05,油压,16.8,0,,0.3,2,574,513.4,1
2024-10-22,M-O06,油压,17.1,0,,0,1,477,462.5,2
2024-10-22,M-O07,油压,15.7,0,,0,2,244,581.2,0
2024-10-22,M-O08,油压,16.9,0,,0,2,436,727.5,1
2024-10-22,M-O09,油压,16.2,0,,0,1,449,673.1,3
2024-10-22,M-D01,双色旋转,17.8,0,,0,1,214,130.4,4
2024-10-22,M-D02,双色旋转,17.6,0,,0,2,383,641.7,4
2024-10-22,M-D03,双色旋转,17.3,0,,0,1,98,483.4,3
2024-10-22,M-T01,两板,14.3,0,,0,1,406,53.4,1
2024-10-22,M-T02,两板,18.1,0,,0.4,3,340,414.8,2
2024-10-22,M-T03,两板,15.8,0,,0,3,474,955.2,2
2024-10-22,M-T04,两板,17.8,0,,0.1,1,261,1153.4,1
2024-10-23,M-E01,全电动,14.3,0,,0,1,261,23.4,4
2024-10-23,M-E02,全电动,15.8,0,,0.1,1,153,29.2,2
2024-10-23,M-E03,全电动,18.8,0,,0.3,2,475,60.7,3
2024-10-23,M-E04,全电动,15.3,0,,0,2,301,39.3,2
2024-10-23,M-E05,全电动,14.5,0,,0,2,278,58.6,4
2024-10-23,M-E06,全电动,15.9,0,,0,1,499,62.1,3
2024-10-23,M-E07,全电动,15.4,0,,0,1,539,82.7,0
2024-10-23,M-E08,全电动,15.7,0,,0,4,201,71.3,1
2024-10-23,M-E09,全电动,16.5,0,,0,1,231,100.9,1
2024-10-23,M-E10,全电动,14.1,0,,0,1,148,97.8,2
2024-10-23,M-E11,全电动,16.9,0,,0,2,320,123.2,4
2024-10-23,M-E12,全电动,17.3,0,,0,2,139,208.4,4
2024-10-23,M-E13,全电动,18.2,0,,0,3,540,162.2,4
2024-10-23,M-O01,油压,15.3,0,,0,2,191,198.0,0
2024-10-23,M-O02,油压,16.6,0,,0,2,492,232.3,3
2024-10-23,M-O03,油压,18.1,0,,0.2,1,272,408.1,0
2024-10-23,M-O04,油压,18.4,0,,0.0,2,378,440.6,1
2024-10-23,M-O05,油压,18.7,0,,0,1,237,414.9,1
2024-10-23,M-O06,油压,14.0,0,,0,1,349,351.4,0
2024-10-23,M-O07,油压,12.600000000000001,1.7,模具问题,0,3,150,524.1,1
2024-10-23,M-O08,油压,13.4,0,,0,1,432,622.2,1
2024-10-23,M-O09,油压,18.8,0,,0,1,180,1090.1,1
2024-10-23,M-D01,双色旋转,16.6,0,,0.0,2,96,171.0,1
2024-10-23,M-D02,双色旋转,14.4,0,,0,2,429,524.3,3
2024-10-23,M-D03,双色旋转,10.8,3.6,传感器异常,0,2,498,343.2,1
2024-10-23,M-T01,两板,18.8,0,,0.1,2,268,58.0,4
2024-10-23,M-T02,两板,18.0,0,,0,2,448,374.4,3
2024-10-23,M-T03,两板,16.7,0,,0,1,577,1069.7,1
2024-10-23,M-T04,两板,13.9,1.9,电气故障,0,2,330,1302.6,0
2024-10-24,M-E01,全电动,15.2,0,,0,1,503,33.4,0
2024-10-24,M-E02,全电动,13.1,0,,0,1,339,24.6,0
2024-10-24,M-E03,全电动,16.2,0,,0,1,263,38.3,3
2024-10-24,M-E04,全电动,18.7,0,,0,1,376,60.1,2
2024-10-24,M-E05,全电动,14.6,0,,0,1,471,44.3,4
2024-10-24,M-E06,全电动,15.7,0,,0,3,356,59.2,0
2024-10-24,M-E07,全电动,15.2,0,,0,2,475,59.8,0
2024-10-24,M-E08,全电动,13.7,0,,0,3,462,64.4,3
2024-10-24,M-E09,全电动,17.8,0,,0,2,476,106.0,3
2024-10-24,M-E10,全电动,15.4,0,,0,1,149,114.0,1
2024-10-24,M-E11,全电动,18.1,0,,0,2,129,144.0,4
2024-10-24,M-E12,全电动,18.0,0,,0,4,373,153.7,4
2024-10-24,M-E13,全电动,18.8,0,,0,1,288,216.8,3
2024-10-24,M-O01,油压,17.3,0,,0,2,483,209.9,1
2024-10-24,M-O02,油压,15.9,0,,0,3,154,239.4,3
2024-10-24,M-O03,油压,15.1,0,,0,2,352,330.1,4
2024-10-24,M-O04,油压,15.6,0,,0,2,333,369.5,1
2024-10-24,M-O05,油压,14.1,0,,0,2,166,354.3,3
2024-10-24,M-O06,油压,16.1,0,,0,1,583,595.2,4
2024-10-24,M-O07,油压,17.2,0,,0,1,533,638.5,2
2024-10-24,M-O08,油压,13.4,0,,0,2,147,562.7,1
2024-10-24,M-O09,油压,14.4,0,,0,2,126,661.4,3
2024-10-24,M-D01,双色旋转,18.4,0,,0.4,1,494,167.0,3
2024-10-24,M-D02,双色旋转,13.2,0,,0,3,513,381.5,4
2024-10-24,M-D03,双色旋转,17.5,0,,0,3,101,448.8,4
2024-10-24,M-T01,两板,13.6,0,,0,2,439,37.8,1
2024-10-24,M-T02,两板,16.0,0,,0,3,204,420.9,0
2024-10-24,M-T03,两板,13.0,0,,0,2,341,600.8,4
2024-10-24,M-T04,两板,17.3,0,,0,2,530,1321.9,4
2024-10-25,M-E01,全电动,18.1,0,,0,2,592,36.6,4
2024-10-25,M-E02,全电动,17.1,0,,0,1,374,35.4,2
2024-10-25,M-E03,全电动,15.5,0,,0,2,538,45.6,2
2024-10-25,M-E04,全电动,18.3,0,,0,3,85,48.4,4
2024-10-25,M-E05,全电动,18.1,0,,0.2,3,238,82.3,0
2024-10-25,M-E06,全电动,16.3,0,,0,2,381,69.1,1
2024-10-25,M-E07,全电动,17.0,0,,0,2,266,75.0,3
2024-10-25,M-E08,全电动,17.1,0,,0.1,3,129,87.2,0
2024-10-25,M-E09,全电动,15.2,0,,0,3,407,106.1,1
2024-10-25,M-E10,全电动,14.3,0,,0,2,138,91.9,0
2024-10-25,M-E11,全电动,14.9,0,,0.2,2,464,116.4,1
2024-10-25,M-E12,全电动,15.0,0,,0,1,558,130.1,3
2024-10-25,M-E13,全电动,13.6,0,,0,2,273,121.3,3
2024-10-25,M-O01,油压,15.1,0,,0.5,1,268,244.4,0
2024-10-25,M-O02,油压,18.5,0,,0,3,143,327.3,4
2024-10-25,M-O03,油压,17.9,0,,0,3,247,291.0,3
2024-10-25,M-O04,油压,15.5,0,,0,2,529,424.2,2
2024-10-25,M-O05,油压,17.8,0,,0,2,130,545.7,2
2024-10-25,M-O06,油压,15.5,0,,0,1,348,412.3,1
2024-10-25,M-O07,油压,16.6,0,,0.1,3,274,631.2,2
2024-10-25,M-O08,油压,17.3,0,,0,2,465,637.6,3
2024-10-25,M-O09,油压,18.5,0,,0,3,457,1100.6,3
2024-10-25,M-D01,双色旋转,18.3,0,,0,1,521,190.5,4
2024-10-25,M-D02,双色旋转,14.3,0,,0,3,331,475.4,4
2024-10-25,M-D03,双色旋转,17.2,0,,0,2,458,632.9,0
2024-10-25,M-T01,两板,13.1,0,,0,1,235,43.1,4
2024-10-25,M-T02,两板,13.5,0,,0.4,1,464,335.0,3
2024-10-25,M-T03,两板,14.0,0,,0,2,488,680.8,0
2024-10-25,M-T04,两板,18.4,0,,0.3,3,401,1204.2,3
2024-10-26,M-E01,全电动,16.1,0,,0.0,3,502,27.5,3
2024-10-26,M-E02,全电动,17.2,0,,0.3,2,579,38.4,2
2024-10-26,M-E03,全电动,18.7,0,,0,2,401,56.0,2
2024-10-26,M-E04,全电动,14.0,0,,0,3,391,46.0,1
2024-10-26,M-E05,全电动,17.3,0,,0,2,180,53.5,4
2024-10-26,M-E06,全电动,18.1,0,,0.2,2,327,80.1,1
2024-10-26,M-E07,全电动,17.7,0,,0,1,95,100.4,4
2024-10-26,M-E08,全电动,18.7,0,,0,3,176,121.4,2
2024-10-26,M-E09,全电动,14.7,0,,0,2,332,108.1,3
2024-10-26,M-E10,全电动,18.7,0,,0,1,592,160.7,1
2024-10-26,M-E11,全电动,14.6,0,,0,2,269,132.8,2
2024-10-26,M-E12,全电动,16.2,0,,0,2,143,159.5,0
2024-10-26,M-E13,全电动,18.6,0,,0.2,2,500,220.1,1
2024-10-26,M-O01,油压,13.5,0,,0,2,184,196.4,3
2024-10-26,M-O02,油压,14.9,0,,0,3,198,241.7,0
2024-10-26,M-O03,油压,18.7,0,,0,1,274,373.8,0
2024-10-26,M-O04,油压,16.7,0,,0,2,298,391.8,1
2024-10-26,M-O05,油压,15.6,0,,0,3,112,371.5,0
2024-10-26,M-O06,油压,18.6,0,,0,2,227,655.1,4
2024-10-26,M-O07,油压,16.7,0,,0,2,380,576.8,4
2024-10-26,M-O08,油压,13.6,0,,0,2,260,704.4,1
2024-10-26,M-O09,油压,15.9,0,,0,3,343,660.8,4
2024-10-26,M-D01,双色旋转,18.5,0,,0,3,373,177.9,4
2024-10-26,M-D02,双色旋转,14.2,0,,0.4,3,260,536.1,3
2024-10-26,M-D03,双色旋转,13.299999999999999,1.9,模具问题,0,2,370,443.8,1
2024-10-26,M-T01,两板,14.3,0,,0,2,548,54.2,4
2024-10-26,M-T02,两板,16.5,0,,0,2,440,389.5,0
2024-10-26,M-T03,两板,17.9,0,,0,1,394,976.3,2
2024-10-26,M-T04,两板,15.9,0,,0,2,239,1472.1,2
2024-10-27,M-E01,全电动,13.7,0,,0,1,249,29.0,3
2024-10-27,M-E02,全电动,17.4,0,,0,3,147,38.3,3
2024-10-27,M-E03,全电动,17.6,0,,0,3,333,47.1,3
2024-10-27,M-E04,全电动,15.1,0,,0,3,545,42.6,3
2024-10-27,M-E05,全电动,14.5,0,,0,1,237,56.8,4
2024-10-27,M-E06,全电动,13.7,0,,0,3,443,46.9,0
2024-10-27,M-E07,全电动,17.7,0,,0,1,171,66.4,1
2024-10-27,M-E08,全电动,15.400000000000002,0.7,加热系统,0,1,305,80.9,3
2024-10-27,M-E09,全电动,12.7,1.3,液压系统,0,2,284,95.8,3
2024-10-27,M-E10,全电动,13.299999999999999,3.6,模具问题,0,2,83,86.0,1
2024-10-27,M-E11,全电动,17.1,0,,0.4,1,98,139.5,3
2024-10-27,M-E12,全电动,13.2,0,,0,3,542,122.1,2
2024-10-27,M-E13,全电动,15.2,0,,0,4,243,159.9,3
2024-10-27,M-O01,油压,18.1,0,,0,2,501,253.8,0
2024-10-27,M-O02,油压,18.2,0,,0,3,344,280.5,1
2024-10-27,M-O03,油压,15.3,0,,0,1,445,243.5,2
2024-10-27,M-O04,油压,14.3,0,,0.2,1,326,300.6,2
2024-10-27,M-O05,油压,18.4,0,,0,3,445,554.9,2
2024-10-27,M-O06,油压,17.2,0,,0,1,293,500.4,2
2024-10-27,M-O07,油压,17.9,0,,0,2,478,696.1,0
2024-10-27,M-O08,油压,13.4,0,,0,3,186,540.0,2
2024-10-27,M-O09,油压,15.1,0,,0,1,527,759.0,1
2024-10-27,M-D01,双色旋转,16.3,0,,0,1,420,159.6,3
2024-10-27,M-D02,双色旋转,15.7,0,,0,1,579,479.7,3
2024-10-27,M-D03,双色旋转,15.0,0,,0,1,592,484.3,1
2024-10-27,M-T01,两板,15.1,3.1,加热系统,0,2,469,57.2,0
2024-10-27,M-T02,两板,18.9,0,,0,3,276,468.2,4
2024-10-27,M-T03,两板,14.5,0,,0,2,458,864.5,0
2024-10-27,M-T04,两板,13.4,0,,0,2,536,1141.1,0
2024-10-28,M-E01,全电动,15.1,0,,0,1,160,23.1,3
2024-10-28,M-E02,全电动,14.9,0,,0,3,114,29.8,3
2024-10-28,M-E03,全电动,15.3,0,,0,2,187,45.4,4
2024-10-28,M-E04,全电动,18.1,0,,0.2,2,372,58.3,3
2024-10-28,M-E05,全电动,18.0,0,,0.1,2,479,81.0,1
2024-10-28,M-E06,全电动,17.1,0,,0,2,340,53.5,3
2024-10-28,M-E07,全电动,13.2,0,,0,3,556,50.0,0
2024-10-28,M-E08,全电动,14.0,0,,0,3,347,79.0,2
2024-10-28,M-E09,全电动,17.6,0,,0,2,315,103.7,4
2024-10-28,M-E10,全电动,16.3,0,,0,1,578,135.4,3
2024-10-28,M-E11,全电动,14.3,0,,0,2,247,131.0,2
2024-10-28,M-E12,全电动,15.7,0,,0,1,222,171.2,0
2024-10-28,M-E13,全电动,14.1,0,,0,4,493,157.6,4
2024-10-28,M-O01,油压,13.6,0,,0,2,531,219.2,1
2024-10-28,M-O02,油压,14.5,0,,0,2,368,237.1,2
2024-10-28,M-O03,油压,13.8,0,,0,2,468,292.9,2
2024-10-28,M-O04,油压,13.3,0,,0.2,2,319,327.8,4
2024-10-28,M-O05,油压,14.1,0,,0,4,532,422.8,4
2024-10-28,M-O06,油压,16.1,0,,0,2,226,595.3,2
2024-10-28,M-O07,油压,9.5,3.8,模具问题,0,3,99,349.6,3
2024-10-28,M-O08,油压,13.6,0,,0,2,154,494.0,3
2024-10-28,M-O09,油压,18.9,0,,0,4,270,1077.4,4
2024-10-28,M-D01,双色旋转,15.7,0,,0,3,189,129.9,2
2024-10-28,M-D02,双色旋转,18.7,0,,0,2,363,698.4,3
2024-10-28,M-D03,双色旋转,18.1,0,,0,2,477,532.5,0
2024-10-28,M-T01,两板,17.1,0,,0,2,253,59.4,2
2024-10-28,M-T02,两板,17.6,0,,0,2,531,358.7,3
2024-10-28,M-T03,两板,11.9,2.1,电气故障,0,1,182,802.6,1
2024-10-28,M-T04,两板,16.1,0,,0,2,564,1178.3,1
2024-10-29,M-E01,全电动,17.0,0,,0,1,467,28.3,3
2024-10-29,M-E02,全电动,16.9,0,,0,4,240,38.2,3
2024-10-29,M-E03,全电动,17.3,0,,0,1,534,55.5,2
2024-10-29,M-E04,全电动,15.2,0,,0,2,490,48.1,2
2024-10-29,M-E05,全电动,18.7,0,,0,1,256,77.4,1
2024-10-29,M-E06,全电动,17.5,0,,0.3,1,280,58.7,2
2024-10-29,M-E07,全电动,17.4,0,,0,1,121,84.6,2
2024-10-29,M-E08,全电动,14.2,0,,0,2,429,96.3,2
2024-10-29,M-E09,全电动,18.5,0,,0,2,564,117.9,1
2024-10-29,M-E10,全电动,13.8,2.8,模具问题,0,1,470,124.1,0
2024-10-29,M-E11,全电动,13.9,0,,0,2,458,129.7,1
2024-10-29,M-E12,全电动,16.7,0,,0,3,165,139.0,2
2024-10-29,M-E13,全电动,17.9,0,,0,1,143,174.1,4
2024-10-29,M-O01,油压,15.2,0,,0,2,213,229.9,2
2024-10-29,M-O02,油压,17.3,0,,0.5,2,333,315.8,4
2024-10-29,M-O03,油压,15.6,0,,0,1,234,238.3,1
2024-10-29,M-O04,油压,18.0,0,,0,2,196,409.6,0
2024-10-29,M-O05,油压,16.8,0,,0.1,3,197,491.4,4
2024-10-29,M-O06,油压,18.2,0,,0,2,476,478.6,3
2024-10-29,M-O07,油压,16.7,0,,0,1,86,696.2,1
2024-10-29,M-O08,油压,16.8,0,,0,2,439,844.8,2
2024-10-29,M-O09,油压,17.0,0,,0.2,2,197,896.4,1
2024-10-29,M-D01,双色旋转,16.4,0,,0,2,113,125.9,3
2024-10-29,M-D02,双色旋转,15.0,0,,0,1,89,428.0,2
2024-10-29,M-D03,双色旋转,17.7,0,,0,2,233,456.4,4
2024-10-29,M-T01,两板,17.6,0,,0,3,141,47.6,4
2024-10-29,M-T02,两板,16.9,0,,0,2,254,506.9,4
2024-10-29,M-T03,两板,16.8,0,,0,1,394,1109.4,4
2024-10-29,M-T04,两板,18.6,0,,0,3,208,1623.4,1
2024-10-30,M-E01,全电动,14.8,0,,0,2,286,25.2,2
2024-10-30,M-E02,全电动,16.6,0,,0,2,142,32.0,1
2024-10-30,M-E03,全电动,14.1,0,,0,1,518,42.6,0
2024-10-30,M-E04,全电动,17.1,0,,0,2,436,40.1,1
2024-10-30,M-E05,全电动,13.6,0,,0,2,194,45.0,4
2024-10-30,M-E06,全电动,13.7,0,,0,3,593,50.6,4
2024-10-30,M-E07,全电动,15.8,0,,0,4,568,59.7,1
2024-10-30,M-E08,全电动,17.4,0,,0,3,457,112.9,4
2024-10-30,M-E09,全电动,17.5,0,,0,1,104,121.0,3
2024-10-30,M-E10,全电动,14.5,0,,0,1,298,107.6,3
2024-10-30,M-E11,全电动,18.0,0,,0,3,574,168.2,3
2024-10-30,M-E12,全电动,14.1,0,,0,3,418,140.3,2
2024-10-30,M-E13,全电动,15.6,0,,0.5,2,409,138.3,2
2024-10-30,M-O01,油压,13.7,0,,0,2,416,182.2,4
2024-10-30,M-O02,油压,18.5,0,,0,1,526,247.7,0
2024-10-30,M-O03,油压,14.0,0,,0,3,327,289.7,3
2024-10-30,M-O04,油压,17.9,0,,0,1,82,379.1,2
2024-10-30,M-O05,油压,14.8,0,,0.3,3,576,450.9,4
2024-10-30,M-O06,油压,15.2,0,,0,3,419,540.8,4
2024-10-30,M-O07,油压,13.9,0,,0.3,3,526,517.3,4
2024-10-30,M-O08,油压,16.5,0,,0,1,441,699.9,4
2024-10-30,M-O09,油压,14.5,0,,0,3,92,659.8,3
2024-10-30,M-D01,双色旋转,14.9,0,,0,2,128,153.3,1
2024-10-30,M-D02,双色旋转,17.7,0,,0,2,81,662.8,0
2024-10-30,M-D03,双色旋转,17.8,0,,0,2,284,549.8,2
2024-10-30,M-T01,两板,15.1,0,,0,1,123,51.8,2
2024-10-30,M-T02,两板,15.6,0,,0,1,559,338.4,3
2024-10-30,M-T03,两板,10.3,3.5,电气故障,0,1,541,639.5,2
2024-10-30,M-T04,两板,16.0,0,,0,1,415,1193.3,3
2024-10-31,M-E01,全电动,17.9,0,,0.0,4,500,38.5,1
2024-10-31,M-E02,全电动,14.0,0,,0,2,354,21.8,0
2024-10-31,M-E03,全电动,16.9,0,,0,2,121,48.9,3
2024-10-31,M-E04,全电动,14.3,0,,0,1,491,42.9,2
2024-10-31,M-E05,全电动,17.7,0,,0,2,432,72.8,3
2024-10-31,M-E06,全电动,18.7,0,,0,1,485,70.3,1
2024-10-31,M-E07,全电动,16.6,0,,0,3,88,75.2,4
2024-10-31,M-E08,全电动,17.8,0,,0.2,1,454,100.2,0
2024-10-31,M-E09,全电动,14.6,0,,0,3,188,96.2,2
2024-10-31,M-E10,全电动,17.7,0,,0,2,382,112.8,2
2024-10-31,M-E11,全电动,14.9,0,,0,3,331,136.1,0
2024-10-31,M-E12,全电动,13.1,0,,0.3,3,95,109.9,0
2024-10-31,M-E13,全电动,13.9,0,,0.4,1,254,162.9,1
2024-10-31,M-O01,油压,15.7,0,,0,4,391,205.6,0
2024-10-31,M-O02,油压,15.3,0,,0,1,230,203.1,0
2024-10-31,M-O03,油压,13.3,0.6,加热系统,0,1,197,290.0,3
2024-10-31,M-O04,油压,14.3,0,,0.4,2,350,344.8,4
2024-10-31,M-O05,油压,18.7,0,,0,1,128,406.6,2
2024-10-31,M-O06,油压,15.9,0,,0,2,386,585.9,2
2024-10-31,M-O07,油压,15.7,0,,0,1,438,653.0,2
2024-10-31,M-O08,油压,13.5,0,,0,1,304,711.2,4
2024-10-31,M-O09,油压,18.5,0,,0.3,2,271,897.5,4
2024-10-31,M-D01,双色旋转,15.6,0,,0,1,425,147.0,3
2024-10-31,M-D02,双色旋转,18.4,0,,0,2,306,622.0,4
2024-10-31,M-D03,双色旋转,17.6,0,,0,3,394,570.3,3
2024-10-31,M-T01,两板,16.8,0.9,传感器异常,0,1,324,61.7,2
2024-10-31,M-T02,两板,15.1,0,,0.4,2,249,326.9,2
2024-10-31,M-T03,两板,16.7,0,,0.3,3,305,792.3,1
2024-10-31,M-T04,两板,14.6,0,,0,2,244,1348.2,0
2024-11-01,M-E01,全电动,15.7,0,,0,4,579,34.6,4
2024-11-01,M-E02,全电动,15.7,0,,0,1,516,35.7,2
2024-11-01,M-E03,全电动,18.8,0,,0,3,508,51.8,0
2024-11-01,M-E04,全电动,17.9,0,,0,3,343,44.9,1
2024-11-01,M-E05,全电动,17.4,0,,0,5,289,63.7,3
2024-11-01,M-E06,全电动,16.6,0,,0,4,433,59.9,3
2024-11-01,M-E07,全电动,18.0,0,,0,2,198,90.0,0
2024-11-01,M-E08,全电动,16.1,0,,0,2,143,106.8,4
2024-11-01,M-E09,全电动,15.0,0,,0.4,2,565,107.0,4
2024-11-01,M-E10,全电动,13.3,0,,0,2,393,118.1,4
2024-11-01,M-E11,全电动,16.3,0,,0,1,383,160.2,1
2024-11-01,M-E12,全电动,13.9,0,,0,3,207,150.3,3
2024-11-01,M-E13,全电动,15.7,0,,0,1,386,156.6,3
2024-11-01,M-O01,油压,13.1,0,,0,1,416,212.3,3
2024-11-01,M-O02,油压,14.7,0,,0,4,590,272.4,1
2024-11-01,M-O03,油压,17.0,0,,0,1,100,324.6,0
2024-11-01,M-O04,油压,14.1,0,,0,2,84,340.9,0
2024-11-01,M-O05,油压,13.5,0,,0,4,345,380.6,0
2024-11-01,M-O06,油压,18.3,0,,0,2,270,614.0,3
2024-11-01,M-O07,油压,16.5,0,,0.5,2,445,710.4,1
2024-11-01,M-O08,油压,13.5,0,,0,1,157,695.7,0
2024-11-01,M-O09,油压,13.4,0,,0,4,181,604.6,0
2024-11-01,M-D01,双色旋转,17.0,0,,0,2,293,122.0,4
2024-11-01,M-D02,双色旋转,13.7,0,,0,2,470,422.3,0
2024-11-01,M-D03,双色旋转,15.7,0,,0,1,475,521.1,4
2024-11-01,M-T01,两板,18.8,0,,0.4,4,397,66.8,3
2024-11-01,M-T02,两板,16.3,0,,0,2,503,393.6,4
2024-11-01,M-T03,两板,16.8,0,,0,3,114,915.7,2
2024-11-01,M-T04,两板,13.9,0,,0.5,3,244,1233.9,2
2024-11-02,M-E01,全电动,14.6,0,,0,4,237,22.5,4
2024-11-02,M-E02,全电动,15.5,0,,0,1,90,32.1,3
2024-11-02,M-E03,全电动,16.2,0,,0,1,144,49.5,3
2024-11-02,M-E04,全电动,13.9,0,,0,3,169,38.0,0
2024-11-02,M-E05,全电动,17.4,0,,0,2,336,67.8,3
2024-11-02,M-E06,全电动,17.7,0,,0.2,3,383,73.5,4
2024-11-02,M-E07,全电动,14.0,0,,0,1,483,70.8,1
2024-11-02,M-E08,全电动,15.0,0,,0,1,538,74.3,0
2024-11-02,M-E09,全电动,17.2,0,,0,2,505,115.3,4
2024-11-02,M-E10,全电动,14.8,0,,0,3,429,116.9,0
2024-11-02,M-E11,全电动,18.5,0,,0,2,530,178.9,4
2024-11-02,M-E12,全电动,11.7,3.9,电气故障,0,4,255,118.1,3
2024-11-02,M-E13,全电动,15.6,0,,0,2,271,181.3,2
2024-11-02,M-O01,油压,18.7,0,,0,1,538,286.9,0
2024-11-02,M-O02,油压,16.3,0,,0,3,509,234.5,0
2024-11-02,M-O03,油压,13.4,0,,0,2,520,215.1,4
2024-11-02,M-O04,油压,15.7,0,,0,3,366,394.8,4
2024-11-02,M-O05,油压,19.0,0,,0.2,4,314,448.0,0
2024-11-02,M-O06,油压,14.0,0,,0,3,166,531.0,3
2024-11-02,M-O07,油压,14.6,0,,0,2,162,613.9,4
2024-11-02,M-O08,油压,18.4,0,,0,1,270,919.7,3
2024-11-02,M-O09,油压,15.4,0,,0,3,324,798.8,3
2024-11-02,M-D01,双色旋转,18.4,0,,0,2,450,164.8,1
2024-11-02,M-D02,双色旋转,14.8,0,,0,4,366,459.9,4
2024-11-02,M-D03,双色旋转,14.9,0,,0.2,2,412,471.3,0
2024-11-02,M-T01,两板,18.5,0,,0,2,281,52.7,1
2024-11-02,M-T02,两板,18.5,0,,0,4,165,538.6,4
2024-11-02,M-T03,两板,16.6,0,,0.5,2,433,1057.7,3
2024-11-02,M-T04,两板,15.6,0,,0.2,2,558,1145.9,3
2024-11-03,M-E01,全电动,15.8,0,,0,1,367,30.1,1
2024-11-03,M-E02,全电动,18.9,0,,0,2,201,37.8,0
2024-11-03,M-E03,全电动,13.4,0,,0,2,101,35.6,4
2024-11-03,M-E04,全电动,13.3,0,,0,1,228,38.5,1
2024-11-03,M-E05,全电动,13.6,1.4,加热系统,0.3,1,343,54.9,2
2024-11-03,M-E06,全电动,13.4,0,,0,1,419,61.0,1
2024-11-03,M-E07,全电动,13.2,0,,0,3,341,56.2,4
2024-11-03,M-E08,全电动,17.9,0,,0.4,3,461,103.1,1
2024-11-03,M-E09,全电动,17.5,0,,0,2,353,146.0,3
2024-11-03,M-E10,全电动,16.0,0,,0,3,230,116.6,4
2024-11-03,M-E11,全电动,14.2,0,,0,2,522,132.1,0
2024-11-03,M-E12,全电动,16.4,0,,0,1,144,187.0,0
2024-11-03,M-E13,全电动,15.9,0,,0,2,105,189.9,3
2024-11-03,M-O01,油压,18.9,0,,0,1,293,235.4,4
2024-11-03,M-O02,油压,16.6,0,,0.2,1,559,298.4,1
2024-11-03,M-O03,油压,14.2,0,,0,3,381,272.7,0
2024-11-03,M-O04,油压,14.2,0,,0,2,517,312.7,4
2024-11-03,M-O05,油压,16.4,0,,0.3,2,322,361.2,4
2024-11-03,M-O06,油压,15.2,0,,0,2,390,423.4,3
2024-11-03,M-O07,油压,15.1,0,,0,3,147,576.3,1
2024-11-03,M-O08,油压,17.0,0,,0,2,370,670.1,4
2024-11-03,M-O09,油压,18.0,0,,0,1,524,1055.9,3
2024-11-03,M-D01,双色旋转,15.0,0,,0,2,533,130.2,2
2024-11-03,M-D02,双色旋转,13.8,0,,0,3,310,364.2,2
2024-11-03,M-D03,双色旋转,17.3,0,,0,1,540,559.6,1
2024-11-03,M-T01,两板,16.4,0,,0,2,82,47.6,4
2024-11-03,M-T02,两板,16.1,0,,0,3,515,351.4,1
2024-11-03,M-T03,两板,15.4,0,,0,2,440,991.0,0
2024-11-03,M-T04,两板,18.5,0,,0,1,573,1476.1,0
2024-11-04,M-E01,全电动,17.0,0,,0,1,243,36.5,0
2024-11-04,M-E02,全电动,18.4,0,,0,2,541,41.1,0
2024-11-04,M-E03,全电动,16.4,0,,0.2,1,201,41.0,2
2024-11-04,M-E04,全电动,15.1,0,,0,4,212,38.2,1
2024-11-04,M-E05,全电动,13.8,0,,0,2,192,55.5,2
2024-11-04,M-E06,全电动,16.5,0,,0,3,248,70.8,1
2024-11-04,M-E07,全电动,14.0,0,,0,2,497,76.8,0
2024-11-04,M-E08,全电动,17.1,0,,0,3,387,116.9,0
2024-11-04,M-E09,全电动,14.9,0,,0,1,331,110.4,4
2024-11-04,M-E10,全电动,16.9,0,,0,1,354,109.7,1
2024-11-04,M-E11,全电动,16.0,0,,0,2,92,134.8,0
2024-11-04,M-E12,全电动,18.6,0,,0,2,129,217.7,4
2024-11-04,M-E13,全电动,17.2,0,,0,2,554,184.9,3
2024-11-04,M-O01,油压,18.0,0,,0,2,525,222.0,2
2024-11-04,M-O02,油压,13.3,0,,0,2,481,248.2,0
2024-11-04,M-O03,油压,18.2,0,,0.4,3,223,317.1,1
2024-11-04,M-O04,油压,13.6,0,,0,2,597,321.9,0
2024-11-04,M-O05,油压,13.2,0,,0,2,260,331.7,0
2024-11-04,M-O06,油压,17.3,0,,0,2,384,600.0,2
2024-11-04,M-O07,油压,13.6,0,,0,3,216,581.7,1
2024-11-04,M-O08,油压,15.2,0,,0,2,200,649.7,2
2024-11-04,M-O09,油压,14.6,0,,0,1,340,810.9,4
2024-11-04,M-D01,双色旋转,14.4,0,,0,1,559,104.1,2
2024-11-04,M-D02,双色旋转,15.1,0,,0,3,135,407.3,3
2024-11-04,M-D03,双色旋转,16.8,0,,0,1,409,482.9,4
2024-11-04,M-T01,两板,13.6,0,,0,3,351,44.9,2
2024-11-04,M-T02,两板,15.0,0,,0,3,256,328.5,4
2024-11-04,M-T03,两板,17.3,0,,0,2,496,981.8,1
2024-11-04,M-T04,两板,16.6,0,,0,2,541,1046.5,2
2024-11-05,M-E01,全电动,16.4,0,,0,3,496,35.6,3
2024-11-05,M-E02,全电动,16.0,0,,0,3,90,36.4,0
2024-11-05,M-E03,全电动,17.9,0,,0,2,197,51.2,3
2024-11-05,M-E04,全电动,13.0,0,,0.2,2,163,37.5,4
2024-11-05,M-E05,全电动,15.9,0,,0,2,524,50.4,4
2024-11-05,M-E06,全电动,17.8,0,,0,2,579,56.5,2
2024-11-05,M-E07,全电动,14.9,0,,0,1,376,70.8,2
2024-11-05,M-E08,全电动,17.6,0,,0,1,388,86.6,3
2024-11-05,M-E09,全电动,16.1,0,,0,2,266,128.0,3
2024-11-05,M-E10,全电动,18.4,0,,0,3,377,165.2,0
2024-11-05,M-E11,全电动,13.8,0,,0,1,569,135.1,4
2024-11-05,M-E12,全电动,17.2,0,,0,2,245,142.5,3
2024-11-05,M-E13,全电动,17.5,0,,0,2,574,188.1,3
2024-11-05,M-O01,油压,16.2,0,,0,2,538,225.7,1
2024-11-05,M-O02,油压,17.9,0,,0,2,351,270.4,4
2024-11-05,M-O03,油压,15.8,0,,0,3,294,307.4,0
2024-11-05,M-O04,油压,18.0,0,,0,1,596,355.4,2
2024-11-05,M-O05,油压,13.7,0,,0,2,496,316.6,2
2024-11-05,M-O06,油压,12.200000000000001,3.9,模具问题,0,2,341,320.5,3
2024-11-05,M-O07,油压,14.5,0,,0,1,90,637.7,1
2024-11-05,M-O08,油压,18.3,0,,0,1,471,940.4,3
2024-11-05,M-O09,油压,18.5,0,,0.3,2,329,899.8,0
2024-11-05,M-D01,双色旋转,18.6,0,,0,3,464,173.8,3
2024-11-05,M-D02,双色旋转,13.8,0,,0,1,571,409.3,1
2024-11-05,M-D03,双色旋转,17.3,0,,0,2,209,452.6,0
2024-11-05,M-T01,两板,17.1,0,,0,4,349,57.3,0
2024-11-05,M-T02,两板,14.6,0,,0,2,490,345.0,2
2024-11-05,M-T03,两板,16.2,0,,0,1,409,1040.4,3
2024-11-05,M-T04,两板,15.6,0,,0,3,122,1154.0,1
2024-11-06,M-E01,全电动,13.3,0,,0,4,460,27.2,3
2024-11-06,M-E02,全电动,13.7,0,,0,2,288,26.8,2
2024-11-06,M-E03,全电动,17.8,0,,0,1,245,45.2,2
2024-11-06,M-E04,全电动,13.9,0,,0,1,165,44.1,0
2024-11-06,M-E05,全电动,16.0,0,,0,3,480,65.2,4
2024-11-06,M-E06,全电动,17.9,0,,0,1,141,55.9,4
2024-11-06,M-E07,全电动,17.3,0,,0,1,88,98.4,4
2024-11-06,M-E08,全电动,16.8,0,,0,2,375,93.2,4
2024-11-06,M-E09,全电动,15.0,0,,0,2,352,119.4,3
2024-11-06,M-E10,全电动,17.3,0,,0,2,199,152.0,4
2024-11-06,M-E11,全电动,17.8,0,,0.2,1,505,141.2,2
2024-11-06,M-E12,全电动,16.6,0,,0,3,556,152.1,1
2024-11-06,M-E13,全电动,13.6,0,,0,2,388,137.9,0
2024-11-06,M-O01,油压,17.0,0,,0,1,305,261.4,0
2024-11-06,M-O02,油压,14.0,0,,0,4,117,199.0,4
2024-11-06,M-O03,油压,15.1,0,,0,1,170,326.7,4
2024-11-06,M-O04,油压,13.9,0,,0,2,368,330.2,4
2024-11-06,M-O05,油压,14.8,0,,0.1,1,437,346.8,1
2024-11-06,M-O06,油压,14.4,0,,0,2,89,375.0,4
2024-11-06,M-O07,油压,16.4,0,,0,2,374,524.6,1
2024-11-06,M-O08,油压,18.3,0,,0,3,486,832.5,2
2024-11-06,M-O09,油压,19.0,0,,0,1,245,778.9,0
2024-11-06,M-D01,双色旋转,16.3,0,,0.5,1,297,151.6,0
2024-11-06,M-D02,双色旋转,17.2,0,,0,1,317,646.6,0
2024-11-06,M-D03,双色旋转,14.4,0,,0,3,523,407.9,3
2024-11-06,M-T01,两板,15.4,0,,0,1,120,56.7,0
2024-11-06,M-T02,两板,17.5,0,,0,2,573,449.3,3
2024-11-06,M-T03,两板,14.4,0,,0,2,463,832.5,1
2024-11-06,M-T04,两板,16.3,0,,0,2,510,1335.8,0
2024-11-07,M-E01,全电动,17.8,0,,0.1,3,113,39.9,1
2024-11-07,M-E02,全电动,15.1,0,,0,1,349,24.7,3
2024-11-07,M-E03,全电动,18.9,0,,0,1,494,57.4,3
2024-11-07,M-E04,全电动,16.9,0,,0,2,364,42.0,1
2024-11-07,M-E05,全电动,17.3,0,,0,2,179,57.6,1
2024-11-07,M-E06,全电动,16.5,0,,0.4,3,116,67.0,0
2024-11-07,M-E07,全电动,14.6,0,,0,2,347,79.6,1
2024-11-07,M-E08,全电动,14.2,0,,0,3,139,81.8,4
2024-11-07,M-E09,全电动,17.5,0,,0,2,558,107.7,2
2024-11-07,M-E10,全电动,16.2,0,,0,2,172,127.2,1
2024-11-07,M-E11,全电动,14.8,0,,0,2,371,138.9,3
2024-11-07,M-E12,全电动,17.3,0,,0,3,579,168.7,0
2024-11-07,M-E13,全电动,17.6,0,,0,2,143,190.5,0
2024-11-07,M-O01,油压,16.7,0,,0,2,194,214.6,0
2024-11-07,M-O02,油压,14.7,0,,0.2,1,146,200.5,3
2024-11-07,M-O03,油压,13.8,0,,0,1,589,304.4,0
2024-11-07,M-O04,油压,14.5,0,,0.3,1,85,373.6,0
2024-11-07,M-O05,油压,14.6,0,,0,2,505,357.9,0
2024-11-07,M-O06,油压,14.9,0,,0,4,169,386.3,3
2024-11-07,M-O07,油压,14.6,0,,0,3,563,552.0,3
2024-11-07,M-O08,油压,16.0,0,,0,2,210,757.8,4
2024-11-07,M-O09,油压,17.0,0,,0,3,382,848.5,1
2024-11-07,M-D01,双色旋转,15.3,0,,0,2,231,107.1,3
2024-11-07,M-D02,双色旋转,17.7,0,,0.2,3,437,573.4,3
2024-11-07,M-D03,双色旋转,13.9,0,,0,3,228,359.6,0
2024-11-07,M-T01,两板,17.3,0,,0,2,351,50.1,1
2024-11-07,M-T02,两板,16.6,0,,0,1,439,394.6,3
2024-11-07,M-T03,两板,16.3,0,,0,2,516,1103.4,0
2024-11-07,M-T04,两板,16.0,0,,0.2,3,227,1498.2,4
2024-11-08,M-E01,全电动,14.7,0,,0.0,2,538,23.4,1
2024-11-08,M-E02,全电动,13.1,0,,0,1,141,21.0,4
2024-11-08,M-E03,全电动,15.3,0,,0.3,2,84,35.4,3
2024-11-08,M-E04,全电动,17.9,0,,0,1,500,43.6,3
2024-11-08,M-E05,全电动,13.9,0,,0,2,544,63.2,4
2024-11-08,M-E06,全电动,13.8,0,,0,3,356,50.9,3
2024-11-08,M-E07,全电动,17.8,0,,0,3,253,80.0,4
2024-11-08,M-E08,全电动,14.7,0,,0,3,163,80.7,3
2024-11-08,M-E09,全电动,17.6,0,,0,2,315,107.8,1
2024-11-08,M-E10,全电动,16.5,0,,0.2,3,395,107.6,2
2024-11-08,M-E11,全电动,16.0,0,,0,3,316,153.4,1
2024-11-08,M-E12,全电动,14.3,0,,0,1,553,115.1,2
2024-11-08,M-E13,全电动,17.2,0,,0,1,541,180.5,4
2024-11-08,M-O01,油压,17.7,0,,0,4,249,299.6,4
2024-11-08,M-O02,油压,15.4,0,,0,2,379,240.2,1
2024-11-08,M-O03,油压,18.9,0,,0,1,570,285.6,1
2024-11-08,M-O04,油压,15.0,0,,0,2,104,294.2,3
2024-11-08,M-O05,油压,16.5,0,,0,3,577,501.5,2
2024-11-08,M-O06,油压,16.6,0,,0,2,171,615.0,0
2024-11-08,M-O07,油压,13.1,0,,0,2,131,453.2,4
2024-11-08,M-O08,油压,16.7,0,,0,2,271,673.5,3
2024-11-08,M-O09,油压,15.4,0,,0,3,573,773.3,4
2024-11-08,M-D01,双色旋转,15.5,0,,0,3,451,126.0,4
2024-11-08,M-D02,双色旋转,16.0,0,,0,1,249,494.0,3
2024-11-08,M-D03,双色旋转,18.1,0,,0,2,254,544.1,2
2024-11-08,M-T01,两板,17.0,0,,0,2,524,62.9,3
2024-11-08,M-T02,两板,16.4,0,,0,4,591,388.7,3
2024-11-08,M-T03,两板,14.4,0,,0,1,348,864.4,4
2024-11-08,M-T04,两板,15.9,0,,0,1,410,1265.2,3
2024-11-09,M-E01,全电动,15.2,0,,0,4,298,32.6,3
2024-11-09,M-E02,全电动,17.6,0,,0.2,2,355,31.6,3
2024-11-09,M-E03,全电动,18.4,0,,0,1,138,51.6,4
2024-11-09,M-E04,全电动,13.1,0,,0,1,536,31.5,1
2024-11-09,M-E05,全电动,14.7,0,,0,2,336,65.1,0
2024-11-09,M-E06,全电动,14.4,0,,0,4,579,57.9,0
2024-11-09,M-E07,全电动,15.8,0,,0,2,204,62.6,2
2024-11-09,M-E08,全电动,13.5,0,,0.0,3,298,80.2,3
2024-11-09,M-E09,全电动,15.0,0,,0,1,477,123.4,1
2024-11-09,M-E10,全电动,14.4,0,,0,2,312,115.9,0
2024-11-09,M-E11,全电动,15.2,0,,0,2,123,121.1,0
2024-11-09,M-E12,全电动,13.4,0,,0.4,1,344,123.1,2
2024-11-09,M-E13,全电动,17.1,0,,0,2,330,153.8,3
2024-11-09,M-O01,油压,18.9,0,,0,1,350,287.4,4
2024-11-09,M-O02,油压,15.7,0,,0,3,322,220.3,2
2024-11-09,M-O03,油压,13.4,0,,0,4,542,217.4,3
2024-11-09,M-O04,油压,16.7,0,,0,2,375,319.8,2
2024-11-09,M-O05,油压,16.5,0,,0,3,85,462.1,1
2024-11-09,M-O06,油压,16.1,0,,0,3,97,430.9,1
2024-11-09,M-O07,油压,14.5,0,,0,2,513,613.1,2
2024-11-09,M-O08,油压,14.0,0,,0,2,268,550.7,2
2024-11-09,M-O09,油压,13.4,0,,0.0,3,373,774.2,0
2024-11-09,M-D01,双色旋转,18.4,0,,0,1,242,168.0,0
2024-11-09,M-D02,双色旋转,16.5,0,,0,2,224,508.5,0
2024-11-09,M-D03,双色旋转,15.3,0,,0,3,442,523.1,1
2024-11-09,M-T01,两板,18.4,0,,0,4,206,66.5,0
2024-11-09,M-T02,两板,19.0,0,,0.0,3,295,542.8,3
2024-11-09,M-T03,两板,15.7,0,,0,2,228,711.3,0
2024-11-09,M-T04,两板,14.2,0,,0,2,81,974.9,2
2024-11-10,M-E01,全电动,16.0,0,,0,2,494,24.9,2
2024-11-10,M-E02,全电动,17.0,0,,0,2,436,26.9,4
2024-11-10,M-E03,全电动,15.8,0,,0,2,457,47.9,1
2024-11-10,M-E04,全电动,13.5,0,,0,2,244,45.8,1
2024-11-10,M-E05,全电动,15.2,0,,0,2,284,63.5,0
2024-11-10,M-E06,全电动,18.6,0,,0,1,174,65.4,0
2024-11-10,M-E07,全电动,18.9,0,,0.5,3,420,73.7,4
2024-11-10,M-E08,全电动,18.7,0,,0,4,459,113.6,0
2024-11-10,M-E09,全电动,17.3,0,,0,2,142,107.5,4
2024-11-10,M-E10,全电动,16.7,0,,0,3,363,105.5,1
2024-11-10,M-E11,全电动,15.7,0,,0,1,260,131.6,4
2024-11-10,M-E12,全电动,17.9,0,,0,1,548,161.3,4
2024-11-10,M-E13,全电动,14.8,0,,0,3,187,186.9,3
2024-11-10,M-O01,油压,16.8,0,,0.5,2,298,234.9,1
2024-11-10,M-O02,油压,13.2,0,,0.2,4,426,245.9,4
2024-11-10,M-O03,油压,13.0,0,,0.2,3,262,208.5,1
2024-11-10,M-O04,油压,12.7,0.9,传感器异常,0,3,202,295.7,0
2024-11-10,M-O05,油压,16.9,0,,0.1,2,494,487.9,1
2024-11-10,M-O06,油压,17.3,0,,0.4,1,222,488.6,4
2024-11-10,M-O07,油压,15.6,0,,0,1,538,671.0,1
2024-11-10,M-O08,油压,17.5,0,,0,2,497,680.8,1
2024-11-10,M-O09,油压,14.3,0,,0,2,534,707.1,0
2024-11-10,M-D01,双色旋转,18.9,0,,0,3,108,161.9,0
2024-11-10,M-D02,双色旋转,18.8,0,,0,2,377,519.2,4
2024-11-10,M-D03,双色旋转,17.2,0,,0,2,356,573.9,4
2024-11-10,M-T01,两板,15.3,0,,0,2,552,41.4,3
2024-11-10,M-T02,两板,15.7,0,,0,2,230,439.7,4
2024-11-10,M-T03,两板,17.1,0,,0,3,117,1167.6,4
2024-11-10,M-T04,两板,15.4,0,,0,4,152,1364.1,0
2024-11-11,M-E01,全电动,14.1,0,,0,4,223,31.3,2
2024-11-11,M-E02,全电动,13.2,0,,0,1,175,22.8,3
2024-11-11,M-E03,全电动,16.6,0,,0,4,277,47.1,1
2024-11-11,M-E04,全电动,16.3,0,,0,2,124,38.0,3
2024-11-11,M-E05,全电动,13.7,0,,0.3,3,221,46.7,0
2024-11-11,M-E06,全电动,17.8,0,,0,2,471,66.9,3
2024-11-11,M-E07,全电动,13.3,0,,0,2,460,74.3,2
2024-11-11,M-E08,全电动,15.9,0,,0,2,406,103.5,1
2024-11-11,M-E09,全电动,14.2,0,,0.5,2,409,117.5,0
2024-11-11,M-E10,全电动,14.1,0,,0,3,244,108.6,1
2024-11-11,M-E11,全电动,14.5,0,,0,1,542,106.7,2
2024-11-11,M-E12,全电动,15.4,0,,0,1,547,176.2,0
2024-11-11,M-E13,全电动,15.1,0,,0.3,1,376,166.2,1
2024-11-11,M-O01,油压,16.2,0,,0,1,407,197.6,2
2024-11-11,M-O02,油压,18.4,0,,0,2,565,294.4,2
2024-11-11,M-O03,油压,17.1,0,,0.1,2,309,274.0,0
2024-11-11,M-O04,油压,14.8,0,,0.2,2,522,401.0,4
2024-11-11,M-O05,油压,18.2,0,,0,2,248,433.5,1
2024-11-11,M-O06,油压,18.5,0,,0,1,355,678.3,4
2024-11-11,M-O07,油压,16.4,0,,0,2,492,562.6,3
2024-11-11,M-O08,油压,14.2,0,,0,4,420,659.1,0
2024-11-11,M-O09,油压,12.8,2.1,液压系统,0,1,316,738.4,2
2024-11-11,M-D01,双色旋转,16.8,0,,0,2,257,147.8,2
2024-11-11,M-D02,双色旋转,17.4,0,,0.1,2,331,483.4,3
2024-11-11,M-D03,双色旋转,14.6,0,,0,2,471,386.3,2
2024-11-11,M-T01,两板,16.8,0,,0,3,324,48.4,0
2024-11-11,M-T02,两板,15.999999999999998,2.4,液压系统,0,1,545,409.2,1
2024-11-11,M-T03,两板,16.6,0,,0,2,253,763.5,3
2024-11-11,M-T04,两板,13.5,0,,0,1,352,956.6,4
2024-11-12,M-E01,全电动,18.9,0,,0,1,548,32.5,1
2024-11-12,M-E02,全电动,17.5,0,,0,3,438,35.0,4
2024-11-12,M-E03,全电动,15.0,0,,0,2,133,49.6,2
2024-11-12,M-E04,全电动,18.4,0,,0,1,570,54.4,4
2024-11-12,M-E05,全电动,15.3,0,,0,3,326,46.8,1
2024-11-12,M-E06,全电动,18.7,0,,0,2,561,76.0,1
2024-11-12,M-E07,全电动,17.9,0,,0,1,474,86.0,1
2024-11-12,M-E08,全电动,18.7,0,,0,1,453,121.6,1
2024-11-12,M-E09,全电动,16.2,0,,0,3,104,132.2,3
2024-11-12,M-E10,全电动,16.6,0,,0,1,127,129.9,2
2024-11-12,M-E11,全电动,18.5,0,,0,3,148,169.4,3
2024-11-12,M-E12,全电动,18.4,0,,0,1,594,182.9,3
2024-11-12,M-E13,全电动,16.7,0,,0,2,467,153.2,4
2024-11-12,M-O01,油压,15.6,0,,0,4,117,210.1,3
2024-11-12,M-O02,油压,16.3,0,,0,1,176,279.8,0
2024-11-12,M-O03,油压,17.0,0,,0,1,313,305.8,1
2024-11-12,M-O04,油压,13.4,0,,0,3,574,323.2,3
2024-11-12,M-O05,油压,16.3,0,,0,3,199,475.4,1
2024-11-12,M-O06,油压,16.9,0,,0,1,245,423.9,0
2024-11-12,M-O07,油压,18.3,0,,0,1,125,823.3,0
2024-11-12,M-O08,油压,14.2,0,,0,2,513,613.9,0
2024-11-12,M-O09,油压,17.7,0,,0.4,1,320,754.8,1
2024-11-12,M-D01,双色旋转,17.7,0,,0,2,235,163.7,1
2024-11-12,M-D02,双色旋转,17.2,0,,0,3,357,533.5,2
2024-11-12,M-D03,双色旋转,14.1,0,,0.0,2,103,493.8,2
2024-11-12,M-T01,两板,16.9,0,,0,2,128,60.0,3
2024-11-12,M-T02,两板,16.3,0,,0,4,356,362.1,0
2024-11-12,M-T03,两板,15.5,0,,0,3,486,746.9,0
2024-11-12,M-T04,两板,13.9,0,,0,2,547,1171.6,4
2024-11-13,M-E01,全电动,15.2,0,,0.5,3,84,26.3,3
2024-11-13,M-E02,全电动,16.9,0,,0,1,498,34.6,3
2024-11-13,M-E03,全电动,17.2,0,,0,2,419,50.6,0
2024-11-13,M-E04,全电动,17.2,0,,0,1,289,39.9,4
2024-11-13,M-E05,全电动,13.1,0,,0,1,264,40.2,1
2024-11-13,M-E06,全电动,14.1,0,,0,3,91,49.2,1
2024-11-13,M-E07,全电动,16.4,0,,0,3,532,77.3,4
2024-11-13,M-E08,全电动,18.7,0,,0,1,414,95.6,2
2024-11-13,M-E09,全电动,16.6,0,,0,1,363,97.5,2
2024-11-13,M-E10,全电动,16.5,0,,0,1,407,131.3,1
2024-11-13,M-E11,全电动,15.6,0,,0,3,170,129.5,0
2024-11-13,M-E12,全电动,18.8,0,,0,1,411,192.0,2
2024-11-13,M-E13,全电动,15.3,0,,0,1,528,182.9,3
2024-11-13,M-O01,油压,18.7,0,,0,3,293,274.4,0
2024-11-13,M-O02,油压,15.6,0,,0,2,348,231.7,2
2024-11-13,M-O03,油压,14.0,0,,0,3,374,224.1,0
2024-11-13,M-O04,油压,17.4,0,,0,2,504,384.6,2
2024-11-13,M-O05,油压,17.9,0,,0,2,95,429.7,4
2024-11-13,M-O06,油压,13.8,0,,0,4,532,426.7,0
2024-11-13,M-O07,油压,13.4,0,,0,1,318,446.2,2
2024-11-13,M-O08,油压,13.9,0,,0,2,223,639.0,2
2024-11-13,M-O09,油压,14.4,0,,0,3,475,693.2,2
2024-11-13,M-D01,双色旋转,15.0,0,,0,3,277,121.5,1
2024-11-13,M-D02,双色旋转,17.7,0,,0,2,557,639.8,4
2024-11-13,M-D03,双色旋转,14.7,0,,0,3,412,381.5,1
2024-11-13,M-T01,两板,14.7,0,,0.1,3,100,50.0,1
2024-11-13,M-T02,两板,17.0,0,,0,1,449,480.4,2
2024-11-13,M-T03,两板,17.4,0,,0,3,566,1074.4,1
2024-11-13,M-T04,两板,13.9,0,,0,2,182,1173.9,1
2024-11-14,M-E01,全电动,18.8,0,,0,3,374,38.0,0
2024-11-14,M-E02,全电动,17.7,0,,0,2,483,30.8,0
2024-11-14,M-E03,全电动,14.3,0,,0,2,269,43.8,0
2024-11-14,M-E04,全电动,15.7,0,,0,2,564,51.3,2
2024-11-14,M-E05,全电动,14.1,0,,0,2,508,53.4,0
2024-11-14,M-E06,全电动,17.7,0,,0,1,229,56.0,4
2024-11-14,M-E07,全电动,14.4,0,,0.1,2,201,54.8,2
2024-11-14,M-E08,全电动,17.1,0,,0.5,1,465,91.0,2
2024-11-14,M-E09,全电动,13.8,0,,0,2,435,86.3,2
2024-11-14,M-E10,全电动,14.4,0,,0,2,401,105.6,4
2024-11-14,M-E11,全电动,15.6,0,,0.2,4,112,153.6,3
2024-11-14,M-E12,全电动,16.4,0,,0,2,410,144.4,0
2024-11-14,M-E13,全电动,13.1,0,,0.5,1,525,152.7,3
2024-11-14,M-O01,油压,16.4,0,,0,3,531,236.5,1
2024-11-14,M-O02,油压,16.2,0,,0,2,282,249.0,0
2024-11-14,M-O03,油压,14.8,0,,0,2,304,234.1,0
2024-11-14,M-O04,油压,16.1,0,,0,1,492,305.8,2
2024-11-14,M-O05,油压,15.6,0,,0.1,1,336,351.0,1
2024-11-14,M-O06,油压,15.1,0,,0,3,132,387.9,3
2024-11-14,M-O07,油压,13.6,0,,0,2,392,578.3,4
2024-11-14,M-O08,油压,14.4,0,,0.1,2,524,661.0,2
2024-11-14,M-O09,油压,17.9,0,,0,1,511,904.7,3
2024-11-14,M-D01,双色旋转,17.8,0,,0,1,529,143.9,2
2024-11-14,M-D02,双色旋转,17.0,0,,0,4,405,549.0,3
2024-11-14,M-D03,双色旋转,17.0,0,,0,2,296,530.5,0
2024-11-14,M-T01,两板,14.5,0,,0,1,400,52.4,4
2024-11-14,M-T02,两板,16.1,0,,0,2,490,376.5,1
2024-11-14,M-T03,两板,13.9,0,,0,2,467,821.8,4
2024-11-14,M-T04,两板,18.1,0,,0,2,496,1242.6,2
2024-11-15,M-E01,全电动,13.9,0,,0,3,442,29.7,3
2024-11-15,M-E02,全电动,13.5,3.0,模具问题,0.1,2,480,26.8,2
2024-11-15,M-E03,全电动,13.2,0,,0,4,404,37.7,4
2024-11-15,M-E04,全电动,15.3,0,,0,1,399,39.9,3
2024-11-15,M-E05,全电动,13.0,0,,0,1,497,54.3,2
2024-11-15,M-E06,全电动,13.5,0,,0,2,498,57.3,3
2024-11-15,M-E07,全电动,15.6,0,,0.1,3,151,88.3,1
2024-11-15,M-E08,全电动,13.9,0,,0,2,95,79.7,1
2024-11-15,M-E09,全电动,13.8,0,,0,2,145,109.4,0
2024-11-15,M-E10,全电动,15.1,0,,0,2,578,105.6,4
2024-11-15,M-E11,全电动,15.1,0,,0,3,567,146.1,0
2024-11-15,M-E12,全电动,13.1,0,,0.1,4,210,146.7,2
2024-11-15,M-E13,全电动,16.3,0,,0,1,429,199.9,4
2024-11-15,M-O01,油压,15.7,0,,0,1,145,232.6,3
2024-11-15,M-O02,油压,15.9,0,,0,4,302,248.0,0
2024-11-15,M-O03,油压,16.1,0,,0,3,198,335.8,1
2024-11-15,M-O04,油压,18.1,0,,0,2,500,485.8,2
2024-11-15,M-O05,油压,16.6,0,,0.1,2,163,531.9,1
2024-11-15,M-O06,油压,13.4,0,,0,2,384,487.3,4
2024-11-15,M-O07,油压,16.2,0,,0,1,237,529.4,2
2024-11-15,M-O08,油压,17.6,0,,0,1,569,679.8,3
2024-11-15,M-O09,油压,18.9,0,,0,1,436,759.7,0
2024-11-15,M-D01,双色旋转,17.9,0,,0.4,2,567,138.9,0
2024-11-15,M-D02,双色旋转,17.4,0,,0,2,268,587.5,1
2024-11-15,M-D03,双色旋转,15.7,0,,0.3,3,235,435.7,2
2024-11-15,M-T01,两板,18.3,0,,0,3,365,69.3,2
2024-11-15,M-T02,两板,17.7,0,,0,3,355,439.1,0
2024-11-15,M-T03,两板,16.8,0,,0,1,580,897.0,0
2024-11-15,M-T04,两板,16.2,0,,0.4,3,320,1425.6,4
2024-11-16,M-E01,全电动,14.0,0,,0,3,287,25.1,4
2024-11-16,M-E02,全电动,18.1,0,,0,1,211,33.4,4
2024-11-16,M-E03,全电动,17.0,0,,0,2,429,47.7,3
2024-11-16,M-E04,全电动,17.2,0,,0,1,391,49.7,3
2024-11-16,M-E05,全电动,14.0,0,,0,1,98,52.8,2
2024-11-16,M-E06,全电动,13.8,0,,0,1,520,57.1,4
2024-11-16,M-E07,全电动,15.7,0,,0.3,3,523,64.0,1
2024-11-16,M-E08,全电动,17.8,0,,0,2,511,80.5,1
2024-11-16,M-E09,全电动,16.3,0,,0,3,431,131.5,2
2024-11-16,M-E10,全电动,17.6,0,,0,2,370,148.4,4
2024-11-16,M-E11,全电动,16.3,0,,0,1,94,128.4,0
2024-11-16,M-E12,全电动,14.3,0,,0,3,279,144.0,2
2024-11-16,M-E13,全电动,14.1,0,,0.5,2,356,163.0,4
2024-11-16,M-O01,油压,17.7,0,,0,3,235,238.5,0
2024-11-16,M-O02,油压,15.0,0,,0,1,169,211.3,1
2024-11-16,M-O03,油压,15.1,0,,0,3,301,247.8,4
2024-11-16,M-O04,油压,16.6,0,,0.2,3,534,412.9,4
2024-11-16,M-O05,油压,16.0,0,,0,2,173,508.5,0
2024-11-16,M-O06,油压,17.8,0,,0,2,441,493.3,2
2024-11-16,M-O07,油压,17.0,0,,0,2,144,609.8,3
2024-11-16,M-O08,油压,15.0,0,,0,1,466,605.6,1
2024-11-16,M-O09,油压,17.3,0,,0,3,144,979.9,3
2024-11-16,M-D01,双色旋转,15.7,0,,0.3,1,559,156.8,4
2024-11-16,M-D02,双色旋转,14.0,0,,0,3,138,485.6,1
2024-11-16,M-D03,双色旋转,14.3,0,,0,1,115,509.0,0
2024-11-16,M-T01,两板,15.0,0,,0.2,4,459,54.0,0
2024-11-16,M-T02,两板,13.1,0,,0,2,86,389.2,3
2024-11-16,M-T03,两板,14.8,0,,0,3,217,863.3,1
2024-11-16,M-T04,两板,14.9,0,,0,1,497,951.2,4
2024-11-17,M-E01,全电动,15.4,0,,0,3,156,25.0,2
2024-11-17,M-E02,全电动,17.7,0,,0.3,2,466,30.3,1
2024-11-17,M-E03,全电动,17.0,0,,0,2,88,49.9,1
2024-11-17,M-E04,全电动,14.8,0,,0,1,199,40.2,2
2024-11-17,M-E05,全电动,17.4,0,,0,1,265,58.0,0
2024-11-17,M-E06,全电动,17.5,0,,0,1,591,65.8,0
2024-11-17,M-E07,全电动,14.7,0,,0,4,210,82.6,4
2024-11-17,M-E08,全电动,15.5,0,,0,3,310,71.3,0
2024-11-17,M-E09,全电动,16.2,0,,0.3,3,592,104.2,3
2024-11-17,M-E10,全电动,18.0,0,,0.2,2,403,112.7,2
2024-11-17,M-E11,全电动,13.9,0,,0,2,265,107.7,2
2024-11-17,M-E12,全电动,18.3,0,,0.1,4,401,186.6,0
2024-11-17,M-E13,全电动,14.9,0,,0,1,412,137.8,0
2024-11-17,M-O01,油压,15.3,0,,0,2,253,199.8,1
2024-11-17,M-O02,油压,13.8,0,,0.5,3,242,237.4,0
2024-11-17,M-O03,油压,16.4,0,,0,2,419,298.5,2
2024-11-17,M-O04,油压,18.2,0,,0,1,554,467.2,4
2024-11-17,M-O05,油压,16.3,0,,0,3,243,510.3,4
2024-11-17,M-O06,油压,14.5,0,,0.0,2,209,432.3,3
2024-11-17,M-O07,油压,18.2,0,,0,2,115,557.2,2
2024-11-17,M-O08,油压,16.5,0,,0,3,293,780.1,4
2024-11-17,M-O09,油压,17.7,0,,0,2,465,1073.1,1
2024-11-17,M-D01,双色旋转,17.3,0,,0,1,554,150.0,1
2024-11-17,M-D02,双色旋转,18.7,0,,0,2,189,572.2,2
2024-11-17,M-D03,双色旋转,14.2,0,,0,3,249,416.6,2
2024-11-17,M-T01,两板,18.5,0,,0,2,157,56.5,1
2024-11-17,M-T02,两板,13.6,0,,0,1,323,353.3,3
2024-11-17,M-T03,两板,13.2,0,,0.3,2,165,657.3,0
2024-11-17,M-T04,两板,16.3,0,,0,4,210,1019.3,2
2024-11-18,M-E01,全电动,16.5,0,,0,1,418,33.9,0
2024-11-18,M-E02,全电动,16.0,0,,0.4,1,259,31.0,2
2024-11-18,M-E03,全电动,17.7,0,,0.1,2,453,40.5,3
2024-11-18,M-E04,全电动,17.9,0,,0,3,463,42.7,0
2024-11-18,M-E05,全电动,16.8,0,,0,1,84,51.4,1
2024-11-18,M-E06,全电动,18.5,0,,0,2,508,69.3,3
2024-11-18,M-E07,全电动,13.8,0,,0,3,162,74.0,2
2024-11-18,M-E08,全电动,14.2,0,,0,3,518,69.2,0
2024-11-18,M-E09,全电动,18.5,0,,0,3,289,116.3,1
2024-11-18,M-E10,全电动,15.0,0,,0,2,434,137.3,4
2024-11-18,M-E11,全电动,18.4,0,,0,2,183,129.0,1
2024-11-18,M-E12,全电动,13.5,0,,0.4,4,225,139.5,4
2024-11-18,M-E13,全电动,17.8,0,,0.4,1,396,182.3,1
2024-11-18,M-O01,油压,16.4,0,,0.2,3,404,227.1,2
2024-11-18,M-O02,油压,18.4,0,,0,1,448,279.4,3
2024-11-18,M-O03,油压,16.9,0,,0,3,483,300.6,2
2024-11-18,M-O04,油压,15.7,0,,0,1,206,362.3,1
2024-11-18,M-O05,油压,13.5,0,,0,1,295,410.5,4
2024-11-18,M-O06,油压,14.2,0,,0,2,474,489.5,3
2024-11-18,M-O07,油压,17.5,0,,0,1,271,664.6,4
2024-11-18,M-O08,油压,18.6,0,,0,3,142,743.3,4
2024-11-18,M-O09,油压,18.7,0,,0,2,160,1097.3,4
2024-11-18,M-D01,双色旋转,17.4,0,,0,1,196,147.3,0
2024-11-18,M-D02,双色旋转,18.0,0,,0,5,440,683.1,2
2024-11-18,M-D03,双色旋转,10.5,3.2,加热系统,0,2,410,396.3,1
2024-11-18,M-T01,两板,14.4,0,,0,1,200,41.0,1
2024-11-18,M-T02,两板,13.6,0,,0,3,111,375.9,2
2024-11-18,M-T03,两板,13.1,0,,0.2,1,431,660.0,0
2024-11-18,M-T04,两板,18.3,0,,0,1,303,1207.5,3
2024-11-19,M-E01,全电动,13.3,0,,0,3,324,29.0,0
2024-11-19,M-E02,全电动,18.0,0,,0.0,2,270,27.5,3
2024-11-19,M-E03,全电动,14.3,0,,0,3,431,45.8,2
2024-11-19,M-E04,全电动,13.4,0,,0,1,240,32.0,3
2024-11-19,M-E05,全电动,17.3,0,,0.4,3,454,69.5,4
2024-11-19,M-E06,全电动,14.3,0,,0,3,123,49.8,2
2024-11-19,M-E07,全电动,14.0,0,,0,1,522,57.9,1
2024-11-19,M-E08,全电动,17.9,0,,0.4,3,455,99.5,1
2024-11-19,M-E09,全电动,17.1,0,,0,1,145,126.4,0
2024-11-19,M-E10,全电动,15.8,0,,0,3,327,114.1,2
2024-11-19,M-E11,全电动,18.8,0,,0,2,539,187.2,4
2024-11-19,M-E12,全电动,18.8,0,,0,2,92,185.6,1
2024-11-19,M-E13,全电动,13.3,0,,0,2,502,126.5,2
2024-11-19,M-O01,油压,13.2,0,,0,2,335,223.3,1
2024-11-19,M-O02,油压,16.8,0,,0,3,104,265.6,4
2024-11-19,M-O03,油压,14.8,0,,0,2,384,267.4,1
2024-11-19,M-O04,油压,16.5,0,,0,4,382,320.0,1
2024-11-19,M-O05,油压,15.1,0,,0,3,334,401.0,0
2024-11-19,M-O06,油压,17.2,0,,0,1,84,504.9,0
2024-11-19,M-O07,油压,18.5,0,,0.5,2,415,620.5,2
2024-11-19,M-O08,油压,18.6,0,,0.1,3,167,794.2,4
2024-11-19,M-O09,油压,16.8,0,,0,2,119,1009.6,2
2024-11-19,M-D01,双色旋转,13.9,0,,0,3,397,107.1,3
2024-11-19,M-D02,双色旋转,14.1,0,,0,3,323,358.7,1
2024-11-19,M-D03,双色旋转,17.7,0,,0.5,1,488,650.5,4
2024-11-19,M-T01,两板,16.8,0,,0,2,223,56.5,1
2024-11-19,M-T02,两板,14.9,0,,0,4,301,430.7,0
2024-11-19,M-T03,两板,14.5,0,,0,2,449,906.9,3
2024-11-19,M-T04,两板,14.1,0,,0.1,3,356,1328.7,3
2024-11-20,M-E01,全电动,14.9,0,,0,2,581,26.3,1
2024-11-20,M-E02,全电动,16.0,0,,0,1,504,28.0,4
2024-11-20,M-E03,全电动,17.4,0,,0,1,310,56.4,0
2024-11-20,M-E04,全电动,16.5,0,,0,2,242,47.1,0
2024-11-20,M-E05,全电动,17.8,0,,0.0,1,129,59.2,3
2024-11-20,M-E06,全电动,16.1,0,,0,2,580,54.0,4
2024-11-20,M-E07,全电动,18.8,0,,0,2,161,80.8,3
2024-11-20,M-E08,全电动,13.2,0,,0,1,323,71.3,3
2024-11-20,M-E09,全电动,17.7,0,,0,2,425,101.4,2
2024-11-20,M-E10,全电动,15.6,0,,0,3,162,120.0,0
2024-11-20,M-E11,全电动,18.6,0,,0,1,409,171.9,4
2024-11-20,M-E12,全电动,18.2,0,,0,4,355,173.6,1
2024-11-20,M-E13,全电动,15.2,0,,0,1,484,197.2,2
2024-11-20,M-O01,油压,14.8,0,,0,3,552,195.5,2
2024-11-20,M-O02,油压,15.9,0,,0,2,374,279.0,2
2024-11-20,M-O03,油压,17.6,0,,0,2,86,264.2,0
2024-11-20,M-O04,油压,15.0,0,,0.2,1,282,306.8,2
2024-11-20,M-O05,油压,18.5,0,,0,3,138,461.7,3
2024-11-20,M-O06,油压,15.8,0,,0,1,339,600.1,2
2024-11-20,M-O07,油压,15.7,0,,0.3,1,420,478.3,1
2024-11-20,M-O08,油压,15.0,0,,0,2,541,630.5,4
2024-11-20,M-O09,油压,16.8,0,,0,4,109,735.4,2
2024-11-20,M-D01,双色旋转,13.3,0,,0,3,397,93.2,2
2024-11-20,M-D02,双色旋转,15.0,0,,0,2,498,453.5,1
2024-11-20,M-D03,双色旋转,17.6,0,,0,1,373,487.0,3
2024-11-20,M-T01,两板,17.4,0,,0,2,90,48.8,3
2024-11-20,M-T02,两板,15.5,0,,0,2,343,390.4,0
2024-11-20,M-T03,两板,15.9,0,,0,1,479,1083.6,2
2024-11-20,M-T04,两板,13.1,0,,0,3,551,1038.9,1
2024-11-21,M-E01,全电动,13.8,0,,0,2,432,22.4,1
2024-11-21,M-E02,全电动,19.0,0,,0,1,85,40.7,2
2024-11-21,M-E03,全电动,16.7,0,,0,1,581,40.1,1
2024-11-21,M-E04,全电动,17.5,0,,0,2,420,52.3,2
2024-11-21,M-E05,全电动,18.3,0,,0,1,271,57.8,1
2024-11-21,M-E06,全电动,18.8,0,,0,1,562,67.4,0
2024-11-21,M-E07,全电动,16.9,0,,0,1,347,69.9,2
2024-11-21,M-E08,全电动,14.0,0,,0,2,577,89.5,3
2024-11-21,M-E09,全电动,14.5,0,,0,2,440,120.1,3
2024-11-21,M-E10,全电动,17.1,0,,0,2,309,152.1,4
2024-11-21,M-E11,全电动,16.4,0,,0,1,195,170.3,4
2024-11-21,M-E12,全电动,16.7,0,,0,2,253,151.1,3
2024-11-21,M-E13,全电动,17.3,0,,0,3,480,183.5,3
2024-11-21,M-O01,油压,14.1,0,,0,1,215,223.8,1
2024-11-21,M-O02,油压,14.4,0,,0.3,2,228,263.2,2
2024-11-21,M-O03,油压,15.9,0,,0,3,238,335.3,1
2024-11-21,M-O04,油压,14.7,0,,0,2,303,358.6,2
2024-11-21,M-O05,油压,13.8,0,,0,3,503,310.0,0
2024-11-21,M-O06,油压,15.9,0,,0,2,509,464.1,2
2024-11-21,M-O07,油压,13.2,0,,0,1,414,560.5,3
2024-11-21,M-O08,油压,18.1,0,,0.5,2,288,696.7,1
2024-11-21,M-O09,油压,13.4,0,,0.5,1,382,718.2,2
2024-11-21,M-D01,双色旋转,17.6,0,,0,1,132,141.8,2
2024-11-21,M-D02,双色旋转,12.4,1.6,传感器异常,0.5,3,585,394.3,0
2024-11-21,M-D03,双色旋转,15.1,0,,0,1,472,568.7,2
2024-11-21,M-T01,两板,13.2,0,,0,3,301,43.4,4
2024-11-21,M-T02,两板,13.3,0,,0,1,194,287.1,1
2024-11-21,M-T03,两板,18.0,0,,0,3,390,841.4,1
2024-11-21,M-T04,两板,17.8,0,,0,3,523,1343.7,2
2024-11-22,M-E01,全电动,13.2,0,,0.2,1,282,25.9,1
2024-11-22,M-E02,全电动,13.8,0,,0,5,88,30.0,3
2024-11-22,M-E03,全电动,17.5,0,,0.1,1,205,57.5,1
2024-11-22,M-E04,全电动,16.4,0,,0,1,257,46.8,0
2024-11-22,M-E05,全电动,17.5,0,,0,1,388,68.2,1
2024-11-22,M-E06,全电动,18.2,0,,0,4,410,79.6,4
2024-11-22,M-E07,全电动,13.4,0,,0,2,310,66.6,1
2024-11-22,M-E08,全电动,16.9,0,,0,3,341,96.6,2
2024-11-22,M-E09,全电动,18.7,0,,0,3,319,150.4,3
2024-11-22,M-E10,全电动,17.9,0,,0,2,119,152.8,4
2024-11-22,M-E11,全电动,16.3,0,,0,1,112,141.1,3
2024-11-22,M-E12,全电动,14.3,0,,0,2,536,121.8,4
2024-11-22,M-E13,全电动,18.2,0,,0,3,302,239.4,3
2024-11-22,M-O01,油压,13.9,0,,0,1,271,183.8,1
2024-11-22,M-O02,油压,14.7,0,,0,2,452,188.2,1
2024-11-22,M-O03,油压,15.8,0,,0,1,126,330.5,4
2024-11-22,M-O04,油压,16.4,0,,0.2,1,385,386.3,3
2024-11-22,M-O05,油压,15.4,0,,0,1,300,450.6,0
2024-11-22,M-O06,油压,14.0,0,,0,2,333,489.2,0
2024-11-22,M-O07,油压,18.1,0,,0,2,592,677.9,3
2024-11-22,M-O08,油压,18.1,0,,0,3,448,687.6,3
2024-11-22,M-O09,油压,16.9,0,,0,2,225,717.5,4
2024-11-22,M-D01,双色旋转,18.0,0,,0,1,405,188.5,2
2024-11-22,M-D02,双色旋转,18.1,0,,0,2,101,603.9,2
2024-11-22,M-D03,双色旋转,18.1,0,,0,1,477,672.4,3
2024-11-22,M-T01,两板,18.4,0,,0,1,138,65.5,2
2024-11-22,M-T02,两板,18.8,0,,0,2,174,504.3,1
2024-11-22,M-T03,两板,18.6,0,,0,3,576,1176.9,0
2024-11-22,M-T04,两板,13.3,0,,0.3,2,515,863.8,1
2024-11-23,M-E01,全电动,16.1,0,,0,2,526,35.6,0
2024-11-23,M-E02,全电动,18.6,0,,0.3,1,133,32.1,0
2024-11-23,M-E03,全电动,15.6,0,,0,3,293,39.3,1
2024-11-23,M-E04,全电动,14.2,0,,0,2,407,42.9,4
2024-11-23,M-E05,全电动,16.4,0,,0,1,289,55.1,0
2024-11-23,M-E06,全电动,17.0,0,,0.1,1,376,64.2,2
2024-11-23,M-E07,全电动,16.2,0,,0,3,296,63.0,0
2024-11-23,M-E08,全电动,14.4,0,,0,2,430,71.1,3
2024-11-23,M-E09,全电动,14.9,0,,0,2,462,106.0,2
2024-11-23,M-E10,全电动,16.1,0,,0,1,186,150.2,4
2024-11-23,M-E11,全电动,14.6,0,,0,3,109,150.5,1
2024-11-23,M-E12,全电动,14.2,0,,0,1,232,144.1,3
2024-11-23,M-E13,全电动,13.6,0,,0,4,156,160.2,4
2024-11-23,M-O01,油压,18.4,0,,0,3,456,310.9,4
2024-11-23,M-O02,油压,18.9,0,,0,3,450,312.5,0
2024-11-23,M-O03,油压,16.2,0,,0,3,98,290.3,0
2024-11-23,M-O04,油压,16.7,0,,0,3,447,332.4,4
2024-11-23,M-O05,油压,14.8,0,,0,3,487,365.6,0
2024-11-23,M-O06,油压,17.2,0,,0,1,310,571.4,0
2024-11-23,M-O07,油压,18.0,0,,0.4,2,447,622.3,0
2024-11-23,M-O08,油压,15.9,0,,0,2,209,840.5,4
2024-11-23,M-O09,油压,14.3,0,,0,3,195,717.6,0
2024-11-23,M-D01,双色旋转,15.1,0,,0.0,1,267,132.2,2
2024-11-23,M-D02,双色旋转,16.8,0,,0,2,221,434.8,2
2024-11-23,M-D03,双色旋转,15.2,0,,0,2,493,561.5,3
2024-11-23,M-T01,两板,16.0,0,,0,2,316,49.8,2
2024-11-23,M-T02,两板,18.9,0,,0,3,203,399.7,1
2024-11-23,M-T03,两板,13.6,0,,0,2,225,667.6,0
2024-11-23,M-T04,两板,17.8,0,,0,1,237,1189.6,4
2024-11-24,M-E01,全电动,18.5,0,,0,1,327,28.7,0
2024-11-24,M-E02,全电动,18.5,0,,0.2,3,499,38.1,0
2024-11-24,M-E03,全电动,11.100000000000001,2.8,加热系统,0,1,319,28.2,0
2024-11-24,M-E04,全电动,13.1,0,,0,1,159,33.6,0
2024-11-24,M-E05,全电动,17.2,0,,0,3,555,56.6,4
2024-11-24,M-E06,全电动,17.6,0,,0,1,444,77.5,0
2024-11-24,M-E07,全电动,17.3,0,,0,1,258,98.6,0
2024-11-24,M-E08,全电动,18.9,0,,0,1,434,119.8,0
2024-11-24,M-E09,全电动,13.6,0,,0,1,578,104.9,2
2024-11-24,M-E10,全电动,14.8,0,,0,3,124,129.9,3
2024-11-24,M-E11,全电动,14.0,0,,0.3,1,568,127.7,3
2024-11-24,M-E12,全电动,13.4,0,,0,1,495,112.2,1
2024-11-24,M-E13,全电动,17.6,0,,0,1,435,175.7,2
2024-11-24,M-O01,油压,15.1,0,,0.2,1,475,202.2,4
2024-11-24,M-O02,油压,18.7,0,,0.4,3,367,332.8,3
2024-11-24,M-O03,油压,14.4,0,,0,2,117,267.7,3
2024-11-24,M-O04,油压,15.9,0,,0,3,253,438.2,2
2024-11-24,M-O05,油压,15.8,0,,0.2,4,395,504.8,3
2024-11-24,M-O06,油压,15.0,0,,0,2,496,441.5,4
2024-11-24,M-O07,油压,14.4,0,,0,3,333,440.5,0
2024-11-24,M-O08,油压,14.9,0,,0.1,2,550,576.5,0
2024-11-24,M-O09,油压,14.8,0,,0,4,422,756.9,4
2024-11-24,M-D01,双色旋转,17.0,0,,0,1,523,130.6,3
2024-11-24,M-D02,双色旋转,13.4,0,,0.4,3,228,485.6,4
2024-11-24,M-D03,双色旋转,15.9,0,,0,1,177,591.5,2
2024-11-24,M-T01,两板,16.5,0,,0.3,1,171,48.7,2
2024-11-24,M-T02,两板,15.1,0,,0,2,468,416.3,4
2024-11-24,M-T03,两板,16.8,0,,0,2,455,988.8,4
2024-11-24,M-T04,两板,16.7,0,,0,2,507,1418.2,1
2024-11-25,M-E01,全电动,18.1,0,,0,2,540,35.0,3
2024-11-25,M-E02,全电动,16.0,0,,0,1,304,35.3,0
2024-11-25,M-E03,全电动,13.8,0,,0.1,3,155,33.9,1
2024-11-25,M-E04,全电动,17.0,0,,0.5,3,147,57.0,4
2024-11-25,M-E05,全电动,15.3,0,,0,1,496,53.2,4
2024-11-25,M-E06,全电动,17.2,0,,0,1,253,70.1,0
2024-11-25,M-E07,全电动,14.0,0,,0,1,331,60.1,2
2024-11-25,M-E08,全电动,17.6,0,,0.3,1,124,80.6,4
2024-11-25,M-E09,全电动,16.8,0,,0,2,197,94.0,4
2024-11-25,M-E10,全电动,16.3,0,,0,2,289,105.9,0
2024-11-25,M-E11,全电动,15.3,0,,0,2,231,152.0,1
2024-11-25,M-E12,全电动,17.5,0,,0,1,417,145.5,0
2024-11-25,M-E13,全电动,18.7,0,,0,3,246,244.8,1
2024-11-25,M-O01,油压,17.6,0,,0,1,189,234.3,2
2024-11-25,M-O02,油压,15.4,0,,0,2,372,229.0,4
2024-11-25,M-O03,油压,16.8,0,,0,3,578,354.7,2
2024-11-25,M-O04,油压,16.7,0,,0,3,364,392.5,3
2024-11-25,M-O05,油压,15.3,0,,0,3,565,393.1,4
2024-11-25,M-O06,油压,14.8,0,,0,3,375,532.3,0
2024-11-25,M-O07,油压,18.7,0,,0,2,481,758.8,0
2024-11-25,M-O08,油压,17.9,0,,0,1,403,835.5,0
2024-11-25,M-O09,油压,17.2,0,,0.2,2,199,877.6,0
2024-11-25,M-D01,双色旋转,19.0,0,,0.1,2,394,193.8,2
2024-11-25,M-D02,双色旋转,15.8,0,,0,1,546,541.7,2
2024-11-25,M-D03,双色旋转,14.2,0,,0,5,504,534.1,4
2024-11-25,M-T01,两板,16.5,0,,0,2,416,49.2,3
2024-11-25,M-T02,两板,17.5,0,,0,2,317,430.4,0
2024-11-25,M-T03,两板,14.6,0,,0,3,158,882.7,0
2024-11-25,M-T04,两板,17.3,0,,0,1,392,1551.3,2
2024-11-26,M-E01,全电动,13.6,0,,0,2,512,24.3,1
2024-11-26,M-E02,全电动,16.8,0,,0,2,83,36.8,0
2024-11-26,M-E03,全电动,16.8,0,,0,2,236,45.3,1
2024-11-26,M-E04,全电动,17.0,0,,0,3,123,49.7,1
2024-11-26,M-E05,全电动,16.5,0,,0,2,487,56.4,4
2024-11-26,M-E06,全电动,15.2,0,,0,2,132,66.9,1
2024-11-26,M-E07,全电动,18.2,0,,0,1,168,92.4,3
2024-11-26,M-E08,全电动,16.0,0,,0.0,1,210,82.1,2
2024-11-26,M-E09,全电动,15.7,0,,0,2,289,96.1,2
2024-11-26,M-E10,全电动,15.0,0,,0,1,80,109.2,0
2024-11-26,M-E11,全电动,16.6,0,,0,1,244,173.6,1
2024-11-26,M-E12,全电动,15.5,0,,0.3,3,560,130.9,0
2024-11-26,M-E13,全电动,18.1,0,,0,2,409,183.4,1
2024-11-26,M-O01,油压,14.2,0,,0,2,393,184.8,0
2024-11-26,M-O02,油压,16.8,0,,0,1,407,224.8,2
2024-11-26,M-O03,油压,17.0,0,,0,2,393,273.0,1
2024-11-26,M-O04,油压,14.4,0,,0,3,138,295.8,2
2024-11-26,M-O05,油压,14.8,0,,0,3,372,462.9,0
2024-11-26,M-O06,油压,18.1,0,,0,3,366,658.0,2
2024-11-26,M-O07,油压,13.4,0,,0,1,197,442.3,4
2024-11-26,M-O08,油压,17.3,0,,0,3,409,839.7,1
2024-11-26,M-O09,油压,14.1,0,,0,1,367,602.5,1
2024-11-26,M-D01,双色旋转,17.4,0,,0,3,564,144.3,2
2024-11-26,M-D02,双色旋转,18.5,0,,0,2,187,539.5,4
2024-11-26,M-D03,双色旋转,16.7,0,,0,1,349,545.1,4
2024-11-26,M-T01,两板,17.2,0,,0.4,2,502,64.8,3
2024-11-26,M-T02,两板,17.3,0,,0,2,409,425.6,2
2024-11-26,M-T03,两板,17.1,0,,0,2,587,832.3,1
2024-11-26,M-T04,两板,15.4,0,,0,2,156,1293.7,1
2024-11-27,M-E01,全电动,13.9,0,,0,2,146,26.4,1
2024-11-27,M-E02,全电动,16.2,0,,0.0,3,421,27.6,0
2024-11-27,M-E03,全电动,16.1,0,,0,2,506,42.9,1
2024-11-27,M-E04,全电动,17.6,0,,0.4,4,379,50.5,2
2024-11-27,M-E05,全电动,16.8,0,,0,3,179,54.6,2
2024-11-27,M-E06,全电动,15.1,0,,0,2,460,64.7,2
2024-11-27,M-E07,全电动,13.4,0,,0,2,406,57.2,0
2024-11-27,M-E08,全电动,14.2,0,,0,2,327,67.7,1
2024-11-27,M-E09,全电动,18.7,0,,0.5,1,141,145.1,0
2024-11-27,M-E10,全电动,14.8,0,,0,1,231,127.6,4
2024-11-27,M-E11,全电动,14.2,0,,0,2,339,108.2,4
2024-11-27,M-E12,全电动,13.9,0,,0,2,269,116.0,4
2024-11-27,M-E13,全电动,14.9,0,,0,3,387,177.2,4
2024-11-27,M-O01,油压,15.1,0,,0.1,1,517,213.4,3
2024-11-27,M-O02,油压,14.9,0,,0,2,154,236.4,2
2024-11-27,M-O03,油压,16.1,0,,0,2,485,257.9,1
2024-11-27,M-O04,油压,16.4,0,,0,2,118,436.8,2
2024-11-27,M-O05,油压,14.7,0,,0,3,377,375.9,2
2024-11-27,M-O06,油压,15.0,0,,0,1,271,377.7,0
2024-11-27,M-O07,油压,17.7,0,,0,4,485,550.4,3
2024-11-27,M-O08,油压,13.2,0.5,液压系统,0,2,476,496.5,4
2024-11-27,M-O09,油压,15.5,0,,0,3,562,797.0,3
2024-11-27,M-D01,双色旋转,15.7,0,,0,2,326,113.7,3
2024-11-27,M-D02,双色旋转,15.1,0,,0,1,418,527.9,4
2024-11-27,M-D03,双色旋转,16.1,0,,0,1,421,479.4,1
2024-11-27,M-T01,两板,13.3,0,,0,2,144,42.1,4
2024-11-27,M-T02,两板,16.9,0,,0.2,2,114,369.3,3
2024-11-27,M-T03,两板,15.7,0,,0.0,3,198,813.9,3
2024-11-27,M-T04,两板,15.5,0,,0,2,372,1117.9,3
2024-11-28,M-E01,全电动,14.5,0,,0.3,1,257,30.3,3
2024-11-28,M-E02,全电动,15.899999999999999,1.8,液压系统,0,1,142,25.2,3
2024-11-28,M-E03,全电动,17.8,0,,0,2,247,42.1,2
2024-11-28,M-E04,全电动,18.5,0,,0,4,168,55.1,1
2024-11-28,M-E05,全电动,15.4,0,,0,3,404,59.7,4
2024-11-28,M-E06,全电动,15.0,0,,0,2,269,50.1,4
2024-11-28,M-E07,全电动,15.7,0,,0,1,245,61.1,4
2024-11-28,M-E08,全电动,12.7,3.7,液压系统,0.3,3,549,63.3,3
2024-11-28,M-E09,全电动,13.9,0,,0,2,587,110.7,0
2024-11-28,M-E10,全电动,16.4,0,,0,3,480,126.1,3
2024-11-28,M-E11,全电动,17.8,0,,0,1,547,155.9,0
2024-11-28,M-E12,全电动,13.2,0,,0,1,566,157.6,3
2024-11-28,M-E13,全电动,14.2,0,,0,2,578,148.9,4
2024-11-28,M-O01,油压,15.9,0,,0,2,96,252.1,0
2024-11-28,M-O02,油压,14.4,0,,0,1,212,237.5,3
2024-11-28,M-O03,油压,17.8,0,,0.1,2,117,283.7,0
2024-11-28,M-O04,油压,11.2,4.0,电气故障,0,1,295,250.3,0
2024-11-28,M-O05,油压,18.1,0,,0,3,224,497.2,4
2024-11-28,M-O06,油压,16.1,0,,0,4,319,582.8,1
2024-11-28,M-O07,油压,16.7,0,,0,2,94,568.6,0
2024-11-28,M-O08,油压,13.5,0,,0,2,261,580.8,2
2024-11-28,M-O09,油压,16.1,0,,0,3,162,871.9,3
2024-11-28,M-D01,双色旋转,16.6,0,,0,2,497,170.7,1
2024-11-28,M-D02,双色旋转,17.4,0,,0,1,307,451.8,1
2024-11-28,M-D03,双色旋转,18.2,0,,0,2,574,520.9,4
2024-11-28,M-T01,两板,18.7,0,,0,1,512,54.6,4
2024-11-28,M-T02,两板,17.1,0,,0.1,2,128,376.9,3
2024-11-28,M-T03,两板,13.2,0,,0,2,375,739.7,0
2024-11-28,M-T04,两板,13.9,0,,0,2,427,891.7,1
2024-11-29,M-E01,全电动,18.8,0,,0,1,347,29.3,2
2024-11-29,M-E02,全电动,16.2,0,,0.1,3,348,32.8,1
2024-11-29,M-E03,全电动,14.2,2.2,液压系统,0,1,93,35.1,1
2024-11-29,M-E04,全电动,15.9,0,,0,3,285,37.3,2
2024-11-29,M-E05,全电动,13.5,0,,0,2,468,47.5,2
2024-11-29,M-E06,全电动,17.9,0,,0,4,192,69.3,3
2024-11-29,M-E07,全电动,16.2,0,,0.1,3,566,64.1,1
2024-11-29,M-E08,全电动,16.3,0,,0,2,376,94.0,1
2024-11-29,M-E09,全电动,14.5,0,,0,2,238,91.9,0
2024-11-29,M-E10,全电动,16.1,0,,0,2,100,145.8,1
2024-11-29,M-E11,全电动,17.2,0,,0.4,3,360,121.5,1
2024-11-29,M-E12,全电动,15.500000000000002,3.1,液压系统,0,1,149,171.9,4
2024-11-29,M-E13,全电动,14.4,0,,0,1,245,175.0,0
2024-11-29,M-O01,油压,14.8,0,,0,2,162,182.3,3
2024-11-29,M-O02,油压,17.0,0,,0,2,305,314.9,3
2024-11-29,M-O03,油压,18.9,0,,0,2,161,374.4,1
2024-11-29,M-O04,油压,18.6,0,,0,3,211,528.7,3
2024-11-29,M-O05,油压,16.5,0,,0,2,203,488.8,2
2024-11-29,M-O06,油压,17.9,0,,0,1,284,626.6,3
2024-11-29,M-O07,油压,17.2,0,,0,2,366,713.1,0
2024-11-29,M-O08,油压,17.4,0,,0.2,3,482,822.2,2
2024-11-29,M-O09,油压,18.6,0,,0,4,388,763.3,2
2024-11-29,M-D01,双色旋转,17.1,0,,0.1,1,566,143.8,2
2024-11-29,M-D02,双色旋转,15.6,0,,0.2,1,522,437.7,4
2024-11-29,M-D03,双色旋转,14.3,0,,0.2,2,336,428.5,1
2024-11-29,M-T01,两板,15.9,0,,0,2,512,48.5,4
2024-11-29,M-T02,两板,14.5,0,,0,1,552,344.9,4
2024-11-29,M-T03,两板,16.9,0,,0,3,259,1046.9,0
2024-11-29,M-T04,两板,17.6,0,,0,1,456,1109.0,1
2024-11-30,M-E01,全电动,16.4,0,,0,3,364,29.8,0
2024-11-30,M-E02,全电动,13.6,0,,0,2,397,24.8,1
2024-11-30,M-E03,全电动,17.9,0,,0,2,584,46.8,0
2024-11-30,M-E04,全电动,16.8,0,,0,3,493,49.3,0
2024-11-30,M-E05,全电动,16.5,0,,0.3,1,377,54.2,3
2024-11-30,M-E06,全电动,15.3,0,,0,1,264,64.7,1
2024-11-30,M-E07,全电动,15.6,0,,0,3,535,84.7,3
2024-11-30,M-E08,全电动,16.0,0,,0,3,246,76.6,3
2024-11-30,M-E09,全电动,15.6,0,,0,1,152,110.7,4
2024-11-30,M-E10,全电动,17.7,0,,0,1,346,126.0,4
2024-11-30,M-E11,全电动,15.3,0,,0,3,429,114.1,3
2024-11-30,M-E12,全电动,17.2,0,,0,2,546,140.7,2
2024-11-30,M-E13,全电动,16.3,0,,0,3,219,176.1,4
2024-11-30,M-O01,油压,15.4,0,,0,2,101,262.1,0
2024-11-30,M-O02,油压,17.2,0,,0.4,1,218,241.6,0
2024-11-30,M-O03,油压,18.7,0,,0.2,2,532,415.2,2
2024-11-30,M-O04,油压,14.5,0,,0,1,372,380.3,3
2024-11-30,M-O05,油压,14.4,0,,0,3,591,310.9,2
2024-11-30,M-O06,油压,14.9,0,,0,1,153,551.3,0
2024-11-30,M-O07,油压,15.1,0,,0,1,273,581.1,1
2024-11-30,M-O08,油压,15.4,0,,0,4,150,801.0,4
2024-11-30,M-O09,油压,17.3,0,,0,3,296,901.6,1
2024-11-30,M-D01,双色旋转,18.2,0,,0,3,175,188.3,0
2024-11-30,M-D02,双色旋转,14.0,0,,0,2,335,516.2,1
2024-11-30,M-D03,双色旋转,14.1,0,,0,3,98,411.5,2
2024-11-30,M-T01,两板,18.0,0,,0,2,357,64.6,2
2024-11-30,M-T02,两板,15.1,0,,0,4,325,349.9,2
2024-11-30,M-T03,两板,16.5,0,,0,3,108,1125.4,4
2024-11-30,M-T04,两板,15.6,0,,0.2,3,525,992.6,0
2024-12-01,M-E01,全电动,17.6,0,,0,3,460,35.5,1
2024-12-01,M-E02,全电动,14.2,0,,0,4,403,21.4,0
2024-12-01,M-E03,全电动,18.2,0,,0,2,217,43.6,4
2024-12-01,M-E04,全电动,18.9,0,,0,2,148,52.9,4
2024-12-01,M-E05,全电动,14.1,0,,0,1,117,49.6,2
2024-12-01,M-E06,全电动,14.1,0,,0,2,415,46.5,1
2024-12-01,M-E07,全电动,18.4,0,,0,1,514,97.9,4
2024-12-01,M-E08,全电动,17.3,0,,0,3,351,90.7,1
2024-12-01,M-E09,全电动,13.4,0,,0,2,399,99.8,4
2024-12-01,M-E10,全电动,15.3,0,,0.4,4,595,106.8,3
2024-12-01,M-E11,全电动,18.6,0,,0.0,3,191,194.2,1
2024-12-01,M-E12,全电动,15.3,0,,0,3,246,124.2,0
2024-12-01,M-E13,全电动,15.6,0,,0,1,173,151.3,4
2024-12-01,M-O01,油压,17.3,0,,0,3,110,278.4,4
2024-12-01,M-O02,油压,15.6,0,,0.3,1,338,208.1,2
2024-12-01,M-O03,油压,17.9,0,,0,3,202,324.9,2
2024-12-01,M-O04,油压,15.9,0,,0,2,441,396.7,2
2024-12-01,M-O05,油压,17.9,0,,0,2,452,475.3,2
2024-12-01,M-O06,油压,18.6,0,,0,2,92,568.8,1
2024-12-01,M-O07,油压,16.5,0,,0,3,499,587.6,2
2024-12-01,M-O08,油压,18.9,0,,0.3,2,550,822.0,4
2024-12-01,M-O09,油压,14.5,0,,0,2,108,879.2,3
2024-12-01,M-D01,双色旋转,17.0,0,,0,1,246,127.9,1
2024-12-01,M-D02,双色旋转,16.4,0,,0.1,2,590,471.6,2
2024-12-01,M-D03,双色旋转,15.5,0,,0,2,370,480.7,3
2024-12-01,M-T01,两板,17.3,0,,0,2,516,62.9,3
2024-12-01,M-T02,两板,15.9,0,,0,2,118,409.5,2
2024-12-01,M-T03,两板,12.9,1.2,传感器异常,0,1,154,773.1,0
2024-12-01,M-T04,两板,14.2,0,,0.5,2,388,1271.3,2
2024-12-02,M-E01,全电动,14.0,0,,0.1,2,127,22.7,2
2024-12-02,M-E02,全电动,13.8,0,,0,3,177,23.4,0
2024-12-02,M-E03,全电动,18.4,0,,0,3,373,62.2,4
2024-12-02,M-E04,全电动,15.5,0,,0.0,1,455,51.5,1
2024-12-02,M-E05,全电动,18.6,0,,0,3,257,69.3,3
2024-12-02,M-E06,全电动,18.9,0,,0,1,138,57.2,2
2024-12-02,M-E07,全电动,16.1,0,,0,1,545,75.8,4
2024-12-02,M-E08,全电动,13.3,0,,0,3,590,62.0,4
2024-12-02,M-E09,全电动,18.1,0,,0,2,493,145.8,1
2024-12-02,M-E10,全电动,13.3,0,,0,3,249,95.1,1
2024-12-02,M-E11,全电动,15.2,0,,0,2,143,120.4,1
2024-12-02,M-E12,全电动,17.4,0,,0,2,533,140.7,1
2024-12-02,M-E13,全电动,17.8,0,,0.4,4,250,162.6,4
2024-12-02,M-O01,油压,18.6,0,,0,4,95,253.7,0
2024-12-02,M-O02,油压,18.3,0,,0,2,458,243.1,4
2024-12-02,M-O03,油压,19.0,0,,0,3,381,411.2,3
2024-12-02,M-O04,油压,18.4,0,,0,3,183,477.2,0
2024-12-02,M-O05,油压,13.1,0,,0.3,2,394,298.1,3
2024-12-02,M-O06,油压,16.6,0,,0.3,1,368,454.4,1
2024-12-02,M-O07,油压,14.5,0,,0,1,557,612.4,1
2024-12-02,M-O08,油压,15.2,0,,0,2,275,688.6,4
2024-12-02,M-O09,油压,16.3,0,,0,3,198,905.5,1
2024-12-02,M-D01,双色旋转,18.3,0,,0,2,175,153.4,0
2024-12-02,M-D02,双色旋转,17.0,0,,0,2,181,489.9,4
2024-12-02,M-D03,双色旋转,17.3,0,,0,2,227,457.3,0
2024-12-02,M-T01,两板,18.4,0,,0,3,421,50.3,3
2024-12-02,M-T02,两板,14.8,0,,0,4,88,339.9,2
2024-12-02,M-T03,两板,13.6,0,,0,2,340,678.6,4
2024-12-02,M-T04,两板,16.6,0,,0,2,380,1419.3,0
2024-12-03,M-E01,全电动,14.0,0,,0,1,315,27.3,1
2024-12-03,M-E02,全电动,18.1,0,,0,3,561,37.4,3
2024-12-03,M-E03,全电动,16.6,0,,0,3,346,42.3,2
2024-12-03,M-E04,全电动,11.2,2.2,加热系统,0,3,416,30.2,3
2024-12-03,M-E05,全电动,17.2,0,,0.3,2,421,58.9,0
2024-12-03,M-E06,全电动,17.6,0,,0,1,525,77.6,3
2024-12-03,M-E07,全电动,16.3,0,,0,1,555,61.6,0
2024-12-03,M-E08,全电动,16.4,0,,0,4,338,87.4,0
2024-12-03,M-E09,全电动,16.3,0,,0.3,2,108,125.2,3
2024-12-03,M-E10,全电动,17.9,0,,0,1,270,130.4,1
2024-12-03,M-E11,全电动,16.8,0,,0,2,570,170.2,2
2024-12-03,M-E12,全电动,15.5,0,,0,1,380,143.7,1
2024-12-03,M-E13,全电动,13.2,0,,0,1,230,146.7,4
2024-12-03,M-O01,油压,18.3,0,,0,1,539,300.3,4
2024-12-03,M-O02,油压,16.6,0,,0,3,495,241.4,1
2024-12-03,M-O03,油压,14.5,0,,0,2,384,276.7,4
2024-12-03,M-O04,油压,18.6,0,,0,3,528,403.8,0
2024-12-03,M-O05,油压,18.0,0,,0.4,1,235,473.0,2
2024-12-03,M-O06,油压,14.1,0,,0,1,301,409.8,0
2024-12-03,M-O07,油压,16.0,0,,0,2,319,652.5,1
2024-12-03,M-O08,油压,14.200000000000001,0.6,模具问题,0,2,154,711.6,0
2024-12-03,M-O09,油压,16.5,0,,0,3,103,844.0,1
2024-12-03,M-D01,双色旋转,17.9,0,,0,3,268,186.3,1
2024-12-03,M-D02,双色旋转,16.1,0,,0,3,187,521.6,3
2024-12-03,M-D03,双色旋转,18.6,0,,0,2,176,613.0,0
2024-12-03,M-T01,两板,13.5,0,,0,2,578,36.0,4
2024-12-03,M-T02,两板,17.2,0,,0,3,305,359.2,1
2024-12-03,M-T03,两板,13.8,0,,0,2,571,687.2,3
2024-12-03,M-T04,两板,17.9,0,,0,2,205,1514.8,0
2024-12-04,M-E01,全电动,18.0,0,,0,2,386,27.2,1
2024-12-04,M-E02,全电动,18.6,0,,0,2,335,37.1,1
2024-12-04,M-E03,全电动,16.7,0,,0,1,536,51.5,1
2024-12-04,M-E04,全电动,13.6,0,,0,2,512,43.2,0
2024-12-04,M-E05,全电动,17.9,0,,0,3,119,60.1,1
2024-12-04,M-E06,全电动,17.2,0,,0,1,102,61.3,3
2024-12-04,M-E07,全电动,16.1,0,,0,2,380,73.0,0
2024-12-04,M-E08,全电动,14.9,0,,0,3,161,82.1,3
2024-12-04,M-E09,全电动,17.4,0,,0,2,98,131.1,0
2024-12-04,M-E10,全电动,14.8,0,,0,3,501,114.1,3
2024-12-04,M-E11,全电动,17.9,0,,0,2,196,151.2,3
2024-12-04,M-E12,全电动,13.5,0,,0.2,2,196,143.2,3
2024-12-04,M-E13,全电动,13.1,0,,0,1,261,118.9,3
2024-12-04,M-O01,油压,15.1,0,,0,2,299,172.8,3
2024-12-04,M-O02,油压,18.5,0,,0,3,531,314.2,2
2024-12-04,M-O03,油压,16.4,0,,0,1,349,284.9,4
2024-12-04,M-O04,油压,16.6,0,,0,2,542,461.4,4
2024-12-04,M-O05,油压,16.7,0,,0,2,140,449.4,3
2024-12-04,M-O06,油压,17.5,0,,0,3,200,629.7,2
2024-12-04,M-O07,油压,15.3,0,,0,3,544,499.5,1
2024-12-04,M-O08,油压,14.8,0,,0,3,350,569.0,4
2024-12-04,M-O09,油压,14.7,1.7,加热系统,0.2,1,388,819.8,2
2024-12-04,M-D01,双色旋转,17.7,0,,0,4,200,151.0,4
2024-12-04,M-D02,双色旋转,15.4,0,,0,4,358,452.6,2
2024-12-04,M-D03,双色旋转,16.6,0,,0,4,320,553.6,4
2024-12-04,M-T01,两板,17.6,0,,0,4,200,59.2,1
2024-12-04,M-T02,两板,15.299999999999999,2.9,传感器异常,0,2,483,394.0,3
2024-12-04,M-T03,两板,18.3,0,,0,2,303,1210.3,4
2024-12-04,M-T04,两板,14.8,0,,0,3,315,1143.6,3
2024-12-05,M-E01,全电动,13.8,0,,0,2,103,27.7,1
2024-12-05,M-E02,全电动,17.7,0,,0,3,454,34.0,3
2024-12-05,M-E03,全电动,14.0,0,,0,1,570,43.6,1
2024-12-05,M-E04,全电动,18.5,0,,0,2,335,44.6,3
2024-12-05,M-E05,全电动,15.5,0,,0,3,206,58.1,4
2024-12-05,M-E06,全电动,14.0,0,,0,1,248,58.7,3
2024-12-05,M-E07,全电动,16.9,0,,0,1,518,78.3,0
2024-12-05,M-E08,全电动,17.4,0,,0,1,536,82.4,1
2024-12-05,M-E09,全电动,15.9,0,,0,1,401,100.2,3
2024-12-05,M-E10,全电动,13.5,0,,0,3,336,88.1,2
2024-12-05,M-E11,全电动,15.3,0,,0,2,441,126.6,1
2024-12-05,M-E12,全电动,14.7,0,,0,2,239,125.2,4
2024-12-05,M-E13,全电动,18.6,0,,0,2,556,239.3,1
2024-12-05,M-O01,油压,13.7,0,,0,1,94,221.0,2
2024-12-05,M-O02,油压,14.8,0,,0,1,403,251.0,3
2024-12-05,M-O03,油压,16.0,0,,0,1,118,313.1,3
2024-12-05,M-O04,油压,18.0,0,,0,1,408,417.1,0
2024-12-05,M-O05,油压,16.8,0,,0,1,132,479.6,0
2024-12-05,M-O06,油压,13.3,0,,0.1,2,479,483.7,4
2024-12-05,M-O07,油压,17.1,0,,0,2,424,776.3,1
2024-12-05,M-O08,油压,15.1,0,,0,3,282,600.3,4
2024-12-05,M-O09,油压,15.3,0,,0,4,491,703.7,4
2024-12-05,M-D01,双色旋转,14.9,0,,0,4,275,157.3,1
2024-12-05,M-D02,双色旋转,16.5,0,,0,1,124,435.6,0
2024-12-05,M-D03,双色旋转,18.2,0,,0,2,570,549.1,2
2024-12-05,M-T01,两板,13.1,0,,0,2,458,35.3,4
2024-12-05,M-T02,两板,13.8,0,,0,2,443,372.5,4
2024-12-05,M-T03,两板,17.3,0,,0,3,599,917.6,4
2024-12-05,M-T04,两板,13.9,0,,0,1,164,1006.6,4
2024-12-06,M-E01,全电动,17.9,0,,0,2,453,40.3,1
2024-12-06,M-E02,全电动,18.3,0,,0,4,449,40.6,3
2024-12-06,M-E03,全电动,13.0,0,,0,3,566,37.1,0
2024-12-06,M-E04,全电动,17.1,0,,0,3,482,53.8,1
2024-12-06,M-E05,全电动,15.7,0,,0,1,273,53.6,3
2024-12-06,M-E06,全电动,16.3,0,,0,2,212,70.9,3
2024-12-06,M-E07,全电动,16.0,0,,0,2,139,66.4,2
2024-12-06,M-E08,全电动,13.3,0,,0,3,142,82.8,0
2024-12-06,M-E09,全电动,18.8,0,,0,1,369,149.8,1
2024-12-06,M-E10,全电动,17.3,0,,0,1,238,141.3,1
2024-12-06,M-E11,全电动,15.0,0,,0.3,2,475,138.9,3
2024-12-06,M-E12,全电动,13.3,0,,0.5,3,479,113.0,3
2024-12-06,M-E13,全电动,13.9,0,,0,1,290,151.1,1
2024-12-06,M-O01,油压,17.4,0,,0,3,595,262.7,3
2024-12-06,M-O02,油压,13.1,0,,0,1,167,227.7,1
2024-12-06,M-O03,油压,16.3,0,,0,1,476,254.8,0
2024-12-06,M-O04,油压,15.3,0,,0,3,328,325.5,3
2024-12-06,M-O05,油压,15.3,0,,0,1,214,441.3,3
2024-12-06,M-O06,油压,15.2,0,,0.1,3,475,517.7,1
2024-12-06,M-O07,油压,14.1,0,,0.3,2,427,586.6,4
2024-12-06,M-O08,油压,16.9,0,,0.4,2,422,886.3,2
2024-12-06,M-O09,油压,16.6,0,,0,3,561,743.8,3
2024-12-06,M-D01,双色旋转,18.7,0,,0,2,312,179.2,2
2024-12-06,M-D02,双色旋转,13.8,0,,0,3,216,446.8,3
2024-12-06,M-D03,双色旋转,17.5,0,,0,1,375,623.0,0
2024-12-06,M-T01,两板,18.3,0,,0,1,452,61.4,0
2024-12-06,M-T02,两板,15.2,0,,0,2,591,339.4,2
2024-12-06,M-T03,两板,18.7,0,,0,2,117,949.8,0
2024-12-06,M-T04,两板,14.8,0,,0,2,406,1047.7,3
2024-12-07,M-E01,全电动,13.5,0,,0.3,1,101,26.9,1
2024-12-07,M-E02,全电动,13.5,0,,0,1,154,20.5,4
2024-12-07,M-E03,全电动,14.1,0,,0,2,358,36.5,1
2024-12-07,M-E04,全电动,18.7,0,,0,4,159,47.4,3
2024-12-07,M-E05,全电动,13.1,0,,0,2,241,49.5,4
2024-12-07,M-E06,全电动,14.6,0,,0,1,523,60.6,0
2024-12-07,M-E07,全电动,16.4,0,,0,3,97,81.6,1
2024-12-07,M-E08,全电动,15.6,0,,0,1,350,92.8,1
2024-12-07,M-E09,全电动,14.0,0,,0,3,273,112.0,3
2024-12-07,M-E10,全电动,17.7,0,,0.2,1,160,119.8,1
2024-12-07,M-E11,全电动,14.6,0,,0,1,599,105.4,2
2024-12-07,M-E12,全电动,14.4,0,,0,3,307,124.3,3
2024-12-07,M-E13,全电动,13.9,0,,0,2,242,134.8,4
2024-12-07,M-O01,油压,15.8,0,,0,2,532,192.3,4
2024-12-07,M-O02,油压,16.6,0,,0,3,400,283.5,3
2024-12-07,M-O03,油压,16.8,0,,0,1,410,292.7,1
2024-12-07,M-O04,油压,18.7,0,,0,2,166,434.7,4
2024-12-07,M-O05,油压,13.8,0,,0,4,158,429.7,1
2024-12-07,M-O06,油压,15.2,0,,0,1,422,554.7,1
2024-12-07,M-O07,油压,17.4,0,,0,1,292,629.3,2
2024-12-07,M-O08,油压,17.7,0,,0,3,384,761.5,3
2024-12-07,M-O09,油压,16.2,0,,0.3,1,240,665.8,4
2024-12-07,M-D01,双色旋转,13.3,0,,0,1,298,98.0,2
2024-12-07,M-D02,双色旋转,14.0,0,,0,3,210,378.9,0
2024-12-07,M-D03,双色旋转,13.4,0,,0,3,495,483.8,0
2024-12-07,M-T01,两板,16.2,0,,0,1,540,54.5,2
2024-12-07,M-T02,两板,13.6,0,,0,2,295,278.4,4
2024-12-07,M-T03,两板,16.9,0,,0,1,214,879.9,4
2024-12-07,M-T04,两板,15.6,0,,0,1,452,1096.9,2
2024-12-08,M-E01,全电动,14.5,0,,0,3,235,21.9,4
2024-12-08,M-E02,全电动,15.6,0,,0,1,90,34.9,4
2024-12-08,M-E03,全电动,13.5,0,,0,2,595,32.0,0
2024-12-08,M-E04,全电动,18.5,0,,0,3,266,62.6,4
2024-12-08,M-E05,全电动,18.3,0,,0,3,324,63.4,1
2024-12-08,M-E06,全电动,15.4,0,,0,1,129,69.1,3
2024-12-08,M-E07,全电动,15.8,0,,0,2,327,71.6,3
2024-12-08,M-E08,全电动,16.8,0,,0,2,524,92.6,1
2024-12-08,M-E09,全电动,14.6,0,,0,1,501,86.6,1
2024-12-08,M-E10,全电动,18.9,0,,0,1,153,126.9,1
2024-12-08,M-E11,全电动,13.0,0,,0,2,299,96.6,3
2024-12-08,M-E12,全电动,16.0,0,,0,1,225,189.9,3
2024-12-08,M-E13,全电动,16.5,0,,0,2,459,172.1,4
2024-12-08,M-O01,油压,18.5,0,,0.0,1,544,292.3,1
2024-12-08,M-O02,油压,11.3,3.7,加热系统,0.2,3,121,188.1,0
2024-12-08,M-O03,油压,15.2,0,,0,2,230,230.6,3
2024-12-08,M-O04,油压,17.2,0,,0.0,3,540,334.2,3
2024-12-08,M-O05,油压,14.0,0,,0.3,3,381,350.3,3
2024-12-08,M-O06,油压,14.5,0,,0.1,2,304,419.3,4
2024-12-08,M-O07,油压,14.5,0,,0,2,571,550.3,4
2024-12-08,M-O08,油压,18.8,0,,0,1,230,795.1,1
2024-12-08,M-O09,油压,18.0,0,,0,1,147,843.9,4
2024-12-08,M-D01,双色旋转,17.4,0,,0.3,2,593,125.9,0
2024-12-08,M-D02,双色旋转,16.6,0,,0,1,362,612.8,0
2024-12-08,M-D03,双色旋转,18.1,0,,0,2,572,500.4,4
2024-12-08,M-T01,两板,15.8,0,,0,1,586,57.0,4
2024-12-08,M-T02,两板,13.1,0,,0,1,129,314.2,4
2024-12-08,M-T03,两板,18.2,0,,0,2,370,1146.5,3
2024-12-08,M-T04,两板,16.7,0,,0,2,521,1449.2,2
2024-12-09,M-E01,全电动,18.9,0,,0,4,279,28.5,1
2024-12-09,M-E02,全电动,17.3,0,,0,1,593,28.9,4
2024-12-09,M-E03,全电动,16.8,0,,0,1,409,46.0,1
2024-12-09,M-E04,全电动,16.5,0,,0,2,251,48.9,1
2024-12-09,M-E05,全电动,18.2,0,,0,2,103,59.3,4
2024-12-09,M-E06,全电动,17.7,0,,0,2,123,76.1,0
2024-12-09,M-E07,全电动,16.7,0,,0,3,325,66.6,2
2024-12-09,M-E08,全电动,14.6,0,,0,1,508,86.4,2
2024-12-09,M-E09,全电动,15.0,0,,0,4,396,99.9,0
2024-12-09,M-E10,全电动,15.0,0,,0,1,284,122.7,2
2024-12-09,M-E11,全电动,14.4,0,,0,2,408,110.5,3
2024-12-09,M-E12,全电动,14.7,0,,0,2,134,133.3,2
2024-12-09,M-E13,全电动,14.5,0,,0.1,1,398,128.6,1
2024-12-09,M-O01,油压,15.7,0,,0,1,357,211.7,2
2024-12-09,M-O02,油压,17.0,0,,0,1,540,226.9,4
2024-12-09,M-O03,油压,17.0,0,,0,2,344,283.5,4
2024-12-09,M-O04,油压,14.4,0,,0,1,81,378.7,0
2024-12-09,M-O05,油压,13.8,0,,0.3,3,585,308.1,0
2024-12-09,M-O06,油压,15.4,0,,0,1,452,580.6,1
2024-12-09,M-O07,油压,18.4,0,,0.1,3,524,568.6,0
2024-12-09,M-O08,油压,16.2,0,,0,2,549,647.2,1
2024-12-09,M-O09,油压,16.6,0,,0,2,280,777.2,0
2024-12-09,M-D01,双色旋转,16.2,0,,0,1,383,128.8,2
2024-12-09,M-D02,双色旋转,16.6,0,,0,2,465,508.1,3
2024-12-09,M-D03,双色旋转,16.6,0,,0.3,2,196,577.0,4
2024-12-09,M-T01,两板,17.9,0,,0,3,428,45.7,2
2024-12-09,M-T02,两板,16.7,0,,0,2,344,382.0,1
2024-12-09,M-T03,两板,14.5,0,,0,2,208,848.3,2
2024-12-09,M-T04,两板,15.9,0,,0.4,1,103,1126.6,0
2024-12-10,M-E01,全电动,18.3,0,,0,1,291,28.7,1
2024-12-10,M-E02,全电动,14.9,0,,0,4,346,30.4,1
2024-12-10,M-E03,全电动,14.0,0,,0,2,343,41.0,3
2024-12-10,M-E04,全电动,14.8,0,,0,1,144,42.9,3
2024-12-10,M-E05,全电动,15.8,0,,0,4,587,51.7,4
2024-12-10,M-E06,全电动,15.6,0,,0.1,2,248,54.0,2
2024-12-10,M-E07,全电动,15.2,0,,0.2,1,387,78.2,2
2024-12-10,M-E08,全电动,16.7,0,,0,1,354,110.8,2
2024-12-10,M-E09,全电动,18.1,0,,0,2,437,150.8,0
2024-12-10,M-E10,全电动,14.3,0,,0,3,159,124.4,4
2024-12-10,M-E11,全电动,13.1,0,,0.1,2,524,94.5,4
2024-12-10,M-E12,全电动,16.4,0,,0,2,162,131.9,4
2024-12-10,M-E13,全电动,18.8,0,,0,1,562,203.4,0
2024-12-10,M-O01,油压,16.4,0,,0,2,410,254.2,2
2024-12-10,M-O02,油压,17.0,0,,0,4,539,232.1,1
2024-12-10,M-O03,油压,15.1,0,,0,3,478,278.6,1
2024-12-10,M-O04,油压,18.9,0,,0,3,89,402.2,1
2024-12-10,M-O05,油压,18.2,0,,0,1,175,571.2,0
2024-12-10,M-O06,油压,15.0,0,,0,2,570,533.8,4
2024-12-10,M-O07,油压,16.0,0,,0.1,1,346,669.5,2
2024-12-10,M-O08,油压,13.1,0,,0,2,119,690.2,1
2024-12-10,M-O09,油压,13.5,0,,0,2,585,817.7,2
2024-12-10,M-D01,双色旋转,15.5,0,,0,2,407,156.4,4
2024-12-10,M-D02,双色旋转,16.3,0,,0,3,576,443.5,4
2024-12-10,M-D03,双色旋转,16.4,0,,0.2,3,550,447.3,4
2024-12-10,M-T01,两板,13.3,0,,0,3,532,42.8,2
2024-12-10,M-T02,两板,15.7,0,,0,2,188,368.8,2
2024-12-10,M-T03,两板,14.6,0,,0.4,3,178,917.0,3
2024-12-10,M-T04,两板,15.9,0,,0.5,2,481,1015.4,2
2024-12-11,M-E01,全电动,12.799999999999999,1.8,传感器异常,0,3,239,28.9,0
2024-12-11,M-E02,全电动,18.0,0,,0,2,502,38.5,3
2024-12-11,M-E03,全电动,13.5,0,,0,2,513,34.5,0
2024-12-11,M-E04,全电动,14.6,0,,0.1,2,273,33.5,0
2024-12-11,M-E05,全电动,17.2,0,,0,3,497,54.8,4
2024-12-11,M-E06,全电动,15.4,0,,0,1,167,64.6,0
2024-12-11,M-E07,全电动,15.1,0,,0.3,2,431,68.5,4
2024-12-11,M-E08,全电动,14.7,0,,0,3,331,89.6,1
2024-12-11,M-E09,全电动,14.6,0,,0,3,320,115.4,1
2024-12-11,M-E10,全电动,13.5,0,,0,3,333,107.6,1
2024-12-11,M-E11,全电动,18.3,0,,0,3,223,182.5,1
2024-12-11,M-E12,全电动,13.3,0,,0,3,276,124.0,4
2024-12-11,M-E13,全电动,17.0,0,,0.2,1,353,176.8,1
2024-12-11,M-O01,油压,15.6,0,,0,3,430,216.5,1
2024-12-11,M-O02,油压,16.5,0,,0,3,204,210.8,0
2024-12-11,M-O03,油压,16.2,0,,0,2,231,258.7,1
2024-12-11,M-O04,油压,13.9,0,,0.1,2,278,321.8,2
2024-12-11,M-O05,油压,16.6,0,,0,3,531,473.2,0
2024-12-11,M-O06,油压,16.1,0,,0,2,277,427.9,2
2024-12-11,M-O07,油压,18.7,0,,0,1,444,719.5,4
2024-12-11,M-O08,油压,17.9,0,,0,1,276,684.1,3
2024-12-11,M-O09,油压,13.5,2.8,传感器异常,0,3,236,730.3,2
2024-12-11,M-D01,双色旋转,16.5,0,,0,3,311,128.7,2
2024-12-11,M-D02,双色旋转,14.1,0,,0,4,248,522.6,3
2024-12-11,M-D03,双色旋转,17.9,0,,0.4,4,136,587.8,2
2024-12-11,M-T01,两板,17.8,0,,0,3,398,51.2,1
2024-12-11,M-T02,两板,17.3,0,,0,2,367,443.7,3
2024-12-11,M-T03,两板,17.3,0,,0,1,594,1031.1,2
2024-12-11,M-T04,两板,17.6,0,,0,3,439,1410.2,2
2024-12-12,M-E01,全电动,13.0,0,,0,3,137,20.6,3
2024-12-12,M-E02,全电动,14.9,0,,0,2,514,33.3,3
2024-12-12,M-E03,全电动,14.5,0,,0,2,98,41.6,4
2024-12-12,M-E04,全电动,18.0,0,,0,2,476,51.3,1
2024-12-12,M-E05,全电动,14.0,0,,0,1,411,63.7,4
2024-12-12,M-E06,全电动,16.0,0,,0.0,2,80,70.1,1
2024-12-12,M-E07,全电动,18.9,0,,0,2,378,97.4,2
2024-12-12,M-E08,全电动,16.0,0,,0.2,1,444,75.3,1
2024-12-12,M-E09,全电动,15.2,0,,0,1,532,86.4,0
2024-12-12,M-E10,全电动,14.4,0,,0,1,147,132.1,0
2024-12-12,M-E11,全电动,16.3,0,,0,4,331,116.3,1
2024-12-12,M-E12,全电动,16.8,0,,0,1,81,151.5,4
2024-12-12,M-E13,全电动,17.9,0,,0,2,293,208.2,4
2024-12-12,M-O01,油压,14.9,0,,0,1,323,196.9,3
2024-12-12,M-O02,油压,16.3,0,,0,1,548,304.1,1
2024-12-12,M-O03,油压,18.2,0,,0.2,1,169,362.8,2
2024-12-12,M-O04,油压,14.0,0,,0.1,1,467,390.9,4
2024-12-12,M-O05,油压,15.3,0,,0,1,156,387.3,4
2024-12-12,M-O06,油压,14.0,0,,0,1,140,440.3,0
2024-12-12,M-O07,油压,14.3,0,,0.5,1,97,504.7,0
2024-12-12,M-O08,油压,17.2,0,,0,2,200,792.4,3
2024-12-12,M-O09,油压,18.7,0,,0,1,575,917.6,2
2024-12-12,M-D01,双色旋转,16.2,0.7,电气故障,0,1,432,143.5,2
2024-12-12,M-D02,双色旋转,13.4,0,,0,5,595,368.9,2
2024-12-12,M-D03,双色旋转,18.6,0,,0,2,414,585.4,1
2024-12-12,M-T01,两板,17.9,0,,0.3,2,473,45.0,1
2024-12-12,M-T02,两板,13.1,0,,0.3,4,410,337.5,1
2024-12-12,M-T03,两板,16.9,0,,0,1,86,1133.6,4
2024-12-12,M-T04,两板,15.299999999999999,1.1,液压系统,0,3,180,1285.7,1
2024-12-13,M-E01,全电动,15.100000000000001,1.7,液压系统,0.1,3,415,31.2,0
2024-12-13,M-E02,全电动,17.5,0,,0,2,292,26.8,4
2024-12-13,M-E03,全电动,16.1,0,,0,2,368,42.8,2
2024-12-13,M-E04,全电动,17.7,0,,0,3,388,54.3,1
2024-12-13,M-E05,全电动,16.3,0,,0,1,474,62.7,2
2024-12-13,M-E06,全电动,15.7,0,,0,3,97,57.7,0
2024-12-13,M-E07,全电动,15.9,0,,0.3,2,270,72.8,4
2024-12-13,M-E08,全电动,15.0,0,,0,4,343,77.5,3
2024-12-13,M-E09,全电动,14.2,0,,0,1,414,111.9,3
2024-12-13,M-E10,全电动,14.9,0,,0.5,3,307,109.9,4
2024-12-13,M-E11,全电动,15.9,0,,0,3,470,113.1,4
2024-12-13,M-E12,全电动,17.9,0,,0,3,438,181.4,4
2024-12-13,M-E13,全电动,14.9,0,,0,1,396,171.8,3
2024-12-13,M-O01,油压,16.1,0,,0,1,348,220.1,4
2024-12-13,M-O02,油压,17.8,0,,0.1,3,375,337.1,0
2024-12-13,M-O03,油压,18.8,0,,0,3,303,404.9,1
2024-12-13,M-O04,油压,13.7,0,,0,2,432,361.3,4
2024-12-13,M-O05,油压,17.2,0,,0,2,402,389.3,4
2024-12-13,M-O06,油压,13.1,0,,0,1,245,470.1,1
2024-12-13,M-O07,油压,15.2,0,,0,4,102,540.2,3
2024-12-13,M-O08,油压,16.7,0,,0,3,593,668.9,1
2024-12-13,M-O09,油压,13.8,0,,0,3,202,602.2,2
2024-12-13,M-D01,双色旋转,15.1,0,,0.5,1,253,123.2,0
2024-12-13,M-D02,双色旋转,17.8,0,,0,3,325,510.9,1
2024-12-13,M-D03,双色旋转,17.1,0,,0,3,260,546.5,3
2024-12-13,M-T01,两板,17.4,0,,0,2,475,50.8,1
2024-12-13,M-T02,两板,17.0,0,,0,2,271,516.1,1
2024-12-13,M-T03,两板,15.3,0,,0,3,152,981.4,3
2024-12-13,M-T04,两板,15.1,0,,0,2,497,1226.8,0
2024-12-14,M-E01,全电动,15.3,0,,0,3,126,34.8,2
2024-12-14,M-E02,全电动,18.2,0,,0,1,100,31.9,4
2024-12-14,M-E03,全电动,13.5,0,,0,1,161,40.7,3
2024-12-14,M-E04,全电动,16.4,0,,0.1,2,215,50.1,3
2024-12-14,M-E05,全电动,16.7,0,,0,3,442,67.3,2
2024-12-14,M-E06,全电动,16.8,0,,0.3,2,347,58.7,2
2024-12-14,M-E07,全电动,15.8,2.3,传感器异常,0,2,368,81.5,0
2024-12-14,M-E08,全电动,15.9,0,,0,2,203,108.6,4
2024-12-14,M-E09,全电动,15.0,0,,0.5,3,342,121.0,3
2024-12-14,M-E10,全电动,17.6,1.0,模具问题,0,2,89,123.1,1
2024-12-14,M-E11,全电动,13.1,0,,0,2,117,107.4,2
2024-12-14,M-E12,全电动,15.7,0,,0,2,408,188.0,4
2024-12-14,M-E13,全电动,14.4,0,,0,1,530,169.2,0
2024-12-14,M-O01,油压,18.1,0,,0,4,449,264.0,2
2024-12-14,M-O02,油压,14.1,0,,0,2,574,222.4,0
2024-12-14,M-O03,油压,18.8,0,,0,1,487,295.0,2
2024-12-14,M-O04,油压,15.5,0,,0,1,446,355.5,2
2024-12-14,M-O05,油压,15.3,0,,0,3,551,408.7,0
2024-12-14,M-O06,油压,15.3,0,,0,1,499,476.3,4
2024-12-14,M-O07,油压,13.8,0,,0,4,463,589.8,2
2024-12-14,M-O08,油压,18.3,0,,0,3,153,897.4,1
2024-12-14,M-O09,油压,13.5,0,,0,2,351,672.5,2
2024-12-14,M-D01,双色旋转,14.1,0,,0,1,203,116.9,4
2024-12-14,M-D02,双色旋转,15.8,0,,0,1,513,459.7,4
2024-12-14,M-D03,双色旋转,18.8,0,,0,1,456,514.7,3
2024-12-14,M-T01,两板,15.6,0,,0,2,444,47.9,3
2024-12-14,M-T02,两板,16.8,0,,0,4,418,393.4,0
2024-12-14,M-T03,两板,18.6,0,,0,3,288,876.4,3
2024-12-14,M-T04,两板,18.9,0,,0,1,426,1467.9,1
2024-12-15,M-E01,全电动,17.4,0,,0.0,1,477,35.1,1
2024-12-15,M-E02,全电动,14.8,0,,0,2,128,24.2,0
2024-12-15,M-E03,全电动,13.2,0,,0,2,302,39.7,4
2024-12-15,M-E04,全电动,14.4,0,,0,2,571,43.5,3
2024-12-15,M-E05,全电动,15.1,0,,0,1,263,47.0,1
2024-12-15,M-E06,全电动,13.9,0,,0.0,2,477,42.6,4
2024-12-15,M-E07,全电动,16.7,0,,0,1,499,85.7,0
2024-12-15,M-E08,全电动,18.8,0,,0,4,222,93.2,1
2024-12-15,M-E09,全电动,13.4,0,,0,2,355,80.3,1
2024-12-15,M-E10,全电动,15.3,0,,0,2,181,99.6,3
2024-12-15,M-E11,全电动,16.9,0,,0,2,175,163.6,4
2024-12-15,M-E12,全电动,15.3,0,,0,1,555,155.3,3
2024-12-15,M-E13,全电动,14.7,0,,0,2,335,165.9,1
2024-12-15,M-O01,油压,13.2,0,,0,1,542,214.7,3
2024-12-15,M-O02,油压,15.8,0,,0,1,248,256.2,1
2024-12-15,M-O03,油压,14.7,0,,0,3,412,272.5,2
2024-12-15,M-O04,油压,15.1,0,,0,2,224,350.0,3
2024-12-15,M-O05,油压,17.9,0,,0.0,1,231,383.5,0
2024-12-15,M-O06,油压,13.9,0,,0,1,160,495.1,3
2024-12-15,M-O07,油压,15.5,0,,0,2,558,526.0,2
2024-12-15,M-O08,油压,14.8,0,,0,1,419,632.9,2
2024-12-15,M-O09,油压,18.3,0,,0,3,520,814.2,2
2024-12-15,M-D01,双色旋转,15.9,0,,0,2,578,124.5,1
2024-12-15,M-D02,双色旋转,16.5,0,,0,2,305,602.0,2
2024-12-15,M-D03,双色旋转,15.6,0,,0,2,293,496.4,3
2024-12-15,M-T01,两板,14.8,0,,0,3,171,44.4,0
2024-12-15,M-T02,两板,18.0,0,,0,1,397,411.0,1
2024-12-15,M-T03,两板,16.0,0,,0,3,247,1051.9,3
2024-12-15,M-T04,两板,17.5,0,,0,1,488,1447.2,4
2024-12-16,M-E01,全电动,14.1,0,,0.0,3,277,29.0,1
2024-12-16,M-E02,全电动,14.5,0,,0,2,297,22.2,2
2024-12-16,M-E03,全电动,13.8,0,,0,4,403,34.4,4
2024-12-16,M-E04,全电动,14.7,0,,0,2,409,44.3,1
2024-12-16,M-E05,全电动,14.7,0,,0,1,245,66.0,4
2024-12-16,M-E06,全电动,13.7,0,,0,2,303,57.1,0
2024-12-16,M-E07,全电动,17.4,0,,0.2,3,94,70.8,0
2024-12-16,M-E08,全电动,18.8,0,,0,1,485,86.4,4
2024-12-16,M-E09,全电动,15.5,0,,0,2,136,125.0,3
2024-12-16,M-E10,全电动,17.0,0,,0,1,259,124.9,2
2024-12-16,M-E11,全电动,15.3,0,,0,1,270,147.2,1
2024-12-16,M-E12,全电动,14.8,0,,0,3,529,146.4,0
2024-12-16,M-E13,全电动,15.7,0,,0,3,211,179.4,2
2024-12-16,M-O01,油压,18.3,0,,0,2,173,309.2,1
2024-12-16,M-O02,油压,13.4,0,,0,3,368,252.3,0
2024-12-16,M-O03,油压,15.7,2.0,液压系统,0,1,558,265.2,2
2024-12-16,M-O04,油压,14.6,0,,0,2,475,300.4,4
2024-12-16,M-O05,油压,17.7,0,,0,1,106,400.3,3
2024-12-16,M-O06,油压,18.9,0,,0,3,255,696.9,1
2024-12-16,M-O07,油压,16.3,0,,0,1,517,722.1,4
2024-12-16,M-O08,油压,13.2,0,,0,1,347,521.1,2
2024-12-16,M-O09,油压,14.3,0,,0,2,325,788.8,2
2024-12-16,M-D01,双色旋转,18.5,0,,0,2,95,149.1,3
2024-12-16,M-D02,双色旋转,14.9,0,,0,2,269,437.4,2
2024-12-16,M-D03,双色旋转,16.1,0,,0.2,3,593,453.7,0
2024-12-16,M-T01,两板,15.7,0,,0,3,212,59.6,2
2024-12-16,M-T02,两板,15.1,0,,0,2,429,449.2,4
2024-12-16,M-T03,两板,18.1,0,,0.2,5,521,980.3,0
2024-12-16,M-T04,两板,16.3,0,,0,2,423,1088.5,0
2024-12-17,M-E01,全电动,16.7,0,,0,3,484,29.5,2
2024-12-17,M-E02,全电动,18.5,0,,0,2,255,40.3,4
2024-12-17,M-E03,全电动,15.6,0,,0,2,233,35.3,3
2024-12-17,M-E04,全电动,15.6,0,,0,2,190,38.9,0
2024-12-17,M-E05,全电动,16.1,0,,0,1,436,62.4,1
2024-12-17,M-E06,全电动,16.0,0,,0.1,4,335,69.4,1
2024-12-17,M-E07,全电动,15.9,0,,0,3,591,66.2,1
2024-12-17,M-E08,全电动,13.7,0,,0,2,377,65.9,4
2024-12-17,M-E09,全电动,17.8,0,,0,2,217,142.3,4
2024-12-17,M-E10,全电动,18.3,0,,0,3,493,129.3,2
2024-12-17,M-E11,全电动,16.3,0,,0,1,526,161.6,2
2024-12-17,M-E12,全电动,14.8,0,,0,4,188,176.3,4
2024-12-17,M-E13,全电动,14.4,0,,0,1,413,156.7,4
2024-12-17,M-O01,油压,18.8,0,,0,1,322,250.8,3
2024-12-17,M-O02,油压,17.7,0,,0,1,200,280.6,0
2024-12-17,M-O03,油压,18.3,0,,0,1,376,294.4,2
2024-12-17,M-O04,油压,13.8,0,,0,4,254,322.7,3
2024-12-17,M-O05,油压,14.8,0,,0,2,231,469.5,1
2024-12-17,M-O06,油压,16.6,0,,0,3,371,619.9,2
2024-12-17,M-O07,油压,16.9,0,,0,2,332,767.8,3
2024-12-17,M-O08,油压,14.7,0,,0,3,341,694.3,3
2024-12-17,M-O09,油压,17.4,0,,0,1,384,860.2,1
2024-12-17,M-D01,双色旋转,13.7,0,,0,3,327,133.3,3
2024-12-17,M-D02,双色旋转,17.8,0,,0.0,1,563,593.8,1
2024-12-17,M-D03,双色旋转,16.1,0,,0,3,413,446.1,4
2024-12-17,M-T01,两板,16.6,0,,0,2,173,45.2,2
2024-12-17,M-T02,两板,17.3,0,,0,3,280,525.5,2
2024-12-17,M-T03,两板,14.1,0.9,液压系统,0.3,2,531,805.5,4
2024-12-17,M-T04,两板,13.8,0,,0.3,3,272,1019.5,0
2024-12-18,M-E01,全电动,14.3,2.0,液压系统,0,1,106,26.3,4
2024-12-18,M-E02,全电动,15.8,0,,0,1,270,31.9,4
2024-12-18,M-E03,全电动,13.8,0,,0,3,151,32.5,3
2024-12-18,M-E04,全电动,17.7,0,,0.2,2,202,45.5,3
2024-12-18,M-E05,全电动,18.3,0,,0,2,344,80.9,0
2024-12-18,M-E06,全电动,16.1,0,,0,2,364,69.8,3
2024-12-18,M-E07,全电动,16.7,0,,0,2,186,71.7,1
2024-12-18,M-E08,全电动,16.2,0,,0,3,227,80.7,2
2024-12-18,M-E09,全电动,15.6,0,,0,3,439,108.1,0
2024-12-18,M-E10,全电动,14.1,0,,0,2,368,132.0,4
2024-12-18,M-E11,全电动,18.0,0,,0,3,434,130.4,4
2024-12-18,M-E12,全电动,14.6,0,,0,4,174,171.9,1
2024-12-18,M-E13,全电动,16.4,0,,0,3,172,181.1,4
2024-12-18,M-O01,油压,13.5,0,,0,1,241,216.6,3
2024-12-18,M-O02,油压,18.9,0,,0,1,219,330.3,0
2024-12-18,M-O03,油压,16.9,0,,0.0,3,119,306.0,4
2024-12-18,M-O04,油压,16.7,0,,0,2,496,358.6,4
2024-12-18,M-O05,油压,14.0,0,,0,3,140,323.1,3
2024-12-18,M-O06,油压,19.0,0,,0.3,2,164,511.5,3
2024-12-18,M-O07,油压,18.0,0,,0,2,234,797.5,1
2024-12-18,M-O08,油压,15.1,0,,0,3,267,532.1,4
2024-12-18,M-O09,油压,16.8,0,,0,3,340,741.4,4
2024-12-18,M-D01,双色旋转,16.3,0,,0,1,476,137.7,1
2024-12-18,M-D02,双色旋转,14.6,0,,0,3,459,546.5,4
2024-12-18,M-D03,双色旋转,17.1,0,,0,2,186,590.4,2
2024-12-18,M-T01,两板,17.4,0,,0,3,438,45.9,2
2024-12-18,M-T02,两板,15.8,0,,0.5,4,143,461.3,2
2024-12-18,M-T03,两板,14.8,0,,0,4,506,781.6,4
2024-12-18,M-T04,两板,17.1,0,,0,2,386,1222.7,2
2024-12-19,M-E01,全电动,18.8,0,,0,2,597,41.8,3
2024-12-19,M-E02,全电动,18.5,0,,0.1,3,151,35.9,1
2024-12-19,M-E03,全电动,11.6,3.4,液压系统,0,3,308,38.3,1
2024-12-19,M-E04,全电动,13.9,0,,0,3,322,45.2,1
2024-12-19,M-E05,全电动,16.3,0,,0,1,378,61.9,1
2024-12-19,M-E06,全电动,17.7,1.0,模具问题,0,2,544,75.0,3
2024-12-19,M-E07,全电动,18.7,0,,0,2,362,80.6,4
2024-12-19,M-E08,全电动,15.1,0,,0,3,265,101.1,0
2024-12-19,M-E09,全电动,18.7,0,,0,2,298,147.1,3
2024-12-19,M-E10,全电动,17.3,0,,0,1,355,111.5,3
2024-12-19,M-E11,全电动,18.6,0,,0,2,246,179.3,0
2024-12-19,M-E12,全电动,16.2,0,,0,5,361,150.7,1
2024-12-19,M-E13,全电动,14.3,0,,0,2,324,154.9,3
2024-12-19,M-O01,油压,18.4,0,,0,1,453,254.1,4
2024-12-19,M-O02,油压,13.9,0,,0,1,560,221.7,1
2024-12-19,M-O03,油压,17.1,0,,0.0,2,506,338.1,3
2024-12-19,M-O04,油压,14.0,0,,0,2,561,349.9,1
2024-12-19,M-O05,油压,14.8,0,,0,1,439,414.0,2
2024-12-19,M-O06,油压,14.6,0,,0,1,523,495.5,0
2024-12-19,M-O07,油压,13.2,0,,0,3,516,590.3,0
2024-12-19,M-O08,油压,13.6,0,,0,2,359,507.4,2
2024-12-19,M-O09,油压,16.1,0,,0.2,2,451,939.9,3
2024-12-19,M-D01,双色旋转,14.6,0,,0,1,329,140.2,2
2024-12-19,M-D02,双色旋转,18.0,0,,0.2,2,268,525.3,2
2024-12-19,M-D03,双色旋转,14.2,0,,0,1,172,401.5,2
2024-12-19,M-T01,两板,13.5,0,,0,2,113,40.0,2
2024-12-19,M-T02,两板,16.9,0,,0,4,457,509.0,0
2024-12-19,M-T03,两板,16.9,0,,0,3,154,1099.2,3
2024-12-19,M-T04,两板,12.3,2.0,传感器异常,0,4,468,1036.5,1
2024-12-20,M-E01,全电动,14.3,0,,0,1,498,26.7,2
2024-12-20,M-E02,全电动,14.0,0,,0,4,168,30.7,4
2024-12-20,M-E03,全电动,15.7,0,,0.3,2,368,44.9,2
2024-12-20,M-E04,全电动,16.6,0,,0,1,594,54.7,3
2024-12-20,M-E05,全电动,14.5,0,,0,3,195,48.6,0
2024-12-20,M-E06,全电动,13.0,0,,0,1,147,39.3,3
2024-12-20,M-E07,全电动,16.1,0,,0,2,509,90.2,4
2024-12-20,M-E08,全电动,14.8,0,,0,4,224,68.2,1
2024-12-20,M-E09,全电动,17.6,0,,0,1,267,98.2,4
2024-12-20,M-E10,全电动,14.6,0,,0,3,270,131.3,4
2024-12-20,M-E11,全电动,13.5,0,,0,2,169,137.7,0
2024-12-20,M-E12,全电动,15.3,0,,0.2,2,114,176.1,2
2024-12-20,M-E13,全电动,18.5,0,,0.1,1,313,191.8,1
2024-12-20,M-O01,油压,17.0,0,,0,2,351,279.6,4
2024-12-20,M-O02,油压,16.8,0,,0,2,421,301.1,4
2024-12-20,M-O03,油压,16.5,0,,0,1,86,291.7,0
2024-12-20,M-O04,油压,18.9,0,,0.1,3,363,483.7,2
2024-12-20,M-O05,油压,11.0,3.9,加热系统,0.1,1,250,256.6,4
2024-12-20,M-O06,油压,16.4,0,,0,2,492,584.3,4
2024-12-20,M-O07,油压,18.5,0,,0,2,540,704.1,3
2024-12-20,M-O08,油压,16.6,0,,0,2,456,879.0,2
2024-12-20,M-O09,油压,15.4,0,,0.2,4,481,757.3,3
2024-12-20,M-D01,双色旋转,13.3,0,,0,3,352,140.5,2
2024-12-20,M-D02,双色旋转,15.5,0,,0.3,1,572,436.8,3
2024-12-20,M-D03,双色旋转,18.8,0,,0,2,577,702.4,0
2024-12-20,M-T01,两板,15.7,0,,0,3,197,58.7,0
2024-12-20,M-T02,两板,18.0,0,,0,3,448,540.8,3
2024-12-20,M-T03,两板,19.0,0,,0,1,539,1224.6,1
2024-12-20,M-T04,两板,18.7,0,,0,4,334,1763.8,3
2024-12-21,M-E01,全电动,14.5,0,,0,3,256,23.1,0
2024-12-21,M-E02,全电动,17.6,0,,0.3,2,497,33.3,1
2024-12-21,M-E03,全电动,17.4,0,,0,3,177,44.5,1
2024-12-21,M-E04,全电动,15.3,0,,0,3,580,36.7,2
2024-12-21,M-E05,全电动,16.9,0,,0,1,210,60.2,2
2024-12-21,M-E06,全电动,17.4,0,,0,3,371,74.8,3
2024-12-21,M-E07,全电动,16.3,0,,0,1,463,64.3,1
2024-12-21,M-E08,全电动,15.9,0,,0,1,129,86.4,1
2024-12-21,M-E09,全电动,13.3,2.3,液压系统,0,2,252,89.7,4
2024-12-21,M-E10,全电动,14.9,0,,0.4,2,205,93.8,2
2024-12-21,M-E11,全电动,17.1,0,,0.5,1,327,158.1,0
2024-12-21,M-E12,全电动,16.1,0,,0,2,367,153.9,1
2024-12-21,M-E13,全电动,13.0,0,,0,2,136,145.3,1
2024-12-21,M-O01,油压,15.2,0,,0,3,327,176.6,2
2024-12-21,M-O02,油压,18.6,0,,0,1,313,235.5,1
2024-12-21,M-O03,油压,16.0,0,,0,3,157,240.4,0
2024-12-21,M-O04,油压,13.5,0,,0,1,206,290.3,2
2024-12-21,M-O05,油压,17.4,0,,0,1,187,387.0,4
2024-12-21,M-O06,油压,18.5,0,,0,3,346,562.5,4
2024-12-21,M-O07,油压,15.2,0,,0,1,486,604.2,0
2024-12-21,M-O08,油压,15.6,0,,0,2,412,634.9,3
2024-12-21,M-O09,油压,13.1,0,,0,2,560,575.6,0
2024-12-21,M-D01,双色旋转,13.0,0,,0,4,296,118.4,2
2024-12-21,M-D02,双色旋转,18.0,0,,0.2,2,458,481.6,0
2024-12-21,M-D03,双色旋转,15.5,0,,0,1,469,527.6,2
2024-12-21,M-T01,两板,18.4,0,,0,4,543,58.9,2
2024-12-21,M-T02,两板,13.5,0,,0,3,330,362.2,0
2024-12-21,M-T03,两板,15.1,0,,0.1,2,241,762.0,1
2024-12-21,M-T04,两板,18.5,0,,0,1,151,1736.7,2
2024-12-22,M-E01,全电动,13.3,0,,0.5,2,415,28.7,1
2024-12-22,M-E02,全电动,13.4,0,,0,3,164,28.8,1
2024-12-22,M-E03,全电动,15.7,0,,0.1,3,184,38.8,2
2024-12-22,M-E04,全电动,14.0,0,,0,2,171,33.8,0
2024-12-22,M-E05,全电动,14.2,0,,0,3,397,50.0,3
2024-12-22,M-E06,全电动,14.9,0,,0,4,133,46.7,1
2024-12-22,M-E07,全电动,18.6,0,,0,3,127,81.7,0
2024-12-22,M-E08,全电动,18.1,0,,0,3,596,83.9,2
2024-12-22,M-E09,全电动,16.2,0,,0,1,495,92.2,1
2024-12-22,M-E10,全电动,17.4,0,,0,2,479,110.8,0
2024-12-22,M-E11,全电动,14.1,0,,0.3,1,377,106.9,4
2024-12-22,M-E12,全电动,16.4,0,,0.4,3,544,196.2,2
2024-12-22,M-E13,全电动,16.9,0,,0,2,392,177.1,4
2024-12-22,M-O01,油压,18.4,0,,0,1,275,232.8,2
2024-12-22,M-O02,油压,13.9,0,,0,2,227,231.0,0
2024-12-22,M-O03,油压,13.1,0,,0,1,144,198.1,0
2024-12-22,M-O04,油压,16.1,0,,0,3,413,446.4,4
2024-12-22,M-O05,油压,13.9,0,,0,2,327,321.2,1
2024-12-22,M-O06,油压,13.0,0,,0,1,457,456.5,4
2024-12-22,M-O07,油压,17.3,0,,0.2,4,104,708.1,3
2024-12-22,M-O08,油压,15.1,0,,0.1,2,596,673.5,1
2024-12-22,M-O09,油压,18.9,0,,0,2,183,918.9,3
2024-12-22,M-D01,双色旋转,17.4,0,,0.1,1,572,137.6,1
2024-12-22,M-D02,双色旋转,17.8,0,,0,2,429,660.1,4
2024-12-22,M-D03,双色旋转,18.2,0,,0,3,113,476.1,2
2024-12-22,M-T01,两板,15.2,0,,0,1,558,43.0,1
2024-12-22,M-T02,两板,13.7,0,,0,2,234,364.2,4
2024-12-22,M-T03,两板,18.1,0,,0,1,381,1000.1,2
2024-12-22,M-T04,两板,17.5,0,,0,2,369,1255.5,4
2024-12-23,M-E01,全电动,18.4,0,,0,4,292,33.4,2
2024-12-23,M-E02,全电动,15.9,0,,0,1,463,24.1,4
2024-12-23,M-E03,全电动,16.9,0,,0,1,562,38.2,1
2024-12-23,M-E04,全电动,14.7,0,,0,3,251,46.8,4
2024-12-23,M-E05,全电动,13.6,0,,0,1,552,50.5,3
2024-12-23,M-E06,全电动,13.1,0,,0.2,2,131,52.2,1
2024-12-23,M-E07,全电动,15.7,0,,0,3,369,82.5,3
2024-12-23,M-E08,全电动,18.0,0,,0,2,260,101.7,2
2024-12-23,M-E09,全电动,14.0,0,,0,1,561,79.1,0
2024-12-23,M-E10,全电动,16.5,0,,0.3,3,222,115.8,4
2024-12-23,M-E11,全电动,18.9,0,,0,2,598,138.9,4
2024-12-23,M-E12,全电动,14.2,0,,0,2,350,161.9,4
2024-12-23,M-E13,全电动,16.2,0,,0,1,387,199.6,2
2024-12-23,M-O01,油压,16.2,0,,0.1,1,178,201.6,0
2024-12-23,M-O02,油压,18.1,0,,0,2,152,303.8,2
2024-12-23,M-O03,油压,17.0,0,,0,3,352,345.1,2
2024-12-23,M-O04,油压,17.3,0,,0,2,146,448.0,4
2024-12-23,M-O05,油压,17.5,0,,0.4,2,151,488.7,2
2024-12-23,M-O06,油压,18.3,0,,0,1,556,695.2,0
2024-12-23,M-O07,油压,14.7,0,,0,2,538,622.6,3
2024-12-23,M-O08,油压,16.1,0,,0,2,595,718.9,1
2024-12-23,M-O09,油压,13.9,0,,0,4,589,838.3,4
2024-12-23,M-D01,双色旋转,15.7,0,,0,2,375,112.3,0
2024-12-23,M-D02,双色旋转,18.9,0,,0.3,3,230,621.5,3
2024-12-23,M-D03,双色旋转,16.5,0,,0,3,194,455.4,0
2024-12-23,M-T01,两板,16.3,0,,0,3,470,52.0,1
2024-12-23,M-T02,两板,14.1,0,,0,1,236,358.2,1
2024-12-23,M-T03,两板,15.1,0,,0,3,204,945.1,2
2024-12-23,M-T04,两板,14.9,0,,0,2,162,1366.6,4
2024-12-24,M-E01,全电动,18.2,0,,0,2,90,35.9,0
2024-12-24,M-E02,全电动,17.4,0,,0,2,432,28.0,4
2024-12-24,M-E03,全电动,15.2,0,,0,2,507,40.9,1
2024-12-24,M-E04,全电动,16.8,0,,0,2,176,49.9,4
2024-12-24,M-E05,全电动,16.2,0,,0,3,566,61.9,4
2024-12-24,M-E06,全电动,16.1,0.9,传感器异常,0,1,468,63.2,3
2024-12-24,M-E07,全电动,17.0,0,,0,2,83,88.9,2
2024-12-24,M-E08,全电动,16.9,0,,0.3,2,201,106.3,4
2024-12-24,M-E09,全电动,17.7,0,,0,3,226,132.3,4
2024-12-24,M-E10,全电动,17.0,0,,0,4,285,121.7,1
2024-12-24,M-E11,全电动,16.9,0,,0,1,191,171.2,4
2024-12-24,M-E12,全电动,18.7,0,,0,1,359,197.4,1
2024-12-24,M-E13,全电动,14.1,0,,0,1,546,144.4,4
2024-12-24,M-O01,油压,15.2,0,,0,2,142,251.3,2
2024-12-24,M-O02,油压,13.5,0,,0.1,1,490,237.8,0
2024-12-24,M-O03,油压,17.3,0,,0.0,2,300,273.6,2
2024-12-24,M-O04,油压,11.6,2.6,模具问题,0,1,589,276.8,2
2024-12-24,M-O05,油压,15.5,0,,0.3,1,516,375.6,4
2024-12-24,M-O06,油压,17.7,0,,0,1,351,509.6,0
2024-12-24,M-O07,油压,17.7,0,,0,1,582,725.1,1
2024-12-24,M-O08,油压,14.3,0,,0,2,503,701.5,4
2024-12-24,M-O09,油压,14.8,0,,0,2,526,823.7,0
2024-12-24,M-D01,双色旋转,16.0,0,,0,2,118,169.2,4
2024-12-24,M-D02,双色旋转,14.1,0,,0,3,568,464.8,0
2024-12-24,M-D03,双色旋转,13.9,0,,0,2,262,357.3,0
2024-12-24,M-T01,两板,15.6,0,,0.3,4,519,47.5,1
2024-12-24,M-T02,两板,13.6,0,,0,3,139,401.4,0
2024-12-24,M-T03,两板,18.5,0,,0,2,134,993.0,3
2024-12-24,M-T04,两板,18.8,0,,0,2,286,1785.9,1
2024-12-25,M-E01,全电动,14.3,0,,0,3,156,31.5,1
2024-12-25,M-E02,全电动,18.7,0,,0,3,581,40.2,0
2024-12-25,M-E03,全电动,15.3,0,,0.3,1,453,43.7,0
2024-12-25,M-E04,全电动,16.5,0,,0.0,3,175,54.5,0
2024-12-25,M-E05,全电动,18.8,0,,0,2,338,75.7,0
2024-12-25,M-E06,全电动,15.3,0,,0.2,2,500,55.2,0
2024-12-25,M-E07,全电动,16.3,0,,0,2,273,74.4,0
2024-12-25,M-E08,全电动,18.8,0,,0,2,282,109.0,1
2024-12-25,M-E09,全电动,18.3,0,,0.2,2,161,145.1,1
2024-12-25,M-E10,全电动,13.8,0,,0,1,207,93.9,4
2024-12-25,M-E11,全电动,14.5,0.7,电气故障,0,2,560,127.7,3
2024-12-25,M-E12,全电动,16.7,0,,0,2,560,159.3,2
2024-12-25,M-E13,全电动,14.6,0,,0,4,379,142.9,2
2024-12-25,M-O01,油压,18.0,0,,0,1,428,283.4,0
2024-12-25,M-O02,油压,18.4,0,,0,1,565,265.8,0
2024-12-25,M-O03,油压,16.8,0,,0,2,400,307.6,1
2024-12-25,M-O04,油压,15.7,0,,0,1,278,436.1,1
2024-12-25,M-O05,油压,15.3,0,,0,1,382,446.8,3
2024-12-25,M-O06,油压,13.4,0,,0,2,100,423.4,2
2024-12-25,M-O07,油压,18.4,0,,0.3,1,110,689.9,1
2024-12-25,M-O08,油压,15.0,0,,0,3,566,783.0,1
2024-12-25,M-O09,油压,16.0,0,,0,2,143,971.5,3
2024-12-25,M-D01,双色旋转,15.7,0,,0,2,126,159.9,3
2024-12-25,M-D02,双色旋转,14.3,0,,0,1,219,507.7,1
2024-12-25,M-D03,双色旋转,15.6,0,,0,3,497,490.0,1
2024-12-25,M-T01,两板,13.4,0,,0,1,116,34.0,3
2024-12-25,M-T02,两板,15.6,0,,0,1,204,470.9,4
2024-12-25,M-T03,两板,13.6,0,,0,1,171,846.0,1
2024-12-25,M-T04,两板,18.9,0,,0,2,167,1512.5,2
2024-12-26,M-E01,全电动,18.0,0,,0.4,1,127,37.8,2
2024-12-26,M-E02,全电动,15.3,0,,0,2,295,23.3,4
2024-12-26,M-E03,全电动,13.5,0,,0,1,543,40.3,0
2024-12-26,M-E04,全电动,15.7,0,,0,1,557,36.8,4
2024-12-26,M-E05,全电动,18.6,0,,0,2,274,69.6,1
2024-12-26,M-E06,全电动,14.9,0,,0,1,125,63.8,2
2024-12-26,M-E07,全电动,14.8,0,,0.2,2,565,70.1,3
2024-12-26,M-E08,全电动,18.1,0,,0,3,580,111.9,2
2024-12-26,M-E09,全电动,13.1,0,,0,3,80,91.7,4
2024-12-26,M-E10,全电动,17.5,0,,0,3,489,138.5,1
2024-12-26,M-E11,全电动,18.5,0,,0,2,265,178.2,4
2024-12-26,M-E12,全电动,16.3,0,,0,3,86,169.2,4
2024-12-26,M-E13,全电动,18.2,0,,0,2,185,182.3,4
2024-12-26,M-O01,油压,15.2,0,,0,2,248,207.7,3
2024-12-26,M-O02,油压,14.2,0,,0.3,2,285,221.5,0
2024-12-26,M-O03,油压,17.8,0,,0,1,443,405.7,4
2024-12-26,M-O04,油压,16.7,0,,0,2,433,441.5,3
2024-12-26,M-O05,油压,16.5,0,,0,1,214,400.0,4
2024-12-26,M-O06,油压,17.5,0,,0,3,260,614.7,0
2024-12-26,M-O07,油压,13.4,0,,0,1,297,562.4,3
2024-12-26,M-O08,油压,16.2,0,,0,4,126,580.5,3
2024-12-26,M-O09,油压,14.6,0,,0,2,331,693.4,1
2024-12-26,M-D01,双色旋转,18.7,0,,0,1,100,176.8,0
2024-12-26,M-D02,双色旋转,14.9,0,,0,1,550,450.6,2
2024-12-26,M-D03,双色旋转,13.7,0,,0,1,522,433.5,3
2024-12-26,M-T01,两板,13.2,0,,0,1,133,49.2,4
2024-12-26,M-T02,两板,16.5,0,,0.3,2,391,349.4,0
2024-12-26,M-T03,两板,14.1,0,,0,1,259,927.4,4
2024-12-26,M-T04,两板,18.6,0,,0,1,350,1282.1,3
2024-12-27,M-E01,全电动,15.4,0,,0,1,226,31.6,1
2024-12-27,M-E02,全电动,15.4,0,,0,1,219,29.3,4
2024-12-27,M-E03,全电动,14.7,0,,0,3,496,35.1,2
2024-12-27,M-E04,全电动,17.9,0,,0,1,331,44.3,0
2024-12-27,M-E05,全电动,15.2,0,,0,2,262,59.7,0
2024-12-27,M-E06,全电动,18.4,0,,0,2,359,59.6,4
2024-12-27,M-E07,全电动,15.7,0,,0,2,117,77.9,3
2024-12-27,M-E08,全电动,15.5,0,,0,2,212,73.5,1
2024-12-27,M-E09,全电动,18.7,0,,0,1,320,123.5,1
2024-12-27,M-E10,全电动,16.8,0,,0,3,123,156.9,3
2024-12-27,M-E11,全电动,14.0,0,,0,3,506,109.0,1
2024-12-27,M-E12,全电动,18.1,0,,0,2,445,157.1,4
2024-12-27,M-E13,全电动,17.4,0,,0,3,393,227.7,4
2024-12-27,M-O01,油压,15.9,0,,0,3,587,224.2,0
2024-12-27,M-O02,油压,13.8,0,,0,1,521,229.9,2
2024-12-27,M-O03,油压,19.0,0,,0,4,122,433.1,4
2024-12-27,M-O04,油压,17.0,1.4,传感器异常,0,1,369,391.0,1
2024-12-27,M-O05,油压,18.4,0,,0,3,367,499.2,4
2024-12-27,M-O06,油压,13.4,0,,0,1,158,376.1,2
2024-12-27,M-O07,油压,15.7,0,,0.5,3,399,594.8,3
2024-12-27,M-O08,油压,17.4,0,,0,1,252,680.9,2
2024-12-27,M-O09,油压,16.8,0,,0,2,585,1003.5,3
2024-12-27,M-D01,双色旋转,15.7,0,,0.4,1,175,121.5,2
2024-12-27,M-D02,双色旋转,13.6,0,,0.2,2,443,391.1,1
2024-12-27,M-D03,双色旋转,15.0,0,,0.5,3,328,427.1,4
2024-12-27,M-T01,两板,13.7,0,,0,1,253,43.4,4
2024-12-27,M-T02,两板,14.3,0,,0,1,402,315.5,2
2024-12-27,M-T03,两板,14.7,0,,0,3,93,796.6,2
2024-12-27,M-T04,两板,15.2,0,,0.3,1,497,1406.9,4
2024-12-28,M-E01,全电动,17.3,0,,0,2,511,37.2,0
2024-12-28,M-E02,全电动,17.8,0,,0,1,213,28.8,4
2024-12-28,M-E03,全电动,15.9,0,,0,3,180,37.1,0
2024-12-28,M-E04,全电动,16.1,0,,0,1,501,42.0,0
2024-12-28,M-E05,全电动,14.0,0,,0,1,222,46.9,4
2024-12-28,M-E06,全电动,14.4,0,,0,1,299,60.0,2
2024-12-28,M-E07,全电动,17.0,0,,0.1,3,454,84.6,3
2024-12-28,M-E08,全电动,18.7,0,,0.2,2,211,87.7,4
2024-12-28,M-E09,全电动,15.3,0,,0,1,474,101.9,0
2024-12-28,M-E10,全电动,14.6,0,,0,2,451,102.8,0
2024-12-28,M-E11,全电动,14.7,0,,0,3,585,135.8,1
2024-12-28,M-E12,全电动,16.2,0,,0,3,444,178.1,4
2024-12-28,M-E13,全电动,15.6,0,,0,2,351,200.9,4
2024-12-28,M-O01,油压,16.8,0,,0,1,222,222.7,3
2024-12-28,M-O02,油压,18.8,0,,0,2,209,332.3,4
2024-12-28,M-O03,油压,13.7,0,,0,3,350,253.1,0
2024-12-28,M-O04,油压,12.0,1.4,加热系统,0,2,543,314.7,4
2024-12-28,M-O05,油压,18.6,0,,0,1,298,552.4,3
2024-12-28,M-O06,油压,13.6,0,,0.0,2,146,453.3,0
2024-12-28,M-O07,油压,14.0,0,,0,2,532,421.4,0
2024-12-28,M-O08,油压,17.0,0,,0,2,224,888.7,0
2024-12-28,M-O09,油压,16.9,0,,0.1,1,187,729.8,2
2024-12-28,M-D01,双色旋转,15.6,0,,0.0,1,572,157.7,0
2024-12-28,M-D02,双色旋转,16.2,0,,0,3,500,452.2,0
2024-12-28,M-D03,双色旋转,17.8,0,,0,2,590,448.5,4
2024-12-28,M-T01,两板,13.4,0,,0,1,215,48.0,3
2024-12-28,M-T02,两板,16.3,0,,0,3,586,491.9,2
2024-12-28,M-T03,两板,17.9,0,,0.4,2,143,911.3,0
2024-12-28,M-T04,两板,16.8,0,,0,1,112,1263.1,3
2024-12-29,M-E01,全电动,18.4,0,,0,1,265,29.0,3
2024-12-29,M-E02,全电动,16.6,0,,0,2,416,27.4,1
2024-12-29,M-E03,全电动,14.6,0,,0,4,355,40.1,0
2024-12-29,M-E04,全电动,17.9,0,,0,2,445,51.9,1
2024-12-29,M-E05,全电动,15.9,0,,0.3,2,397,50.8,2
2024-12-29,M-E06,全电动,15.3,0,,0,4,535,48.0,3
2024-12-29,M-E07,全电动,13.7,0,,0.5,1,574,60.2,4
2024-12-29,M-E08,全电动,14.7,0,,0,1,95,95.4,0
2024-12-29,M-E09,全电动,18.3,0,,0,1,84,125.7,2
2024-12-29,M-E10,全电动,13.3,0,,0,1,297,85.8,1
2024-12-29,M-E11,全电动,16.3,0,,0,1,433,169.8,0
2024-12-29,M-E12,全电动,18.0,0,,0,2,175,156.5,2
2024-12-29,M-E13,全电动,15.6,0,,0,3,260,185.3,1
2024-12-29,M-O01,油压,17.2,0,,0,2,346,232.5,2
2024-12-29,M-O02,油压,13.1,0,,0,1,545,234.2,3
2024-12-29,M-O03,油压,16.6,0,,0,3,550,288.5,3
2024-12-29,M-O04,油压,18.8,0,,0,1,576,430.4,1
2024-12-29,M-O05,油压,17.1,0,,0,2,161,457.6,0
2024-12-29,M-O06,油压,17.6,0,,0,1,212,475.1,3
2024-12-29,M-O07,油压,17.1,0,,0,1,304,579.2,3
2024-12-29,M-O08,油压,17.0,0,,0.0,4,84,842.7,0
2024-12-29,M-O09,油压,18.3,0,,0,3,545,1089.8,2
2024-12-29,M-D01,双色旋转,15.7,0,,0,2,126,167.0,2
2024-12-29,M-D02,双色旋转,14.4,0,,0,1,357,427.3,0
2024-12-29,M-D03,双色旋转,17.0,0,,0,2,89,515.7,3
2024-12-29,M-T01,两板,13.5,0,,0,1,89,46.0,1
2024-12-29,M-T02,两板,13.9,0,,0,3,425,294.9,2
2024-12-29,M-T03,两板,14.6,0,,0,2,336,779.5,2
2024-12-29,M-T04,两板,18.3,0,,0.3,1,469,1663.5,0
2024-12-30,M-E01,全电动,13.3,0,,0.1,1,426,27.8,3
2024-12-30,M-E02,全电动,18.9,0,,0,3,480,36.1,3
2024-12-30,M-E03,全电动,17.3,0,,0.4,3,212,49.7,1
2024-12-30,M-E04,全电动,17.1,0,,0,1,318,48.1,2
2024-12-30,M-E05,全电动,13.2,0,,0,1,508,48.5,1
2024-12-30,M-E06,全电动,15.0,0,,0,1,427,51.7,4
2024-12-30,M-E07,全电动,13.1,0,,0,3,347,51.6,1
2024-12-30,M-E08,全电动,14.3,0,,0,2,452,81.7,2
2024-12-30,M-E09,全电动,16.0,0,,0,3,439,123.4,3
2024-12-30,M-E10,全电动,15.8,0,,0,2,196,137.0,2
2024-12-30,M-E11,全电动,13.4,0,,0,2,249,97.1,4
2024-12-30,M-E12,全电动,18.7,0,,0,1,553,221.3,4
2024-12-30,M-E13,全电动,15.9,0,,0,3,528,201.2,2
2024-12-30,M-O01,油压,13.9,1.4,液压系统,0,2,90,221.4,0
2024-12-30,M-O02,油压,15.0,0,,0,1,441,206.1,0
2024-12-30,M-O03,油压,13.8,0,,0,2,102,267.8,3
2024-12-30,M-O04,油压,17.9,0,,0,4,303,373.3,1
2024-12-30,M-O05,油压,17.0,0,,0,2,360,452.8,0
2024-12-30,M-O06,油压,13.2,0,,0,3,251,488.9,1
2024-12-30,M-O07,油压,13.8,0,,0.2,4,124,587.8,1
2024-12-30,M-O08,油压,16.1,0,,0,1,526,736.0,1
2024-12-30,M-O09,油压,14.2,0,,0,3,529,614.1,2
2024-12-30,M-D01,双色旋转,18.1,0,,0,2,92,144.4,0
2024-12-30,M-D02,双色旋转,13.6,0,,0.5,2,546,403.1,2
2024-12-30,M-D03,双色旋转,15.7,0,,0,2,174,434.2,0
2024-12-30,M-T01,两板,14.4,0,,0,1,355,36.2,3
2024-12-30,M-T02,两板,15.6,0,,0.4,2,223,363.0,4
2024-12-30,M-T03,两板,16.7,0,,0,3,357,988.3,2
2024-12-30,M-T04,两板,15.5,0,,0,2,355,1449.0,4
2024-12-31,M-E01,全电动,15.3,0,,0,2,562,27.4,3
2024-12-31,M-E02,全电动,17.4,0,,0,3,423,29.7,4
2024-12-31,M-E03,全电动,18.0,0,,0,2,510,61.0,1
2024-12-31,M-E04,全电动,13.6,0,,0,3,233,38.9,2
2024-12-31,M-E05,全电动,13.5,0,,0,1,359,60.1,3
2024-12-31,M-E06,全电动,18.9,0,,0,2,358,69.2,4
2024-12-31,M-E07,全电动,15.0,0,,0,2,498,68.5,3
2024-12-31,M-E08,全电动,14.4,0,,0,4,120,71.5,4
2024-12-31,M-E09,全电动,13.3,0,,0,1,115,101.0,4
2024-12-31,M-E10,全电动,18.3,0,,0,3,538,144.5,1
2024-12-31,M-E11,全电动,17.5,0,,0,1,298,160.0,4
2024-12-31,M-E12,全电动,17.0,0,,0,3,331,151.8,1
2024-12-31,M-E13,全电动,14.5,0,,0,4,382,140.0,3
2024-12-31,M-O01,油压,15.0,0,,0,1,432,202.3,4
2024-12-31,M-O02,油压,12.6,3.1,液压系统,0.5,3,244,202.2,4
2024-12-31,M-O03,油压,13.5,0,,0,1,141,267.9,4
2024-12-31,M-O04,油压,17.1,0,,0,3,326,406.3,4
2024-12-31,M-O05,油压,13.6,0,,0,1,217,409.4,4
2024-12-31,M-O06,油压,13.2,0,,0.1,3,282,420.6,0
2024-12-31,M-O07,油压,18.5,0,,0.2,1,335,780.3,1
2024-12-31,M-O08,油压,13.5,0,,0,3,504,604.8,2
2024-12-31,M-O09,油压,13.1,0,,0,3,557,547.6,3
2024-12-31,M-D01,双色旋转,13.3,0,,0,3,406,112.1,4
2024-12-31,M-D02,双色旋转,13.2,0,,0.0,2,150,343.9,3
2024-12-31,M-D03,双色旋转,14.6,0,,0,1,536,540.8,3
2024-12-31,M-T01,两板,15.8,0,,0,3,130,58.0,0
2024-12-31,M-T02,两板,15.8,0,,0,1,591,376.5,2
2024-12-31,M-T03,两板,18.6,0,,0,1,140,1034.6,4
2024-12-31,M-T04,两板,17.6,0,,0,2,569,1308.0,0
2025-01-01,M-E01,全电动,15.8,2.8,传感器异常,0,2,520,34.5,1
2025-01-01,M-E02,全电动,18.4,0,,0,3,126,37.3,1
2025-01-01,M-E03,全电动,16.5,0,,0,5,198,43.3,0
2025-01-01,M-E04,全电动,13.8,0,,0,2,96,46.6,0
2025-01-01,M-E05,全电动,13.7,0,,0,2,247,58.3,4
2025-01-01,M-E06,全电动,16.3,0,,0,1,497,66.5,2
2025-01-01,M-E07,全电动,14.3,0,,0,4,580,60.9,2
2025-01-01,M-E08,全电动,13.3,0,,0,2,122,76.6,2
2025-01-01,M-E09,全电动,15.9,0,,0,1,142,129.3,2
2025-01-01,M-E10,全电动,16.6,0,,0,4,307,140.5,2
2025-01-01,M-E11,全电动,15.8,0,,0,2,188,123.5,1
2025-01-01,M-E12,全电动,17.2,0,,0,2,259,189.1,2
2025-01-01,M-E13,全电动,15.5,0,,0,2,155,143.7,4
2025-01-01,M-O01,油压,15.2,0,,0.1,2,319,231.2,2
2025-01-01,M-O02,油压,15.5,0,,0,3,95,199.8,0
2025-01-01,M-O03,油压,13.4,0,,0,3,485,206.0,0
2025-01-01,M-O04,油压,19.0,0,,0,3,513,410.5,2
2025-01-01,M-O05,油压,15.2,0,,0,2,582,330.1,4
2025-01-01,M-O06,油压,16.3,0,,0.3,1,511,521.0,3
2025-01-01,M-O07,油压,13.2,0,,0,1,305,456.4,0
2025-01-01,M-O08,油压,16.2,0,,0,1,577,587.1,4
2025-01-01,M-O09,油压,15.7,0,,0,2,267,856.2,1
2025-01-01,M-D01,双色旋转,17.7,0,,0,2,446,182.1,1
2025-01-01,M-D02,双色旋转,19.0,0,,0,1,435,692.3,3
2025-01-01,M-D03,双色旋转,18.9,0,,0,1,329,490.4,0
2025-01-01,M-T01,两板,11.2,3.7,模具问题,0,2,387,37.0,0
2025-01-01,M-T02,两板,14.9,3.6,模具问题,0,1,240,358.5,2
2025-01-01,M-T03,两板,18.3,0,,0,3,206,875.7,1
2025-01-01,M-T04,两板,17.4,0,,0,2,102,1123.7,0
2025-01-02,M-E01,全电动,15.7,0,,0.4,3,121,25.3,1
2025-01-02,M-E02,全电动,17.2,0,,0,2,150,36.7,3
2025-01-02,M-E03,全电动,17.0,0,,0,3,532,42.1,4
2025-01-02,M-E04,全电动,18.0,0,,0,4,292,55.4,3
2025-01-02,M-E05,全电动,15.5,0,,0,1,118,65.7,1
2025-01-02,M-E06,全电动,17.5,0,,0.0,1,584,73.3,2
2025-01-02,M-E07,全电动,18.5,0,,0,2,128,100.1,4
2025-01-02,M-E08,全电动,19.0,0,,0,2,319,105.5,2
2025-01-02,M-E09,全电动,15.9,0,,0,2,559,111.3,3
2025-01-02,M-E10,全电动,13.6,0,,0,1,248,99.9,3
2025-01-02,M-E11,全电动,13.8,0,,0,2,547,103.1,2
2025-01-02,M-E12,全电动,14.6,0,,0,1,167,143.3,3
2025-01-02,M-E13,全电动,16.7,0,,0,4,517,154.2,3
2025-01-02,M-O01,油压,15.1,0,,0,2,201,211.6,4
2025-01-02,M-O02,油压,14.6,0,,0,3,342,262.0,1
2025-01-02,M-O03,油压,13.1,0,,0,2,439,198.3,3
2025-01-02,M-O04,油压,18.5,0,,0.2,2,540,462.3,3
2025-01-02,M-O05,油压,13.3,0,,0,2,348,304.2,0
2025-01-02,M-O06,油压,15.5,0,,0,1,529,478.4,4
2025-01-02,M-O07,油压,16.7,0,,0,1,423,628.5,0
2025-01-02,M-O08,油压,17.5,0,,0,1,138,779.4,2
2025-01-02,M-O09,油压,17.7,0,,0,3,223,924.4,4
2025-01-02,M-D01,双色旋转,15.1,0,,0,3,550,129.2,3
2025-01-02,M-D02,双色旋转,14.4,0,,0,1,343,497.5,3
2025-01-02,M-D03,双色旋转,19.0,0,,0,2,498,660.2,2
2025-01-02,M-T01,两板,14.8,0,,0,4,439,50.2,2
2025-01-02,M-T02,两板,18.5,0,,0,2,199,547.2,0
2025-01-02,M-T03,两板,16.4,0,,0,3,376,1041.2,2
2025-01-02,M-T04,两板,13.8,0,,0,2,479,1026.4,0
2025-01-03,M-E01,全电动,18.7,0,,0,2,268,37.2,0
2025-01-03,M-E02,全电动,15.4,0,,0,3,92,30.8,4
2025-01-03,M-E03,全电动,18.0,0,,0,2,217,40.6,1
2025-01-03,M-E04,全电动,18.1,0,,0,2,128,48.3,3
2025-01-03,M-E05,全电动,18.3,0,,0,2,595,58.1,0
2025-01-03,M-E06,全电动,13.2,0,,0,1,564,55.0,0
2025-01-03,M-E07,全电动,13.6,0,,0,4,550,68.7,1
2025-01-03,M-E08,全电动,13.7,0,,0,5,297,93.4,0
2025-01-03,M-E09,全电动,13.3,0,,0.1,2,513,81.6,3
2025-01-03,M-E10,全电动,18.3,0,,0,2,275,173.8,1
2025-01-03,M-E11,全电动,14.9,0,,0,1,380,125.8,4
2025-01-03,M-E12,全电动,18.8,0,,0,3,132,208.4,4
2025-01-03,M-E13,全电动,15.1,0,,0,3,455,152.3,3
2025-01-03,M-O01,油压,15.8,0,,0,2,420,178.9,0
2025-01-03,M-O02,油压,15.8,0,,0,3,219,282.1,2
2025-01-03,M-O03,油压,14.7,0,,0,1,383,240.5,3
2025-01-03,M-O04,油压,15.8,0,,0,2,196,384.1,2
2025-01-03,M-O05,油压,16.3,0,,0,2,442,497.0,1
2025-01-03,M-O06,油压,15.4,0,,0,2,122,514.4,4
2025-01-03,M-O07,油压,16.3,0,,0,2,403,580.3,4
2025-01-03,M-O08,油压,17.8,0,,0.3,4,354,882.2,0
2025-01-03,M-O09,油压,16.4,0,,0,3,323,794.0,4
2025-01-03,M-D01,双色旋转,17.7,0,,0,3,254,151.9,1
2025-01-03,M-D02,双色旋转,17.9,0,,0,3,466,649.9,0
2025-01-03,M-D03,双色旋转,16.9,0,,0,2,308,452.5,2
2025-01-03,M-T01,两板,18.3,0,,0,3,487,50.9,3
2025-01-03,M-T02,两板,18.4,0,,0.0,4,222,535.6,2
2025-01-03,M-T03,两板,16.9,0,,0,2,456,855.7,1
2025-01-03,M-T04,两板,17.7,0,,0,2,590,1521.7,1
2025-01-04,M-E01,全电动,14.3,0,,0,3,370,23.4,4
2025-01-04,M-E02,全电动,16.3,0,,0,2,268,36.7,3
2025-01-04,M-E03,全电动,15.2,0,,0,2,321,35.2,0
2025-01-04,M-E04,全电动,14.4,0,,0.0,2,540,43.6,0
2025-01-04,M-E05,全电动,13.1,0,,0,2,203,44.1,1
2025-01-04,M-E06,全电动,13.2,0,,0.3,2,505,52.6,0
2025-01-04,M-E07,全电动,16.6,1.5,模具问题,0,2,162,62.7,3
2025-01-04,M-E08,全电动,14.1,0,,0,3,296,70.4,2
2025-01-04,M-E09,全电动,14.6,0,,0,3,333,121.8,3
2025-01-04,M-E10,全电动,18.3,0,,0,3,237,147.9,1
2025-01-04,M-E11,全电动,14.0,0,,0.4,1,431,106.1,1
2025-01-04,M-E12,全电动,14.2,0,,0,2,470,150.3,2
2025-01-04,M-E13,全电动,15.0,0,,0,1,585,158.4,0
2025-01-04,M-O01,油压,15.6,0,,0,1,540,227.0,1
2025-01-04,M-O02,油压,15.8,0,,0,4,204,221.4,4
2025-01-04,M-O03,油压,15.0,0,,0,1,413,331.0,2
2025-01-04,M-O04,油压,15.2,0,,0,2,441,374.4,2
2025-01-04,M-O05,油压,17.4,0,,0,4,334,507.9,0
2025-01-04,M-O06,油压,13.0,0,,0,3,371,463.3,1
2025-01-04,M-O07,油压,15.0,0,,0,1,249,563.0,3
2025-01-04,M-O08,油压,15.9,0,,0,2,110,764.0,4
2025-01-04,M-O09,油压,15.0,0,,0,3,427,741.8,0
2025-01-04,M-D01,双色旋转,13.5,0,,0,1,344,107.2,0
2025-01-04,M-D02,双色旋转,15.4,0,,0,3,577,389.4,0
2025-01-04,M-D03,双色旋转,16.0,0,,0.3,1,353,499.3,2
2025-01-04,M-T01,两板,14.9,0,,0,1,406,45.4,1
2025-01-04,M-T02,两板,14.9,0,,0,4,240,413.6,3
2025-01-04,M-T03,两板,16.6,2.2,传感器异常,0,1,124,808.1,4
2025-01-04,M-T04,两板,13.5,0,,0.2,4,480,1041.7,1
2025-01-05,M-E01,全电动,16.3,0,,0,1,119,34.9,3
2025-01-05,M-E02,全电动,13.8,0,,0,1,471,26.4,3
2025-01-05,M-E03,全电动,14.5,0,,0,1,428,49.4,3
2025-01-05,M-E04,全电动,13.6,0,,0,2,492,38.5,2
2025-01-05,M-E05,全电动,17.7,0,,0,2,568,61.3,4
2025-01-05,M-E06,全电动,15.8,0,,0,4,531,62.6,3
2025-01-05,M-E07,全电动,16.7,0,,0,3,439,87.8,1
2025-01-05,M-E08,全电动,16.2,0,,0,2,374,88.4,2
2025-01-05,M-E09,全电动,16.0,0,,0,2,154,119.9,0
2025-01-05,M-E10,全电动,17.0,0,,0,2,479,109.1,4
2025-01-05,M-E11,全电动,14.9,0,,0,3,211,145.2,3
2025-01-05,M-E12,全电动,14.0,0,,0,1,531,150.9,3
2025-01-05,M-E13,全电动,15.5,0,,0,3,521,150.7,4
2025-01-05,M-O01,油压,17.2,0,,0,2,377,213.7,1
2025-01-05,M-O02,油压,16.0,0,,0,1,245,300.7,1
2025-01-05,M-O03,油压,15.4,0,,0,3,598,292.6,1
2025-01-05,M-O04,油压,13.0,0,,0,2,322,276.8,0
2025-01-05,M-O05,油压,19.0,0,,0,2,336,411.4,0
2025-01-05,M-O06,油压,10.9,2.6,电气故障,0,2,403,305.5,2
2025-01-05,M-O07,油压,17.5,0,,0,1,249,739.2,0
2025-01-05,M-O08,油压,13.9,0,,0,1,257,631.1,3
2025-01-05,M-O09,油压,14.5,0,,0,1,529,672.4,2
2025-01-05,M-D01,双色旋转,18.4,0,,0,1,241,131.3,4
2025-01-05,M-D02,双色旋转,13.8,0,,0.5,2,517,370.2,4
2025-01-05,M-D03,双色旋转,15.8,0,,0,3,432,405.7,4
2025-01-05,M-T01,两板,19.0,0,,0,2,87,63.0,3
2025-01-05,M-T02,两板,13.5,0,,0,2,476,326.6,2
2025-01-05,M-T03,两板,13.3,0,,0,3,455,801.0,2
2025-01-05,M-T04,两板,18.7,0,,0,3,544,1496.2,3
2025-01-06,M-E01,全电动,17.6,0,,0,3,303,31.4,2
2025-01-06,M-E02,全电动,13.5,0,,0,2,126,25.3,3
2025-01-06,M-E03,全电动,13.7,2.8,传感器异常,0,4,391,45.2,4
2025-01-06,M-E04,全电动,17.6,0,,0,1,290,56.6,0
2025-01-06,M-E05,全电动,13.1,0,,0,2,443,57.7,2
2025-01-06,M-E06,全电动,16.1,0,,0,3,156,52.6,4
2025-01-06,M-E07,全电动,13.9,0,,0,1,288,70.8,4
2025-01-06,M-E08,全电动,13.0,0,,0,1,448,88.4,3
2025-01-06,M-E09,全电动,13.5,1.8,加热系统,0,3,315,78.5,4
2025-01-06,M-E10,全电动,17.8,0,,0,1,479,124.2,0
2025-01-06,M-E11,全电动,17.1,0,,0.1,1,457,140.8,4
2025-01-06,M-E12,全电动,13.7,0,,0,1,264,150.6,4
2025-01-06,M-E13,全电动,18.8,0,,0,2,458,248.3,2
2025-01-06,M-O01,油压,16.3,0,,0,1,132,268.7,3
2025-01-06,M-O02,油压,16.7,0,,0,2,563,269.0,2
2025-01-06,M-O03,油压,18.1,0,,0,4,574,278.7,0
2025-01-06,M-O04,油压,17.1,0,,0,1,456,350.5,1
2025-01-06,M-O05,油压,16.7,0,,0,1,434,434.7,2
2025-01-06,M-O06,油压,18.6,0,,0.3,1,514,503.1,2
2025-01-06,M-O07,油压,15.9,0,,0.2,2,401,583.1,3
2025-01-06,M-O08,油压,17.4,0,,0.3,1,231,685.3,2
2025-01-06,M-O09,油压,17.6,0,,0,4,124,729.5,0
2025-01-06,M-D01,双色旋转,14.6,0,,0,3,83,126.4,4
2025-01-06,M-D02,双色旋转,14.8,0,,0,1,383,452.7,1
2025-01-06,M-D03,双色旋转,16.7,0,,0,2,360,443.2,4
2025-01-06,M-T01,两板,17.6,0,,0,2,383,44.7,4
2025-01-06,M-T02,两板,14.0,0,,0,1,386,396.4,1
2025-01-06,M-T03,两板,12.6,1.1,传感器异常,0,2,414,577.5,0
2025-01-06,M-T04,两板,17.7,0,,0.4,2,483,1204.2,0
2025-01-07,M-E01,全电动,13.1,0,,0,3,238,25.8,3
2025-01-07,M-E02,全电动,15.1,0,,0,2,127,34.1,4
2025-01-07,M-E03,全电动,18.3,0,,0.5,3,455,44.3,3
2025-01-07,M-E04,全电动,14.5,0,,0.4,2,526,38.6,2
2025-01-07,M-E05,全电动,15.9,0,,0,3,125,54.0,3
2025-01-07,M-E06,全电动,14.0,0,,0,1,573,57.1,1
2025-01-07,M-E07,全电动,17.3,0,,0.4,1,444,88.9,1
2025-01-07,M-E08,全电动,13.1,0,,0.3,1,152,77.4,4
2025-01-07,M-E09,全电动,14.7,0,,0,2,221,83.3,3
2025-01-07,M-E10,全电动,18.3,0,,0,3,93,138.7,3
2025-01-07,M-E11,全电动,16.4,0,,0,2,383,156.8,4
2025-01-07,M-E12,全电动,16.2,0,,0,3,196,137.8,2
2025-01-07,M-E13,全电动,16.4,0,,0,3,414,188.6,0
2025-01-07,M-O01,油压,18.3,0,,0,1,363,246.9,0
2025-01-07,M-O02,油压,16.6,0,,0,3,130,315.2,0
2025-01-07,M-O03,油压,13.2,0,,0,2,172,237.2,1
2025-01-07,M-O04,油压,16.2,0,,0,2,596,364.6,1
2025-01-07,M-O05,油压,16.1,0,,0,1,589,449.4,4
2025-01-07,M-O06,油压,15.4,0,,0,2,124,387.7,0
2025-01-07,M-O07,油压,18.6,0,,0,1,530,726.7,3
2025-01-07,M-O08,油压,15.5,0,,0,2,491,684.6,1
2025-01-07,M-O09,油压,18.3,0,,0,3,107,1007.3,3
2025-01-07,M-D01,双色旋转,15.4,0,,0,2,244,119.2,1
2025-01-07,M-D02,双色旋转,18.0,0,,0,1,280,514.1,3
2025-01-07,M-D03,双色旋转,18.9,0,,0,3,397,700.2,1
2025-01-07,M-T01,两板,14.0,0,,0,2,373,52.6,1
2025-01-07,M-T02,两板,18.3,0,,0,2,138,485.5,2
2025-01-07,M-T03,两板,15.600000000000001,1.5,液压系统,0,2,301,1062.6,1
2025-01-07,M-T04,两板,18.9,0,,0,2,388,1572.8,0
2025-01-08,M-E01,全电动,13.5,0,,0,2,124,28.7,4
2025-01-08,M-E02,全电动,15.9,0,,0,2,170,33.0,2
2025-01-08,M-E03,全电动,18.2,0,,0,3,463,62.1,2
2025-01-08,M-E04,全电动,14.3,0,,0,2,149,43.4,1
2025-01-08,M-E05,全电动,18.8,0,,0,4,393,84.0,4
2025-01-08,M-E06,全电动,16.4,0,,0.1,3,298,66.6,0
2025-01-08,M-E07,全电动,15.4,0,,0,2,153,84.9,2
2025-01-08,M-E08,全电动,16.8,0,,0,2,257,75.7,0
2025-01-08,M-E09,全电动,18.5,0,,0.3,1,236,135.9,4
2025-01-08,M-E10,全电动,18.9,0,,0,1,445,132.8,1
2025-01-08,M-E11,全电动,13.6,0,,0,4,138,140.2,1
2025-01-08,M-E12,全电动,15.8,0,,0,2,219,187.6,0
2025-01-08,M-E13,全电动,18.4,0,,0,2,375,210.3,0
2025-01-08,M-O01,油压,14.1,0,,0,3,298,161.3,3
2025-01-08,M-O02,油压,18.3,0,,0,3,108,317.7,4
2025-01-08,M-O03,油压,15.1,0,,0.3,2,146,250.9,0
2025-01-08,M-O04,油压,14.5,0,,0.0,1,310,403.6,1
2025-01-08,M-O05,油压,17.7,0,,0,2,492,397.2,1
2025-01-08,M-O06,油压,13.6,0,,0,2,196,441.4,2
2025-01-08,M-O07,油压,16.5,0,,0.1,3,150,566.7,1
2025-01-08,M-O08,油压,14.8,0,,0.2,3,259,536.3,0
2025-01-08,M-O09,油压,13.4,0,,0,3,434,725.3,0
2025-01-08,M-D01,双色旋转,16.3,0,,0,2,276,117.8,4
2025-01-08,M-D02,双色旋转,15.8,0,,0.4,1,137,516.0,3
2025-01-08,M-D03,双色旋转,14.2,0,,0,1,117,386.2,4
2025-01-08,M-T01,两板,16.8,0,,0,3,310,53.8,0
2025-01-08,M-T02,两板,13.8,0,,0,2,230,354.2,1
2025-01-08,M-T03,两板,18.2,0,,0,3,121,834.5,3
2025-01-08,M-T04,两板,16.9,0,,0,2,559,1332.3,0
2025-01-09,M-E01,全电动,15.5,0,,0,3,147,33.1,1
2025-01-09,M-E02,全电动,18.3,0,,0,2,145,38.9,4
2025-01-09,M-E03,全电动,16.3,0,,0,2,192,45.4,1
2025-01-09,M-E04,全电动,15.5,0,,0,1,333,48.6,0
2025-01-09,M-E05,全电动,13.0,0,,0.4,1,492,47.4,2
2025-01-09,M-E06,全电动,14.1,0,,0,1,207,57.2,4
2025-01-09,M-E07,全电动,15.9,0,,0.4,3,234,72.6,0
2025-01-09,M-E08,全电动,16.5,0,,0,1,349,94.4,4
2025-01-09,M-E09,全电动,18.0,0,,0.0,2,244,148.6,2
2025-01-09,M-E10,全电动,14.3,0,,0,5,479,132.7,2
2025-01-09,M-E11,全电动,14.1,0,,0,2,160,139.5,0
2025-01-09,M-E12,全电动,13.8,0,,0,1,551,137.3,0
2025-01-09,M-E13,全电动,13.4,0,,0,2,407,173.7,1
2025-01-09,M-O01,油压,15.9,0,,0,3,470,193.2,0
2025-01-09,M-O02,油压,17.0,0,,0,1,348,286.3,1
2025-01-09,M-O03,油压,18.0,0,,0,2,280,289.2,3
2025-01-09,M-O04,油压,18.1,0,,0,1,442,349.4,2
2025-01-09,M-O05,油压,17.7,0,,0,2,208,395.8,1
2025-01-09,M-O06,油压,19.0,0,,0,2,558,508.4,1
2025-01-09,M-O07,油压,15.4,0,,0.5,2,475,658.2,0
2025-01-09,M-O08,油压,14.1,0,,0,1,279,680.3,3
2025-01-09,M-O09,油压,16.9,0,,0,1,285,769.3,0
2025-01-09,M-D01,双色旋转,17.6,0,,0,4,344,143.1,0
2025-01-09,M-D02,双色旋转,16.8,0,,0.1,2,245,424.7,1
2025-01-09,M-D03,双色旋转,17.6,0,,0.2,3,190,616.4,2
2025-01-09,M-T01,两板,17.0,0,,0.1,2,329,57.5,3
2025-01-09,M-T02,两板,17.8,0,,0,3,439,521.9,0
2025-01-09,M-T03,两板,17.3,0,,0,2,146,823.5,2
2025-01-09,M-T04,两板,18.3,0,,0.0,1,500,1723.1,4
2025-01-10,M-E01,全电动,16.9,0,,0,4,370,30.8,0
2025-01-10,M-E02,全电动,19.0,0,,0,2,557,31.7,3
2025-01-10,M-E03,全电动,17.1,0,,0,1,309,46.8,4
2025-01-10,M-E04,全电动,14.8,0,,0,3,305,35.5,3
2025-01-10,M-E05,全电动,15.6,0,,0,2,295,48.1,0
2025-01-10,M-E06,全电动,18.5,0,,0,2,483,59.7,4
2025-01-10,M-E07,全电动,14.9,0,,0,3,266,83.0,4
2025-01-10,M-E08,全电动,16.1,0,,0,1,346,94.9,1
2025-01-10,M-E09,全电动,14.8,0,,0,1,592,94.8,0
2025-01-10,M-E10,全电动,16.6,0,,0,2,399,132.6,3
2025-01-10,M-E11,全电动,14.5,0,,0.2,2,529,127.0,0
2025-01-10,M-E12,全电动,16.4,0,,0,2,480,195.3,0
2025-01-10,M-E13,全电动,14.2,0,,0.1,2,141,186.4,4
2025-01-10,M-O01,油压,15.9,0,,0,1,448,196.5,4
2025-01-10,M-O02,油压,14.9,0,,0,1,431,212.8,2
2025-01-10,M-O03,油压,16.0,0,,0,2,325,333.5,0
2025-01-10,M-O04,油压,14.8,2.0,传感器异常,0.2,1,548,331.8,4
2025-01-10,M-O05,油压,16.4,0,,0,1,263,495.5,1
2025-01-10,M-O06,油压,15.0,0,,0.4,1,168,378.9,2
2025-01-10,M-O07,油压,17.8,0,,0,3,302,810.4,1
2025-01-10,M-O08,油压,17.9,0,,0,3,444,858.0,4
2025-01-10,M-O09,油压,14.6,0,,0,3,275,617.3,4
2025-01-10,M-D01,双色旋转,17.5,0,,0,3,179,156.6,3
2025-01-10,M-D02,双色旋转,17.3,0,,0,2,510,594.2,2
2025-01-10,M-D03,双色旋转,13.8,0,,0,2,582,469.9,1
2025-01-10,M-T01,两板,16.9,0,,0,1,96,62.8,2
2025-01-10,M-T02,两板,10.4,3.5,电气故障,0,2,362,285.6,4
2025-01-10,M-T03,两板,15.6,0,,0,2,363,765.0,1
2025-01-10,M-T04,两板,13.5,0,,0,2,477,941.9,2
2025-01-11,M-E01,全电动,17.2,0,,0,1,216,28.2,0
2025-01-11,M-E02,全电动,14.9,0,,0,2,196,26.8,4
2025-01-11,M-E03,全电动,13.5,0,,0,3,469,35.4,3
2025-01-11,M-E04,全电动,17.3,0,,0.3,3,416,56.1,1
2025-01-11,M-E05,全电动,13.6,0,,0.4,1,155,42.5,4
2025-01-11,M-E06,全电动,15.8,0,,0.2,2,296,65.9,0
2025-01-11,M-E07,全电动,13.6,0,,0.3,1,545,74.3,2
2025-01-11,M-E08,全电动,16.9,0,,0,3,267,77.0,0
2025-01-11,M-E09,全电动,18.8,0,,0,2,309,114.3,4
2025-01-11,M-E10,全电动,18.9,0,,0.3,3,202,139.3,0
2025-01-11,M-E11,全电动,14.5,0,,0,2,432,136.2,0
2025-01-11,M-E12,全电动,16.7,0,,0,1,357,171.1,0
2025-01-11,M-E13,全电动,15.8,0,,0,3,471,175.8,1
2025-01-11,M-O01,油压,14.9,0,,0,1,420,169.7,0
2025-01-11,M-O02,油压,15.6,0,,0,2,575,260.3,0
2025-01-11,M-O03,油压,14.7,0,,0,1,377,307.9,3
2025-01-11,M-O04,油压,15.5,0,,0,3,173,317.7,0
2025-01-11,M-O05,油压,16.0,0,,0,2,96,368.6,0
2025-01-11,M-O06,油压,13.3,0,,0,3,138,488.7,2
2025-01-11,M-O07,油压,17.2,0,,0,3,385,630.4,0
2025-01-11,M-O08,油压,15.4,0,,0,1,583,792.7,4
2025-01-11,M-O09,油压,17.0,0,,0,2,587,965.1,3
2025-01-11,M-D01,双色旋转,14.600000000000001,2.0,传感器异常,0,1,284,140.4,3
2025-01-11,M-D02,双色旋转,17.8,0,,0,2,545,507.5,4
2025-01-11,M-D03,双色旋转,13.6,0,,0,1,386,416.2,3
2025-01-11,M-T01,两板,15.6,0,,0,2,106,58.6,3
2025-01-11,M-T02,两板,17.4,0,,0,2,390,365.7,1
2025-01-11,M-T03,两板,14.9,0,,0.4,1,411,937.9,1
2025-01-11,M-T04,两板,17.2,0,,0,2,234,1240.9,3
2025-01-12,M-E01,全电动,18.1,0,,0.1,3,517,28.9,1
2025-01-12,M-E02,全电动,18.3,0,,0,1,469,39.2,3
2025-01-12,M-E03,全电动,17.2,0,,0,2,228,55.9,0
2025-01-12,M-E04,全电动,15.9,0,,0,3,479,43.1,1
2025-01-12,M-E05,全电动,17.8,0,,0,3,379,58.7,1
2025-01-12,M-E06,全电动,18.6,0,,0,1,210,79.4,3
2025-01-12,M-E07,全电动,15.3,0,,0,2,205,58.3,3
2025-01-12,M-E08,全电动,13.2,0,,0,1,98,87.2,2
2025-01-12,M-E09,全电动,17.5,0,,0,1,232,115.0,4
2025-01-12,M-E10,全电动,18.8,0,,0,3,203,157.0,3
2025-01-12,M-E11,全电动,15.1,0,,0,1,128,106.9,4
2025-01-12,M-E12,全电动,14.8,0,,0,3,485,150.4,0
2025-01-12,M-E13,全电动,16.2,0,,0,2,597,191.7,1
2025-01-12,M-O01,油压,18.9,0,,0,2,583,318.2,2
2025-01-12,M-O02,油压,17.3,0,,0,1,571,289.5,0
2025-01-12,M-O03,油压,16.2,0,,0,1,87,365.8,0
2025-01-12,M-O04,油压,14.8,0,,0,1,378,341.0,2
2025-01-12,M-O05,油压,13.4,0,,0.5,1,312,407.5,4
2025-01-12,M-O06,油压,15.9,0,,0.4,1,438,492.1,3
2025-01-12,M-O07,油压,17.6,0,,0,1,188,568.5,4
2025-01-12,M-O08,油压,18.1,0,,0,1,181,707.6,2
2025-01-12,M-O09,油压,14.8,0,,0,1,473,823.2,4
2025-01-12,M-D01,双色旋转,17.7,0,,0,1,451,162.1,2
2025-01-12,M-D02,双色旋转,14.6,0,,0,3,145,378.3,3
2025-01-12,M-D03,双色旋转,16.2,0,,0.5,1,211,529.9,3
2025-01-12,M-T01,两板,18.9,0,,0,1,576,48.7,4
2025-01-12,M-T02,两板,17.2,0,,0.1,1,285,443.8,3
2025-01-12,M-T03,两板,17.8,0,,0,2,250,1078.5,1
2025-01-12,M-T04,两板,16.6,0,,0,2,539,1106.0,1
2025-01-13,M-E01,全电动,14.0,0,,0,2,513,28.6,2
2025-01-13,M-E02,全电动,13.3,0,,0,3,239,24.0,2
2025-01-13,M-E03,全电动,18.9,0,,0.1,1,482,48.6,2
2025-01-13,M-E04,全电动,16.8,0,,0,2,476,43.8,4
2025-01-13,M-E05,全电动,15.6,0,,0,2,87,62.0,0
2025-01-13,M-E06,全电动,18.8,0,,0,2,543,79.7,4
2025-01-13,M-E07,全电动,17.3,0,,0,3,348,85.8,0
2025-01-13,M-E08,全电动,18.3,0,,0,1,249,99.9,1
2025-01-13,M-E09,全电动,16.1,0,,0,2,205,104.1,2
2025-01-13,M-E10,全电动,16.7,0,,0,1,303,119.8,3
2025-01-13,M-E11,全电动,18.9,0,,0,2,172,140.7,1
2025-01-13,M-E12,全电动,18.6,0,,0,2,123,204.4,0
2025-01-13,M-E13,全电动,14.6,0,,0,2,457,148.9,4
2025-01-13,M-O01,油压,13.1,0,,0,1,233,153.3,0
2025-01-13,M-O02,油压,15.9,0,,0,2,586,229.4,3
2025-01-13,M-O03,油压,15.0,0,,0,1,285,229.4,3
2025-01-13,M-O04,油压,13.8,0,,0,1,490,359.7,1
2025-01-13,M-O05,油压,16.0,0,,0,1,241,496.0,3
2025-01-13,M-O06,油压,13.4,0,,0,3,425,476.9,4
2025-01-13,M-O07,油压,17.9,0,,0,2,551,737.6,1
2025-01-13,M-O08,油压,13.1,0,,0,4,94,525.0,2
2025-01-13,M-O09,油压,18.6,0,,0,1,146,887.7,4
2025-01-13,M-D01,双色旋转,14.6,0,,0,2,174,139.6,0
2025-01-13,M-D02,双色旋转,13.7,0,,0,3,305,479.2,0
2025-01-13,M-D03,双色旋转,16.4,0,,0,2,352,477.6,3
2025-01-13,M-T01,两板,15.4,0,,0,2,423,45.0,3
2025-01-13,M-T02,两板,14.8,0,,0.2,2,342,372.4,4
2025-01-13,M-T03,两板,16.7,0,,0,2,379,839.0,3
2025-01-13,M-T04,两板,18.9,0,,0,2,183,1693.1,4
2025-01-14,M-E01,全电动,16.2,0,,0,2,475,28.7,0
2025-01-14,M-E02,全电动,15.8,0,,0,3,556,35.3,4
2025-01-14,M-E03,全电动,17.0,0,,0,3,542,56.4,0
2025-01-14,M-E04,全电动,17.1,0,,0,1,169,53.3,1
2025-01-14,M-E05,全电动,14.5,0,,0,2,159,50.4,3
2025-01-14,M-E06,全电动,17.8,0,,0,1,354,56.5,3
2025-01-14,M-E07,全电动,18.7,0,,0,2,158,94.8,0
2025-01-14,M-E08,全电动,15.4,0,,0,2,117,89.7,2
2025-01-14,M-E09,全电动,13.1,0,,0,1,222,100.0,4
2025-01-14,M-E10,全电动,14.9,0,,0,3,264,104.0,1
2025-01-14,M-E11,全电动,15.7,0,,0,2,562,164.4,4
2025-01-14,M-E12,全电动,13.7,0,,0,3,185,160.7,3
2025-01-14,M-E13,全电动,18.1,0,,0,3,299,219.6,0
2025-01-14,M-O01,油压,13.3,0,,0,1,596,151.0,4
2025-01-14,M-O02,油压,16.8,0,,0,3,140,241.0,2
2025-01-14,M-O03,油压,16.2,0,,0,3,252,253.1,0
2025-01-14,M-O04,油压,13.1,0,,0,2,247,257.3,1
2025-01-14,M-O05,油压,18.6,0,,0,1,470,538.6,0
2025-01-14,M-O06,油压,15.0,0,,0,2,198,458.4,2
2025-01-14,M-O07,油压,14.3,0,,0,2,296,651.1,3
2025-01-14,M-O08,油压,14.1,0,,0,1,335,670.0,2
2025-01-14,M-O09,油压,16.5,0,,0,2,400,690.4,1
2025-01-14,M-D01,双色旋转,17.2,0,,0,3,351,128.1,0
2025-01-14,M-D02,双色旋转,13.6,0,,0,5,255,438.0,2
2025-01-14,M-D03,双色旋转,18.1,0,,0.5,3,133,533.3,2
2025-01-14,M-T01,两板,14.8,0,,0,2,277,53.3,0
2025-01-14,M-T02,两板,16.6,0,,0.4,2,542,412.3,0
2025-01-14,M-T03,两板,16.5,0,,0,3,81,817.0,2
2025-01-14,M-T04,两板,14.1,0,,0,2,106,888.3,0
2025-01-15,M-E01,全电动,13.0,0,,0,1,398,28.2,4
2025-01-15,M-E02,全电动,17.7,0,,0,3,94,34.6,1
2025-01-15,M-E03,全电动,15.7,0,,0,1,575,38.9,1
2025-01-15,M-E04,全电动,17.5,0,,0,1,349,57.9,4
2025-01-15,M-E05,全电动,13.5,0,,0,2,582,61.2,4
2025-01-15,M-E06,全电动,15.4,0,,0.2,4,416,60.1,1
2025-01-15,M-E07,全电动,15.4,0,,0,2,302,70.0,0
2025-01-15,M-E08,全电动,14.5,0,,0,4,254,68.3,1
2025-01-15,M-E09,全电动,14.1,0,,0,3,403,82.1,4
2025-01-15,M-E10,全电动,14.700000000000001,2.6,液压系统,0,3,557,111.8,0
2025-01-15,M-E11,全电动,18.4,0,,0,3,529,193.3,2
2025-01-15,M-E12,全电动,17.5,0,,0,1,103,195.6,2
2025-01-15,M-E13,全电动,14.5,0,,0,2,286,175.7,2
2025-01-15,M-O01,油压,14.2,0,,0.3,1,413,210.4,4
2025-01-15,M-O02,油压,16.5,0,,0,3,276,269.8,2
2025-01-15,M-O03,油压,17.1,0,,0,3,201,275.3,0
2025-01-15,M-O04,油压,15.9,0,,0.4,2,529,325.9,1
2025-01-15,M-O05,油压,13.7,0,,0,2,247,361.9,0
2025-01-15,M-O06,油压,18.8,0,,0,3,479,569.1,0
2025-01-15,M-O07,油压,17.5,0,,0,2,314,657.0,1
2025-01-15,M-O08,油压,16.1,2.7,电气故障,0,1,479,806.8,3
2025-01-15,M-O09,油压,13.3,0,,0.0,2,294,653.3,0
2025-01-15,M-D01,双色旋转,17.1,0,,0,1,397,173.9,4
2025-01-15,M-D02,双色旋转,16.1,0,,0,4,515,419.1,1
2025-01-15,M-D03,双色旋转,16.4,0,,0,2,338,581.7,1
2025-01-15,M-T01,两板,14.5,0,,0,2,554,41.1,3
2025-01-15,M-T02,两板,18.7,0,,0,1,220,491.2,1
2025-01-15,M-T03,两板,16.7,0,,0,3,208,968.6,0
2025-01-15,M-T04,两板,13.3,0,,0,2,80,1159.3,4
2025-01-16,M-E01,全电动,17.8,0,,0,3,289,37.3,3
2025-01-16,M-E02,全电动,19.0,0,,0,1,452,36.0,0
2025-01-16,M-E03,全电动,13.7,0,,0,3,564,44.3,2
2025-01-16,M-E04,全电动,16.9,0,,0,1,563,52.6,1
2025-01-16,M-E05,全电动,18.6,0,,0,3,163,83.4,0
2025-01-16,M-E06,全电动,18.8,0,,0,1,167,63.0,3
2025-01-16,M-E07,全电动,18.5,0,,0,1,407,69.8,0
2025-01-16,M-E08,全电动,16.8,0,,0,2,505,91.4,1
2025-01-16,M-E09,全电动,14.6,0,,0,1,443,92.4,4
2025-01-16,M-E10,全电动,18.5,0,,0,2,399,174.5,3
2025-01-16,M-E11,全电动,16.2,0,,0,1,149,139.0,3
2025-01-16,M-E12,全电动,15.5,0,,0,2,204,177.1,0
2025-01-16,M-E13,全电动,17.6,0,,0,1,233,178.1,4
2025-01-16,M-O01,油压,17.2,0,,0,3,190,247.7,1
2025-01-16,M-O02,油压,16.4,0,,0,1,271,224.9,3
2025-01-16,M-O03,油压,13.5,0,,0,1,148,223.3,3
2025-01-16,M-O04,油压,13.4,0,,0,2,276,340.2,3
2025-01-16,M-O05,油压,13.3,0,,0,1,380,365.0,1
2025-01-16,M-O06,油压,18.4,0,,0,2,433,569.8,2
2025-01-16,M-O07,油压,13.4,0,,0,1,432,436.8,0
2025-01-16,M-O08,油压,17.3,0,,0,2,448,761.7,3
2025-01-16,M-O09,油压,14.8,0,,0,1,198,671.7,1
2025-01-16,M-D01,双色旋转,15.1,0,,0,3,112,123.9,0
2025-01-16,M-D02,双色旋转,18.5,0,,0,2,142,615.6,3
2025-01-16,M-D03,双色旋转,17.0,0,,0,2,431,630.0,3
2025-01-16,M-T01,两板,16.5,0,,0,1,480,60.1,4
2025-01-16,M-T02,两板,18.8,0,,0,2,281,566.6,1
2025-01-16,M-T03,两板,16.6,0,,0,3,99,1003.1,2
2025-01-16,M-T04,两板,13.7,0,,0,2,528,1040.6,4
2025-01-17,M-E01,全电动,17.0,0,,0,1,264,28.3,1
2025-01-17,M-E02,全电动,18.9,0,,0.1,1,219,36.3,2
2025-01-17,M-E03,全电动,16.6,0,,0,3,571,51.0,4
2025-01-17,M-E04,全电动,15.4,0,,0,2,320,35.0,3
2025-01-17,M-E05,全电动,13.7,0,,0,2,418,42.9,2
2025-01-17,M-E06,全电动,16.7,0,,0.1,3,151,52.9,1
2025-01-17,M-E07,全电动,13.2,0,,0,1,376,66.8,3
2025-01-17,M-E08,全电动,17.1,0,,0,2,86,92.0,4
2025-01-17,M-E09,全电动,19.0,0,,0,2,218,152.7,0
2025-01-17,M-E10,全电动,13.6,0,,0,4,315,109.1,1
2025-01-17,M-E11,全电动,15.7,0,,0,1,364,124.4,1
2025-01-17,M-E12,全电动,14.5,0,,0,2,339,151.9,3
2025-01-17,M-E13,全电动,13.1,0,,0,1,449,131.8,4
2025-01-17,M-O01,油压,14.7,0,,0,3,166,179.1,1
2025-01-17,M-O02,油压,16.1,0,,0,1,513,302.7,0
2025-01-17,M-O03,油压,16.6,0,,0,4,205,297.4,1
2025-01-17,M-O04,油压,16.7,0,,0,2,336,362.3,1
2025-01-17,M-O05,油压,13.4,0,,0,3,88,345.8,4
2025-01-17,M-O06,油压,17.1,0,,0,2,169,550.2,3
2025-01-17,M-O07,油压,17.4,0,,0.4,3,155,559.2,2
2025-01-17,M-O08,油压,14.2,0,,0,4,496,523.1,3
2025-01-17,M-O09,油压,15.0,0,,0,1,274,908.2,1
2025-01-17,M-D01,双色旋转,16.4,1.8,传感器异常,0,3,562,120.0,0
2025-01-17,M-D02,双色旋转,14.2,0,,0,1,300,437.8,1
2025-01-17,M-D03,双色旋转,14.8,0,,0,1,192,524.4,0
2025-01-17,M-T01,两板,19.0,0,,0,2,164,61.2,2
2025-01-17,M-T02,两板,17.1,0,,0,4,340,482.0,3
2025-01-17,M-T03,两板,13.9,0,,0,4,378,911.2,3
2025-01-17,M-T04,两板,17.1,0,,0,2,383,1176.0,4
2025-01-18,M-E01,全电动,13.8,0,,0,1,230,25.9,0
2025-01-18,M-E02,全电动,16.7,0,,0,3,408,34.8,1
2025-01-18,M-E03,全电动,15.3,0,,0,2,370,50.2,1
2025-01-18,M-E04,全电动,15.2,0,,0.2,3,381,35.7,4
2025-01-18,M-E05,全电动,13.8,0,,0,2,163,48.1,1
2025-01-18,M-E06,全电动,13.2,0,,0,2,445,54.2,0
2025-01-18,M-E07,全电动,16.3,0,,0,3,389,86.5,1
2025-01-18,M-E08,全电动,15.0,0,,0,1,122,72.5,2
2025-01-18,M-E09,全电动,17.7,0,,0.5,3,80,125.6,0
2025-01-18,M-E10,全电动,18.6,0,,0,3,434,135.5,2
2025-01-18,M-E11,全电动,17.3,0,,0.4,1,112,147.7,2
2025-01-18,M-E12,全电动,16.0,0,,0,1,333,137.5,1
2025-01-18,M-E13,全电动,17.2,0,,0,3,407,168.8,4
2025-01-18,M-O01,油压,14.7,0,,0,3,592,173.3,1
2025-01-18,M-O02,油压,13.7,0,,0,3,161,205.7,0
2025-01-18,M-O03,油压,15.2,0,,0,3,143,324.8,4
2025-01-18,M-O04,油压,17.9,0,,0.2,4,108,380.3,4
2025-01-18,M-O05,油压,17.6,0,,0,3,202,460.4,3
2025-01-18,M-O06,油压,16.2,1.3,电气故障,0,1,149,412.6,3
2025-01-18,M-O07,油压,13.5,0,,0.2,1,396,605.5,3
2025-01-18,M-O08,油压,16.4,0,,0.1,4,564,638.4,3
2025-01-18,M-O09,油压,13.8,0,,0,1,91,609.0,2
2025-01-18,M-D01,双色旋转,14.5,0,,0,2,595,110.9,1
2025-01-18,M-D02,双色旋转,13.999999999999998,2.9,加热系统,0.2,2,445,454.4,3
2025-01-18,M-D03,双色旋转,15.1,0,,0.1,2,521,510.6,0
2025-01-18,M-T01,两板,18.8,0,,0,2,373,68.8,3
2025-01-18,M-T02,两板,16.4,0,,0,3,92,335.8,4
2025-01-18,M-T03,两板,16.8,0,,0,2,157,1143.9,4
2025-01-18,M-T04,两板,17.3,0,,0,3,341,1416.6,4
2025-01-19,M-E01,全电动,18.0,0,,0,2,286,40.5,1
2025-01-19,M-E02,全电动,13.9,0,,0,2,332,22.1,4
2025-01-19,M-E03,全电动,14.7,0,,0,1,566,39.8,2
2025-01-19,M-E04,全电动,16.1,0,,0.2,1,398,46.7,2
2025-01-19,M-E05,全电动,15.5,0,,0,1,233,51.8,1
2025-01-19,M-E06,全电动,15.5,0,,0,2,480,57.2,0
2025-01-19,M-E07,全电动,17.1,0,,0,2,123,81.9,4
2025-01-19,M-E08,全电动,14.9,0,,0,2,362,86.2,4
2025-01-19,M-E09,全电动,15.3,0,,0,1,185,89.9,2
2025-01-19,M-E10,全电动,13.0,0,,0,2,84,119.1,1
2025-01-19,M-E11,全电动,15.9,0,,0,2,429,155.0,0
2025-01-19,M-E12,全电动,18.6,0,,0,4,207,162.5,0
2025-01-19,M-E13,全电动,18.7,0,,0,1,154,186.9,0
2025-01-19,M-O01,油压,13.0,0,,0,3,566,172.8,3
2025-01-19,M-O02,油压,15.4,0,,0,4,598,226.6,0
2025-01-19,M-O03,油压,15.1,0,,0,1,132,260.7,1
2025-01-19,M-O04,油压,17.1,0,,0,2,392,418.8,4
2025-01-19,M-O05,油压,13.4,0,,0,2,277,298.8,3
2025-01-19,M-O06,油压,16.6,0,,0,3,263,436.0,3
2025-01-19,M-O07,油压,17.0,0,,0.3,3,363,750.3,4
2025-01-19,M-O08,油压,17.3,0,,0,1,495,668.8,0
2025-01-19,M-O09,油压,18.0,0,,0,1,382,740.0,4
2025-01-19,M-D01,双色旋转,17.3,0,,0,3,453,160.7,3
2025-01-19,M-D02,双色旋转,15.8,0,,0,3,481,448.4,3
2025-01-19,M-D03,双色旋转,18.9,0,,0,2,384,606.3,4
2025-01-19,M-T01,两板,18.3,0,,0.3,2,127,58.2,3
2025-01-19,M-T02,两板,13.7,0,,0,3,152,366.5,1
2025-01-19,M-T03,两板,18.0,0,,0,1,439,975.6,1
2025-01-19,M-T04,两板,14.4,0,,0,2,130,1163.1,0
2025-01-20,M-E01,全电动,15.2,0,,0,2,594,32.9,3
2025-01-20,M-E02,全电动,16.8,0,,0,4,115,26.3,2
2025-01-20,M-E03,全电动,15.5,0,,0,1,213,45.0,4
2025-01-20,M-E04,全电动,16.5,0,,0,2,555,55.7,3
2025-01-20,M-E05,全电动,15.5,0,,0,3,368,60.1,4
2025-01-20,M-E06,全电动,17.1,0,,0,3,227,53.7,1
2025-01-20,M-E07,全电动,17.7,0,,0,2,280,97.7,0
2025-01-20,M-E08,全电动,15.3,0,,0,3,162,89.1,3
2025-01-20,M-E09,全电动,14.4,0,,0,4,413,111.4,0
2025-01-20,M-E10,全电动,14.3,0,,0.1,1,100,117.0,1
2025-01-20,M-E11,全电动,15.9,0,,0,3,506,157.1,1
2025-01-20,M-E12,全电动,18.2,0,,0,3,291,173.3,4
2025-01-20,M-E13,全电动,16.1,0,,0,2,181,159.1,2
2025-01-20,M-O01,油压,13.8,0,,0,2,506,178.5,2
2025-01-20,M-O02,油压,15.3,0,,0,2,353,206.0,3
2025-01-20,M-O03,油压,16.6,0,,0.1,1,100,337.5,2
2025-01-20,M-O04,油压,15.0,0,,0,1,155,378.7,2
2025-01-20,M-O05,油压,18.8,0,,0,3,98,572.3,1
2025-01-20,M-O06,油压,13.8,0,,0.0,2,578,381.5,0
2025-01-20,M-O07,油压,17.7,0,,0,4,88,713.5,4
2025-01-20,M-O08,油压,16.2,0,,0.3,3,535,755.4,2
2025-01-20,M-O09,油压,16.2,0,,0,1,269,679.8,4
2025-01-20,M-D01,双色旋转,18.0,0,,0,2,490,158.8,2
2025-01-20,M-D02,双色旋转,14.5,0,,0,4,570,421.2,1
2025-01-20,M-D03,双色旋转,13.6,0,,0,2,332,421.2,3
2025-01-20,M-T01,两板,15.3,0,,0,1,434,38.9,4
2025-01-20,M-T02,两板,19.0,0,,0,2,249,460.6,3
2025-01-20,M-T03,两板,13.7,0,,0,2,558,627.6,0
2025-01-20,M-T04,两板,14.6,0,,0,1,504,977.7,1
2025-01-21,M-E01,全电动,17.6,0,,0,2,484,35.9,2
2025-01-21,M-E02,全电动,11.2,2.9,模具问题,0,1,152,24.9,3
2025-01-21,M-E03,全电动,13.0,0,,0,1,370,29.6,3
2025-01-21,M-E04,全电动,15.4,0,,0,5,492,46.6,2
2025-01-21,M-E05,全电动,18.3,0,,0,3,483,76.7,0
2025-01-21,M-E06,全电动,14.3,0,,0,2,282,51.8,0
2025-01-21,M-E07,全电动,18.2,0,,0,3,99,100.2,2
2025-01-21,M-E08,全电动,15.4,0,,0,1,232,82.9,4
2025-01-21,M-E09,全电动,14.0,0,,0,2,259,97.5,1
2025-01-21,M-E10,全电动,13.2,0,,0,5,584,116.4,1
2025-01-21,M-E11,全电动,18.5,0,,0,2,501,156.2,3
2025-01-21,M-E12,全电动,12.5,1.0,加热系统,0,1,148,147.7,4
2025-01-21,M-E13,全电动,17.2,0,,0,1,430,201.3,3
2025-01-21,M-O01,油压,18.1,0,,0,1,142,246.9,0
2025-01-21,M-O02,油压,18.1,0,,0,1,351,310.4,0
2025-01-21,M-O03,油压,13.5,0,,0,3,170,273.2,2
2025-01-21,M-O04,油压,17.1,0,,0,2,555,355.6,0
2025-01-21,M-O05,油压,15.4,0,,0,1,407,364.2,1
2025-01-21,M-O06,油压,18.9,0,,0,3,422,495.2,0
2025-01-21,M-O07,油压,14.7,0,,0,2,518,511.6,2
2025-01-21,M-O08,油压,16.1,0,,0,2,368,759.2,0
2025-01-21,M-O09,油压,18.0,0,,0.3,1,440,807.7,3
2025-01-21,M-D01,双色旋转,19.0,0,,0.2,2,414,143.4,0
2025-01-21,M-D02,双色旋转,14.8,0,,0,2,473,408.8,0
2025-01-21,M-D03,双色旋转,16.8,0,,0,4,306,585.9,3
2025-01-21,M-T01,两板,11.4,2.0,加热系统,0,3,86,42.3,1
2025-01-21,M-T02,两板,16.0,0,,0,2,257,425.1,2
2025-01-21,M-T03,两板,16.0,0,,0,1,96,925.3,2
2025-01-21,M-T04,两板,15.0,0,,0,1,246,1131.2,4
2025-01-22,M-E01,全电动,13.8,0,,0.1,3,208,29.5,3
2025-01-22,M-E02,全电动,14.3,0,,0,4,413,29.8,3
2025-01-22,M-E03,全电动,16.8,0,,0,2,494,50.1,4
2025-01-22,M-E04,全电动,17.9,0,,0,2,145,40.5,1
2025-01-22,M-E05,全电动,18.4,0,,0.1,2,224,56.8,3
2025-01-22,M-E06,全电动,17.6,0,,0.3,2,207,79.3,2
2025-01-22,M-E07,全电动,17.0,0,,0,2,86,93.2,4
2025-01-22,M-E08,全电动,18.1,0,,0,2,572,86.2,2
2025-01-22,M-E09,全电动,17.4,0,,0,1,291,106.9,2
2025-01-22,M-E10,全电动,15.6,0,,0,3,387,125.7,0
2025-01-22,M-E11,全电动,18.7,0,,0,2,559,145.4,0
2025-01-22,M-E12,全电动,17.9,0,,0,2,304,155.9,3
2025-01-22,M-E13,全电动,14.1,0,,0,2,170,153.2,2
2025-01-22,M-O01,油压,15.6,0,,0,3,326,258.2,1
2025-01-22,M-O02,油压,17.2,0,,0,2,290,245.3,2
2025-01-22,M-O03,油压,17.3,0,,0,2,376,290.1,2
2025-01-22,M-O04,油压,18.7,0,,0,4,441,510.2,4
2025-01-22,M-O05,油压,18.2,0,,0,3,453,534.8,1
2025-01-22,M-O06,油压,16.5,0,,0.1,2,426,513.7,0
2025-01-22,M-O07,油压,18.7,0,,0.3,2,518,723.2,3
2025-01-22,M-O08,油压,15.6,0,,0,1,147,655.0,3
2025-01-22,M-O09,油压,16.0,0,,0,2,417,911.3,3
2025-01-22,M-D01,双色旋转,14.7,0,,0,1,426,103.3,4
2025-01-22,M-D02,双色旋转,15.7,0,,0,2,553,584.7,1
2025-01-22,M-D03,双色旋转,17.3,0,,0,2,550,609.9,0
2025-01-22,M-T01,两板,18.2,0,,0.0,1,80,47.9,3
2025-01-22,M-T02,两板,18.3,0,,0,2,510,538.1,0
2025-01-22,M-T03,两板,16.6,0,,0,1,449,1065.5,3
2025-01-22,M-T04,两板,17.8,0,,0,1,441,1680.6,2
2025-01-23,M-E01,全电动,13.2,0,,0,3,572,20.5,0
2025-01-23,M-E02,全电动,17.6,0,,0,3,591,32.5,3
2025-01-23,M-E03,全电动,13.4,0,,0,2,474,31.5,3
2025-01-23,M-E04,全电动,13.2,0,,0,1,353,31.6,0
2025-01-23,M-E05,全电动,14.2,0,,0,3,505,45.8,0
2025-01-23,M-E06,全电动,16.1,0,,0,2,594,55.1,3
2025-01-23,M-E07,全电动,17.5,0,,0,2,318,97.1,2
2025-01-23,M-E08,全电动,16.0,0,,0,1,236,73.1,1
2025-01-23,M-E09,全电动,15.2,0,,0,2,232,100.4,1
2025-01-23,M-E10,全电动,16.8,0,,0,1,363,110.5,1
2025-01-23,M-E11,全电动,15.1,0,,0,3,560,141.8,1
2025-01-23,M-E12,全电动,14.7,0,,0.2,2,100,155.0,4
2025-01-23,M-E13,全电动,17.5,0,,0,1,502,169.1,4
2025-01-23,M-O01,油压,14.6,0,,0,3,363,164.8,4
2025-01-23,M-O02,油压,13.0,0,,0,1,181,188.4,4
2025-01-23,M-O03,油压,14.3,0,,0,4,96,255.7,1
2025-01-23,M-O04,油压,16.9,0,,0.5,3,252,403.0,1
2025-01-23,M-O05,油压,17.1,1.5,模具问题,0,1,199,433.1,0
2025-01-23,M-O06,油压,18.8,0,,0.5,1,487,644.5,2
2025-01-23,M-O07,油压,18.0,0,,0,1,412,813.9,3
2025-01-23,M-O08,油压,15.9,0,,0,2,564,775.5,3
2025-01-23,M-O09,油压,18.7,0,,0,2,165,1035.3,3
2025-01-23,M-D01,双色旋转,17.9,0,,0,1,106,184.8,3
2025-01-23,M-D02,双色旋转,16.3,0,,0,2,579,482.2,4
2025-01-23,M-D03,双色旋转,18.4,0,,0,3,353,657.6,0
2025-01-23,M-T01,两板,14.4,0,,0,2,561,51.8,0
2025-01-23,M-T02,两板,14.8,0,,0,2,96,433.7,0
2025-01-23,M-T03,两板,18.5,0,,0,3,370,945.9,0
2025-01-23,M-T04,两板,18.3,0,,0,3,416,1615.8,2
2025-01-24,M-E01,全电动,17.1,0,,0,3,342,35.5,1
2025-01-24,M-E02,全电动,16.3,0,,0,1,358,31.7,1
2025-01-24,M-E03,全电动,18.3,0,,0.1,1,484,57.5,3
2025-01-24,M-E04,全电动,15.7,0,,0.0,2,326,41.5,4
2025-01-24,M-E05,全电动,15.6,0,,0,1,350,65.0,2
2025-01-24,M-E06,全电动,13.5,0,,0,1,435,48.8,1
2025-01-24,M-E07,全电动,18.7,0,,0,2,165,89.6,2
2025-01-24,M-E08,全电动,16.4,0,,0,3,142,109.2,3
2025-01-24,M-E09,全电动,18.0,0,,0,3,487,110.6,0
2025-01-24,M-E10,全电动,15.3,0,,0,3,127,128.1,4
2025-01-24,M-E11,全电动,16.8,0,,0,1,133,171.3,3
2025-01-24,M-E12,全电动,17.3,0,,0,1,467,180.8,4
2025-01-24,M-E13,全电动,18.8,0,,0,2,278,173.4,1
2025-01-24,M-O01,油压,18.9,0,,0,2,184,279.9,1
2025-01-24,M-O02,油压,14.0,0,,0,1,127,253.9,0
2025-01-24,M-O03,油压,16.4,0,,0.2,3,87,357.5,1
2025-01-24,M-O04,油压,17.0,0,,0,3,504,421.4,4
2025-01-24,M-O05,油压,17.4,0,,0,2,117,458.7,2
2025-01-24,M-O06,油压,13.8,0,,0,2,351,450.1,2
2025-01-24,M-O07,油压,13.7,0,,0,1,395,519.1,0
2025-01-24,M-O08,油压,18.9,0,,0,1,80,966.3,2
2025-01-24,M-O09,油压,13.9,0,,0,1,119,693.9,3
2025-01-24,M-D01,双色旋转,18.9,0,,0,1,434,158.4,1
2025-01-24,M-D02,双色旋转,13.7,0,,0,2,89,519.8,0
2025-01-24,M-D03,双色旋转,16.8,0,,0.1,3,349,532.6,1
2025-01-24,M-T01,两板,18.0,0,,0.5,2,324,52.0,0
2025-01-24,M-T02,两板,18.6,0,,0,3,255,511.3,3
2025-01-24,M-T03,两板,16.7,0,,0,3,278,958.8,4
2025-01-24,M-T04,两板,14.3,0,,0,3,257,1105.8,0
2025-01-25,M-E01,全电动,14.9,0,,0,2,318,24.6,0
2025-01-25,M-E02,全电动,15.4,0,,0.1,1,419,32.7,2
2025-01-25,M-E03,全电动,14.2,0,,0,3,256,38.4,0
2025-01-25,M-E04,全电动,16.0,0,,0,3,516,50.3,3
2025-01-25,M-E05,全电动,18.2,0,,0,1,446,65.2,1
2025-01-25,M-E06,全电动,14.8,0,,0,2,182,61.6,0
2025-01-25,M-E07,全电动,18.5,0,,0,2,372,90.3,1
2025-01-25,M-E08,全电动,15.3,0,,0,1,415,80.4,4
2025-01-25,M-E09,全电动,16.7,0,,0.2,4,545,94.7,0
2025-01-25,M-E10,全电动,16.4,0,,0,3,381,115.7,3
2025-01-25,M-E11,全电动,14.5,0,,0,4,93,139.2,2
2025-01-25,M-E12,全电动,13.3,0,,0,3,486,112.9,2
2025-01-25,M-E13,全电动,18.4,0,,0,2,323,238.3,2
2025-01-25,M-O01,油压,17.8,0,,0.0,1,100,302.5,2
2025-01-25,M-O02,油压,15.8,0,,0.1,2,514,284.2,3
2025-01-25,M-O03,油压,13.8,0,,0,1,560,226.4,2
2025-01-25,M-O04,油压,14.3,0,,0,2,252,304.1,1
2025-01-25,M-O05,油压,13.6,0,,0,1,296,367.0,2
2025-01-25,M-O06,油压,18.4,0,,0,2,526,568.3,0
2025-01-25,M-O07,油压,17.3,0,,0,3,414,554.8,4
2025-01-25,M-O08,油压,14.400000000000002,3.7,模具问题,0,2,490,734.0,0
2025-01-25,M-O09,油压,16.3,0,,0,1,570,739.7,2
2025-01-25,M-D01,双色旋转,17.3,0,,0.0,2,388,180.5,4
2025-01-25,M-D02,双色旋转,17.3,0,,0.1,1,490,486.8,1
2025-01-25,M-D03,双色旋转,13.7,0,,0.0,1,373,348.9,2
2025-01-25,M-T01,两板,17.1,0,,0,2,598,49.7,2
2025-01-25,M-T02,两板,13.7,0,,0,1,277,305.9,3
2025-01-25,M-T03,两板,17.9,0,,0,1,331,979.6,0
2025-01-25,M-T04,两板,16.3,0,,0,1,579,1521.8,0
2025-01-26,M-E01,全电动,13.8,0,,0,3,218,23.2,1
2025-01-26,M-E02,全电动,17.9,0,,0,3,388,36.2,3
2025-01-26,M-E03,全电动,17.2,0,,0,3,322,58.2,2
2025-01-26,M-E04,全电动,17.3,1.3,液压系统,0,2,561,49.4,0
2025-01-26,M-E05,全电动,14.1,0,,0,2,273,60.2,3
2025-01-26,M-E06,全电动,18.5,0,,0,3,524,64.5,4
2025-01-26,M-E07,全电动,15.3,0,,0,3,327,84.5,2
2025-01-26,M-E08,全电动,18.0,0,,0.3,1,590,108.6,2
2025-01-26,M-E09,全电动,15.5,0,,0,1,556,123.6,4
2025-01-26,M-E10,全电动,13.2,0,,0,1,136,109.5,2
2025-01-26,M-E11,全电动,17.8,0,,0,3,129,167.1,2
2025-01-26,M-E12,全电动,18.1,0,,0.1,1,286,159.7,2
2025-01-26,M-E13,全电动,15.4,0,,0,1,408,180.4,0
2025-01-26,M-O01,油压,14.9,0,,0,1,408,207.1,0
2025-01-26,M-O02,油压,13.1,0,,0,2,264,200.4,0
2025-01-26,M-O03,油压,14.9,0,,0,2,397,280.3,2
2025-01-26,M-O04,油压,15.2,1.3,液压系统,0,2,357,285.6,2
2025-01-26,M-O05,油压,16.9,0,,0.3,1,415,405.5,2
2025-01-26,M-O06,油压,18.1,0,,0.3,2,488,561.7,0
2025-01-26,M-O07,油压,18.1,0,,0,1,109,734.9,0
2025-01-26,M-O08,油压,16.6,0,,0,1,442,769.4,0
2025-01-26,M-O09,油压,17.4,0,,0,1,417,698.9,3
2025-01-26,M-D01,双色旋转,13.4,0,,0,2,397,101.4,0
2025-01-26,M-D02,双色旋转,14.0,0,,0.3,3,408,527.4,1
2025-01-26,M-D03,双色旋转,14.1,0,,0,3,223,372.9,2
2025-01-26,M-T01,两板,18.5,0,,0,3,374,63.0,4
2025-01-26,M-T02,两板,18.0,0,,0,3,228,459.4,2
2025-01-26,M-T03,两板,18.2,0,,0,3,476,1227.2,1
2025-01-26,M-T04,两板,16.6,0,,0,3,343,1160.1,2
2025-01-27,M-E01,全电动,15.4,0,,0,3,155,33.4,1
2025-01-27,M-E02,全电动,18.0,0,,0,4,472,36.0,3
2025-01-27,M-E03,全电动,14.0,0,,0,3,164,36.7,2
2025-01-27,M-E04,全电动,16.3,0,,0,1,84,39.5,4
2025-01-27,M-E05,全电动,18.1,0,,0,1,580,78.1,3
2025-01-27,M-E06,全电动,17.7,0,,0,1,391,76.0,0
2025-01-27,M-E07,全电动,13.9,0,,0,1,259,54.5,1
2025-01-27,M-E08,全电动,14.1,0,,0,2,353,88.8,1
2025-01-27,M-E09,全电动,17.2,0,,0,3,155,124.8,2
2025-01-27,M-E10,全电动,17.8,0,,0,3,520,160.9,4
2025-01-27,M-E11,全电动,14.1,0,,0,3,530,115.8,2
2025-01-27,M-E12,全电动,15.6,0,,0.4,2,381,129.1,2
2025-01-27,M-E13,全电动,15.5,0,,0,2,145,167.0,0
2025-01-27,M-O01,油压,18.4,0,,0.2,4,576,215.7,0
2025-01-27,M-O02,油压,15.8,0,,0,3,467,272.6,3
2025-01-27,M-O03,油压,15.2,0,,0,1,152,304.6,4
2025-01-27,M-O04,油压,15.9,0,,0,2,550,448.9,2
2025-01-27,M-O05,油压,18.3,0,,0,2,472,499.6,0
2025-01-27,M-O06,油压,15.1,0,,0,2,278,422.2,3
2025-01-27,M-O07,油压,18.3,0,,0,1,120,762.0,0
2025-01-27,M-O08,油压,17.6,0,,0,3,138,685.1,1
2025-01-27,M-O09,油压,17.0,0,,0.3,3,213,884.8,1
2025-01-27,M-D01,双色旋转,15.2,0,,0,2,321,125.6,1
2025-01-27,M-D02,双色旋转,15.0,0,,0,1,194,389.8,0
2025-01-27,M-D03,双色旋转,15.7,0,,0,1,344,542.2,3
2025-01-27,M-T01,两板,17.1,0,,0,2,86,48.2,2
2025-01-27,M-T02,两板,16.9,0,,0,1,437,418.0,4
2025-01-27,M-T03,两板,16.3,0,,0,2,413,1022.6,3
2025-01-27,M-T04,两板,13.9,0,,0,2,352,1310.3,4
2025-01-28,M-E01,全电动,13.3,0,,0,1,88,24.3,3
2025-01-28,M-E02,全电动,16.5,0,,0,2,172,26.8,0
2025-01-28,M-E03,全电动,16.8,0,,0,1,378,45.4,1
2025-01-28,M-E04,全电动,17.3,0,,0,3,430,45.9,4
2025-01-28,M-E05,全电动,13.6,0,,0,2,302,59.7,0
2025-01-28,M-E06,全电动,15.5,0,,0,2,150,58.1,0
2025-01-28,M-E07,全电动,17.6,0,,0,2,293,68.8,0
2025-01-28,M-E08,全电动,15.9,0,,0,1,323,75.1,2
2025-01-28,M-E09,全电动,15.6,0,,0,3,502,103.8,0
2025-01-28,M-E10,全电动,14.7,0,,0,3,470,127.9,4
2025-01-28,M-E11,全电动,17.7,0,,0,1,248,145.7,0
2025-01-28,M-E12,全电动,13.4,0,,0.3,2,409,107.9,1
2025-01-28,M-E13,全电动,16.8,0,,0.4,1,219,150.3,3
2025-01-28,M-O01,油压,18.2,0,,0,2,407,209.2,1
2025-01-28,M-O02,油压,15.8,0,,0,2,473,239.9,0
2025-01-28,M-O03,油压,18.0,0,,0.2,3,190,375.5,3
2025-01-28,M-O04,油压,15.3,0,,0,1,107,349.9,4
2025-01-28,M-O05,油压,15.8,0,,0,1,583,390.7,4
2025-01-28,M-O06,油压,13.8,0,,0.3,2,255,388.1,0
2025-01-28,M-O07,油压,13.8,0,,0,1,425,568.9,0
2025-01-28,M-O08,油压,18.2,0,,0,3,539,789.9,3
2025-01-28,M-O09,油压,14.1,0,,0.5,2,267,731.4,0
2025-01-28,M-D01,双色旋转,15.8,0,,0,1,298,166.6,1
2025-01-28,M-D02,双色旋转,14.1,0,,0,1,233,439.2,0
2025-01-28,M-D03,双色旋转,13.9,0,,0.4,1,489,458.8,3
2025-01-28,M-T01,两板,18.8,0,,0,3,302,55.3,3
2025-01-28,M-T02,两板,16.4,0,,0,2,477,493.3,3
2025-01-28,M-T03,两板,16.0,0,,0,3,598,726.1,4
2025-01-28,M-T04,两板,13.5,0,,0,2,435,1160.6,3
2025-01-29,M-E01,全电动,15.4,0,,0,3,174,30.4,1
2025-01-29,M-E02,全电动,13.5,0,,0,3,402,21.9,4
2025-01-29,M-E03,全电动,15.2,0,,0,2,508,47.5,3
2025-01-29,M-E04,全电动,16.2,0,,0.2,3,308,54.8,0
2025-01-29,M-E05,全电动,13.7,0,,0,1,387,55.1,3
2025-01-29,M-E06,全电动,16.1,0,,0,1,548,68.0,4
2025-01-29,M-E07,全电动,13.8,0,,0,1,348,54.1,4
2025-01-29,M-E08,全电动,16.9,0,,0,2,328,102.3,0
2025-01-29,M-E09,全电动,14.0,0,,0,1,366,107.7,1
2025-01-29,M-E10,全电动,14.5,0,,0,4,157,112.6,4
2025-01-29,M-E11,全电动,19.0,0,,0,3,102,201.3,4
2025-01-29,M-E12,全电动,18.4,0,,0,2,487,167.7,2
2025-01-29,M-E13,全电动,15.8,0,,0,3,438,169.2,2
2025-01-29,M-O01,油压,18.6,0,,0,2,319,225.8,0
2025-01-29,M-O02,油压,13.3,0,,0,2,332,218.6,3
2025-01-29,M-O03,油压,12.399999999999999,3.3,模具问题,0,2,222,237.1,4
2025-01-29,M-O04,油压,14.9,0,,0,2,233,279.5,2
2025-01-29,M-O05,油压,16.5,0,,0,2,85,459.3,3
2025-01-29,M-O06,油压,16.2,0,,0,1,84,557.9,0
2025-01-29,M-O07,油压,16.6,0,,0,2,216,711.3,2
2025-01-29,M-O08,油压,17.5,0,,0,1,109,768.9,2
2025-01-29,M-O09,油压,15.0,0,,0,3,353,908.6,0
2025-01-29,M-D01,双色旋转,19.0,0,,0,3,434,172.7,2
2025-01-29,M-D02,双色旋转,18.9,0,,0,2,192,638.5,0
2025-01-29,M-D03,双色旋转,19.0,0,,0,2,428,661.6,0
2025-01-29,M-T01,两板,17.1,0,,0,3,451,61.9,2
2025-01-29,M-T02,两板,13.2,0,,0,2,147,380.1,2
2025-01-29,M-T03,两板,18.7,0,,0,3,339,1135.7,3
2025-01-29,M-T04,两板,14.3,0,,0,2,291,1207.3,4
2025-01-30,M-E01,全电动,16.1,0,,0,4,352,28.8,3
2025-01-30,M-E02,全电动,14.4,0,,0,1,428,31.7,1
2025-01-30,M-E03,全电动,14.1,0,,0,1,466,43.8,3
2025-01-30,M-E04,全电动,17.1,0,,0.4,2,232,52.0,4
2025-01-30,M-E05,全电动,14.9,0,,0,3,533,67.1,1
2025-01-30,M-E06,全电动,15.3,0,,0,2,155,66.7,0
2025-01-30,M-E07,全电动,17.1,0,,0,4,181,67.3,4
2025-01-30,M-E08,全电动,16.8,0,,0,3,598,100.8,1
2025-01-30,M-E09,全电动,18.2,0,,0,4,439,149.1,1
2025-01-30,M-E10,全电动,16.0,0,,0,3,470,110.0,3
2025-01-30,M-E11,全电动,14.8,0,,0,2,135,139.5,2
2025-01-30,M-E12,全电动,18.9,0,,0,3,114,217.3,0
2025-01-30,M-E13,全电动,17.1,0,,0.2,2,295,198.3,0
2025-01-30,M-O01,油压,17.7,0,,0.3,5,182,265.9,3
2025-01-30,M-O02,油压,18.8,0,,0.5,1,288,301.2,1
2025-01-30,M-O03,油压,17.0,0,,0,2,504,306.7,2
2025-01-30,M-O04,油压,16.5,0,,0,1,92,422.7,2
2025-01-30,M-O05,油压,15.4,0,,0,1,454,481.6,2
2025-01-30,M-O06,油压,15.8,0,,0,1,344,418.7,2
2025-01-30,M-O07,油压,13.8,0,,0,3,509,436.7,0
2025-01-30,M-O08,油压,17.5,0,,0,4,280,901.2,2
2025-01-30,M-O09,油压,15.3,0,,0.3,1,80,770.5,2
2025-01-30,M-D01,双色旋转,15.4,0,,0.2,3,385,123.2,3
2025-01-30,M-D02,双色旋转,15.9,0,,0,4,496,484.1,0
2025-01-30,M-D03,双色旋转,16.9,0,,0,2,446,429.2,3
2025-01-30,M-T01,两板,14.6,0,,0,3,447,50.7,4
2025-01-30,M-T02,两板,19.0,0,,0,1,403,452.9,1
2025-01-30,M-T03,两板,17.5,0,,0,2,450,920.4,1
2025-01-30,M-T04,两板,16.5,0,,0,2,520,1111.0,2
2025-01-31,M-E01,全电动,16.3,0,,0,3,377,27.9,2
2025-01-31,M-E02,全电动,14.8,0,,0,1,240,22.6,1
2025-01-31,M-E03,全电动,18.6,0,,0,1,273,52.4,3
2025-01-31,M-E04,全电动,17.6,0,,0,3,463,54.6,2
2025-01-31,M-E05,全电动,13.0,0,,0,1,565,45.2,0
2025-01-31,M-E06,全电动,15.6,0,,0,4,216,49.4,2
2025-01-31,M-E07,全电动,17.9,0,,0,2,148,101.2,2
2025-01-31,M-E08,全电动,18.7,0,,0,1,105,122.8,3
2025-01-31,M-E09,全电动,18.7,0,,0,4,229,114.9,4
2025-01-31,M-E10,全电动,16.9,0,,0.5,4,575,127.1,4
2025-01-31,M-E11,全电动,13.2,0,,0,4,322,125.0,3
2025-01-31,M-E12,全电动,16.2,0,,0,2,233,185.5,1
2025-01-31,M-E13,全电动,16.0,0,,0.4,1,196,161.8,2
2025-01-31,M-O01,油压,16.3,0,,0,3,391,260.7,3
2025-01-31,M-O02,油压,15.0,0,,0,2,257,259.8,4
2025-01-31,M-O03,油压,15.8,0,,0,3,201,245.4,2
2025-01-31,M-O04,油压,15.7,0,,0.2,3,196,445.8,3
2025-01-31,M-O05,油压,13.3,0,,0,4,248,371.9,4
2025-01-31,M-O06,油压,15.0,0,,0,1,405,382.6,2
2025-01-31,M-O07,油压,17.0,0,,0,4,317,652.0,0
2025-01-31,M-O08,油压,13.5,0,,0,2,258,526.9,3
2025-01-31,M-O09,油压,12.5,3.5,电气故障,0,1,175,689.8,3
2025-01-31,M-D01,双色旋转,16.3,0,,0,3,243,123.6,2
2025-01-31,M-D02,双色旋转,15.9,0,,0,2,386,543.8,4
2025-01-31,M-D03,双色旋转,17.9,0,,0,2,367,476.2,1
2025-01-31,M-T01,两板,14.3,0,,0,4,105,36.5,2
2025-01-31,M-T02,两板,18.3,0,,0.1,2,400,519.7,3
2025-01-31,M-T03,两板,14.2,0,,0,3,385,936.2,4
2025-01-31,M-T04,两板,14.4,0,,0,2,225,1111.2,1
2025-02-01,M-E01,全电动,14.9,0,,0.1,2,359,26.7,0
2025-02-01,M-E02,全电动,14.3,0,,0,2,313,31.2,0
2025-02-01,M-E03,全电动,18.9,0,,0,4,571,47.3,3
2025-02-01,M-E04,全电动,15.9,0,,0.1,2,260,53.4,0
2025-02-01,M-E05,全电动,15.3,0,,0,2,118,64.7,4
2025-02-01,M-E06,全电动,16.8,0,,0,3,457,76.6,2
2025-02-01,M-E07,全电动,13.2,0,,0,2,102,65.2,0
2025-02-01,M-E08,全电动,16.6,0,,0,4,216,80.0,0
2025-02-01,M-E09,全电动,13.2,0,,0.3,2,323,83.6,4
2025-02-01,M-E10,全电动,17.0,0,,0.3,1,219,141.0,1
2025-02-01,M-E11,全电动,18.1,0,,0.4,2,288,136.8,2
2025-02-01,M-E12,全电动,13.9,0,,0,3,241,162.6,2
2025-02-01,M-E13,全电动,18.7,0,,0,1,424,236.5,0
2025-02-01,M-O01,油压,16.0,0,,0,3,443,210.1,0
2025-02-01,M-O02,油压,18.5,0,,0,5,194,302.4,1
2025-02-01,M-O03,油压,17.1,0,,0.5,1,488,306.5,0
2025-02-01,M-O04,油压,17.6,0,,0.2,2,506,456.6,4
2025-02-01,M-O05,油压,15.3,0,,0,4,596,479.4,3
2025-02-01,M-O06,油压,15.0,0,,0,3,300,503.5,4
2025-02-01,M-O07,油压,18.6,0,,0,2,244,558.0,4
2025-02-01,M-O08,油压,18.3,0,,0.2,1,283,927.6,2
2025-02-01,M-O09,油压,13.2,0,,0,1,232,709.4,4
2025-02-01,M-D01,双色旋转,13.4,0,,0,3,398,106.9,3
2025-02-01,M-D02,双色旋转,18.0,0,,0,1,484,636.1,3
2025-02-01,M-D03,双色旋转,15.2,0,,0,2,185,437.2,3
2025-02-01,M-T01,两板,15.0,0,,0,3,198,43.9,0
2025-02-01,M-T02,两板,14.8,0,,0,4,539,385.4,4
2025-02-01,M-T03,两板,13.1,0,,0,2,266,838.5,1
2025-02-01,M-T04,两板,14.0,0,,0,4,466,1214.9,3
2025-02-02,M-E01,全电动,18.6,0,,0,2,273,28.8,4
2025-02-02,M-E02,全电动,18.3,0,,0,2,397,33.8,0
2025-02-02,M-E03,全电动,14.8,0,,0,2,434,46.4,1
2025-02-02,M-E04,全电动,13.6,0,,0,2,564,35.7,0
2025-02-02,M-E05,全电动,16.7,0,,0,4,289,75.3,0
2025-02-02,M-E06,全电动,15.8,0,,0,3,546,51.8,4
2025-02-02,M-E07,全电动,15.2,0,,0,1,129,78.0,1
2025-02-02,M-E08,全电动,17.5,0,,0,2,554,116.3,0
2025-02-02,M-E09,全电动,16.9,0,,0,3,376,104.5,0
2025-02-02,M-E10,全电动,15.1,0,,0,2,94,112.6,3
2025-02-02,M-E11,全电动,18.0,0,,0,1,136,172.3,3
2025-02-02,M-E12,全电动,14.5,0,,0,3,136,146.2,3
2025-02-02,M-E13,全电动,14.2,0,,0,1,588,187.2,4
2025-02-02,M-O01,油压,17.4,0,,0,1,554,250.5,0
2025-02-02,M-O02,油压,16.5,0,,0,1,404,240.5,0
2025-02-02,M-O03,油压,18.2,0,,0,2,248,325.0,1
2025-02-02,M-O04,油压,17.0,0,,0,2,551,478.6,1
2025-02-02,M-O05,油压,18.9,0,,0.1,2,515,404.5,1
2025-02-02,M-O06,油压,14.8,0,,0,1,444,462.3,1
2025-02-02,M-O07,油压,15.0,0,,0,1,443,469.0,3
2025-02-02,M-O08,油压,15.4,0,,0,2,490,581.6,0
2025-02-02,M-O09,油压,17.8,0,,0,2,193,1010.9,3
2025-02-02,M-D01,双色旋转,14.3,0,,0,3,276,130.5,3
2025-02-02,M-D02,双色旋转,14.9,0,,0,2,323,375.4,4
2025-02-02,M-D03,双色旋转,15.9,0,,0,2,255,534.3,0
2025-02-02,M-T01,两板,17.1,0,,0,4,111,61.5,0
2025-02-02,M-T02,两板,17.8,0.9,加热系统,0,3,453,475.7,3
2025-02-02,M-T03,两板,13.4,0,,0,2,325,702.6,1
2025-02-02,M-T04,两板,15.3,0,,0,2,280,1082.1,2
2025-02-03,M-E01,全电动,13.4,0,,0,2,119,22.0,3
2025-02-03,M-E02,全电动,15.5,0,,0,1,196,27.4,0
2025-02-03,M-E03,全电动,17.6,0,,0.2,1,439,55.5,4
2025-02-03,M-E04,全电动,17.6,0,,0.4,3,512,41.9,4
2025-02-03,M-E05,全电动,14.9,0,,0,3,299,53.3,0
2025-02-03,M-E06,全电动,15.3,0,,0,3,424,68.1,3
2025-02-03,M-E07,全电动,18.8,0,,0,2,147,73.3,4
2025-02-03,M-E08,全电动,13.3,0,,0,1,142,77.8,1
2025-02-03,M-E09,全电动,18.4,0,,0,3,220,104.1,4
2025-02-03,M-E10,全电动,14.0,0,,0,1,399,123.6,1
2025-02-03,M-E11,全电动,18.6,0,,0,2,386,141.2,2
2025-02-03,M-E12,全电动,15.3,0,,0,2,241,147.1,1
2025-02-03,M-E13,全电动,13.5,0,,0,5,426,162.4,4
2025-02-03,M-O01,油压,14.0,0,,0,3,288,220.5,3
2025-02-03,M-O02,油压,14.0,0,,0,2,549,191.0,4
2025-02-03,M-O03,油压,16.5,0,,0,1,552,343.2,1
2025-02-03,M-O04,油压,16.0,0,,0,3,314,435.8,0
2025-02-03,M-O05,油压,18.8,0,,0,2,319,463.6,3
2025-02-03,M-O06,油压,17.6,0,,0,3,539,485.4,2
2025-02-03,M-O07,油压,16.1,0,,0,2,215,556.9,0
2025-02-03,M-O08,油压,18.2,0,,0,2,150,883.0,3
2025-02-03,M-O09,油压,13.3,0,,0.5,2,295,600.2,0
2025-02-03,M-D01,双色旋转,15.5,0,,0,1,173,153.9,1
2025-02-03,M-D02,双色旋转,14.6,0,,0,1,359,511.9,1
2025-02-03,M-D03,双色旋转,14.3,0,,0,2,591,386.1,0
2025-02-03,M-T01,两板,13.8,0,,0.2,1,403,39.9,2
2025-02-03,M-T02,两板,18.0,0,,0,2,453,364.0,4
2025-02-03,M-T03,两板,16.8,0,,0.1,2,345,1092.3,4
2025-02-03,M-T04,两板,18.1,0,,0,4,151,1577.2,3
2025-02-04,M-E01,全电动,15.9,0,,0,3,297,33.3,0
2025-02-04,M-E02,全电动,17.5,0,,0,3,532,27.5,3
2025-02-04,M-E03,全电动,18.8,0,,0,1,221,42.6,2
2025-02-04,M-E04,全电动,18.3,0,,0,1,219,54.2,3
2025-02-04,M-E05,全电动,17.8,0,,0,2,122,63.4,1
2025-02-04,M-E06,全电动,17.6,0,,0,1,466,65.7,2
2025-02-04,M-E07,全电动,18.7,0,,0,3,254,76.4,0
2025-02-04,M-E08,全电动,18.6,0,,0,4,523,106.7,0
2025-02-04,M-E09,全电动,16.5,0,,0,2,480,109.8,4
2025-02-04,M-E10,全电动,14.6,0,,0,1,188,114.2,1
2025-02-04,M-E11,全电动,13.4,0,,0,3,589,128.2,0
2025-02-04,M-E12,全电动,14.6,0,,0,3,586,130.6,0
2025-02-04,M-E13,全电动,13.4,1.0,电气故障,0,3,350,138.3,3
2025-02-04,M-O01,油压,17.1,0,,0,2,381,259.8,2
2025-02-04,M-O02,油压,17.6,0,,0,2,216,313.0,4
2025-02-04,M-O03,油压,13.0,0,,0,4,500,287.1,3
2025-02-04,M-O04,油压,17.9,0,,0,2,147,388.8,1
2025-02-04,M-O05,油压,18.4,0,,0.0,1,234,488.0,1
2025-02-04,M-O06,油压,16.3,0,,0,1,186,599.4,4
2025-02-04,M-O07,油压,16.2,0,,0,3,211,487.8,0
2025-02-04,M-O08,油压,18.3,0,,0,1,270,709.0,1
2025-02-04,M-O09,油压,17.5,0,,0,2,449,913.1,2
2025-02-04,M-D01,双色旋转,17.0,0,,0,4,433,142.4,1
2025-02-04,M-D02,双色旋转,15.0,0,,0,1,199,432.4,3
2025-02-04,M-D03,双色旋转,16.1,0,,0,1,577,533.4,3
2025-02-04,M-T01,两板,13.6,0,,0,1,510,48.9,0
2025-02-04,M-T02,两板,16.2,0,,0,3,465,397.9,1
2025-02-04,M-T03,两板,18.2,0,,0,2,528,1232.7,2
2025-02-04,M-T04,两板,14.3,0,,0.2,1,100,1341.8,1
2025-02-05,M-E01,全电动,18.2,0,,0,3,246,40.3,2
2025-02-05,M-E02,全电动,14.9,0,,0,4,157,32.9,0
2025-02-05,M-E03,全电动,14.3,0,,0,2,108,32.6,3
2025-02-05,M-E04,全电动,14.4,0,,0,2,544,38.6,0
2025-02-05,M-E05,全电动,13.4,0,,0,1,571,57.2,1
2025-02-05,M-E06,全电动,17.3,0,,0,2,81,77.7,3
2025-02-05,M-E07,全电动,17.7,0,,0,4,482,74.0,1
2025-02-05,M-E08,全电动,15.8,0,,0,2,413,72.4,0
2025-02-05,M-E09,全电动,17.4,0,,0,2,431,96.4,2
2025-02-05,M-E10,全电动,16.5,0,,0,3,252,107.8,2
2025-02-05,M-E11,全电动,16.2,0,,0,1,259,124.9,1
2025-02-05,M-E12,全电动,16.5,0,,0.0,2,330,173.6,3
2025-02-05,M-E13,全电动,18.8,0,,0,2,147,173.1,0
2025-02-05,M-O01,油压,15.6,0,,0,2,341,212.4,0
2025-02-05,M-O02,油压,16.8,0,,0,1,377,240.9,0
2025-02-05,M-O03,油压,18.4,0,,0,2,255,345.1,3
2025-02-05,M-O04,油压,15.3,0,,0,1,587,301.5,4
2025-02-05,M-O05,油压,18.1,0,,0,1,147,575.0,1
2025-02-05,M-O06,油压,15.4,0,,0,1,481,551.3,0
2025-02-05,M-O07,油压,18.8,0,,0,1,570,565.2,2
2025-02-05,M-O08,油压,13.2,0,,0,2,105,528.9,1
2025-02-05,M-O09,油压,19.0,0,,0,2,252,822.9,3
2025-02-05,M-D01,双色旋转,15.9,0,,0.1,1,249,154.3,1
2025-02-05,M-D02,双色旋转,17.8,0,,0.4,1,339,551.4,0
2025-02-05,M-D03,双色旋转,16.0,0,,0,3,143,542.8,4
2025-02-05,M-T01,两板,16.9,0,,0,3,274,61.4,4
2025-02-05,M-T02,两板,17.0,0,,0,1,175,423.0,3
2025-02-05,M-T03,两板,13.7,0,,0,1,548,844.5,0
2025-02-05,M-T04,两板,17.4,0,,0,2,106,1566.9,2
2025-02-06,M-E01,全电动,18.8,0,,0,2,563,41.9,1
2025-02-06,M-E02,全电动,18.6,0,,0,1,358,41.9,3
2025-02-06,M-E03,全电动,14.3,0,,0,2,406,36.0,3
2025-02-06,M-E04,全电动,15.2,0,,0.0,3,105,50.4,1
2025-02-06,M-E05,全电动,16.6,0,,0,2,517,75.5,3
2025-02-06,M-E06,全电动,18.2,0,,0,3,354,61.3,2
2025-02-06,M-E07,全电动,17.8,0,,0,3,211,82.1,3
2025-02-06,M-E08,全电动,15.6,0,,0,3,537,100.8,4
2025-02-06,M-E09,全电动,16.0,0,,0,2,355,129.6,4
2025-02-06,M-E10,全电动,18.3,0,,0,3,503,161.3,2
2025-02-06,M-E11,全电动,14.6,0,,0,3,265,110.9,2
2025-02-06,M-E12,全电动,13.7,0,,0,2,325,151.6,0
2025-02-06,M-E13,全电动,16.4,0,,0,2,323,170.3,2
2025-02-06,M-O01,油压,16.4,0,,0,1,362,191.9,0
2025-02-06,M-O02,油压,14.9,0,,0,1,492,226.9,4
2025-02-06,M-O03,油压,17.5,0,,0,1,480,375.3,4
2025-02-06,M-O04,油压,15.6,0,,0,2,578,424.1,4
2025-02-06,M-O05,油压,13.9,0,,0,2,495,345.6,2
2025-02-06,M-O06,油压,16.5,0,,0.1,3,322,585.7,4
2025-02-06,M-O07,油压,13.1,0,,0,3,106,574.2,1
2025-02-06,M-O08,油压,19.0,0,,0.1,3,425,901.5,2
2025-02-06,M-O09,油压,18.4,0,,0,1,508,934.9,1
2025-02-06,M-D01,双色旋转,14.0,0,,0,3,293,137.6,4
2025-02-06,M-D02,双色旋转,17.5,0,,0,2,425,506.8,4
2025-02-06,M-D03,双色旋转,17.8,0,,0,2,551,552.5,3
2025-02-06,M-T01,两板,14.4,0,,0,4,562,49.6,4
2025-02-06,M-T02,两板,18.0,0,,0,1,450,413.2,3
2025-02-06,M-T03,两板,18.1,0,,0,2,165,899.9,4
2025-02-06,M-T04,两板,16.4,0,,0,1,199,1468.6,3
2025-02-07,M-E01,全电动,18.3,0,,0,2,386,40.8,0
2025-02-07,M-E02,全电动,18.6,0,,0,2,366,40.3,4
2025-02-07,M-E03,全电动,14.1,0,,0.2,1,569,37.4,4
2025-02-07,M-E04,全电动,14.7,0,,0,2,502,46.9,1
2025-02-07,M-E05,全电动,19.0,0,,0,2,117,66.3,2
2025-02-07,M-E06,全电动,14.1,0,,0,2,128,55.9,4
2025-02-07,M-E07,全电动,15.2,0,,0,3,211,61.0,0
2025-02-07,M-E08,全电动,13.5,0,,0,2,127,84.5,1
2025-02-07,M-E09,全电动,16.3,0,,0,1,410,135.0,2
2025-02-07,M-E10,全电动,18.9,0,,0,2,583,169.6,1
2025-02-07,M-E11,全电动,13.0,0,,0,3,585,131.9,2
2025-02-07,M-E12,全电动,13.1,0,,0,2,244,151.3,4
2025-02-07,M-E13,全电动,16.7,0,,0,3,231,166.2,4
2025-02-07,M-O01,油压,13.7,0,,0,2,355,229.7,1
2025-02-07,M-O02,油压,16.7,0,,0,2,559,282.7,4
2025-02-07,M-O03,油压,17.7,0,,0,2,547,367.7,1
2025-02-07,M-O04,油压,13.3,0,,0,2,257,328.8,1
2025-02-07,M-O05,油压,16.2,0,,0.3,4,160,437.5,1
2025-02-07,M-O06,油压,13.8,0,,0,3,429,440.6,0
2025-02-07,M-O07,油压,14.6,0,,0.4,1,410,569.7,4
2025-02-07,M-O08,油压,13.6,0,,0,2,292,645.5,0
2025-02-07,M-O09,油压,13.8,0,,0,2,220,617.3,2
2025-02-07,M-D01,双色旋转,17.0,0,,0,3,237,122.5,4
2025-02-07,M-D02,双色旋转,18.3,0,,0,1,390,618.8,3
2025-02-07,M-D03,双色旋转,13.4,0,,0,2,226,379.1,2
2025-02-07,M-T01,两板,14.4,0,,0.1,2,323,45.4,0
2025-02-07,M-T02,两板,18.0,0,,0,2,352,371.7,0
2025-02-07,M-T03,两板,14.6,0,,0,3,462,912.5,1
2025-02-07,M-T04,两板,13.7,0,,0,2,289,1285.2,2
2025-02-08,M-E01,全电动,15.7,0,,0,2,175,23.7,3
2025-02-08,M-E02,全电动,17.5,0,,0.2,3,322,35.0,4
2025-02-08,M-E03,全电动,17.1,0,,0,3,343,56.4,2
2025-02-08,M-E04,全电动,16.7,0,,0,1,337,42.3,2
2025-02-08,M-E05,全电动,15.2,0,,0,2,458,68.1,3
2025-02-08,M-E06,全电动,14.3,0,,0,4,488,55.9,3
2025-02-08,M-E07,全电动,14.1,0,,0,1,233,69.0,0
2025-02-08,M-E08,全电动,16.5,0,,0,3,509,100.0,0
2025-02-08,M-E09,全电动,16.3,0,,0,1,100,128.3,4
2025-02-08,M-E10,全电动,15.7,0,,0,1,394,141.4,1
2025-02-08,M-E11,全电动,18.0,0,,0,3,545,145.1,2
2025-02-08,M-E12,全电动,18.5,0,,0,3,518,173.9,4
2025-02-08,M-E13,全电动,15.3,0,,0,2,400,165.7,1
2025-02-08,M-O01,油压,18.1,0,,0,1,463,271.0,0
2025-02-08,M-O02,油压,17.6,0,,0,3,84,251.3,3
2025-02-08,M-O03,油压,17.4,0,,0.4,2,389,299.7,3
2025-02-08,M-O04,油压,11.799999999999999,1.8,加热系统,0,2,166,283.2,2
2025-02-08,M-O05,油压,15.3,0,,0.3,1,192,436.2,1
2025-02-08,M-O06,油压,16.6,0,,0.2,2,336,446.3,2
2025-02-08,M-O07,油压,16.0,0,,0,1,363,712.7,2
2025-02-08,M-O08,油压,16.7,0,,0,1,455,726.2,2
2025-02-08,M-O09,油压,15.6,0,,0,2,568,735.7,4
2025-02-08,M-D01,双色旋转,16.8,0,,0,3,398,178.0,0
2025-02-08,M-D02,双色旋转,13.3,0,,0.3,3,273,380.1,3
2025-02-08,M-D03,双色旋转,18.2,0,,0,3,265,626.2,4
2025-02-08,M-T01,两板,14.4,0,,0,1,373,51.5,0
2025-02-08,M-T02,两板,15.1,0,,0,2,115,451.1,2
2025-02-08,M-T03,两板,13.5,0,,0,2,97,765.8,4
2025-02-08,M-T04,两板,17.2,0,,0,3,285,1216.0,3
2025-02-09,M-E01,全电动,16.8,0,,0,3,523,37.8,1
2025-02-09,M-E02,全电动,14.4,0,,0,3,133,28.3,2
2025-02-09,M-E03,全电动,15.2,0,,0,2,455,45.9,4
2025-02-09,M-E04,全电动,13.8,0,,0,3,326,39.8,4
2025-02-09,M-E05,全电动,14.2,0,,0,1,576,63.4,3
2025-02-09,M-E06,全电动,14.2,0,,0.1,3,334,51.2,2
2025-02-09,M-E07,全电动,16.5,0,,0,1,519,68.8,1
2025-02-09,M-E08,全电动,16.0,0,,0,1,428,89.8,2
2025-02-09,M-E09,全电动,14.6,0,,0,1,393,95.4,1
2025-02-09,M-E10,全电动,14.4,0,,0,2,547,95.8,2
2025-02-09,M-E11,全电动,14.8,0,,0.4,2,419,118.2,0
2025-02-09,M-E12,全电动,17.1,0,,0,2,382,140.7,4
2025-02-09,M-E13,全电动,18.8,0,,0,2,572,247.9,1
2025-02-09,M-O01,油压,13.3,0,,0.0,1,255,199.0,0
2025-02-09,M-O02,油压,16.5,0,,0,2,582,217.5,4
2025-02-09,M-O03,油压,17.3,0,,0,1,347,319.6,1
2025-02-09,M-O04,油压,14.6,0,,0,4,332,277.5,1
2025-02-09,M-O05,油压,14.9,0,,0,3,151,318.5,4
2025-02-09,M-O06,油压,13.6,0,,0.1,2,387,490.1,4
2025-02-09,M-O07,油压,18.4,0,,0.3,4,97,701.0,0
2025-02-09,M-O08,油压,13.8,0,,0,2,498,500.6,3
2025-02-09,M-O09,油压,18.8,0,,0,4,169,889.9,1
2025-02-09,M-D01,双色旋转,17.9,0,,0,1,263,175.0,3
2025-02-09,M-D02,双色旋转,14.3,0,,0,3,99,365.7,0
2025-02-09,M-D03,双色旋转,16.6,0,,0,2,166,432.1,4
2025-02-09,M-T01,两板,13.1,0,,0.4,3,316,40.7,2
2025-02-09,M-T02,两板,15.8,0,,0,4,231,445.5,3
2025-02-09,M-T03,两板,14.1,0,,0,2,96,646.6,3
2025-02-09,M-T04,两板,17.5,0,,0,3,281,1517.2,3
2025-02-10,M-E01,全电动,15.0,0,,0,4,550,24.5,2
2025-02-10,M-E02,全电动,17.3,0,,0,3,583,27.8,0
2025-02-10,M-E03,全电动,16.3,0,,0,3,480,51.4,0
2025-02-10,M-E04,全电动,16.0,0,,0,2,224,53.7,1
2025-02-10,M-E05,全电动,15.1,0,,0,1,572,50.5,0
2025-02-10,M-E06,全电动,14.9,0,,0,1,202,65.7,4
2025-02-10,M-E07,全电动,18.3,0,,0,3,372,76.8,2
2025-02-10,M-E08,全电动,17.7,0,,0,1,508,112.6,3
2025-02-10,M-E09,全电动,16.1,0,,0.2,2,550,107.3,1
2025-02-10,M-E10,全电动,13.2,0,,0,2,108,94.5,3
2025-02-10,M-E11,全电动,18.7,0,,0,2,287,162.1,3
2025-02-10,M-E12,全电动,15.3,0,,0,3,599,156.5,2
2025-02-10,M-E13,全电动,18.7,0,,0,2,115,196.9,0
2025-02-10,M-O01,油压,18.1,0,,0,1,311,230.9,0
2025-02-10,M-O02,油压,13.4,0,,0,4,544,215.0,3
2025-02-10,M-O03,油压,16.3,0,,0,3,155,349.6,0
2025-02-10,M-O04,油压,13.7,0,,0,3,499,344.2,0
2025-02-10,M-O05,油压,16.0,0,,0,3,520,426.1,4
2025-02-10,M-O06,油压,17.0,0,,0,2,417,542.3,1
2025-02-10,M-O07,油压,14.0,0,,0.5,2,422,636.0,2
2025-02-10,M-O08,油压,17.8,0,,0,1,352,896.8,4
2025-02-10,M-O09,油压,13.4,0,,0,1,372,701.9,4
2025-02-10,M-D01,双色旋转,15.0,0,,0,3,490,110.9,2
2025-02-10,M-D02,双色旋转,13.2,0,,0,3,542,498.3,4
2025-02-10,M-D03,双色旋转,16.7,0,,0,1,534,583.8,0
2025-02-10,M-T01,两板,13.4,0,,0,2,183,37.9,0
2025-02-10,M-T02,两板,16.0,0,,0,2,518,471.4,4
2025-02-10,M-T03,两板,13.6,0,,0,2,466,723.4,1
2025-02-10,M-T04,两板,15.4,0,,0,2,162,1185.6,4
2025-02-11,M-E01,全电动,18.1,0,,0,2,545,34.2,3
2025-02-11,M-E02,全电动,17.5,0,,0,4,315,33.9,0
2025-02-11,M-E03,全电动,18.0,0,,0,1,272,53.9,2
2025-02-11,M-E04,全电动,16.1,0,,0,2,136,49.5,1
2025-02-11,M-E05,全电动,17.1,0,,0.3,3,339,66.9,1
2025-02-11,M-E06,全电动,14.3,0,,0.3,2,544,51.6,4
2025-02-11,M-E07,全电动,16.2,0,,0,1,111,87.5,1
2025-02-11,M-E08,全电动,18.9,0,,0.2,1,428,120.6,3
2025-02-11,M-E09,全电动,17.5,0,,0,2,175,119.6,0
2025-02-11,M-E10,全电动,17.4,0,,0.3,1,152,118.3,4
2025-02-11,M-E11,全电动,14.5,0,,0,1,414,122.5,2
2025-02-11,M-E12,全电动,14.399999999999999,2.0,加热系统,0,2,248,142.8,2
2025-02-11,M-E13,全电动,15.1,0,,0,1,484,141.2,2
2025-02-11,M-O01,油压,15.3,0,,0,2,425,236.0,2
2025-02-11,M-O02,油压,16.5,0,,0.0,1,193,212.6,0
2025-02-11,M-O03,油压,13.1,0,,0,1,129,289.7,0
2025-02-11,M-O04,油压,13.2,0,,0,1,318,288.7,2
2025-02-11,M-O05,油压,16.3,0,,0,1,213,359.0,1
2025-02-11,M-O06,油压,13.6,0,,0,3,213,443.0,2
2025-02-11,M-O07,油压,15.4,0,,0,2,379,494.9,1
2025-02-11,M-O08,油压,18.7,0,,0,3,439,824.4,2
2025-02-11,M-O09,油压,18.3,0,,0,4,341,835.5,0
2025-02-11,M-D01,双色旋转,15.7,0,,0,3,183,147.3,3
2025-02-11,M-D02,双色旋转,14.8,0,,0.2,1,425,444.9,2
2025-02-11,M-D03,双色旋转,13.1,0,,0,3,222,452.7,2
2025-02-11,M-T01,两板,16.0,0,,0,3,299,60.4,3
2025-02-11,M-T02,两板,16.6,0,,0,1,183,367.2,2
2025-02-11,M-T03,两板,18.4,0,,0,2,139,1188.7,1
2025-02-11,M-T04,两板,14.3,0,,0,3,437,963.7,4
2025-02-12,M-E01,全电动,17.5,0,,0.2,2,271,35.8,3
2025-02-12,M-E02,全电动,16.0,0,,0,1,237,26.0,0
2025-02-12,M-E03,全电动,14.1,0,,0,3,93,42.1,0
2025-02-12,M-E04,全电动,18.9,0,,0,2,414,57.2,1
2025-02-12,M-E05,全电动,18.5,0,,0,2,493,66.3,1
2025-02-12,M-E06,全电动,16.4,0,,0,2,410,61.9,4
2025-02-12,M-E07,全电动,17.6,0,,0,3,397,94.9,3
2025-02-12,M-E08,全电动,14.5,0,,0.5,2,545,88.8,2
2025-02-12,M-E09,全电动,17.7,0,,0,2,246,133.3,3
2025-02-12,M-E10,全电动,16.3,0,,0.4,3,452,133.9,3
2025-02-12,M-E11,全电动,13.6,0,,0,2,329,129.0,0
2025-02-12,M-E12,全电动,13.3,0,,0,2,239,114.1,2
2025-02-12,M-E13,全电动,14.8,0,,0,2,565,134.4,0
2025-02-12,M-O01,油压,13.0,0,,0,2,112,177.8,0
2025-02-12,M-O02,油压,15.1,0,,0,2,545,189.2,2
2025-02-12,M-O03,油压,15.8,0,,0,2,320,265.9,4
2025-02-12,M-O04,油压,15.0,0,,0,2,419,326.8,1
2025-02-12,M-O05,油压,16.7,0,,0,3,195,361.0,4
2025-02-12,M-O06,油压,17.6,0,,0.2,4,143,591.7,4
2025-02-12,M-O07,油压,18.7,0,,0.2,3,92,738.7,0
2025-02-12,M-O08,油压,16.6,0,,0,1,165,611.9,2
2025-02-12,M-O09,油压,17.7,0,,0.4,3,135,1023.8,2
2025-02-12,M-D01,双色旋转,15.2,0,,0,2,459,150.5,0
2025-02-12,M-D02,双色旋转,17.6,0,,0,2,290,658.0,3
2025-02-12,M-D03,双色旋转,17.3,0,,0,2,271,561.7,2
2025-02-12,M-T01,两板,15.4,0,,0,1,543,58.3,2
2025-02-12,M-T02,两板,17.0,0,,0,2,192,516.2,2
2025-02-12,M-T03,两板,18.0,0,,0,1,250,974.5,0
2025-02-12,M-T04,两板,16.8,0,,0,1,166,1276.8,4
2025-02-13,M-E01,全电动,18.4,0,,0,3,292,36.5,4
2025-02-13,M-E02,全电动,13.6,0,,0,3,253,21.4,4
2025-02-13,M-E03,全电动,16.3,0,,0,1,185,43.0,0
2025-02-13,M-E04,全电动,13.1,0,,0,1,163,44.0,2
2025-02-13,M-E05,全电动,16.7,0,,0,3,364,69.5,2
2025-02-13,M-E06,全电动,17.2,0,,0,3,123,72.3,2
2025-02-13,M-E07,全电动,14.1,0,,0,1,383,68.3,4
2025-02-13,M-E08,全电动,18.5,0,,0,4,248,95.4,1
2025-02-13,M-E09,全电动,17.5,0,,0,4,159,143.0,4
2025-02-13,M-E10,全电动,17.4,0,,0,2,563,164.3,2
2025-02-13,M-E11,全电动,16.0,0,,0,1,304,152.9,3
2025-02-13,M-E12,全电动,17.1,0,,0,1,228,142.6,2
2025-02-13,M-E13,全电动,17.2,0,,0,3,414,193.6,2
2025-02-13,M-O01,油压,18.8,0,,0,3,133,314.0,0
2025-02-13,M-O02,油压,15.0,0,,0,2,541,211.7,1
2025-02-13,M-O03,油压,14.7,0,,0,3,117,263.2,1
2025-02-13,M-O04,油压,13.8,0,,0,3,139,264.3,3
2025-02-13,M-O05,油压,16.6,0,,0,2,369,388.5,0
2025-02-13,M-O06,油压,17.0,0,,0,2,194,503.1,3
2025-02-13,M-O07,油压,17.3,0,,0,3,556,731.3,2
2025-02-13,M-O08,油压,13.8,0,,0,2,126,553.5,2
2025-02-13,M-O09,油压,16.4,0,,0,2,453,855.7,3
2025-02-13,M-D01,双色旋转,16.7,0,,0,1,350,157.3,3
2025-02-13,M-D02,双色旋转,15.7,0,,0.2,3,407,533.5,1
2025-02-13,M-D03,双色旋转,17.9,0,,0,1,357,468.5,4
2025-02-13,M-T01,两板,13.7,0,,0,3,174,42.9,0
2025-02-13,M-T02,两板,15.2,0,,0,2,122,396.0,2
2025-02-13,M-T03,两板,18.8,0,,0,2,303,870.6,0
2025-02-13,M-T04,两板,16.7,0,,0,1,539,1436.9,3
2025-02-14,M-E01,全电动,14.2,0,,0,2,477,29.3,0
2025-02-14,M-E02,全电动,15.4,0,,0,2,507,27.0,0
2025-02-14,M-E03,全电动,14.5,0,,0,3,131,34.6,4
2025-02-14,M-E04,全电动,16.8,0,,0,2,580,53.0,0
2025-02-14,M-E05,全电动,15.9,0,,0,2,533,62.6,0
2025-02-14,M-E06,全电动,13.9,0,,0,3,548,44.4,0
2025-02-14,M-E07,全电动,13.1,0,,0,2,316,72.0,2
2025-02-14,M-E08,全电动,13.7,0,,0,2,152,65.1,3
2025-02-14,M-E09,全电动,16.1,0,,0.2,2,592,91.5,4
2025-02-14,M-E10,全电动,17.0,0,,0,4,357,113.9,2
2025-02-14,M-E11,全电动,10.3,3.7,加热系统,0,1,188,79.5,0
2025-02-14,M-E12,全电动,16.0,0,,0,1,82,137.4,1
2025-02-14,M-E13,全电动,18.1,0,,0,3,485,229.5,4
2025-02-14,M-O01,油压,14.5,0,,0,1,145,191.8,1
2025-02-14,M-O02,油压,15.1,0,,0,2,345,226.1,3
2025-02-14,M-O03,油压,16.6,0,,0,3,437,332.0,2
2025-02-14,M-O04,油压,13.4,0,,0,2,578,359.2,0
2025-02-14,M-O05,油压,18.3,0,,0,2,446,407.3,0
2025-02-14,M-O06,油压,17.4,0,,0,3,98,495.0,3
2025-02-14,M-O07,油压,17.2,0,,0.1,1,82,768.9,3
2025-02-14,M-O08,油压,16.7,0,,0,2,568,721.4,3
2025-02-14,M-O09,油压,15.6,0,,0,1,584,728.7,4
2025-02-14,M-D01,双色旋转,10.9,2.6,液压系统,0.4,1,516,107.2,4
2025-02-14,M-D02,双色旋转,14.0,0,,0,3,391,352.6,3
2025-02-14,M-D03,双色旋转,15.6,0,,0,1,113,407.5,3
2025-02-14,M-T01,两板,13.3,0,,0.3,2,245,35.5,1
2025-02-14,M-T02,两板,17.0,0,,0,1,305,489.4,4
2025-02-14,M-T03,两板,15.8,0,,0,1,265,819.8,3
2025-02-14,M-T04,两板,13.4,0,,0,4,424,981.7,0
2025-02-15,M-E01,全电动,13.7,0,,0.1,2,253,23.1,3
2025-02-15,M-E02,全电动,16.0,0,,0,3,375,27.9,3
2025-02-15,M-E03,全电动,17.4,0,,0,3,186,55.6,3
2025-02-15,M-E04,全电动,14.4,0,,0,1,501,42.2,1
2025-02-15,M-E05,全电动,17.2,0,,0,1,86,64.4,3
2025-02-15,M-E06,全电动,13.6,0,,0,2,511,57.6,3
2025-02-15,M-E07,全电动,17.5,0,,0,1,322,79.0,3
2025-02-15,M-E08,全电动,17.3,0,,0,1,340,85.0,2
2025-02-15,M-E09,全电动,17.1,0,,0,3,351,106.9,1
2025-02-15,M-E10,全电动,14.0,0,,0,3,196,90.8,2
2025-02-15,M-E11,全电动,18.6,0,,0,1,164,168.2,2
2025-02-15,M-E12,全电动,15.4,0,,0.0,5,131,172.4,1
2025-02-15,M-E13,全电动,14.7,0,,0,4,357,140.4,3
2025-02-15,M-O01,油压,16.5,0,,0,1,200,257.2,2
2025-02-15,M-O02,油压,18.6,0,,0,1,596,297.4,1
2025-02-15,M-O03,油压,13.6,0,,0.5,1,393,243.3,0
2025-02-15,M-O04,油压,18.3,0,,0,1,459,349.5,0
2025-02-15,M-O05,油压,13.1,0,,0,1,279,395.2,3
2025-02-15,M-O06,油压,16.3,0,,0,2,139,547.3,2
2025-02-15,M-O07,油压,14.4,0,,0,1,99,550.1,0
2025-02-15,M-O08,油压,12.6,3.9,液压系统,0,2,462,567.3,1
2025-02-15,M-O09,油压,14.3,0,,0,2,587,768.2,1
2025-02-15,M-D01,双色旋转,16.0,0,,0,3,118,123.0,2
2025-02-15,M-D02,双色旋转,15.8,0,,0,2,96,402.5,2
2025-02-15,M-D03,双色旋转,16.0,0,,0,3,319,514.7,0
2025-02-15,M-T01,两板,14.8,0,,0,1,548,48.5,4
2025-02-15,M-T02,两板,13.3,0,,0,3,573,373.0,2
2025-02-15,M-T03,两板,15.2,0,,0,2,289,908.4,0
2025-02-15,M-T04,两板,17.3,0,,0.1,2,288,1309.9,0
2025-02-16,M-E01,全电动,15.6,0,,0,1,588,27.9,3
2025-02-16,M-E02,全电动,18.6,0,,0,2,360,29.2,0
2025-02-16,M-E03,全电动,17.6,0,,0,2,487,44.5,3
2025-02-16,M-E04,全电动,18.5,0,,0,1,521,43.3,1
2025-02-16,M-E05,全电动,16.3,0,,0,2,159,68.6,3
2025-02-16,M-E06,全电动,14.5,0,,0,4,166,58.1,3
2025-02-16,M-E07,全电动,14.0,0,,0,1,303,64.3,4
2025-02-16,M-E08,全电动,15.5,0,,0,3,434,76.7,0
2025-02-16,M-E09,全电动,16.1,0,,0,3,215,98.4,4
2025-02-16,M-E10,全电动,17.7,0,,0,3,157,164.4,2
2025-02-16,M-E11,全电动,15.8,0,,0,2,119,139.6,4
2025-02-16,M-E12,全电动,13.6,0,,0.2,2,550,132.2,0
2025-02-16,M-E13,全电动,16.0,0,,0,2,306,143.1,3
2025-02-16,M-O01,油压,17.2,0,,0,2,327,269.4,2
2025-02-16,M-O02,油压,14.1,0,,0,4,423,231.0,0
2025-02-16,M-O03,油压,18.0,0,,0,1,531,294.8,1
2025-02-16,M-O04,油压,18.2,0,,0,2,106,472.2,4
2025-02-16,M-O05,油压,17.2,0,,0,2,413,500.0,4
2025-02-16,M-O06,油压,14.8,0,,0.4,3,193,456.8,3
2025-02-16,M-O07,油压,17.3,0,,0.1,1,222,543.4,1
2025-02-16,M-O08,油压,14.1,0,,0.5,1,318,622.4,0
2025-02-16,M-O09,油压,16.1,0,,0,1,375,733.2,0
2025-02-16,M-D01,双色旋转,18.6,0,,0,2,250,141.7,1
2025-02-16,M-D02,双色旋转,15.5,0,,0,2,339,442.5,1
2025-02-16,M-D03,双色旋转,13.5,0,,0,3,481,401.2,0
2025-02-16,M-T01,两板,15.0,0,,0,2,160,41.4,4
2025-02-16,M-T02,两板,13.4,0,,0,1,102,290.6,4
2025-02-16,M-T03,两板,16.4,0,,0,2,379,977.2,2
2025-02-16,M-T04,两板,18.3,0,,0,1,104,1689.0,2
2025-02-17,M-E01,全电动,15.5,0,,0.3,2,132,29.3,4
2025-02-17,M-E02,全电动,13.1,0,,0,1,136,27.9,4
2025-02-17,M-E03,全电动,17.9,0,,0,3,343,48.4,1
2025-02-17,M-E04,全电动,17.1,0,,0,2,197,57.5,0
2025-02-17,M-E05,全电动,14.5,0,,0,2,435,64.9,3
2025-02-17,M-E06,全电动,17.4,0,,0,1,307,75.5,3
2025-02-17,M-E07,全电动,13.3,0,,0,1,565,54.3,4
2025-02-17,M-E08,全电动,18.1,0,,0,1,578,95.0,4
2025-02-17,M-E09,全电动,16.6,0,,0.0,2,595,122.8,2
2025-02-17,M-E10,全电动,13.6,0,,0,1,405,111.7,1
2025-02-17,M-E11,全电动,18.1,0,,0,1,285,180.8,3
2025-02-17,M-E12,全电动,13.7,0,,0,2,175,124.8,1
2025-02-17,M-E13,全电动,18.9,0,,0,2,355,230.6,4
2025-02-17,M-O01,油压,15.8,0,,0,2,156,242.4,2
2025-02-17,M-O02,油压,17.1,0,,0.4,2,232,216.2,3
2025-02-17,M-O03,油压,13.8,0,,0.2,2,207,259.8,4
2025-02-17,M-O04,油压,16.7,0,,0,3,474,439.1,0
2025-02-17,M-O05,油压,17.0,0,,0,2,115,427.8,4
2025-02-17,M-O06,油压,18.2,0,,0.5,3,372,592.1,0
2025-02-17,M-O07,油压,16.6,0,,0.5,1,214,713.5,3
2025-02-17,M-O08,油压,16.1,0,,0,2,493,806.2,0
2025-02-17,M-O09,油压,15.3,0,,0,2,244,890.6,2
2025-02-17,M-D01,双色旋转,15.6,0,,0,2,225,132.8,2
2025-02-17,M-D02,双色旋转,13.8,0,,0,3,254,412.7,2
2025-02-17,M-D03,双色旋转,15.2,0,,0,2,190,501.0,4
2025-02-17,M-T01,两板,18.6,0,,0,2,508,54.5,3
2025-02-17,M-T02,两板,18.3,0,,0,2,477,375.0,3
2025-02-17,M-T03,两板,16.0,0,,0.0,1,236,880.4,2
2025-02-17,M-T04,两板,17.0,0,,0,1,535,1304.3,2
2025-02-18,M-E01,全电动,16.5,0,,0,2,466,35.1,3
2025-02-18,M-E02,全电动,15.5,0,,0.1,4,439,32.2,4
2025-02-18,M-E03,全电动,14.5,0,,0.4,1,439,47.0,1
2025-02-18,M-E04,全电动,18.2,0,,0.3,3,329,58.3,4
2025-02-18,M-E05,全电动,16.7,0,,0,1,117,50.6,1
2025-02-18,M-E06,全电动,14.2,0,,0,2,122,52.0,4
2025-02-18,M-E07,全电动,17.9,0,,0,3,513,95.9,0
2025-02-18,M-E08,全电动,18.4,0,,0,2,229,108.6,2
2025-02-18,M-E09,全电动,15.2,0,,0,2,576,102.5,0
2025-02-18,M-E10,全电动,16.8,0,,0.2,1,292,117.2,3
2025-02-18,M-E11,全电动,18.8,0,,0,2,140,148.0,2
2025-02-18,M-E12,全电动,16.4,0,,0,2,239,181.4,1
2025-02-18,M-E13,全电动,13.2,0,,0,2,448,150.2,0
2025-02-18,M-O01,油压,18.4,0,,0,2,302,249.4,4
2025-02-18,M-O02,油压,13.5,0,,0,2,501,250.2,1
2025-02-18,M-O03,油压,15.3,0,,0,1,391,335.1,1
2025-02-18,M-O04,油压,17.2,0,,0,2,395,467.6,0
2025-02-18,M-O05,油压,17.2,0,,0,3,271,444.9,4
2025-02-18,M-O06,油压,17.9,0,,0,3,236,649.4,3
2025-02-18,M-O07,油压,14.3,0,,0,4,101,646.2,2
2025-02-18,M-O08,油压,19.0,0,,0,2,335,719.0,2
2025-02-18,M-O09,油压,13.2,0,,0,3,194,605.1,3
2025-02-18,M-D01,双色旋转,13.0,0,,0.4,1,84,98.5,1
2025-02-18,M-D02,双色旋转,18.3,0,,0,1,217,559.9,2
2025-02-18,M-D03,双色旋转,15.0,0,,0,1,373,429.0,3
2025-02-18,M-T01,两板,15.5,0,,0,3,230,43.7,4
2025-02-18,M-T02,两板,13.1,0,,0,4,389,327.1,0
2025-02-18,M-T03,两板,16.2,0,,0,1,315,1077.2,3
2025-02-18,M-T04,两板,15.9,0,,0,4,151,1467.4,4
2025-02-19,M-E01,全电动,13.3,0,,0,1,431,21.8,0
2025-02-19,M-E02,全电动,19.0,0,,0,1,309,35.5,1
2025-02-19,M-E03,全电动,17.8,0,,0,2,577,54.1,2
2025-02-19,M-E04,全电动,15.4,0,,0,3,301,36.4,1
2025-02-19,M-E05,全电动,17.5,0,,0,2,326,61.7,1
2025-02-19,M-E06,全电动,14.3,0,,0,3,565,48.6,2
2025-02-19,M-E07,全电动,16.4,0,,0,2,371,75.2,2
2025-02-19,M-E08,全电动,15.5,0,,0,2,422,96.9,2
2025-02-19,M-E09,全电动,14.3,0,,0.5,3,363,107.6,4
2025-02-19,M-E10,全电动,13.7,0,,0.2,1,187,111.3,0
2025-02-19,M-E11,全电动,13.6,0,,0,3,530,134.7,4
2025-02-19,M-E12,全电动,18.1,0,,0.4,2,282,203.2,2
2025-02-19,M-E13,全电动,18.7,0,,0,3,443,244.5,0
2025-02-19,M-O01,油压,18.0,0,,0.4,1,471,216.0,1
2025-02-19,M-O02,油压,16.2,0,,0,1,282,300.3,4
2025-02-19,M-O03,油压,16.3,0,,0,1,451,265.0,4
2025-02-19,M-O04,油压,13.6,0,,0,2,260,370.7,3
2025-02-19,M-O05,油压,14.1,0,,0.4,3,145,402.6,1
2025-02-19,M-O06,油压,14.0,0,,0.4,2,216,464.5,0
2025-02-19,M-O07,油压,14.2,0,,0,1,352,632.1,1
2025-02-19,M-O08,油压,14.6,0,,0,2,408,595.8,3
2025-02-19,M-O09,油压,14.0,0,,0,3,552,640.4,2
2025-02-19,M-D01,双色旋转,16.9,0,,0,4,568,160.1,3
2025-02-19,M-D02,双色旋转,15.2,0,,0,2,409,415.4,3
2025-02-19,M-D03,双色旋转,18.2,0,,0,3,188,571.9,3
2025-02-19,M-T01,两板,16.9,0,,0,1,165,63.9,1
2025-02-19,M-T02,两板,16.4,0,,0,2,380,369.9,2
2025-02-19,M-T03,两板,12.3,2.1,电气故障,0.1,3,308,743.4,0
2025-02-19,M-T04,两板,18.1,0,,0,3,350,1657.8,1
2025-02-20,M-E01,全电动,16.3,0,,0,1,428,31.5,0
2025-02-20,M-E02,全电动,14.5,0,,0,2,355,25.5,3
2025-02-20,M-E03,全电动,15.3,0,,0,2,543,47.6,4
2025-02-20,M-E04,全电动,18.0,0,,0,2,337,45.9,0
2025-02-20,M-E05,全电动,12.6,1.0,模具问题,0,2,134,46.5,0
2025-02-20,M-E06,全电动,17.9,0,,0,2,361,68.2,0
2025-02-20,M-E07,全电动,16.3,0,,0,1,484,65.5,2
2025-02-20,M-E08,全电动,14.0,0,,0,2,379,67.9,3
2025-02-20,M-E09,全电动,18.2,0,,0,4,168,120.3,1
2025-02-20,M-E10,全电动,15.4,0,,0,1,141,111.7,1
2025-02-20,M-E11,全电动,14.9,0,,0,1,240,118.5,0
2025-02-20,M-E12,全电动,14.1,0,,0,1,162,156.0,0
2025-02-20,M-E13,全电动,15.9,0,,0,1,422,163.9,4
2025-02-20,M-O01,油压,14.4,0,,0,2,87,163.6,4
2025-02-20,M-O02,油压,15.0,0,,0,2,92,205.4,0
2025-02-20,M-O03,油压,16.6,0,,0,3,569,348.0,0
2025-02-20,M-O04,油压,16.3,0,,0,2,171,423.2,4
2025-02-20,M-O05,油压,14.7,0,,0.3,2,85,377.2,1
2025-02-20,M-O06,油压,13.9,0,,0.4,3,571,472.0,4
2025-02-20,M-O07,油压,16.5,0,,0,3,540,501.7,0
2025-02-20,M-O08,油压,18.1,0,,0,3,420,828.8,4
2025-02-20,M-O09,油压,17.7,0,,0,1,531,898.1,0
2025-02-20,M-D01,双色旋转,14.9,0,,0,3,147,145.2,4
2025-02-20,M-D02,双色旋转,14.6,0,,0,1,586,530.4,3
2025-02-20,M-D03,双色旋转,17.2,0,,0,1,147,575.8,3
2025-02-20,M-T01,两板,18.1,0,,0.5,1,471,66.7,3
2025-02-20,M-T02,两板,13.6,0,,0,2,102,353.7,4
2025-02-20,M-T03,两板,13.1,0,,0,1,424,810.7,3
2025-02-20,M-T04,两板,15.1,0,,0,4,345,946.6,1
2025-02-21,M-E01,全电动,15.8,0,,0,2,493,24.3,0
2025-02-21,M-E02,全电动,14.3,0,,0,1,228,30.8,1
2025-02-21,M-E03,全电动,17.8,0,,0,1,105,41.6,1
2025-02-21,M-E04,全电动,16.9,0,,0,3,328,55.1,0
2025-02-21,M-E05,全电动,16.4,0,,0,3,543,72.9,4
2025-02-21,M-E06,全电动,14.8,0,,0,2,487,57.5,3
2025-02-21,M-E07,全电动,13.3,0,,0,1,441,56.5,0
2025-02-21,M-E08,全电动,18.7,0,,0.3,2,223,95.2,1
2025-02-21,M-E09,全电动,13.6,0,,0,4,202,107.5,1
2025-02-21,M-E10,全电动,16.9,0,,0.0,4,210,141.4,4
2025-02-21,M-E11,全电动,15.8,0,,0,2,310,114.0,0
2025-02-21,M-E12,全电动,17.2,0,,0.1,3,113,205.5,1
2025-02-21,M-E13,全电动,18.0,0,,0,1,239,231.6,0
2025-02-21,M-O01,油压,13.6,0,,0,2,219,153.5,2
2025-02-21,M-O02,油压,17.1,0,,0.4,2,275,228.0,3
2025-02-21,M-O03,油压,18.3,0,,0,1,473,296.2,4
2025-02-21,M-O04,油压,18.4,0,,0,3,376,393.6,2
2025-02-21,M-O05,油压,17.2,0,,0,2,432,540.9,2
2025-02-21,M-O06,油压,15.9,0,,0,3,153,513.8,3
2025-02-21,M-O07,油压,14.7,0,,0,3,88,572.6,3
2025-02-21,M-O08,油压,15.3,0,,0,3,252,744.1,2
2025-02-21,M-O09,油压,17.2,0,,0.1,3,366,957.5,1
2025-02-21,M-D01,双色旋转,13.9,0,,0,2,549,140.5,1
2025-02-21,M-D02,双色旋转,14.4,0,,0,3,349,505.4,3
2025-02-21,M-D03,双色旋转,18.5,0,,0.2,2,354,649.5,0
2025-02-21,M-T01,两板,13.8,0,,0,1,407,44.4,0
2025-02-21,M-T02,两板,16.9,0,,0,2,237,474.3,4
2025-02-21,M-T03,两板,13.1,0,,0.1,2,159,794.8,1
2025-02-21,M-T04,两板,16.5,0,,0,1,122,1530.0,1
2025-02-22,M-E01,全电动,15.6,0,,0.4,4,353,26.0,3
2025-02-22,M-E02,全电动,14.0,0,,0,2,449,30.7,3
2025-02-22,M-E03,全电动,18.5,0,,0,2,593,49.0,2
2025-02-22,M-E04,全电动,15.2,0,,0,2,125,46.9,2
2025-02-22,M-E05,全电动,13.3,0,,0,1,496,57.9,2
2025-02-22,M-E06,全电动,16.2,0,,0,2,381,56.0,0
2025-02-22,M-E07,全电动,13.7,0,,0,2,517,54.6,0
2025-02-22,M-E08,全电动,15.1,0,,0.3,2,253,76.3,4
2025-02-22,M-E09,全电动,15.4,0,,0,2,154,85.7,3
2025-02-22,M-E10,全电动,14.5,0,,0.3,2,558,112.6,2
2025-02-22,M-E11,全电动,15.6,0,,0.2,2,469,110.9,0
2025-02-22,M-E12,全电动,18.7,0,,0,1,163,204.3,4
2025-02-22,M-E13,全电动,17.4,0,,0,1,571,189.7,2
2025-02-22,M-O01,油压,14.8,0,,0,1,133,196.2,1
2025-02-22,M-O02,油压,13.0,0,,0,3,132,214.0,1
2025-02-22,M-O03,油压,13.0,0,,0,2,81,264.3,4
2025-02-22,M-O04,油压,16.8,0,,0,3,548,345.3,4
2025-02-22,M-O05,油压,15.7,0,,0,2,388,455.8,1
2025-02-22,M-O06,油压,16.7,0,,0,1,562,494.2,3
2025-02-22,M-O07,油压,17.1,0,,0,3,504,580.3,1
2025-02-22,M-O08,油压,17.1,0,,0.1,2,553,662.3,2
2025-02-22,M-O09,油压,17.3,0,,0,1,328,933.1,3
2025-02-22,M-D01,双色旋转,13.2,0,,0,2,203,118.6,0
2025-02-22,M-D02,双色旋转,17.2,0,,0,1,594,644.1,0
2025-02-22,M-D03,双色旋转,13.5,0,,0,1,538,399.9,4
2025-02-22,M-T01,两板,16.4,0,,0,2,233,49.4,0
2025-02-22,M-T02,两板,13.9,0,,0,3,279,301.3,4
2025-02-22,M-T03,两板,13.8,0,,0,2,86,730.9,2
2025-02-22,M-T04,两板,14.2,0,,0.2,2,464,968.8,0
2025-02-23,M-E01,全电动,17.0,0,,0,1,590,27.5,0
2025-02-23,M-E02,全电动,15.1,0,,0,2,563,29.1,1
2025-02-23,M-E03,全电动,16.6,0,,0,1,520,46.4,2
2025-02-23,M-E04,全电动,17.0,0,,0,1,569,58.1,3
2025-02-23,M-E05,全电动,18.7,0,,0,1,585,67.9,3
2025-02-23,M-E06,全电动,18.6,0,,0,4,370,73.9,1
2025-02-23,M-E07,全电动,18.8,0,,0,2,374,92.0,4
2025-02-23,M-E08,全电动,13.5,0,,0,1,567,77.8,2
2025-02-23,M-E09,全电动,18.2,0,,0,3,362,140.6,2
2025-02-23,M-E10,全电动,13.1,0,,0.2,2,328,89.6,1
2025-02-23,M-E11,全电动,18.6,0,,0,3,545,150.3,0
2025-02-23,M-E12,全电动,16.8,0,,0,5,275,154.6,3
2025-02-23,M-E13,全电动,9.9,3.6,加热系统,0,2,382,120.2,3
2025-02-23,M-O01,油压,18.2,0,,0,3,226,219.5,1
2025-02-23,M-O02,油压,13.1,0,,0.2,3,179,241.4,2
2025-02-23,M-O03,油压,16.4,0,,0.5,1,123,294.8,1
2025-02-23,M-O04,油压,16.4,0,,0,1,531,428.8,1
2025-02-23,M-O05,油压,16.1,0,,0.1,2,398,363.3,0
2025-02-23,M-O06,油压,15.4,0,,0,4,202,580.6,4
2025-02-23,M-O07,油压,14.4,0,,0,2,406,527.5,1
2025-02-23,M-O08,油压,15.2,0,,0,2,453,792.7,1
2025-02-23,M-O09,油压,18.3,0,,0,2,220,878.8,1
2025-02-23,M-D01,双色旋转,16.5,0,,0,1,382,119.6,3
2025-02-23,M-D02,双色旋转,14.1,0,,0,4,392,353.9,0
2025-02-23,M-D03,双色旋转,15.6,0,,0,3,140,480.1,0
2025-02-23,M-T01,两板,18.6,0,,0,2,270,57.9,4
2025-02-23,M-T02,两板,15.5,0,,0,2,356,437.2,2
2025-02-23,M-T03,两板,13.2,0,,0,2,457,795.3,4
2025-02-23,M-T04,两板,16.6,0,,0,3,276,1389.1,3
2025-02-24,M-E01,全电动,17.9,0,,0,3,362,36.7,3
2025-02-24,M-E02,全电动,13.5,0,,0.3,1,159,27.3,0
2025-02-24,M-E03,全电动,14.0,2.2,液压系统,0,2,510,44.9,0
2025-02-24,M-E04,全电动,16.3,0,,0.4,2,384,48.9,0
2025-02-24,M-E05,全电动,16.2,0,,0,2,456,72.5,3
2025-02-24,M-E06,全电动,14.6,0,,0,4,482,45.6,3
2025-02-24,M-E07,全电动,17.3,0,,0.4,2,535,96.4,3
2025-02-24,M-E08,全电动,17.0,0,,0,1,81,93.6,0
2025-02-24,M-E09,全电动,18.2,0,,0,1,266,117.8,2
2025-02-24,M-E10,全电动,14.8,0,,0,1,430,121.0,3
2025-02-24,M-E11,全电动,16.1,0,,0,3,465,114.8,2
2025-02-24,M-E12,全电动,13.8,0,,0,4,409,118.4,3
2025-02-24,M-E13,全电动,15.9,0,,0,3,221,193.2,1
2025-02-24,M-O01,油压,16.5,0,,0,4,117,203.7,2
2025-02-24,M-O02,油压,14.2,0,,0,4,184,240.7,4
2025-02-24,M-O03,油压,13.1,0,,0,3,416,247.7,4
2025-02-24,M-O04,油压,16.2,0,,0,2,214,332.9,2
2025-02-24,M-O05,油压,18.8,0,,0,1,301,403.9,2
2025-02-24,M-O06,油压,14.4,0,,0,3,345,415.2,4
2025-02-24,M-O07,油压,15.7,0,,0,2,95,662.9,4
2025-02-24,M-O08,油压,18.7,0,,0,1,489,747.4,1
2025-02-24,M-O09,油压,15.0,0,,0,3,123,728.0,3
2025-02-24,M-D01,双色旋转,15.1,0,,0.1,3,189,149.4,3
2025-02-24,M-D02,双色旋转,14.2,0,,0,4,150,453.6,2
2025-02-24,M-D03,双色旋转,18.7,0,,0,2,243,508.8,2
2025-02-24,M-T01,两板,18.9,0,,0,2,400,54.4,4
2025-02-24,M-T02,两板,14.1,0,,0,1,113,359.6,2
2025-02-24,M-T03,两板,18.7,0,,0,2,133,1076.6,3
2025-02-24,M-T04,两板,14.3,0,,0,2,242,1049.2,0
2025-02-25,M-E01,全电动,18.1,0,,0,1,206,37.6,4
2025-02-25,M-E02,全电动,13.5,0,,0,2,142,23.9,3
2025-02-25,M-E03,全电动,13.1,0,,0,2,345,37.1,4
2025-02-25,M-E04,全电动,13.9,0,,0,4,266,32.6,0
2025-02-25,M-E05,全电动,18.3,0,,0,2,488,81.8,3
2025-02-25,M-E06,全电动,13.3,0,,0,2,587,45.4,4
2025-02-25,M-E07,全电动,13.3,0,,0,2,264,65.1,2
2025-02-25,M-E08,全电动,14.8,0,,0,2,284,90.7,3
2025-02-25,M-E09,全电动,13.4,0,,0.0,1,477,78.4,4
2025-02-25,M-E10,全电动,15.6,0,,0,3,214,130.3,4
2025-02-25,M-E11,全电动,17.2,0,,0,2,445,173.4,1
2025-02-25,M-E12,全电动,16.7,0,,0,2,134,146.0,4
2025-02-25,M-E13,全电动,16.0,0,,0,1,423,210.8,2
2025-02-25,M-O01,油压,17.5,0,,0,1,101,284.5,3
2025-02-25,M-O02,油压,14.7,0,,0,1,525,234.6,3
2025-02-25,M-O03,油压,15.1,0,,0,1,381,310.7,0
2025-02-25,M-O04,油压,18.0,0,,0,1,544,371.0,0
2025-02-25,M-O05,油压,15.4,0,,0,2,134,350.5,2
2025-02-25,M-O06,油压,13.5,0,,0,1,444,409.4,2
2025-02-25,M-O07,油压,16.7,0,,0.1,2,259,639.3,3
2025-02-25,M-O08,油压,14.0,0,,0,2,210,597.8,2
2025-02-25,M-O09,油压,17.3,0,,0,1,80,776.2,1
2025-02-25,M-D01,双色旋转,16.0,0,,0,2,189,166.4,4
2025-02-25,M-D02,双色旋转,16.2,0,,0,1,247,411.8,4
2025-02-25,M-D03,双色旋转,15.9,0,,0,1,408,593.4,0
2025-02-25,M-T01,两板,13.299999999999999,1.8,液压系统,0,2,595,49.5,0
2025-02-25,M-T02,两板,13.8,0,,0.3,1,476,348.8,1
2025-02-25,M-T03,两板,17.1,0,,0,1,574,868.1,1
2025-02-25,M-T04,两板,18.7,0,,0,3,450,1690.4,1
2025-02-26,M-E01,全电动,17.4,0,,0.3,2,427,38.6,3
2025-02-26,M-E02,全电动,18.5,0,,0.3,2,302,29.2,3
2025-02-26,M-E03,全电动,17.4,0,,0,2,377,48.0,1
2025-02-26,M-E04,全电动,13.8,0,,0,1,453,44.1,1
2025-02-26,M-E05,全电动,16.8,0,,0,3,252,53.5,1
2025-02-26,M-E06,全电动,13.3,0,,0,4,136,58.6,0
2025-02-26,M-E07,全电动,16.9,0,,0,1,195,95.1,1
2025-02-26,M-E08,全电动,15.9,0,,0,4,533,96.2,4
2025-02-26,M-E09,全电动,15.2,0,,0,3,160,111.4,2
2025-02-26,M-E10,全电动,13.7,0,,0,3,414,125.2,2
2025-02-26,M-E11,全电动,18.5,0,,0,2,452,129.6,4
2025-02-26,M-E12,全电动,16.5,0,,0,1,245,137.4,2
2025-02-26,M-E13,全电动,13.8,0,,0,3,278,180.4,1
2025-02-26,M-O01,油压,14.4,0,,0.4,2,405,239.1,4
2025-02-26,M-O02,油压,18.5,0,,0,1,452,346.3,0
2025-02-26,M-O03,油压,16.0,0,,0,2,554,258.7,2
2025-02-26,M-O04,油压,14.9,0,,0,3,124,352.4,4
2025-02-26,M-O05,油压,15.4,0,,0,3,505,395.1,3
2025-02-26,M-O06,油压,18.6,0,,0,1,84,593.7,2
2025-02-26,M-O07,油压,10.5,3.4,加热系统,0,2,546,445.8,0
2025-02-26,M-O08,油压,17.1,0,,0,1,531,667.7,3
2025-02-26,M-O09,油压,18.2,0,,0,3,507,1027.2,1
2025-02-26,M-D01,双色旋转,18.2,0,,0,1,80,177.5,2
2025-02-26,M-D02,双色旋转,15.3,0,,0,2,295,516.1,1
2025-02-26,M-D03,双色旋转,14.7,0,,0,4,165,475.3,2
2025-02-26,M-T01,两板,16.7,0,,0.1,3,335,53.3,4
2025-02-26,M-T02,两板,13.5,0,,0,1,564,273.4,4
2025-02-26,M-T03,两板,17.5,0,,0.5,1,105,827.8,2
2025-02-26,M-T04,两板,17.6,0,,0,4,98,1384.7,0
2025-02-27,M-E01,全电动,14.8,0,,0.1,1,175,27.3,1
2025-02-27,M-E02,全电动,18.4,0,,0.3,3,197,33.0,0
2025-02-27,M-E03,全电动,16.6,0,,0,3,165,44.6,3
2025-02-27,M-E04,全电动,17.2,0,,0,2,268,45.3,1
2025-02-27,M-E05,全电动,18.0,0,,0,1,472,68.5,4
2025-02-27,M-E06,全电动,18.6,0,,0,1,90,62.8,2
2025-02-27,M-E07,全电动,18.6,0,,0,3,411,71.0,0
2025-02-27,M-E08,全电动,11.399999999999999,2.8,传感器异常,0,3,538,58.3,3
2025-02-27,M-E09,全电动,14.5,0,,0,2,428,81.0,3
2025-02-27,M-E10,全电动,16.0,0,,0,3,222,136.7,3
2025-02-27,M-E11,全电动,13.7,0,,0,1,156,113.8,2
2025-02-27,M-E12,全电动,19.0,0,,0,3,383,184.8,0
2025-02-27,M-E13,全电动,18.1,0,,0,1,493,171.5,3
2025-02-27,M-O01,油压,18.6,0,,0.3,3,106,265.5,0
2025-02-27,M-O02,油压,15.4,0,,0,2,233,214.6,3
2025-02-27,M-O03,油压,13.4,0,,0,1,509,204.3,0
2025-02-27,M-O04,油压,17.8,0,,0,3,400,495.9,4
2025-02-27,M-O05,油压,18.3,0,,0,2,489,449.2,3
2025-02-27,M-O06,油压,14.2,0,,0.1,2,174,409.1,2
2025-02-27,M-O07,油压,18.7,0,,0,3,373,564.0,3
2025-02-27,M-O08,油压,16.2,0,,0.4,1,439,802.1,1
2025-02-27,M-O09,油压,17.2,0,,0,1,398,771.1,4
2025-02-27,M-D01,双色旋转,18.5,0,,0,2,580,159.9,1
2025-02-27,M-D02,双色旋转,13.7,0,,0.4,1,183,406.9,3
2025-02-27,M-D03,双色旋转,16.5,0,,0,2,110,443.9,3
2025-02-27,M-T01,两板,15.0,0,,0,2,336,50.2,3
2025-02-27,M-T02,两板,14.2,0,,0,1,315,329.9,3
2025-02-27,M-T03,两板,13.2,0,,0,2,408,873.2,4
2025-02-27,M-T04,两板,14.2,0,,0,1,495,1116.6,0
2025-02-28,M-E01,全电动,14.1,0,,0,2,562,24.9,3
2025-02-28,M-E02,全电动,17.0,0,,0,2,238,30.5,1
2025-02-28,M-E03,全电动,16.7,0,,0,2,512,52.1,2
2025-02-28,M-E04,全电动,16.2,0,,0,1,220,54.9,1
2025-02-28,M-E05,全电动,15.0,0,,0,2,376,63.0,4
2025-02-28,M-E06,全电动,15.8,0,,0,3,480,61.9,2
2025-02-28,M-E07,全电动,17.1,0,,0,4,264,65.1,0
2025-02-28,M-E08,全电动,14.8,0,,0,2,350,90.8,3
2025-02-28,M-E09,全电动,17.5,0,,0,3,188,110.1,1
2025-02-28,M-E10,全电动,15.1,0,,0.1,2,450,131.7,2
2025-02-28,M-E11,全电动,13.9,0,,0,2,198,137.0,4
2025-02-28,M-E12,全电动,17.5,0,,0,3,100,145.6,0
2025-02-28,M-E13,全电动,15.1,0,,0,2,305,164.3,2
2025-02-28,M-O01,油压,15.8,0,,0,3,189,183.4,3
2025-02-28,M-O02,油压,17.8,0,,0,2,223,265.5,4
2025-02-28,M-O03,油压,14.5,0,,0,1,215,226.5,2
2025-02-28,M-O04,油压,17.9,0,,0,2,335,423.6,4
2025-02-28,M-O05,油压,15.7,0,,0,1,285,463.4,1
2025-02-28,M-O06,油压,18.7,0,,0.1,3,183,624.5,0
2025-02-28,M-O07,油压,18.4,0,,0,2,287,584.6,0
2025-02-28,M-O08,油压,17.1,0,,0.0,4,249,804.6,4
2025-02-28,M-O09,油压,13.6,0,,0,2,260,669.6,3
2025-02-28,M-D01,双色旋转,15.5,0,,0.3,4,371,115.4,2
2025-02-28,M-D02,双色旋转,18.3,0,,0,3,420,559.9,3
2025-02-28,M-D03,双色旋转,14.4,0,,0,1,486,431.0,0
2025-02-28,M-T01,两板,15.3,0,,0,1,574,47.8,4
2025-02-28,M-T02,两板,14.6,0,,0.2,2,154,297.8,4
2025-02-28,M-T03,两板,13.7,0,,0,1,214,926.7,2
2025-02-28,M-T04,两板,13.2,0,,0,3,204,1092.7,3
2025-03-01,M-E01,全电动,16.2,0,,0,3,251,30.6,4
2025-03-01,M-E02,全电动,15.8,0,,0,1,262,35.3,0
2025-03-01,M-E03,全电动,18.0,0,,0,4,316,53.2,4
2025-03-01,M-E04,全电动,17.3,0,,0,3,482,44.7,0
2025-03-01,M-E05,全电动,15.0,0,,0,1,399,47.7,2
2025-03-01,M-E06,全电动,17.6,0,,0,3,528,55.9,0
2025-03-01,M-E07,全电动,18.6,0,,0,1,273,78.0,2
2025-03-01,M-E08,全电动,16.6,0,,0.1,3,541,75.9,2
2025-03-01,M-E09,全电动,19.0,0,,0,2,228,138.8,4
2025-03-01,M-E10,全电动,13.3,0,,0.2,1,465,86.4,2
2025-03-01,M-E11,全电动,15.0,0,,0,1,376,115.8,1
2025-03-01,M-E12,全电动,17.5,0,,0,2,578,173.4,2
2025-03-01,M-E13,全电动,13.7,0,,0,3,139,158.8,3
2025-03-01,M-O01,油压,17.6,0,,0,1,424,231.1,3
2025-03-01,M-O02,油压,13.6,1.3,传感器异常,0,4,194,183.8,4
2025-03-01,M-O03,油压,15.2,0,,0,1,599,262.3,3
2025-03-01,M-O04,油压,17.6,0,,0,1,532,452.7,1
2025-03-01,M-O05,油压,16.2,0,,0.5,2,95,396.7,3
2025-03-01,M-O06,油压,13.7,0,,0,2,334,487.9,3
2025-03-01,M-O07,油压,15.0,0,,0,2,195,666.1,4
2025-03-01,M-O08,油压,17.4,0,,0,1,196,704.1,4
2025-03-01,M-O09,油压,18.6,0,,0,2,189,816.5,2
2025-03-01,M-D01,双色旋转,13.4,0,,0,1,555,136.0,1
2025-03-01,M-D02,双色旋转,16.1,0,,0,1,494,610.6,3
2025-03-01,M-D03,双色旋转,13.0,0.7,模具问题,0,4,394,369.8,3
2025-03-01,M-T01,两板,18.9,0,,0,2,587,61.6,2
2025-03-01,M-T02,两板,18.0,0,,0,2,137,417.5,4
2025-03-01,M-T03,两板,13.8,0,,0,4,319,914.7,3
2025-03-01,M-T04,两板,18.5,0,,0,1,226,1543.1,1
2025-03-02,M-E01,全电动,13.6,0,,0,2,283,27.6,1
2025-03-02,M-E02,全电动,14.5,0,,0,2,154,25.0,1
2025-03-02,M-E03,全电动,13.5,0,,0,3,181,32.3,0
2025-03-02,M-E04,全电动,14.9,0,,0,3,447,36.1,1
2025-03-02,M-E05,全电动,14.0,0,,0,2,340,42.8,2
2025-03-02,M-E06,全电动,16.6,0,,0,2,148,58.7,0
2025-03-02,M-E07,全电动,15.0,0,,0,3,584,83.0,1
2025-03-02,M-E08,全电动,18.8,0,,0,3,417,91.8,3
2025-03-02,M-E09,全电动,14.8,0,,0,1,479,92.4,1
2025-03-02,M-E10,全电动,14.2,0,,0,2,236,124.1,4
2025-03-02,M-E11,全电动,15.9,0,,0,3,83,165.5,1
2025-03-02,M-E12,全电动,16.1,0,,0,2,194,192.6,4
2025-03-02,M-E13,全电动,13.5,0,,0,1,171,151.0,4
2025-03-02,M-O01,油压,17.0,0,,0.1,3,246,289.5,4
2025-03-02,M-O02,油压,15.4,0,,0.4,3,261,210.6,1
2025-03-02,M-O03,油压,17.9,0,,0,3,289,278.0,2
2025-03-02,M-O04,油压,17.6,0,,0,2,513,450.1,2
2025-03-02,M-O05,油压,15.4,0,,0,2,97,396.3,4
2025-03-02,M-O06,油压,14.6,0,,0,1,464,381.0,4
2025-03-02,M-O07,油压,14.1,0,,0,1,464,433.8,2
2025-03-02,M-O08,油压,14.9,0,,0,2,524,612.2,3
2025-03-02,M-O09,油压,17.1,0,,0,2,448,797.5,0
2025-03-02,M-D01,双色旋转,16.8,0,,0,1,389,150.3,0
2025-03-02,M-D02,双色旋转,14.8,0,,0,2,595,418.2,0
2025-03-02,M-D03,双色旋转,17.9,0,,0,2,205,599.5,4
2025-03-02,M-T01,两板,13.3,0,,0,1,545,36.8,4
2025-03-02,M-T02,两板,14.0,0,,0,2,514,377.7,4
2025-03-02,M-T03,两板,19.0,0,,0.3,3,222,1227.6,3
2025-03-02,M-T04,两板,16.9,0,,0,3,527,1536.8,1
2025-03-03,M-E01,全电动,13.9,0,,0,2,587,23.2,0
2025-03-03,M-E02,全电动,15.7,0,,0,2,121,31.4,0
2025-03-03,M-E03,全电动,15.999999999999998,1.4,液压系统,0,3,188,42.0,4
2025-03-03,M-E04,全电动,15.4,0,,0.2,1,390,34.8,3
2025-03-03,M-E05,全电动,16.2,0,,0,2,313,62.7,2
2025-03-03,M-E06,全电动,15.6,0,,0,3,324,70.6,2
2025-03-03,M-E07,全电动,16.8,0,,0.4,3,163,78.5,3
2025-03-03,M-E08,全电动,14.1,0,,0,2,201,86.3,3
2025-03-03,M-E09,全电动,16.2,0,,0,2,424,132.8,2
2025-03-03,M-E10,全电动,14.6,0,,0,1,386,105.7,1
2025-03-03,M-E11,全电动,14.9,0,,0,2,372,147.6,3
2025-03-03,M-E12,全电动,13.7,0,,0,2,350,139.4,1
2025-03-03,M-E13,全电动,16.7,0,,0.0,3,578,158.0,2
2025-03-03,M-O01,油压,14.1,0,,0.4,2,324,220.6,4
2025-03-03,M-O02,油压,18.5,0,,0,1,274,279.6,2
2025-03-03,M-O03,油压,15.6,0,,0.1,2,570,299.8,2
2025-03-03,M-O04,油压,17.1,0,,0,3,202,426.5,0
2025-03-03,M-O05,油压,19.0,0,,0,1,489,605.9,1
2025-03-03,M-O06,油压,18.4,0,,0,1,225,476.5,2
2025-03-03,M-O07,油压,13.8,0,,0,2,487,574.4,3
2025-03-03,M-O08,油压,18.0,0,,0,1,515,910.7,2
2025-03-03,M-O09,油压,14.3,0,,0,1,373,626.6,2
2025-03-03,M-D01,双色旋转,14.7,0,,0,3,453,149.7,3
2025-03-03,M-D02,双色旋转,16.6,0,,0.3,2,462,472.2,2
2025-03-03,M-D03,双色旋转,18.9,0,,0,1,188,528.7,1
2025-03-03,M-T01,两板,15.0,0,,0,2,361,55.7,0
2025-03-03,M-T02,两板,13.6,0,,0,3,185,375.9,4
2025-03-03,M-T03,两板,14.2,0,,0,2,591,810.8,4
2025-03-03,M-T04,两板,16.4,0,,0,2,561,1038.8,1
2025-03-04,M-E01,全电动,13.1,0,,0,1,243,22.3,2
2025-03-04,M-E02,全电动,14.3,0,,0,2,291,31.5,2
2025-03-04,M-E03,全电动,14.5,0,,0,1,433,36.6,1
2025-03-04,M-E04,全电动,14.8,0,,0,3,112,35.5,3
2025-03-04,M-E05,全电动,18.8,0,,0,2,250,57.2,2
2025-03-04,M-E06,全电动,18.7,0,,0,3,144,77.3,0
2025-03-04,M-E07,全电动,16.7,0,,0,2,439,76.6,2
2025-03-04,M-E08,全电动,13.7,0,,0,3,289,82.5,1
2025-03-04,M-E09,全电动,14.8,0,,0.2,3,227,104.2,1
2025-03-04,M-E10,全电动,11.9,1.6,电气故障,0,2,244,92.7,3
2025-03-04,M-E11,全电动,15.2,0,,0,1,434,122.8,2
2025-03-04,M-E12,全电动,14.8,0,,0.1,3,192,163.1,3
2025-03-04,M-E13,全电动,14.2,0,,0,2,554,165.3,3
2025-03-04,M-O01,油压,15.3,1.8,加热系统,0,2,568,218.2,4
2025-03-04,M-O02,油压,18.8,0,,0,2,352,266.5,1
2025-03-04,M-O03,油压,17.2,0,,0,2,135,303.7,2
2025-03-04,M-O04,油压,17.2,0,,0,4,109,363.9,2
2025-03-04,M-O05,油压,17.5,0,,0.3,2,331,542.0,2
2025-03-04,M-O06,油压,14.6,0,,0,2,555,494.0,4
2025-03-04,M-O07,油压,19.0,0,,0,2,293,581.6,1
2025-03-04,M-O08,油压,15.7,0,,0,3,247,807.3,0
2025-03-04,M-O09,油压,18.7,0,,0,2,191,1107.4,3
2025-03-04,M-D01,双色旋转,18.0,0,,0,1,471,128.3,4
2025-03-04,M-D02,双色旋转,18.6,0,,0,4,243,532.3,3
2025-03-04,M-D03,双色旋转,17.4,0,,0,1,350,471.6,1
2025-03-04,M-T01,两板,15.7,0,,0,2,384,44.1,1
2025-03-04,M-T02,两板,14.0,0,,0,1,406,281.2,1
2025-03-04,M-T03,两板,13.2,0,,0,5,374,824.8,2
2025-03-04,M-T04,两板,14.4,0,,0,3,88,1283.5,2
2025-03-05,M-E01,全电动,13.9,0,,0.0,1,110,21.2,0
2025-03-05,M-E02,全电动,18.9,0,,0,1,562,34.5,2
2025-03-05,M-E03,全电动,15.0,0,,0,2,341,39.2,0
2025-03-05,M-E04,全电动,18.9,0,,0,3,92,45.9,1
2025-03-05,M-E05,全电动,17.5,0,,0,3,316,57.6,3
2025-03-05,M-E06,全电动,13.4,0,,0,2,321,60.7,0
2025-03-05,M-E07,全电动,15.1,0,,0,1,563,84.1,3
2025-03-05,M-E08,全电动,15.9,0,,0,1,196,105.3,0
2025-03-05,M-E09,全电动,13.5,0,,0,3,203,106.1,3
2025-03-05,M-E10,全电动,15.7,0,,0.2,2,597,100.1,0
2025-03-05,M-E11,全电动,15.6,0,,0,2,194,136.7,4
2025-03-05,M-E12,全电动,15.3,3.2,液压系统,0,2,420,160.4,4
2025-03-05,M-E13,全电动,15.3,0,,0,3,321,181.4,0
2025-03-05,M-O01,油压,18.9,0,,0,1,157,224.6,4
2025-03-05,M-O02,油压,18.4,0,,0,2,227,256.6,1
2025-03-05,M-O03,油压,17.4,0,,0,2,483,321.6,2
2025-03-05,M-O04,油压,17.4,0,,0,3,231,434.3,4
2025-03-05,M-O05,油压,14.7,0,,0.5,1,343,430.2,0
2025-03-05,M-O06,油压,15.2,0,,0,1,130,536.8,4
2025-03-05,M-O07,油压,17.6,0,,0.0,2,495,581.3,0
2025-03-05,M-O08,油压,14.1,0,,0,3,401,522.0,2
2025-03-05,M-O09,油压,14.3,0,,0,2,242,639.6,0
2025-03-05,M-D01,双色旋转,17.0,0,,0,2,386,152.8,1
2025-03-05,M-D02,双色旋转,18.1,0,,0,1,107,679.9,2
2025-03-05,M-D03,双色旋转,13.8,0,,0,1,223,351.9,3
2025-03-05,M-T01,两板,18.4,0,,0,2,547,58.2,1
2025-03-05,M-T02,两板,13.8,0,,0,2,312,389.2,1
2025-03-05,M-T03,两板,13.4,0,,0,2,453,850.3,2
2025-03-05,M-T04,两板,15.2,0,,0,3,201,1013.5,3
2025-03-06,M-E01,全电动,18.5,0,,0.5,1,86,41.8,2
2025-03-06,M-E02,全电动,17.5,0,,0,2,305,27.4,4
2025-03-06,M-E03,全电动,14.9,0,,0,3,314,48.5,1
2025-03-06,M-E04,全电动,15.0,0,,0,1,337,46.9,2
2025-03-06,M-E05,全电动,16.1,0,,0,4,304,72.2,0
2025-03-06,M-E06,全电动,18.2,0,,0,3,508,54.7,0
2025-03-06,M-E07,全电动,17.9,0,,0,3,445,96.5,3
2025-03-06,M-E08,全电动,17.4,0,,0,3,553,109.1,3
2025-03-06,M-E09,全电动,15.7,0,,0,2,113,87.2,3
2025-03-06,M-E10,全电动,17.3,0,,0,1,386,121.4,3
2025-03-06,M-E11,全电动,14.5,0,,0,3,348,107.3,2
2025-03-06,M-E12,全电动,14.3,1.5,模具问题,0,1,210,159.8,3
2025-03-06,M-E13,全电动,16.5,0,,0,2,225,144.6,4
2025-03-06,M-O01,油压,14.4,0,,0,3,542,182.9,0
2025-03-06,M-O02,油压,17.9,0,,0,2,403,329.6,3
2025-03-06,M-O03,油压,16.2,0,,0,1,81,346.3,4
2025-03-06,M-O04,油压,15.2,0,,0,3,293,407.3,4
2025-03-06,M-O05,油压,15.1,0,,0,3,548,461.2,1
2025-03-06,M-O06,油压,17.6,0,,0,1,373,457.4,2
2025-03-06,M-O07,油压,15.6,0,,0,4,94,544.4,2
2025-03-06,M-O08,油压,13.4,0,,0,1,403,577.4,2
2025-03-06,M-O09,油压,17.4,0,,0.2,2,574,737.3,2
2025-03-06,M-D01,双色旋转,14.0,0,,0,2,199,113.4,0
2025-03-06,M-D02,双色旋转,17.2,0,,0.3,4,435,560.1,3
2025-03-06,M-D03,双色旋转,14.3,0,,0,1,90,483.6,0
2025-03-06,M-T01,两板,14.3,0,,0,1,413,49.6,1
2025-03-06,M-T02,两板,14.8,0,,0,2,317,440.8,0
2025-03-06,M-T03,两板,14.0,0,,0.3,2,306,913.2,1
2025-03-06,M-T04,两板,16.4,0,,0,3,102,1094.9,0
2025-03-07,M-E01,全电动,15.8,0,,0,3,495,32.3,1
2025-03-07,M-E02,全电动,17.6,0,,0,3,210,38.7,4
2025-03-07,M-E03,全电动,17.7,0,,0,2,379,56.9,4
2025-03-07,M-E04,全电动,15.4,0,,0,3,391,41.5,4
2025-03-07,M-E05,全电动,17.6,0,,0,2,387,53.6,0
2025-03-07,M-E06,全电动,18.9,0,,0,3,190,60.9,1
2025-03-07,M-E07,全电动,13.1,0,,0,1,144,49.2,2
2025-03-07,M-E08,全电动,13.6,0,,0,2,573,65.6,1
2025-03-07,M-E09,全电动,17.6,0,,0,1,356,118.1,4
2025-03-07,M-E10,全电动,17.9,0,,0,1,538,135.7,4
2025-03-07,M-E11,全电动,16.3,0,,0,4,283,172.1,4
2025-03-07,M-E12,全电动,17.1,0,,0,3,557,159.3,3
2025-03-07,M-E13,全电动,18.0,0,,0,3,456,164.4,2
2025-03-07,M-O01,油压,15.7,0,,0,1,168,214.9,0
2025-03-07,M-O02,油压,13.5,0,,0.5,2,554,213.0,2
2025-03-07,M-O03,油压,18.8,0,,0,3,577,393.8,4
2025-03-07,M-O04,油压,15.6,0,,0,1,388,354.6,1
2025-03-07,M-O05,油压,14.4,0,,0,2,389,395.7,2
2025-03-07,M-O06,油压,15.8,0,,0,3,118,592.2,2
2025-03-07,M-O07,油压,15.7,0,,0,2,372,565.1,0
2025-03-07,M-O08,油压,18.0,0,,0,1,436,789.5,4
2025-03-07,M-O09,油压,15.4,0,,0,2,176,749.5,3
2025-03-07,M-D01,双色旋转,17.8,0,,0,2,531,171.9,2
2025-03-07,M-D02,双色旋转,14.4,0,,0,1,99,415.8,3
2025-03-07,M-D03,双色旋转,17.9,0,,0,1,291,671.9,2
2025-03-07,M-T01,两板,14.7,0,,0,1,395,39.1,3
2025-03-07,M-T02,两板,14.4,0,,0,1,251,293.2,0
2025-03-07,M-T03,两板,15.6,0,,0,2,530,860.6,0
2025-03-07,M-T04,两板,16.0,0,,0.5,2,358,1236.4,2
2025-03-08,M-E01,全电动,18.7,0,,0,2,306,42.6,2
2025-03-08,M-E02,全电动,13.0,0,,0.3,1,408,25.7,0
2025-03-08,M-E03,全电动,18.6,0,,0,2,562,44.9,0
2025-03-08,M-E04,全电动,14.5,0,,0,1,165,38.6,4
2025-03-08,M-E05,全电动,15.3,0,,0,1,180,51.6,3
2025-03-08,M-E06,全电动,15.4,0,,0,1,486,49.3,3
2025-03-08,M-E07,全电动,15.0,3.8,传感器异常,0,1,561,65.3,4
2025-03-08,M-E08,全电动,16.0,0,,0,3,212,88.7,0
2025-03-08,M-E09,全电动,14.4,0,,0,3,318,107.4,2
2025-03-08,M-E10,全电动,13.8,0,,0,4,235,126.6,0
2025-03-08,M-E11,全电动,14.3,0,,0,2,144,149.2,4
2025-03-08,M-E12,全电动,14.3,0,,0,1,220,115.2,3
2025-03-08,M-E13,全电动,18.2,0,,0,3,574,203.5,2
2025-03-08,M-O01,油压,14.5,0,,0.4,2,288,233.5,3
2025-03-08,M-O02,油压,16.0,0,,0,1,289,213.2,3
2025-03-08,M-O03,油压,16.4,0,,0,1,249,287.8,4
2025-03-08,M-O04,油压,14.3,0,,0,4,585,405.5,1
2025-03-08,M-O05,油压,13.5,0,,0,2,261,407.4,2
2025-03-08,M-O06,油压,18.5,0,,0,3,155,640.6,2
2025-03-08,M-O07,油压,14.2,0,,0,1,277,469.5,1
2025-03-08,M-O08,油压,14.3,0,,0,4,281,659.5,0
2025-03-08,M-O09,油压,18.0,0,,0,3,110,800.8,0
2025-03-08,M-D01,双色旋转,13.6,0,,0,1,292,142.8,3
2025-03-08,M-D02,双色旋转,16.2,0,,0,3,506,449.3,1
2025-03-08,M-D03,双色旋转,17.8,0,,0,2,178,452.1,4
2025-03-08,M-T01,两板,16.4,0,,0,2,598,43.9,4
2025-03-08,M-T02,两板,13.3,0,,0,2,530,363.3,1
2025-03-08,M-T03,两板,13.9,0,,0,1,238,831.0,4
2025-03-08,M-T04,两板,18.6,0,,0,3,531,1647.9,3
2025-03-09,M-E01,全电动,14.4,0,,0,3,198,25.5,4
2025-03-09,M-E02,全电动,16.6,0,,0.2,2,383,37.5,4
2025-03-09,M-E03,全电动,17.6,0,,0,3,500,50.0,0
2025-03-09,M-E04,全电动,13.3,0,,0,1,438,38.4,0
2025-03-09,M-E05,全电动,13.4,0,,0,2,395,51.5,4
2025-03-09,M-E06,全电动,13.7,0,,0,2,541,57.4,0
2025-03-09,M-E07,全电动,15.8,0,,0,2,517,74.6,0
2025-03-09,M-E08,全电动,17.0,0,,0,1,131,102.7,4
2025-03-09,M-E09,全电动,15.4,0,,0,3,395,102.1,1
2025-03-09,M-E10,全电动,17.0,0,,0,1,406,154.2,1
2025-03-09,M-E11,全电动,14.9,0,,0,3,413,141.3,4
2025-03-09,M-E12,全电动,13.3,0,,0,2,456,151.2,1
2025-03-09,M-E13,全电动,13.0,0,,0,2,222,114.6,3
2025-03-09,M-O01,油压,13.5,3.8,电气故障,0.3,3,349,209.0,0
2025-03-09,M-O02,油压,14.0,0,,0,2,255,234.4,1
2025-03-09,M-O03,油压,14.1,0,,0.4,1,559,303.9,2
2025-03-09,M-O04,油压,18.9,0,,0.0,1,451,456.3,3
2025-03-09,M-O05,油压,15.6,0,,0,3,120,440.5,0
2025-03-09,M-O06,油压,13.6,0,,0,2,249,490.5,4
2025-03-09,M-O07,油压,13.2,0,,0,2,211,543.6,3
2025-03-09,M-O08,油压,18.5,0,,0,1,335,822.8,2
2025-03-09,M-O09,油压,18.3,0,,0,2,407,896.4,3
2025-03-09,M-D01,双色旋转,14.5,0,,0,1,200,129.8,1
2025-03-09,M-D02,双色旋转,18.2,0,,0.2,1,585,490.4,2
2025-03-09,M-D03,双色旋转,18.5,0,,0,2,509,549.6,3
2025-03-09,M-T01,两板,14.5,0,,0,1,426,46.4,2
2025-03-09,M-T02,两板,14.7,0,,0,2,250,350.8,1
2025-03-09,M-T03,两板,13.0,0,,0,3,314,801.9,4
2025-03-09,M-T04,两板,18.6,0,,0,1,576,1451.8,2
2025-03-10,M-E01,全电动,15.7,0,,0,1,329,26.2,3
2025-03-10,M-E02,全电动,14.4,0,,0,2,384,30.5,3
2025-03-10,M-E03,全电动,16.6,1.7,传感器异常,0,1,309,43.3,2
2025-03-10,M-E04,全电动,16.8,0,,0,4,230,40.8,0
2025-03-10,M-E05,全电动,13.3,0,,0,2,231,60.3,4
2025-03-10,M-E06,全电动,13.5,0,,0,1,573,46.6,3
2025-03-10,M-E07,全电动,12.6,3.6,电气故障,0,3,439,58.9,3
2025-03-10,M-E08,全电动,15.0,0,,0,2,224,88.6,3
2025-03-10,M-E09,全电动,17.9,0,,0,1,441,104.5,3
2025-03-10,M-E10,全电动,15.5,0,,0,2,112,116.1,4
2025-03-10,M-E11,全电动,16.3,0,,0,3,216,152.4,1
2025-03-10,M-E12,全电动,13.5,0,,0,3,361,158.6,3
2025-03-10,M-E13,全电动,14.9,0,,0.3,2,348,163.2,0
2025-03-10,M-O01,油压,14.9,0,,0,1,566,240.2,1
2025-03-10,M-O02,油压,18.7,0,,0.4,3,455,342.8,3
2025-03-10,M-O03,油压,17.7,0,,0,1,450,361.9,2
2025-03-10,M-O04,油压,16.8,0,,0,4,510,324.4,2
2025-03-10,M-O05,油压,15.6,0,,0.3,2,393,452.7,3
2025-03-10,M-O06,油压,17.6,0,,0,3,215,656.7,0
2025-03-10,M-O07,油压,17.1,0,,0,3,209,602.5,2
2025-03-10,M-O08,油压,12.200000000000001,1.7,电气故障,0.0,1,165,580.6,2
2025-03-10,M-O09,油压,15.3,0,,0,2,96,890.0,3
2025-03-10,M-D01,双色旋转,15.2,0,,0,3,303,123.4,3
2025-03-10,M-D02,双色旋转,18.5,0,,0,1,540,646.7,1
2025-03-10,M-D03,双色旋转,18.4,0,,0,3,230,505.9,4
2025-03-10,M-T01,两板,10.0,3.7,加热系统,0,2,594,26.3,3
2025-03-10,M-T02,两板,18.3,0,,0,2,504,387.0,3
2025-03-10,M-T03,两板,14.8,0,,0,3,479,841.5,3
2025-03-10,M-T04,两板,14.2,0,,0,1,357,1200.4,4
2025-03-11,M-E01,全电动,17.2,0,,0,3,433,29.9,0
2025-03-11,M-E02,全电动,16.3,0,,0,1,274,30.6,3
2025-03-11,M-E03,全电动,16.9,0,,0,2,524,42.7,2
2025-03-11,M-E04,全电动,13.2,0,,0,2,576,33.5,1
2025-03-11,M-E05,全电动,13.8,0,,0,3,581,57.7,2
2025-03-11,M-E06,全电动,16.7,0,,0,2,86,69.2,3
2025-03-11,M-E07,全电动,15.6,0,,0,2,307,84.6,0
2025-03-11,M-E08,全电动,17.5,0,,0,2,320,116.6,2
2025-03-11,M-E09,全电动,13.3,0,,0,3,204,109.8,4
2025-03-11,M-E10,全电动,14.6,0,,0,2,485,92.6,4
2025-03-11,M-E11,全电动,18.9,0,,0,2,574,183.6,2
2025-03-11,M-E12,全电动,13.9,0,,0,4,403,126.6,3
2025-03-11,M-E13,全电动,16.0,0,,0,1,503,143.2,0
2025-03-11,M-O01,油压,14.2,0,,0,2,235,176.2,0
2025-03-11,M-O02,油压,14.7,0,,0,3,568,246.2,3
2025-03-11,M-O03,油压,15.6,0,,0,1,589,287.8,3
2025-03-11,M-O04,油压,14.1,0,,0,2,438,369.0,0
2025-03-11,M-O05,油压,13.7,0,,0,2,547,425.4,4
2025-03-11,M-O06,油压,13.2,0,,0,2,565,344.5,2
2025-03-11,M-O07,油压,15.8,0,,0,2,283,594.6,0
2025-03-11,M-O08,油压,17.8,0,,0,3,459,871.3,0
2025-03-11,M-O09,油压,15.6,0,,0,1,482,728.7,0
2025-03-11,M-D01,双色旋转,14.3,0,,0.4,2,333,149.3,1
2025-03-11,M-D02,双色旋转,14.0,0,,0,1,134,367.9,3
2025-03-11,M-D03,双色旋转,13.3,0,,0,1,370,400.7,3
2025-03-11,M-T01,两板,13.1,0,,0,2,295,47.7,3
2025-03-11,M-T02,两板,18.9,0,,0,1,345,482.2,4
2025-03-11,M-T03,两板,15.8,0,,0,2,360,986.7,3
2025-03-11,M-T04,两板,15.7,0,,0,5,363,1459.2,2
2025-03-12,M-E01,全电动,15.3,0,,0,2,223,33.1,0
2025-03-12,M-E02,全电动,17.4,0,,0,3,301,34.4,3
2025-03-12,M-E03,全电动,16.8,0,,0,1,437,46.6,0
2025-03-12,M-E04,全电动,16.4,0,,0,3,108,39.5,2
2025-03-12,M-E05,全电动,14.4,0,,0,3,504,45.0,2
2025-03-12,M-E06,全电动,18.9,0,,0,2,168,57.3,3
2025-03-12,M-E07,全电动,17.5,0.6,加热系统,0,2,353,79.2,3
2025-03-12,M-E08,全电动,19.0,0,,0,2,492,129.3,1
2025-03-12,M-E09,全电动,16.4,0,,0,4,471,93.8,2
2025-03-12,M-E10,全电动,18.7,0,,0,1,560,170.5,3
2025-03-12,M-E11,全电动,17.6,0,,0,2,326,181.5,2
2025-03-12,M-E12,全电动,15.7,0,,0.3,1,385,153.2,1
2025-03-12,M-E13,全电动,18.4,0,,0,2,230,169.0,2
2025-03-12,M-O01,油压,13.4,0,,0,2,503,153.7,0
2025-03-12,M-O02,油压,13.6,0,,0,2,518,234.9,2
2025-03-12,M-O03,油压,18.0,0,,0,1,438,298.2,2
2025-03-12,M-O04,油压,18.2,0,,0,2,291,492.6,0
2025-03-12,M-O05,油压,17.6,0,,0,2,573,396.5,3
2025-03-12,M-O06,油压,18.0,0,,0,1,454,682.3,2
2025-03-12,M-O07,油压,15.4,2.4,传感器异常,0,2,533,561.6,2
2025-03-12,M-O08,油压,16.8,0,,0,1,593,631.9,3
2025-03-12,M-O09,油压,13.7,0,,0,3,472,582.5,2
2025-03-12,M-D01,双色旋转,14.6,0,,0,1,207,117.5,1
2025-03-12,M-D02,双色旋转,15.1,0,,0,3,280,507.2,0
2025-03-12,M-D03,双色旋转,18.8,0,,0,1,198,487.9,2
2025-03-12,M-T01,两板,16.6,0,,0,2,443,53.9,1
2025-03-12,M-T02,两板,18.0,0,,0,2,323,366.0,0
2025-03-12,M-T03,两板,14.3,0,,0.5,2,191,743.3,0
2025-03-12,M-T04,两板,16.1,0,,0,2,330,1167.8,1
2025-03-13,M-E01,全电动,17.1,0,,0,1,310,33.9,1
2025-03-13,M-E02,全电动,16.6,0,,0,1,158,31.8,0
2025-03-13,M-E03,全电动,18.8,0,,0,2,551,51.9,1
2025-03-13,M-E04,全电动,15.7,0,,0,2,551,38.5,2
2025-03-13,M-E05,全电动,13.2,0,,0,1,414,50.2,2
2025-03-13,M-E06,全电动,14.3,0,,0.1,3,535,55.9,2
2025-03-13,M-E07,全电动,17.6,0,,0,1,317,75.6,2
2025-03-13,M-E08,全电动,17.8,0,,0.1,2,533,105.9,3
2025-03-13,M-E09,全电动,15.8,0,,0,1,465,104.3,2
2025-03-13,M-E10,全电动,13.9,0,,0,3,571,130.6,2
2025-03-13,M-E11,全电动,13.4,2.4,电气故障,0,3,390,128.7,2
2025-03-13,M-E12,全电动,15.4,0,,0,2,121,178.3,1
2025-03-13,M-E13,全电动,16.2,0,,0,1,525,204.3,0
2025-03-13,M-O01,油压,18.9,0,,0,4,392,244.9,4
2025-03-13,M-O02,油压,18.9,0,,0,1,162,327.1,4
2025-03-13,M-O03,油压,13.5,0,,0,2,578,240.7,4
2025-03-13,M-O04,油压,14.0,0,,0,3,531,358.7,0
2025-03-13,M-O05,油压,16.2,0,,0,3,237,372.1,4
2025-03-13,M-O06,油压,13.4,0,,0,2,595,470.7,4
2025-03-13,M-O07,油压,14.7,0,,0.4,3,255,441.3,1
2025-03-13,M-O08,油压,14.2,0,,0,2,386,654.8,0
2025-03-13,M-O09,油压,15.5,0,,0,1,314,696.6,2
2025-03-13,M-D01,双色旋转,15.8,0,,0,1,103,127.3,1
2025-03-13,M-D02,双色旋转,13.9,0,,0,2,446,370.7,0
2025-03-13,M-D03,双色旋转,18.5,0,,0.2,2,497,637.1,1
2025-03-13,M-T01,两板,14.1,0,,0,2,307,39.9,2
2025-03-13,M-T02,两板,13.6,0,,0.0,2,451,359.4,0
2025-03-13,M-T03,两板,15.6,0,,0,2,370,748.3,1
2025-03-13,M-T04,两板,18.5,0,,0,2,573,1639.0,4
2025-03-14,M-E01,全电动,11.0,2.2,传感器异常,0,3,274,24.5,3
2025-03-14,M-E02,全电动,13.8,0,,0,3,465,29.9,1
2025-03-14,M-E03,全电动,16.1,0,,0,3,580,46.4,0
2025-03-14,M-E04,全电动,16.2,0,,0.3,4,400,45.2,3
2025-03-14,M-E05,全电动,13.2,0,,0,3,508,56.3,1
2025-03-14,M-E06,全电动,14.7,0,,0.3,2,118,58.2,2
2025-03-14,M-E07,全电动,17.1,0,,0,1,399,87.2,2
2025-03-14,M-E08,全电动,13.3,0,,0.2,1,494,77.1,4
2025-03-14,M-E09,全电动,14.6,0,,0.3,2,265,119.4,3
2025-03-14,M-E10,全电动,15.9,0,,0,2,581,138.6,3
2025-03-14,M-E11,全电动,14.7,0,,0,2,297,112.0,4
2025-03-14,M-E12,全电动,14.1,0,,0,3,398,129.5,2
2025-03-14,M-E13,全电动,18.4,0,,0,2,154,218.9,4
2025-03-14,M-O01,油压,15.5,0,,0,2,129,174.9,1
2025-03-14,M-O02,油压,18.7,0,,0.0,1,179,314.2,4
2025-03-14,M-O03,油压,18.9,0,,0,1,321,359.0,0
2025-03-14,M-O04,油压,15.5,0,,0,3,382,399.5,4
2025-03-14,M-O05,油压,15.5,0,,0,2,159,394.8,3
2025-03-14,M-O06,油压,14.4,0,,0,1,156,433.6,4
2025-03-14,M-O07,油压,17.1,0,,0,3,587,628.1,2
2025-03-14,M-O08,油压,13.4,0,,0,2,247,530.2,3
2025-03-14,M-O09,油压,13.2,0,,0,1,252,680.1,1
2025-03-14,M-D01,双色旋转,13.3,0,,0.0,2,535,130.1,0
2025-03-14,M-D02,双色旋转,16.4,0,,0,3,295,463.2,2
2025-03-14,M-D03,双色旋转,13.6,0,,0,2,84,415.5,4
2025-03-14,M-T01,两板,17.4,0,,0,5,320,60.6,3
2025-03-14,M-T02,两板,13.3,0,,0,2,579,401.2,1
2025-03-14,M-T03,两板,13.4,0,,0,2,246,702.8,0
2025-03-14,M-T04,两板,17.4,0,,0,1,470,1609.8,0
2025-03-15,M-E01,全电动,16.0,0,,0.4,2,582,27.5,2
2025-03-15,M-E02,全电动,17.4,0,,0,2,176,37.1,4
2025-03-15,M-E03,全电动,18.5,0,,0.1,1,503,59.8,4
2025-03-15,M-E04,全电动,17.4,0,,0,3,231,56.3,2
2025-03-15,M-E05,全电动,15.9,0,,0,2,373,52.3,3
2025-03-15,M-E06,全电动,16.9,0,,0,2,218,65.8,2
2025-03-15,M-E07,全电动,17.6,0,,0,2,310,81.1,0
2025-03-15,M-E08,全电动,18.2,0,,0.3,1,80,94.4,4
2025-03-15,M-E09,全电动,18.7,0,,0,1,555,117.6,4
2025-03-15,M-E10,全电动,16.8,0,,0,1,238,143.2,2
2025-03-15,M-E11,全电动,17.2,0,,0,1,131,172.4,3
2025-03-15,M-E12,全电动,15.3,0,,0,2,493,157.3,0
2025-03-15,M-E13,全电动,14.3,0,,0,4,510,157.4,0
2025-03-15,M-O01,油压,17.7,0,,0,2,153,247.7,4
2025-03-15,M-O02,油压,19.0,0,,0,1,322,277.3,4
2025-03-15,M-O03,油压,16.6,0,,0,3,526,279.2,0
2025-03-15,M-O04,油压,16.3,0,,0,1,325,452.3,4
2025-03-15,M-O05,油压,15.4,0,,0,2,595,403.3,2
2025-03-15,M-O06,油压,16.6,0,,0,2,415,580.5,1
2025-03-15,M-O07,油压,17.9,0,,0.3,1,84,666.1,1
2025-03-15,M-O08,油压,13.1,0,,0,3,477,667.3,4
2025-03-15,M-O09,油压,14.8,0,,0,3,191,769.2,2
2025-03-15,M-D01,双色旋转,14.4,0,,0,3,340,150.8,4
2025-03-15,M-D02,双色旋转,19.0,0,,0,1,347,526.4,4
2025-03-15,M-D03,双色旋转,14.7,0,,0,1,86,531.8,3
2025-03-15,M-T01,两板,16.1,0,,0.4,2,159,48.8,3
2025-03-15,M-T02,两板,13.5,0,,0,2,148,318.3,4
2025-03-15,M-T03,两板,14.3,0,,0,4,356,714.5,4
2025-03-15,M-T04,两板,13.2,0,,0,2,196,1148.1,4
2025-03-16,M-E01,全电动,13.4,0,,0,2,486,24.2,3
2025-03-16,M-E02,全电动,13.6,0,,0,1,282,29.0,3
2025-03-16,M-E03,全电动,14.5,0,,0,1,598,38.6,2
2025-03-16,M-E04,全电动,18.0,0,,0,1,310,48.9,0
2025-03-16,M-E05,全电动,18.4,0,,0,1,304,75.8,3
2025-03-16,M-E06,全电动,15.5,0,,0,1,119,51.2,4
2025-03-16,M-E07,全电动,18.1,0,,0,1,479,78.6,4
2025-03-16,M-E08,全电动,16.7,0,,0,1,226,113.3,3
2025-03-16,M-E09,全电动,13.1,0,,0,3,417,91.3,1
2025-03-16,M-E10,全电动,18.1,0,,0,2,545,125.1,4
2025-03-16,M-E11,全电动,18.1,0,,0,3,156,178.0,4
2025-03-16,M-E12,全电动,18.0,0,,0,3,460,199.5,4
2025-03-16,M-E13,全电动,15.3,0,,0,2,482,134.7,2
2025-03-16,M-O01,油压,18.6,0,,0,1,114,304.5,1
2025-03-16,M-O02,油压,14.7,0,,0.1,2,154,194.2,3
2025-03-16,M-O03,油压,14.0,0,,0,2,275,270.9,1
2025-03-16,M-O04,油压,18.0,0,,0,2,350,396.2,4
2025-03-16,M-O05,油压,16.0,0,,0,2,413,441.1,3
2025-03-16,M-O06,油压,10.4,3.0,电气故障,0,3,378,327.4,4
2025-03-16,M-O07,油压,15.7,0,,0,3,402,693.6,2
2025-03-16,M-O08,油压,16.0,0,,0,3,469,647.3,0
2025-03-16,M-O09,油压,16.4,0,,0,2,419,941.6,2
2025-03-16,M-D01,双色旋转,17.4,0,,0,1,385,158.1,4
2025-03-16,M-D02,双色旋转,15.7,0,,0,3,588,529.2,0
2025-03-16,M-D03,双色旋转,17.3,0,,0,2,497,499.0,3
2025-03-16,M-T01,两板,14.2,0,,0,3,435,46.1,1
2025-03-16,M-T02,两板,18.7,0,,0,1,417,417.6,2
2025-03-16,M-T03,两板,17.6,0,,0,1,228,1177.7,0
2025-03-16,M-T04,两板,13.2,0,,0,1,131,1148.2,0
2025-03-17,M-E01,全电动,18.0,0,,0,2,387,32.7,0
2025-03-17,M-E02,全电动,14.5,0,,0,3,161,23.9,2
2025-03-17,M-E03,全电动,17.0,0,,0,1,241,47.6,3
2025-03-17,M-E04,全电动,15.9,0,,0,1,83,41.1,0
2025-03-17,M-E05,全电动,14.0,0,,0,2,349,55.9,4
2025-03-17,M-E06,全电动,14.9,0,,0,3,549,50.7,0
2025-03-17,M-E07,全电动,16.9,0,,0,1,497,92.5,2
2025-03-17,M-E08,全电动,15.7,0,,0,2,453,89.6,3
2025-03-17,M-E09,全电动,14.0,0,,0,2,385,79.5,3
2025-03-17,M-E10,全电动,16.8,0,,0,1,164,158.7,0
2025-03-17,M-E11,全电动,14.0,0,,0,1,343,116.9,1
2025-03-17,M-E12,全电动,17.3,0,,0,2,538,154.6,0
2025-03-17,M-E13,全电动,17.2,0,,0.4,2,156,183.3,3
2025-03-17,M-O01,油压,15.1,0,,0,3,253,238.7,4
2025-03-17,M-O02,油压,16.0,0,,0,2,477,220.8,0
2025-03-17,M-O03,油压,15.6,0,,0,3,528,318.6,3
2025-03-17,M-O04,油压,15.3,0,,0,2,551,396.8,2
2025-03-17,M-O05,油压,14.9,0,,0,1,532,399.0,2
2025-03-17,M-O06,油压,14.4,0,,0,2,564,526.1,2
2025-03-17,M-O07,油压,14.8,0,,0,2,493,610.1,2
2025-03-17,M-O08,油压,16.2,0,,0,2,279,693.1,0
2025-03-17,M-O09,油压,13.0,0,,0.1,1,326,692.6,1
2025-03-17,M-D01,双色旋转,17.1,0,,0,2,503,120.1,1
2025-03-17,M-D02,双色旋转,18.2,0,,0.5,1,487,547.8,0
2025-03-17,M-D03,双色旋转,17.4,0,,0,3,89,438.7,3
2025-03-17,M-T01,两板,15.3,0,,0,1,245,50.5,0
2025-03-17,M-T02,两板,15.0,0,,0,2,243,378.9,3
2025-03-17,M-T03,两板,14.5,0,,0.5,2,320,725.9,4
2025-03-17,M-T04,两板,13.2,0,,0,2,475,1187.9,3
2025-03-18,M-E01,全电动,18.3,0,,0.2,3,488,34.2,0
2025-03-18,M-E02,全电动,17.8,0,,0,1,165,32.2,4
2025-03-18,M-E03,全电动,13.9,0,,0,1,272,45.5,4
2025-03-18,M-E04,全电动,16.2,0,,0,1,467,52.4,1
2025-03-18,M-E05,全电动,14.6,0,,0,2,105,44.2,2
2025-03-18,M-E06,全电动,17.7,0,,0,3,538,75.3,3
2025-03-18,M-E07,全电动,17.8,0,,0,3,281,78.5,1
2025-03-18,M-E08,全电动,13.6,0,,0,2,472,65.6,1
2025-03-18,M-E09,全电动,15.5,0,,0.2,1,142,123.8,3
2025-03-18,M-E10,全电动,16.7,0,,0,2,375,151.2,1
2025-03-18,M-E11,全电动,15.2,0,,0,2,203,119.9,1
2025-03-18,M-E12,全电动,15.2,0,,0,2,425,134.4,3
2025-03-18,M-E13,全电动,17.3,0,,0,4,459,172.0,4
2025-03-18,M-O01,油压,14.4,0,,0,1,392,167.5,0
2025-03-18,M-O02,油压,14.0,0,,0,3,439,208.2,3
2025-03-18,M-O03,油压,18.6,0,,0,2,222,286.5,1
2025-03-18,M-O04,油压,16.8,0,,0,2,121,352.0,4
2025-03-18,M-O05,油压,18.7,0,,0.5,2,214,452.5,0
2025-03-18,M-O06,油压,14.0,0,,0,2,429,385.5,4
2025-03-18,M-O07,油压,16.1,0,,0,4,261,702.1,0
2025-03-18,M-O08,油压,18.8,0,,0,1,255,914.8,3
2025-03-18,M-O09,油压,13.0,0,,0.4,2,361,754.3,2
2025-03-18,M-D01,双色旋转,13.2,3.3,液压系统,0,1,437,128.3,0
2025-03-18,M-D02,双色旋转,18.8,0,,0,2,92,576.9,4
2025-03-18,M-D03,双色旋转,15.4,0,,0,2,116,510.9,2
2025-03-18,M-T01,两板,17.9,0,,0,3,533,50.7,2
2025-03-18,M-T02,两板,13.4,0,,0,2,502,311.6,1
2025-03-18,M-T03,两板,15.8,0,,0.2,1,303,771.0,3
2025-03-18,M-T04,两板,13.4,0,,0,4,580,1052.1,2
2025-03-19,M-E01,全电动,14.1,0,,0,2,448,28.0,2
2025-03-19,M-E02,全电动,14.7,0,,0,1,263,30.8,0
2025-03-19,M-E03,全电动,15.0,0,,0,2,272,34.7,0
2025-03-19,M-E04,全电动,13.9,0,,0.0,1,365,38.2,1
2025-03-19,M-E05,全电动,13.5,0,,0,3,194,47.7,4
2025-03-19,M-E06,全电动,17.0,0,,0,2,519,67.6,4
2025-03-19,M-E07,全电动,14.0,0,,0,4,404,65.7,0
2025-03-19,M-E08,全电动,16.1,0,,0,1,240,78.6,4
2025-03-19,M-E09,全电动,13.2,0,,0.5,2,528,88.8,1
2025-03-19,M-E10,全电动,17.3,0,,0,1,577,108.2,2
2025-03-19,M-E11,全电动,16.1,0,,0,2,249,165.4,1
2025-03-19,M-E12,全电动,18.0,0,,0,2,215,179.2,2
2025-03-19,M-E13,全电动,15.8,0,,0,2,479,181.5,1
2025-03-19,M-O01,油压,16.9,0,,0,1,519,282.1,0
2025-03-19,M-O02,油压,17.8,0,,0,2,545,252.2,1
2025-03-19,M-O03,油压,15.2,0,,0.0,1,491,326.6,2
2025-03-19,M-O04,油压,15.5,0,,0,2,474,337.2,1
2025-03-19,M-O05,油压,18.8,0,,0,2,447,603.5,3
2025-03-19,M-O06,油压,18.9,0,,0,4,228,697.1,4
2025-03-19,M-O07,油压,18.9,0,,0,4,455,806.6,4
2025-03-19,M-O08,油压,13.5,0,,0,2,302,548.9,0
2025-03-19,M-O09,油压,18.8,0,,0,2,407,1068.2,1
2025-03-19,M-D01,双色旋转,15.1,0,,0.1,2,385,111.7,1
2025-03-19,M-D02,双色旋转,14.6,0,,0,2,93,413.1,4
2025-03-19,M-D03,双色旋转,16.7,0,,0,2,523,523.3,3
2025-03-19,M-T01,两板,14.5,0,,0,1,433,54.9,1
2025-03-19,M-T02,两板,17.6,0,,0.0,2,83,383.5,1
2025-03-19,M-T03,两板,15.5,0,,0,2,599,1030.8,1
2025-03-19,M-T04,两板,13.5,0,,0,1,98,977.9,1
2025-03-20,M-E01,全电动,17.7,0,,0,1,115,32.6,3
2025-03-20,M-E02,全电动,13.7,0,,0,2,85,26.8,4
2025-03-20,M-E03,全电动,18.3,0,,0,3,409,59.0,0
2025-03-20,M-E04,全电动,18.8,0,,0,2,289,56.8,3
2025-03-20,M-E05,全电动,13.1,0,,0,1,423,45.1,2
2025-03-20,M-E06,全电动,15.4,0,,0,3,155,57.2,1
2025-03-20,M-E07,全电动,15.299999999999999,3.4,加热系统,0,2,380,84.8,3
2025-03-20,M-E08,全电动,18.0,0,,0,1,485,117.3,0
2025-03-20,M-E09,全电动,13.100000000000001,1.2,液压系统,0,2,180,94.0,4
2025-03-20,M-E10,全电动,13.3,0,,0.1,2,353,85.2,4
2025-03-20,M-E11,全电动,14.0,0,,0,2,435,113.2,0
2025-03-20,M-E12,全电动,14.8,0,,0.2,3,511,155.5,0
2025-03-20,M-E13,全电动,15.7,0,,0,1,378,174.1,4
2025-03-20,M-O01,油压,16.3,0,,0,3,369,234.3,2
2025-03-20,M-O02,油压,18.6,0,,0,2,97,277.3,4
2025-03-20,M-O03,油压,15.4,0,,0.3,1,547,286.6,1
2025-03-20,M-O04,油压,18.1,0,,0,1,328,473.6,2
2025-03-20,M-O05,油压,14.9,0,,0,2,437,418.0,1
2025-03-20,M-O06,油压,18.6,0,,0,1,416,558.5,2
2025-03-20,M-O07,油压,14.6,0,,0,2,529,628.7,0
2025-03-20,M-O08,油压,16.5,0,,0,2,206,745.5,0
2025-03-20,M-O09,油压,17.9,0,,0,2,206,1013.4,0
2025-03-20,M-D01,双色旋转,18.3,0,,0,1,404,149.9,4
2025-03-20,M-D02,双色旋转,17.8,0,,0,3,204,674.4,4
2025-03-20,M-D03,双色旋转,16.6,0,,0,2,599,430.2,0
2025-03-20,M-T01,两板,14.0,1.3,加热系统,0,2,341,49.0,4
2025-03-20,M-T02,两板,13.7,0,,0,2,463,407.8,0
2025-03-20,M-T03,两板,16.5,0,,0,2,157,1026.6,4
2025-03-20,M-T04,两板,14.8,0,,0,1,587,1192.2,1
2025-03-21,M-E01,全电动,16.6,0,,0,2,414,35.1,0
2025-03-21,M-E02,全电动,15.5,0,,0,3,108,30.0,3
2025-03-21,M-E03,全电动,15.0,0,,0.3,3,194,35.8,0
2025-03-21,M-E04,全电动,13.1,0,,0,2,145,33.9,3
2025-03-21,M-E05,全电动,13.1,0,,0,3,454,53.9,4
2025-03-21,M-E06,全电动,14.1,0,,0,2,209,61.3,1
2025-03-21,M-E07,全电动,18.4,0,,0,2,278,102.1,3
2025-03-21,M-E08,全电动,13.5,0,,0,2,155,88.0,0
2025-03-21,M-E09,全电动,18.1,0,,0,2,340,128.6,1
2025-03-21,M-E10,全电动,17.9,0,,0,2,406,166.2,4
2025-03-21,M-E11,全电动,18.8,0,,0,1,137,173.3,1
2025-03-21,M-E12,全电动,17.2,0,,0,2,85,159.4,4
2025-03-21,M-E13,全电动,14.7,0,,0,2,188,189.8,4
2025-03-21,M-O01,油压,14.7,2.5,传感器异常,0.0,1,558,170.1,4
2025-03-21,M-O02,油压,13.4,0,,0,2,273,239.8,4
2025-03-21,M-O03,油压,17.0,0,,0,2,270,258.1,4
2025-03-21,M-O04,油压,14.8,0,,0,3,584,371.3,1
2025-03-21,M-O05,油压,13.2,0,,0.2,4,527,404.7,1
2025-03-21,M-O06,油压,13.6,0,,0,3,445,512.5,1
2025-03-21,M-O07,油压,18.6,0,,0.5,2,373,636.6,4
2025-03-21,M-O08,油压,15.6,0,,0,2,547,697.5,1
2025-03-21,M-O09,油压,13.0,0,,0,2,435,783.1,1
2025-03-21,M-D01,双色旋转,14.2,0,,0,2,514,112.1,3
2025-03-21,M-D02,双色旋转,14.9,0,,0,1,435,470.7,2
2025-03-21,M-D03,双色旋转,15.5,0,,0.4,2,296,434.7,1
2025-03-21,M-T01,两板,17.9,0,,0,2,147,47.0,1
2025-03-21,M-T02,两板,13.4,0,,0,1,235,313.8,1
2025-03-21,M-T03,两板,16.4,0,,0.3,2,348,967.9,0
2025-03-21,M-T04,两板,13.0,0,,0,2,147,904.4,2
2025-03-22,M-E01,全电动,16.1,0,,0,3,249,27.1,3
2025-03-22,M-E02,全电动,17.6,0,,0,3,332,37.0,0
2025-03-22,M-E03,全电动,13.2,0,,0,2,190,39.7,1
2025-03-22,M-E04,全电动,18.6,0,,0,1,527,45.2,1
2025-03-22,M-E05,全电动,18.7,0,,0,3,295,71.1,4
2025-03-22,M-E06,全电动,17.6,0,,0,1,560,53.7,0
2025-03-22,M-E07,全电动,13.5,0,,0,2,591,52.2,1
2025-03-22,M-E08,全电动,14.4,0,,0,3,83,89.6,3
2025-03-22,M-E09,全电动,16.6,0,,0,4,522,138.4,2
2025-03-22,M-E10,全电动,16.9,0,,0,2,351,138.1,4
2025-03-22,M-E11,全电动,16.8,0,,0,2,351,148.4,0
2025-03-22,M-E12,全电动,16.6,0,,0,2,130,174.9,2
2025-03-22,M-E13,全电动,13.1,0,,0,2,241,164.7,4
2025-03-22,M-O01,油压,14.0,0,,0,1,270,215.8,0
2025-03-22,M-O02,油压,15.1,0,,0,3,253,237.8,2
2025-03-22,M-O03,油压,18.7,0,,0,3,391,410.5,0
2025-03-22,M-O04,油压,17.6,0,,0,1,407,373.7,4
2025-03-22,M-O05,油压,14.4,0,,0,1,282,454.2,0
2025-03-22,M-O06,油压,17.7,0,,0,3,583,563.5,2
2025-03-22,M-O07,油压,11.5,4.0,加热系统,0,2,126,519.8,1
2025-03-22,M-O08,油压,18.0,0,,0,3,528,708.4,4
2025-03-22,M-O09,油压,17.8,0,,0,1,598,898.6,3
2025-03-22,M-D01,双色旋转,14.7,0,,0.1,2,526,113.4,4
2025-03-22,M-D02,双色旋转,18.8,0,,0,5,588,547.5,1
2025-03-22,M-D03,双色旋转,18.9,0,,0,2,172,627.9,3
2025-03-22,M-T01,两板,13.8,0,,0,4,480,36.9,2
2025-03-22,M-T02,两板,14.2,0,,0.0,1,292,417.5,2
2025-03-22,M-T03,两板,15.4,0,,0,3,358,1044.5,3
2025-03-22,M-T04,两板,16.5,0,,0,2,120,1172.4,3
2025-03-23,M-E01,全电动,18.7,0,,0,3,571,28.5,1
2025-03-23,M-E02,全电动,18.0,0,,0,4,538,38.2,0
2025-03-23,M-E03,全电动,15.2,0,,0,3,305,45.5,2
2025-03-23,M-E04,全电动,14.3,0,,0,3,266,38.9,0
2025-03-23,M-E05,全电动,16.7,0,,0,1,107,52.7,4
2025-03-23,M-E06,全电动,14.5,0,,0.2,3,254,49.9,2
2025-03-23,M-E07,全电动,15.7,0,,0,1,503,81.4,2
2025-03-23,M-E08,全电动,15.3,0,,0,1,174,88.7,1
2025-03-23,M-E09,全电动,18.1,0,,0,3,405,113.4,3
2025-03-23,M-E10,全电动,16.3,0,,0,2,112,102.6,1
2025-03-23,M-E11,全电动,18.0,0,,0,3,514,170.2,3
2025-03-23,M-E12,全电动,18.2,0,,0,3,514,165.5,2
2025-03-23,M-E13,全电动,15.4,0,,0,3,201,172.1,0
2025-03-23,M-O01,油压,13.2,0,,0,3,539,224.8,1
2025-03-23,M-O02,油压,17.4,0,,0,3,109,278.1,2
2025-03-23,M-O03,油压,18.3,0,,0,3,181,349.9,1
2025-03-23,M-O04,油压,13.8,0,,0,2,423,284.1,4
2025-03-23,M-O05,油压,15.8,0,,0,2,367,364.0,2
2025-03-23,M-O06,油压,16.4,0,,0,1,311,455.6,3
2025-03-23,M-O07,油压,14.900000000000002,3.7,传感器异常,0,2,182,470.5,1
2025-03-23,M-O08,油压,13.1,0,,0.4,2,461,558.4,2
2025-03-23,M-O09,油压,17.9,0,,0,1,343,901.0,4
2025-03-23,M-D01,双色旋转,11.5,3.1,液压系统,0,2,558,118.9,2
2025-03-23,M-D02,双色旋转,17.1,0,,0,1,339,536.0,4
2025-03-23,M-D03,双色旋转,17.6,0,,0,2,324,483.8,3
2025-03-23,M-T01,两板,14.1,0,,0,3,547,48.5,3
2025-03-23,M-T02,两板,13.9,0,,0.1,2,486,396.2,2
2025-03-23,M-T03,两板,13.7,0,,0.1,2,489,840.3,2
2025-03-23,M-T04,两板,18.9,0,,0,2,300,1701.5,3
2025-03-24,M-E01,全电动,18.1,0,,0,1,445,39.9,0
2025-03-24,M-E02,全电动,17.6,0,,0,1,556,27.3,1
2025-03-24,M-E03,全电动,16.4,0,,0,2,366,38.3,0
2025-03-24,M-E04,全电动,18.3,0,,0,2,130,54.8,4
2025-03-24,M-E05,全电动,13.0,0,,0,2,205,39.8,3
2025-03-24,M-E06,全电动,13.4,0,,0,3,329,59.6,2
2025-03-24,M-E07,全电动,15.0,0,,0,2,277,81.8,4
2025-03-24,M-E08,全电动,14.7,0,,0,2,457,66.5,4
2025-03-24,M-E09,全电动,16.6,0,,0,4,202,108.8,0
2025-03-24,M-E10,全电动,18.1,0,,0,3,391,168.7,4
2025-03-24,M-E11,全电动,13.6,0,,0,2,267,107.8,1
2025-03-24,M-E12,全电动,18.0,0,,0,3,569,149.5,1
2025-03-24,M-E13,全电动,17.1,0,,0.2,2,202,188.8,1
2025-03-24,M-O01,油压,14.2,0,,0,2,126,164.2,4
2025-03-24,M-O02,油压,16.9,0,,0.5,2,474,215.6,0
2025-03-24,M-O03,油压,17.0,0,,0,2,499,314.0,3
2025-03-24,M-O04,油压,18.1,0,,0,1,200,380.2,1
2025-03-24,M-O05,油压,13.8,0,,0,2,431,345.8,3
2025-03-24,M-O06,油压,18.1,0,,0,2,483,535.5,4
2025-03-24,M-O07,油压,18.0,0,,0,1,394,551.0,0
2025-03-24,M-O08,油压,15.5,0,,0.1,2,599,635.5,2
2025-03-24,M-O09,油压,15.9,0,,0,2,375,676.5,3
2025-03-24,M-D01,双色旋转,16.4,0,,0,1,343,150.3,4
2025-03-24,M-D02,双色旋转,14.1,0,,0,4,513,409.6,2
2025-03-24,M-D03,双色旋转,18.0,0,,0,2,451,467.8,4
2025-03-24,M-T01,两板,16.4,0,,0,2,99,60.2,1
2025-03-24,M-T02,两板,14.4,0,,0,1,255,334.9,2
2025-03-24,M-T03,两板,16.2,0,,0,2,599,937.0,2
2025-03-24,M-T04,两板,13.4,0,,0,2,169,1207.1,4
2025-03-25,M-E01,全电动,17.6,0,,0,4,149,28.4,4
2025-03-25,M-E02,全电动,15.3,0,,0,1,167,34.8,1
2025-03-25,M-E03,全电动,15.2,0,,0,3,275,50.9,1
2025-03-25,M-E04,全电动,17.1,0,,0,2,460,44.0,0
2025-03-25,M-E05,全电动,17.1,1.2,传感器异常,0,1,249,60.7,0
2025-03-25,M-E06,全电动,13.6,0,,0,1,192,53.6,3
2025-03-25,M-E07,全电动,14.4,0,,0,2,99,65.9,4
2025-03-25,M-E08,全电动,14.6,0,,0.3,2,379,95.9,1
2025-03-25,M-E09,全电动,17.7,0,,0,1,356,131.2,0
2025-03-25,M-E10,全电动,15.4,0,,0,1,446,131.7,1
2025-03-25,M-E11,全电动,16.6,0,,0,4,292,173.7,0
2025-03-25,M-E12,全电动,13.0,0,,0,2,308,115.6,0
2025-03-25,M-E13,全电动,15.6,0,,0,1,244,153.6,3
2025-03-25,M-O01,油压,14.8,0,,0,3,402,168.3,4
2025-03-25,M-O02,油压,16.8,0,,0,2,189,283.0,0
2025-03-25,M-O03,油压,18.7,0,,0.2,2,415,383.9,4
2025-03-25,M-O04,油压,14.3,0,,0,1,429,279.2,3
2025-03-25,M-O05,油压,17.1,0,,0.2,2,513,528.2,1
2025-03-25,M-O06,油压,17.5,0,,0.2,2,355,452.3,3
2025-03-25,M-O07,油压,15.2,0,,0,1,151,679.5,3
2025-03-25,M-O08,油压,13.5,0,,0,2,136,473.6,1
2025-03-25,M-O09,油压,17.0,0,,0,2,293,857.8,2
2025-03-25,M-D01,双色旋转,18.0,0,,0,1,205,148.2,0
2025-03-25,M-D02,双色旋转,18.0,0,,0,1,89,465.7,1
2025-03-25,M-D03,双色旋转,16.7,0,,0,1,161,486.7,2
2025-03-25,M-T01,两板,18.4,0,,0,4,517,48.2,1
2025-03-25,M-T02,两板,15.2,0,,0,4,335,328.8,4
2025-03-25,M-T03,两板,16.6,0,,0,2,548,1027.6,0
2025-03-25,M-T04,两板,14.4,0,,0,3,450,1023.8,3
2025-03-26,M-E01,全电动,13.2,0,,0,3,182,27.1,4
2025-03-26,M-E02,全电动,14.7,0,,0,1,294,24.6,3
2025-03-26,M-E03,全电动,13.3,0,,0,2,180,31.0,4
2025-03-26,M-E04,全电动,18.0,0,,0,1,539,47.1,2
2025-03-26,M-E05,全电动,15.2,0,,0,1,498,50.1,1
2025-03-26,M-E06,全电动,13.7,0,,0,1,418,45.9,1
2025-03-26,M-E07,全电动,13.3,0,,0.5,2,405,56.6,3
2025-03-26,M-E08,全电动,16.2,0,,0,2,403,95.3,2
2025-03-26,M-E09,全电动,18.0,0,,0,1,90,105.7,2
2025-03-26,M-E10,全电动,13.2,0,,0,3,361,109.2,4
2025-03-26,M-E11,全电动,13.1,0,,0.3,1,453,135.4,3
2025-03-26,M-E12,全电动,17.3,0,,0,2,86,148.0,1
2025-03-26,M-E13,全电动,16.0,0,,0,2,337,169.3,0
2025-03-26,M-O01,油压,13.4,0,,0,2,442,182.3,1
2025-03-26,M-O02,油压,16.3,0,,0,2,534,285.6,3
2025-03-26,M-O03,油压,14.9,0,,0,2,325,260.3,0
2025-03-26,M-O04,油压,16.5,0,,0,1,287,445.2,1
2025-03-26,M-O05,油压,16.4,0,,0,2,302,411.0,0
2025-03-26,M-O06,油压,15.6,0,,0,2,403,443.9,4
2025-03-26,M-O07,油压,15.8,0,,0,4,579,677.3,0
2025-03-26,M-O08,油压,13.4,0,,0,1,103,626.8,4
2025-03-26,M-O09,油压,17.0,0,,0,1,434,690.1,4
2025-03-26,M-D01,双色旋转,14.8,0,,0,2,472,133.6,2
2025-03-26,M-D02,双色旋转,17.4,0,,0,2,328,648.0,1
2025-03-26,M-D03,双色旋转,17.7,0,,0,2,248,606.8,0
2025-03-26,M-T01,两板,13.1,0,,0,4,473,45.2,3
2025-03-26,M-T02,两板,14.3,0,,0,2,273,399.1,0
2025-03-26,M-T03,两板,15.3,0,,0.2,3,269,780.1,2
2025-03-26,M-T04,两板,13.6,0,,0,2,327,1056.9,0
2025-03-27,M-E01,全电动,16.5,0,,0,1,379,26.4,3
2025-03-27,M-E02,全电动,18.3,0,,0,3,121,30.6,2
2025-03-27,M-E03,全电动,16.3,0,,0,1,111,54.2,2
2025-03-27,M-E04,全电动,17.0,0,,0,3,576,38.5,0
2025-03-27,M-E05,全电动,14.0,0,,0,2,364,52.4,4
2025-03-27,M-E06,全电动,16.4,0,,0,1,274,64.6,3
2025-03-27,M-E07,全电动,13.2,0,,0,3,161,62.8,1
2025-03-27,M-E08,全电动,17.7,0,,0,1,139,93.4,4
2025-03-27,M-E09,全电动,17.1,0,,0,2,549,127.4,4
2025-03-27,M-E10,全电动,14.4,0,,0,2,236,92.3,1
2025-03-27,M-E11,全电动,13.9,0,,0,2,552,107.1,4
2025-03-27,M-E12,全电动,13.8,0,,0,2,545,122.7,2
2025-03-27,M-E13,全电动,16.7,0,,0,2,420,208.0,0
2025-03-27,M-O01,油压,15.9,0,,0.3,1,148,267.1,0
2025-03-27,M-O02,油压,18.4,0,,0,3,582,264.0,0
2025-03-27,M-O03,油压,17.8,0,,0,3,373,296.4,4
2025-03-27,M-O04,油压,14.5,0,,0,1,550,362.8,0
2025-03-27,M-O05,油压,16.3,0,,0,2,319,369.7,4
2025-03-27,M-O06,油压,16.1,0,,0.2,3,351,500.0,0
2025-03-27,M-O07,油压,18.0,0,,0,4,392,708.3,1
2025-03-27,M-O08,油压,17.8,0,,0,2,434,919.3,3
2025-03-27,M-O09,油压,13.6,0,,0,1,251,664.8,1
2025-03-27,M-D01,双色旋转,15.0,0,,0,2,165,146.1,2
2025-03-27,M-D02,双色旋转,13.0,0,,0,1,465,409.2,3
2025-03-27,M-D03,双色旋转,13.8,0,,0,2,378,496.2,1
2025-03-27,M-T01,两板,13.9,0,,0,1,271,43.4,2
2025-03-27,M-T02,两板,15.5,0,,0,1,216,360.0,4
2025-03-27,M-T03,两板,16.3,0,,0.2,1,178,834.5,0
2025-03-27,M-T04,两板,15.4,0,,0,2,367,1209.0,0
2025-03-28,M-E01,全电动,17.6,0,,0,1,438,34.2,1
2025-03-28,M-E02,全电动,16.6,0,,0,2,220,32.0,0
2025-03-28,M-E03,全电动,13.5,0,,0,2,166,36.9,3
2025-03-28,M-E04,全电动,17.2,0,,0,3,488,41.4,0
2025-03-28,M-E05,全电动,15.4,0,,0,1,295,51.9,3
2025-03-28,M-E06,全电动,14.7,0,,0,1,351,47.6,4
2025-03-28,M-E07,全电动,17.0,0,,0,2,472,81.2,1
2025-03-28,M-E08,全电动,15.000000000000002,3.6,电气故障,0.2,1,265,68.1,1
2025-03-28,M-E09,全电动,14.1,0,,0.5,1,194,111.7,2
2025-03-28,M-E10,全电动,16.9,0,,0,1,504,122.1,3
2025-03-28,M-E11,全电动,16.3,0,,0,2,358,121.1,3
2025-03-28,M-E12,全电动,17.5,0,,0,2,333,146.9,2
2025-03-28,M-E13,全电动,16.8,0,,0,4,481,195.0,1
2025-03-28,M-O01,油压,17.6,0,,0,3,560,221.2,4
2025-03-28,M-O02,油压,15.2,0,,0,2,584,230.7,3
2025-03-28,M-O03,油压,18.5,0,,0.0,3,131,361.5,0
2025-03-28,M-O04,油压,13.1,0,,0,1,85,256.8,0
2025-03-28,M-O05,油压,14.3,0,,0,3,346,369.5,2
2025-03-28,M-O06,油压,15.6,0,,0,1,566,561.5,3
2025-03-28,M-O07,油压,18.8,0,,0.2,1,529,691.5,2
2025-03-28,M-O08,油压,17.8,0,,0,4,493,717.0,1
2025-03-28,M-O09,油压,14.5,0,,0,3,106,706.8,4
2025-03-28,M-D01,双色旋转,13.3,0,,0,2,290,116.0,4
2025-03-28,M-D02,双色旋转,13.8,0,,0,3,165,426.6,1
2025-03-28,M-D03,双色旋转,13.4,0,,0,2,472,403.0,4
2025-03-28,M-T01,两板,18.8,0,,0,1,137,70.8,0
2025-03-28,M-T02,两板,17.8,0,,0.3,3,399,358.4,1
2025-03-28,M-T03,两板,17.1,0,,0.0,2,423,1035.9,2
2025-03-28,M-T04,两板,15.6,0,,0,2,452,1443.0,0
2025-03-29,M-E01,全电动,13.7,0,,0,1,136,26.8,3
2025-03-29,M-E02,全电动,17.8,0,,0,2,475,34.0,1
2025-03-29,M-E03,全电动,14.3,0,,0,2,497,48.6,2
2025-03-29,M-E04,全电动,15.3,0,,0,2,557,44.3,0
2025-03-29,M-E05,全电动,15.0,0,,0,1,355,46.7,4
2025-03-29,M-E06,全电动,18.4,0,,0,1,256,74.0,1
2025-03-29,M-E07,全电动,17.4,0,,0.4,3,372,78.1,4
2025-03-29,M-E08,全电动,13.7,0,,0,2,574,82.1,4
2025-03-29,M-E09,全电动,15.0,0,,0,2,589,125.3,3
2025-03-29,M-E10,全电动,13.6,0,,0,2,221,115.2,3
2025-03-29,M-E11,全电动,13.3,0.7,液压系统,0,2,330,118.7,4
2025-03-29,M-E12,全电动,15.4,0,,0,1,267,139.6,4
2025-03-29,M-E13,全电动,17.9,0,,0.0,1,577,176.1,3
2025-03-29,M-O01,油压,11.899999999999999,2.2,加热系统,0,2,388,149.4,0
2025-03-29,M-O02,油压,17.9,0,,0,2,290,247.7,4
2025-03-29,M-O03,油压,15.6,0,,0.2,1,397,332.0,2
2025-03-29,M-O04,油压,17.9,0,,0,3,92,380.9,4
2025-03-29,M-O05,油压,19.0,0,,0,3,402,540.9,3
2025-03-29,M-O06,油压,15.8,0,,0,1,503,500.9,3
2025-03-29,M-O07,油压,15.5,0,,0,3,427,563.6,3
2025-03-29,M-O08,油压,17.5,0,,0,1,144,617.3,1
2025-03-29,M-O09,油压,16.3,0,,0,2,143,825.7,2
2025-03-29,M-D01,双色旋转,18.4,0,,0,3,394,157.2,1
2025-03-29,M-D02,双色旋转,16.4,0,,0.1,3,451,535.1,2
2025-03-29,M-D03,双色旋转,12.5,3.0,加热系统,0.4,1,102,402.7,1
2025-03-29,M-T01,两板,17.6,0,,0,1,557,66.2,0
2025-03-29,M-T02,两板,15.0,0,,0,1,306,412.7,4
2025-03-29,M-T03,两板,12.8,2.5,传感器异常,0,2,450,597.3,4
2025-03-29,M-T04,两板,18.2,0,,0,3,363,1620.9,1
2025-03-30,M-E01,全电动,18.7,0,,0,2,340,38.8,2
2025-03-30,M-E02,全电动,18.8,0,,0.3,2,355,29.1,3
2025-03-30,M-E03,全电动,15.6,0,,0,3,428,50.9,3
2025-03-30,M-E04,全电动,18.5,0,,0,2,495,54.0,2
2025-03-30,M-E05,全电动,15.0,0,,0,3,348,45.3,3
2025-03-30,M-E06,全电动,16.9,0,,0,3,433,61.8,4
2025-03-30,M-E07,全电动,14.3,0,,0,4,348,71.8,1
2025-03-30,M-E08,全电动,18.5,0,,0,1,505,122.0,1
2025-03-30,M-E09,全电动,16.9,0,,0.2,2,470,95.4,1
2025-03-30,M-E10,全电动,14.9,0,,0.3,4,278,118.5,4
2025-03-30,M-E11,全电动,17.9,0,,0,1,582,131.1,4
2025-03-30,M-E12,全电动,13.4,0,,0,2,221,157.1,2
2025-03-30,M-E13,全电动,17.7,0,,0,3,366,182.9,0
2025-03-30,M-O01,油压,17.6,0,,0,1,370,262.9,3
2025-03-30,M-O02,油压,15.5,0,,0.4,3,514,206.2,4
2025-03-30,M-O03,油压,18.2,0,,0.0,2,549,308.5,0
2025-03-30,M-O04,油压,13.1,0,,0,3,234,255.2,2
2025-03-30,M-O05,油压,17.9,0,,0,3,244,456.9,4
2025-03-30,M-O06,油压,17.6,0,,0,1,571,642.2,4
2025-03-30,M-O07,油压,16.4,0,,0,1,514,578.9,0
2025-03-30,M-O08,油压,18.0,0,,0,3,168,912.4,1
2025-03-30,M-O09,油压,15.5,0,,0,1,358,784.6,3
2025-03-30,M-D01,双色旋转,15.1,0,,0,2,191,116.8,3
2025-03-30,M-D02,双色旋转,15.9,0,,0,3,272,440.2,4
2025-03-30,M-D03,双色旋转,16.6,0,,0,2,277,488.8,4
2025-03-30,M-T01,两板,18.1,0,,0,2,390,54.4,4
2025-03-30,M-T02,两板,13.9,0,,0,3,109,290.7,0
2025-03-30,M-T03,两板,15.0,2.0,电气故障,0.5,2,324,813.1,0
2025-03-30,M-T04,两板,15.7,0,,0,1,391,1241.0,1
2025-03-31,M-E01,全电动,15.4,0,,0,3,515,24.6,4
2025-03-31,M-E02,全电动,12.100000000000001,2.7,加热系统,0.3,1,99,21.3,1
2025-03-31,M-E03,全电动,13.4,0,,0,1,502,33.2,4
2025-03-31,M-E04,全电动,18.8,0,,0,1,371,50.7,0
2025-03-31,M-E05,全电动,14.9,0,,0,2,523,63.0,3
2025-03-31,M-E06,全电动,14.9,0,,0,3,412,64.2,2
2025-03-31,M-E07,全电动,16.0,0,,0,3,592,70.5,4
2025-03-31,M-E08,全电动,13.1,0,,0,3,524,61.3,1
2025-03-31,M-E09,全电动,15.4,0,,0.1,3,433,107.2,2
2025-03-31,M-E10,全电动,18.3,0,,0,2,285,166.9,1
2025-03-31,M-E11,全电动,15.0,0,,0.4,3,419,144.6,4
2025-03-31,M-E12,全电动,18.6,0,,0,2,391,190.2,4
2025-03-31,M-E13,全电动,13.6,0,,0,2,329,140.7,3
2025-03-31,M-O01,油压,15.2,0,,0,1,259,244.8,0
2025-03-31,M-O02,油压,17.7,0,,0,2,156,225.0,0
2025-03-31,M-O03,油压,15.3,0,,0,2,260,297.2,3
2025-03-31,M-O04,油压,15.0,0,,0,2,175,377.3,2
2025-03-31,M-O05,油压,18.6,0,,0,2,239,589.7,1
2025-03-31,M-O06,油压,13.3,0,,0,2,389,425.1,4
2025-03-31,M-O07,油压,15.3,0,,0,1,342,565.1,0
2025-03-31,M-O08,油压,13.2,0,,0,1,298,549.1,3
2025-03-31,M-O09,油压,17.5,0,,0,3,362,786.4,0
2025-03-31,M-D01,双色旋转,14.4,0,,0.4,2,315,140.7,3
2025-03-31,M-D02,双色旋转,13.5,0,,0,3,194,469.7,4
2025-03-31,M-D03,双色旋转,15.0,0,,0,3,359,380.0,1
2025-03-31,M-T01,两板,14.5,0,,0,2,384,39.3,0
2025-03-31,M-T02,两板,17.3,0,,0,2,287,367.0,4
2025-03-31,M-T03,两板,11.100000000000001,2.8,模具问题,0,2,316,738.2,1
2025-03-31,M-T04,两板,17.2,0,,0,4,338,1549.3,1
2025-04-01,M-E01,全电动,14.6,0,,0,2,368,24.6,1
2025-04-01,M-E02,全电动,14.4,0,,0,1,529,22.2,3
2025-04-01,M-E03,全电动,16.8,0,,0,4,378,42.7,2
2025-04-01,M-E04,全电动,16.9,0,,0,3,322,47.2,0
2025-04-01,M-E05,全电动,16.2,0,,0,2,131,49.5,0
2025-04-01,M-E06,全电动,15.2,0,,0,2,583,46.6,3
2025-04-01,M-E07,全电动,18.0,0,,0,2,564,89.5,1
2025-04-01,M-E08,全电动,15.4,0,,0,2,573,85.1,3
2025-04-01,M-E09,全电动,16.3,0,,0,3,349,107.3,3
2025-04-01,M-E10,全电动,13.7,0,,0,2,192,95.2,0
2025-04-01,M-E11,全电动,15.2,0,,0,4,461,129.3,3
2025-04-01,M-E12,全电动,13.3,0,,0,2,540,112.5,3
2025-04-01,M-E13,全电动,17.9,0,,0,1,412,187.9,3
2025-04-01,M-O01,油压,15.2,0,,0,3,486,189.0,4
2025-04-01,M-O02,油压,18.9,0,,0,1,590,324.2,2
2025-04-01,M-O03,油压,16.2,0,,0,3,545,288.0,0
2025-04-01,M-O04,油压,18.7,0,,0.0,2,226,472.4,4
2025-04-01,M-O05,油压,16.4,0,,0,3,492,417.4,0
2025-04-01,M-O06,油压,15.5,0,,0,1,118,392.0,3
2025-04-01,M-O07,油压,16.7,0,,0,2,90,706.9,0
2025-04-01,M-O08,油压,18.4,0,,0,1,472,762.4,0
2025-04-01,M-O09,油压,13.1,0,,0.5,1,407,667.9,2
2025-04-01,M-D01,双色旋转,13.1,0,,0,3,478,123.3,4
2025-04-01,M-D02,双色旋转,18.3,0,,0,1,475,538.3,1
2025-04-01,M-D03,双色旋转,15.4,0,,0.3,2,92,473.0,0
2025-04-01,M-T01,两板,14.6,0,,0,2,352,49.1,3
2025-04-01,M-T02,两板,15.6,0,,0,1,162,377.7,0
2025-04-01,M-T03,两板,18.3,0,,0,1,538,983.7,4
2025-04-01,M-T04,两板,17.6,0,,0,3,177,1639.2,1
2025-04-02,M-E01,全电动,16.7,0,,0,1,485,36.5,1
2025-04-02,M-E02,全电动,16.6,0,,0,3,195,25.2,1
2025-04-02,M-E03,全电动,15.4,0,,0.5,2,409,37.9,0
2025-04-02,M-E04,全电动,16.9,0,,0.4,3,399,49.4,1
2025-04-02,M-E05,全电动,15.3,0,,0,1,212,51.1,3
2025-04-02,M-E06,全电动,16.3,0,,0,1,588,68.8,3
2025-04-02,M-E07,全电动,17.2,0,,0,3,173,92.9,0
2025-04-02,M-E08,全电动,18.6,0,,0,1,415,126.1,3
2025-04-02,M-E09,全电动,18.8,0,,0,1,393,123.0,2
2025-04-02,M-E10,全电动,16.2,0,,0,1,267,111.1,0
2025-04-02,M-E11,全电动,16.1,0,,0,1,518,113.6,3
2025-04-02,M-E12,全电动,16.7,0,,0,3,403,179.7,2
2025-04-02,M-E13,全电动,18.3,0,,0,4,543,188.1,1
2025-04-02,M-O01,油压,16.8,0,,0,3,123,209.2,4
2025-04-02,M-O02,油压,17.4,0,,0,2,265,270.7,1
2025-04-02,M-O03,油压,15.8,0,,0,2,270,346.2,0
2025-04-02,M-O04,油压,14.4,0,,0,2,138,408.9,1
2025-04-02,M-O05,油压,17.8,0,,0,2,231,432.7,2
2025-04-02,M-O06,油压,13.9,0,,0.1,2,95,453.4,4
2025-04-02,M-O07,油压,16.0,0,,0,2,573,534.1,1
2025-04-02,M-O08,油压,17.0,0,,0.3,2,590,666.1,4
2025-04-02,M-O09,油压,18.6,0,,0,2,421,1077.6,3
2025-04-02,M-D01,双色旋转,18.2,0,,0.4,3,391,162.7,3
2025-04-02,M-D02,双色旋转,13.9,0,,0.3,3,315,476.4,2
2025-04-02,M-D03,双色旋转,15.7,0,,0.2,1,300,508.9,2
2025-04-02,M-T01,两板,14.1,0,,0,3,429,45.6,1
2025-04-02,M-T02,两板,17.4,0,,0,2,549,392.6,3
2025-04-02,M-T03,两板,16.5,0,,0,2,457,1065.4,4
2025-04-02,M-T04,两板,14.3,0,,0,3,376,1342.4,1
2025-04-03,M-E01,全电动,15.9,0,,0,1,333,35.5,4
2025-04-03,M-E02,全电动,17.3,0,,0,2,303,32.8,0
2025-04-03,M-E03,全电动,18.2,0,,0,1,559,59.9,1
2025-04-03,M-E04,全电动,17.4,0,,0.2,2,464,45.4,2
2025-04-03,M-E05,全电动,16.1,0,,0,2,559,52.2,4
2025-04-03,M-E06,全电动,18.8,0,,0.3,3,145,77.5,2
2025-04-03,M-E07,全电动,18.4,0,,0,1,594,75.8,2
2025-04-03,M-E08,全电动,18.5,0,,0,2,443,124.3,4
2025-04-03,M-E09,全电动,13.7,0,,0,2,486,109.3,2
2025-04-03,M-E10,全电动,13.0,3.2,加热系统,0,3,83,111.9,0
2025-04-03,M-E11,全电动,14.1,0,,0,2,553,120.8,3
2025-04-03,M-E12,全电动,17.6,0,,0,4,85,187.2,4
2025-04-03,M-E13,全电动,17.2,0,,0,3,206,158.4,4
2025-04-03,M-O01,油压,16.7,0,,0,4,209,255.7,3
2025-04-03,M-O02,油压,18.3,0,,0,2,463,230.6,3
2025-04-03,M-O03,油压,14.7,0,,0,2,226,282.6,3
2025-04-03,M-O04,油压,14.8,0,,0,2,233,295.8,4
2025-04-03,M-O05,油压,18.1,0,,0,3,432,465.2,1
2025-04-03,M-O06,油压,15.3,0,,0,3,130,525.4,2
2025-04-03,M-O07,油压,13.4,0,,0,1,570,418.1,1
2025-04-03,M-O08,油压,14.3,0,,0,1,311,722.7,1
2025-04-03,M-O09,油压,18.8,0,,0,2,309,796.3,2
2025-04-03,M-D01,双色旋转,18.0,0,,0,1,317,140.8,0
2025-04-03,M-D02,双色旋转,13.0,0,,0,3,116,474.3,0
2025-04-03,M-D03,双色旋转,13.1,0,,0,1,401,449.9,3
2025-04-03,M-T01,两板,17.3,0,,0.4,1,106,60.7,2
2025-04-03,M-T02,两板,16.5,0,,0,1,560,390.0,4
2025-04-03,M-T03,两板,16.3,0,,0,3,100,832.8,3
2025-04-03,M-T04,两板,15.4,0,,0,2,149,1062.1,4
2025-04-04,M-E01,全电动,17.9,0,,0,2,530,37.0,2
2025-04-04,M-E02,全电动,13.6,0,,0,3,222,22.2,2
2025-04-04,M-E03,全电动,18.4,0,,0.0,3,462,49.7,0
2025-04-04,M-E04,全电动,13.4,0,,0,3,126,33.2,2
2025-04-04,M-E05,全电动,17.4,0,,0,4,443,63.7,1
2025-04-04,M-E06,全电动,14.5,0,,0,2,203,52.7,1
2025-04-04,M-E07,全电动,17.9,0,,0,2,464,69.0,2
2025-04-04,M-E08,全电动,13.5,0,,0,2,111,70.6,0
2025-04-04,M-E09,全电动,17.8,0,,0.2,2,164,133.4,0
2025-04-04,M-E10,全电动,16.9,0,,0.4,2,451,141.8,4
2025-04-04,M-E11,全电动,17.4,0,,0,2,244,155.0,0
2025-04-04,M-E12,全电动,14.9,0,,0,3,563,125.3,1
2025-04-04,M-E13,全电动,14.8,0,,0.3,2,577,148.5,3
2025-04-04,M-O01,油压,16.8,0,,0,1,322,217.2,4
2025-04-04,M-O02,油压,16.7,2.1,电气故障,0,4,247,248.5,4
2025-04-04,M-O03,油压,16.9,0,,0,2,529,344.6,0
2025-04-04,M-O04,油压,18.8,0,,0,4,440,482.4,3
2025-04-04,M-O05,油压,18.0,0,,0.1,2,459,538.2,0
2025-04-04,M-O06,油压,18.3,0,,0.5,2,95,581.9,3
2025-04-04,M-O07,油压,15.3,0,,0,1,198,663.7,0
2025-04-04,M-O08,油压,13.5,0,,0,1,86,556.8,3
2025-04-04,M-O09,油压,13.1,0,,0,1,269,729.8,2
2025-04-04,M-D01,双色旋转,13.3,0,,0,2,470,139.4,2
2025-04-04,M-D02,双色旋转,16.6,0,,0,1,158,614.6,3
2025-04-04,M-D03,双色旋转,15.7,0,,0,1,276,472.7,0
2025-04-04,M-T01,两板,14.8,0,,0,2,241,54.4,0
2025-04-04,M-T02,两板,18.3,0,,0,2,435,525.3,2
2025-04-04,M-T03,两板,13.2,0,,0,1,293,613.3,4
2025-04-04,M-T04,两板,15.4,0,,0,2,318,1427.8,3
2025-04-05,M-E01,全电动,15.6,0,,0,2,270,27.0,0
2025-04-05,M-E02,全电动,14.5,0,,0,2,235,28.1,4
2025-04-05,M-E03,全电动,18.2,0,,0,2,196,47.1,2
2025-04-05,M-E04,全电动,15.0,0,,0,3,548,48.1,4
2025-04-05,M-E05,全电动,17.3,0,,0,2,521,52.5,3
2025-04-05,M-E06,全电动,17.5,0,,0.3,1,442,61.8,1
2025-04-05,M-E07,全电动,18.2,0,,0,2,452,86.3,3
2025-04-05,M-E08,全电动,13.7,0,,0,1,211,91.5,1
2025-04-05,M-E09,全电动,15.4,0,,0,3,281,92.8,3
2025-04-05,M-E10,全电动,14.5,0,,0.1,2,473,137.6,3
2025-04-05,M-E11,全电动,12.5,1.4,电气故障,0.3,2,495,88.4,2
2025-04-05,M-E12,全电动,15.9,0,,0,1,254,178.7,1
2025-04-05,M-E13,全电动,16.9,0,,0,2,177,216.5,0
2025-04-05,M-O01,油压,17.4,0,,0,2,365,202.7,2
2025-04-05,M-O02,油压,15.2,0,,0,1,386,214.8,1
2025-04-05,M-O03,油压,18.3,0,,0,1,225,284.4,2
2025-04-05,M-O04,油压,16.3,0,,0,4,477,438.1,1
2025-04-05,M-O05,油压,13.9,0,,0,2,547,422.8,0
2025-04-05,M-O06,油压,13.2,0,,0.3,4,196,483.9,4
2025-04-05,M-O07,油压,15.8,0,,0,3,358,720.4,3
2025-04-05,M-O08,油压,14.5,0,,0.0,2,133,673.3,1
2025-04-05,M-O09,油压,15.000000000000002,3.6,模具问题,0,2,363,838.2,0
2025-04-05,M-D01,双色旋转,18.7,0,,0,2,348,145.9,3
2025-04-05,M-D02,双色旋转,15.4,0,,0.1,2,135,512.6,1
2025-04-05,M-D03,双色旋转,15.0,0,,0,2,313,566.8,1
2025-04-05,M-T01,两板,15.8,0,,0,2,222,40.5,0
2025-04-05,M-T02,两板,18.7,0,,0,1,451,474.4,1
2025-04-05,M-T03,两板,18.4,0,,0,2,588,1136.6,4
2025-04-05,M-T04,两板,17.9,0,,0,4,115,1657.1,4
2025-04-06,M-E01,全电动,16.8,0,,0,1,333,27.3,4
2025-04-06,M-E02,全电动,14.4,0,,0,1,382,28.5,4
2025-04-06,M-E03,全电动,15.7,0,,0,1,312,46.1,0
2025-04-06,M-E04,全电动,17.1,0,,0,3,406,56.2,4
2025-04-06,M-E05,全电动,15.6,0,,0,4,277,59.2,2
2025-04-06,M-E06,全电动,18.9,0,,0,4,96,66.6,0
2025-04-06,M-E07,全电动,13.5,0,,0,1,486,65.2,4
2025-04-06,M-E08,全电动,18.3,0,,0,3,421,125.1,0
2025-04-06,M-E09,全电动,14.7,0,,0,1,244,86.2,0
2025-04-06,M-E10,全电动,14.0,0,,0,2,195,94.8,4
2025-04-06,M-E11,全电动,14.4,0,,0,3,367,111.1,2
2025-04-06,M-E12,全电动,15.5,0,,0,1,115,159.9,4
2025-04-06,M-E13,全电动,16.7,0,,0.5,1,548,196.1,0
2025-04-06,M-O01,油压,13.1,0,,0,1,580,164.7,3
2025-04-06,M-O02,油压,13.3,0,,0,2,249,170.5,0
2025-04-06,M-O03,油压,14.3,0,,0,2,452,300.0,3
2025-04-06,M-O04,油压,18.9,0,,0,2,569,468.8,0
2025-04-06,M-O05,油压,15.3,0,,0,2,562,481.4,4
2025-04-06,M-O06,油压,18.2,0,,0,2,352,687.4,2
2025-04-06,M-O07,油压,16.7,1.7,液压系统,0.3,2,126,696.6,4
2025-04-06,M-O08,油压,16.9,0,,0,1,243,810.4,0
2025-04-06,M-O09,油压,15.8,0,,0,1,337,759.0,0
2025-04-06,M-D01,双色旋转,17.1,0,,0,1,548,122.0,0
2025-04-06,M-D02,双色旋转,16.9,0,,0,3,440,625.8,0
2025-04-06,M-D03,双色旋转,18.7,0,,0,2,240,615.8,1
2025-04-06,M-T01,两板,15.7,0,,0,1,116,52.6,3
2025-04-06,M-T02,两板,14.6,0,,0,4,541,361.2,2
2025-04-06,M-T03,两板,14.2,0,,0,2,442,659.6,1
2025-04-06,M-T04,两板,14.2,0,,0,3,301,1268.7,3
2025-04-07,M-E01,全电动,15.7,0,,0,1,242,27.4,1
2025-04-07,M-E02,全电动,18.2,0,,0,3,477,32.5,0
2025-04-07,M-E03,全电动,17.5,0,,0,2,390,53.9,2
2025-04-07,M-E04,全电动,15.8,0,,0,1,592,45.8,3
2025-04-07,M-E05,全电动,15.6,0,,0.0,3,314,55.4,1
2025-04-07,M-E06,全电动,14.3,0,,0,3,128,47.2,1
2025-04-07,M-E07,全电动,18.9,0,,0,3,200,85.8,2
2025-04-07,M-E08,全电动,18.3,0,,0,1,234,98.0,3
2025-04-07,M-E09,全电动,14.7,0,,0.4,1,564,103.4,0
2025-04-07,M-E10,全电动,16.3,0,,0,3,564,137.5,1
2025-04-07,M-E11,全电动,15.0,0,,0,3,541,144.2,1
2025-04-07,M-E12,全电动,13.1,0,,0,1,262,148.3,3
2025-04-07,M-E13,全电动,16.7,0,,0,2,288,167.3,0
2025-04-07,M-O01,油压,18.0,0,,0,1,257,301.9,0
2025-04-07,M-O02,油压,18.2,0,,0,4,343,335.2,2
2025-04-07,M-O03,油压,14.4,0,,0,1,360,308.4,0
2025-04-07,M-O04,油压,18.8,0,,0,2,269,502.3,2
2025-04-07,M-O05,油压,15.0,0,,0,3,264,326.2,3
2025-04-07,M-O06,油压,18.0,0,,0,3,224,497.6,4
2025-04-07,M-O07,油压,16.2,0,,0,3,92,663.1,4
2025-04-07,M-O08,油压,15.100000000000001,0.7,液压系统,0,1,580,666.6,1
2025-04-07,M-O09,油压,18.0,0,,0,1,306,943.0,4
2025-04-07,M-D01,双色旋转,14.9,0,,0.1,2,359,133.3,4
2025-04-07,M-D02,双色旋转,18.9,0,,0,3,163,715.2,4
2025-04-07,M-D03,双色旋转,14.9,0,,0,1,372,461.1,4
2025-04-07,M-T01,两板,18.8,0,,0,2,338,48.6,4
2025-04-07,M-T02,两板,17.8,0,,0,2,414,438.9,4
2025-04-07,M-T03,两板,14.3,0,,0,1,352,930.4,3
2025-04-07,M-T04,两板,14.8,0,,0.3,3,327,1089.8,2
2025-04-08,M-E01,全电动,17.4,0,,0,2,443,34.3,2
2025-04-08,M-E02,全电动,18.2,0,,0,1,399,28.0,2
2025-04-08,M-E03,全电动,18.7,0,,0,1,406,53.6,1
2025-04-08,M-E04,全电动,15.3,0,,0,3,187,44.2,2
2025-04-08,M-E05,全电动,15.0,0,,0,1,107,61.8,0
2025-04-08,M-E06,全电动,17.2,0,,0,1,403,66.7,0
2025-04-08,M-E07,全电动,16.6,0,,0,2,416,62.9,1
2025-04-08,M-E08,全电动,14.4,0,,0.2,3,180,84.0,4
2025-04-08,M-E09,全电动,15.1,0,,0,2,320,92.4,4
2025-04-08,M-E10,全电动,14.6,0,,0.1,3,369,93.2,4
2025-04-08,M-E11,全电动,18.1,0,,0,1,215,130.1,1
2025-04-08,M-E12,全电动,18.2,0,,0,2,308,151.0,2
2025-04-08,M-E13,全电动,15.6,0,,0,2,534,160.6,1
2025-04-08,M-O01,油压,13.1,0,,0,2,560,160.6,3
2025-04-08,M-O02,油压,13.7,0,,0,2,205,246.7,1
2025-04-08,M-O03,油压,15.3,0,,0,2,279,323.5,4
2025-04-08,M-O04,油压,13.2,0,,0,3,418,336.3,4
2025-04-08,M-O05,油压,14.6,0,,0,2,215,470.3,4
2025-04-08,M-O06,油压,14.8,0,,0,2,182,424.5,2
2025-04-08,M-O07,油压,18.8,0,,0,3,243,718.3,1
2025-04-08,M-O08,油压,17.8,0,,0,2,148,874.2,4
2025-04-08,M-O09,油压,12.2,3.7,加热系统,0,1,439,610.3,4
2025-04-08,M-D01,双色旋转,14.7,0,,0,4,417,146.6,0
2025-04-08,M-D02,双色旋转,15.6,0,,0,3,247,412.1,2
2025-04-08,M-D03,双色旋转,12.200000000000001,2.6,电气故障,0,3,190,400.4,0
2025-04-08,M-T01,两板,18.4,0,,0,3,248,55.9,2
2025-04-08,M-T02,两板,14.5,0,,0,2,291,401.7,2
2025-04-08,M-T03,两板,17.5,0,,0,2,91,866.1,0
2025-04-08,M-T04,两板,18.8,0,,0.1,4,305,1333.3,4
2025-04-09,M-E01,全电动,17.4,0,,0,3,476,28.2,2
2025-04-09,M-E02,全电动,17.8,0,,0,1,562,37.2,0
2025-04-09,M-E03,全电动,18.2,0,,0,3,219,61.4,3
2025-04-09,M-E04,全电动,17.9,0,,0,1,370,41.5,0
2025-04-09,M-E05,全电动,17.8,0,,0,3,204,77.5,4
2025-04-09,M-E06,全电动,16.3,0,,0,1,170,54.0,4
2025-04-09,M-E07,全电动,13.6,0,,0,1,502,59.7,1
2025-04-09,M-E08,全电动,17.2,0,,0,2,231,113.9,3
2025-04-09,M-E09,全电动,17.0,0,,0.5,1,177,116.3,1
2025-04-09,M-E10,全电动,14.5,0,,0,3,477,98.9,3
2025-04-09,M-E11,全电动,15.8,0,,0,4,510,164.5,4
2025-04-09,M-E12,全电动,17.4,0,,0.5,1,524,188.7,1
2025-04-09,M-E13,全电动,14.8,0,,0,3,162,146.3,4
2025-04-09,M-O01,油压,15.9,0,,0.1,1,281,227.3,4
2025-04-09,M-O02,油压,13.6,0,,0,3,558,202.5,0
2025-04-09,M-O03,油压,17.3,0,,0,2,446,268.4,0
2025-04-09,M-O04,油压,18.1,0,,0,2,258,364.7,1
2025-04-09,M-O05,油压,13.6,0,,0,1,275,411.8,2
2025-04-09,M-O06,油压,15.0,0,,0,2,235,522.1,1
2025-04-09,M-O07,油压,17.1,0,,0,1,527,632.7,2
2025-04-09,M-O08,油压,16.0,0,,0,2,97,644.5,2
2025-04-09,M-O09,油压,16.9,0,,0,2,479,705.0,0
2025-04-09,M-D01,双色旋转,18.8,0,,0,1,189,179.3,2
2025-04-09,M-D02,双色旋转,17.0,0,,0,1,211,587.6,4
2025-04-09,M-D03,双色旋转,17.7,0,,0,4,496,516.8,1
2025-04-09,M-T01,两板,16.9,0,,0,4,257,60.4,0
2025-04-09,M-T02,两板,14.8,0,,0,1,323,444.9,0
2025-04-09,M-T03,两板,17.6,0,,0,2,185,996.1,0
2025-04-09,M-T04,两板,14.2,0,,0.4,3,239,961.1,4
2025-04-10,M-E01,全电动,10.4,2.9,传感器异常,0,1,351,18.7,4
2025-04-10,M-E02,全电动,15.7,0,,0,2,146,29.8,3
2025-04-10,M-E03,全电动,17.2,0,,0,2,528,53.1,0
2025-04-10,M-E04,全电动,17.8,0,,0,2,207,48.1,2
2025-04-10,M-E05,全电动,15.4,0,,0,3,567,58.8,4
2025-04-10,M-E06,全电动,17.8,0,,0,2,285,63.3,4
2025-04-10,M-E07,全电动,14.0,0,,0,1,288,77.3,4
2025-04-10,M-E08,全电动,18.0,0,,0,3,194,103.0,1
2025-04-10,M-E09,全电动,13.2,0,,0.4,2,441,90.6,1
2025-04-10,M-E10,全电动,14.3,0,,0,1,282,116.9,3
2025-04-10,M-E11,全电动,18.8,0,,0,2,129,156.1,0
2025-04-10,M-E12,全电动,18.8,0,,0,1,462,198.6,4
2025-04-10,M-E13,全电动,13.7,0,,0,1,554,163.9,0
2025-04-10,M-O01,油压,18.0,0,,0,2,155,304.3,4
2025-04-10,M-O02,油压,14.6,0,,0,3,126,237.1,1
2025-04-10,M-O03,油压,15.9,0,,0,2,566,298.9,4
2025-04-10,M-O04,油压,17.1,0,,0,3,348,416.6,4
2025-04-10,M-O05,油压,16.6,0,,0,1,106,356.5,3
2025-04-10,M-O06,油压,13.7,0,,0.2,2,555,456.3,2
2025-04-10,M-O07,油压,15.6,0,,0,3,331,576.1,4
2025-04-10,M-O08,油压,16.7,0,,0.1,2,126,651.9,1
2025-04-10,M-O09,油压,13.4,0,,0,1,521,563.8,2
2025-04-10,M-D01,双色旋转,15.5,0,,0.4,2,262,156.5,1
2025-04-10,M-D02,双色旋转,14.4,0,,0,3,506,520.5,2
2025-04-10,M-D03,双色旋转,15.8,0,,0,2,234,441.7,2
2025-04-10,M-T01,两板,16.2,0,,0,4,417,50.6,1
2025-04-10,M-T02,两板,15.3,0,,0,3,136,327.1,3
2025-04-10,M-T03,两板,15.4,0,,0,2,362,978.2,2
2025-04-10,M-T04,两板,17.5,0,,0,1,511,1373.5,3
2025-04-11,M-E01,全电动,16.3,0,,0,1,145,34.5,0
2025-04-11,M-E02,全电动,14.2,0,,0.3,4,233,22.7,4
2025-04-11,M-E03,全电动,13.0,0,,0.3,3,428,43.8,3
2025-04-11,M-E04,全电动,14.0,0,,0,2,386,41.0,0
2025-04-11,M-E05,全电动,14.0,0,,0,1,444,47.4,4
2025-04-11,M-E06,全电动,15.7,0,,0,2,123,53.6,3
2025-04-11,M-E07,全电动,17.3,0,,0,4,511,67.7,4
2025-04-11,M-E08,全电动,13.1,0,,0,2,329,62.9,2
2025-04-11,M-E09,全电动,13.5,0,,0.3,3,374,100.6,0
2025-04-11,M-E10,全电动,15.2,0,,0,2,553,134.2,3
2025-04-11,M-E11,全电动,14.5,0,,0,3,216,147.2,1
2025-04-11,M-E12,全电动,16.1,0,,0.1,3,354,168.5,2
2025-04-11,M-E13,全电动,14.2,0,,0,3,223,174.9,0
2025-04-11,M-O01,油压,15.6,0,,0,3,552,229.1,3
2025-04-11,M-O02,油压,13.1,0,,0,1,556,167.2,3
2025-04-11,M-O03,油压,16.5,0,,0,1,494,275.8,0
2025-04-11,M-O04,油压,18.4,0,,0,3,546,470.6,2
2025-04-11,M-O05,油压,13.9,0,,0,1,574,305.2,1
2025-04-11,M-O06,油压,18.7,0,,0,2,214,635.8,3
2025-04-11,M-O07,油压,15.6,0,,0,2,375,560.2,3
2025-04-11,M-O08,油压,16.8,0,,0,3,338,778.9,0
2025-04-11,M-O09,油压,15.5,0,,0,4,289,699.1,3
2025-04-11,M-D01,双色旋转,13.8,0,,0.1,2,353,122.4,0
2025-04-11,M-D02,双色旋转,16.2,0,,0,1,174,564.0,3
2025-04-11,M-D03,双色旋转,14.4,0,,0,2,373,411.7,0
2025-04-11,M-T01,两板,13.9,0,,0,2,257,52.7,1
2025-04-11,M-T02,两板,17.2,0,,0,2,343,372.4,3
2025-04-11,M-T03,两板,14.1,0,,0,1,190,808.0,3
2025-04-11,M-T04,两板,17.9,0,,0,3,561,1282.0,4
2025-04-12,M-E01,全电动,17.4,0,,0.1,3,166,37.5,2
2025-04-12,M-E02,全电动,16.7,0,,0,4,302,25.5,0
2025-04-12,M-E03,全电动,14.5,0,,0,1,399,45.7,4
2025-04-12,M-E04,全电动,15.2,0,,0,1,265,40.7,2
2025-04-12,M-E05,全电动,14.8,0,,0,1,420,48.2,4
2025-04-12,M-E06,全电动,13.1,0,,0,3,114,45.1,0
2025-04-12,M-E07,全电动,18.3,0,,0.4,1,121,83.6,2
2025-04-12,M-E08,全电动,13.9,0,,0,3,421,94.8,0
2025-04-12,M-E09,全电动,13.9,0,,0,2,132,77.8,2
2025-04-12,M-E10,全电动,15.0,0,,0.4,1,548,105.3,1
2025-04-12,M-E11,全电动,18.3,0,,0,4,255,170.1,1
2025-04-12,M-E12,全电动,15.1,0,,0,1,205,137.1,3
2025-04-12,M-E13,全电动,16.5,0,,0,1,410,164.6,1
2025-04-12,M-O01,油压,17.0,1.6,模具问题,0,1,316,222.7,2
2025-04-12,M-O02,油压,14.5,0,,0,3,138,188.3,1
2025-04-12,M-O03,油压,13.6,0,,0,2,592,301.2,1
2025-04-12,M-O04,油压,17.3,0,,0.4,2,517,439.5,1
2025-04-12,M-O05,油压,16.2,0,,0,2,419,436.6,1
2025-04-12,M-O06,油压,18.2,0,,0,2,398,522.0,0
2025-04-12,M-O07,油压,15.8,0,,0,2,163,602.4,1
2025-04-12,M-O08,油压,18.6,0,,0,2,576,814.0,3
2025-04-12,M-O09,油压,15.5,0,,0,1,390,884.5,4
2025-04-12,M-D01,双色旋转,13.0,0,,0,2,260,93.4,3
2025-04-12,M-D02,双色旋转,14.9,0,,0,1,429,442.6,0
2025-04-12,M-D03,双色旋转,17.4,0,,0,1,195,492.3,3
2025-04-12,M-T01,两板,17.7,0,,0,3,513,50.7,1
2025-04-12,M-T02,两板,14.3,0,,0.4,2,329,303.1,4
2025-04-12,M-T03,两板,16.1,0,,0,2,441,814.1,0
2025-04-12,M-T04,两板,14.8,0,,0,1,590,1167.3,4
2025-04-13,M-E01,全电动,14.7,0,,0,1,355,27.8,1
2025-04-13,M-E02,全电动,17.1,0,,0,1,488,33.9,2
2025-04-13,M-E03,全电动,13.1,0,,0,1,230,36.1,1
2025-04-13,M-E04,全电动,18.3,0,,0,2,85,59.0,2
2025-04-13,M-E05,全电动,17.6,0,,0,1,155,74.9,4
2025-04-13,M-E06,全电动,18.7,0,,0,3,319,59.0,2
2025-04-13,M-E07,全电动,16.6,0,,0,2,423,85.9,0
2025-04-13,M-E08,全电动,14.5,0,,0.0,1,579,89.9,2
2025-04-13,M-E09,全电动,11.8,3.0,电气故障,0,3,253,66.0,0
2025-04-13,M-E10,全电动,18.9,0,,0,2,378,153.0,3
2025-04-13,M-E11,全电动,12.700000000000001,1.1,电气故障,0,1,278,97.2,2
2025-04-13,M-E12,全电动,15.7,0,,0,1,492,129.3,3
2025-04-13,M-E13,全电动,18.2,0,,0,2,234,175.7,0
2025-04-13,M-O01,油压,17.2,0,,0,2,481,256.7,1
2025-04-13,M-O02,油压,18.4,0,,0,3,473,250.3,2
2025-04-13,M-O03,油压,14.5,0,,0,2,564,218.4,2
2025-04-13,M-O04,油压,13.2,0,,0,2,583,370.2,3
2025-04-13,M-O05,油压,13.1,0,,0,3,130,387.2,0
2025-04-13,M-O06,油压,16.5,0,,0,4,158,488.0,4
2025-04-13,M-O07,油压,17.2,0,,0,3,168,668.0,3
2025-04-13,M-O08,油压,14.0,0,,0.3,3,143,532.8,2
2025-04-13,M-O09,油压,17.1,0,,0.3,3,102,715.4,1
2025-04-13,M-D01,双色旋转,15.1,0,,0.3,1,318,143.8,1
2025-04-13,M-D02,双色旋转,17.6,0,,0,3,479,568.8,2
2025-04-13,M-D03,双色旋转,18.7,0,,0,1,262,507.7,4
2025-04-13,M-T01,两板,17.7,0,,0,1,365,58.6,1
2025-04-13,M-T02,两板,15.6,0,,0,1,511,403.1,3
2025-04-13,M-T03,两板,18.9,0,,0.3,2,576,963.0,4
2025-04-13,M-T04,两板,14.4,0,,0,1,161,939.5,3
2025-04-14,M-E01,全电动,18.6,0,,0.1,3,81,29.4,3
2025-04-14,M-E02,全电动,17.6,0,,0.5,2,91,35.9,4
2025-04-14,M-E03,全电动,15.0,0,,0,1,179,41.9,2
2025-04-14,M-E04,全电动,17.7,0,,0,2,366,59.9,1
2025-04-14,M-E05,全电动,14.0,0,,0,2,467,46.4,2
2025-04-14,M-E06,全电动,15.3,0,,0,1,507,69.3,4
2025-04-14,M-E07,全电动,13.6,0,,0,1,317,58.2,0
2025-04-14,M-E08,全电动,17.6,0,,0,1,580,100.2,4
2025-04-14,M-E09,全电动,15.0,0,,0,3,269,108.9,0
2025-04-14,M-E10,全电动,18.9,0,,0,4,512,118.2,0
2025-04-14,M-E11,全电动,18.3,0,,0,2,146,137.8,4
2025-04-14,M-E12,全电动,13.9,0,,0,1,367,146.2,4
2025-04-14,M-E13,全电动,16.4,0,,0,3,443,191.0,0
2025-04-14,M-O01,油压,13.8,0,,0,4,437,192.6,2
2025-04-14,M-O02,油压,16.5,0,,0.5,4,130,251.4,3
2025-04-14,M-O03,油压,15.8,0,,0,5,245,281.8,2
2025-04-14,M-O04,油压,14.7,0,,0,1,377,297.6,2
2025-04-14,M-O05,油压,18.6,0,,0,2,512,450.3,4
2025-04-14,M-O06,油压,15.3,0,,0,2,123,461.9,1
2025-04-14,M-O07,油压,14.6,0,,0,3,395,596.9,2
2025-04-14,M-O08,油压,12.799999999999999,2.4,加热系统,0.4,2,83,564.0,2
2025-04-14,M-O09,油压,16.0,0,,0,2,593,860.7,2
2025-04-14,M-D01,双色旋转,13.9,0,,0,3,568,127.4,3
2025-04-14,M-D02,双色旋转,13.3,0,,0,1,112,396.5,1
2025-04-14,M-D03,双色旋转,13.5,0,,0,2,470,414.7,2
2025-04-14,M-T01,两板,15.5,0,,0,1,229,53.0,2
2025-04-14,M-T02,两板,16.2,0,,0,2,451,480.0,1
2025-04-14,M-T03,两板,14.9,0,,0,1,87,903.8,3
2025-04-14,M-T04,两板,14.2,0,,0,2,178,1330.0,3
2025-04-15,M-E01,全电动,17.3,0,,0,2,140,31.7,4
2025-04-15,M-E02,全电动,15.6,0,,0,3,169,35.5,4
2025-04-15,M-E03,全电动,15.5,0,,0,1,259,42.3,3
2025-04-15,M-E04,全电动,16.1,0,,0,3,332,43.2,4
2025-04-15,M-E05,全电动,16.5,0,,0,1,544,54.4,2
2025-04-15,M-E06,全电动,16.9,0,,0,3,202,56.2,4
2025-04-15,M-E07,全电动,18.4,0,,0,2,533,87.1,1
2025-04-15,M-E08,全电动,17.0,0,,0,2,148,97.1,4
2025-04-15,M-E09,全电动,14.1,0,,0,2,141,110.3,0
2025-04-15,M-E10,全电动,17.9,0,,0,5,410,145.7,1
2025-04-15,M-E11,全电动,17.6,0,,0,3,390,142.9,2
2025-04-15,M-E12,全电动,13.9,0,,0,2,398,168.0,1
2025-04-15,M-E13,全电动,13.2,0,,0,3,122,141.4,0
2025-04-15,M-O01,油压,17.5,0,,0,1,92,296.1,2
2025-04-15,M-O02,油压,16.7,0,,0.0,1,94,303.5,4
2025-04-15,M-O03,油压,13.2,0,,0,2,589,289.7,1
2025-04-15,M-O04,油压,17.2,0,,0,1,91,467.0,3
2025-04-15,M-O05,油压,18.6,0,,0.3,2,129,422.3,3
2025-04-15,M-O06,油压,17.1,0,,0,1,428,515.4,1
2025-04-15,M-O07,油压,16.1,0,,0,1,511,619.7,1
2025-04-15,M-O08,油压,15.7,0,,0.3,2,139,646.5,0
2025-04-15,M-O09,油压,18.4,0,,0,1,451,913.2,1
2025-04-15,M-D01,双色旋转,16.8,0,,0,2,366,121.5,2
2025-04-15,M-D02,双色旋转,17.3,0,,0,2,378,463.8,2
2025-04-15,M-D03,双色旋转,13.8,0,,0,3,90,473.1,4
2025-04-15,M-T01,两板,15.4,0,,0,2,362,56.9,2
2025-04-15,M-T02,两板,15.9,0,,0,1,116,442.7,4
2025-04-15,M-T03,两板,18.1,0,,0,1,196,1171.7,4
2025-04-15,M-T04,两板,15.1,0,,0,2,277,1380.6,0
2025-04-16,M-E01,全电动,18.1,0,,0.2,3,315,31.1,2
2025-04-16,M-E02,全电动,15.5,0,,0,1,582,23.8,4
2025-04-16,M-E03,全电动,16.5,0,,0,3,206,48.0,3
2025-04-16,M-E04,全电动,15.0,0,,0.1,2,526,48.1,4
2025-04-16,M-E05,全电动,17.1,0,,0,2,276,65.9,2
2025-04-16,M-E06,全电动,13.9,0,,0,1,367,60.2,3
2025-04-16,M-E07,全电动,17.2,0,,0.5,2,494,86.0,3
2025-04-16,M-E08,全电动,13.5,0,,0,2,435,63.5,3
2025-04-16,M-E09,全电动,13.3,0,,0,1,126,95.2,3
2025-04-16,M-E10,全电动,16.3,0,,0,3,224,132.9,4
2025-04-16,M-E11,全电动,18.0,0,,0.3,1,314,182.8,3
2025-04-16,M-E12,全电动,15.8,0,,0,2,594,136.8,0
2025-04-16,M-E13,全电动,13.4,0,,0,1,117,121.5,0
2025-04-16,M-O01,油压,15.5,0,,0,3,400,246.8,0
2025-04-16,M-O02,油压,15.7,0,,0,2,563,202.3,4
2025-04-16,M-O03,油压,16.8,0,,0,2,461,346.3,2
2025-04-16,M-O04,油压,13.7,0,,0,1,219,309.3,3
2025-04-16,M-O05,油压,15.6,0,,0,3,114,424.6,4
2025-04-16,M-O06,油压,14.2,0,,0,1,326,523.8,4
2025-04-16,M-O07,油压,15.6,0,,0,1,86,512.5,3
2025-04-16,M-O08,油压,13.3,0,,0,3,559,680.7,1
2025-04-16,M-O09,油压,17.5,0,,0,1,460,1015.3,1
2025-04-16,M-D01,双色旋转,13.9,0,,0,2,422,145.7,4
2025-04-16,M-D02,双色旋转,14.6,0,,0,2,302,449.7,4
2025-04-16,M-D03,双色旋转,16.8,0,,0,3,189,577.3,2
2025-04-16,M-T01,两板,16.5,0,,0,3,566,49.4,0
2025-04-16,M-T02,两板,15.8,0,,0.2,2,427,473.4,1
2025-04-16,M-T03,两板,16.9,0,,0,1,158,1035.0,4
2025-04-16,M-T04,两板,14.6,0,,0,2,197,1340.0,0
2025-04-17,M-E01,全电动,16.8,0,,0.2,3,264,35.9,1
2025-04-17,M-E02,全电动,11.1,3.4,传感器异常,0,3,426,17.6,3
2025-04-17,M-E03,全电动,17.4,0,,0,3,349,46.3,3
2025-04-17,M-E04,全电动,16.6,0,,0,1,93,45.5,3
2025-04-17,M-E05,全电动,13.6,0,,0,2,365,52.2,2
2025-04-17,M-E06,全电动,14.5,0,,0,2,323,58.9,1
2025-04-17,M-E07,全电动,14.8,0,,0,1,231,65.0,1
2025-04-17,M-E08,全电动,14.1,0,,0.4,2,565,69.4,4
2025-04-17,M-E09,全电动,15.3,0,,0.1,2,440,126.3,3
2025-04-17,M-E10,全电动,13.9,0,,0,4,223,106.0,1
2025-04-17,M-E11,全电动,14.7,0,,0,1,566,141.6,2
2025-04-17,M-E12,全电动,14.3,0,,0,1,102,164.7,1
2025-04-17,M-E13,全电动,16.9,0,,0.4,2,141,199.6,1
2025-04-17,M-O01,油压,17.7,0,,0,1,536,261.0,1
2025-04-17,M-O02,油压,14.4,0,,0.4,2,437,225.7,1
2025-04-17,M-O03,油压,13.8,0,,0,1,168,263.0,0
2025-04-17,M-O04,油压,14.0,0,,0,2,566,376.1,3
2025-04-17,M-O05,油压,14.7,0,,0,2,342,348.2,2
2025-04-17,M-O06,油压,14.4,0,,0.0,1,416,450.7,0
2025-04-17,M-O07,油压,17.6,0,,0,2,110,752.8,0
2025-04-17,M-O08,油压,14.0,0,,0,1,387,558.0,2
2025-04-17,M-O09,油压,13.8,0,,0,3,357,822.0,2
2025-04-17,M-D01,双色旋转,14.0,0,,0,1,339,101.7,2
2025-04-17,M-D02,双色旋转,15.9,0,,0,1,369,603.5,2
2025-04-17,M-D03,双色旋转,13.9,0,,0,2,543,439.2,1
2025-04-17,M-T01,两板,18.6,0,,0,2,459,50.5,3
2025-04-17,M-T02,两板,14.3,0,,0.4,2,165,330.2,3
2025-04-17,M-T03,两板,14.9,0,,0.2,2,104,871.5,1
2025-04-17,M-T04,两板,16.5,0,,0,1,368,1449.7,2
2025-04-18,M-E01,全电动,18.6,0,,0,3,436,37.0,2
2025-04-18,M-E02,全电动,17.1,0,,0,2,540,36.6,0
2025-04-18,M-E03,全电动,18.4,0,,0,3,349,61.2,4
2025-04-18,M-E04,全电动,15.3,0,,0,3,136,42.5,4
2025-04-18,M-E05,全电动,13.5,0,,0,1,576,46.8,2
2025-04-18,M-E06,全电动,19.0,0,,0,3,535,78.1,1
2025-04-18,M-E07,全电动,15.5,0,,0,2,320,61.5,2
2025-04-18,M-E08,全电动,14.3,0,,0,2,563,73.9,0
2025-04-18,M-E09,全电动,13.5,0,,0,1,329,109.6,4
2025-04-18,M-E10,全电动,16.3,0,,0,2,497,122.9,4
2025-04-18,M-E11,全电动,17.3,0,,0.5,2,440,167.3,3
2025-04-18,M-E12,全电动,18.2,0,,0,4,341,191.2,2
2025-04-18,M-E13,全电动,15.1,0,,0,3,557,151.8,3
2025-04-18,M-O01,油压,14.100000000000001,3.7,电气故障,0,1,115,219.0,2
2025-04-18,M-O02,油压,11.9,1.1,电气故障,0,3,538,162.5,1
2025-04-18,M-O03,油压,16.0,0,,0,3,119,241.3,1
2025-04-18,M-O04,油压,13.7,0,,0,4,509,365.3,2
2025-04-18,M-O05,油压,13.4,0,,0,2,235,405.8,2
2025-04-18,M-O06,油压,16.8,0,,0,1,313,550.3,2
2025-04-18,M-O07,油压,14.1,0,,0,1,81,561.7,4
2025-04-18,M-O08,油压,16.2,0,,0,3,414,742.4,4
2025-04-18,M-O09,油压,15.0,0,,0.5,2,330,776.8,4
2025-04-18,M-D01,双色旋转,14.8,0,,0,1,556,109.3,4
2025-04-18,M-D02,双色旋转,14.4,0,,0,2,440,444.7,3
2025-04-18,M-D03,双色旋转,17.1,0,,0,3,354,459.3,1
2025-04-18,M-T01,两板,17.7,0,,0,4,551,63.0,3
2025-04-18,M-T02,两板,14.4,0,,0,1,230,350.7,0
2025-04-18,M-T03,两板,15.9,0,,0,2,358,786.5,2
2025-04-18,M-T04,两板,17.3,0,,0,2,500,1143.9,2
2025-04-19,M-E01,全电动,17.3,0,,0,3,318,36.0,1
2025-04-19,M-E02,全电动,14.9,0,,0,1,433,23.8,2
2025-04-19,M-E03,全电动,15.5,0,,0,2,574,35.9,4
2025-04-19,M-E04,全电动,17.8,0,,0,4,253,54.2,0
2025-04-19,M-E05,全电动,13.4,0,,0,1,287,44.4,4
2025-04-19,M-E06,全电动,16.6,0,,0,3,580,49.9,1
2025-04-19,M-E07,全电动,14.3,0,,0,1,372,58.1,0
2025-04-19,M-E08,全电动,17.0,0,,0,1,255,84.4,2
2025-04-19,M-E09,全电动,13.9,0,,0,1,204,91.7,4
2025-04-19,M-E10,全电动,18.9,0,,0,3,519,160.2,0
2025-04-19,M-E11,全电动,15.7,0,,0.1,2,310,115.0,2
2025-04-19,M-E12,全电动,13.1,0,,0,1,135,130.3,2
2025-04-19,M-E13,全电动,16.5,0,,0,2,114,153.4,3
2025-04-19,M-O01,油压,11.5,3.3,液压系统,0,2,211,140.1,0
2025-04-19,M-O02,油压,15.8,0,,0,2,281,245.9,0
2025-04-19,M-O03,油压,13.7,2.3,液压系统,0,2,384,284.7,1
2025-04-19,M-O04,油压,18.6,0,,0,2,584,356.2,2
2025-04-19,M-O05,油压,13.1,0,,0,2,329,389.2,3
2025-04-19,M-O06,油压,15.0,0,,0,2,531,395.3,4
2025-04-19,M-O07,油压,18.6,0,,0,3,498,760.5,2
2025-04-19,M-O08,油压,14.8,0,,0,4,287,776.2,1
2025-04-19,M-O09,油压,17.2,0,,0,1,108,872.6,0
2025-04-19,M-D01,双色旋转,16.9,0,,0,2,255,134.1,0
2025-04-19,M-D02,双色旋转,14.2,0,,0,4,294,414.5,2
2025-04-19,M-D03,双色旋转,13.4,0,,0,3,168,489.0,2
2025-04-19,M-T01,两板,18.1,0,,0,1,486,60.6,3
2025-04-19,M-T02,两板,13.0,3.7,传感器异常,0,3,335,354.5,1
2025-04-19,M-T03,两板,15.5,0,,0,2,413,1053.1,0
2025-04-19,M-T04,两板,15.1,0,,0,1,112,1023.4,3
2025-04-20,M-E01,全电动,16.9,0,,0,1,411,38.0,1
2025-04-20,M-E02,全电动,15.0,0,,0.0,1,484,28.6,3
2025-04-20,M-E03,全电动,14.7,0,,0,4,219,48.1,4
2025-04-20,M-E04,全电动,17.6,0,,0,1,128,49.3,2
2025-04-20,M-E05,全电动,14.6,0,,0,1,370,59.1,0
2025-04-20,M-E06,全电动,18.8,0,,0,2,162,64.2,4
2025-04-20,M-E07,全电动,13.5,0,,0,2,481,53.2,1
2025-04-20,M-E08,全电动,15.7,0,,0,2,319,87.3,0
2025-04-20,M-E09,全电动,15.0,0,,0,3,514,88.2,0
2025-04-20,M-E10,全电动,17.2,0,,0,1,405,145.5,4
2025-04-20,M-E11,全电动,14.9,0,,0.3,2,592,127.6,4
2025-04-20,M-E12,全电动,14.8,0,,0,3,147,147.9,0
2025-04-20,M-E13,全电动,16.5,0,,0,2,305,211.1,1
2025-04-20,M-O01,油压,18.0,0,,0,2,597,281.5,3
2025-04-20,M-O02,油压,15.6,0,,0,2,531,233.9,3
2025-04-20,M-O03,油压,13.8,0,,0,2,224,208.9,1
2025-04-20,M-O04,油压,13.4,0,,0,2,403,315.3,1
2025-04-20,M-O05,油压,13.0,0,,0,1,234,418.3,2
2025-04-20,M-O06,油压,13.7,0,,0,1,355,421.1,1
2025-04-20,M-O07,油压,17.8,0,,0,2,314,728.2,1
2025-04-20,M-O08,油压,14.3,0,,0,2,119,610.6,1
2025-04-20,M-O09,油压,15.6,0,,0.0,1,175,703.0,3
2025-04-20,M-D01,双色旋转,17.1,0,,0,2,286,128.6,4
2025-04-20,M-D02,双色旋转,18.4,0,,0.1,2,308,667.0,0
2025-04-20,M-D03,双色旋转,14.1,0,,0,1,363,529.4,1
2025-04-20,M-T01,两板,16.8,0,,0,4,372,49.8,3
2025-04-20,M-T02,两板,15.4,0,,0.1,2,168,425.2,2
2025-04-20,M-T03,两板,15.0,0,,0,2,391,913.5,0
2025-04-20,M-T04,两板,15.9,0,,0,2,133,1147.2,0
2025-04-21,M-E01,全电动,13.7,0,,0.3,3,110,22.3,0
2025-04-21,M-E02,全电动,13.8,0,,0.2,1,476,26.5,0
2025-04-21,M-E03,全电动,15.1,2.1,电气故障,0,2,102,43.1,3
2025-04-21,M-E04,全电动,15.1,0,,0,2,531,37.8,3
2025-04-21,M-E05,全电动,18.6,0,,0.3,3,384,79.6,4
2025-04-21,M-E06,全电动,15.3,0,,0,1,551,63.6,1
2025-04-21,M-E07,全电动,16.5,0,,0,2,511,71.8,2
2025-04-21,M-E08,全电动,15.1,0,,0,2,578,90.9,3
2025-04-21,M-E09,全电动,18.6,0,,0,1,361,143.0,1
2025-04-21,M-E10,全电动,18.0,0,,0,2,326,130.6,4
2025-04-21,M-E11,全电动,14.6,0,,0,3,186,128.0,2
2025-04-21,M-E12,全电动,18.6,0,,0.2,3,330,216.3,0
2025-04-21,M-E13,全电动,14.0,0,,0,3,455,149.7,2
2025-04-21,M-O01,油压,14.5,0,,0,2,447,197.6,4
2025-04-21,M-O02,油压,13.5,0,,0,3,514,198.1,2
2025-04-21,M-O03,油压,18.3,0,,0.4,4,429,338.0,2
2025-04-21,M-O04,油压,15.8,0,,0,3,138,351.5,3
2025-04-21,M-O05,油压,17.2,0,,0,4,599,405.0,0
2025-04-21,M-O06,油压,13.8,0,,0,2,169,411.0,4
2025-04-21,M-O07,油压,13.7,0,,0.2,1,546,432.9,2
2025-04-21,M-O08,油压,13.4,0,,0,2,573,518.6,3
2025-04-21,M-O09,油压,18.3,0,,0,1,421,799.7,1
2025-04-21,M-D01,双色旋转,13.5,0,,0,2,115,126.8,4
2025-04-21,M-D02,双色旋转,17.1,0,,0.3,4,283,464.8,3
2025-04-21,M-D03,双色旋转,15.8,0,,0.3,2,147,412.4,0
2025-04-21,M-T01,两板,18.6,0,,0,1,220,54.4,4
2025-04-21,M-T02,两板,13.4,0,,0,2,348,288.4,4
2025-04-21,M-T03,两板,14.2,0,,0,2,506,698.9,1
2025-04-21,M-T04,两板,16.3,0,,0,1,112,1111.9,2
2025-04-22,M-E01,全电动,13.8,0,,0,1,340,31.0,0
2025-04-22,M-E02,全电动,15.1,0,,0,4,236,30.8,1
2025-04-22,M-E03,全电动,19.0,0,,0,2,497,56.9,4
2025-04-22,M-E04,全电动,15.6,0,,0,4,239,48.6,0
2025-04-22,M-E05,全电动,17.2,0,,0.3,1,369,53.0,2
2025-04-22,M-E06,全电动,16.8,0,,0,2,499,54.4,3
2025-04-22,M-E07,全电动,15.8,0,,0,2,135,84.9,1
2025-04-22,M-E08,全电动,16.8,0,,0,3,347,96.6,1
2025-04-22,M-E09,全电动,15.4,0,,0,2,107,113.5,4
2025-04-22,M-E10,全电动,16.6,0,,0,1,179,140.0,3
2025-04-22,M-E11,全电动,14.2,0,,0,1,161,113.3,0
2025-04-22,M-E12,全电动,14.4,0,,0.2,2,197,131.0,3
2025-04-22,M-E13,全电动,13.1,0,,0.1,1,465,154.2,1
2025-04-22,M-O01,油压,15.8,0,,0,4,459,242.7,1
2025-04-22,M-O02,油压,17.7,0,,0.1,2,440,252.1,0
2025-04-22,M-O03,油压,14.6,0,,0,1,206,282.8,2
2025-04-22,M-O04,油压,13.7,0,,0,1,498,266.5,1
2025-04-22,M-O05,油压,14.1,0,,0,3,360,396.0,0
2025-04-22,M-O06,油压,14.2,0,,0,1,377,529.2,2
2025-04-22,M-O07,油压,17.4,0,,0,2,329,749.7,4
2025-04-22,M-O08,油压,16.0,0,,0,1,540,623.4,1
2025-04-22,M-O09,油压,15.7,0,,0,2,139,909.3,2
2025-04-22,M-D01,双色旋转,13.5,0,,0,1,371,107.3,1
2025-04-22,M-D02,双色旋转,15.1,0,,0,3,576,515.4,0
2025-04-22,M-D03,双色旋转,15.7,0,,0.2,1,155,553.6,4
2025-04-22,M-T01,两板,14.6,0,,0,1,138,50.9,4
2025-04-22,M-T02,两板,18.9,0,,0,1,375,507.2,3
2025-04-22,M-T03,两板,16.5,0,,0,2,438,775.4,0
2025-04-22,M-T04,两板,18.2,0,,0,2,107,1682.1,3
2025-04-23,M-E01,全电动,13.1,0,,0,2,107,26.2,3
2025-04-23,M-E02,全电动,14.5,0,,0,4,399,24.2,0
2025-04-23,M-E03,全电动,13.2,0,,0,1,433,36.8,3
2025-04-23,M-E04,全电动,13.3,0,,0,2,257,30.2,0
2025-04-23,M-E05,全电动,13.3,0,,0,1,564,51.4,1
2025-04-23,M-E06,全电动,16.2,0,,0,4,291,72.2,2
2025-04-23,M-E07,全电动,14.0,0,,0,3,163,62.6,1
2025-04-23,M-E08,全电动,13.8,0,,0,2,239,83.8,2
2025-04-23,M-E09,全电动,13.7,0,,0,4,400,84.8,3
2025-04-23,M-E10,全电动,14.4,0,,0,2,156,94.9,4
2025-04-23,M-E11,全电动,17.1,0,,0,2,494,167.1,0
2025-04-23,M-E12,全电动,16.6,0,,0,2,148,140.7,0
2025-04-23,M-E13,全电动,17.4,0,,0,2,106,219.8,3
2025-04-23,M-O01,油压,19.0,0,,0,2,492,294.7,1
2025-04-23,M-O02,油压,17.1,0,,0.1,2,354,316.4,4
2025-04-23,M-O03,油压,14.7,0,,0,1,167,302.1,3
2025-04-23,M-O04,油压,14.2,0,,0.4,1,397,326.8,1
2025-04-23,M-O05,油压,15.1,0,,0,2,328,370.9,3
2025-04-23,M-O06,油压,18.3,0,,0,3,176,545.1,3
2025-04-23,M-O07,油压,13.4,0,,0,1,349,573.5,1
2025-04-23,M-O08,油压,14.2,0,,0.1,4,98,498.1,0
2025-04-23,M-O09,油压,14.9,0,,0,1,122,753.8,0
2025-04-23,M-D01,双色旋转,15.7,0,,0,4,546,134.4,4
2025-04-23,M-D02,双色旋转,17.0,0,,0,3,254,442.8,0
2025-04-23,M-D03,双色旋转,14.9,0,,0,2,525,524.8,1
2025-04-23,M-T01,两板,17.3,0,,0,2,336,63.5,4
2025-04-23,M-T02,两板,18.1,0,,0,1,546,428.5,4
2025-04-23,M-T03,两板,19.0,0,,0,2,289,1053.1,3
2025-04-23,M-T04,两板,13.6,3.9,电气故障,0,2,140,1247.2,2
2025-04-24,M-E01,全电动,13.9,0,,0,1,286,28.8,0
2025-04-24,M-E02,全电动,17.4,0,,0.2,1,243,36.9,1
2025-04-24,M-E03,全电动,17.0,0,,0,2,525,47.0,4
2025-04-24,M-E04,全电动,18.6,0,,0,2,164,52.9,0
2025-04-24,M-E05,全电动,13.4,0,,0,2,237,42.1,3
2025-04-24,M-E06,全电动,18.6,0,,0,1,325,70.5,3
2025-04-24,M-E07,全电动,16.0,0,,0,3,589,85.3,3
2025-04-24,M-E08,全电动,14.1,0,,0,2,483,67.2,1
2025-04-24,M-E09,全电动,13.7,0,,0,3,103,78.8,1
2025-04-24,M-E10,全电动,13.7,0,,0,2,557,124.5,3
2025-04-24,M-E11,全电动,16.6,0,,0,2,338,153.7,0
2025-04-24,M-E12,全电动,14.1,0,,0.3,2,127,128.1,4
2025-04-24,M-E13,全电动,17.9,0,,0,4,279,166.3,2
2025-04-24,M-O01,油压,16.8,0,,0,1,166,231.4,4
2025-04-24,M-O02,油压,13.3,0,,0,2,177,234.4,1
2025-04-24,M-O03,油压,14.2,0,,0,3,135,292.9,2
2025-04-24,M-O04,油压,18.1,0,,0,3,491,367.4,1
2025-04-24,M-O05,油压,18.9,0,,0,1,402,469.2,2
2025-04-24,M-O06,油压,13.4,0,,0,2,566,418.4,0
2025-04-24,M-O07,油压,14.5,0,,0,1,531,586.6,3
2025-04-24,M-O08,油压,14.1,2.4,加热系统,0,1,466,618.8,3
2025-04-24,M-O09,油压,18.0,0,,0,4,191,888.0,0
2025-04-24,M-D01,双色旋转,18.1,0,,0,3,414,145.2,4
2025-04-24,M-D02,双色旋转,14.9,0,,0.1,2,505,417.6,1
2025-04-24,M-D03,双色旋转,17.2,0,,0.4,2,226,556.7,2
2025-04-24,M-T01,两板,16.1,0,,0,1,366,59.1,3
2025-04-24,M-T02,两板,17.5,0,,0,3,415,397.9,3
2025-04-24,M-T03,两板,14.9,0,,0,1,403,750.5,1
2025-04-24,M-T04,两板,14.2,0,,0,2,558,1299.6,0
2025-04-25,M-E01,全电动,13.6,0,,0,2,90,30.6,4
2025-04-25,M-E02,全电动,15.3,0,,0,2,308,32.8,4
2025-04-25,M-E03,全电动,14.6,0,,0,1,356,33.5,3
2025-04-25,M-E04,全电动,13.8,0,,0,3,429,42.6,2
2025-04-25,M-E05,全电动,13.5,0,,0,3,481,46.0,1
2025-04-25,M-E06,全电动,13.6,0,,0,4,581,57.8,2
2025-04-25,M-E07,全电动,17.1,0,,0,1,349,76.7,0
2025-04-25,M-E08,全电动,17.3,0,,0,2,536,104.0,3
2025-04-25,M-E09,全电动,18.1,0,,0,3,109,105.8,3
2025-04-25,M-E10,全电动,15.5,0,,0,2,149,117.7,0
2025-04-25,M-E11,全电动,16.2,0,,0,1,444,163.9,4
2025-04-25,M-E12,全电动,17.9,0,,0,1,244,207.8,3
2025-04-25,M-E13,全电动,13.6,0,,0,4,519,129.2,1
2025-04-25,M-O01,油压,14.5,0,,0,2,494,188.4,4
2025-04-25,M-O02,油压,16.9,0,,0,1,288,270.0,0
2025-04-25,M-O03,油压,18.1,0,,0,3,447,395.7,2
2025-04-25,M-O04,油压,14.6,0,,0,3,538,291.2,2
2025-04-25,M-O05,油压,15.7,0,,0,2,389,486.9,4
2025-04-25,M-O06,油压,16.8,0,,0,2,235,602.9,4
2025-04-25,M-O07,油压,13.6,0,,0,4,511,474.4,0
2025-04-25,M-O08,油压,18.1,0,,0,2,291,827.3,0
2025-04-25,M-O09,油压,18.8,0,,0,2,448,1021.5,2
2025-04-25,M-D01,双色旋转,18.9,0,,0,1,320,152.5,4
2025-04-25,M-D02,双色旋转,13.2,0,,0,1,547,333.2,1
2025-04-25,M-D03,双色旋转,13.4,2.4,电气故障,0,3,202,373.4,4
2025-04-25,M-T01,两板,17.2,0,,0.2,4,461,54.3,4
2025-04-25,M-T02,两板,15.0,0,,0,2,152,364.7,2
2025-04-25,M-T03,两板,13.5,0,,0,2,416,688.2,3
2025-04-25,M-T04,两板,14.6,0,,0,2,580,1369.5,4
2025-04-26,M-E01,全电动,15.3,0,,0,1,230,33.3,0
2025-04-26,M-E02,全电动,14.8,0,,0,1,219,23.8,3
2025-04-26,M-E03,全电动,13.7,0,,0,2,133,32.8,1
2025-04-26,M-E04,全电动,13.4,0,,0,2,104,36.3,2
2025-04-26,M-E05,全电动,15.9,0,,0,3,565,58.2,0
2025-04-26,M-E06,全电动,14.5,0,,0,1,452,57.3,4
2025-04-26,M-E07,全电动,13.1,0,,0,3,455,74.5,2
2025-04-26,M-E08,全电动,17.6,0,,0,1,531,117.6,4
2025-04-26,M-E09,全电动,18.1,0,,0.0,2,561,102.7,4
2025-04-26,M-E10,全电动,14.5,0,,0,2,546,124.9,4
2025-04-26,M-E11,全电动,13.4,0,,0,3,291,140.3,4
2025-04-26,M-E12,全电动,13.4,0,,0,1,363,120.1,0
2025-04-26,M-E13,全电动,17.4,0,,0,1,89,164.7,4
2025-04-26,M-O01,油压,18.5,0,,0,3,160,289.4,0
2025-04-26,M-O02,油压,15.3,0,,0,1,212,238.7,0
2025-04-26,M-O03,油压,13.1,0,,0,3,545,250.8,4
2025-04-26,M-O04,油压,17.6,0,,0,3,250,397.8,0
2025-04-26,M-O05,油压,13.5,0,,0,2,212,413.7,4
2025-04-26,M-O06,油压,16.8,0,,0,1,459,622.5,3
2025-04-26,M-O07,油压,13.9,0,,0,3,509,418.2,1
2025-04-26,M-O08,油压,18.0,0,,0,4,266,810.8,2
2025-04-26,M-O09,油压,15.2,0,,0,4,142,815.1,3
2025-04-26,M-D01,双色旋转,17.4,0,,0,2,97,146.1,3
2025-04-26,M-D02,双色旋转,18.6,0,,0,1,550,635.6,1
2025-04-26,M-D03,双色旋转,14.7,0,,0,5,206,404.1,4
2025-04-26,M-T01,两板,14.2,0,,0,1,402,41.5,4
2025-04-26,M-T02,两板,13.3,0,,0,2,488,281.5,4
2025-04-26,M-T03,两板,18.6,0,,0.3,2,318,1050.1,3
2025-04-26,M-T04,两板,15.7,0,,0,3,370,1404.5,0
2025-04-27,M-E01,全电动,16.2,0,,0,4,517,25.7,4
2025-04-27,M-E02,全电动,13.4,0,,0.1,2,345,21.4,2
2025-04-27,M-E03,全电动,15.4,0,,0,1,448,47.6,1
2025-04-27,M-E04,全电动,15.4,0,,0,2,258,45.5,4
2025-04-27,M-E05,全电动,13.7,0,,0,1,87,50.1,2
2025-04-27,M-E06,全电动,16.3,0,,0,1,560,50.3,0
2025-04-27,M-E07,全电动,16.2,0,,0,3,113,67.2,3
2025-04-27,M-E08,全电动,18.5,0,,0,2,143,87.9,3
2025-04-27,M-E09,全电动,13.3,0,,0,2,189,73.5,2
2025-04-27,M-E10,全电动,16.0,0,,0,3,233,117.0,2
2025-04-27,M-E11,全电动,16.4,0,,0,2,163,120.2,4
2025-04-27,M-E12,全电动,17.1,0,,0,3,398,137.9,4
2025-04-27,M-E13,全电动,18.5,0,,0,1,87,211.5,0
2025-04-27,M-O01,油压,14.6,0,,0,1,271,177.6,0
2025-04-27,M-O02,油压,14.5,0,,0.5,2,165,256.6,2
2025-04-27,M-O03,油压,14.1,0,,0,4,133,286.7,0
2025-04-27,M-O04,油压,17.4,0,,0,2,247,364.5,1
2025-04-27,M-O05,油压,16.2,0,,0,2,274,377.5,4
2025-04-27,M-O06,油压,13.1,0,,0,4,157,493.0,1
2025-04-27,M-O07,油压,14.9,0,,0,2,367,556.9,3
2025-04-27,M-O08,油压,14.4,0,,0,2,111,572.4,0
2025-04-27,M-O09,油压,14.3,0,,0,2,519,730.8,2
2025-04-27,M-D01,双色旋转,18.7,0,,0,1,530,185.4,2
2025-04-27,M-D02,双色旋转,15.9,0,,0,1,450,534.1,4
2025-04-27,M-D03,双色旋转,16.1,0,,0,3,319,406.3,2
2025-04-27,M-T01,两板,17.7,0,,0,1,583,62.0,1
2025-04-27,M-T02,两板,17.6,0,,0.1,1,268,395.7,0
2025-04-27,M-T03,两板,15.9,0,,0,3,566,854.1,1
2025-04-27,M-T04,两板,13.7,0,,0,1,483,1232.8,2
2025-04-28,M-E01,全电动,15.6,0,,0,2,286,35.4,1
2025-04-28,M-E02,全电动,18.5,0,,0,3,312,37.5,4
2025-04-28,M-E03,全电动,16.7,0,,0,1,152,41.4,4
2025-04-28,M-E04,全电动,13.2,0,,0,3,389,33.7,2
2025-04-28,M-E05,全电动,13.4,0,,0,2,335,48.1,2
2025-04-28,M-E06,全电动,17.5,0,,0,3,504,65.4,1
2025-04-28,M-E07,全电动,13.1,0,,0,3,295,54.6,2
2025-04-28,M-E08,全电动,16.7,0,,0,2,318,92.5,1
2025-04-28,M-E09,全电动,16.3,0,,0,3,306,102.3,0
2025-04-28,M-E10,全电动,16.2,0.7,模具问题,0,2,482,106.5,1
2025-04-28,M-E11,全电动,15.9,0,,0,2,122,137.1,1
2025-04-28,M-E12,全电动,15.4,0,,0,1,508,172.9,3
2025-04-28,M-E13,全电动,13.7,0,,0,1,240,133.2,1
2025-04-28,M-O01,油压,13.0,0,,0,3,591,171.1,0
2025-04-28,M-O02,油压,17.0,0,,0,2,280,255.3,3
2025-04-28,M-O03,油压,17.9,0,,0.2,1,329,357.9,3
2025-04-28,M-O04,油压,17.0,0,,0,3,297,338.2,1
2025-04-28,M-O05,油压,13.5,0,,0,3,477,292.0,0
2025-04-28,M-O06,油压,13.2,0,,0,2,176,339.4,1
2025-04-28,M-O07,油压,13.3,0,,0.4,3,560,535.1,0
2025-04-28,M-O08,油压,13.6,0,,0.3,2,467,612.2,1
2025-04-28,M-O09,油压,16.3,0,,0.4,3,594,849.8,4
2025-04-28,M-D01,双色旋转,14.9,0,,0,3,196,147.8,4
2025-04-28,M-D02,双色旋转,13.5,0,,0,2,420,441.5,3
2025-04-28,M-D03,双色旋转,18.7,0,,0,2,471,645.8,3
2025-04-28,M-T01,两板,15.3,0,,0,4,111,53.1,4
2025-04-28,M-T02,两板,17.2,0,,0,1,263,505.1,3
2025-04-28,M-T03,两板,15.3,0,,0,3,529,912.0,0
2025-04-28,M-T04,两板,14.4,0,,0,3,559,993.8,0
2025-04-29,M-E01,全电动,15.9,0,,0,2,167,28.1,0
2025-04-29,M-E02,全电动,13.5,0,,0,3,516,25.4,4
2025-04-29,M-E03,全电动,15.7,0,,0,2,330,37.1,4
2025-04-29,M-E04,全电动,16.4,0,,0,2,166,40.5,1
2025-04-29,M-E05,全电动,16.5,0,,0,3,376,70.4,3
2025-04-29,M-E06,全电动,15.5,0,,0,2,407,52.0,1
2025-04-29,M-E07,全电动,15.6,0,,0,2,539,73.0,1
2025-04-29,M-E08,全电动,16.7,0,,0,2,129,102.4,2
2025-04-29,M-E09,全电动,14.0,0,,0,1,532,93.6,4
2025-04-29,M-E10,全电动,16.3,0,,0.4,2,430,118.6,2
2025-04-29,M-E11,全电动,17.2,0,,0.4,2,217,154.6,2
2025-04-29,M-E12,全电动,13.9,0,,0.4,3,227,119.9,2
2025-04-29,M-E13,全电动,14.2,0,,0.1,3,181,175.9,1
2025-04-29,M-O01,油压,17.3,0,,0.3,1,515,284.3,0
2025-04-29,M-O02,油压,17.5,0,,0,1,287,223.1,3
2025-04-29,M-O03,油压,14.0,0,,0,1,235,223.8,3
2025-04-29,M-O04,油压,13.3,0,,0.1,4,211,291.5,2
2025-04-29,M-O05,油压,16.5,0,,0,2,161,515.1,4
2025-04-29,M-O06,油压,16.7,0,,0,3,441,526.2,2
2025-04-29,M-O07,油压,15.5,0,,0,2,339,670.1,2
2025-04-29,M-O08,油压,17.4,0,,0,2,114,792.7,4
2025-04-29,M-O09,油压,13.8,0,,0,4,317,716.3,1
2025-04-29,M-D01,双色旋转,19.0,0,,0,3,413,178.2,4
2025-04-29,M-D02,双色旋转,16.1,0,,0,1,591,419.1,0
2025-04-29,M-D03,双色旋转,13.4,0,,0,2,438,492.9,0
2025-04-29,M-T01,两板,14.7,0,,0,4,331,38.8,4
2025-04-29,M-T02,两板,15.3,0,,0.1,1,332,335.1,0
2025-04-29,M-T03,两板,18.8,0,,0,2,448,924.0,1
2025-04-29,M-T04,两板,15.7,0,,0,2,200,1292.0,1
2025-04-30,M-E01,全电动,14.8,0,,0,5,288,25.5,0
2025-04-30,M-E02,全电动,17.4,0,,0,2,287,37.9,3
2025-04-30,M-E03,全电动,13.2,0,,0,1,401,39.4,0
2025-04-30,M-E04,全电动,17.1,0,,0.0,1,92,42.6,2
2025-04-30,M-E05,全电动,16.6,1.7,模具问题,0,3,271,69.3,3
2025-04-30,M-E06,全电动,15.3,0,,0,1,374,69.0,4
2025-04-30,M-E07,全电动,14.3,0,,0,3,327,67.7,1
2025-04-30,M-E08,全电动,16.5,0,,0,2,401,106.7,0
2025-04-30,M-E09,全电动,17.4,0,,0,2,159,139.3,1
2025-04-30,M-E10,全电动,17.0,0,,0,2,401,107.4,0
2025-04-30,M-E11,全电动,16.9,0,,0,2,164,165.8,1
2025-04-30,M-E12,全电动,16.2,0,,0,1,486,159.7,2
2025-04-30,M-E13,全电动,13.6,0,,0,3,467,123.7,1
2025-04-30,M-O01,油压,13.7,0,,0,2,263,159.0,2
2025-04-30,M-O02,油压,18.3,0,,0,3,233,237.8,4
2025-04-30,M-O03,油压,15.1,0,,0,1,430,308.0,3
2025-04-30,M-O04,油压,15.5,0,,0.0,2,408,355.1,1
2025-04-30,M-O05,油压,16.9,0,,0,1,147,451.6,2
2025-04-30,M-O06,油压,15.2,0,,0,3,248,486.6,4
2025-04-30,M-O07,油压,13.8,0,,0.2,1,418,595.1,2
2025-04-30,M-O08,油压,13.3,0,,0.1,1,267,662.2,4
2025-04-30,M-O09,油压,13.2,0,,0,2,566,573.2,4
2025-04-30,M-D01,双色旋转,18.7,0,,0,2,195,186.7,3
2025-04-30,M-D02,双色旋转,18.5,0,,0,3,479,480.6,3
2025-04-30,M-D03,双色旋转,13.1,0,,0,2,586,480.0,1
2025-04-30,M-T01,两板,16.9,0,,0,2,597,53.3,0
2025-04-30,M-T02,两板,16.8,0,,0,1,219,441.8,2
2025-04-30,M-T03,两板,16.3,0,,0,4,185,944.6,3
2025-04-30,M-T04,两板,14.5,0,,0,4,357,1075.5,1
2025-05-01,M-E01,全电动,16.1,0,,0.4,4,468,32.2,4
2025-05-01,M-E02,全电动,16.2,0,,0,1,360,27.4,3
2025-05-01,M-E03,全电动,16.7,0,,0,1,407,40.0,0
2025-05-01,M-E04,全电动,16.2,0,,0,1,461,39.1,2
2025-05-01,M-E05,全电动,18.4,0,,0,2,145,75.7,4
2025-05-01,M-E06,全电动,14.2,0,,0.1,2,127,48.8,3
2025-05-01,M-E07,全电动,16.1,0,,0,3,171,65.6,2
2025-05-01,M-E08,全电动,14.4,0,,0.0,1,451,92.6,4
2025-05-01,M-E09,全电动,13.6,0,,0,3,586,112.5,1
2025-05-01,M-E10,全电动,16.7,0,,0,1,570,146.3,1
2025-05-01,M-E11,全电动,15.2,0,,0,1,272,138.3,2
2025-05-01,M-E12,全电动,13.8,0,,0,2,397,131.3,2
2025-05-01,M-E13,全电动,15.0,0,,0,2,480,192.3,1
2025-05-01,M-O01,油压,16.1,0,,0,2,466,262.1,1
2025-05-01,M-O02,油压,15.7,0,,0,2,147,196.8,3
2025-05-01,M-O03,油压,18.0,0,,0.2,1,223,330.5,3
2025-05-01,M-O04,油压,15.4,0,,0,1,92,341.7,2
2025-05-01,M-O05,油压,18.8,0,,0,2,499,606.9,3
2025-05-01,M-O06,油压,17.3,0,,0,4,414,505.5,2
2025-05-01,M-O07,油压,14.0,0,,0,4,395,487.1,3
2025-05-01,M-O08,油压,18.0,0,,0,2,404,663.0,2
2025-05-01,M-O09,油压,17.2,0,,0.1,2,460,730.6,1
2025-05-01,M-D01,双色旋转,15.1,0,,0,1,482,131.7,2
2025-05-01,M-D02,双色旋转,10.399999999999999,3.3,模具问题,0,3,511,298.3,0
2025-05-01,M-D03,双色旋转,18.6,0,,0,3,268,540.6,3
2025-05-01,M-T01,两板,17.1,0,,0,1,575,46.2,0
2025-05-01,M-T02,两板,16.9,0,,0,1,461,492.4,1
2025-05-01,M-T03,两板,16.4,0,,0,2,286,903.5,2
2025-05-01,M-T04,两板,16.5,0,,0,2,599,1250.3,0
2025-05-02,M-E01,全电动,16.6,0,,0,3,120,27.7,2
2025-05-02,M-E02,全电动,18.6,0,,0.2,3,132,35.3,0
2025-05-02,M-E03,全电动,15.3,0,,0,1,253,45.5,1
2025-05-02,M-E04,全电动,14.5,0,,0,3,411,44.5,2
2025-05-02,M-E05,全电动,18.7,0,,0.0,3,329,68.2,3
2025-05-02,M-E06,全电动,14.9,0,,0,2,102,61.2,4
2025-05-02,M-E07,全电动,13.2,0,,0.0,1,409,68.9,4
2025-05-02,M-E08,全电动,15.5,0,,0,2,536,90.9,3
2025-05-02,M-E09,全电动,15.8,0,,0,1,460,128.6,3
2025-05-02,M-E10,全电动,16.8,0,,0,2,539,148.6,1
2025-05-02,M-E11,全电动,15.4,0,,0,1,205,139.0,4
2025-05-02,M-E12,全电动,14.0,0,,0,3,203,157.1,4
2025-05-02,M-E13,全电动,16.2,0,,0,1,216,179.6,2
2025-05-02,M-O01,油压,13.4,0,,0,4,506,193.7,4
2025-05-02,M-O02,油压,13.4,0,,0,1,441,224.4,3
2025-05-02,M-O03,油压,16.7,0,,0,2,81,297.3,0
2025-05-02,M-O04,油压,17.9,0,,0.2,3,323,433.1,0
2025-05-02,M-O05,油压,14.3,0,,0,3,156,376.4,1
2025-05-02,M-O06,油压,15.7,0,,0.1,1,419,509.2,1
2025-05-02,M-O07,油压,15.4,0,,0,3,272,618.7,3
2025-05-02,M-O08,油压,13.2,0,,0,1,569,695.0,0
2025-05-02,M-O09,油压,16.5,0,,0,1,312,905.4,0
2025-05-02,M-D01,双色旋转,13.4,0,,0,2,289,135.0,3
2025-05-02,M-D02,双色旋转,17.1,0,,0,1,197,582.9,1
2025-05-02,M-D03,双色旋转,18.2,0,,0,3,149,499.4,2
2025-05-02,M-T01,两板,14.3,0,,0.0,1,494,40.1,3
2025-05-02,M-T02,两板,15.0,0,,0.2,3,230,448.9,4
2025-05-02,M-T03,两板,17.3,0,,0,1,594,949.5,0
2025-05-02,M-T04,两板,15.4,0,,0.4,1,453,1082.5,4
2025-05-03,M-E01,全电动,15.6,0,,0,1,212,27.8,0
2025-05-03,M-E02,全电动,14.8,0,,0,1,310,26.8,3
2025-05-03,M-E03,全电动,18.9,0,,0,1,137,58.2,3
2025-05-03,M-E04,全电动,17.5,0,,0,1,136,47.2,0
2025-05-03,M-E05,全电动,13.8,0,,0,2,139,54.9,4
2025-05-03,M-E06,全电动,18.8,0,,0,2,390,72.6,0
2025-05-03,M-E07,全电动,15.4,0,,0,2,99,72.5,1
2025-05-03,M-E08,全电动,15.0,0,,0,1,384,69.4,2
2025-05-03,M-E09,全电动,18.8,0,,0,3,189,137.0,1
2025-05-03,M-E10,全电动,18.3,0,,0,2,545,122.2,4
2025-05-03,M-E11,全电动,17.4,0,,0,2,376,132.1,0
2025-05-03,M-E12,全电动,14.7,0,,0,3,424,145.2,0
2025-05-03,M-E13,全电动,13.5,0,,0.4,2,228,157.8,3
2025-05-03,M-O01,油压,14.7,0,,0,3,80,181.8,1
2025-05-03,M-O02,油压,16.6,0,,0,4,551,250.0,0
2025-05-03,M-O03,油压,16.4,0,,0,3,456,259.5,2
2025-05-03,M-O04,油压,10.4,2.9,加热系统,0,2,575,295.7,4
2025-05-03,M-O05,油压,16.7,0,,0,2,417,441.7,3
2025-05-03,M-O06,油压,16.4,0,,0,2,373,498.9,2
2025-05-03,M-O07,油压,18.1,0,,0,2,553,742.8,2
2025-05-03,M-O08,油压,14.3,0,,0,1,509,664.9,1
2025-05-03,M-O09,油压,15.1,0,,0,3,331,739.8,3
2025-05-03,M-D01,双色旋转,14.3,0.7,电气故障,0,2,340,117.6,2
2025-05-03,M-D02,双色旋转,13.7,0,,0,1,223,505.9,0
2025-05-03,M-D03,双色旋转,14.9,0,,0,3,283,451.3,3
2025-05-03,M-T01,两板,18.0,0,,0.3,3,331,58.1,2
2025-05-03,M-T02,两板,17.1,0,,0,3,149,386.5,1
2025-05-03,M-T03,两板,15.1,0,,0.2,1,382,911.2,4
2025-05-03,M-T04,两板,15.7,0,,0.2,4,397,1025.1,2
2025-05-04,M-E01,全电动,16.5,0,,0,3,206,27.4,3
2025-05-04,M-E02,全电动,18.4,0,,0.1,1,188,33.0,0
2025-05-04,M-E03,全电动,16.0,0,,0,2,308,38.7,2
2025-05-04,M-E04,全电动,17.9,0,,0,3,176,53.4,4
2025-05-04,M-E05,全电动,18.2,0,,0,2,247,64.1,4
2025-05-04,M-E06,全电动,17.1,0,,0,3,266,66.3,1
2025-05-04,M-E07,全电动,13.7,0,,0.5,1,438,64.5,1
2025-05-04,M-E08,全电动,17.3,0,,0,2,568,84.9,1
2025-05-04,M-E09,全电动,16.1,0,,0,1,93,95.0,4
2025-05-04,M-E10,全电动,13.5,2.7,模具问题,0,2,425,84.6,2
2025-05-04,M-E11,全电动,14.7,0,,0,1,433,106.1,1
2025-05-04,M-E12,全电动,15.0,0,,0.1,1,396,120.2,3
2025-05-04,M-E13,全电动,15.7,0,,0,2,122,185.2,2
2025-05-04,M-O01,油压,13.9,0,,0,1,207,156.6,0
2025-05-04,M-O02,油压,13.0,0,,0,2,397,213.6,2
2025-05-04,M-O03,油压,16.3,0,,0,4,303,329.4,0
2025-05-04,M-O04,油压,17.5,0,,0,2,256,425.5,3
2025-05-04,M-O05,油压,18.7,0,,0,2,300,441.6,3
2025-05-04,M-O06,油压,14.1,0,,0,4,273,408.7,0
2025-05-04,M-O07,油压,14.3,0,,0,2,582,450.4,3
2025-05-04,M-O08,油压,17.0,0,,0.5,1,474,732.0,2
2025-05-04,M-O09,油压,14.7,0,,0,3,395,608.7,0
2025-05-04,M-D01,双色旋转,17.1,0,,0,3,287,163.3,1
2025-05-04,M-D02,双色旋转,18.0,0,,0,2,339,503.8,2
2025-05-04,M-D03,双色旋转,16.0,0,,0,1,300,542.0,0
2025-05-04,M-T01,两板,15.9,0,,0,2,148,52.4,1
2025-05-04,M-T02,两板,13.6,0,,0,2,562,328.1,1
2025-05-04,M-T03,两板,12.9,1.9,传感器异常,0,2,214,844.9,4
2025-05-04,M-T04,两板,13.9,0,,0,2,551,1118.8,2
2025-05-05,M-E01,全电动,16.0,0,,0,1,355,31.1,2
2025-05-05,M-E02,全电动,18.6,0,,0,3,232,28.5,3
2025-05-05,M-E03,全电动,15.6,0,,0,1,247,37.2,4
2025-05-05,M-E04,全电动,14.9,0,,0,2,380,40.4,3
2025-05-05,M-E05,全电动,13.8,0,,0,2,169,54.6,4
2025-05-05,M-E06,全电动,16.6,0,,0,2,174,56.3,2
2025-05-05,M-E07,全电动,18.5,0,,0.5,1,293,97.0,0
2025-05-05,M-E08,全电动,18.6,0,,0,2,492,86.9,1
2025-05-05,M-E09,全电动,18.6,0,,0,1,197,128.7,0
2025-05-05,M-E10,全电动,16.6,0,,0,3,540,114.2,4
2025-05-05,M-E11,全电动,16.3,0,,0,3,483,170.3,0
2025-05-05,M-E12,全电动,14.2,0,,0,4,259,138.6,3
2025-05-05,M-E13,全电动,15.8,0,,0,1,204,196.5,1
2025-05-05,M-O01,油压,13.8,0,,0,3,247,212.9,0
2025-05-05,M-O02,油压,14.5,0,,0,2,354,227.7,4
2025-05-05,M-O03,油压,15.4,0,,0,3,553,333.9,0
2025-05-05,M-O04,油压,17.5,0,,0,3,139,493.8,1
2025-05-05,M-O05,油压,16.8,0,,0.3,1,187,500.7,0
2025-05-05,M-O06,油压,14.5,0,,0.1,3,545,410.2,4
2025-05-05,M-O07,油压,16.4,0,,0,2,456,541.1,3
2025-05-05,M-O08,油压,16.1,0,,0,1,91,790.8,1
2025-05-05,M-O09,油压,17.2,0,,0,3,547,1037.9,3
2025-05-05,M-D01,双色旋转,16.3,0,,0,1,569,122.0,4
2025-05-05,M-D02,双色旋转,17.1,0,,0.4,3,163,528.4,4
2025-05-05,M-D03,双色旋转,17.1,0,,0,3,478,521.4,1
2025-05-05,M-T01,两板,18.0,0,,0,2,316,59.6,3
2025-05-05,M-T02,两板,14.6,0,,0.2,2,429,355.8,0
2025-05-05,M-T03,两板,13.7,0,,0,4,245,804.0,0
2025-05-05,M-T04,两板,13.8,0,,0.3,1,231,1063.5,2
2025-05-06,M-E01,全电动,16.9,0,,0,3,552,33.3,4
2025-05-06,M-E02,全电动,14.3,0,,0.3,2,142,23.7,0
2025-05-06,M-E03,全电动,15.2,0,,0.3,1,479,48.4,3
2025-05-06,M-E04,全电动,17.1,0,,0,2,335,58.3,4
2025-05-06,M-E05,全电动,15.1,0,,0,2,529,50.4,4
2025-05-06,M-E06,全电动,15.4,0,,0,3,599,61.8,3
2025-05-06,M-E07,全电动,15.1,0,,0.5,1,559,56.8,1
2025-05-06,M-E08,全电动,17.2,0,,0.5,3,509,97.7,4
2025-05-06,M-E09,全电动,16.8,0,,0,2,572,112.9,2
2025-05-06,M-E10,全电动,18.1,0,,0,2,382,148.8,3
2025-05-06,M-E11,全电动,15.8,0,,0,2,153,157.3,2
2025-05-06,M-E12,全电动,15.5,0,,0.2,2,150,128.9,0
2025-05-06,M-E13,全电动,18.8,0,,0,3,111,249.2,4
2025-05-06,M-O01,油压,14.4,0,,0,2,360,203.4,2
2025-05-06,M-O02,油压,13.4,0,,0,1,393,223.5,4
2025-05-06,M-O03,油压,13.3,0,,0,1,294,253.2,1
2025-05-06,M-O04,油压,14.3,1.8,模具问题,0,2,331,322.9,2
2025-05-06,M-O05,油压,18.3,0,,0,2,487,414.7,4
2025-05-06,M-O06,油压,13.3,0,,0,1,520,476.5,0
2025-05-06,M-O07,油压,17.6,0,,0,1,99,742.7,1
2025-05-06,M-O08,油压,13.0,0,,0.2,2,287,518.0,2
2025-05-06,M-O09,油压,16.5,0,,0,1,398,672.5,3
2025-05-06,M-D01,双色旋转,18.3,0,,0.5,3,421,179.0,4
2025-05-06,M-D02,双色旋转,16.3,0,,0,1,211,550.2,1
2025-05-06,M-D03,双色旋转,17.6,0,,0,2,522,465.1,2
2025-05-06,M-T01,两板,15.0,0,,0,1,461,48.3,2
2025-05-06,M-T02,两板,16.6,0,,0,3,384,492.1,1
2025-05-06,M-T03,两板,13.5,0,,0,1,390,804.7,0
2025-05-06,M-T04,两板,15.8,0,,0,2,433,1346.3,3
2025-05-07,M-E01,全电动,16.0,0,,0,4,561,29.7,1
2025-05-07,M-E02,全电动,14.3,0,,0,1,563,24.2,1
2025-05-07,M-E03,全电动,15.9,0,,0,3,419,40.2,0
2025-05-07,M-E04,全电动,13.9,0,,0,1,234,41.1,4
2025-05-07,M-E05,全电动,14.7,0,,0,3,429,47.3,4
2025-05-07,M-E06,全电动,19.0,0,,0.3,3,166,86.0,1
2025-05-07,M-E07,全电动,13.5,0,,0,2,558,53.7,3
2025-05-07,M-E08,全电动,15.8,0,,0,1,459,84.2,0
2025-05-07,M-E09,全电动,15.8,0,,0,2,483,115.9,3
2025-05-07,M-E10,全电动,13.000000000000002,3.6,传感器异常,0.1,2,135,100.8,4
2025-05-07,M-E11,全电动,18.7,0,,0,3,468,197.8,4
2025-05-07,M-E12,全电动,17.6,0,,0,4,205,205.4,1
2025-05-07,M-E13,全电动,14.8,0,,0,1,165,182.5,2
2025-05-07,M-O01,油压,17.4,0,,0,3,595,198.7,3
2025-05-07,M-O02,油压,18.6,0,,0,2,467,268.0,3
2025-05-07,M-O03,油压,17.9,0,,0,1,476,355.5,3
2025-05-07,M-O04,油压,15.5,0,,0,3,198,413.4,4
2025-05-07,M-O05,油压,18.0,0,,0,2,387,445.9,4
2025-05-07,M-O06,油压,16.2,0,,0.0,2,440,409.1,1
2025-05-07,M-O07,油压,16.2,0,,0.4,1,495,550.5,2
2025-05-07,M-O08,油压,13.5,0,,0,2,333,625.8,2
2025-05-07,M-O09,油压,15.7,0,,0,1,591,750.1,0
2025-05-07,M-D01,双色旋转,17.9,0,,0,2,196,137.9,4
2025-05-07,M-D02,双色旋转,18.4,0,,0.2,2,193,690.0,2
2025-05-07,M-D03,双色旋转,18.4,0,,0,3,264,562.9,1
2025-05-07,M-T01,两板,18.2,0,,0.0,2,596,58.8,1
2025-05-07,M-T02,两板,13.9,0,,0,3,325,401.2,0
2025-05-07,M-T03,两板,13.8,0,,0,1,171,666.4,4
2025-05-07,M-T04,两板,18.4,0,,0.0,3,202,1158.3,2
2025-05-08,M-E01,全电动,17.0,0,,0,1,365,28.6,0
2025-05-08,M-E02,全电动,15.2,0,,0,2,96,34.4,0
2025-05-08,M-E03,全电动,16.1,0,,0,2,101,40.8,4
2025-05-08,M-E04,全电动,15.6,0,,0,3,362,50.6,1
2025-05-08,M-E05,全电动,17.3,0,,0,1,295,74.3,1
2025-05-08,M-E06,全电动,15.2,0,,0,1,171,61.7,4
2025-05-08,M-E07,全电动,17.8,0,,0,2,117,99.9,2
2025-05-08,M-E08,全电动,17.9,0,,0.5,3,317,93.3,3
2025-05-08,M-E09,全电动,15.2,0,,0.4,1,514,99.1,2
2025-05-08,M-E10,全电动,19.0,0,,0,2,161,147.0,4
2025-05-08,M-E11,全电动,17.3,0,,0,2,338,182.9,4
2025-05-08,M-E12,全电动,18.9,0,,0,1,200,170.1,0
2025-05-08,M-E13,全电动,18.2,0,,0,3,588,211.8,0
2025-05-08,M-O01,油压,15.5,0,,0,1,171,209.3,0
2025-05-08,M-O02,油压,16.1,0,,0,2,278,275.2,1
2025-05-08,M-O03,油压,14.8,0,,0,2,141,299.0,3
2025-05-08,M-O04,油压,16.0,0,,0,1,285,359.7,3
2025-05-08,M-O05,油压,15.0,0,,0,1,540,428.4,3
2025-05-08,M-O06,油压,16.7,0,,0,3,302,476.6,4
2025-05-08,M-O07,油压,14.2,0,,0.3,1,246,552.1,4
2025-05-08,M-O08,油压,18.3,0,,0,4,106,963.6,3
2025-05-08,M-O09,油压,13.2,0,,0,2,514,537.9,3
2025-05-08,M-D01,双色旋转,14.4,0,,0,1,546,131.7,0
2025-05-08,M-D02,双色旋转,14.9,0,,0,1,352,423.0,2
2025-05-08,M-D03,双色旋转,14.4,0,,0,2,508,405.2,1
2025-05-08,M-T01,两板,15.1,0,,0,2,271,47.6,2
2025-05-08,M-T02,两板,15.3,0,,0.3,2,219,341.7,3
2025-05-08,M-T03,两板,15.0,0,,0,2,351,794.0,0
2025-05-08,M-T04,两板,14.6,0,,0,2,102,1021.2,2
2025-05-09,M-E01,全电动,15.1,0,,0,3,97,34.4,4
2025-05-09,M-E02,全电动,15.7,0,,0,2,506,30.0,4
2025-05-09,M-E03,全电动,18.0,0,,0,2,195,44.2,3
2025-05-09,M-E04,全电动,14.9,0,,0,4,155,41.7,0
2025-05-09,M-E05,全电动,13.7,0,,0,1,402,49.5,3
2025-05-09,M-E06,全电动,17.8,0,,0,2,454,68.5,4
2025-05-09,M-E07,全电动,17.3,0,,0.5,1,150,94.6,4
2025-05-09,M-E08,全电动,17.9,0,,0,2,298,82.8,4
2025-05-09,M-E09,全电动,14.2,0,,0,1,340,117.4,1
2025-05-09,M-E10,全电动,16.6,0,,0,2,93,108.4,3
2025-05-09,M-E11,全电动,13.6,0,,0,3,204,110.8,4
2025-05-09,M-E12,全电动,18.5,0,,0.4,1,554,204.7,2
2025-05-09,M-E13,全电动,17.1,0,,0,3,416,180.3,3
2025-05-09,M-O01,油压,16.6,0,,0,1,246,255.4,4
2025-05-09,M-O02,油压,15.8,0.8,电气故障,0,4,151,212.3,1
2025-05-09,M-O03,油压,14.2,0,,0,2,575,294.4,2
2025-05-09,M-O04,油压,14.7,0,,0,4,468,394.2,2
2025-05-09,M-O05,油压,13.4,0,,0.2,1,215,390.0,0
2025-05-09,M-O06,油压,14.2,0,,0,1,166,373.4,2
2025-05-09,M-O07,油压,14.4,0,,0,1,123,609.3,1
2025-05-09,M-O08,油压,18.9,0,,0,2,172,778.5,4
2025-05-09,M-O09,油压,14.1,0,,0,1,477,772.6,1
2025-05-09,M-D01,双色旋转,17.0,0,,0,3,160,169.4,0
2025-05-09,M-D02,双色旋转,13.4,0,,0.1,2,422,416.1,2
2025-05-09,M-D03,双色旋转,16.2,0,,0,1,434,512.1,2
2025-05-09,M-T01,两板,15.7,0,,0.0,2,285,46.8,2
2025-05-09,M-T02,两板,17.0,1.5,加热系统,0,3,377,507.2,4
2025-05-09,M-T03,两板,16.0,0,,0,1,209,998.6,1
2025-05-09,M-T04,两板,16.2,0,,0,2,85,1496.9,2
2025-05-10,M-E01,全电动,13.2,0,,0,3,96,27.0,0
2025-05-10,M-E02,全电动,15.0,0,,0,2,499,33.8,0
2025-05-10,M-E03,全电动,14.2,0,,0.4,3,312,40.9,0
2025-05-10,M-E04,全电动,17.8,0,,0,3,268,53.0,2
2025-05-10,M-E05,全电动,18.8,0,,0,2,468,67.6,2
2025-05-10,M-E06,全电动,15.7,0,,0.4,1,266,52.0,3
2025-05-10,M-E07,全电动,19.0,0,,0,3,566,101.3,4
2025-05-10,M-E08,全电动,13.8,0,,0,2,211,67.4,3
2025-05-10,M-E09,全电动,15.6,0,,0.1,2,497,125.9,1
2025-05-10,M-E10,全电动,15.2,0,,0,1,421,98.3,2
2025-05-10,M-E11,全电动,11.2,2.9,模具问题,0,1,427,103.0,4
2025-05-10,M-E12,全电动,18.4,0,,0,1,435,180.9,1
2025-05-10,M-E13,全电动,18.6,0,,0,2,527,213.5,1
2025-05-10,M-O01,油压,18.2,0,,0,1,89,279.3,0
2025-05-10,M-O02,油压,18.7,0,,0,3,577,260.8,1
2025-05-10,M-O03,油压,17.7,0,,0,1,480,288.7,4
2025-05-10,M-O04,油压,16.4,0,,0,2,148,329.9,1
2025-05-10,M-O05,油压,16.2,0,,0,3,87,517.3,1
2025-05-10,M-O06,油压,16.1,0,,0,2,446,539.6,1
2025-05-10,M-O07,油压,13.5,0,,0,1,554,415.6,0
2025-05-10,M-O08,油压,14.1,0,,0.3,2,502,540.9,3
2025-05-10,M-O09,油压,18.8,0,,0,2,469,1066.9,3
2025-05-10,M-D01,双色旋转,14.1,0,,0,1,366,112.2,0
2025-05-10,M-D02,双色旋转,14.6,0,,0,2,593,380.9,0
2025-05-10,M-D03,双色旋转,14.1,0,,0,3,403,360.5,1
2025-05-10,M-T01,两板,17.4,0,,0,3,362,60.4,0
2025-05-10,M-T02,两板,12.9,2.4,模具问题,0,3,558,351.1,1
2025-05-10,M-T03,两板,17.9,0,,0.3,1,82,1122.1,4
2025-05-10,M-T04,两板,18.1,0,,0,4,469,1229.2,1
2025-05-11,M-E01,全电动,15.1,0,,0,4,598,33.8,2
2025-05-11,M-E02,全电动,18.4,0,,0,1,524,32.4,1
2025-05-11,M-E03,全电动,17.4,0,,0,2,343,43.8,4
2025-05-11,M-E04,全电动,15.4,0,,0,2,473,39.4,3
2025-05-11,M-E05,全电动,16.0,0,,0,1,270,53.7,4
2025-05-11,M-E06,全电动,18.5,0,,0,4,472,77.6,1
2025-05-11,M-E07,全电动,14.9,0,,0,2,429,64.5,3
2025-05-11,M-E08,全电动,14.3,0,,0,2,164,66.4,3
2025-05-11,M-E09,全电动,14.8,0,,0,2,303,120.3,0
2025-05-11,M-E10,全电动,15.2,0,,0,2,514,138.0,2
2025-05-11,M-E11,全电动,17.9,0,,0,3,103,170.7,1
2025-05-11,M-E12,全电动,13.5,0,,0,2,302,151.8,0
2025-05-11,M-E13,全电动,13.4,0,,0,2,99,119.2,2
2025-05-11,M-O01,油压,15.7,0,,0,1,478,259.1,1
2025-05-11,M-O02,油压,13.0,0,,0,3,524,191.6,3
2025-05-11,M-O03,油压,15.9,0,,0,3,507,349.1,2
2025-05-11,M-O04,油压,18.9,0,,0,1,404,357.3,1
2025-05-11,M-O05,油压,10.7,2.3,加热系统,0,3,517,329.8,2
2025-05-11,M-O06,油压,14.2,0,,0,1,583,487.9,1
2025-05-11,M-O07,油压,13.6,0,,0,3,354,436.4,3
2025-05-11,M-O08,油压,13.8,0,,0,2,446,526.3,3
2025-05-11,M-O09,油压,14.8,0,,0,2,315,756.5,0
2025-05-11,M-D01,双色旋转,13.1,0,,0,3,580,103.9,3
2025-05-11,M-D02,双色旋转,18.7,0,,0,2,299,518.0,0
2025-05-11,M-D03,双色旋转,18.9,0,,0,3,226,694.8,2
2025-05-11,M-T01,两板,16.4,0,,0,1,242,60.6,1
2025-05-11,M-T02,两板,13.3,0,,0,1,98,362.2,4
2025-05-11,M-T03,两板,14.2,0,,0.0,1,379,908.0,1
2025-05-11,M-T04,两板,14.7,0,,0.4,2,160,971.2,2
2025-05-12,M-E01,全电动,17.7,0,,0,2,574,31.0,0
2025-05-12,M-E02,全电动,13.5,0,,0,1,501,23.6,0
2025-05-12,M-E03,全电动,17.9,0,,0.3,1,224,45.2,2
2025-05-12,M-E04,全电动,18.2,0,,0,3,482,49.0,4
2025-05-12,M-E05,全电动,14.2,0,,0,2,447,43.2,3
2025-05-12,M-E06,全电动,14.6,0,,0,3,498,56.0,4
2025-05-12,M-E07,全电动,14.0,0,,0,1,486,65.1,2
2025-05-12,M-E08,全电动,17.2,0,,0,3,144,101.2,3
2025-05-12,M-E09,全电动,16.8,0,,0,2,172,95.2,4
2025-05-12,M-E10,全电动,13.5,0,,0,1,486,104.0,3
2025-05-12,M-E11,全电动,13.4,0,,0,2,564,131.9,3
2025-05-12,M-E12,全电动,17.2,0,,0,1,333,202.6,4
2025-05-12,M-E13,全电动,14.0,0,,0.1,2,412,134.1,3
2025-05-12,M-O01,油压,14.1,0,,0,1,172,172.5,1
2025-05-12,M-O02,油压,18.1,0,,0,1,219,293.3,1
2025-05-12,M-O03,油压,15.200000000000001,1.6,液压系统,0,3,449,319.1,2
2025-05-12,M-O04,油压,14.2,0,,0,4,224,339.3,1
2025-05-12,M-O05,油压,18.2,0,,0,3,330,494.0,2
2025-05-12,M-O06,油压,15.6,0,,0,2,304,475.8,4
2025-05-12,M-O07,油压,16.8,0,,0,2,174,667.9,3
2025-05-12,M-O08,油压,18.7,0,,0,2,345,850.5,0
2025-05-12,M-O09,油压,13.6,0,,0,2,590,735.8,0
2025-05-12,M-D01,双色旋转,14.7,0,,0,2,139,114.3,3
2025-05-12,M-D02,双色旋转,15.5,0,,0.4,1,390,550.0,0
2025-05-12,M-D03,双色旋转,15.2,0,,0.4,1,95,410.4,3
2025-05-12,M-T01,两板,18.0,0,,0.4,4,544,46.4,4
2025-05-12,M-T02,两板,17.2,0,,0,1,320,430.5,3
2025-05-12,M-T03,两板,13.9,0,,0,2,272,922.3,4
2025-05-12,M-T04,两板,13.3,0,,0,3,316,1160.8,2
2025-05-13,M-E01,全电动,16.2,0,,0,2,500,28.6,1
2025-05-13,M-E02,全电动,16.9,0,,0,1,599,33.4,0
2025-05-13,M-E03,全电动,18.4,0,,0,3,285,62.6,2
2025-05-13,M-E04,全电动,17.4,0,,0,3,105,57.3,3
2025-05-13,M-E05,全电动,17.2,0,,0,1,439,76.4,2
2025-05-13,M-E06,全电动,14.5,0,,0,2,434,47.3,0
2025-05-13,M-E07,全电动,16.0,0,,0,3,379,82.8,4
2025-05-13,M-E08,全电动,17.7,0,,0,2,337,91.9,3
2025-05-13,M-E09,全电动,14.3,2.7,传感器异常,0,3,530,99.8,4
2025-05-13,M-E10,全电动,14.8,0,,0.3,3,404,140.1,1
2025-05-13,M-E11,全电动,15.6,0,,0,1,411,155.0,1
2025-05-13,M-E12,全电动,18.7,0,,0,3,225,173.7,2
2025-05-13,M-E13,全电动,16.9,0,,0,3,544,149.0,4
2025-05-13,M-O01,油压,13.2,0,,0,4,327,185.5,1
2025-05-13,M-O02,油压,15.0,0,,0,1,516,239.7,2
2025-05-13,M-O03,油压,18.4,0,,0,3,491,406.2,4
2025-05-13,M-O04,油压,16.0,0,,0,1,407,345.3,3
2025-05-13,M-O05,油压,15.6,0,,0,1,349,498.1,4
2025-05-13,M-O06,油压,16.7,0,,0,4,457,435.5,2
2025-05-13,M-O07,油压,14.2,0,,0.0,3,384,613.4,3
2025-05-13,M-O08,油压,16.7,0,,0,1,475,826.9,3
2025-05-13,M-O09,油压,17.2,0,,0,1,433,938.1,3
2025-05-13,M-D01,双色旋转,18.5,0,,0,1,317,165.6,3
2025-05-13,M-D02,双色旋转,15.3,0,,0,2,241,555.3,2
2025-05-13,M-D03,双色旋转,17.1,0,,0.3,2,104,602.0,0
2025-05-13,M-T01,两板,18.6,0,,0,1,521,59.0,2
2025-05-13,M-T02,两板,16.9,0,,0,1,248,340.8,3
2025-05-13,M-T03,两板,16.4,0,,0,2,344,972.0,4
2025-05-13,M-T04,两板,16.5,0,,0,1,95,1192.8,0
2025-05-14,M-E01,全电动,15.7,0,,0,1,176,31.7,4
2025-05-14,M-E02,全电动,14.3,0,,0,2,449,25.7,4
2025-05-14,M-E03,全电动,16.8,0,,0,2,442,37.9,0
2025-05-14,M-E04,全电动,17.4,0,,0,2,389,49.6,1
2025-05-14,M-E05,全电动,17.4,0,,0,3,471,71.8,3
2025-05-14,M-E06,全电动,16.5,0,,0,2,532,68.9,0
2025-05-14,M-E07,全电动,14.4,0,,0,2,253,79.3,0
2025-05-14,M-E08,全电动,13.1,0,,0,2,472,59.4,3
2025-05-14,M-E09,全电动,17.2,0,,0,2,511,127.2,2
2025-05-14,M-E10,全电动,13.3,0,,0,3,513,107.5,4
2025-05-14,M-E11,全电动,16.9,0,,0,2,578,158.5,4
2025-05-14,M-E12,全电动,16.2,0,,0,3,282,195.9,4
2025-05-14,M-E13,全电动,15.9,0,,0,3,328,195.5,3
2025-05-14,M-O01,油压,14.0,0,,0,1,461,220.2,0
2025-05-14,M-O02,油压,15.0,0,,0,2,442,193.9,1
2025-05-14,M-O03,油压,18.7,0,,0,1,510,407.6,2
2025-05-14,M-O04,油压,14.3,0,,0,1,590,335.6,2
2025-05-14,M-O05,油压,13.2,0,,0,1,193,310.2,3
2025-05-14,M-O06,油压,12.2,2.2,传感器异常,0,3,385,356.3,4
2025-05-14,M-O07,油压,18.4,0,,0,1,83,562.9,1
2025-05-14,M-O08,油压,15.1,0,,0,3,565,558.3,3
2025-05-14,M-O09,油压,15.7,0,,0,2,278,656.0,3
2025-05-14,M-D01,双色旋转,14.8,0,,0.4,4,486,116.8,3
2025-05-14,M-D02,双色旋转,15.2,0,,0,3,434,502.3,4
2025-05-14,M-D03,双色旋转,13.5,0,,0,2,102,500.1,2
2025-05-14,M-T01,两板,19.0,0,,0,3,391,51.9,2
2025-05-14,M-T02,两板,18.6,0,,0,1,99,477.8,3
2025-05-14,M-T03,两板,16.0,0,,0,2,379,1026.8,4
2025-05-14,M-T04,两板,14.6,0,,0,2,565,1222.4,3
2025-05-15,M-E01,全电动,13.2,0,,0,3,124,21.7,2
2025-05-15,M-E02,全电动,15.6,0,,0,2,592,24.4,4
2025-05-15,M-E03,全电动,18.5,0,,0,2,522,45.2,0
2025-05-15,M-E04,全电动,16.8,0,,0,2,197,43.4,1
2025-05-15,M-E05,全电动,16.3,0,,0,4,439,62.9,4
2025-05-15,M-E06,全电动,16.4,0,,0,1,335,60.4,1
2025-05-15,M-E07,全电动,18.7,0,,0,2,345,104.3,3
2025-05-15,M-E08,全电动,14.2,0,,0,2,415,85.4,3
2025-05-15,M-E09,全电动,15.2,0,,0,2,413,108.9,4
2025-05-15,M-E10,全电动,16.8,0,,0,2,395,155.5,1
2025-05-15,M-E11,全电动,17.6,0,,0,2,493,179.9,0
2025-05-15,M-E12,全电动,14.4,0,,0,2,384,128.0,1
2025-05-15,M-E13,全电动,17.9,0,,0,1,315,189.2,3
2025-05-15,M-O01,油压,13.1,0,,0,3,441,196.6,2
2025-05-15,M-O02,油压,14.2,0,,0,1,250,203.2,1
2025-05-15,M-O03,油压,15.1,0,,0,2,424,300.3,1
2025-05-15,M-O04,油压,16.8,0,,0,1,241,356.2,0
2025-05-15,M-O05,油压,14.0,0,,0,2,547,307.8,0
2025-05-15,M-O06,油压,17.8,0,,0,1,387,585.2,1
2025-05-15,M-O07,油压,15.8,0,,0,1,403,545.6,0
2025-05-15,M-O08,油压,17.0,0,,0,2,455,782.0,1
2025-05-15,M-O09,油压,15.9,0,,0,2,133,764.4,1
2025-05-15,M-D01,双色旋转,13.3,0,,0,1,522,119.8,2
2025-05-15,M-D02,双色旋转,18.7,0,,0,1,552,593.1,3
2025-05-15,M-D03,双色旋转,15.8,0,,0,3,482,518.9,4
2025-05-15,M-T01,两板,17.2,0,,0.3,3,552,65.2,1
2025-05-15,M-T02,两板,17.7,0,,0.0,3,363,531.8,1
2025-05-15,M-T03,两板,14.4,0,,0.4,2,310,949.1,1
2025-05-15,M-T04,两板,14.4,1.4,电气故障,0,2,252,1071.8,1
2025-05-16,M-E01,全电动,16.8,0,,0,1,301,28.4,4
2025-05-16,M-E02,全电动,18.4,0,,0,2,294,39.7,3
2025-05-16,M-E03,全电动,15.7,0,,0,3,577,39.8,2
2025-05-16,M-E04,全电动,16.4,0,,0,2,103,54.4,2
2025-05-16,M-E05,全电动,14.5,0,,0,1,445,63.3,1
2025-05-16,M-E06,全电动,14.3,0,,0,1,415,44.8,1
2025-05-16,M-E07,全电动,14.1,0,,0,1,509,69.3,0
2025-05-16,M-E08,全电动,15.7,0,,0.4,1,377,89.1,0
2025-05-16,M-E09,全电动,17.4,0,,0,4,592,125.9,2
2025-05-16,M-E10,全电动,11.2,2.4,液压系统,0,1,99,79.3,3
2025-05-16,M-E11,全电动,18.7,0,,0.2,2,99,180.5,2
2025-05-16,M-E12,全电动,13.7,0,,0,3,391,128.8,2
2025-05-16,M-E13,全电动,14.8,0,,0,3,135,182.0,0
2025-05-16,M-O01,油压,17.5,0,,0,2,93,226.1,2
2025-05-16,M-O02,油压,14.2,0,,0,1,81,260.0,2
2025-05-16,M-O03,油压,14.5,0,,0,1,292,314.5,4
2025-05-16,M-O04,油压,14.7,0,,0.1,3,125,374.7,4
2025-05-16,M-O05,油压,15.9,0,,0,2,446,399.9,0
2025-05-16,M-O06,油压,16.0,0,,0.3,2,225,500.1,4
2025-05-16,M-O07,油压,14.9,0,,0.5,3,109,637.1,2
2025-05-16,M-O08,油压,13.5,0,,0,1,82,532.9,2
2025-05-16,M-O09,油压,16.0,0,,0.1,3,472,684.1,1
2025-05-16,M-D01,双色旋转,17.4,0,,0.4,3,206,162.6,4
2025-05-16,M-D02,双色旋转,14.4,0,,0.2,1,369,411.4,2
2025-05-16,M-D03,双色旋转,17.3,0,,0.2,2,541,493.2,4
2025-05-16,M-T01,两板,18.3,0,,0,3,193,67.4,2
2025-05-16,M-T02,两板,18.0,0,,0,3,378,517.6,4
2025-05-16,M-T03,两板,18.0,0,,0,2,154,1176.6,3
2025-05-16,M-T04,两板,14.5,0,,0,3,561,1026.5,4
2025-05-17,M-E01,全电动,13.6,0,,0.5,3,316,28.1,2
2025-05-17,M-E02,全电动,15.7,0,,0,3,362,33.9,2
2025-05-17,M-E03,全电动,18.3,0,,0,1,83,50.2,0
2025-05-17,M-E04,全电动,18.7,0,,0,2,589,53.4,1
2025-05-17,M-E05,全电动,18.5,0,,0.2,2,427,65.7,2
2025-05-17,M-E06,全电动,13.5,0,,0,2,145,55.9,3
2025-05-17,M-E07,全电动,18.4,0,,0,3,343,95.8,0
2025-05-17,M-E08,全电动,18.6,0,,0,3,409,114.9,3
2025-05-17,M-E09,全电动,17.1,0,,0,2,142,100.2,1
2025-05-17,M-E10,全电动,15.0,0,,0.4,2,356,115.1,1
2025-05-17,M-E11,全电动,17.9,0,,0,2,590,156.6,3
2025-05-17,M-E12,全电动,13.3,0,,0,1,121,112.7,4
2025-05-17,M-E13,全电动,14.5,0,,0,4,320,184.1,4
2025-05-17,M-O01,油压,16.6,0,,0.5,3,261,233.4,3
2025-05-17,M-O02,油压,13.5,0,,0,2,476,230.3,3
2025-05-17,M-O03,油压,13.3,0,,0,3,124,289.3,3
2025-05-17,M-O04,油压,13.2,0,,0,3,283,249.9,4
2025-05-17,M-O05,油压,14.4,0,,0,2,245,343.5,2
2025-05-17,M-O06,油压,14.1,0,,0,2,407,436.1,0
2025-05-17,M-O07,油压,18.5,0,,0,3,469,719.2,3
2025-05-17,M-O08,油压,15.2,0,,0.2,1,517,656.1,1
2025-05-17,M-O09,油压,15.5,0,,0.2,1,573,649.5,4
2025-05-17,M-D01,双色旋转,14.6,0,,0,1,122,114.1,2
2025-05-17,M-D02,双色旋转,16.1,0,,0,2,323,496.9,1
2025-05-17,M-D03,双色旋转,17.1,0,,0,1,199,579.7,3
2025-05-17,M-T01,两板,18.8,0,,0,2,131,57.9,0
2025-05-17,M-T02,两板,19.0,0,,0,3,575,420.7,1
2025-05-17,M-T03,两板,13.5,0,,0,1,554,901.9,2
2025-05-17,M-T04,两板,13.0,0,,0,2,525,991.8,1
2025-05-18,M-E01,全电动,18.5,0,,0.1,3,443,31.6,4
2025-05-18,M-E02,全电动,16.5,0,,0,2,101,36.1,0
2025-05-18,M-E03,全电动,17.5,0,,0,3,272,59.7,1
2025-05-18,M-E04,全电动,18.4,0,,0,3,443,45.0,3
2025-05-18,M-E05,全电动,18.9,0,,0,2,337,82.9,4
2025-05-18,M-E06,全电动,15.9,0,,0,3,545,68.5,4
2025-05-18,M-E07,全电动,14.1,0,,0,1,585,76.1,0
2025-05-18,M-E08,全电动,16.5,0,,0,3,114,96.4,3
2025-05-18,M-E09,全电动,16.5,0,,0,3,216,125.1,0
2025-05-18,M-E10,全电动,17.1,0,,0,2,449,131.2,1
2025-05-18,M-E11,全电动,13.1,0,,0.5,1,307,110.5,4
2025-05-18,M-E12,全电动,13.8,0,,0,2,321,131.0,0
2025-05-18,M-E13,全电动,15.8,0,,0,1,354,204.5,2
2025-05-18,M-O01,油压,15.5,0,,0,1,599,260.8,2
2025-05-18,M-O02,油压,13.9,0,,0,3,373,243.3,3
2025-05-18,M-O03,油压,17.0,0,,0,3,539,289.7,1
2025-05-18,M-O04,油压,18.3,0,,0,3,105,457.4,0
2025-05-18,M-O05,油压,17.8,0,,0,3,390,394.7,4
2025-05-18,M-O06,油压,14.1,0,,0,1,105,367.9,4
2025-05-18,M-O07,油压,15.7,0,,0,1,313,585.9,0
2025-05-18,M-O08,油压,13.0,0,,0,5,158,682.0,0
2025-05-18,M-O09,油压,17.0,0,,0,1,327,831.6,0
2025-05-18,M-D01,双色旋转,16.6,0,,0,2,242,171.6,1
2025-05-18,M-D02,双色旋转,13.8,0,,0.5,2,416,413.0,4
2025-05-18,M-D03,双色旋转,13.1,0,,0,1,136,439.2,4
2025-05-18,M-T01,两板,13.1,0,,0,2,226,37.6,4
2025-05-18,M-T02,两板,14.3,0,,0,3,200,401.9,0
2025-05-18,M-T03,两板,12.0,1.9,模具问题,0,2,477,631.1,1
2025-05-18,M-T04,两板,13.4,0,,0,4,476,1212.3,0
2025-05-19,M-E01,全电动,13.2,0,,0,3,352,26.1,4
2025-05-19,M-E02,全电动,17.4,0,,0,3,135,28.1,4
2025-05-19,M-E03,全电动,16.4,0,,0,2,81,38.3,1
2025-05-19,M-E04,全电动,17.1,0,,0,2,227,40.0,2
2025-05-19,M-E05,全电动,16.9,0,,0,1,444,73.4,0
2025-05-19,M-E06,全电动,16.1,0,,0,2,172,50.8,4
2025-05-19,M-E07,全电动,15.3,0,,0.0,2,446,79.9,3
2025-05-19,M-E08,全电动,15.0,0,,0,3,591,77.6,0
2025-05-19,M-E09,全电动,13.5,0,,0,1,349,98.9,2
2025-05-19,M-E10,全电动,18.9,0,,0,2,84,173.5,0
2025-05-19,M-E11,全电动,13.5,0,,0,1,107,133.4,3
2025-05-19,M-E12,全电动,18.3,0,,0,4,273,196.8,0
2025-05-19,M-E13,全电动,13.7,0,,0,2,204,168.1,1
2025-05-19,M-O01,油压,15.9,0,,0.0,2,105,270.5,4
2025-05-19,M-O02,油压,13.7,0,,0,2,257,183.0,1
2025-05-19,M-O03,油压,17.8,0,,0,3,206,380.6,4
2025-05-19,M-O04,油压,16.3,0,,0,3,177,422.7,1
2025-05-19,M-O05,油压,14.4,0,,0.0,3,524,322.5,1
2025-05-19,M-O06,油压,17.2,0,,0,2,91,474.8,3
2025-05-19,M-O07,油压,17.4,0,,0.4,1,152,536.9,0
2025-05-19,M-O08,油压,18.1,0,,0,2,277,849.8,2
2025-05-19,M-O09,油压,17.4,0,,0,1,182,860.7,1
2025-05-19,M-D01,双色旋转,18.3,0,,0,1,434,187.5,0
2025-05-19,M-D02,双色旋转,16.2,0,,0,1,478,548.0,4
2025-05-19,M-D03,双色旋转,15.1,0,,0,3,446,389.6,2
2025-05-19,M-T01,两板,14.7,0,,0,4,199,53.3,2
2025-05-19,M-T02,两板,14.1,0,,0,2,599,318.6,0
2025-05-19,M-T03,两板,16.6,0,,0,2,86,1111.0,1
2025-05-19,M-T04,两板,17.5,0,,0,3,423,1336.3,4
2025-05-20,M-E01,全电动,15.2,0,,0,2,296,32.6,1
2025-05-20,M-E02,全电动,15.0,0,,0,2,334,25.5,0
2025-05-20,M-E03,全电动,18.2,0,,0,1,455,59.3,2
2025-05-20,M-E04,全电动,14.5,0,,0,3,258,44.4,0
2025-05-20,M-E05,全电动,14.6,0,,0,1,364,63.8,3
2025-05-20,M-E06,全电动,18.7,0,,0,2,523,62.8,2
2025-05-20,M-E07,全电动,9.5,3.7,液压系统,0,2,270,45.3,1
2025-05-20,M-E08,全电动,15.8,0,,0,1,167,104.2,1
2025-05-20,M-E09,全电动,15.8,0,,0,3,154,105.5,2
2025-05-20,M-E10,全电动,18.5,0,,0,1,201,173.3,1
2025-05-20,M-E11,全电动,14.0,0,,0,1,492,140.7,1
2025-05-20,M-E12,全电动,13.6,0,,0,1,251,159.4,1
2025-05-20,M-E13,全电动,16.5,0,,0,2,327,160.3,1
2025-05-20,M-O01,油压,15.1,0,,0,2,398,254.1,1
2025-05-20,M-O02,油压,15.1,0,,0,2,237,214.7,1
2025-05-20,M-O03,油压,16.4,0,,0,1,329,302.0,3
2025-05-20,M-O04,油压,17.3,0,,0,2,106,355.0,3
2025-05-20,M-O05,油压,18.4,0,,0,2,326,438.6,3
2025-05-20,M-O06,油压,13.5,0,,0,1,579,427.2,2
2025-05-20,M-O07,油压,18.5,0,,0,2,308,824.4,3
2025-05-20,M-O08,油压,18.4,0,,0,1,367,693.8,4
2025-05-20,M-O09,油压,14.6,0,,0,1,565,602.6,4
2025-05-20,M-D01,双色旋转,18.6,0,,0,3,548,160.2,2
2025-05-20,M-D02,双色旋转,18.0,0,,0,2,468,539.2,4
2025-05-20,M-D03,双色旋转,9.7,3.3,电气故障,0,1,102,359.3,3
2025-05-20,M-T01,两板,11.8,1.6,电气故障,0,3,129,40.4,4
2025-05-20,M-T02,两板,14.5,2.5,液压系统,0.2,1,178,425.4,1
2025-05-20,M-T03,两板,17.0,0,,0,1,216,827.5,0
2025-05-20,M-T04,两板,18.0,0,,0.2,1,518,1320.9,4
2025-05-21,M-E01,全电动,16.3,0,,0,2,548,31.0,4
2025-05-21,M-E02,全电动,17.9,0,,0,2,298,34.6,1
2025-05-21,M-E03,全电动,16.1,0,,0,5,94,41.7,3
2025-05-21,M-E04,全电动,17.8,0,,0,3,481,58.7,4
2025-05-21,M-E05,全电动,15.899999999999999,0.8,电气故障,0,2,129,55.8,0
2025-05-21,M-E06,全电动,14.0,0,,0,1,412,53.5,0
2025-05-21,M-E07,全电动,17.4,0,,0,3,373,84.2,2
2025-05-21,M-E08,全电动,16.2,0,,0,2,536,75.3,1
2025-05-21,M-E09,全电动,18.2,0,,0,2,120,106.7,3
2025-05-21,M-E10,全电动,15.2,0,,0,2,498,139.4,1
2025-05-21,M-E11,全电动,13.8,0,,0,3,447,106.5,2
2025-05-21,M-E12,全电动,13.8,0,,0,2,424,153.4,4
2025-05-21,M-E13,全电动,17.3,0,,0,3,498,203.5,3
2025-05-21,M-O01,油压,15.6,0,,0,1,423,266.1,2
2025-05-21,M-O02,油压,17.7,0,,0,2,543,272.0,3
2025-05-21,M-O03,油压,13.2,0,,0,3,228,282.7,2
2025-05-21,M-O04,油压,18.2,0,,0,1,257,494.8,0
2025-05-21,M-O05,油压,13.0,0,,0,5,271,401.0,1
2025-05-21,M-O06,油压,14.4,0,,0,2,117,403.0,4
2025-05-21,M-O07,油压,16.7,0,,0.2,2,240,639.8,1
2025-05-21,M-O08,油压,13.7,0,,0,3,584,596.3,0
2025-05-21,M-O09,油压,16.3,0,,0,1,368,860.1,4
2025-05-21,M-D01,双色旋转,14.5,0,,0,2,531,129.1,4
2025-05-21,M-D02,双色旋转,16.2,0,,0,2,396,438.3,2
2025-05-21,M-D03,双色旋转,15.3,0,,0,3,124,436.6,2
2025-05-21,M-T01,两板,13.1,0,,0,4,289,43.7,1
2025-05-21,M-T02,两板,18.1,0,,0.2,2,187,421.4,1
2025-05-21,M-T03,两板,17.400000000000002,0.9,电气故障,0.3,3,488,1092.5,2
2025-05-21,M-T04,两板,16.8,0,,0,2,160,1353.6,4
2025-05-22,M-E01,全电动,17.0,0,,0,1,363,30.0,2
2025-05-22,M-E02,全电动,15.4,0,,0,1,220,29.5,3
2025-05-22,M-E03,全电动,16.5,0,,0,2,109,43.2,4
2025-05-22,M-E04,全电动,16.0,0,,0,4,257,41.8,1
2025-05-22,M-E05,全电动,18.3,0,,0,2,400,64.3,4
2025-05-22,M-E06,全电动,14.0,0,,0,1,378,49.8,1
2025-05-22,M-E07,全电动,17.8,0,,0,3,244,85.0,4
2025-05-22,M-E08,全电动,15.0,0,,0,2,86,70.5,1
2025-05-22,M-E09,全电动,14.5,0,,0,2,381,84.8,0
2025-05-22,M-E10,全电动,15.3,0,,0,2,416,111.8,3
2025-05-22,M-E11,全电动,15.2,0,,0,2,420,110.8,2
2025-05-22,M-E12,全电动,15.4,0,,0,3,581,181.1,4
2025-05-22,M-E13,全电动,18.0,0,,0,2,175,184.9,4
2025-05-22,M-O01,油压,17.8,0,,0,1,227,271.1,4
2025-05-22,M-O02,油压,13.3,0,,0,3,557,225.8,1
2025-05-22,M-O03,油压,14.4,0,,0,5,599,240.7,0
2025-05-22,M-O04,油压,18.1,0,,0,2,222,486.4,4
2025-05-22,M-O05,油压,14.8,0,,0,2,230,372.7,3
2025-05-22,M-O06,油压,14.8,0,,0.3,2,450,434.1,4
2025-05-22,M-O07,油压,17.2,0,,0.1,2,397,726.9,0
2025-05-22,M-O08,油压,13.4,0,,0.1,3,479,579.4,3
2025-05-22,M-O09,油压,16.3,0,,0,2,252,982.3,3
2025-05-22,M-D01,双色旋转,13.4,0,,0.3,1,566,131.4,2
2025-05-22,M-D02,双色旋转,13.2,0,,0,2,488,368.5,1
2025-05-22,M-D03,双色旋转,14.0,0,,0,3,424,526.0,4
2025-05-22,M-T01,两板,17.6,0,,0,4,369,60.3,4
2025-05-22,M-T02,两板,18.1,0.7,传感器异常,0,3,133,373.4,3
2025-05-22,M-T03,两板,16.9,0,,0,1,107,792.6,2
2025-05-22,M-T04,两板,17.8,0,,0,1,119,1215.0,3
2025-05-23,M-E01,全电动,15.6,0,,0,1,556,33.2,0
2025-05-23,M-E02,全电动,13.5,0,,0,1,395,25.3,3
2025-05-23,M-E03,全电动,14.9,0,,0,3,96,44.0,0
2025-05-23,M-E04,全电动,16.9,0,,0,1,363,53.6,0
2025-05-23,M-E05,全电动,18.9,0,,0.5,1,180,60.3,1
2025-05-23,M-E06,全电动,14.8,0,,0,1,114,55.9,4
2025-05-23,M-E07,全电动,16.2,0,,0,1,302,85.3,0
2025-05-23,M-E08,全电动,16.5,0,,0,2,134,75.3,0
2025-05-23,M-E09,全电动,16.2,0,,0,2,125,107.2,1
2025-05-23,M-E10,全电动,15.6,0,,0,2,505,108.5,0
2025-05-23,M-E11,全电动,14.2,0,,0,4,585,130.1,3
2025-05-23,M-E12,全电动,17.2,0,,0,2,287,185.3,1
2025-05-23,M-E13,全电动,15.4,0,,0,2,132,163.9,0
2025-05-23,M-O01,油压,15.2,0,,0,4,536,249.8,1
2025-05-23,M-O02,油压,13.6,0,,0,1,477,208.7,4
2025-05-23,M-O03,油压,13.2,0,,0,4,260,266.4,0
2025-05-23,M-O04,油压,15.9,0,,0,1,213,351.8,4
2025-05-23,M-O05,油压,14.6,0,,0.4,2,565,441.9,2
2025-05-23,M-O06,油压,17.7,0,,0.1,1,96,546.2,1
2025-05-23,M-O07,油压,17.6,0,,0,1,561,682.0,4
2025-05-23,M-O08,油压,14.1,0,,0,2,327,647.8,1
2025-05-23,M-O09,油压,17.0,0,,0,3,89,763.4,3
2025-05-23,M-D01,双色旋转,18.3,0,,0,1,572,190.3,0
2025-05-23,M-D02,双色旋转,17.599999999999998,1.3,传感器异常,0,3,480,467.6,0
2025-05-23,M-D03,双色旋转,16.2,0,,0,1,153,481.2,3
2025-05-23,M-T01,两板,13.8,0,,0.2,2,426,35.4,2
2025-05-23,M-T02,两板,19.0,0,,0,2,473,410.7,0
2025-05-23,M-T03,两板,17.9,0,,0,1,356,888.6,1
2025-05-23,M-T04,两板,18.8,0,,0,4,226,1751.6,1
2025-05-24,M-E01,全电动,18.8,0,,0,2,197,31.3,1
2025-05-24,M-E02,全电动,17.9,0,,0.1,2,597,28.6,2
2025-05-24,M-E03,全电动,18.7,0,,0,1,527,61.3,0
2025-05-24,M-E04,全电动,14.8,0,,0,1,314,40.0,3
2025-05-24,M-E05,全电动,13.4,0,,0.3,1,452,41.6,3
2025-05-24,M-E06,全电动,18.0,0,,0,1,524,60.1,2
2025-05-24,M-E07,全电动,13.1,0,,0,1,274,73.7,0
2025-05-24,M-E08,全电动,17.8,0,,0,1,166,89.1,2
2025-05-24,M-E09,全电动,17.3,0,,0.4,1,372,140.3,2
2025-05-24,M-E10,全电动,18.2,0,,0,2,86,115.2,3
2025-05-24,M-E11,全电动,17.5,0,,0,2,566,162.4,3
2025-05-24,M-E12,全电动,16.8,0,,0,3,246,182.3,3
2025-05-24,M-E13,全电动,16.0,0,,0,2,358,201.9,0
2025-05-24,M-O01,油压,15.1,0,,0.0,1,541,177.0,4
2025-05-24,M-O02,油压,13.9,0,,0,1,415,226.8,4
2025-05-24,M-O03,油压,13.4,0,,0.0,2,599,260.5,2
2025-05-24,M-O04,油压,13.7,0,,0,3,546,289.9,2
2025-05-24,M-O05,油压,14.1,3.4,加热系统,0,2,295,394.7,4
2025-05-24,M-O06,油压,18.3,0,,0,1,458,546.1,1
2025-05-24,M-O07,油压,17.2,0,,0.3,1,332,743.1,4
2025-05-24,M-O08,油压,18.1,0,,0,3,127,643.3,2
2025-05-24,M-O09,油压,17.4,0,,0,1,388,846.8,0
2025-05-24,M-D01,双色旋转,15.3,2.2,加热系统,0,1,480,121.1,2
2025-05-24,M-D02,双色旋转,13.0,0,,0.2,1,325,443.9,4
2025-05-24,M-D03,双色旋转,17.1,0,,0,2,423,620.2,4
2025-05-24,M-T01,两板,17.7,0,,0.1,1,383,49.8,3
2025-05-24,M-T02,两板,17.1,0,,0,2,367,507.4,0
2025-05-24,M-T03,两板,17.7,0,,0,2,170,956.2,1
2025-05-24,M-T04,两板,16.6,0,,0,1,86,1479.0,1
2025-05-25,M-E01,全电动,13.3,1.6,传感器异常,0,1,571,30.2,4
2025-05-25,M-E02,全电动,17.0,0,,0,2,597,26.9,4
2025-05-25,M-E03,全电动,18.5,0,,0.5,2,363,62.1,0
2025-05-25,M-E04,全电动,16.5,0,,0,1,113,53.7,0
2025-05-25,M-E05,全电动,16.5,0,,0.2,2,168,61.4,0
2025-05-25,M-E06,全电动,14.0,0,,0,3,299,51.3,0
2025-05-25,M-E07,全电动,18.9,0,,0,2,272,104.2,2
2025-05-25,M-E08,全电动,17.0,0,,0,2,252,104.6,4
2025-05-25,M-E09,全电动,18.4,0,,0,3,424,143.2,4
2025-05-25,M-E10,全电动,13.8,0,,0,4,222,110.9,4
2025-05-25,M-E11,全电动,14.8,0,,0,2,106,151.5,0
2025-05-25,M-E12,全电动,15.2,0,,0.4,3,127,143.4,1
2025-05-25,M-E13,全电动,16.7,0,,0,3,153,210.4,1
2025-05-25,M-O01,油压,15.4,0,,0,2,376,210.2,3
2025-05-25,M-O02,油压,18.7,0,,0,1,127,348.0,0
2025-05-25,M-O03,油压,15.8,0,,0,2,401,303.9,1
2025-05-25,M-O04,油压,17.1,0,,0.2,3,465,441.9,0
2025-05-25,M-O05,油压,14.7,0,,0,1,324,320.7,1
2025-05-25,M-O06,油压,17.8,0,,0,2,152,592.3,2
2025-05-25,M-O07,油压,18.7,0,,0,3,210,804.8,0
2025-05-25,M-O08,油压,16.8,0,,0,2,146,716.7,1
2025-05-25,M-O09,油压,13.5,0,,0,1,193,650.5,2
2025-05-25,M-D01,双色旋转,17.9,0,,0,1,597,188.9,1
2025-05-25,M-D02,双色旋转,18.3,0,,0,1,186,678.1,0
2025-05-25,M-D03,双色旋转,13.7,0,,0,2,436,390.0,3
2025-05-25,M-T01,两板,15.6,0,,0,4,593,44.2,1
2025-05-25,M-T02,两板,15.1,0,,0,2,483,370.6,4
2025-05-25,M-T03,两板,13.7,0,,0,1,144,636.4,3
2025-05-25,M-T04,两板,16.1,0,,0,3,125,1452.4,4
2025-05-26,M-E01,全电动,14.9,0,,0,2,107,24.5,1
2025-05-26,M-E02,全电动,16.8,0,,0,1,560,26.8,3
2025-05-26,M-E03,全电动,18.6,0,,0,3,157,50.8,2
2025-05-26,M-E04,全电动,15.0,0,,0,1,460,44.1,3
2025-05-26,M-E05,全电动,16.7,0,,0,2,104,53.1,2
2025-05-26,M-E06,全电动,15.3,0,,0,2,464,62.9,1
2025-05-26,M-E07,全电动,14.7,0,,0,1,277,60.3,4
2025-05-26,M-E08,全电动,16.5,0,,0.1,2,299,87.7,2
2025-05-26,M-E09,全电动,15.3,0,,0,1,547,87.3,0
2025-05-26,M-E10,全电动,13.7,0,,0,3,454,103.5,1
2025-05-26,M-E11,全电动,17.4,0,,0,1,598,130.0,4
2025-05-26,M-E12,全电动,14.9,0,,0,3,93,149.4,3
2025-05-26,M-E13,全电动,16.9,0,,0,1,500,167.9,1
2025-05-26,M-O01,油压,13.8,0,,0,4,292,166.1,1
2025-05-26,M-O02,油压,16.2,0,,0.3,3,547,211.1,2
2025-05-26,M-O03,油压,17.3,0,,0,1,83,332.1,1
2025-05-26,M-O04,油压,17.7,0,,0,1,599,472.8,2
2025-05-26,M-O05,油压,18.0,0,,0.1,2,258,543.4,2
2025-05-26,M-O06,油压,15.2,0,,0.1,2,106,390.7,0
2025-05-26,M-O07,油压,18.8,0,,0,2,560,617.1,3
2025-05-26,M-O08,油压,15.0,0,,0,1,210,741.7,1
2025-05-26,M-O09,油压,13.8,0,,0,3,534,568.0,1
2025-05-26,M-D01,双色旋转,13.8,0,,0,2,337,139.5,4
2025-05-26,M-D02,双色旋转,16.9,0,,0.2,2,252,590.5,2
2025-05-26,M-D03,双色旋转,16.5,0,,0,2,537,581.5,0
2025-05-26,M-T01,两板,18.2,0,,0,2,527,50.5,4
2025-05-26,M-T02,两板,15.1,0,,0,1,273,370.7,4
2025-05-26,M-T03,两板,13.5,0,,0,4,592,775.7,1
2025-05-26,M-T04,两板,14.6,0,,0,2,243,959.2,4
2025-05-27,M-E01,全电动,16.6,0,,0,2,585,28.0,0
2025-05-27,M-E02,全电动,13.2,0,,0,2,371,29.2,1
2025-05-27,M-E03,全电动,16.3,0,,0,3,137,47.6,2
2025-05-27,M-E04,全电动,18.7,0,,0,2,111,42.7,4
2025-05-27,M-E05,全电动,13.2,0,,0,3,102,56.4,4
2025-05-27,M-E06,全电动,15.5,0,,0,1,424,46.6,1
2025-05-27,M-E07,全电动,14.3,0,,0,3,115,60.8,4
2025-05-27,M-E08,全电动,18.7,0,,0,1,568,95.8,2
2025-05-27,M-E09,全电动,18.9,0,,0,1,239,122.5,4
2025-05-27,M-E10,全电动,17.8,0,,0,3,336,153.8,3
2025-05-27,M-E11,全电动,17.2,0,,0,2,222,177.4,4
2025-05-27,M-E12,全电动,17.4,0,,0,2,222,149.9,0
2025-05-27,M-E13,全电动,18.1,0,,0,2,560,183.7,0
2025-05-27,M-O01,油压,17.5,0,,0,2,355,205.9,4
2025-05-27,M-O02,油压,14.4,0,,0,2,407,269.8,0
2025-05-27,M-O03,油压,15.1,0,,0,1,297,272.7,0
2025-05-27,M-O04,油压,17.1,0,,0,1,283,482.6,1
2025-05-27,M-O05,油压,17.4,0,,0,1,374,530.5,2
2025-05-27,M-O06,油压,16.5,0,,0,4,169,528.7,3
2025-05-27,M-O07,油压,16.6,0,,0,5,532,539.5,1
2025-05-27,M-O08,油压,15.3,0,,0,4,411,644.8,2
2025-05-27,M-O09,油压,17.5,0,,0,1,240,799.7,2
2025-05-27,M-D01,双色旋转,14.2,0,,0,1,521,136.4,2
2025-05-27,M-D02,双色旋转,17.4,0,,0.1,5,233,511.1,3
2025-05-27,M-D03,双色旋转,18.3,0,,0,3,342,665.5,2
2025-05-27,M-T01,两板,16.6,0,,0,2,216,51.9,1
2025-05-27,M-T02,两板,14.8,0,,0.1,4,435,353.5,3
2025-05-27,M-T03,两板,15.5,0,,0.2,3,488,733.5,3
2025-05-27,M-T04,两板,18.5,0,,0,3,161,1415.1,0
2025-05-28,M-E01,全电动,14.9,0,,0,3,548,23.3,0
2025-05-28,M-E02,全电动,15.3,0,,0,3,238,28.3,0
2025-05-28,M-E03,全电动,18.1,0,,0,2,412,59.3,4
2025-05-28,M-E04,全电动,15.0,0,,0,3,512,42.5,2
2025-05-28,M-E05,全电动,13.2,0,,0,2,164,47.2,4
2025-05-28,M-E06,全电动,15.3,0,,0,2,237,50.7,0
2025-05-28,M-E07,全电动,17.3,0,,0,1,440,67.2,4
2025-05-28,M-E08,全电动,13.0,0,,0,2,164,77.0,4
2025-05-28,M-E09,全电动,18.2,0,,0,1,485,139.6,2
2025-05-28,M-E10,全电动,18.9,0,,0,2,93,157.0,4
2025-05-28,M-E11,全电动,13.3,0,,0,2,332,137.2,2
2025-05-28,M-E12,全电动,13.6,0,,0,1,428,159.0,0
2025-05-28,M-E13,全电动,18.3,0,,0,4,230,197.1,1
2025-05-28,M-O01,油压,13.0,0,,0,2,506,170.9,1
2025-05-28,M-O02,油压,14.6,0,,0.3,3,289,273.7,3
2025-05-28,M-O03,油压,15.1,0,,0.1,2,253,268.5,1
2025-05-28,M-O04,油压,15.3,0,,0,2,146,333.9,2
2025-05-28,M-O05,油压,18.0,0,,0,1,591,514.3,0
2025-05-28,M-O06,油压,15.5,0,,0,1,168,405.9,3
2025-05-28,M-O07,油压,15.8,0,,0,1,351,527.0,4
2025-05-28,M-O08,油压,13.1,0,,0.2,2,509,480.9,2
2025-05-28,M-O09,油压,16.4,0,,0,2,90,980.1,0
2025-05-28,M-D01,双色旋转,13.4,0,,0,1,507,105.1,0
2025-05-28,M-D02,双色旋转,16.0,0,,0,2,268,465.4,4
2025-05-28,M-D03,双色旋转,17.7,0,,0,3,304,495.2,4
2025-05-28,M-T01,两板,13.5,0,,0,1,142,45.4,1
2025-05-28,M-T02,两板,17.8,0,,0,1,192,408.6,3
2025-05-28,M-T03,两板,19.0,0,,0,2,119,878.2,0
2025-05-28,M-T04,两板,13.2,0,,0,2,184,1051.6,1
2025-05-29,M-E01,全电动,15.8,0,,0,3,475,23.8,3
2025-05-29,M-E02,全电动,16.9,0,,0,1,438,36.3,4
2025-05-29,M-E03,全电动,13.2,0,,0,2,599,40.6,0
2025-05-29,M-E04,全电动,18.3,0,,0,2,423,46.5,4
2025-05-29,M-E05,全电动,16.3,0,,0,3,171,73.0,2
2025-05-29,M-E06,全电动,14.1,0,,0,3,149,52.7,4
2025-05-29,M-E07,全电动,13.2,0,,0.2,3,486,52.8,4
2025-05-29,M-E08,全电动,18.7,0,,0,2,580,87.5,1
2025-05-29,M-E09,全电动,17.5,0,,0,2,266,139.1,4
2025-05-29,M-E10,全电动,15.4,0,,0,3,475,125.6,2
2025-05-29,M-E11,全电动,18.4,0,,0,1,292,132.1,1
2025-05-29,M-E12,全电动,16.7,0,,0.1,4,424,161.2,2
2025-05-29,M-E13,全电动,16.3,0,,0,2,433,168.8,1
2025-05-29,M-O01,油压,17.5,0,,0,2,164,275.9,1
2025-05-29,M-O02,油压,13.8,0,,0,2,257,230.5,4
2025-05-29,M-O03,油压,14.8,0,,0,3,319,327.6,3
2025-05-29,M-O04,油压,16.1,0,,0,1,188,363.8,2
2025-05-29,M-O05,油压,14.0,0,,0,4,122,410.0,2
2025-05-29,M-O06,油压,15.5,0,,0,1,137,483.4,3
2025-05-29,M-O07,油压,12.5,2.6,液压系统,0,2,549,487.3,0
2025-05-29,M-O08,油压,15.3,0,,0,2,228,635.2,4
2025-05-29,M-O09,油压,16.3,0,,0,2,522,717.8,0
2025-05-29,M-D01,双色旋转,16.4,0,,0,2,281,161.5,0
2025-05-29,M-D02,双色旋转,17.1,0,,0,1,181,527.8,0
2025-05-29,M-D03,双色旋转,14.2,0,,0,2,266,420.5,1
2025-05-29,M-T01,两板,14.0,0,,0,3,242,35.6,4
2025-05-29,M-T02,两板,13.1,0,,0,2,258,344.9,0
2025-05-29,M-T03,两板,14.4,0,,0,3,159,673.1,0
2025-05-29,M-T04,两板,16.9,0.6,液压系统,0,2,206,1502.8,3
2025-05-30,M-E01,全电动,18.6,0,,0,2,83,40.2,3
2025-05-30,M-E02,全电动,18.8,0,,0,1,278,41.5,0
2025-05-30,M-E03,全电动,17.8,0,,0,1,259,52.0,1
2025-05-30,M-E04,全电动,14.2,0,,0,3,452,40.0,1
2025-05-30,M-E05,全电动,16.5,0,,0,2,408,73.4,4
2025-05-30,M-E06,全电动,16.3,0,,0,4,321,59.6,0
2025-05-30,M-E07,全电动,16.3,0,,0,1,562,80.9,1
2025-05-30,M-E08,全电动,13.4,0,,0,3,245,61.0,2
2025-05-30,M-E09,全电动,16.4,0,,0,2,234,103.8,1
2025-05-30,M-E10,全电动,13.8,0,,0,3,280,106.7,2
2025-05-30,M-E11,全电动,16.9,0,,0,2,450,125.2,4
2025-05-30,M-E12,全电动,16.4,0,,0,3,203,136.6,3
2025-05-30,M-E13,全电动,18.4,0,,0,2,226,172.3,2
2025-05-30,M-O01,油压,16.6,0,,0,2,588,247.8,0
2025-05-30,M-O02,油压,18.5,0,,0,2,254,245.5,2
2025-05-30,M-O03,油压,14.7,0,,0,2,224,285.9,1
2025-05-30,M-O04,油压,17.7,0,,0,1,268,409.4,1
2025-05-30,M-O05,油压,15.3,0,,0,1,538,450.3,1
2025-05-30,M-O06,油压,13.5,0,,0,2,262,509.5,3
2025-05-30,M-O07,油压,14.5,0,,0,1,309,610.7,0
2025-05-30,M-O08,油压,15.6,0,,0.1,4,483,736.0,4
2025-05-30,M-O09,油压,15.9,0,,0,2,489,679.2,0
2025-05-30,M-D01,双色旋转,18.1,0,,0,3,566,138.1,0
2025-05-30,M-D02,双色旋转,18.0,0,,0,1,426,526.3,0
2025-05-30,M-D03,双色旋转,14.3,0,,0,1,401,472.3,4
2025-05-30,M-T01,两板,18.5,0,,0,3,379,62.6,1
2025-05-30,M-T02,两板,14.1,0,,0,2,366,405.8,1
2025-05-30,M-T03,两板,13.2,0,,0,2,263,718.0,0
2025-05-30,M-T04,两板,19.0,0,,0,1,279,1463.3,2
2025-05-31,M-E01,全电动,15.5,0,,0.1,2,494,26.8,2
2025-05-31,M-E02,全电动,14.7,0,,0,2,285,31.9,2
2025-05-31,M-E03,全电动,16.9,0,,0,3,473,47.6,4
2025-05-31,M-E04,全电动,13.8,0,,0,2,193,45.7,2
2025-05-31,M-E05,全电动,18.6,0,,0.3,1,521,75.0,1
2025-05-31,M-E06,全电动,17.1,0,,0,1,557,75.0,0
2025-05-31,M-E07,全电动,17.7,0,,0,2,416,67.6,0
2025-05-31,M-E08,全电动,16.1,0,,0.3,2,454,76.9,1
2025-05-31,M-E09,全电动,16.0,0,,0,1,173,127.5,4
2025-05-31,M-E10,全电动,13.899999999999999,2.3,液压系统,0,2,486,118.5,4
2025-05-31,M-E11,全电动,17.1,1.7,电气故障,0,2,534,169.8,2
2025-05-31,M-E12,全电动,15.5,0,,0,1,91,183.9,1
2025-05-31,M-E13,全电动,15.5,0,,0,2,492,145.3,4
2025-05-31,M-O01,油压,16.9,0,,0,2,575,260.0,3
2025-05-31,M-O02,油压,18.9,0,,0.3,2,89,277.3,3
2025-05-31,M-O03,油压,13.1,0,,0,2,210,215.7,4
2025-05-31,M-O04,油压,16.5,0,,0,4,481,313.4,2
2025-05-31,M-O05,油压,15.3,0,,0,1,439,339.8,2
2025-05-31,M-O06,油压,18.1,0,,0,2,108,500.6,3
2025-05-31,M-O07,油压,17.8,0,,0,1,496,688.0,4
2025-05-31,M-O08,油压,11.9,3.4,加热系统,0,3,350,596.4,0
2025-05-31,M-O09,油压,14.2,0,,0,1,509,630.6,3
2025-05-31,M-D01,双色旋转,13.3,0,,0,2,528,106.3,3
2025-05-31,M-D02,双色旋转,17.8,0,,0.2,3,198,623.5,4
2025-05-31,M-D03,双色旋转,14.3,0,,0.4,2,261,508.3,4
2025-05-31,M-T01,两板,17.9,0,,0,1,440,46.9,2
2025-05-31,M-T02,两板,14.6,0,,0,4,263,384.6,3
2025-05-31,M-T03,两板,13.0,0,,0.2,2,172,638.9,2
2025-05-31,M-T04,两板,16.4,0,,0,1,504,1043.8,3
2025-06-01,M-E01,全电动,13.4,0,,0,2,389,28.9,2
2025-06-01,M-E02,全电动,18.9,0,,0,4,140,41.0,1
2025-06-01,M-E03,全电动,16.3,0,,0,1,284,38.0,1
2025-06-01,M-E04,全电动,16.1,0,,0,2,284,50.1,2
2025-06-01,M-E05,全电动,16.5,0,,0,3,303,72.7,1
2025-06-01,M-E06,全电动,13.2,0,,0,3,320,48.6,0
2025-06-01,M-E07,全电动,15.5,0,,0,3,204,81.9,0
2025-06-01,M-E08,全电动,14.7,0,,0,4,87,78.4,4
2025-06-01,M-E09,全电动,17.3,0,,0,2,129,110.0,2
2025-06-01,M-E10,全电动,18.4,0,,0,1,299,120.5,2
2025-06-01,M-E11,全电动,16.7,0,,0,3,329,159.6,4
2025-06-01,M-E12,全电动,15.1,0,,0,1,479,124.4,4
2025-06-01,M-E13,全电动,16.2,0,,0,1,571,187.7,1
2025-06-01,M-O01,油压,15.5,0,,0,1,528,255.3,2
2025-06-01,M-O02,油压,17.3,0,,0,2,166,239.5,4
2025-06-01,M-O03,油压,17.9,0,,0,2,513,278.4,2
2025-06-01,M-O04,油压,15.7,0,,0,1,120,441.3,2
2025-06-01,M-O05,油压,18.3,0,,0,3,360,554.0,2
2025-06-01,M-O06,油压,18.8,0,,0,2,215,592.1,4
2025-06-01,M-O07,油压,14.6,0,,0,3,143,489.6,1
2025-06-01,M-O08,油压,15.5,0,,0,3,84,823.6,3
2025-06-01,M-O09,油压,16.8,0,,0.2,3,162,987.2,0
2025-06-01,M-D01,双色旋转,13.4,0,,0,3,333,109.4,2
2025-06-01,M-D02,双色旋转,15.9,0,,0,3,457,545.9,1
2025-06-01,M-D03,双色旋转,14.8,0,,0,4,99,527.6,4
2025-06-01,M-T01,两板,17.7,0,,0,1,442,50.4,4
2025-06-01,M-T02,两板,16.5,0,,0,1,133,456.9,3
2025-06-01,M-T03,两板,18.0,0,,0,1,339,1023.7,2
2025-06-01,M-T04,两板,13.0,0,,0,1,180,970.8,3
2025-06-02,M-E01,全电动,14.6,0,,0,1,566,23.1,3
2025-06-02,M-E02,全电动,13.0,0,,0,3,293,29.5,3
2025-06-02,M-E03,全电动,18.9,0,,0,2,512,51.0,3
2025-06-02,M-E04,全电动,15.7,0,,0,2,481,43.2,1
2025-06-02,M-E05,全电动,15.6,0,,0,2,227,63.4,4
2025-06-02,M-E06,全电动,13.9,0,,0.0,4,530,52.7,1
2025-06-02,M-E07,全电动,17.9,0,,0,2,242,83.9,0
2025-06-02,M-E08,全电动,17.4,0,,0,3,221,103.5,4
2025-06-02,M-E09,全电动,13.9,0,,0,2,139,110.4,3
2025-06-02,M-E10,全电动,15.2,0,,0,2,287,101.4,0
2025-06-02,M-E11,全电动,14.2,0,,0,1,575,117.3,0
2025-06-02,M-E12,全电动,17.9,0,,0,1,383,202.8,3
2025-06-02,M-E13,全电动,17.5,0,,0,2,460,179.4,2
2025-06-02,M-O01,油压,15.0,0,,0,1,141,181.0,3
2025-06-02,M-O02,油压,16.7,0,,0,3,287,302.0,2
2025-06-02,M-O03,油压,15.7,0,,0,3,536,338.6,2
2025-06-02,M-O04,油压,15.1,0,,0,3,207,349.2,0
2025-06-02,M-O05,油压,18.5,0,,0,3,278,552.2,1
2025-06-02,M-O06,油压,13.7,0,,0.4,4,549,477.0,4
2025-06-02,M-O07,油压,14.3,0,,0,2,557,515.7,0
2025-06-02,M-O08,油压,17.3,0,,0,3,541,740.2,4
2025-06-02,M-O09,油压,14.0,0,,0,1,260,814.4,4
2025-06-02,M-D01,双色旋转,14.6,0,,0,2,102,139.1,3
2025-06-02,M-D02,双色旋转,13.3,0,,0,3,284,374.0,4
2025-06-02,M-D03,双色旋转,16.7,0,,0,2,527,576.5,0
2025-06-02,M-T01,两板,14.4,0,,0,2,371,47.0,3
2025-06-02,M-T02,两板,18.5,0,,0,4,445,439.8,3
2025-06-02,M-T03,两板,15.3,0,,0,1,530,934.0,4
2025-06-02,M-T04,两板,16.2,0,,0.2,2,490,1170.6,2
2025-06-03,M-E01,全电动,13.8,0,,0,3,236,26.9,0
2025-06-03,M-E02,全电动,16.1,0,,0.4,3,195,33.5,2
2025-06-03,M-E03,全电动,14.0,0,,0,3,293,42.0,1
2025-06-03,M-E04,全电动,15.0,0,,0,2,308,45.8,2
2025-06-03,M-E05,全电动,16.0,0,,0,1,258,67.2,4
2025-06-03,M-E06,全电动,14.2,0,,0,4,444,43.2,2
2025-06-03,M-E07,全电动,18.4,0,,0,2,422,92.1,2
2025-06-03,M-E08,全电动,16.0,0,,0,2,276,79.5,4
2025-06-03,M-E09,全电动,16.3,0,,0,2,363,94.0,0
2025-06-03,M-E10,全电动,15.9,0,,0,2,261,111.0,1
2025-06-03,M-E11,全电动,16.9,0,,0.5,3,511,146.5,3
2025-06-03,M-E12,全电动,14.4,0,,0,4,106,166.2,1
2025-06-03,M-E13,全电动,14.6,0,,0,4,450,137.2,3
2025-06-03,M-O01,油压,15.7,0,,0,1,312,200.2,1
2025-06-03,M-O02,油压,15.2,0,,0,3,472,275.5,4
2025-06-03,M-O03,油压,16.7,0,,0,3,247,307.5,1
2025-06-03,M-O04,油压,18.2,0,,0,1,588,456.1,2
2025-06-03,M-O05,油压,13.5,0,,0,2,155,367.9,0
2025-06-03,M-O06,油压,17.2,0,,0,3,234,458.3,1
2025-06-03,M-O07,油压,15.9,0,,0,2,445,525.6,2
2025-06-03,M-O08,油压,17.6,0,,0,1,82,667.6,4
2025-06-03,M-O09,油压,16.4,0,,0,2,96,897.6,4
2025-06-03,M-D01,双色旋转,15.8,0,,0,2,85,119.5,1
2025-06-03,M-D02,双色旋转,15.8,0,,0,1,129,561.0,0
2025-06-03,M-D03,双色旋转,13.9,0,,0,1,473,466.0,0
2025-06-03,M-T01,两板,18.4,0,,0,2,292,65.0,4
2025-06-03,M-T02,两板,14.1,0,,0,1,462,293.8,3
2025-06-03,M-T03,两板,16.7,0,,0,3,274,1048.1,1
2025-06-03,M-T04,两板,17.2,0,,0,1,295,1592.7,2
2025-06-04,M-E01,全电动,13.4,0,,0,1,120,24.6,2
2025-06-04,M-E02,全电动,14.4,0,,0,2,491,28.5,2
2025-06-04,M-E03,全电动,16.2,0,,0,2,210,48.1,0
2025-06-04,M-E04,全电动,17.2,0,,0,2,461,45.9,3
2025-06-04,M-E05,全电动,18.3,0,,0.4,2,109,74.7,1
2025-06-04,M-E06,全电动,17.8,0,,0,1,239,61.2,2
2025-06-04,M-E07,全电动,13.5,0,,0,1,172,64.3,4
2025-06-04,M-E08,全电动,13.1,0,,0,3,548,64.2,1
2025-06-04,M-E09,全电动,14.4,0,,0,3,105,107.5,3
2025-06-04,M-E10,全电动,15.4,0,,0,2,223,103.7,0
2025-06-04,M-E11,全电动,14.9,0,,0,1,314,147.4,3
2025-06-04,M-E12,全电动,14.5,0,,0,2,120,130.9,3
2025-06-04,M-E13,全电动,17.5,0,,0,1,113,177.7,4
2025-06-04,M-O01,油压,14.5,0,,0.5,2,407,218.7,0
2025-06-04,M-O02,油压,16.0,0,,0,1,418,268.3,2
2025-06-04,M-O03,油压,16.3,0,,0,1,582,332.4,2
2025-06-04,M-O04,油压,18.5,0,,0,2,208,383.9,4
2025-06-04,M-O05,油压,17.5,0,,0,1,205,469.4,3
2025-06-04,M-O06,油压,13.3,0,,0,2,390,436.6,1
2025-06-04,M-O07,油压,16.1,0,,0,1,233,720.5,3
2025-06-04,M-O08,油压,15.4,0,,0,2,521,749.0,1
2025-06-04,M-O09,油压,17.7,0,,0,1,491,756.8,1
2025-06-04,M-D01,双色旋转,19.0,0,,0,2,536,161.3,2
2025-06-04,M-D02,双色旋转,15.0,0,,0,2,118,433.8,3
2025-06-04,M-D03,双色旋转,18.5,0,,0,2,249,473.2,0
2025-06-04,M-T01,两板,14.3,0,,0,2,170,53.2,2
2025-06-04,M-T02,两板,19.0,0,,0,2,359,575.1,3
2025-06-04,M-T03,两板,17.6,0,,0,2,199,1005.8,4
2025-06-04,M-T04,两板,15.3,0,,0,2,495,1006.3,1
2025-06-05,M-E01,全电动,18.3,0,,0,1,372,29.7,2
2025-06-05,M-E02,全电动,13.7,0,,0,1,294,24.6,0
2025-06-05,M-E03,全电动,13.3,0,,0.3,2,421,36.0,2
2025-06-05,M-E04,全电动,14.8,0,,0,1,454,43.4,0
2025-06-05,M-E05,全电动,15.2,0,,0,4,87,61.1,4
2025-06-05,M-E06,全电动,15.4,0,,0.4,3,452,66.0,4
2025-06-05,M-E07,全电动,15.5,0,,0,2,294,60.3,2
2025-06-05,M-E08,全电动,18.6,0,,0,3,239,124.6,4
2025-06-05,M-E09,全电动,18.7,0,,0,1,354,140.3,0
2025-06-05,M-E10,全电动,18.1,0,,0,3,360,148.7,1
2025-06-05,M-E11,全电动,18.7,0,,0,2,487,185.0,4
2025-06-05,M-E12,全电动,17.4,0,,0,1,410,148.4,3
2025-06-05,M-E13,全电动,18.3,0,,0,2,375,242.4,1
2025-06-05,M-O01,油压,13.9,0,,0.2,1,408,196.0,4
2025-06-05,M-O02,油压,15.4,0,,0,2,103,216.4,3
2025-06-05,M-O03,油压,13.9,0,,0,1,197,297.4,3
2025-06-05,M-O04,油压,15.6,0,,0,1,186,315.7,2
2025-06-05,M-O05,油压,13.5,0,,0,1,81,348.0,1
2025-06-05,M-O06,油压,14.0,0,,0,1,513,417.3,3
2025-06-05,M-O07,油压,14.6,0,,0.2,2,451,623.4,4
2025-06-05,M-O08,油压,18.4,0,,0.4,3,370,684.0,1
2025-06-05,M-O09,油压,13.2,0,,0.4,3,480,651.0,2
2025-06-05,M-D01,双色旋转,17.6,0,,0,3,429,131.6,2
2025-06-05,M-D02,双色旋转,16.2,0,,0,2,151,412.1,1
2025-06-05,M-D03,双色旋转,14.0,0,,0,2,408,520.4,2
2025-06-05,M-T01,两板,18.4,0,,0,4,118,53.8,4
2025-06-05,M-T02,两板,14.4,0,,0,1,456,291.1,0
2025-06-05,M-T03,两板,18.5,0,,0.5,2,188,1038.8,3
2025-06-05,M-T04,两板,16.3,0,,0,2,321,1212.9,3
2025-06-06,M-E01,全电动,15.6,0,,0.1,1,314,32.7,3
2025-06-06,M-E02,全电动,16.8,0,,0,3,310,33.0,2
2025-06-06,M-E03,全电动,17.4,0,,0,3,91,57.5,4
2025-06-06,M-E04,全电动,14.3,0,,0.1,1,251,33.3,3
2025-06-06,M-E05,全电动,15.7,0,,0,4,186,63.4,4
2025-06-06,M-E06,全电动,16.5,0,,0.1,1,588,72.2,3
2025-06-06,M-E07,全电动,15.2,0,,0,3,419,83.5,4
2025-06-06,M-E08,全电动,14.4,0,,0,1,185,82.0,3
2025-06-06,M-E09,全电动,10.9,3.1,加热系统,0,3,587,71.7,3
2025-06-06,M-E10,全电动,13.0,0,,0,1,140,120.9,4
2025-06-06,M-E11,全电动,13.7,0,,0.0,2,568,128.3,1
2025-06-06,M-E12,全电动,15.0,0,,0,3,177,155.2,4
2025-06-06,M-E13,全电动,16.8,0,,0,1,324,205.9,0
2025-06-06,M-O01,油压,16.4,0,,0,1,349,264.0,1
2025-06-06,M-O02,油压,13.9,0,,0,1,537,215.9,1
2025-06-06,M-O03,油压,16.8,0,,0,1,440,307.3,4
2025-06-06,M-O04,油压,15.4,0,,0,3,172,332.3,1
2025-06-06,M-O05,油压,18.6,0,,0,2,263,520.3,2
2025-06-06,M-O06,油压,14.9,0,,0,2,459,400.0,1
2025-06-06,M-O07,油压,15.7,0,,0,1,440,670.5,4
2025-06-06,M-O08,油压,16.6,0,,0.3,2,257,813.8,1
2025-06-06,M-O09,油压,15.1,0,,0,2,570,776.9,2
2025-06-06,M-D01,双色旋转,13.7,0,,0,2,401,102.3,0
2025-06-06,M-D02,双色旋转,14.5,0,,0,3,187,403.4,2
2025-06-06,M-D03,双色旋转,13.0,0,,0,3,311,424.1,4
2025-06-06,M-T01,两板,17.7,0,,0,2,396,48.7,3
2025-06-06,M-T02,两板,13.0,0,,0,2,365,283.1,2
2025-06-06,M-T03,两板,15.2,0,,0,1,386,734.7,2
2025-06-06,M-T04,两板,14.0,0,,0,1,259,957.1,1
2025-06-07,M-E01,全电动,16.0,0,,0,1,187,25.0,4
2025-06-07,M-E02,全电动,14.9,0,,0.1,3,441,24.8,3
2025-06-07,M-E03,全电动,16.7,0,,0,3,285,44.1,0
2025-06-07,M-E04,全电动,16.8,0,,0,2,215,46.7,2
2025-06-07,M-E05,全电动,16.4,0,,0.3,3,215,60.5,4
2025-06-07,M-E06,全电动,13.7,0,,0,3,192,57.8,3
2025-06-07,M-E07,全电动,16.8,0,,0.5,2,84,74.8,4
2025-06-07,M-E08,全电动,16.3,0,,0,2,495,79.4,2
2025-06-07,M-E09,全电动,17.5,0,,0,4,171,121.2,1
2025-06-07,M-E10,全电动,16.7,0,,0,2,82,117.8,1
2025-06-07,M-E11,全电动,18.1,0,,0,2,324,136.3,2
2025-06-07,M-E12,全电动,16.1,0,,0,1,387,173.7,2
2025-06-07,M-E13,全电动,18.2,0,,0,2,485,206.5,1
2025-06-07,M-O01,油压,16.8,0,,0.3,3,281,234.8,4
2025-06-07,M-O02,油压,14.6,0,,0,2,422,198.4,3
2025-06-07,M-O03,油压,18.7,0,,0.3,1,162,384.8,3
2025-06-07,M-O04,油压,18.1,0,,0,2,107,383.9,2
2025-06-07,M-O05,油压,13.7,0,,0,5,80,338.1,4
2025-06-07,M-O06,油压,13.9,0,,0,2,162,501.0,0
2025-06-07,M-O07,油压,16.2,0,,0.3,1,139,630.5,0
2025-06-07,M-O08,油压,16.5,0,,0,3,258,851.5,1
2025-06-07,M-O09,油压,14.1,0,,0,3,448,843.5,2
2025-06-07,M-D01,双色旋转,13.5,0,,0,1,297,96.8,4
2025-06-07,M-D02,双色旋转,14.1,0,,0,2,385,415.8,0
2025-06-07,M-D03,双色旋转,14.0,0,,0.2,2,562,421.5,4
2025-06-07,M-T01,两板,15.4,0,,0,3,508,49.3,2
2025-06-07,M-T02,两板,17.5,0,,0,2,164,460.5,2
2025-06-07,M-T03,两板,15.9,0,,0,2,332,1067.6,4
2025-06-07,M-T04,两板,17.6,0,,0,1,238,1494.6,0
2025-06-08,M-E01,全电动,13.1,0,,0,1,566,23.8,0
2025-06-08,M-E02,全电动,18.9,0,,0,3,292,31.6,2
2025-06-08,M-E03,全电动,17.3,0,,0,1,510,58.3,1
2025-06-08,M-E04,全电动,13.3,0,,0,1,438,42.6,0
2025-06-08,M-E05,全电动,16.0,0,,0,2,222,53.4,4
2025-06-08,M-E06,全电动,14.7,0,,0,1,448,54.5,3
2025-06-08,M-E07,全电动,13.8,0,,0,3,207,62.0,1
2025-06-08,M-E08,全电动,13.5,0,,0,3,189,82.1,1
2025-06-08,M-E09,全电动,13.2,0,,0,2,509,75.0,1
2025-06-08,M-E10,全电动,15.4,0,,0,2,223,116.2,3
2025-06-08,M-E11,全电动,15.1,0,,0,3,295,136.4,4
2025-06-08,M-E12,全电动,16.9,0,,0,1,493,158.5,4
2025-06-08,M-E13,全电动,13.1,0,,0,2,171,118.6,4
2025-06-08,M-O01,油压,18.8,0,,0.2,1,137,312.3,3
2025-06-08,M-O02,油压,14.2,0,,0,5,337,204.3,4
2025-06-08,M-O03,油压,17.3,0,,0,1,498,328.2,2
2025-06-08,M-O04,油压,13.0,0,,0,2,475,260.3,0
2025-06-08,M-O05,油压,18.8,0,,0.3,1,264,553.1,2
2025-06-08,M-O06,油压,18.4,0,,0,1,230,489.6,3
2025-06-08,M-O07,油压,14.1,0,,0.4,1,435,601.4,0
2025-06-08,M-O08,油压,14.4,0,,0,2,165,713.1,1
2025-06-08,M-O09,油压,16.6,0,,0,2,160,968.5,3
2025-06-08,M-D01,双色旋转,14.5,0,,0,2,517,151.7,2
2025-06-08,M-D02,双色旋转,15.9,0,,0,1,490,485.4,3
2025-06-08,M-D03,双色旋转,16.0,0,,0,3,366,459.1,3
2025-06-08,M-T01,两板,17.8,0,,0,2,236,67.1,0
2025-06-08,M-T02,两板,18.6,0,,0.4,3,492,516.1,4
2025-06-08,M-T03,两板,18.0,0,,0,1,490,1190.7,2
2025-06-08,M-T04,两板,14.3,0,,0.0,4,315,1179.2,1
2025-06-09,M-E01,全电动,15.2,0,,0,2,148,22.8,2
2025-06-09,M-E02,全电动,17.3,0,,0,3,116,36.9,3
2025-06-09,M-E03,全电动,16.9,0,,0,3,418,40.2,3
2025-06-09,M-E04,全电动,13.5,0,,0,1,384,41.4,3
2025-06-09,M-E05,全电动,17.1,0,,0,1,222,70.0,2
2025-06-09,M-E06,全电动,13.6,0,,0,2,134,47.8,2
2025-06-09,M-E07,全电动,18.1,0,,0,3,434,77.6,3
2025-06-09,M-E08,全电动,17.5,0,,0,3,156,103.7,1
2025-06-09,M-E09,全电动,13.5,0,,0,1,542,93.7,0
2025-06-09,M-E10,全电动,15.4,0,,0,2,365,142.9,2
2025-06-09,M-E11,全电动,17.6,0,,0,3,510,131.5,2
2025-06-09,M-E12,全电动,17.0,0,,0,3,189,147.3,2
2025-06-09,M-E13,全电动,15.6,0,,0,3,360,178.3,2
2025-06-09,M-O01,油压,16.3,0,,0,1,250,188.9,3
2025-06-09,M-O02,油压,14.1,0,,0,3,265,230.4,3
2025-06-09,M-O03,油压,14.7,0,,0,2,342,324.5,0
2025-06-09,M-O04,油压,18.9,0,,0,2,118,399.5,0
2025-06-09,M-O05,油压,14.3,0,,0,2,438,342.3,0
2025-06-09,M-O06,油压,17.2,0,,0,1,194,526.6,4
2025-06-09,M-O07,油压,14.8,0,,0,2,529,543.7,2
2025-06-09,M-O08,油压,17.1,0,,0,2,457,764.2,3
2025-06-09,M-O09,油压,18.7,0,,0,1,399,1096.4,2
2025-06-09,M-D01,双色旋转,14.3,0,,0,2,275,137.3,1
2025-06-09,M-D02,双色旋转,18.4,0,,0,2,413,664.8,2
2025-06-09,M-D03,双色旋转,15.7,0,,0,1,469,583.8,2
2025-06-09,M-T01,两板,18.0,0,,0,2,129,45.4,1
2025-06-09,M-T02,两板,16.4,0,,0,2,191,478.3,0
2025-06-09,M-T03,两板,14.1,0,,0,1,531,843.5,2
2025-06-09,M-T04,两板,14.6,0,,0.2,2,560,919.8,3
2025-06-10,M-E01,全电动,15.7,0,,0,2,421,26.9,2
2025-06-10,M-E02,全电动,18.0,0,,0,3,480,28.9,4
2025-06-10,M-E03,全电动,16.2,0,,0,3,411,38.0,4
2025-06-10,M-E04,全电动,17.5,0,,0.1,1,464,50.3,1
2025-06-10,M-E05,全电动,14.3,0,,0,2,542,59.0,3
2025-06-10,M-E06,全电动,17.8,0,,0,3,563,65.0,2
2025-06-10,M-E07,全电动,17.4,0,,0,2,182,67.3,4
2025-06-10,M-E08,全电动,13.7,0,,0,1,445,80.4,2
2025-06-10,M-E09,全电动,14.0,0,,0,3,280,87.5,0
2025-06-10,M-E10,全电动,16.8,0,,0,2,483,117.3,2
2025-06-10,M-E11,全电动,14.4,0,,0,1,193,152.0,3
2025-06-10,M-E12,全电动,14.7,0,,0,2,507,159.5,4
2025-06-10,M-E13,全电动,16.0,0,,0,3,268,201.5,0
2025-06-10,M-O01,油压,18.0,0,,0,3,589,302.6,3
2025-06-10,M-O02,油压,16.0,0,,0.3,3,128,267.0,0
2025-06-10,M-O03,油压,16.1,0,,0,4,484,333.0,1
2025-06-10,M-O04,油压,17.1,0,,0,4,574,364.5,2
2025-06-10,M-O05,油压,16.8,0,,0,3,82,377.8,3
2025-06-10,M-O06,油压,18.6,0,,0,2,550,548.5,0
2025-06-10,M-O07,油压,14.7,0,,0,2,227,648.7,3
2025-06-10,M-O08,油压,14.9,0,,0,1,196,710.1,0
2025-06-10,M-O09,油压,16.5,0,,0.4,2,403,905.4,1
2025-06-10,M-D01,双色旋转,15.9,0,,0,3,568,163.0,3
2025-06-10,M-D02,双色旋转,14.3,0,,0,3,543,457.8,1
2025-06-10,M-D03,双色旋转,15.7,0,,0.4,2,448,470.0,0
2025-06-10,M-T01,两板,17.5,0,,0,2,433,58.2,4
2025-06-10,M-T02,两板,13.2,0,,0.4,1,394,272.6,2
2025-06-10,M-T03,两板,15.0,0,,0,3,564,880.9,3
2025-06-10,M-T04,两板,16.8,0,,0,2,498,1262.2,0
2025-06-11,M-E01,全电动,13.1,0,,0,4,286,20.9,3
2025-06-11,M-E02,全电动,15.8,0,,0,2,190,26.6,3
2025-06-11,M-E03,全电动,14.3,0,,0,3,417,48.4,3
2025-06-11,M-E04,全电动,17.6,0,,0,2,245,48.4,3
2025-06-11,M-E05,全电动,14.6,0,,0.1,1,175,51.5,4
2025-06-11,M-E06,全电动,13.3,0,,0,1,599,54.4,2
2025-06-11,M-E07,全电动,13.5,0,,0,4,407,66.9,4
2025-06-11,M-E08,全电动,17.5,0,,0.2,1,456,118.9,0
2025-06-11,M-E09,全电动,16.3,0,,0,2,220,111.1,3
2025-06-11,M-E10,全电动,16.2,0,,0.4,2,193,104.3,2
2025-06-11,M-E11,全电动,18.7,0,,0,2,98,186.7,0
2025-06-11,M-E12,全电动,16.7,0,,0,2,548,200.4,0
2025-06-11,M-E13,全电动,17.7,0,,0,2,599,160.1,2
2025-06-11,M-O01,油压,14.4,0,,0.3,3,135,194.9,3
2025-06-11,M-O02,油压,15.5,0,,0,3,426,222.9,3
2025-06-11,M-O03,油压,18.3,0,,0,3,113,350.7,3
2025-06-11,M-O04,油压,16.0,0,,0,2,305,427.4,4
2025-06-11,M-O05,油压,14.6,0,,0,2,307,460.9,3
2025-06-11,M-O06,油压,18.9,0,,0,1,342,636.7,0
2025-06-11,M-O07,油压,14.2,0,,0,2,179,482.4,1
2025-06-11,M-O08,油压,14.4,0,,0,1,336,749.8,4
2025-06-11,M-O09,油压,17.0,0,,0.4,3,569,967.6,3
2025-06-11,M-D01,双色旋转,18.2,0,,0.4,1,451,171.8,1
2025-06-11,M-D02,双色旋转,15.9,0,,0,1,485,596.0,1
2025-06-11,M-D03,双色旋转,13.1,0,,0,2,110,432.5,0
2025-06-11,M-T01,两板,14.9,0,,0,3,268,51.0,1
2025-06-11,M-T02,两板,14.6,0,,0.4,2,586,393.7,1
2025-06-11,M-T03,两板,16.7,0,,0,3,269,1108.2,0
2025-06-11,M-T04,两板,13.2,0,,0,1,287,1001.6,1
2025-06-12,M-E01,全电动,13.9,0,,0,3,414,28.7,1
2025-06-12,M-E02,全电动,18.1,0,,0.3,2,565,37.1,1
2025-06-12,M-E03,全电动,17.4,0,,0,1,481,45.1,1
2025-06-12,M-E04,全电动,15.8,0,,0,1,561,45.4,0
2025-06-12,M-E05,全电动,14.5,0,,0.4,1,514,50.0,1
2025-06-12,M-E06,全电动,16.7,0,,0.0,1,444,63.4,2
2025-06-12,M-E07,全电动,17.7,0,,0,1,398,95.3,1
2025-06-12,M-E08,全电动,13.1,0,,0,3,557,81.5,0
2025-06-12,M-E09,全电动,13.5,0,,0,2,270,84.6,0
2025-06-12,M-E10,全电动,16.0,0,,0,3,98,123.3,4
2025-06-12,M-E11,全电动,15.3,0,,0,2,201,143.0,3
2025-06-12,M-E12,全电动,17.7,0,,0,2,105,210.2,0
2025-06-12,M-E13,全电动,16.7,0,,0,1,509,154.8,3
2025-06-12,M-O01,油压,16.1,0,,0,3,564,195.7,3
2025-06-12,M-O02,油压,17.3,0,,0.2,1,410,236.2,3
2025-06-12,M-O03,油压,15.9,0,,0,3,116,308.4,0
2025-06-12,M-O04,油压,17.1,0,,0,2,344,366.6,1
2025-06-12,M-O05,油压,13.9,0,,0,3,106,439.0,1
2025-06-12,M-O06,油压,14.7,0,,0,3,455,493.1,4
2025-06-12,M-O07,油压,16.3,0,,0,3,329,735.3,2
2025-06-12,M-O08,油压,16.8,0,,0,3,123,672.1,0
2025-06-12,M-O09,油压,16.6,0,,0,1,109,814.3,3
2025-06-12,M-D01,双色旋转,17.7,0,,0,4,327,187.3,4
2025-06-12,M-D02,双色旋转,18.5,0,,0.2,3,373,590.9,1
2025-06-12,M-D03,双色旋转,15.4,0,,0,2,164,458.6,0
2025-06-12,M-T01,两板,17.7,0,,0,1,217,65.6,0
2025-06-12,M-T02,两板,13.1,0,,0,1,296,301.3,0
2025-06-12,M-T03,两板,16.5,0,,0,2,291,913.5,3
2025-06-12,M-T04,两板,18.9,0,,0,3,179,1742.8,3
2025-06-13,M-E01,全电动,14.3,0,,0,2,488,24.3,1
2025-06-13,M-E02,全电动,13.1,0,,0,5,167,24.0,3
2025-06-13,M-E03,全电动,13.1,0,,0,3,490,37.6,0
2025-06-13,M-E04,全电动,14.6,0,,0.3,1,523,41.7,4
2025-06-13,M-E05,全电动,17.0,0,,0,2,292,62.7,2
2025-06-13,M-E06,全电动,17.1,0,,0,1,103,76.1,1
2025-06-13,M-E07,全电动,17.0,0,,0,2,151,90.7,0
2025-06-13,M-E08,全电动,15.6,0,,0,1,513,89.2,2
2025-06-13,M-E09,全电动,15.6,0,,0,2,271,112.0,4
2025-06-13,M-E10,全电动,15.3,0,,0,2,521,124.3,0
2025-06-13,M-E11,全电动,16.3,0,,0,1,84,129.9,3
2025-06-13,M-E12,全电动,18.2,0,,0,2,337,186.4,3
2025-06-13,M-E13,全电动,18.9,0,,0,2,488,168.8,4
2025-06-13,M-O01,油压,15.6,0,,0,3,467,254.7,3
2025-06-13,M-O02,油压,15.1,0,,0,2,321,257.1,3
2025-06-13,M-O03,油压,18.6,0,,0,2,335,314.6,4
2025-06-13,M-O04,油压,13.5,0,,0.3,2,518,359.1,2
2025-06-13,M-O05,油压,13.1,0,,0,2,527,348.2,0
2025-06-13,M-O06,油压,15.0,3.2,模具问题,0,2,319,523.2,1
2025-06-13,M-O07,油压,17.8,0,,0,1,430,606.8,3
2025-06-13,M-O08,油压,15.4,0,,0,1,524,713.3,2
2025-06-13,M-O09,油压,16.0,0,,0.1,3,419,897.9,0
2025-06-13,M-D01,双色旋转,17.5,0,,0,1,197,136.4,2
2025-06-13,M-D02,双色旋转,13.9,0,,0,1,454,384.0,0
2025-06-13,M-D03,双色旋转,17.6,0,,0,2,555,498.0,3
2025-06-13,M-T01,两板,15.9,0,,0,2,578,58.0,2
2025-06-13,M-T02,两板,13.6,0,,0,3,564,371.8,2
2025-06-13,M-T03,两板,18.0,0,,0,3,224,917.9,1
2025-06-13,M-T04,两板,15.1,0,,0,3,119,1062.1,0
2025-06-14,M-E01,全电动,18.7,0,,0.2,1,342,40.5,1
2025-06-14,M-E02,全电动,17.0,0,,0,1,415,30.0,2
2025-06-14,M-E03,全电动,16.8,0,,0,3,557,39.0,3
2025-06-14,M-E04,全电动,18.8,0,,0.4,3,403,62.1,4
2025-06-14,M-E05,全电动,15.0,0,,0,4,201,52.8,2
2025-06-14,M-E06,全电动,14.8,0,,0,1,580,57.2,3
2025-06-14,M-E07,全电动,13.6,0,,0.3,2,567,71.0,2
2025-06-14,M-E08,全电动,17.3,0,,0,3,384,91.5,1
2025-06-14,M-E09,全电动,13.0,0,,0,3,474,104.2,0
2025-06-14,M-E10,全电动,17.6,0,,0,2,435,113.3,3
2025-06-14,M-E11,全电动,13.0,0,,0,3,424,123.3,0
2025-06-14,M-E12,全电动,13.8,0,,0,3,595,123.3,3
2025-06-14,M-E13,全电动,16.3,0,,0,2,438,200.8,3
2025-06-14,M-O01,油压,17.4,0,,0,1,237,233.1,1
2025-06-14,M-O02,油压,18.9,0,,0,1,374,294.0,1
2025-06-14,M-O03,油压,17.3,0,,0,2,589,373.7,3
2025-06-14,M-O04,油压,14.9,0,,0,2,548,394.1,4
2025-06-14,M-O05,油压,17.5,0,,0,1,109,454.0,0
2025-06-14,M-O06,油压,17.5,0,,0.2,2,594,458.9,3
2025-06-14,M-O07,油压,13.9,0,,0,2,548,454.2,0
2025-06-14,M-O08,油压,17.8,0,,0,2,568,941.2,2
2025-06-14,M-O09,油压,17.6,0,,0,3,198,720.5,1
2025-06-14,M-D01,双色旋转,18.4,0,,0,2,83,142.8,3
2025-06-14,M-D02,双色旋转,14.4,0,,0,3,275,442.6,3
2025-06-14,M-D03,双色旋转,14.7,0,,0,1,551,431.5,3
2025-06-14,M-T01,两板,18.9,0,,0,2,572,47.6,1
2025-06-14,M-T02,两板,13.7,0,,0,3,520,413.4,1
2025-06-14,M-T03,两板,14.2,0,,0,2,159,674.3,2
2025-06-14,M-T04,两板,18.5,0,,0,2,93,1751.0,3
2025-06-15,M-E01,全电动,13.1,0,,0,1,373,29.0,1
2025-06-15,M-E02,全电动,14.5,0,,0,2,113,27.8,2
2025-06-15,M-E03,全电动,17.0,0,,0,3,537,41.6,3
2025-06-15,M-E04,全电动,18.9,0,,0.2,3,301,54.8,3
2025-06-15,M-E05,全电动,14.9,0,,0,1,146,49.8,0
2025-06-15,M-E06,全电动,18.4,0,,0,3,535,57.4,3
2025-06-15,M-E07,全电动,17.5,0,,0.0,3,80,77.2,2
2025-06-15,M-E08,全电动,13.3,0,,0,2,286,73.6,2
2025-06-15,M-E09,全电动,18.4,0,,0,3,560,150.6,0
2025-06-15,M-E10,全电动,17.6,0,,0,2,89,162.7,3
2025-06-15,M-E11,全电动,14.8,0,,0.4,2,529,107.1,0
2025-06-15,M-E12,全电动,13.1,0,,0,1,190,112.9,2
2025-06-15,M-E13,全电动,15.9,0,,0,3,295,148.7,4
2025-06-15,M-O01,油压,15.4,0,,0,3,82,257.9,4
2025-06-15,M-O02,油压,18.0,0,,0,2,398,296.4,1
2025-06-15,M-O03,油压,12.3,2.2,电气故障,0,3,568,275.1,4
2025-06-15,M-O04,油压,15.1,0,,0,3,107,429.4,1
2025-06-15,M-O05,油压,18.9,0,,0,3,281,597.6,1
2025-06-15,M-O06,油压,16.1,0,,0,2,417,569.0,2
2025-06-15,M-O07,油压,14.0,0,,0,1,583,519.2,2
2025-06-15,M-O08,油压,12.0,2.7,加热系统,0,1,296,497.1,3
2025-06-15,M-O09,油压,16.8,0,,0.2,2,174,841.1,2
2025-06-15,M-D01,双色旋转,17.6,0,,0,3,208,158.2,2
2025-06-15,M-D02,双色旋转,18.3,0,,0,3,477,669.2,2
2025-06-15,M-D03,双色旋转,18.0,0,,0,2,400,468.1,4
2025-06-15,M-T01,两板,16.4,0,,0,1,109,48.5,2
2025-06-15,M-T02,两板,19.0,0,,0,1,573,569.2,4
2025-06-15,M-T03,两板,17.9,0,,0,1,130,924.6,1
2025-06-15,M-T04,两板,15.4,0,,0,3,552,1079.4,0
2025-06-16,M-E01,全电动,15.8,0,,0,3,431,30.5,3
2025-06-16,M-E02,全电动,14.9,0,,0,1,384,27.8,2
2025-06-16,M-E03,全电动,13.3,0,,0,1,87,39.8,2
2025-06-16,M-E04,全电动,18.6,0,,0,4,526,59.9,4
2025-06-16,M-E05,全电动,14.6,0,,0,2,189,61.0,2
2025-06-16,M-E06,全电动,16.1,0,,0,1,174,53.4,2
2025-06-16,M-E07,全电动,18.7,0,,0,3,158,91.9,0
2025-06-16,M-E08,全电动,15.4,0,,0,2,546,83.2,3
2025-06-16,M-E09,全电动,13.3,0,,0,1,459,111.0,0
2025-06-16,M-E10,全电动,18.5,0,,0,2,435,123.1,3
2025-06-16,M-E11,全电动,18.7,0,,0,5,586,158.5,0
2025-06-16,M-E12,全电动,10.4,3.0,传感器异常,0.2,2,459,88.0,3
2025-06-16,M-E13,全电动,14.2,0,,0,1,170,150.7,3
2025-06-16,M-O01,油压,13.2,0,,0,3,424,195.1,4
2025-06-16,M-O02,油压,13.5,0,,0,1,551,177.0,3
2025-06-16,M-O03,油压,15.4,0,,0,3,181,316.5,3
2025-06-16,M-O04,油压,13.2,0,,0,2,296,331.7,3
2025-06-16,M-O05,油压,14.3,0,,0,1,163,348.7,2
2025-06-16,M-O06,油压,15.5,0,,0,1,234,474.1,2
2025-06-16,M-O07,油压,15.8,0,,0,2,504,611.2,4
2025-06-16,M-O08,油压,18.5,0,,0,1,353,828.1,1
2025-06-16,M-O09,油压,14.1,0,,0,3,135,626.0,0
2025-06-16,M-D01,双色旋转,14.2,0,,0,2,372,121.7,4
2025-06-16,M-D02,双色旋转,16.7,0,,0,2,595,462.2,3
2025-06-16,M-D03,双色旋转,14.4,0,,0,1,302,421.6,4
2025-06-16,M-T01,两板,17.7,0,,0.3,1,202,59.9,1
2025-06-16,M-T02,两板,18.1,0,,0,3,599,383.1,0
2025-06-16,M-T03,两板,11.8,3.6,传感器异常,0.5,2,457,604.9,3
2025-06-16,M-T04,两板,10.4,3.1,加热系统,0,2,251,667.9,1
2025-06-17,M-E01,全电动,14.6,0,,0.4,2,550,22.5,1
2025-06-17,M-E02,全电动,15.4,0,,0,3,229,28.8,0
2025-06-17,M-E03,全电动,13.4,0,,0,3,596,40.8,1
2025-06-17,M-E04,全电动,16.8,0,,0,2,384,50.1,1
2025-06-17,M-E05,全电动,13.799999999999999,3.4,模具问题,0,1,562,47.6,4
2025-06-17,M-E06,全电动,17.8,1.0,传感器异常,0,1,231,54.6,0
2025-06-17,M-E07,全电动,14.4,0,,0,1,456,71.8,2
2025-06-17,M-E08,全电动,18.4,0,,0,1,211,111.6,0
2025-06-17,M-E09,全电动,18.1,0,,0.4,2,450,136.0,4
2025-06-17,M-E10,全电动,13.4,0,,0,1,180,113.0,1
2025-06-17,M-E11,全电动,13.7,0,,0,1,113,119.5,4
2025-06-17,M-E12,全电动,15.0,0,,0,2,91,160.3,3
2025-06-17,M-E13,全电动,16.9,0,,0,3,475,166.4,2
2025-06-17,M-O01,油压,13.8,0,,0.2,4,482,194.6,1
2025-06-17,M-O02,油压,18.2,0,,0,1,82,252.0,0
2025-06-17,M-O03,油压,17.1,0,,0,4,376,310.6,2
2025-06-17,M-O04,油压,13.5,3.5,模具问题,0,3,436,354.7,1
2025-06-17,M-O05,油压,17.4,0,,0,4,268,399.4,4
2025-06-17,M-O06,油压,16.4,0,,0,2,580,479.7,0
2025-06-17,M-O07,油压,16.8,0,,0,3,269,711.1,4
2025-06-17,M-O08,油压,16.9,0,,0.3,2,539,632.8,2
2025-06-17,M-O09,油压,17.6,0,,0,3,464,761.0,4
2025-06-17,M-D01,双色旋转,15.9,0,,0.2,2,166,129.6,2
2025-06-17,M-D02,双色旋转,18.1,0,,0,3,206,596.0,1
2025-06-17,M-D03,双色旋转,13.9,0,,0,1,139,446.4,1
2025-06-17,M-T01,两板,14.8,0,,0,2,458,55.0,0
2025-06-17,M-T02,两板,16.0,0,,0.2,1,304,355.4,3
2025-06-17,M-T03,两板,18.3,0,,0,2,577,1133.6,4
2025-06-17,M-T04,两板,17.9,0,,0,2,166,1506.2,2
2025-06-18,M-E01,全电动,18.6,0,,0,1,260,30.1,2
2025-06-18,M-E02,全电动,13.799999999999999,1.9,电气故障,0,3,171,31.2,2
2025-06-18,M-E03,全电动,18.9,0,,0,1,434,56.3,3
2025-06-18,M-E04,全电动,18.9,0,,0,2,225,56.7,3
2025-06-18,M-E05,全电动,13.5,0,,0,2,263,43.1,3
2025-06-18,M-E06,全电动,17.4,0,,0,1,150,75.6,0
2025-06-18,M-E07,全电动,13.2,0,,0,2,124,62.8,1
2025-06-18,M-E08,全电动,16.8,0,,0.0,2,215,81.6,3
2025-06-18,M-E09,全电动,18.8,0,,0,1,305,115.0,1
2025-06-18,M-E10,全电动,13.4,0,,0,1,509,115.0,0
2025-06-18,M-E11,全电动,17.5,0,,0.5,2,259,166.3,0
2025-06-18,M-E12,全电动,15.4,0,,0,3,125,154.7,4
2025-06-18,M-E13,全电动,14.8,0,,0,2,559,171.6,3
2025-06-18,M-O01,油压,15.4,0,,0,3,423,232.4,0
2025-06-18,M-O02,油压,15.7,0,,0,3,237,221.3,2
2025-06-18,M-O03,油压,14.8,0,,0,1,587,274.5,0
2025-06-18,M-O04,油压,14.4,0,,0,3,91,335.6,3
2025-06-18,M-O05,油压,14.8,0,,0,2,111,393.4,3
2025-06-18,M-O06,油压,15.6,0,,0,4,524,530.1,4
2025-06-18,M-O07,油压,18.1,0,,0,3,374,592.3,2
2025-06-18,M-O08,油压,17.6,0,,0,1,166,863.7,3
2025-06-18,M-O09,油压,13.6,0,,0,1,567,657.6,2
2025-06-18,M-D01,双色旋转,16.8,0,,0.2,1,162,153.7,1
2025-06-18,M-D02,双色旋转,13.5,0,,0,1,396,387.1,3
2025-06-18,M-D03,双色旋转,14.1,0,,0,1,446,431.7,2
2025-06-18,M-T01,两板,13.4,0,,0,2,271,41.7,4
2025-06-18,M-T02,两板,15.6,0,,0,3,276,364.2,2
2025-06-18,M-T03,两板,15.8,0,,0,1,187,818.2,0
2025-06-18,M-T04,两板,16.8,0,,0,2,87,1080.6,4
2025-06-19,M-E01,全电动,17.5,0,,0.2,1,139,33.7,2
2025-06-19,M-E02,全电动,18.9,0,,0,2,277,42.4,4
2025-06-19,M-E03,全电动,18.0,0,,0,1,520,53.1,3
2025-06-19,M-E04,全电动,13.8,0,,0,3,105,38.6,4
2025-06-19,M-E05,全电动,13.3,0,,0,2,83,51.1,0
2025-06-19,M-E06,全电动,17.1,0,,0,1,377,71.9,3
2025-06-19,M-E07,全电动,14.4,0,,0,2,176,72.8,2
2025-06-19,M-E08,全电动,13.4,0,,0,1,171,81.6,4
2025-06-19,M-E09,全电动,14.7,0,,0,1,593,87.1,1
2025-06-19,M-E10,全电动,18.8,0,,0,3,347,131.5,1
2025-06-19,M-E11,全电动,18.7,0,,0,1,300,190.5,4
2025-06-19,M-E12,全电动,17.4,0,,0,1,326,180.4,2
2025-06-19,M-E13,全电动,18.4,0,,0,2,103,179.4,2
2025-06-19,M-O01,油压,15.3,0,,0,3,308,228.2,0
2025-06-19,M-O02,油压,17.3,0,,0,2,83,273.5,0
2025-06-19,M-O03,油压,16.9,0,,0.4,1,407,264.1,1
2025-06-19,M-O04,油压,17.8,0,,0,1,374,421.6,1
2025-06-19,M-O05,油压,17.7,0,,0,2,557,492.7,0
2025-06-19,M-O06,油压,16.0,0,,0,2,324,408.7,2
2025-06-19,M-O07,油压,17.6,0,,0,2,326,589.0,3
2025-06-19,M-O08,油压,15.8,0,,0,2,119,674.3,3
2025-06-19,M-O09,油压,15.5,0,,0,2,219,624.5,1
2025-06-19,M-D01,双色旋转,16.3,0,,0,1,233,116.7,1
2025-06-19,M-D02,双色旋转,13.1,0,,0,1,507,446.6,4
2025-06-19,M-D03,双色旋转,17.9,0,,0,4,405,639.0,2
2025-06-19,M-T01,两板,14.6,0,,0,4,265,45.0,4
2025-06-19,M-T02,两板,13.2,0,,0,1,140,369.2,3
2025-06-19,M-T03,两板,15.4,0,,0,2,195,983.4,2
2025-06-19,M-T04,两板,14.8,0,,0,1,92,1088.8,4
2025-06-20,M-E01,全电动,14.7,0,,0,3,427,25.2,3
2025-06-20,M-E02,全电动,13.2,1.5,电气故障,0,1,195,28.5,2
2025-06-20,M-E03,全电动,13.3,0,,0,3,232,35.6,0
2025-06-20,M-E04,全电动,16.4,0,,0,3,106,41.0,4
2025-06-20,M-E05,全电动,18.0,0,,0,2,167,56.0,4
2025-06-20,M-E06,全电动,16.0,0,,0,1,257,70.2,2
2025-06-20,M-E07,全电动,14.8,0,,0,1,533,56.8,3
2025-06-20,M-E08,全电动,15.7,0,,0,2,580,90.3,1
2025-06-20,M-E09,全电动,13.1,0,,0,3,540,86.4,0
2025-06-20,M-E10,全电动,18.2,0,,0.1,1,564,120.8,4
2025-06-20,M-E11,全电动,16.7,0,,0,2,409,169.9,1
2025-06-20,M-E12,全电动,15.9,0,,0,2,393,156.9,4
2025-06-20,M-E13,全电动,16.4,0,,0,2,497,192.2,0
2025-06-20,M-O01,油压,15.0,0,,0,2,454,242.2,1
2025-06-20,M-O02,油压,15.4,0,,0,3,275,246.1,1
2025-06-20,M-O03,油压,17.3,0,,0,2,314,274.6,2
2025-06-20,M-O04,油压,16.5,0,,0.3,3,194,367.5,3
2025-06-20,M-O05,油压,15.3,0,,0,2,253,422.7,3
2025-06-20,M-O06,油压,18.4,0,,0,3,273,684.4,3
2025-06-20,M-O07,油压,14.9,0,,0.3,2,380,550.3,4
2025-06-20,M-O08,油压,16.7,0,,0,2,111,613.6,2
2025-06-20,M-O09,油压,17.7,0,,0,2,292,1034.5,2
2025-06-20,M-D01,双色旋转,13.9,0,,0,2,294,123.5,4
2025-06-20,M-D02,双色旋转,16.2,0,,0,2,547,435.9,3
2025-06-20,M-D03,双色旋转,14.0,0,,0,3,491,414.6,0
2025-06-20,M-T01,两板,18.8,0,,0,1,352,57.7,3
2025-06-20,M-T02,两板,18.5,0,,0,3,450,456.4,3
2025-06-20,M-T03,两板,16.7,0,,0,1,361,867.0,0
2025-06-20,M-T04,两板,14.0,0,,0,2,286,905.0,2
2025-06-21,M-E01,全电动,18.7,0,,0,1,109,30.3,1
2025-06-21,M-E02,全电动,16.6,0,,0,4,416,37.3,2
2025-06-21,M-E03,全电动,17.1,0,,0,1,255,55.0,4
2025-06-21,M-E04,全电动,15.0,3.2,液压系统,0,2,107,47.3,1
2025-06-21,M-E05,全电动,16.1,0,,0,1,213,54.0,4
2025-06-21,M-E06,全电动,15.9,0,,0.1,1,239,71.3,3
2025-06-21,M-E07,全电动,18.9,0,,0.1,2,234,80.9,0
2025-06-21,M-E08,全电动,17.1,0,,0,3,454,91.6,0
2025-06-21,M-E09,全电动,18.0,0,,0.4,2,336,141.7,2
2025-06-21,M-E10,全电动,17.0,0,,0,1,410,128.4,4
2025-06-21,M-E11,全电动,13.8,0,,0.4,2,439,119.0,0
2025-06-21,M-E12,全电动,16.6,0,,0,1,390,199.1,1
2025-06-21,M-E13,全电动,15.7,0,,0,1,589,187.3,3
2025-06-21,M-O01,油压,13.9,0,,0,1,470,183.9,0
2025-06-21,M-O02,油压,18.4,0,,0,2,587,286.6,3
2025-06-21,M-O03,油压,17.7,0,,0.0,3,335,345.4,3
2025-06-21,M-O04,油压,16.6,0,,0,1,433,403.5,3
2025-06-21,M-O05,油压,13.1,0,,0,5,516,422.2,1
2025-06-21,M-O06,油压,11.0,3.0,电气故障,0,2,254,289.2,3
2025-06-21,M-O07,油压,17.2,0,,0,3,566,569.2,0
2025-06-21,M-O08,油压,15.1,0,,0,2,243,558.6,2
2025-06-21,M-O09,油压,17.7,0,,0,1,441,753.6,0
2025-06-21,M-D01,双色旋转,12.200000000000001,3.1,液压系统,0,1,203,91.2,3
2025-06-21,M-D02,双色旋转,14.4,0,,0,2,518,533.6,3
2025-06-21,M-D03,双色旋转,15.9,0,,0,3,372,408.8,4
2025-06-21,M-T01,两板,14.0,0,,0,1,507,51.4,4
2025-06-21,M-T02,两板,12.6,1.3,模具问题,0.4,1,178,263.3,4
2025-06-21,M-T03,两板,13.1,0,,0.1,2,495,687.4,0
2025-06-21,M-T04,两板,15.5,0,,0,1,276,1470.5,3
2025-06-22,M-E01,全电动,15.4,0,,0,3,95,26.4,2
2025-06-22,M-E02,全电动,16.5,0,,0,1,204,26.6,1
2025-06-22,M-E03,全电动,18.6,0,,0.1,2,498,46.6,4
2025-06-22,M-E04,全电动,13.8,0,,0,1,130,33.4,1
2025-06-22,M-E05,全电动,15.2,0,,0,3,509,59.4,2
2025-06-22,M-E06,全电动,18.6,0,,0,1,85,74.2,4
2025-06-22,M-E07,全电动,15.9,0,,0.0,1,561,62.6,1
2025-06-22,M-E08,全电动,17.1,0,,0,3,173,111.8,3
2025-06-22,M-E09,全电动,13.9,0,,0.3,2,537,111.4,1
2025-06-22,M-E10,全电动,13.1,0,,0,1,539,88.8,0
2025-06-22,M-E11,全电动,18.8,0,,0,4,411,171.9,1
2025-06-22,M-E12,全电动,15.7,0,,0.2,4,299,133.2,1
2025-06-22,M-E13,全电动,13.0,0,,0.4,2,135,148.8,4
2025-06-22,M-O01,油压,14.8,0,,0,1,338,191.9,3
2025-06-22,M-O02,油压,19.0,0,,0,2,475,257.7,4
2025-06-22,M-O03,油压,14.6,0,,0,2,476,226.7,1
2025-06-22,M-O04,油压,18.6,0,,0,2,441,454.4,3
2025-06-22,M-O05,油压,15.8,0,,0,2,422,433.1,2
2025-06-22,M-O06,油压,17.5,0,,0,1,126,445.4,0
2025-06-22,M-O07,油压,18.5,0,,0,1,510,679.9,4
2025-06-22,M-O08,油压,15.3,0,,0,3,413,806.0,0
2025-06-22,M-O09,油压,15.6,0,,0,2,321,690.6,2
2025-06-22,M-D01,双色旋转,17.6,0,,0,2,336,163.8,4
2025-06-22,M-D02,双色旋转,17.1,0,,0.5,1,256,647.0,1
2025-06-22,M-D03,双色旋转,16.8,0,,0,2,234,452.3,4
2025-06-22,M-T01,两板,13.3,0,,0,1,263,45.1,1
2025-06-22,M-T02,两板,16.7,0,,0,3,416,433.5,1
2025-06-22,M-T03,两板,18.8,0,,0,5,129,1252.2,4
2025-06-22,M-T04,两板,14.5,0,,0,3,441,1140.7,2
2025-06-23,M-E01,全电动,13.1,0,,0,3,329,28.8,3
2025-06-23,M-E02,全电动,14.9,0,,0,5,175,30.6,2
2025-06-23,M-E03,全电动,15.6,0,,0,1,269,45.4,3
2025-06-23,M-E04,全电动,16.0,0,,0,3,245,45.8,0
2025-06-23,M-E05,全电动,13.5,0,,0,2,215,41.2,1
2025-06-23,M-E06,全电动,17.2,0,,0.0,2,349,64.4,3
2025-06-23,M-E07,全电动,18.2,0,,0,1,214,85.7,2
2025-06-23,M-E08,全电动,16.6,0,,0.4,2,224,79.1,0
2025-06-23,M-E09,全电动,18.9,0,,0,2,305,126.4,3
2025-06-23,M-E10,全电动,18.9,0,,0,1,538,119.0,2
2025-06-23,M-E11,全电动,18.3,0,,0,1,526,152.5,0
2025-06-23,M-E12,全电动,13.8,0,,0,2,579,132.5,0
2025-06-23,M-E13,全电动,15.6,0,,0,1,553,195.2,0
2025-06-23,M-O01,油压,13.6,0,,0,1,491,189.0,0
2025-06-23,M-O02,油压,16.2,0,,0,1,222,294.1,0
2025-06-23,M-O03,油压,18.6,0,,0.4,3,525,291.7,2
2025-06-23,M-O04,油压,17.3,0,,0.3,2,427,360.6,2
2025-06-23,M-O05,油压,13.5,0,,0,1,544,394.1,1
2025-06-23,M-O06,油压,18.8,0,,0,4,575,569.1,3
2025-06-23,M-O07,油压,17.1,0,,0,1,118,581.3,3
2025-06-23,M-O08,油压,17.1,0,,0,3,318,708.6,1
2025-06-23,M-O09,油压,13.1,0,,0.3,1,98,767.0,0
2025-06-23,M-D01,双色旋转,16.1,0,,0.5,1,342,169.7,4
2025-06-23,M-D02,双色旋转,18.9,0,,0,3,113,509.2,4
2025-06-23,M-D03,双色旋转,18.7,0,,0.4,3,367,512.9,3
2025-06-23,M-T01,两板,15.2,0,,0,2,475,38.3,0
2025-06-23,M-T02,两板,13.4,0,,0,4,406,366.6,4
2025-06-23,M-T03,两板,15.2,0,,0,2,255,850.3,4
2025-06-23,M-T04,两板,15.2,0,,0,1,168,1352.0,3
2025-06-24,M-E01,全电动,15.3,0,,0,3,346,29.9,0
2025-06-24,M-E02,全电动,15.2,0,,0,3,310,33.5,2
2025-06-24,M-E03,全电动,18.0,0,,0,3,541,47.5,2
2025-06-24,M-E04,全电动,13.1,0,,0,2,351,40.0,4
2025-06-24,M-E05,全电动,16.3,0,,0,1,347,72.6,1
2025-06-24,M-E06,全电动,14.6,0,,0,3,295,49.6,3
2025-06-24,M-E07,全电动,15.5,0,,0.5,2,503,80.7,3
2025-06-24,M-E08,全电动,15.9,0,,0,1,444,71.9,2
2025-06-24,M-E09,全电动,16.8,0,,0,1,351,106.2,1
2025-06-24,M-E10,全电动,15.6,0,,0,3,224,141.5,3
2025-06-24,M-E11,全电动,17.0,0,,0,3,570,157.8,2
2025-06-24,M-E12,全电动,17.0,0,,0,3,98,180.8,4
2025-06-24,M-E13,全电动,16.5,0,,0,2,187,166.6,2
2025-06-24,M-O01,油压,16.5,0,,0,1,497,207.3,4
2025-06-24,M-O02,油压,17.9,0,,0,1,404,330.2,0
2025-06-24,M-O03,油压,13.8,0,,0,2,485,254.8,3
2025-06-24,M-O04,油压,18.7,0,,0,2,597,394.2,1
2025-06-24,M-O05,油压,15.7,0,,0,2,409,361.8,2
2025-06-24,M-O06,油压,14.5,0,,0,3,289,511.0,3
2025-06-24,M-O07,油压,18.7,0,,0.2,1,286,678.3,0
2025-06-24,M-O08,油压,18.7,0,,0,3,297,801.1,0
2025-06-24,M-O09,油压,17.1,0,,0,1,294,875.7,4
2025-06-24,M-D01,双色旋转,16.9,0,,0,4,325,156.2,3
2025-06-24,M-D02,双色旋转,18.5,0,,0,2,346,525.0,2
2025-06-24,M-D03,双色旋转,15.1,0,,0.2,3,208,455.2,4
2025-06-24,M-T01,两板,18.4,0,,0,2,446,46.9,2
2025-06-24,M-T02,两板,16.9,0,,0,2,398,437.5,4
2025-06-24,M-T03,两板,16.8,0,,0,3,221,846.5,3
2025-06-24,M-T04,两板,17.3,0,,0,1,130,1472.0,3
2025-06-25,M-E01,全电动,17.3,0,,0,2,243,38.4,1
2025-06-25,M-E02,全电动,14.2,0,,0,1,137,22.1,2
2025-06-25,M-E03,全电动,16.1,0,,0,2,593,50.4,0
2025-06-25,M-E04,全电动,14.3,0,,0,1,498,34.0,0
2025-06-25,M-E05,全电动,16.0,0,,0,1,530,51.7,4
2025-06-25,M-E06,全电动,16.8,0,,0,1,210,61.2,2
2025-06-25,M-E07,全电动,15.9,0,,0,2,596,67.5,2
2025-06-25,M-E08,全电动,17.5,0,,0,2,416,90.9,1
2025-06-25,M-E09,全电动,18.5,0,,0,4,144,122.2,2
2025-06-25,M-E10,全电动,15.5,0,,0,2,478,107.2,2
2025-06-25,M-E11,全电动,13.5,0,,0,2,219,140.6,4
2025-06-25,M-E12,全电动,17.4,0,,0,3,277,160.2,0
2025-06-25,M-E13,全电动,15.5,0,,0,2,221,167.7,2
2025-06-25,M-O01,油压,18.8,0,,0,1,515,241.4,4
2025-06-25,M-O02,油压,15.7,0,,0,1,225,226.4,0
2025-06-25,M-O03,油压,17.4,0,,0,2,366,355.4,3
2025-06-25,M-O04,油压,18.3,0,,0,3,363,370.6,4
2025-06-25,M-O05,油压,15.6,0,,0.4,2,503,438.8,4
2025-06-25,M-O06,油压,16.4,0,,0,1,458,597.8,3
2025-06-25,M-O07,油压,17.9,0,,0,2,351,631.9,4
2025-06-25,M-O08,油压,14.6,0,,0,4,578,609.4,1
2025-06-25,M-O09,油压,15.0,0,,0.2,1,353,632.6,4
2025-06-25,M-D01,双色旋转,14.9,0,,0,2,179,146.7,0
2025-06-25,M-D02,双色旋转,14.6,0,,0,2,520,405.5,0
2025-06-25,M-D03,双色旋转,16.0,0,,0,4,515,542.3,4
2025-06-25,M-T01,两板,18.1,0,,0.2,3,170,50.3,4
2025-06-25,M-T02,两板,17.8,0,,0,2,372,465.1,4
2025-06-25,M-T03,两板,18.6,0,,0,3,340,1038.6,2
2025-06-25,M-T04,两板,14.7,0,,0,1,133,1053.8,3
2025-06-26,M-E01,全电动,13.5,0,,0,3,160,22.0,3
2025-06-26,M-E02,全电动,14.7,0,,0.2,2,268,22.8,0
2025-06-26,M-E03,全电动,16.4,0,,0,3,162,42.3,4
2025-06-26,M-E04,全电动,15.8,0,,0,2,348,48.5,1
2025-06-26,M-E05,全电动,18.8,0,,0,3,183,58.3,1
2025-06-26,M-E06,全电动,15.0,0,,0,1,82,56.3,0
2025-06-26,M-E07,全电动,17.3,0,,0,2,311,68.9,2
2025-06-26,M-E08,全电动,17.7,0,,0,3,522,88.1,4
2025-06-26,M-E09,全电动,15.7,0,,0,1,554,88.1,4
2025-06-26,M-E10,全电动,15.4,0,,0,1,587,136.5,0
2025-06-26,M-E11,全电动,18.4,0,,0,1,128,157.1,2
2025-06-26,M-E12,全电动,14.3,0,,0,4,395,157.6,2
2025-06-26,M-E13,全电动,17.1,0,,0,2,473,160.1,1
2025-06-26,M-O01,油压,15.5,0,,0,1,154,174.6,4
2025-06-26,M-O02,油压,18.9,0,,0,1,527,286.9,1
2025-06-26,M-O03,油压,16.2,0,,0.1,1,317,294.0,3
2025-06-26,M-O04,油压,16.7,0,,0,3,582,369.5,0
2025-06-26,M-O05,油压,13.4,0,,0,3,200,326.9,3
2025-06-26,M-O06,油压,13.5,0,,0,3,96,428.3,1
2025-06-26,M-O07,油压,13.9,1.2,电气故障,0,3,556,626.6,4
2025-06-26,M-O08,油压,18.9,0,,0,3,479,811.8,3
2025-06-26,M-O09,油压,16.2,0,,0,4,339,935.4,4
2025-06-26,M-D01,双色旋转,18.7,0,,0,2,372,134.6,3
2025-06-26,M-D02,双色旋转,17.4,0,,0,5,234,587.2,1
2025-06-26,M-D03,双色旋转,16.6,0,,0,3,258,477.9,1
2025-06-26,M-T01,两板,17.9,0,,0.0,1,284,47.4,0
2025-06-26,M-T02,两板,13.1,0,,0,2,187,337.6,2
2025-06-26,M-T03,两板,17.8,0,,0,2,578,1030.3,2
2025-06-26,M-T04,两板,18.4,0,,0,2,483,1182.5,2
2025-06-27,M-E01,全电动,17.8,0,,0.2,1,361,35.9,4
2025-06-27,M-E02,全电动,16.4,0,,0,2,334,35.4,4
2025-06-27,M-E03,全电动,14.5,0,,0,2,492,41.6,3
2025-06-27,M-E04,全电动,13.8,0,,0,4,293,37.6,1
2025-06-27,M-E05,全电动,13.2,0,,0,3,244,58.0,2
2025-06-27,M-E06,全电动,14.4,0,,0,2,106,56.2,3
2025-06-27,M-E07,全电动,15.5,0,,0,1,344,75.7,4
2025-06-27,M-E08,全电动,15.9,0,,0.2,2,231,99.8,2
2025-06-27,M-E09,全电动,16.9,0,,0,2,578,105.4,1
2025-06-27,M-E10,全电动,14.3,0,,0,2,163,125.8,2
2025-06-27,M-E11,全电动,18.6,0,,0,3,214,132.1,1
2025-06-27,M-E12,全电动,16.8,0,,0,2,324,158.7,3
2025-06-27,M-E13,全电动,18.5,0,,0,2,209,190.0,0
2025-06-27,M-O01,油压,16.6,0,,0,3,321,262.4,4
2025-06-27,M-O02,油压,18.1,0,,0,2,146,286.8,1
2025-06-27,M-O03,油压,13.5,0,,0.4,4,593,255.8,4
2025-06-27,M-O04,油压,13.4,0,,0,2,299,283.8,1
2025-06-27,M-O05,油压,14.8,0,,0.3,2,342,475.1,3
2025-06-27,M-O06,油压,14.1,0,,0,3,525,392.1,4
2025-06-27,M-O07,油压,18.6,0,,0,1,439,591.2,4
2025-06-27,M-O08,油压,18.3,0,,0,3,201,659.2,4
2025-06-27,M-O09,油压,16.6,0,,0,2,89,685.6,2
2025-06-27,M-D01,双色旋转,18.6,0,,0,1,100,169.7,1
2025-06-27,M-D02,双色旋转,16.2,0,,0,2,196,440.3,2
2025-06-27,M-D03,双色旋转,14.6,0,,0,1,213,501.5,0
2025-06-27,M-T01,两板,14.7,0,,0,1,214,45.1,1
2025-06-27,M-T02,两板,14.7,0,,0.4,1,429,383.3,1
2025-06-27,M-T03,两板,16.8,0,,0,3,359,1054.8,4
2025-06-27,M-T04,两板,16.2,0,,0,3,362,1053.1,1
2025-06-28,M-E01,全电动,16.8,0,,0,1,103,28.8,4
2025-06-28,M-E02,全电动,15.8,0,,0.0,2,326,32.5,0
2025-06-28,M-E03,全电动,15.5,0,,0,3,433,49.0,0
2025-06-28,M-E04,全电动,16.2,0,,0,1,92,48.2,0
2025-06-28,M-E05,全电动,18.3,0,,0,2,143,69.8,0
2025-06-28,M-E06,全电动,15.1,0,,0,2,337,48.4,2
2025-06-28,M-E07,全电动,16.5,0,,0,2,249,75.9,0
2025-06-28,M-E08,全电动,15.4,0,,0,1,103,98.2,2
2025-06-28,M-E09,全电动,13.2,0,,0,2,107,90.4,3
2025-06-28,M-E10,全电动,16.5,0,,0,3,463,123.1,0
2025-06-28,M-E11,全电动,18.7,0,,0,3,199,168.7,1
2025-06-28,M-E12,全电动,17.2,0,,0,1,102,208.3,1
2025-06-28,M-E13,全电动,15.7,0,,0,2,240,166.2,3
2025-06-28,M-O01,油压,17.0,0,,0,4,95,209.6,1
2025-06-28,M-O02,油压,14.2,0.9,模具问题,0,2,322,250.7,0
2025-06-28,M-O03,油压,17.8,0,,0,1,527,401.3,0
2025-06-28,M-O04,油压,13.9,0,,0,3,229,320.1,2
2025-06-28,M-O05,油压,17.2,0,,0,1,130,372.9,2
2025-06-28,M-O06,油压,13.8,0,,0.1,2,396,455.2,1
2025-06-28,M-O07,油压,15.6,0,,0,1,393,676.6,4
2025-06-28,M-O08,油压,16.0,0,,0,3,487,786.0,1
2025-06-28,M-O09,油压,15.1,0,,0,1,134,872.9,2
2025-06-28,M-D01,双色旋转,14.6,0,,0.0,4,331,124.8,1
2025-06-28,M-D02,双色旋转,15.8,0,,0,2,315,434.8,2
2025-06-28,M-D03,双色旋转,16.5,0,,0,2,319,622.0,3
2025-06-28,M-T01,两板,14.3,0,,0,3,588,45.6,1
2025-06-28,M-T02,两板,18.1,0,,0.0,1,340,413.1,2
2025-06-28,M-T03,两板,17.1,0,,0,3,391,976.0,3
2025-06-28,M-T04,两板,18.0,0,,0,1,281,1394.6,4
2025-06-29,M-E01,全电动,17.9,0,,0.5,1,487,28.3,0
2025-06-29,M-E02,全电动,18.2,0,,0.4,2,529,31.4,3
2025-06-29,M-E03,全电动,18.5,0,,0,3,436,42.5,3
2025-06-29,M-E04,全电动,16.3,0,,0,1,86,40.8,3
2025-06-29,M-E05,全电动,14.8,0,,0,2,428,61.6,4
2025-06-29,M-E06,全电动,14.7,0,,0.3,2,487,64.3,4
2025-06-29,M-E07,全电动,15.4,0,,0,2,124,62.6,1
2025-06-29,M-E08,全电动,15.8,0,,0,3,272,93.2,1
2025-06-29,M-E09,全电动,16.4,0,,0,3,165,133.0,1
2025-06-29,M-E10,全电动,17.4,0,,0,2,83,109.8,3
2025-06-29,M-E11,全电动,17.2,1.0,模具问题,0,1,414,151.4,1
2025-06-29,M-E12,全电动,18.3,0,,0,2,408,182.9,0
2025-06-29,M-E13,全电动,13.8,0,,0,2,328,175.9,4
2025-06-29,M-O01,油压,17.9,0,,0,2,137,214.4,0
2025-06-29,M-O02,油压,14.5,0,,0,2,596,226.9,3
2025-06-29,M-O03,油压,16.7,0,,0,1,110,304.2,0
2025-06-29,M-O04,油压,12.0,2.1,加热系统,0.0,1,193,333.1,2
2025-06-29,M-O05,油压,13.9,0,,0,3,86,328.6,1
2025-06-29,M-O06,油压,13.3,0,,0,3,97,386.8,1
2025-06-29,M-O07,油压,14.4,0,,0,2,467,439.5,4
2025-06-29,M-O08,油压,17.1,0,,0,2,452,654.5,3
2025-06-29,M-O09,油压,13.4,0,,0,4,166,686.1,0
2025-06-29,M-D01,双色旋转,17.9,0,,0,2,536,131.9,2
2025-06-29,M-D02,双色旋转,17.7,0,,0,4,542,619.4,3
2025-06-29,M-D03,双色旋转,15.4,0,,0,2,330,438.2,1
2025-06-29,M-T01,两板,13.4,0,,0,2,540,35.9,4
2025-06-29,M-T02,两板,14.3,0,,0,3,377,367.7,0
2025-06-29,M-T03,两板,14.2,0,,0,2,213,827.3,0
2025-06-29,M-T04,两板,15.4,0,,0,2,543,1061.3,2
2025-06-30,M-E01,全电动,18.0,0,,0,2,178,39.8,4
2025-06-30,M-E02,全电动,13.6,0,,0,3,82,27.1,2
2025-06-30,M-E03,全电动,13.8,0,,0,1,320,34.7,2
2025-06-30,M-E04,全电动,18.2,0,,0,1,227,58.1,3
2025-06-30,M-E05,全电动,17.1,0,,0,1,211,71.3,4
2025-06-30,M-E06,全电动,15.0,0,,0,2,479,45.7,4
2025-06-30,M-E07,全电动,16.1,0,,0,1,355,91.6,4
2025-06-30,M-E08,全电动,14.0,0,,0,2,132,93.0,2
2025-06-30,M-E09,全电动,16.5,0,,0,1,427,108.5,2
2025-06-30,M-E10,全电动,13.9,0,,0,1,402,97.9,1
2025-06-30,M-E11,全电动,13.8,0,,0,3,299,97.6,4
2025-06-30,M-E12,全电动,18.9,0,,0,1,292,214.4,3
2025-06-30,M-E13,全电动,16.9,0,,0,2,170,208.3,1
2025-06-30,M-O01,油压,16.5,0,,0,2,541,245.6,1
2025-06-30,M-O02,油压,15.7,0,,0,1,416,211.5,1
2025-06-30,M-O03,油压,16.7,0,,0,3,203,278.0,1
2025-06-30,M-O04,油压,18.8,0,,0.4,1,564,366.8,1
2025-06-30,M-O05,油压,15.1,0,,0.2,3,379,392.3,3
2025-06-30,M-O06,油压,13.3,0,,0,2,201,503.7,2
2025-06-30,M-O07,油压,16.2,0,,0,2,199,647.6,0
2025-06-30,M-O08,油压,14.5,0,,0,3,280,523.8,1
2025-06-30,M-O09,油压,16.8,0,,0.4,2,137,694.2,3
2025-06-30,M-D01,双色旋转,17.2,0,,0,4,562,180.5,3
2025-06-30,M-D02,双色旋转,15.8,0,,0,3,593,444.0,2
2025-06-30,M-D03,双色旋转,18.5,0,,0,3,460,681.8,3
2025-06-30,M-T01,两板,14.7,0,,0,1,146,41.8,4
2025-06-30,M-T02,两板,13.1,0,,0,1,330,374.0,3
2025-06-30,M-T03,两板,15.4,0,,0,2,264,704.8,2
2025-06-30,M-T04,两板,15.1,0,,0.4,2,412,1288.3,2
2025-07-01,M-E01,全电动,18.0,0,,0.2,3,188,35.0,1
2025-07-01,M-E02,全电动,16.1,0,,0,4,493,24.6,0
2025-07-01,M-E03,全电动,14.4,0,,0.5,3,597,43.4,4
2025-07-01,M-E04,全电动,17.0,0,,0,1,347,50.0,1
2025-07-01,M-E05,全电动,13.2,0,,0,1,82,56.4,4
2025-07-01,M-E06,全电动,13.7,0,,0,4,533,46.1,0
2025-07-01,M-E07,全电动,17.8,0,,0,2,508,77.6,2
2025-07-01,M-E08,全电动,14.7,0,,0,1,265,89.0,2
2025-07-01,M-E09,全电动,13.7,0,,0,2,554,98.1,3
2025-07-01,M-E10,全电动,16.5,0,,0,2,360,121.2,2
2025-07-01,M-E11,全电动,16.9,0,,0,4,196,152.9,3
2025-07-01,M-E12,全电动,16.3,0,,0,1,301,193.3,3
2025-07-01,M-E13,全电动,18.8,0,,0,2,115,208.1,2
2025-07-01,M-O01,油压,14.2,0,,0,2,273,200.9,1
2025-07-01,M-O02,油压,14.0,0,,0,2,118,247.0,4
2025-07-01,M-O03,油压,17.5,0,,0,2,190,276.3,0
2025-07-01,M-O04,油压,15.1,0,,0,2,304,338.5,1
2025-07-01,M-O05,油压,13.9,0,,0,1,454,346.9,4
2025-07-01,M-O06,油压,18.8,0,,0,4,237,613.1,1
2025-07-01,M-O07,油压,16.8,0,,0,1,550,712.7,3
2025-07-01,M-O08,油压,17.6,0,,0,2,504,820.8,3
2025-07-01,M-O09,油压,17.0,0,,0,2,542,755.4,3
2025-07-01,M-D01,双色旋转,18.9,0,,0,1,401,180.4,2
2025-07-01,M-D02,双色旋转,15.6,0,,0.4,2,585,496.1,3
2025-07-01,M-D03,双色旋转,14.0,0,,0,3,458,509.4,2
2025-07-01,M-T01,两板,13.400000000000002,3.2,模具问题,0,3,448,46.0,0
2025-07-01,M-T02,两板,18.2,0,,0,2,507,450.6,1
2025-07-01,M-T03,两板,17.2,0,,0.5,4,220,1107.4,0
2025-07-01,M-T04,两板,17.4,0,,0,1,230,1382.3,3
2025-07-02,M-E01,全电动,15.9,0,,0.5,1,215,30.9,4
2025-07-02,M-E02,全电动,14.2,0,,0,2,301,25.3,3
2025-07-02,M-E03,全电动,15.2,0,,0,3,245,39.2,0
2025-07-02,M-E04,全电动,14.5,0,,0,3,123,33.1,1
2025-07-02,M-E05,全电动,17.1,0,,0,2,437,62.1,3
2025-07-02,M-E06,全电动,13.700000000000001,2.1,电气故障,0,2,403,60.8,2
2025-07-02,M-E07,全电动,18.4,0,,0.5,1,515,93.2,1
2025-07-02,M-E08,全电动,13.8,0,,0,1,265,91.5,3
2025-07-02,M-E09,全电动,14.9,0,,0.1,1,314,116.5,4
2025-07-02,M-E10,全电动,13.9,0,,0.3,1,528,124.9,4
2025-07-02,M-E11,全电动,18.8,0,,0,3,559,164.8,4
2025-07-02,M-E12,全电动,17.7,0,,0,3,127,173.3,3
2025-07-02,M-E13,全电动,14.7,0,,0,2,243,144.8,4
2025-07-02,M-O01,油压,14.8,0,,0,2,444,220.0,2
2025-07-02,M-O02,油压,13.1,0,,0,2,299,238.6,0
2025-07-02,M-O03,油压,15.1,0,,0,3,222,322.4,3
2025-07-02,M-O04,油压,16.1,0,,0,3,142,353.8,3
2025-07-02,M-O05,油压,15.2,0,,0,3,537,330.7,1
2025-07-02,M-O06,油压,15.5,0,,0,1,323,482.1,1
2025-07-02,M-O07,油压,18.9,0,,0,1,324,632.6,1
2025-07-02,M-O08,油压,13.9,0,,0,2,441,690.5,2
2025-07-02,M-O09,油压,18.1,0,,0,1,562,1033.9,0
2025-07-02,M-D01,双色旋转,18.3,0,,0,2,93,180.4,3
2025-07-02,M-D02,双色旋转,12.299999999999999,0.9,传感器异常,0,2,389,363.4,2
2025-07-02,M-D03,双色旋转,17.3,0,,0,2,479,550.3,3
2025-07-02,M-T01,两板,17.0,0,,0,1,382,48.6,3
2025-07-02,M-T02,两板,17.4,0,,0,1,160,357.1,0
2025-07-02,M-T03,两板,13.0,0,,0,4,379,794.4,4
2025-07-02,M-T04,两板,17.0,0,,0,4,118,1456.3,2
2025-07-03,M-E01,全电动,13.6,0,,0,1,480,20.9,4
2025-07-03,M-E02,全电动,17.8,0,,0,2,475,30.3,3
2025-07-03,M-E03,全电动,13.8,0,,0,3,235,45.9,3
2025-07-03,M-E04,全电动,13.599999999999998,2.8,加热系统,0,1,524,32.8,0
2025-07-03,M-E05,全电动,15.0,0,,0,2,184,46.0,0
2025-07-03,M-E06,全电动,18.4,0,,0,1,345,61.8,3
2025-07-03,M-E07,全电动,18.4,0,,0,1,438,95.1,4
2025-07-03,M-E08,全电动,14.299999999999999,3.1,加热系统,0,2,481,85.8,1
2025-07-03,M-E09,全电动,17.6,0,,0.4,3,278,137.8,2
2025-07-03,M-E10,全电动,15.6,0,,0,2,342,142.9,2
2025-07-03,M-E11,全电动,15.6,0,,0,3,190,115.4,3
2025-07-03,M-E12,全电动,13.8,0,,0.0,1,577,127.5,2
2025-07-03,M-E13,全电动,17.4,0,,0.2,1,202,180.0,0
2025-07-03,M-O01,油压,13.2,0,,0,2,244,153.0,0
2025-07-03,M-O02,油压,16.0,0,,0,1,122,224.4,3
2025-07-03,M-O03,油压,16.2,0,,0.4,3,94,262.6,2
2025-07-03,M-O04,油压,14.7,0,,0,1,80,276.7,0
2025-07-03,M-O05,油压,18.7,0,,0,1,562,458.6,0
2025-07-03,M-O06,油压,13.1,0,,0,2,346,460.7,3
2025-07-03,M-O07,油压,14.9,0,,0,1,232,627.6,4
2025-07-03,M-O08,油压,18.7,0,,0,1,496,673.4,3
2025-07-03,M-O09,油压,18.6,0,,0,2,110,1094.6,4
2025-07-03,M-D01,双色旋转,13.8,0,,0,1,545,117.5,2
2025-07-03,M-D02,双色旋转,15.3,0,,0,2,435,458.2,3
2025-07-03,M-D03,双色旋转,16.0,0,,0,1,207,426.7,4
2025-07-03,M-T01,两板,16.2,0,,0.1,3,473,48.9,2
2025-07-03,M-T02,两板,14.8,0,,0,3,296,298.8,0
2025-07-03,M-T03,两板,16.6,0,,0,2,595,976.5,4
2025-07-03,M-T04,两板,14.2,0,,0,3,86,1199.4,3
2025-07-04,M-E01,全电动,14.0,0,,0,2,211,27.3,2
2025-07-04,M-E02,全电动,13.5,0,,0,2,487,26.7,3
2025-07-04,M-E03,全电动,15.3,0,,0,4,313,44.9,0
2025-07-04,M-E04,全电动,18.0,0,,0,1,182,51.5,1
2025-07-04,M-E05,全电动,18.1,0,,0,1,446,81.5,2
2025-07-04,M-E06,全电动,17.9,0,,0,1,340,60.6,2
2025-07-04,M-E07,全电动,17.9,0,,0,2,572,72.0,4
2025-07-04,M-E08,全电动,14.8,0,,0.3,1,212,77.0,3
2025-07-04,M-E09,全电动,12.6,0.9,液压系统,0,1,403,71.6,0
2025-07-04,M-E10,全电动,14.2,0,,0,3,437,104.7,4
2025-07-04,M-E11,全电动,13.7,0,,0.3,3,231,143.5,2
2025-07-04,M-E12,全电动,13.7,0,,0,1,269,165.7,2
2025-07-04,M-E13,全电动,14.9,0,,0,3,345,170.2,2
2025-07-04,M-O01,油压,16.1,0,,0,3,420,240.7,4
2025-07-04,M-O02,油压,18.9,0,,0,2,279,324.5,4
2025-07-04,M-O03,油压,13.6,0,,0,4,528,242.7,3
2025-07-04,M-O04,油压,17.5,0,,0,1,90,482.5,4
2025-07-04,M-O05,油压,14.0,0,,0.1,2,192,406.7,3
2025-07-04,M-O06,油压,17.7,0,,0,1,185,652.3,2
2025-07-04,M-O07,油压,17.9,0,,0,2,548,693.1,0
2025-07-04,M-O08,油压,15.1,0,,0,2,258,566.2,1
2025-07-04,M-O09,油压,16.3,0,,0,3,271,731.0,2
2025-07-04,M-D01,双色旋转,17.5,0,,0,1,443,133.6,1
2025-07-04,M-D02,双色旋转,15.3,0,,0,3,317,388.7,3
2025-07-04,M-D03,双色旋转,17.8,0,,0,2,346,598.9,2
2025-07-04,M-T01,两板,16.7,0,,0,2,283,54.9,3
2025-07-04,M-T02,两板,17.5,0,,0.0,1,380,489.7,2
2025-07-04,M-T03,两板,13.5,0,,0,3,451,733.5,4
2025-07-04,M-T04,两板,17.8,0,,0,3,246,1315.2,3
2025-07-05,M-E01,全电动,17.8,0,,0,2,265,27.8,2
2025-07-05,M-E02,全电动,17.7,0,,0,1,364,34.5,2
2025-07-05,M-E03,全电动,17.3,0,,0,1,266,47.8,1
2025-07-05,M-E04,全电动,15.7,0,,0,1,313,48.7,4
2025-07-05,M-E05,全电动,17.5,0,,0,2,590,69.7,0
2025-07-05,M-E06,全电动,15.7,0,,0,1,456,65.1,2
2025-07-05,M-E07,全电动,13.4,0,,0,1,510,53.2,4
2025-07-05,M-E08,全电动,18.3,0,,0,3,227,110.7,4
2025-07-05,M-E09,全电动,13.9,0,,0,1,419,81.6,3
2025-07-05,M-E10,全电动,18.0,0,,0,1,492,165.3,4
2025-07-05,M-E11,全电动,14.8,0,,0,2,314,129.6,2
2025-07-05,M-E12,全电动,18.8,0,,0.4,1,252,202.9,1
2025-07-05,M-E13,全电动,16.6,0,,0,2,588,212.0,4
2025-07-05,M-O01,油压,18.8,0,,0,2,186,247.0,2
2025-07-05,M-O02,油压,14.9,0,,0,3,466,242.2,4
2025-07-05,M-O03,油压,16.6,0,,0,2,524,321.7,3
2025-07-05,M-O04,油压,17.8,0,,0,3,421,476.8,0
2025-07-05,M-O05,油压,17.2,0,,0.2,3,375,421.4,3
2025-07-05,M-O06,油压,14.8,0,,0,2,347,468.5,2
2025-07-05,M-O07,油压,14.2,0,,0,2,440,429.2,4
2025-07-05,M-O08,油压,15.0,0,,0.5,2,287,633.1,4
2025-07-05,M-O09,油压,17.7,0,,0.3,2,165,907.4,1
2025-07-05,M-D01,双色旋转,17.5,0,,0,3,267,140.2,2
2025-07-05,M-D02,双色旋转,13.5,0,,0,3,508,495.8,1
2025-07-05,M-D03,双色旋转,14.7,0,,0,2,433,372.0,2
2025-07-05,M-T01,两板,14.2,0,,0,2,592,53.8,3
2025-07-05,M-T02,两板,14.3,0,,0.0,2,580,407.3,3
2025-07-05,M-T03,两板,16.5,0,,0,1,345,797.1,2
2025-07-05,M-T04,两板,18.4,0,,0.4,1,207,1714.4,0
2025-07-06,M-E01,全电动,17.5,0,,0,1,216,32.2,3
2025-07-06,M-E02,全电动,13.3,0,,0,2,407,29.0,1
2025-07-06,M-E03,全电动,15.9,0,,0,2,490,50.4,3
2025-07-06,M-E04,全电动,15.9,0,,0.3,2,486,48.8,1
2025-07-06,M-E05,全电动,15.0,0,,0,2,530,65.2,3
2025-07-06,M-E06,全电动,15.6,0,,0,2,596,68.3,0
2025-07-06,M-E07,全电动,17.3,0,,0,3,224,91.1,3
2025-07-06,M-E08,全电动,18.9,0,,0,3,536,91.9,4
2025-07-06,M-E09,全电动,16.6,0,,0,1,268,99.0,4
2025-07-06,M-E10,全电动,17.6,0,,0,2,585,130.3,1
2025-07-06,M-E11,全电动,13.1,0,,0.2,1,111,112.5,3
2025-07-06,M-E12,全电动,16.7,0,,0,2,557,199.9,1
2025-07-06,M-E13,全电动,17.3,0,,0,2,470,219.2,1
2025-07-06,M-O01,油压,17.0,0,,0.4,3,344,210.7,0
2025-07-06,M-O02,油压,18.7,0,,0,2,441,322.1,4
2025-07-06,M-O03,油压,14.5,0,,0,1,479,261.1,3
2025-07-06,M-O04,油压,14.8,0,,0.3,3,217,336.1,0
2025-07-06,M-O05,油压,13.2,0,,0,2,435,391.5,0
2025-07-06,M-O06,油压,17.4,0,,0,2,238,507.4,1
2025-07-06,M-O07,油压,18.7,0,,0,3,86,633.1,0
2025-07-06,M-O08,油压,15.1,0,,0,2,101,638.0,3
2025-07-06,M-O09,油压,15.0,0,,0,2,103,715.9,4
2025-07-06,M-D01,双色旋转,14.9,0,,0,2,307,109.3,3
2025-07-06,M-D02,双色旋转,18.7,0,,0.4,1,113,672.6,4
2025-07-06,M-D03,双色旋转,14.1,0,,0,3,318,474.5,1
2025-07-06,M-T01,两板,16.8,0,,0.1,1,309,55.4,3
2025-07-06,M-T02,两板,13.1,0,,0,5,330,309.4,0
2025-07-06,M-T03,两板,14.1,0,,0,3,297,662.5,3
2025-07-06,M-T04,两板,13.5,0,,0,3,124,879.2,0
2025-07-07,M-E01,全电动,17.5,0,,0,3,154,28.2,4
2025-07-07,M-E02,全电动,15.7,0,,0.2,3,82,30.3,2
2025-07-07,M-E03,全电动,13.7,0,,0,3,309,31.7,1
2025-07-07,M-E04,全电动,14.7,0,,0,5,136,42.6,4
2025-07-07,M-E05,全电动,18.7,0,,0.4,1,391,67.4,2
2025-07-07,M-E06,全电动,13.1,0,,0,4,547,41.7,4
2025-07-07,M-E07,全电动,13.8,0,,0,1,200,64.9,4
2025-07-07,M-E08,全电动,17.2,0,,0,3,283,94.6,4
2025-07-07,M-E09,全电动,17.1,0,,0,1,154,133.5,1
2025-07-07,M-E10,全电动,17.7,0,,0,1,295,149.4,1
2025-07-07,M-E11,全电动,16.6,0,,0.2,2,406,116.5,1
2025-07-07,M-E12,全电动,16.0,0,,0.1,4,301,186.5,4
2025-07-07,M-E13,全电动,16.2,0,,0,2,143,151.7,1
2025-07-07,M-O01,油压,16.0,0,,0,4,519,255.6,4
2025-07-07,M-O02,油压,15.7,0,,0.5,2,206,250.7,0
2025-07-07,M-O03,油压,15.9,0,,0,1,582,347.7,2
2025-07-07,M-O04,油压,14.3,0,,0,3,442,294.2,4
2025-07-07,M-O05,油压,11.9,3.4,加热系统,0,2,131,325.8,2
2025-07-07,M-O06,油压,13.2,0,,0,2,327,349.2,0
2025-07-07,M-O07,油压,18.7,0,,0,2,312,643.0,0
2025-07-07,M-O08,油压,15.4,0,,0.1,2,149,718.7,4
2025-07-07,M-O09,油压,13.6,0,,0.1,1,312,626.7,0
2025-07-07,M-D01,双色旋转,16.6,0,,0,2,348,157.6,4
2025-07-07,M-D02,双色旋转,16.2,0,,0.3,1,240,469.9,0
2025-07-07,M-D03,双色旋转,18.1,0,,0,2,542,462.1,1
2025-07-07,M-T01,两板,13.100000000000001,2.3,加热系统,0,3,443,36.2,1
2025-07-07,M-T02,两板,18.7,0,,0.2,3,550,502.6,2
2025-07-07,M-T03,两板,15.3,0,,0.4,1,152,803.3,3
2025-07-07,M-T04,两板,14.6,0,,0,3,560,973.5,4
2025-07-08,M-E01,全电动,14.2,0,,0,2,129,28.6,3
2025-07-08,M-E02,全电动,16.4,0,,0.3,3,362,29.3,0
2025-07-08,M-E03,全电动,14.0,0,,0,1,122,38.4,2
2025-07-08,M-E04,全电动,13.9,0,,0.0,2,296,40.5,3
2025-07-08,M-E05,全电动,16.8,0,,0,2,586,76.3,1
2025-07-08,M-E06,全电动,16.9,0,,0.4,1,249,57.1,1
2025-07-08,M-E07,全电动,15.7,0,,0.2,2,492,88.6,1
2025-07-08,M-E08,全电动,16.3,0,,0,3,117,83.8,0
2025-07-08,M-E09,全电动,16.6,0,,0,1,114,111.4,3
2025-07-08,M-E10,全电动,14.6,0,,0,3,193,100.9,0
2025-07-08,M-E11,全电动,15.7,0,,0,1,176,110.2,3
2025-07-08,M-E12,全电动,13.9,0,,0.3,1,580,161.2,4
2025-07-08,M-E13,全电动,14.8,0,,0,3,198,155.2,2
2025-07-08,M-O01,油压,16.2,0,,0,2,417,259.6,0
2025-07-08,M-O02,油压,14.0,0,,0.0,2,193,192.8,2
2025-07-08,M-O03,油压,18.6,0,,0,1,203,301.7,2
2025-07-08,M-O04,油压,12.3,1.2,电气故障,0,1,510,276.8,4
2025-07-08,M-O05,油压,18.4,0,,0,2,499,507.6,1
2025-07-08,M-O06,油压,15.3,0,,0,2,336,411.7,0
2025-07-08,M-O07,油压,18.0,0,,0,2,325,659.1,3
2025-07-08,M-O08,油压,14.7,0,,0,3,533,734.7,4
2025-07-08,M-O09,油压,13.1,0,,0.2,2,326,791.6,1
2025-07-08,M-D01,双色旋转,15.4,0,,0,2,311,157.7,3
2025-07-08,M-D02,双色旋转,13.7,0,,0.0,3,209,431.0,0
2025-07-08,M-D03,双色旋转,16.4,0,,0,2,206,470.4,1
2025-07-08,M-T01,两板,16.5,0,,0,2,317,49.2,4
2025-07-08,M-T02,两板,15.0,0,,0,2,528,385.3,1
2025-07-08,M-T03,两板,15.3,0,,0,1,126,990.8,3
2025-07-08,M-T04,两板,17.8,0,,0,3,595,1356.3,2
2025-07-09,M-E01,全电动,14.0,0,,0,3,121,26.6,4
2025-07-09,M-E02,全电动,13.7,0,,0,2,450,26.4,4
2025-07-09,M-E03,全电动,18.0,0,,0.1,3,174,50.2,1
2025-07-09,M-E04,全电动,17.2,0,,0,1,452,47.0,2
2025-07-09,M-E05,全电动,18.2,0,,0,3,596,82.0,1
2025-07-09,M-E06,全电动,15.9,0,,0,3,423,59.9,3
2025-07-09,M-E07,全电动,16.9,0,,0,2,486,82.2,2
2025-07-09,M-E08,全电动,18.3,0,,0,2,195,101.6,1
2025-07-09,M-E09,全电动,15.9,0,,0.2,3,587,97.2,4
2025-07-09,M-E10,全电动,16.8,0,,0,4,397,131.4,1
2025-07-09,M-E11,全电动,14.6,0,,0,2,509,123.9,2
2025-07-09,M-E12,全电动,18.0,0,,0,4,93,207.7,4
2025-07-09,M-E13,全电动,17.0,0,,0,1,556,156.7,2
2025-07-09,M-O01,油压,13.6,0,,0.5,3,483,184.7,3
2025-07-09,M-O02,油压,13.1,0,,0,1,537,215.1,0
2025-07-09,M-O03,油压,17.1,0,,0,2,141,331.2,0
2025-07-09,M-O04,油压,13.3,0,,0,2,274,289.7,4
2025-07-09,M-O05,油压,17.1,0,,0,1,123,484.7,3
2025-07-09,M-O06,油压,17.6,0,,0,1,483,575.1,2
2025-07-09,M-O07,油压,16.9,0,,0,2,496,669.1,0
2025-07-09,M-O08,油压,17.8,0,,0,1,171,680.8,2
2025-07-09,M-O09,油压,16.7,0,,0,2,461,809.3,0
2025-07-09,M-D01,双色旋转,14.7,0,,0,1,102,116.9,4
2025-07-09,M-D02,双色旋转,14.6,0,,0.3,3,280,384.2,0
2025-07-09,M-D03,双色旋转,13.5,0,,0,2,254,397.1,0
2025-07-09,M-T01,两板,15.7,0,,0.1,2,454,56.7,2
2025-07-09,M-T02,两板,14.0,0,,0,3,89,359.4,0
2025-07-09,M-T03,两板,16.3,0,,0,2,513,930.9,4
2025-07-09,M-T04,两板,17.1,0,,0,1,547,1351.6,0
2025-07-10,M-E01,全电动,18.0,0,,0.5,2,307,40.6,1
2025-07-10,M-E02,全电动,16.4,0,,0.5,5,283,35.0,0
2025-07-10,M-E03,全电动,15.8,0,,0,2,321,40.9,1
2025-07-10,M-E04,全电动,14.6,0,,0,2,197,33.7,3
2025-07-10,M-E05,全电动,17.1,0,,0,2,453,71.7,4
2025-07-10,M-E06,全电动,13.7,0,,0,2,440,43.3,2
2025-07-10,M-E07,全电动,18.1,0,,0,2,532,76.6,4
2025-07-10,M-E08,全电动,17.4,0,,0,2,417,114.8,4
2025-07-10,M-E09,全电动,17.6,0,,0,3,441,146.9,0
2025-07-10,M-E10,全电动,16.5,0,,0,3,466,104.3,1
2025-07-10,M-E11,全电动,18.9,0,,0,1,519,147.3,1
2025-07-10,M-E12,全电动,15.0,0,,0.3,2,213,160.1,2
2025-07-10,M-E13,全电动,14.4,0,,0,2,337,138.3,0
2025-07-10,M-O01,油压,13.7,0,,0,3,221,209.1,2
2025-07-10,M-O02,油压,13.2,0,,0,2,323,192.9,0
2025-07-10,M-O03,油压,15.3,0,,0,1,209,242.7,2
2025-07-10,M-O04,油压,16.8,0,,0,1,529,435.8,3
2025-07-10,M-O05,油压,14.6,0,,0.3,1,355,416.8,2
2025-07-10,M-O06,油压,18.6,0,,0.4,1,432,565.9,3
2025-07-10,M-O07,油压,17.1,0,,0,1,81,728.9,4
2025-07-10,M-O08,油压,15.3,0,,0,1,187,639.4,4
2025-07-10,M-O09,油压,16.3,0,,0,2,115,786.6,3
2025-07-10,M-D01,双色旋转,18.7,0,,0,1,173,162.1,2
2025-07-10,M-D02,双色旋转,13.1,0,,0,2,93,354.7,1
2025-07-10,M-D03,双色旋转,18.9,0,,0,2,368,675.1,1
2025-07-10,M-T01,两板,16.4,0,,0,3,174,60.7,0
2025-07-10,M-T02,两板,13.9,0,,0,1,198,385.8,2
2025-07-10,M-T03,两板,15.9,0,,0,2,404,810.3,3
2025-07-10,M-T04,两板,18.3,0,,0,2,141,1178.1,0
2025-07-11,M-E01,全电动,17.6,0,,0,3,581,32.5,4
2025-07-11,M-E02,全电动,19.0,0,,0,1,251,32.5,4
2025-07-11,M-E03,全电动,13.3,0,,0,4,505,33.1,4
2025-07-11,M-E04,全电动,16.4,0,,0,1,112,38.8,0
2025-07-11,M-E05,全电动,16.9,1.3,液压系统,0,2,110,64.4,4
2025-07-11,M-E06,全电动,14.9,0,,0,5,398,64.2,0
2025-07-11,M-E07,全电动,16.0,0,,0.3,2,233,90.8,0
2025-07-11,M-E08,全电动,14.4,0,,0,2,423,94.5,0
2025-07-11,M-E09,全电动,18.5,0,,0,2,154,152.2,0
2025-07-11,M-E10,全电动,14.8,0,,0,4,256,118.1,4
2025-07-11,M-E11,全电动,14.7,0,,0.3,4,590,105.7,3
2025-07-11,M-E12,全电动,13.8,0,,0.1,3,377,162.1,3
2025-07-11,M-E13,全电动,17.3,0,,0,2,292,183.7,3
2025-07-11,M-O01,油压,11.600000000000001,2.2,传感器异常,0,1,587,182.2,4
2025-07-11,M-O02,油压,14.1,0,,0,2,498,253.0,0
2025-07-11,M-O03,油压,14.8,0,,0,2,407,336.9,4
2025-07-11,M-O04,油压,17.5,0,,0,2,120,427.2,1
2025-07-11,M-O05,油压,13.8,0,,0,1,363,356.4,4
2025-07-11,M-O06,油压,17.9,0,,0,1,137,634.2,3
2025-07-11,M-O07,油压,13.2,0,,0,2,474,516.0,1
2025-07-11,M-O08,油压,16.7,0,,0,3,503,681.9,2
2025-07-11,M-O09,油压,15.8,0,,0,1,342,674.6,1
2025-07-11,M-D01,双色旋转,14.3,0,,0,2,462,142.0,4
2025-07-11,M-D02,双色旋转,14.9,0,,0,2,185,496.7,2
2025-07-11,M-D03,双色旋转,17.8,0,,0,3,469,600.6,3
2025-07-11,M-T01,两板,15.0,0,,0.1,3,521,37.7,0
2025-07-11,M-T02,两板,16.8,0,,0,1,489,466.5,1
2025-07-11,M-T03,两板,13.2,0,,0,4,283,645.5,4
2025-07-11,M-T04,两板,18.6,0,,0,1,449,1628.7,1
2025-07-12,M-E01,全电动,14.3,0,,0.2,3,218,30.2,4
2025-07-12,M-E02,全电动,14.0,0,,0,1,89,21.7,1
2025-07-12,M-E03,全电动,18.3,0,,0.4,2,570,56.3,1
2025-07-12,M-E04,全电动,15.6,0,,0.3,3,562,38.7,1
2025-07-12,M-E05,全电动,18.5,0,,0,2,427,80.0,1
2025-07-12,M-E06,全电动,15.0,0,,0.4,3,501,61.3,2
2025-07-12,M-E07,全电动,13.2,0,,0.1,1,160,59.4,2
2025-07-12,M-E08,全电动,18.8,0,,0,2,496,112.8,3
2025-07-12,M-E09,全电动,18.8,0,,0.5,2,380,143.9,4
2025-07-12,M-E10,全电动,16.0,0,,0,2,99,138.3,0
2025-07-12,M-E11,全电动,18.3,0,,0,1,152,148.9,2
2025-07-12,M-E12,全电动,13.100000000000001,2.7,加热系统,0,1,180,108.5,1
2025-07-12,M-E13,全电动,15.4,0,,0.5,3,270,143.2,3
2025-07-12,M-O01,油压,13.6,0,,0,1,457,197.7,2
2025-07-12,M-O02,油压,16.7,0,,0.3,4,246,273.2,1
2025-07-12,M-O03,油压,18.1,0,,0,2,460,396.9,0
2025-07-12,M-O04,油压,16.5,0,,0,2,339,336.2,1
2025-07-12,M-O05,油压,14.9,0,,0,2,214,428.2,4
2025-07-12,M-O06,油压,17.2,0,,0.0,2,547,569.8,3
2025-07-12,M-O07,油压,14.4,0,,0,1,506,528.4,2
2025-07-12,M-O08,油压,18.8,0,,0,1,302,856.0,1
2025-07-12,M-O09,油压,14.0,0,,0,3,235,691.4,3
2025-07-12,M-D01,双色旋转,18.5,0,,0,1,476,166.1,2
2025-07-12,M-D02,双色旋转,16.6,0,,0,2,95,561.3,0
2025-07-12,M-D03,双色旋转,16.6,0,,0,3,488,487.7,1
2025-07-12,M-T01,两板,13.2,0,,0,2,145,49.3,2
2025-07-12,M-T02,两板,16.0,0,,0,3,476,406.8,4
2025-07-12,M-T03,两板,16.9,0,,0,3,118,893.4,4
2025-07-12,M-T04,两板,15.7,0,,0,2,144,1468.7,2
2025-07-13,M-E01,全电动,13.9,0,,0,2,375,27.5,2
2025-07-13,M-E02,全电动,13.1,0,,0,4,487,22.8,1
2025-07-13,M-E03,全电动,18.2,0,,0,2,500,58.0,3
2025-07-13,M-E04,全电动,14.1,0,,0,3,142,33.6,4
2025-07-13,M-E05,全电动,17.4,0,,0,3,384,60.0,3
2025-07-13,M-E06,全电动,13.1,0,,0,3,123,52.9,4
2025-07-13,M-E07,全电动,15.1,0,,0,1,460,74.7,3
2025-07-13,M-E08,全电动,15.1,0,,0.3,1,527,76.5,0
2025-07-13,M-E09,全电动,17.7,1.0,加热系统,0,1,424,98.0,1
2025-07-13,M-E10,全电动,17.1,0,,0,3,158,114.7,1
2025-07-13,M-E11,全电动,16.1,0,,0,1,292,136.6,2
2025-07-13,M-E12,全电动,14.0,0,,0,2,250,142.4,2
2025-07-13,M-E13,全电动,16.9,0,,0,2,389,216.4,3
2025-07-13,M-O01,油压,13.2,0,,0,2,532,176.5,4
2025-07-13,M-O02,油压,16.8,0,,0,1,558,242.0,1
2025-07-13,M-O03,油压,15.2,0,,0.3,3,426,250.3,2
2025-07-13,M-O04,油压,13.4,0,,0,2,374,284.7,2
2025-07-13,M-O05,油压,13.1,0,,0,3,99,294.9,3
2025-07-13,M-O06,油压,16.6,0,,0,2,394,522.3,4
2025-07-13,M-O07,油压,14.1,0,,0,2,350,536.5,2
2025-07-13,M-O08,油压,17.5,0,,0,2,185,860.3,0
2025-07-13,M-O09,油压,16.4,0,,0,1,458,811.1,2
2025-07-13,M-D01,双色旋转,14.9,0,,0,2,395,150.0,4
2025-07-13,M-D02,双色旋转,18.1,0,,0,1,100,655.4,4
2025-07-13,M-D03,双色旋转,16.0,0,,0.4,2,129,420.9,3
2025-07-13,M-T01,两板,14.9,0,,0,3,209,46.4,2
2025-07-13,M-T02,两板,13.8,0,,0,2,328,382.5,2
2025-07-13,M-T03,两板,15.4,0,,0,2,264,748.0,2
2025-07-13,M-T04,两板,15.2,0,,0,2,145,1013.5,0
2025-07-14,M-E01,全电动,13.2,0,,0,2,105,20.5,0
2025-07-14,M-E02,全电动,17.4,0,,0.4,1,344,39.2,0
2025-07-14,M-E03,全电动,16.9,0,,0,2,243,52.5,3
2025-07-14,M-E04,全电动,17.8,0,,0,1,196,44.1,2
2025-07-14,M-E05,全电动,15.6,0,,0,3,391,48.0,0
2025-07-14,M-E06,全电动,18.0,0,,0,2,472,60.3,1
2025-07-14,M-E07,全电动,17.0,0,,0,2,456,89.6,3
2025-07-14,M-E08,全电动,13.2,0,,0,2,401,77.7,4
2025-07-14,M-E09,全电动,15.0,0,,0,1,378,107.7,3
2025-07-14,M-E10,全电动,17.3,0,,0,1,498,136.8,3
2025-07-14,M-E11,全电动,16.5,0,,0,3,506,149.4,3
2025-07-14,M-E12,全电动,18.8,0,,0,4,491,159.1,2
2025-07-14,M-E13,全电动,15.5,0,,0,6,138,142.8,1
2025-07-14,M-O01,油压,16.5,0,,0,4,527,252.9,1
2025-07-14,M-O02,油压,14.3,0,,0.1,1,129,215.5,1
2025-07-14,M-O03,油压,17.7,0,,0,2,140,280.5,4
2025-07-14,M-O04,油压,13.4,0,,0,3,88,285.7,1
2025-07-14,M-O05,油压,17.5,0,,0,1,239,493.8,0
2025-07-14,M-O06,油压,16.0,0,,0.3,4,105,484.2,0
2025-07-14,M-O07,油压,14.5,0,,0.3,1,539,552.5,1
2025-07-14,M-O08,油压,17.8,0,,0,1,430,688.3,0
2025-07-14,M-O09,油压,17.3,0,,0.2,2,145,975.9,0
2025-07-14,M-D01,双色旋转,16.9,0,,0,1,335,162.1,2
2025-07-14,M-D02,双色旋转,14.7,0,,0,1,334,380.8,3
2025-07-14,M-D03,双色旋转,14.0,0,,0,1,295,510.5,2
2025-07-14,M-T01,两板,14.2,0,,0.2,2,506,48.8,2
2025-07-14,M-T02,两板,13.6,0,,0,3,270,377.5,3
2025-07-14,M-T03,两板,13.5,0,,0,2,334,917.4,2
2025-07-14,M-T04,两板,15.3,0,,0.0,2,467,1084.0,2
2025-07-15,M-E01,全电动,14.9,0,,0.3,2,565,26.7,0
2025-07-15,M-E02,全电动,18.0,0,,0,1,415,30.5,0
2025-07-15,M-E03,全电动,17.9,0,,0,1,166,47.2,3
2025-07-15,M-E04,全电动,13.1,0,,0,1,560,39.8,3
2025-07-15,M-E05,全电动,17.3,0,,0,1,277,76.7,0
2025-07-15,M-E06,全电动,14.1,0,,0.1,2,213,64.2,1
2025-07-15,M-E07,全电动,15.5,0,,0,2,517,59.1,3
2025-07-15,M-E08,全电动,16.3,0,,0,2,85,98.3,3
2025-07-15,M-E09,全电动,15.9,0,,0,1,300,129.3,0
2025-07-15,M-E10,全电动,18.5,0,,0,2,107,136.1,2
2025-07-15,M-E11,全电动,16.3,0,,0,3,328,172.5,4
2025-07-15,M-E12,全电动,14.2,0,,0,1,228,124.7,2
2025-07-15,M-E13,全电动,17.7,0,,0.2,2,582,216.0,4
2025-07-15,M-O01,油压,16.5,0,,0,1,579,229.7,0
2025-07-15,M-O02,油压,18.9,0,,0,2,402,306.4,2
2025-07-15,M-O03,油压,16.9,0,,0.2,3,91,319.9,1
2025-07-15,M-O04,油压,16.9,0,,0,1,451,351.6,1
2025-07-15,M-O05,油压,15.9,0,,0,1,262,429.3,3
2025-07-15,M-O06,油压,18.7,0,,0,3,486,628.7,2
2025-07-15,M-O07,油压,13.9,3.9,加热系统,0,3,514,473.0,2
2025-07-15,M-O08,油压,15.2,0,,0,4,520,678.8,1
2025-07-15,M-O09,油压,15.9,0,,0,2,268,870.3,0
2025-07-15,M-D01,双色旋转,18.9,0,,0.4,2,239,194.7,1
2025-07-15,M-D02,双色旋转,19.0,0,,0,1,568,475.7,2
2025-07-15,M-D03,双色旋转,13.6,0,,0,4,269,474.2,4
2025-07-15,M-T01,两板,18.4,0,,0,2,154,61.7,3
2025-07-15,M-T02,两板,19.0,0,,0,4,457,388.4,4
2025-07-15,M-T03,两板,17.8,0,,0,1,277,974.0,4
2025-07-15,M-T04,两板,15.7,0,,0,1,208,1203.2,3
2025-07-16,M-E01,全电动,15.3,0,,0.3,1,523,34.4,4
2025-07-16,M-E02,全电动,12.899999999999999,0.8,液压系统,0,2,203,21.2,3
2025-07-16,M-E03,全电动,13.9,0,,0,1,593,46.3,3
2025-07-16,M-E04,全电动,16.1,0,,0,2,586,43.8,3
2025-07-16,M-E05,全电动,17.6,0,,0,2,454,64.3,0
2025-07-16,M-E06,全电动,14.7,0,,0,1,460,47.4,4
2025-07-16,M-E07,全电动,14.5,0,,0,3,123,64.0,2
2025-07-16,M-E08,全电动,13.8,0,,0,3,585,62.9,2
2025-07-16,M-E09,全电动,15.7,0,,0,3,339,89.2,3
2025-07-16,M-E10,全电动,18.8,0,,0,1,512,167.0,4
2025-07-16,M-E11,全电动,15.3,0,,0,3,391,142.2,0
2025-07-16,M-E12,全电动,13.2,0,,0,1,188,123.9,3
2025-07-16,M-E13,全电动,14.3,0,,0,2,480,166.9,1
2025-07-16,M-O01,油压,16.1,0,,0,1,449,246.9,3
2025-07-16,M-O02,油压,18.3,0,,0,2,176,316.7,3
2025-07-16,M-O03,油压,15.4,0,,0,2,171,286.8,4
2025-07-16,M-O04,油压,17.8,0.9,加热系统,0,3,488,427.4,0
2025-07-16,M-O05,油压,16.0,0,,0.3,3,274,446.4,0
2025-07-16,M-O06,油压,17.1,0,,0,1,513,496.8,0
2025-07-16,M-O07,油压,16.4,0,,0,2,214,595.9,3
2025-07-16,M-O08,油压,13.3,0,,0,1,284,618.2,4
2025-07-16,M-O09,油压,15.8,0,,0.3,2,92,893.4,4
2025-07-16,M-D01,双色旋转,15.6,0,,0,3,413,137.0,2
2025-07-16,M-D02,双色旋转,18.5,0,,0,3,586,671.3,4
2025-07-16,M-D03,双色旋转,14.0,0,,0,2,264,476.8,4
2025-07-16,M-T01,两板,15.899999999999999,2.0,电气故障,0,3,364,45.5,1
2025-07-16,M-T02,两板,17.1,0,,0,3,407,437.0,0
2025-07-16,M-T03,两板,16.8,0,,0,2,96,779.5,0
2025-07-16,M-T04,两板,13.1,0,,0.5,3,545,1209.4,0
2025-07-17,M-E01,全电动,14.4,0,,0,3,572,31.8,0
2025-07-17,M-E02,全电动,16.5,0,,0.0,3,402,28.0,4
2025-07-17,M-E03,全电动,16.6,0,,0,3,232,40.0,3
2025-07-17,M-E04,全电动,13.4,0,,0,1,141,39.5,1
2025-07-17,M-E05,全电动,17.2,0,,0,2,355,55.0,0
2025-07-17,M-E06,全电动,16.4,0,,0.1,3,149,65.6,3
2025-07-17,M-E07,全电动,17.4,0,,0,1,387,82.7,3
2025-07-17,M-E08,全电动,13.9,0,,0,2,278,89.4,1
2025-07-17,M-E09,全电动,14.5,0,,0,1,172,120.1,3
2025-07-17,M-E10,全电动,18.3,0,,0,2,376,166.0,1
2025-07-17,M-E11,全电动,17.5,0,,0,2,98,176.0,3
2025-07-17,M-E12,全电动,16.5,0,,0,3,382,162.0,4
2025-07-17,M-E13,全电动,17.8,0,,0,1,116,167.8,4
2025-07-17,M-O01,油压,17.5,0,,0,3,94,296.1,0
2025-07-17,M-O02,油压,15.3,0,,0,1,393,268.5,4
2025-07-17,M-O03,油压,17.6,0,,0,2,122,378.0,4
2025-07-17,M-O04,油压,15.7,0,,0,3,420,402.2,1
2025-07-17,M-O05,油压,17.4,0,,0,1,82,451.9,3
2025-07-17,M-O06,油压,18.2,0,,0.1,4,340,470.5,0
2025-07-17,M-O07,油压,13.7,0,,0,3,598,507.7,4
2025-07-17,M-O08,油压,18.2,0,,0,2,482,887.2,2
2025-07-17,M-O09,油压,13.7,0,,0,2,327,654.3,2
2025-07-17,M-D01,双色旋转,15.1,0,,0.1,1,114,157.4,2
2025-07-17,M-D02,双色旋转,13.0,0,,0,2,147,458.6,2
2025-07-17,M-D03,双色旋转,18.1,0,,0.1,1,587,636.1,3
2025-07-17,M-T01,两板,16.3,0,,0.2,2,589,49.4,0
2025-07-17,M-T02,两板,16.9,0,,0,2,463,418.7,4
2025-07-17,M-T03,两板,18.0,0,,0,2,156,1123.7,1
2025-07-17,M-T04,两板,17.5,0,,0,3,106,1622.0,3
2025-07-18,M-E01,全电动,14.0,0,,0,2,341,28.9,4
2025-07-18,M-E02,全电动,18.8,0,,0,2,143,32.7,0
2025-07-18,M-E03,全电动,16.9,0,,0.1,2,181,48.8,2
2025-07-18,M-E04,全电动,16.9,0,,0,1,524,49.2,1
2025-07-18,M-E05,全电动,18.6,0,,0,5,242,59.0,3
2025-07-18,M-E06,全电动,17.5,0,,0,2,338,71.4,2
2025-07-18,M-E07,全电动,17.9,0,,0,1,247,70.8,3
2025-07-18,M-E08,全电动,16.8,0,,0.0,1,275,89.2,2
2025-07-18,M-E09,全电动,18.0,0,,0,2,549,135.6,2
2025-07-18,M-E10,全电动,15.5,0,,0,2,434,103.1,3
2025-07-18,M-E11,全电动,18.2,0,,0,3,473,149.9,0
2025-07-18,M-E12,全电动,17.0,0,,0.2,3,277,189.6,3
2025-07-18,M-E13,全电动,12.7,1.9,模具问题,0,2,483,130.0,3
2025-07-18,M-O01,油压,15.6,0,,0,1,500,191.8,2
2025-07-18,M-O02,油压,14.799999999999999,2.4,液压系统,0,2,270,213.4,1
2025-07-18,M-O03,油压,13.7,0,,0,2,340,269.2,1
2025-07-18,M-O04,油压,16.7,0,,0,1,548,460.0,0
2025-07-18,M-O05,油压,14.2,0,,0,2,157,333.1,4
2025-07-18,M-O06,油压,19.0,0,,0,2,299,675.2,3
2025-07-18,M-O07,油压,15.0,0,,0,3,254,570.9,0
2025-07-18,M-O08,油压,16.6,0,,0,1,196,836.2,2
2025-07-18,M-O09,油压,17.9,0,,0,2,534,964.9,2
2025-07-18,M-D01,双色旋转,15.3,0,,0,1,411,113.3,2
2025-07-18,M-D02,双色旋转,13.6,0,,0,1,135,511.6,1
2025-07-18,M-D03,双色旋转,14.7,0,,0,3,579,537.4,4
2025-07-18,M-T01,两板,13.8,0,,0,2,584,41.3,0
2025-07-18,M-T02,两板,14.3,0,,0,1,351,328.5,0
2025-07-18,M-T03,两板,14.2,0,,0,1,374,707.9,3
2025-07-18,M-T04,两板,14.6,0,,0.1,1,231,926.2,0
2025-07-19,M-E01,全电动,18.1,0,,0,2,349,33.9,1
2025-07-19,M-E02,全电动,18.2,0,,0,3,141,36.6,0
2025-07-19,M-E03,全电动,15.0,0,,0,1,165,50.9,3
2025-07-19,M-E04,全电动,15.5,0,,0,3,264,49.4,0
2025-07-19,M-E05,全电动,17.5,0,,0,2,196,66.4,4
2025-07-19,M-E06,全电动,18.1,0,,0,2,442,77.1,1
2025-07-19,M-E07,全电动,14.9,0,,0,3,462,64.0,1
2025-07-19,M-E08,全电动,15.3,0,,0,2,86,75.7,1
2025-07-19,M-E09,全电动,14.6,0,,0.4,4,472,81.6,3
2025-07-19,M-E10,全电动,14.3,0,,0,3,351,120.8,2
2025-07-19,M-E11,全电动,15.7,0,,0,2,160,142.7,4
2025-07-19,M-E12,全电动,17.0,0,,0,1,142,170.7,3
2025-07-19,M-E13,全电动,18.6,0,,0,3,153,213.1,2
2025-07-19,M-O01,油压,17.5,0,,0,2,438,289.4,3
2025-07-19,M-O02,油压,18.9,0,,0,3,231,331.7,2
2025-07-19,M-O03,油压,18.9,0,,0.2,1,537,417.0,4
2025-07-19,M-O04,油压,17.7,0,,0,5,348,431.6,3
2025-07-19,M-O05,油压,17.2,0,,0,3,323,534.0,3
2025-07-19,M-O06,油压,18.3,0,,0,3,103,474.1,1
2025-07-19,M-O07,油压,15.2,0,,0,3,128,594.0,0
2025-07-19,M-O08,油压,14.4,0,,0.2,1,544,751.9,2
2025-07-19,M-O09,油压,14.8,0,,0,1,485,668.5,2
2025-07-19,M-D01,双色旋转,14.8,0,,0.1,3,362,126.1,3
2025-07-19,M-D02,双色旋转,13.9,0,,0,3,242,455.1,2
2025-07-19,M-D03,双色旋转,12.0,2.8,电气故障,0,2,136,377.2,1
2025-07-19,M-T01,两板,16.3,0,,0,2,218,44.9,2
2025-07-19,M-T02,两板,14.1,0,,0.3,1,194,341.9,4
2025-07-19,M-T03,两板,16.5,0,,0,2,343,884.9,4
2025-07-19,M-T04,两板,15.8,0,,0,3,202,1151.8,2
2025-07-20,M-E01,全电动,16.6,0,,0.5,2,579,26.4,1
2025-07-20,M-E02,全电动,14.1,0,,0,3,549,26.5,1
2025-07-20,M-E03,全电动,16.8,0,,0.0,3,550,45.2,4
2025-07-20,M-E04,全电动,17.6,0,,0.0,2,121,54.0,2
2025-07-20,M-E05,全电动,18.5,0,,0,1,177,78.3,3
2025-07-20,M-E06,全电动,15.6,0,,0,1,405,57.8,3
2025-07-20,M-E07,全电动,18.4,0,,0,3,148,88.4,3
2025-07-20,M-E08,全电动,16.8,0,,0,2,585,93.0,3
2025-07-20,M-E09,全电动,16.5,0,,0,3,512,137.4,0
2025-07-20,M-E10,全电动,18.1,0,,0,2,370,131.9,2
2025-07-20,M-E11,全电动,15.3,0,,0,2,173,119.2,1
2025-07-20,M-E12,全电动,14.5,0,,0,2,204,170.0,3
2025-07-20,M-E13,全电动,15.4,0,,0,4,306,184.4,2
2025-07-20,M-O01,油压,18.5,0,,0,2,485,227.3,4
2025-07-20,M-O02,油压,14.1,0,,0,3,486,255.9,1
2025-07-20,M-O03,油压,17.1,0,,0,1,190,283.9,3
2025-07-20,M-O04,油压,15.5,0,,0,2,545,344.2,2
2025-07-20,M-O05,油压,15.0,0,,0,2,539,386.8,1
2025-07-20,M-O06,油压,15.7,0,,0,3,363,596.0,1
2025-07-20,M-O07,油压,18.9,0,,0,2,333,820.5,1
2025-07-20,M-O08,油压,15.1,0,,0,2,588,560.3,3
2025-07-20,M-O09,油压,17.1,0,,0.0,1,448,715.5,4
2025-07-20,M-D01,双色旋转,17.0,0,,0,3,253,142.4,0
2025-07-20,M-D02,双色旋转,15.3,2.0,电气故障,0,1,530,441.8,4
2025-07-20,M-D03,双色旋转,17.6,0,,0,2,517,610.0,3
2025-07-20,M-T01,两板,14.4,0,,0.5,4,443,38.5,4
2025-07-20,M-T02,两板,14.7,0,,0,1,133,313.4,0
2025-07-20,M-T03,两板,15.3,0,,0,3,93,1021.0,0
2025-07-20,M-T04,两板,14.7,0,,0,3,394,1248.3,2
2025-07-21,M-E01,全电动,17.1,0,,0,2,263,35.0,4
2025-07-21,M-E02,全电动,13.4,0,,0,1,254,22.0,0
2025-07-21,M-E03,全电动,12.200000000000001,1.7,模具问题,0,3,291,32.3,2
2025-07-21,M-E04,全电动,18.3,0,,0,3,474,46.0,1
2025-07-21,M-E05,全电动,17.8,0,,0,3,236,70.8,4
2025-07-21,M-E06,全电动,16.9,0,,0,4,394,67.4,2
2025-07-21,M-E07,全电动,18.3,0,,0,2,294,88.3,3
2025-07-21,M-E08,全电动,17.4,0,,0.3,2,501,84.7,1
2025-07-21,M-E09,全电动,17.0,0,,0,1,112,141.2,3
2025-07-21,M-E10,全电动,17.2,0,,0,1,520,140.4,4
2025-07-21,M-E11,全电动,16.5,0,,0,1,570,148.5,0
2025-07-21,M-E12,全电动,17.8,0,,0,3,180,149.1,2
2025-07-21,M-E13,全电动,18.1,0,,0,2,219,224.6,1
2025-07-21,M-O01,油压,17.4,0,,0,1,382,232.5,1
2025-07-21,M-O02,油压,17.0,0,,0,3,579,309.4,2
2025-07-21,M-O03,油压,17.8,0,,0,2,569,346.6,4
2025-07-21,M-O04,油压,14.8,0,,0,2,355,345.1,3
2025-07-21,M-O05,油压,15.5,0,,0,1,369,451.8,0
2025-07-21,M-O06,油压,15.7,0,,0.4,2,581,544.3,1
2025-07-21,M-O07,油压,15.1,0,,0,3,144,544.4,3
2025-07-21,M-O08,油压,16.5,0,,0,2,153,792.0,4
2025-07-21,M-O09,油压,14.3,0,,0.3,3,110,769.2,0
2025-07-21,M-D01,双色旋转,18.7,0,,0,2,431,189.7,2
2025-07-21,M-D02,双色旋转,15.6,0,,0,2,280,532.5,3
2025-07-21,M-D03,双色旋转,19.0,0,,0,3,205,511.8,4
2025-07-21,M-T01,两板,15.5,0,,0,3,84,48.5,0
2025-07-21,M-T02,两板,16.7,0,,0,1,320,352.5,1
2025-07-21,M-T03,两板,16.1,0,,0,3,459,733.5,2
2025-07-21,M-T04,两板,18.5,0,,0,2,520,1466.9,2
2025-07-22,M-E01,全电动,16.1,0,,0,1,599,35.5,2
2025-07-22,M-E02,全电动,13.7,0,,0,2,416,23.8,1
2025-07-22,M-E03,全电动,14.0,0,,0,1,243,47.1,4
2025-07-22,M-E04,全电动,16.9,0,,0,3,344,52.0,1
2025-07-22,M-E05,全电动,17.9,0,,0,3,411,60.0,3
2025-07-22,M-E06,全电动,15.1,0,,0,3,355,54.6,0
2025-07-22,M-E07,全电动,14.0,0,,0,1,104,57.9,3
2025-07-22,M-E08,全电动,17.7,0,,0,1,122,111.7,3
2025-07-22,M-E09,全电动,13.9,0,,0.3,3,594,80.7,2
2025-07-22,M-E10,全电动,18.5,0,,0,1,287,156.2,0
2025-07-22,M-E11,全电动,18.0,0,,0,3,406,181.8,2
2025-07-22,M-E12,全电动,17.8,0,,0.4,4,456,176.4,2
2025-07-22,M-E13,全电动,16.2,0,,0,1,317,214.4,4
2025-07-22,M-O01,油压,13.5,0,,0,2,163,225.5,1
2025-07-22,M-O02,油压,18.6,0,,0,3,288,273.1,0
2025-07-22,M-O03,油压,13.7,0,,0,1,505,247.2,3
2025-07-22,M-O04,油压,14.0,0,,0,1,84,264.0,3
2025-07-22,M-O05,油压,15.3,0,,0,2,496,415.1,3
2025-07-22,M-O06,油压,13.2,0,,0.4,2,318,469.6,2
2025-07-22,M-O07,油压,17.9,0,,0,2,261,727.5,1
2025-07-22,M-O08,油压,17.5,0,,0,1,135,840.7,0
2025-07-22,M-O09,油压,13.3,0,,0,5,142,674.0,2
2025-07-22,M-D01,双色旋转,15.1,0,,0,1,594,130.1,4
2025-07-22,M-D02,双色旋转,18.7,0,,0.5,3,412,555.3,3
2025-07-22,M-D03,双色旋转,16.5,0,,0,2,104,593.0,1
2025-07-22,M-T01,两板,13.6,0,,0,1,345,47.3,4
2025-07-22,M-T02,两板,14.5,0,,0,1,574,308.0,0
2025-07-22,M-T03,两板,17.9,0,,0,3,252,1174.1,2
2025-07-22,M-T04,两板,17.0,0,,0,1,554,1508.2,4
2025-07-23,M-E01,全电动,13.8,0,,0,4,195,31.3,2
2025-07-23,M-E02,全电动,14.4,0,,0,1,207,31.3,0
2025-07-23,M-E03,全电动,14.3,0,,0,2,544,33.9,1
2025-07-23,M-E04,全电动,18.7,0,,0,3,455,51.1,0
2025-07-23,M-E05,全电动,13.6,0,,0,2,472,43.4,3
2025-07-23,M-E06,全电动,14.8,0,,0,2,125,64.0,4
2025-07-23,M-E07,全电动,19.0,0,,0,2,453,82.8,2
2025-07-23,M-E08,全电动,15.0,0,,0,1,555,99.4,2
2025-07-23,M-E09,全电动,15.8,0,,0.5,1,369,97.3,2
2025-07-23,M-E10,全电动,13.9,0,,0.1,2,433,131.7,0
2025-07-23,M-E11,全电动,13.4,0,,0,1,250,104.4,1
2025-07-23,M-E12,全电动,16.1,0,,0,3,194,170.1,0
2025-07-23,M-E13,全电动,13.3,0,,0,3,399,121.6,2
2025-07-23,M-O01,油压,18.5,0,,0,1,188,278.9,1
2025-07-23,M-O02,油压,14.0,0,,0,1,290,180.0,2
2025-07-23,M-O03,油压,13.6,0,,0,1,220,301.3,3
2025-07-23,M-O04,油压,17.5,0,,0,3,449,488.8,0
2025-07-23,M-O05,油压,17.8,0,,0,3,213,565.4,2
2025-07-23,M-O06,油压,16.9,0,,0,2,239,486.7,4
2025-07-23,M-O07,油压,14.5,0,,0,1,546,593.0,1
2025-07-23,M-O08,油压,14.9,0,,0,1,424,756.6,0
2025-07-23,M-O09,油压,16.5,0,,0.4,3,359,929.3,4
2025-07-23,M-D01,双色旋转,14.2,0,,0,1,250,121.6,4
2025-07-23,M-D02,双色旋转,18.2,0,,0.4,2,544,681.5,3
2025-07-23,M-D03,双色旋转,18.7,0,,0,2,227,468.3,3
2025-07-23,M-T01,两板,14.099999999999998,3.8,传感器异常,0,2,219,40.7,0
2025-07-23,M-T02,两板,18.7,0,,0,3,150,419.0,4
2025-07-23,M-T03,两板,13.5,0,,0,1,265,867.0,3
2025-07-23,M-T04,两板,15.4,0,,0,2,254,987.1,1
2025-07-24,M-E01,全电动,15.5,0,,0.4,2,573,33.3,4
2025-07-24,M-E02,全电动,13.6,0,,0,1,325,30.7,0
2025-07-24,M-E03,全电动,18.1,0,,0,2,401,50.6,3
2025-07-24,M-E04,全电动,15.1,0,,0.0,3,538,37.7,1
2025-07-24,M-E05,全电动,16.5,0,,0,1,263,50.0,1
2025-07-24,M-E06,全电动,15.4,0,,0,2,388,56.9,0
2025-07-24,M-E07,全电动,18.8,0,,0,2,183,74.6,2
2025-07-24,M-E08,全电动,18.9,0,,0,2,362,88.3,2
2025-07-24,M-E09,全电动,13.7,0,,0,3,307,107.0,1
2025-07-24,M-E10,全电动,17.3,0,,0.1,5,341,150.5,0
2025-07-24,M-E11,全电动,13.8,0,,0,1,456,125.8,2
2025-07-24,M-E12,全电动,17.2,0,,0,1,540,182.9,3
2025-07-24,M-E13,全电动,17.0,0,,0,2,171,192.7,3
2025-07-24,M-O01,油压,15.2,0,,0,1,567,248.0,4
2025-07-24,M-O02,油压,17.3,0,,0.4,2,351,262.4,2
2025-07-24,M-O03,油压,18.5,0,,0,2,326,347.6,2
2025-07-24,M-O04,油压,17.3,0,,0,1,296,364.4,2
2025-07-24,M-O05,油压,14.499999999999998,3.4,模具问题,0,1,201,378.5,4
2025-07-24,M-O06,油压,16.2,0,,0,1,263,416.5,1
2025-07-24,M-O07,油压,15.7,0,,0,2,333,662.4,1
2025-07-24,M-O08,油压,16.4,0,,0.3,3,403,768.7,4
2025-07-24,M-O09,油压,17.8,0,,0,1,518,918.6,4
2025-07-24,M-D01,双色旋转,17.1,0,,0,3,480,141.8,3
2025-07-24,M-D02,双色旋转,17.5,0,,0,2,497,498.0,3
2025-07-24,M-D03,双色旋转,17.8,0,,0,2,466,566.5,2
2025-07-24,M-T01,两板,18.7,0,,0,2,162,53.6,1
2025-07-24,M-T02,两板,18.7,0,,0.2,3,396,557.5,4
2025-07-24,M-T03,两板,17.3,0,,0,1,260,1128.9,1
2025-07-24,M-T04,两板,14.0,0,,0,1,407,876.2,0
2025-07-25,M-E01,全电动,17.6,0,,0,1,524,35.2,0
2025-07-25,M-E02,全电动,15.0,0,,0,3,349,27.4,3
2025-07-25,M-E03,全电动,18.4,0,,0,1,147,59.1,4
2025-07-25,M-E04,全电动,14.7,0,,0,2,342,40.6,0
2025-07-25,M-E05,全电动,14.2,0,,0,1,83,49.6,1
2025-07-25,M-E06,全电动,15.2,0,,0,3,249,52.4,4
2025-07-25,M-E07,全电动,17.7,0,,0.3,1,132,75.0,1
2025-07-25,M-E08,全电动,14.1,0,,0,2,145,66.0,1
2025-07-25,M-E09,全电动,13.8,0,,0,3,101,96.7,2
2025-07-25,M-E10,全电动,18.0,0,,0,2,508,158.0,4
2025-07-25,M-E11,全电动,16.5,0,,0,3,104,125.6,4
2025-07-25,M-E12,全电动,14.6,0,,0,4,272,122.4,2
2025-07-25,M-E13,全电动,18.4,0,,0,1,171,180.4,0
2025-07-25,M-O01,油压,18.5,0,,0,3,453,216.1,1
2025-07-25,M-O02,油压,16.9,0,,0,2,512,314.9,4
2025-07-25,M-O03,油压,16.2,0,,0,1,407,253.4,0
2025-07-25,M-O04,油压,13.1,0,,0,1,501,276.9,2
2025-07-25,M-O05,油压,14.9,2.6,电气故障,0.2,4,256,372.2,1
2025-07-25,M-O06,油压,17.6,0,,0,3,471,599.1,1
2025-07-25,M-O07,油压,14.8,0,,0,1,209,586.5,1
2025-07-25,M-O08,油压,14.6,0,,0,1,179,624.5,1
2025-07-25,M-O09,油压,14.1,0,,0,2,594,660.0,4
2025-07-25,M-D01,双色旋转,14.6,0,,0,3,365,127.3,0
2025-07-25,M-D02,双色旋转,16.4,0,,0,4,227,542.8,0
2025-07-25,M-D03,双色旋转,14.5,0,,0,3,311,375.2,0
2025-07-25,M-T01,两板,17.1,0,,0,2,438,48.2,3
2025-07-25,M-T02,两板,18.8,0,,0,1,377,488.2,2
2025-07-25,M-T03,两板,14.1,0,,0.3,2,334,958.3,4
2025-07-25,M-T04,两板,15.3,0,,0,2,599,1155.8,1
2025-07-26,M-E01,全电动,13.8,0,,0,3,118,23.5,2
2025-07-26,M-E02,全电动,18.0,0,,0,2,504,37.5,0
2025-07-26,M-E03,全电动,18.7,0,,0,2,327,55.6,3
2025-07-26,M-E04,全电动,15.0,0,,0.2,2,364,47.7,4
2025-07-26,M-E05,全电动,15.000000000000002,1.1,加热系统,0.0,1,242,65.3,0
2025-07-26,M-E06,全电动,16.3,0,,0,1,289,57.1,2
2025-07-26,M-E07,全电动,15.4,0,,0,2,331,63.3,4
2025-07-26,M-E08,全电动,16.1,0,,0,2,134,98.0,2
2025-07-26,M-E09,全电动,16.2,0,,0.2,4,363,89.1,2
2025-07-26,M-E10,全电动,16.1,0,,0,4,124,123.9,2
2025-07-26,M-E11,全电动,16.1,0,,0,2,180,121.4,3
2025-07-26,M-E12,全电动,17.4,0,,0,4,430,204.1,3
2025-07-26,M-E13,全电动,16.7,0,,0,3,458,215.2,2
2025-07-26,M-O01,油压,18.9,0,,0.1,1,578,299.5,1
2025-07-26,M-O02,油压,16.6,1.5,传感器异常,0,1,346,269.1,2
2025-07-26,M-O03,油压,15.5,0,,0,2,419,288.8,3
2025-07-26,M-O04,油压,14.5,0,,0,1,207,298.7,4
2025-07-26,M-O05,油压,14.4,0,,0,3,238,428.1,4
2025-07-26,M-O06,油压,15.3,0,,0,2,559,565.0,3
2025-07-26,M-O07,油压,15.0,0,,0.3,3,493,635.4,2
2025-07-26,M-O08,油压,13.2,0,,0.2,2,478,655.9,1
2025-07-26,M-O09,油压,15.2,0,,0,2,288,899.1,4
2025-07-26,M-D01,双色旋转,13.4,0,,0,2,496,124.9,1
2025-07-26,M-D02,双色旋转,14.9,0,,0,1,217,468.4,2
2025-07-26,M-D03,双色旋转,14.1,0,,0,3,504,380.5,0
2025-07-26,M-T01,两板,17.7,0,,0,1,446,48.5,0
2025-07-26,M-T02,两板,13.6,0,,0,2,525,346.0,4
2025-07-26,M-T03,两板,17.3,0,,0.5,1,355,843.6,0
2025-07-26,M-T04,两板,18.0,0,,0,2,573,1682.0,2
2025-07-27,M-E01,全电动,17.0,0,,0,3,245,35.3,3
2025-07-27,M-E02,全电动,16.3,0,,0,3,155,35.5,2
2025-07-27,M-E03,全电动,14.8,0,,0,3,122,41.9,2
2025-07-27,M-E04,全电动,17.3,0,,0,3,506,51.1,0
2025-07-27,M-E05,全电动,13.4,0,,0,4,144,45.3,0
2025-07-27,M-E06,全电动,18.9,0,,0,3,236,82.4,4
2025-07-27,M-E07,全电动,16.0,0,,0,1,205,85.9,1
2025-07-27,M-E08,全电动,14.1,0,,0,3,568,94.5,2
2025-07-27,M-E09,全电动,13.4,0,,0,2,576,75.7,4
2025-07-27,M-E10,全电动,18.9,0,,0,2,138,119.3,4
2025-07-27,M-E11,全电动,14.6,0,,0,3,408,148.2,0
2025-07-27,M-E12,全电动,17.7,0,,0.1,2,221,205.2,1
2025-07-27,M-E13,全电动,14.4,0,,0,2,256,136.8,2
2025-07-27,M-O01,油压,14.4,0,,0.4,2,309,185.2,0
2025-07-27,M-O02,油压,14.9,0,,0,5,464,204.1,3
2025-07-27,M-O03,油压,16.1,0,,0,2,252,254.1,1
2025-07-27,M-O04,油压,15.1,0,,0,1,523,384.9,1
2025-07-27,M-O05,油压,14.399999999999999,2.5,加热系统,0.4,3,83,432.3,1
2025-07-27,M-O06,油压,15.8,0,,0,2,150,460.2,3
2025-07-27,M-O07,油压,15.2,0,,0,2,477,621.1,2
2025-07-27,M-O08,油压,16.2,0,,0,2,88,745.6,3
2025-07-27,M-O09,油压,15.7,0,,0,2,266,890.8,0
2025-07-27,M-D01,双色旋转,13.0,0,,0,1,402,126.0,2
2025-07-27,M-D02,双色旋转,18.6,0,,0,1,379,677.4,4
2025-07-27,M-D03,双色旋转,18.9,0,,0,2,222,487.3,0
2025-07-27,M-T01,两板,16.9,0,,0.5,3,358,42.5,0
2025-07-27,M-T02,两板,13.7,0,,0,1,381,293.0,0
2025-07-27,M-T03,两板,13.4,0,,0,3,322,806.6,3
2025-07-27,M-T04,两板,13.1,0,,0,1,520,1055.0,3
2025-07-28,M-E01,全电动,17.0,0,,0,1,368,37.2,4
2025-07-28,M-E02,全电动,17.4,0,,0,3,236,30.9,2
2025-07-28,M-E03,全电动,13.1,0,,0,2,364,33.8,3
2025-07-28,M-E04,全电动,13.7,0,,0,1,553,46.7,4
2025-07-28,M-E05,全电动,16.5,0,,0,1,294,60.4,0
2025-07-28,M-E06,全电动,18.5,0,,0,4,268,61.9,0
2025-07-28,M-E07,全电动,15.0,0,,0,2,458,63.3,2
2025-07-28,M-E08,全电动,15.2,0,,0,1,325,73.2,4
2025-07-28,M-E09,全电动,11.7,2.7,电气故障,0,1,292,86.1,4
2025-07-28,M-E10,全电动,18.6,0,,0,1,286,127.3,3
2025-07-28,M-E11,全电动,15.1,0,,0,2,104,151.4,3
2025-07-28,M-E12,全电动,16.1,0,,0.3,3,106,172.4,4
2025-07-28,M-E13,全电动,18.8,0,,0,1,400,181.3,4
2025-07-28,M-O01,油压,13.6,0,,0,1,203,172.7,3
2025-07-28,M-O02,油压,18.5,0,,0,2,175,234.2,3
2025-07-28,M-O03,油压,14.8,0,,0.3,2,476,331.5,4
2025-07-28,M-O04,油压,13.5,0,,0,2,480,312.1,3
2025-07-28,M-O05,油压,17.4,0,,0,2,482,385.4,3
2025-07-28,M-O06,油压,17.0,0,,0.5,2,324,540.6,1
2025-07-28,M-O07,油压,12.8,3.2,电气故障,0,2,303,449.5,2
2025-07-28,M-O08,油压,15.7,0,,0,2,171,594.2,2
2025-07-28,M-O09,油压,17.4,0,,0,2,151,851.4,3
2025-07-28,M-D01,双色旋转,18.7,0,,0,2,408,139.5,3
2025-07-28,M-D02,双色旋转,18.2,0,,0.1,3,209,513.7,1
2025-07-28,M-D03,双色旋转,14.5,0,,0,3,170,480.6,0
2025-07-28,M-T01,两板,17.9,0,,0,3,328,63.6,4
2025-07-28,M-T02,两板,15.4,0,,0,1,587,397.3,1
2025-07-28,M-T03,两板,14.6,0,,0,1,383,838.2,4
2025-07-28,M-T04,两板,14.0,0,,0,3,133,985.5,2
2025-07-29,M-E01,全电动,13.8,0,,0,3,121,25.1,1
2025-07-29,M-E02,全电动,13.3,0,,0,2,441,27.1,4
2025-07-29,M-E03,全电动,16.0,0,,0,2,505,39.4,1
2025-07-29,M-E04,全电动,15.7,0,,0,2,173,45.0,4
2025-07-29,M-E05,全电动,14.2,0,,0,3,165,48.8,3
2025-07-29,M-E06,全电动,14.2,0,,0.5,3,330,60.8,4
2025-07-29,M-E07,全电动,14.5,0,,0,3,153,64.2,1
2025-07-29,M-E08,全电动,14.6,0,,0,2,345,91.2,3
2025-07-29,M-E09,全电动,14.0,0,,0,1,537,78.0,1
2025-07-29,M-E10,全电动,16.0,0,,0,2,225,139.0,4
2025-07-29,M-E11,全电动,17.3,0,,0.1,3,597,149.9,4
2025-07-29,M-E12,全电动,16.4,0,,0,2,221,158.3,0
2025-07-29,M-E13,全电动,13.2,0,,0,1,289,167.7,4
2025-07-29,M-O01,油压,15.7,0,,0.3,3,470,195.4,1
2025-07-29,M-O02,油压,18.7,0,,0,1,242,236.3,2
2025-07-29,M-O03,油压,14.6,0,,0,3,426,285.8,4
2025-07-29,M-O04,油压,14.3,0,,0,4,489,388.5,0
2025-07-29,M-O05,油压,17.3,0,,0,3,184,402.5,0
2025-07-29,M-O06,油压,18.3,0,,0,1,521,475.7,0
2025-07-29,M-O07,油压,17.4,0,,0.3,1,412,685.1,3
2025-07-29,M-O08,油压,13.7,0,,0,2,436,561.0,1
2025-07-29,M-O09,油压,17.0,0,,0,2,528,793.7,1
2025-07-29,M-D01,双色旋转,15.0,0,,0,3,233,114.0,4
2025-07-29,M-D02,双色旋转,15.0,0,,0,3,170,513.3,4
2025-07-29,M-D03,双色旋转,16.7,0,,0,3,111,616.3,1
2025-07-29,M-T01,两板,13.1,0,,0,2,504,33.7,0
2025-07-29,M-T02,两板,15.8,0,,0,2,212,370.0,1
2025-07-29,M-T03,两板,18.3,0,,0,2,95,1177.9,3
2025-07-29,M-T04,两板,17.4,0,,0.3,4,228,1432.9,0
2025-07-30,M-E01,全电动,14.1,0,,0,3,253,25.8,3
2025-07-30,M-E02,全电动,16.0,0,,0,1,272,27.3,0
2025-07-30,M-E03,全电动,14.8,0,,0.0,1,421,40.2,2
2025-07-30,M-E04,全电动,15.6,0,,0,2,327,43.2,1
2025-07-30,M-E05,全电动,16.7,0,,0,2,437,53.2,0
2025-07-30,M-E06,全电动,16.5,0,,0,1,457,58.3,0
2025-07-30,M-E07,全电动,14.2,0,,0,1,371,68.2,3
2025-07-30,M-E08,全电动,16.3,0,,0.4,2,455,106.7,2
2025-07-30,M-E09,全电动,15.4,0,,0,1,531,123.3,2
2025-07-30,M-E10,全电动,14.1,0,,0,1,198,91.6,0
2025-07-30,M-E11,全电动,13.8,0,,0,1,421,130.7,0
2025-07-30,M-E12,全电动,18.7,0,,0,3,412,172.5,4
2025-07-30,M-E13,全电动,13.4,0,,0,3,229,167.2,0
2025-07-30,M-O01,油压,16.8,0,,0,2,176,199.2,2
2025-07-30,M-O02,油压,14.2,0,,0,4,491,185.1,3
2025-07-30,M-O03,油压,15.4,0,,0,5,94,341.7,2
2025-07-30,M-O04,油压,15.1,0,,0,4,201,395.3,0
2025-07-30,M-O05,油压,17.8,0,,0,2,598,413.4,4
2025-07-30,M-O06,油压,17.8,0,,0,1,276,580.2,2
2025-07-30,M-O07,油压,18.1,0,,0,1,551,822.5,1
2025-07-30,M-O08,油压,13.7,0,,0,1,505,520.1,3
2025-07-30,M-O09,油压,15.1,0,,0,2,300,742.3,3
2025-07-30,M-D01,双色旋转,17.4,0,,0,3,340,154.3,0
2025-07-30,M-D02,双色旋转,19.0,0,,0,1,499,715.8,2
2025-07-30,M-D03,双色旋转,18.7,0,,0,3,499,692.5,4
2025-07-30,M-T01,两板,18.5,0,,0,2,487,66.5,2
2025-07-30,M-T02,两板,17.7,0,,0,3,147,437.0,2
2025-07-30,M-T03,两板,13.9,0,,0,2,286,903.6,3
2025-07-30,M-T04,两板,18.3,0,,0,1,277,1163.5,2
2025-07-31,M-E01,全电动,14.2,0,,0,3,378,23.7,3
2025-07-31,M-E02,全电动,18.1,0,,0,1,471,41.0,1
2025-07-31,M-E03,全电动,15.5,0,,0,2,211,47.1,3
2025-07-31,M-E04,全电动,15.9,0,,0,1,539,37.7,1
2025-07-31,M-E05,全电动,18.8,0,,0.5,2,111,81.4,4
2025-07-31,M-E06,全电动,16.4,0,,0,1,213,69.1,0
2025-07-31,M-E07,全电动,15.9,0,,0,2,415,79.7,2
2025-07-31,M-E08,全电动,15.4,0,,0.2,1,320,89.0,2
2025-07-31,M-E09,全电动,16.6,0,,0.4,1,523,120.8,3
2025-07-31,M-E10,全电动,13.5,0,,0,3,378,123.3,0
2025-07-31,M-E11,全电动,13.5,0,,0,1,504,142.8,3
2025-07-31,M-E12,全电动,16.2,0,,0,3,157,153.0,1
2025-07-31,M-E13,全电动,16.1,0,,0,2,518,187.6,1
2025-07-31,M-O01,油压,19.0,0,,0,1,128,290.4,0
2025-07-31,M-O02,油压,16.4,0,,0,3,523,227.8,1
2025-07-31,M-O03,油压,15.0,0,,0.2,3,96,319.9,3
2025-07-31,M-O04,油压,18.8,0,,0,2,351,409.5,4
2025-07-31,M-O05,油压,13.6,0,,0,2,265,427.5,4
2025-07-31,M-O06,油压,16.1,0,,0,2,521,562.3,2
2025-07-31,M-O07,油压,17.3,0,,0,2,481,553.4,1
2025-07-31,M-O08,油压,14.4,0,,0,2,461,755.9,2
2025-07-31,M-O09,油压,13.3,0,,0.2,2,247,589.1,2
2025-07-31,M-D01,双色旋转,18.8,0,,0,2,427,160.4,2
2025-07-31,M-D02,双色旋转,15.6,0,,0,2,362,587.0,1
2025-07-31,M-D03,双色旋转,14.6,0,,0,2,483,411.7,0
2025-07-31,M-T01,两板,13.5,0,,0.1,1,534,42.4,3
2025-07-31,M-T02,两板,14.8,0,,0,4,115,375.6,0
2025-07-31,M-T03,两板,16.7,0,,0,3,186,983.5,4
2025-07-31,M-T04,两板,17.9,0,,0,2,101,1356.0,2
2025-08-01,M-E01,全电动,15.6,0,,0.1,1,413,28.8,2
2025-08-01,M-E02,全电动,18.1,0,,0,2,243,35.0,3
2025-08-01,M-E03,全电动,15.2,0,,0,2,188,50.6,1
2025-08-01,M-E04,全电动,14.8,0,,0,2,162,38.1,0
2025-08-01,M-E05,全电动,16.5,0,,0,3,486,66.5,4
2025-08-01,M-E06,全电动,16.7,0,,0.3,1,248,59.0,3
2025-08-01,M-E07,全电动,18.9,0,,0,2,527,76.3,3
2025-08-01,M-E08,全电动,17.3,0,,0,2,371,101.7,4
2025-08-01,M-E09,全电动,17.9,0,,0,1,403,107.7,2
2025-08-01,M-E10,全电动,18.0,0,,0,1,512,128.3,3
2025-08-01,M-E11,全电动,17.7,0,,0,4,518,159.8,2
2025-08-01,M-E12,全电动,16.1,0,,0.1,1,466,192.9,1
2025-08-01,M-E13,全电动,18.6,0,,0,1,516,172.1,1
2025-08-01,M-O01,油压,14.8,0,,0,3,208,213.6,1
2025-08-01,M-O02,油压,18.8,0,,0,3,542,257.7,4
2025-08-01,M-O03,油压,14.1,0,,0,2,551,300.5,1
2025-08-01,M-O04,油压,17.5,0,,0,2,211,454.8,2
2025-08-01,M-O05,油压,13.8,0,,0,2,315,355.0,0
2025-08-01,M-O06,油压,15.1,0,,0,1,170,467.3,3
2025-08-01,M-O07,油压,14.6,0,,0,1,554,585.9,1
2025-08-01,M-O08,油压,14.0,0,,0,1,494,605.2,3
2025-08-01,M-O09,油压,17.7,0,,0,1,434,780.2,2
2025-08-01,M-D01,双色旋转,15.4,0,,0,2,568,157.0,4
2025-08-01,M-D02,双色旋转,17.0,0,,0,1,256,634.8,4
2025-08-01,M-D03,双色旋转,14.4,0,,0,2,276,419.0,2
2025-08-01,M-T01,两板,14.4,0,,0,1,148,37.9,0
2025-08-01,M-T02,两板,16.1,0,,0,4,230,359.5,1
2025-08-01,M-T03,两板,14.5,0,,0,1,121,666.5,4
2025-08-01,M-T04,两板,15.100000000000001,1.7,液压系统,0,3,229,1275.2,3
2025-08-02,M-E01,全电动,17.0,0,,0,1,434,29.7,3
2025-08-02,M-E02,全电动,13.1,0,,0,2,590,29.5,1
2025-08-02,M-E03,全电动,16.2,0,,0.1,1,251,36.5,2
2025-08-02,M-E04,全电动,14.0,0,,0,1,139,45.3,2
2025-08-02,M-E05,全电动,17.1,0,,0,2,221,52.9,3
2025-08-02,M-E06,全电动,16.4,0,,0,1,375,63.6,2
2025-08-02,M-E07,全电动,17.6,0,,0,2,84,99.2,2
2025-08-02,M-E08,全电动,19.0,0,,0.4,2,496,124.2,3
2025-08-02,M-E09,全电动,17.9,0,,0,3,283,138.1,1
2025-08-02,M-E10,全电动,14.8,0,,0,2,219,112.6,2
2025-08-02,M-E11,全电动,13.1,0,,0,2,452,115.9,3
2025-08-02,M-E12,全电动,16.9,0,,0,2,151,189.3,4
2025-08-02,M-E13,全电动,15.9,0,,0.4,1,229,168.3,3
2025-08-02,M-O01,油压,15.9,0,,0,1,312,250.4,2
2025-08-02,M-O02,油压,16.1,0,,0.4,3,193,218.6,1
2025-08-02,M-O03,油压,18.4,0,,0,2,442,376.9,0
2025-08-02,M-O04,油压,17.9,0,,0,1,174,449.2,2
2025-08-02,M-O05,油压,14.8,0,,0.4,2,545,461.1,4
2025-08-02,M-O06,油压,15.9,0,,0,1,465,586.6,1
2025-08-02,M-O07,油压,13.5,0,,0.3,2,524,448.5,1
2025-08-02,M-O08,油压,15.5,0,,0,2,297,670.7,1
2025-08-02,M-O09,油压,16.6,0,,0,2,175,956.3,2
2025-08-02,M-D01,双色旋转,15.6,0,,0,2,478,109.4,0
2025-08-02,M-D02,双色旋转,18.0,0,,0,6,129,578.3,3
2025-08-02,M-D03,双色旋转,18.7,0,,0,3,423,571.9,3
2025-08-02,M-T01,两板,16.8,0,,0,2,163,54.8,0
2025-08-02,M-T02,两板,17.8,0,,0.2,1,489,372.6,1
2025-08-02,M-T03,两板,17.7,0,,0,4,573,1048.1,2
2025-08-02,M-T04,两板,16.4,0,,0,3,230,1488.0,1
2025-08-03,M-E01,全电动,19.0,0,,0,2,407,33.6,4
2025-08-03,M-E02,全电动,13.9,0,,0,2,416,26.7,1
2025-08-03,M-E03,全电动,13.3,0,,0.4,2,388,35.4,2
2025-08-03,M-E04,全电动,15.7,0,,0.0,2,499,49.1,0
2025-08-03,M-E05,全电动,15.9,0,,0,3,277,52.3,2
2025-08-03,M-E06,全电动,17.2,0,,0,4,101,76.3,4
2025-08-03,M-E07,全电动,14.5,0,,0,1,588,81.4,4
2025-08-03,M-E08,全电动,17.8,0,,0,4,278,98.4,0
2025-08-03,M-E09,全电动,17.1,0,,0,2,535,121.3,0
2025-08-03,M-E10,全电动,16.1,0,,0,1,398,136.3,0
2025-08-03,M-E11,全电动,15.2,0,,0,3,525,143.1,0
2025-08-03,M-E12,全电动,15.4,0,,0.2,3,472,145.8,4
2025-08-03,M-E13,全电动,17.8,0,,0,1,261,171.7,3
2025-08-03,M-O01,油压,14.1,0,,0,2,290,227.3,4
2025-08-03,M-O02,油压,15.7,0,,0,3,414,204.3,2
2025-08-03,M-O03,油压,14.5,0,,0.4,3,356,239.0,1
2025-08-03,M-O04,油压,13.7,0,,0,2,408,356.3,1
2025-08-03,M-O05,油压,17.5,0,,0,2,207,562.8,4
2025-08-03,M-O06,油压,17.9,0,,0,2,538,674.1,4
2025-08-03,M-O07,油压,17.9,0,,0,4,487,702.7,1
2025-08-03,M-O08,油压,18.8,0,,0.2,2,284,902.1,3
2025-08-03,M-O09,油压,18.1,0,,0,2,424,836.0,1
2025-08-03,M-D01,双色旋转,9.799999999999999,3.9,加热系统,0.4,2,576,94.7,0
2025-08-03,M-D02,双色旋转,14.5,0,,0.3,1,395,434.3,1
2025-08-03,M-D03,双色旋转,13.4,0,,0.3,1,429,376.1,1
2025-08-03,M-T01,两板,15.7,0,,0,5,536,48.0,3
2025-08-03,M-T02,两板,15.4,0,,0,1,192,455.8,3
2025-08-03,M-T03,两板,14.6,0,,0,1,580,681.8,4
2025-08-03,M-T04,两板,16.7,0,,0,2,143,1555.3,0
2025-08-04,M-E01,全电动,18.6,0,,0,3,442,38.2,1
2025-08-04,M-E02,全电动,18.1,0,,0,2,510,30.3,0
2025-08-04,M-E03,全电动,17.8,0,,0,2,387,53.6,1
2025-08-04,M-E04,全电动,16.0,0,,0,2,259,40.4,4
2025-08-04,M-E05,全电动,17.5,0,,0,2,409,77.4,4
2025-08-04,M-E06,全电动,15.2,0,,0,2,282,45.8,1
2025-08-04,M-E07,全电动,13.4,0,,0,3,281,58.9,0
2025-08-04,M-E08,全电动,13.6,0,,0,1,511,64.2,3
2025-08-04,M-E09,全电动,13.1,0,,0,4,95,75.1,0
2025-08-04,M-E10,全电动,13.299999999999999,2.4,加热系统,0,1,161,110.5,4
2025-08-04,M-E11,全电动,14.0,0,,0.3,2,590,125.5,2
2025-08-04,M-E12,全电动,13.3,0,,0,3,335,129.0,1
2025-08-04,M-E13,全电动,18.1,0,,0,3,276,181.0,0
2025-08-04,M-O01,油压,15.7,0,,0,1,460,227.5,3
2025-08-04,M-O02,油压,15.3,0,,0.5,2,261,271.4,1
2025-08-04,M-O03,油压,18.8,0,,0.1,3,474,352.3,3
2025-08-04,M-O04,油压,16.1,0,,0,1,569,354.1,1
2025-08-04,M-O05,油压,15.9,0,,0,2,312,422.4,4
2025-08-04,M-O06,油压,17.2,0,,0,2,139,482.6,1
2025-08-04,M-O07,油压,16.8,0,,0,3,255,649.6,3
2025-08-04,M-O08,油压,17.7,0,,0,3,259,762.6,0
2025-08-04,M-O09,油压,16.9,0,,0,1,382,835.8,3
2025-08-04,M-D01,双色旋转,17.1,0,,0,4,400,120.7,4
2025-08-04,M-D02,双色旋转,13.7,0,,0,1,384,512.3,0
2025-08-04,M-D03,双色旋转,17.7,0,,0,1,332,595.1,0
2025-08-04,M-T01,两板,17.3,1.0,加热系统,0,5,466,43.3,0
2025-08-04,M-T02,两板,14.7,0,,0.1,2,424,379.4,0
2025-08-04,M-T03,两板,14.2,0,,0,1,514,813.3,2
2025-08-04,M-T04,两板,14.8,0,,0,3,244,1392.8,0
2025-08-05,M-E01,全电动,18.2,0,,0,1,318,34.6,1
2025-08-05,M-E02,全电动,18.6,0,,0.3,2,258,33.6,1
2025-08-05,M-E03,全电动,17.6,0,,0,1,247,46.9,4
2025-08-05,M-E04,全电动,17.9,0,,0,3,272,56.0,2
2025-08-05,M-E05,全电动,14.2,0,,0,2,386,43.6,4
2025-08-05,M-E06,全电动,14.1,0,,0,2,227,61.8,0
2025-08-05,M-E07,全电动,18.9,0,,0.2,1,531,103.6,4
2025-08-05,M-E08,全电动,18.5,0,,0,3,152,117.9,0
2025-08-05,M-E09,全电动,16.4,0,,0,2,272,100.2,3
2025-08-05,M-E10,全电动,16.4,0,,0.1,4,500,152.5,2
2025-08-05,M-E11,全电动,17.9,0,,0,4,290,130.7,1
2025-08-05,M-E12,全电动,15.1,0,,0,1,448,172.1,4
2025-08-05,M-E13,全电动,15.8,0,,0,2,287,207.1,3
2025-08-05,M-O01,油压,18.1,0,,0.4,2,399,277.3,3
2025-08-05,M-O02,油压,13.6,0,,0,3,410,236.2,0
2025-08-05,M-O03,油压,15.6,0,,0,3,579,255.1,2
2025-08-05,M-O04,油压,19.0,0,,0,1,318,435.6,0
2025-08-05,M-O05,油压,16.5,0,,0,4,398,460.4,0
2025-08-05,M-O06,油压,14.4,0,,0,1,224,392.7,4
2025-08-05,M-O07,油压,17.7,0,,0,3,393,579.1,0
2025-08-05,M-O08,油压,16.7,0,,0,2,468,781.4,1
2025-08-05,M-O09,油压,17.1,0,,0,3,571,1039.1,0
2025-08-05,M-D01,双色旋转,13.6,0,,0,3,548,136.1,4
2025-08-05,M-D02,双色旋转,16.8,0,,0,1,484,628.7,4
2025-08-05,M-D03,双色旋转,17.4,0,,0,2,467,486.4,4
2025-08-05,M-T01,两板,15.8,0,,0,2,92,50.6,3
2025-08-05,M-T02,两板,16.4,0,,0,1,355,424.8,3
2025-08-05,M-T03,两板,17.6,0,,0,3,422,824.2,4
2025-08-05,M-T04,两板,13.9,0,,0,1,493,965.3,2
2025-08-06,M-E01,全电动,15.0,0,,0.3,1,212,26.2,3
2025-08-06,M-E02,全电动,14.2,0,,0,4,209,28.7,4
2025-08-06,M-E03,全电动,16.9,0,,0,1,505,53.9,2
2025-08-06,M-E04,全电动,14.5,0,,0,2,232,47.1,4
2025-08-06,M-E05,全电动,17.7,0,,0,2,318,53.4,1
2025-08-06,M-E06,全电动,16.9,0,,0,1,469,74.7,1
2025-08-06,M-E07,全电动,14.6,0,,0,2,554,64.1,1
2025-08-06,M-E08,全电动,10.8,2.6,加热系统,0.2,2,376,66.5,2
2025-08-06,M-E09,全电动,14.1,0,,0,2,323,104.7,0
2025-08-06,M-E10,全电动,17.1,0,,0,2,411,121.7,0
2025-08-06,M-E11,全电动,15.3,0,,0,3,135,112.2,2
2025-08-06,M-E12,全电动,18.7,0,,0,4,216,214.8,0
2025-08-06,M-E13,全电动,17.1,0,,0,1,112,186.9,1
2025-08-06,M-O01,油压,15.7,0,,0,3,178,229.1,1
2025-08-06,M-O02,油压,10.9,2.9,电气故障,0,3,492,144.4,4
2025-08-06,M-O03,油压,14.2,0,,0,2,164,300.7,2
2025-08-06,M-O04,油压,15.9,0,,0,2,558,441.9,4
2025-08-06,M-O05,油压,14.7,0,,0,2,232,420.6,2
2025-08-06,M-O06,油压,14.5,0,,0,1,584,489.8,2
2025-08-06,M-O07,油压,15.8,0,,0,3,443,551.5,4
2025-08-06,M-O08,油压,14.5,0,,0,2,421,614.6,3
2025-08-06,M-O09,油压,17.9,0,,0,3,359,797.9,2
2025-08-06,M-D01,双色旋转,14.4,0,,0,1,244,145.4,0
2025-08-06,M-D02,双色旋转,18.0,0,,0,3,161,673.1,2
2025-08-06,M-D03,双色旋转,14.2,0,,0,1,161,518.5,0
2025-08-06,M-T01,两板,13.8,0,,0,1,475,48.9,0
2025-08-06,M-T02,两板,18.8,0,,0,3,288,404.9,4
2025-08-06,M-T03,两板,16.4,0,,0,3,273,1119.4,4
2025-08-06,M-T04,两板,17.9,0,,0,3,305,1606.7,1
2025-08-07,M-E01,全电动,13.0,0,,0,2,370,23.0,3
2025-08-07,M-E02,全电动,17.6,0,,0.2,3,268,40.1,1
2025-08-07,M-E03,全电动,17.8,0,,0,2,574,44.8,3
2025-08-07,M-E04,全电动,15.3,0,,0,1,581,36.1,3
2025-08-07,M-E05,全电动,17.700000000000003,0.9,传感器异常,0.4,1,172,75.4,1
2025-08-07,M-E06,全电动,13.8,0,,0.0,4,424,55.6,3
2025-08-07,M-E07,全电动,14.1,0,,0,4,219,63.9,2
2025-08-07,M-E08,全电动,16.9,0,,0,1,353,89.2,4
2025-08-07,M-E09,全电动,17.3,0,,0,1,322,114.4,1
2025-08-07,M-E10,全电动,13.6,0,,0,1,206,114.4,4
2025-08-07,M-E11,全电动,14.8,0,,0.2,2,379,131.7,1
2025-08-07,M-E12,全电动,14.2,0,,0,2,562,168.9,3
2025-08-07,M-E13,全电动,17.0,0,,0,1,404,165.3,0
2025-08-07,M-O01,油压,16.9,0,,0,3,284,204.4,0
2025-08-07,M-O02,油压,18.7,0,,0,3,219,276.0,2
2025-08-07,M-O03,油压,16.1,0,,0,2,560,325.4,3
2025-08-07,M-O04,油压,17.5,0,,0,3,184,373.2,3
2025-08-07,M-O05,油压,16.6,0.9,液压系统,0,2,393,429.0,4
2025-08-07,M-O06,油压,15.1,0,,0,2,410,562.0,4
2025-08-07,M-O07,油压,18.5,0,,0,1,352,695.4,2
2025-08-07,M-O08,油压,18.6,0,,0,1,425,859.9,4
2025-08-07,M-O09,油压,14.6,0,,0,2,427,811.1,2
2025-08-07,M-D01,双色旋转,13.5,0,,0,3,120,95.4,0
2025-08-07,M-D02,双色旋转,13.8,0,,0,2,452,444.5,0
2025-08-07,M-D03,双色旋转,17.3,0,,0,2,96,527.7,4
2025-08-07,M-T01,两板,15.4,0,,0,1,253,46.2,0
2025-08-07,M-T02,两板,16.3,0,,0,4,511,358.6,1
2025-08-07,M-T03,两板,18.6,0,,0,2,241,907.1,3
2025-08-07,M-T04,两板,13.8,0,,0,2,433,1237.1,4
2025-08-08,M-E01,全电动,16.5,0,,0,2,271,36.8,0
2025-08-08,M-E02,全电动,16.2,0,,0,2,489,29.7,0
2025-08-08,M-E03,全电动,13.5,0,,0.2,1,473,41.6,2
2025-08-08,M-E04,全电动,15.2,0,,0,3,475,47.6,2
2025-08-08,M-E05,全电动,18.1,0,,0.1,1,286,76.9,1
2025-08-08,M-E06,全电动,18.2,0,,0,3,260,62.1,0
2025-08-08,M-E07,全电动,15.2,3.0,传感器异常,0.0,4,109,85.9,4
2025-08-08,M-E08,全电动,15.2,0,,0,3,517,86.6,2
2025-08-08,M-E09,全电动,16.9,0,,0,2,204,128.2,1
2025-08-08,M-E10,全电动,16.1,0,,0.3,1,128,108.6,4
2025-08-08,M-E11,全电动,16.4,0,,0,2,116,144.0,2
2025-08-08,M-E12,全电动,16.4,0,,0,3,572,192.1,0
2025-08-08,M-E13,全电动,17.2,0,,0,3,408,204.7,1
2025-08-08,M-O01,油压,17.6,0,,0,4,143,212.0,4
2025-08-08,M-O02,油压,13.1,0,,0,2,500,187.6,2
2025-08-08,M-O03,油压,13.6,2.4,液压系统,0,3,385,274.8,4
2025-08-08,M-O04,油压,15.8,0,,0,1,236,423.0,3
2025-08-08,M-O05,油压,14.3,0,,0,3,554,406.6,0
2025-08-08,M-O06,油压,13.6,0,,0,3,285,389.4,3
2025-08-08,M-O07,油压,16.7,0,,0,3,416,731.5,1
2025-08-08,M-O08,油压,13.4,0,,0,2,423,691.5,4
2025-08-08,M-O09,油压,14.0,0,,0,2,531,672.9,4
2025-08-08,M-D01,双色旋转,14.8,0,,0,2,585,110.8,2
2025-08-08,M-D02,双色旋转,13.9,0,,0,2,150,497.4,3
2025-08-08,M-D03,双色旋转,18.7,0,,0,1,566,639.1,2
2025-08-08,M-T01,两板,15.8,0,,0,3,293,47.7,1
2025-08-08,M-T02,两板,16.3,0.9,加热系统,0,1,400,374.3,3
2025-08-08,M-T03,两板,19.0,0,,0,2,95,1201.7,2
2025-08-08,M-T04,两板,18.9,0,,0,1,270,1657.4,1
2025-08-09,M-E01,全电动,15.9,0,,0,1,449,34.4,2
2025-08-09,M-E02,全电动,17.9,0,,0,1,453,40.6,1
2025-08-09,M-E03,全电动,15.2,0,,0.4,2,510,51.5,4
2025-08-09,M-E04,全电动,11.3,3.5,加热系统,0,3,527,27.7,3
2025-08-09,M-E05,全电动,16.6,0,,0,2,131,64.7,4
2025-08-09,M-E06,全电动,15.9,0,,0.5,3,107,50.6,1
2025-08-09,M-E07,全电动,15.2,0,,0,2,431,75.0,2
2025-08-09,M-E08,全电动,14.4,0,,0,1,426,96.8,4
2025-08-09,M-E09,全电动,13.4,0,,0,1,291,79.8,2
2025-08-09,M-E10,全电动,18.0,0,,0,1,398,140.6,0
2025-08-09,M-E11,全电动,18.7,0,,0,2,264,180.6,4
2025-08-09,M-E12,全电动,18.7,0,,0,3,536,153.5,3
2025-08-09,M-E13,全电动,16.5,0,,0,4,437,207.6,4
2025-08-09,M-O01,油压,13.6,0,,0,2,319,206.5,0
2025-08-09,M-O02,油压,16.0,0,,0,2,477,202.5,1
2025-08-09,M-O03,油压,15.2,0,,0,4,133,265.3,2
2025-08-09,M-O04,油压,16.0,0,,0,1,239,333.1,2
2025-08-09,M-O05,油压,17.9,0,,0,2,212,514.0,0
2025-08-09,M-O06,油压,13.3,0,,0.5,3,555,364.3,2
2025-08-09,M-O07,油压,18.5,0,,0,3,337,745.5,1
2025-08-09,M-O08,油压,13.8,0,,0,2,367,648.2,4
2025-08-09,M-O09,油压,18.1,0,,0,3,169,905.8,3
2025-08-09,M-D01,双色旋转,19.0,0,,0,2,226,200.3,2
2025-08-09,M-D02,双色旋转,11.9,3.5,模具问题,0,2,424,396.3,4
2025-08-09,M-D03,双色旋转,16.4,0,,0,2,460,414.2,1
2025-08-09,M-T01,两板,18.4,0,,0,3,409,54.4,2
2025-08-09,M-T02,两板,16.8,0,,0,1,333,340.7,3
2025-08-09,M-T03,两板,15.5,0,,0,3,460,815.0,2
2025-08-09,M-T04,两板,14.2,0,,0,4,406,894.2,4
2025-08-10,M-E01,全电动,16.5,0,,0,3,495,35.4,0
2025-08-10,M-E02,全电动,16.9,0,,0,4,580,32.0,4
2025-08-10,M-E03,全电动,13.2,0,,0,2,537,30.8,1
2025-08-10,M-E04,全电动,17.9,0,,0,3,490,51.2,4
2025-08-10,M-E05,全电动,14.4,0,,0,2,424,54.4,3
2025-08-10,M-E06,全电动,14.3,0,,0.4,1,328,57.0,3
2025-08-10,M-E07,全电动,13.6,0,,0,2,321,52.1,2
2025-08-10,M-E08,全电动,14.0,0,,0.0,2,124,72.8,1
2025-08-10,M-E09,全电动,16.4,0,,0.1,2,103,114.4,4
2025-08-10,M-E10,全电动,18.3,0,,0,1,208,130.4,3
2025-08-10,M-E11,全电动,14.1,0,,0,1,430,136.7,3
2025-08-10,M-E12,全电动,18.4,0,,0,2,194,210.9,4
2025-08-10,M-E13,全电动,15.8,0,,0,1,332,144.1,3
2025-08-10,M-O01,油压,13.9,0,,0,2,172,207.5,0
2025-08-10,M-O02,油压,17.5,0,,0,2,169,236.6,0
2025-08-10,M-O03,油压,16.4,0,,0,2,353,319.2,3
2025-08-10,M-O04,油压,17.4,0,,0.2,1,92,446.2,1
2025-08-10,M-O05,油压,13.8,0,,0.1,1,538,443.6,4
2025-08-10,M-O06,油压,15.7,0,,0,1,362,477.3,2
2025-08-10,M-O07,油压,17.5,0,,0.2,3,266,624.7,3
2025-08-10,M-O08,油压,16.8,0,,0,3,279,675.2,2
2025-08-10,M-O09,油压,13.9,0,,0,1,177,808.2,2
2025-08-10,M-D01,双色旋转,14.6,0,,0,2,472,120.8,2
2025-08-10,M-D02,双色旋转,13.7,0,,0,1,389,484.4,4
2025-08-10,M-D03,双色旋转,16.6,0,,0,2,483,613.8,0
2025-08-10,M-T01,两板,14.1,0,,0.1,2,407,49.7,2
2025-08-10,M-T02,两板,14.8,0,,0,2,127,446.0,1
2025-08-10,M-T03,两板,16.8,0,,0,2,555,788.5,1
2025-08-10,M-T04,两板,13.6,0,,0,1,317,1093.2,4
2025-08-11,M-E01,全电动,14.1,0,,0,1,467,23.8,1
2025-08-11,M-E02,全电动,18.0,0,,0,4,257,40.2,3
2025-08-11,M-E03,全电动,15.5,0,,0,2,432,45.0,3
2025-08-11,M-E04,全电动,13.7,0,,0,1,168,39.0,3
2025-08-11,M-E05,全电动,16.2,0,,0.2,2,331,68.8,0
2025-08-11,M-E06,全电动,15.6,0,,0,2,268,59.4,2
2025-08-11,M-E07,全电动,17.0,0,,0,3,592,93.4,0
2025-08-11,M-E08,全电动,15.1,0,,0,2,595,74.7,0
2025-08-11,M-E09,全电动,16.3,0,,0,3,501,112.7,0
2025-08-11,M-E10,全电动,17.2,0,,0,1,518,112.1,0
2025-08-11,M-E11,全电动,17.7,0,,0,1,280,172.3,0
2025-08-11,M-E12,全电动,14.6,0,,0,3,450,172.3,3
2025-08-11,M-E13,全电动,14.6,0,,0,3,197,193.8,1
2025-08-11,M-O01,油压,16.7,0,,0,2,197,203.5,0
2025-08-11,M-O02,油压,14.1,0,,0,2,436,239.2,1
2025-08-11,M-O03,油压,16.4,0,,0,2,240,348.8,3
2025-08-11,M-O04,油压,13.2,0,,0,3,584,269.9,0
2025-08-11,M-O05,油压,13.4,0,,0,3,320,408.1,2
2025-08-11,M-O06,油压,16.2,0,,0,2,148,600.3,0
2025-08-11,M-O07,油压,17.7,0,,0,2,449,601.2,1
2025-08-11,M-O08,油压,16.099999999999998,1.8,液压系统,0,2,429,750.8,1
2025-08-11,M-O09,油压,15.0,0,,0,2,244,844.7,1
2025-08-11,M-D01,双色旋转,15.7,0,,0,1,214,146.5,0
2025-08-11,M-D02,双色旋转,14.9,0,,0,3,358,420.8,2
2025-08-11,M-D03,双色旋转,15.2,0,,0,1,243,463.3,2
2025-08-11,M-T01,两板,18.5,0,,0,3,581,56.0,2
2025-08-11,M-T02,两板,17.6,0,,0,4,156,495.3,2
2025-08-11,M-T03,两板,10.5,3.4,液压系统,0,4,111,638.8,3
2025-08-11,M-T04,两板,16.4,0,,0,3,212,1189.4,2
2025-08-12,M-E01,全电动,14.2,0,,0,2,192,23.2,0
2025-08-12,M-E02,全电动,13.1,0,,0,3,543,25.2,2
2025-08-12,M-E03,全电动,16.5,0,,0,2,211,40.7,0
2025-08-12,M-E04,全电动,18.7,0,,0,1,442,46.0,1
2025-08-12,M-E05,全电动,17.4,0,,0,2,93,52.8,3
2025-08-12,M-E06,全电动,14.0,0,,0,3,117,55.8,4
2025-08-12,M-E07,全电动,18.9,0,,0,1,537,99.0,3
2025-08-12,M-E08,全电动,14.4,0,,0,4,158,88.2,1
2025-08-12,M-E09,全电动,15.0,0,,0,1,295,90.0,0
2025-08-12,M-E10,全电动,16.6,0,,0,1,316,149.8,4
2025-08-12,M-E11,全电动,16.4,0,,0.3,1,403,123.0,3
2025-08-12,M-E12,全电动,17.0,0,,0,2,404,201.7,1
2025-08-12,M-E13,全电动,16.4,0,,0,1,199,199.8,4
2025-08-12,M-O01,油压,16.8,0,,0,4,159,216.7,0
2025-08-12,M-O02,油压,14.5,0,,0,1,101,216.0,4
2025-08-12,M-O03,油压,15.7,0,,0,2,264,319.7,1
2025-08-12,M-O04,油压,14.8,0,,0,2,148,346.2,0
2025-08-12,M-O05,油压,14.9,0,,0,2,501,342.9,0
2025-08-12,M-O06,油压,19.0,0,,0,2,83,627.6,2
2025-08-12,M-O07,油压,12.8,2.2,传感器异常,0,3,570,533.0,4
2025-08-12,M-O08,油压,17.6,0,,0,3,282,737.5,1
2025-08-12,M-O09,油压,15.1,0,,0,3,468,811.0,1
2025-08-12,M-D01,双色旋转,14.0,0,,0,2,214,106.2,0
2025-08-12,M-D02,双色旋转,14.7,0,,0,1,525,412.3,4
2025-08-12,M-D03,双色旋转,17.6,0,,0,1,461,646.9,4
2025-08-12,M-T01,两板,15.7,2.8,加热系统,0,2,236,41.4,2
2025-08-12,M-T02,两板,13.4,0,,0,2,365,373.6,1
2025-08-12,M-T03,两板,14.9,2.4,液压系统,0,3,225,761.9,4
2025-08-12,M-T04,两板,13.8,0,,0.3,1,89,981.4,3
2025-08-13,M-E01,全电动,18.5,0,,0,3,545,31.6,3
2025-08-13,M-E02,全电动,15.6,0,,0,1,373,33.3,3
2025-08-13,M-E03,全电动,13.6,0,,0,1,315,31.4,4
2025-08-13,M-E04,全电动,15.5,0,,0,3,145,52.7,4
2025-08-13,M-E05,全电动,14.2,0,,0,1,137,52.1,2
2025-08-13,M-E06,全电动,13.1,0,,0,3,353,52.5,2
2025-08-13,M-E07,全电动,17.7,0,,0,3,164,94.8,1
2025-08-13,M-E08,全电动,18.6,0,,0,5,118,107.2,3
2025-08-13,M-E09,全电动,15.6,0,,0,3,90,93.6,2
2025-08-13,M-E10,全电动,15.2,0,,0,1,155,139.9,4
2025-08-13,M-E11,全电动,17.3,0,,0,1,243,171.7,0
2025-08-13,M-E12,全电动,17.6,0,,0,1,261,200.2,0
2025-08-13,M-E13,全电动,13.9,0,,0.1,2,83,177.5,2
2025-08-13,M-O01,油压,14.9,0,,0,3,124,247.1,3
2025-08-13,M-O02,油压,14.9,0,,0,2,198,237.7,1
2025-08-13,M-O03,油压,14.3,0,,0,1,86,219.2,1
2025-08-13,M-O04,油压,14.0,0,,0,1,442,276.1,0
2025-08-13,M-O05,油压,14.3,0,,0,1,90,316.0,2
2025-08-13,M-O06,油压,15.6,0,,0,1,516,591.6,2
2025-08-13,M-O07,油压,14.7,0,,0,3,165,504.4,2
2025-08-13,M-O08,油压,15.8,0,,0,2,599,612.9,1
2025-08-13,M-O09,油压,13.3,0,,0,1,84,550.9,1
2025-08-13,M-D01,双色旋转,17.6,0,,0,2,554,126.6,2
2025-08-13,M-D02,双色旋转,16.3,0,,0,3,365,586.2,2
2025-08-13,M-D03,双色旋转,14.6,0,,0,1,311,379.1,1
2025-08-13,M-T01,两板,14.4,0,,0,3,530,36.3,0
2025-08-13,M-T02,两板,13.2,0,,0,3,127,313.8,4
2025-08-13,M-T03,两板,17.1,0,,0.3,2,211,928.4,1
2025-08-13,M-T04,两板,14.6,0,,0,2,435,1275.8,4
2025-08-14,M-E01,全电动,15.1,0,,0,2,306,31.7,2
2025-08-14,M-E02,全电动,15.0,0,,0,2,384,30.3,1
2025-08-14,M-E03,全电动,14.7,0,,0,2,520,44.7,2
2025-08-14,M-E04,全电动,18.0,0,,0,1,401,53.7,0
2025-08-14,M-E05,全电动,18.2,0,,0,1,465,82.4,1
2025-08-14,M-E06,全电动,19.0,0,,0,1,469,70.0,4
2025-08-14,M-E07,全电动,16.7,0,,0,1,593,65.5,0
2025-08-14,M-E08,全电动,17.8,0,,0,3,164,107.0,3
2025-08-14,M-E09,全电动,18.9,0,,0,1,253,139.1,2
2025-08-14,M-E10,全电动,17.3,0,,0,1,463,145.7,2
2025-08-14,M-E11,全电动,17.2,0,,0,1,243,142.8,2
2025-08-14,M-E12,全电动,17.2,0,,0,3,336,167.5,4
2025-08-14,M-E13,全电动,15.4,0,,0.2,1,108,202.6,2
2025-08-14,M-O01,油压,13.2,0,,0,2,428,191.4,0
2025-08-14,M-O02,油压,14.7,0,,0,1,98,235.2,4
2025-08-14,M-O03,油压,14.1,0,,0,2,395,234.6,2
2025-08-14,M-O04,油压,17.099999999999998,1.8,电气故障,0,2,391,407.4,1
2025-08-14,M-O05,油压,13.8,0,,0,3,140,411.6,0
2025-08-14,M-O06,油压,15.8,0,,0,1,426,437.9,4
2025-08-14,M-O07,油压,13.7,0,,0,4,270,504.8,1
2025-08-14,M-O08,油压,10.6,2.6,模具问题,0,1,543,557.4,4
2025-08-14,M-O09,油压,16.0,0,,0,4,262,917.2,0
2025-08-14,M-D01,双色旋转,18.9,0,,0,1,177,182.8,4
2025-08-14,M-D02,双色旋转,15.5,0,,0,1,381,560.7,2
2025-08-14,M-D03,双色旋转,15.7,0,,0,1,557,449.2,3
2025-08-14,M-T01,两板,18.2,0,,0,5,170,62.8,2
2025-08-14,M-T02,两板,17.9,0,,0,1,278,461.8,0
2025-08-14,M-T03,两板,15.9,0,,0,2,392,984.3,4
2025-08-14,M-T04,两板,16.3,0,,0,1,314,1459.5,4
2025-08-15,M-E01,全电动,17.6,0,,0,1,490,40.0,3
2025-08-15,M-E02,全电动,17.2,0,,0.1,2,172,31.5,1
2025-08-15,M-E03,全电动,16.4,0,,0,1,273,53.8,0
2025-08-15,M-E04,全电动,14.7,0,,0,1,123,35.5,2
2025-08-15,M-E05,全电动,16.5,0,,0,3,468,58.8,1
2025-08-15,M-E06,全电动,18.6,0,,0.2,2,552,71.7,4
2025-08-15,M-E07,全电动,14.2,0,,0,5,417,64.6,3
2025-08-15,M-E08,全电动,14.3,0,,0,1,193,74.2,0
2025-08-15,M-E09,全电动,17.9,0,,0,1,211,117.8,1
2025-08-15,M-E10,全电动,15.5,0,,0,2,378,131.4,4
2025-08-15,M-E11,全电动,17.8,0,,0,2,202,130.1,1
2025-08-15,M-E12,全电动,16.1,0,,0,1,161,153.0,2
2025-08-15,M-E13,全电动,17.0,0,,0.0,1,313,202.5,4
2025-08-15,M-O01,油压,18.5,0,,0,3,564,233.9,2
2025-08-15,M-O02,油压,13.8,0,,0,4,482,218.2,2
2025-08-15,M-O03,油压,15.2,0,,0,2,565,258.2,0
2025-08-15,M-O04,油压,14.9,0,,0.5,3,518,317.8,0
2025-08-15,M-O05,油压,18.4,0,,0,4,471,511.6,0
2025-08-15,M-O06,油压,14.6,0,,0,2,267,451.7,1
2025-08-15,M-O07,油压,18.4,0,,0,2,313,834.2,3
2025-08-15,M-O08,油压,14.6,0,,0.1,3,149,717.4,3
2025-08-15,M-O09,油压,13.9,0,,0,2,409,673.2,0
2025-08-15,M-D01,双色旋转,14.5,0,,0.3,2,431,146.2,0
2025-08-15,M-D02,双色旋转,17.7,0,,0,2,345,500.5,1
2025-08-15,M-D03,双色旋转,15.3,0,,0.3,1,396,482.7,1
2025-08-15,M-T01,两板,14.5,0,,0,1,300,48.9,2
2025-08-15,M-T02,两板,18.2,0,,0,4,160,416.8,3
2025-08-15,M-T03,两板,14.1,0,,0.4,1,571,765.7,3
2025-08-15,M-T04,两板,13.6,0,,0.2,2,87,1214.7,2
2025-08-16,M-E01,全电动,17.3,0,,0,3,203,31.8,0
2025-08-16,M-E02,全电动,13.8,0,,0.2,1,486,31.2,2
2025-08-16,M-E03,全电动,18.7,0,,0,2,91,50.5,1
2025-08-16,M-E04,全电动,16.5,0,,0.1,2,396,51.4,3
2025-08-16,M-E05,全电动,18.2,0,,0.0,1,455,73.7,3
2025-08-16,M-E06,全电动,16.5,0,,0.2,2,192,64.3,4
2025-08-16,M-E07,全电动,14.0,0,,0,3,532,62.5,2
2025-08-16,M-E08,全电动,16.4,0,,0,2,364,93.5,2
2025-08-16,M-E09,全电动,17.2,0,,0,3,106,125.8,4
2025-08-16,M-E10,全电动,12.299999999999999,3.4,加热系统,0.1,1,156,77.6,0
2025-08-16,M-E11,全电动,14.6,0,,0,2,421,117.6,2
2025-08-16,M-E12,全电动,17.6,0,,0,2,143,191.8,3
2025-08-16,M-E13,全电动,16.0,0,,0,2,253,159.8,2
2025-08-16,M-O01,油压,17.0,0,,0,3,521,275.7,0
2025-08-16,M-O02,油压,13.8,0,,0,2,493,235.4,3
2025-08-16,M-O03,油压,13.3,0,,0,1,107,303.2,3
2025-08-16,M-O04,油压,18.8,0,,0.5,1,462,533.5,1
2025-08-16,M-O05,油压,14.7,0,,0,2,593,340.2,2
2025-08-16,M-O06,油压,17.6,0,,0,2,383,533.9,4
2025-08-16,M-O07,油压,16.2,0,,0,2,291,513.1,1
2025-08-16,M-O08,油压,14.6,0,,0,2,125,632.0,1
2025-08-16,M-O09,油压,14.3,0,,0.2,2,528,649.2,0
2025-08-16,M-D01,双色旋转,19.0,0,,0,3,486,168.6,3
2025-08-16,M-D02,双色旋转,18.8,0,,0.4,2,345,539.8,0
2025-08-16,M-D03,双色旋转,13.7,0,,0,3,415,383.0,0
2025-08-16,M-T01,两板,18.2,0,,0.3,2,248,60.2,0
2025-08-16,M-T02,两板,13.8,0,,0,1,322,417.7,0
2025-08-16,M-T03,两板,18.3,0,,0.5,1,533,1204.0,1
2025-08-16,M-T04,两板,15.3,0,,0,2,85,1149.8,4
2025-08-17,M-E01,全电动,16.0,0,,0,1,238,36.3,4
2025-08-17,M-E02,全电动,18.6,0,,0,2,310,40.0,2
2025-08-17,M-E03,全电动,18.6,0,,0,1,85,49.3,4
2025-08-17,M-E04,全电动,17.8,0,,0,2,166,59.2,1
2025-08-17,M-E05,全电动,14.1,0,,0,2,394,48.2,0
2025-08-17,M-E06,全电动,17.7,0,,0,1,487,61.2,3
2025-08-17,M-E07,全电动,18.0,0,,0,1,299,88.6,0
2025-08-17,M-E08,全电动,18.1,0,,0,2,411,122.8,4
2025-08-17,M-E09,全电动,16.5,0,,0,2,412,136.4,2
2025-08-17,M-E10,全电动,18.6,0,,0,3,514,172.0,0
2025-08-17,M-E11,全电动,14.3,0,,0,1,435,150.9,3
2025-08-17,M-E12,全电动,18.5,0,,0.1,4,335,163.1,4
2025-08-17,M-E13,全电动,18.3,0,,0,1,485,227.0,0
2025-08-17,M-O01,油压,18.9,0,,0.2,1,301,265.9,3
2025-08-17,M-O02,油压,17.4,0,,0,1,565,278.3,2
2025-08-17,M-O03,油压,18.3,0,,0,1,338,381.3,2
2025-08-17,M-O04,油压,17.1,0,,0,2,155,421.3,0
2025-08-17,M-O05,油压,16.8,0,,0,1,312,401.4,2
2025-08-17,M-O06,油压,16.8,0,,0,2,343,421.2,3
2025-08-17,M-O07,油压,13.0,2.3,电气故障,0.2,2,352,531.7,4
2025-08-17,M-O08,油压,15.6,0,,0.3,2,214,660.7,2
2025-08-17,M-O09,油压,13.2,0,,0,1,509,625.0,2
2025-08-17,M-D01,双色旋转,13.9,0,,0,2,231,105.1,0
2025-08-17,M-D02,双色旋转,16.4,0,,0.4,3,528,577.9,2
2025-08-17,M-D03,双色旋转,14.3,0,,0,2,227,383.1,1
2025-08-17,M-T01,两板,16.7,0,,0,1,383,56.3,0
2025-08-17,M-T02,两板,12.1,2.1,加热系统,0,2,382,325.1,0
2025-08-17,M-T03,两板,15.1,0,,0,3,436,724.8,1
2025-08-17,M-T04,两板,15.7,0,,0,3,560,1220.7,0
2025-08-18,M-E01,全电动,14.0,0,,0,1,364,21.9,4
2025-08-18,M-E02,全电动,15.8,0,,0,3,138,26.9,1
2025-08-18,M-E03,全电动,14.9,0,,0,3,482,47.8,4
2025-08-18,M-E04,全电动,16.9,0,,0,2,261,44.8,2
2025-08-18,M-E05,全电动,18.1,0,,0.3,2,485,78.1,2
2025-08-18,M-E06,全电动,15.8,0,,0,1,247,62.2,2
2025-08-18,M-E07,全电动,13.7,0,,0,2,353,75.5,0
2025-08-18,M-E08,全电动,18.5,0,,0,2,115,96.8,1
2025-08-18,M-E09,全电动,14.6,0,,0,2,134,93.9,1
2025-08-18,M-E10,全电动,13.6,0,,0,3,341,122.8,3
2025-08-18,M-E11,全电动,15.4,1.9,液压系统,0.4,3,390,116.8,0
2025-08-18,M-E12,全电动,15.2,0,,0,3,331,149.3,2
2025-08-18,M-E13,全电动,18.3,0,,0,3,266,219.2,0
2025-08-18,M-O01,油压,16.0,0,,0.3,1,122,198.7,1
2025-08-18,M-O02,油压,17.7,0,,0.1,3,509,334.5,0
2025-08-18,M-O03,油压,15.3,0,,0,2,513,309.4,3
2025-08-18,M-O04,油压,15.7,0,,0,1,405,347.9,2
2025-08-18,M-O05,油压,17.9,0,,0,3,435,390.7,4
2025-08-18,M-O06,油压,15.5,0,,0,2,468,575.4,1
2025-08-18,M-O07,油压,18.8,0,,0,3,443,706.4,2
2025-08-18,M-O08,油压,17.6,0,,0,3,411,671.6,1
2025-08-18,M-O09,油压,18.1,0,,0,1,379,962.9,0
2025-08-18,M-D01,双色旋转,14.8,0,,0,3,116,108.7,0
2025-08-18,M-D02,双色旋转,18.0,0,,0,2,444,659.7,1
2025-08-18,M-D03,双色旋转,18.4,0,,0,2,479,641.5,1
2025-08-18,M-T01,两板,13.1,0,,0,3,165,47.7,0
2025-08-18,M-T02,两板,18.2,0,,0,2,587,403.6,2
2025-08-18,M-T03,两板,18.9,0,,0,2,471,1063.7,0
2025-08-18,M-T04,两板,17.0,0,,0,1,227,1506.4,2
2025-08-19,M-E01,全电动,17.9,0,,0.1,3,309,34.7,0
2025-08-19,M-E02,全电动,15.3,0,,0,3,355,28.6,3
2025-08-19,M-E03,全电动,15.2,0,,0,2,497,44.1,2
2025-08-19,M-E04,全电动,19.0,0,,0,3,133,52.5,3
2025-08-19,M-E05,全电动,14.899999999999999,1.3,模具问题,0.2,2,119,50.0,1
2025-08-19,M-E06,全电动,14.1,0,,0,4,576,55.1,4
2025-08-19,M-E07,全电动,17.0,0,,0,2,86,95.6,3
2025-08-19,M-E08,全电动,18.9,0,,0,3,420,93.4,4
2025-08-19,M-E09,全电动,15.0,0,,0,3,475,97.5,1
2025-08-19,M-E10,全电动,13.9,0,,0,1,451,99.8,1
2025-08-19,M-E11,全电动,14.1,0,,0,3,355,126.6,4
2025-08-19,M-E12,全电动,16.0,0,,0,1,287,168.0,3
2025-08-19,M-E13,全电动,18.2,0,,0,3,86,193.9,1
2025-08-19,M-O01,油压,15.9,0,,0,2,121,182.6,0
2025-08-19,M-O02,油压,17.6,0,,0.1,3,381,290.6,2
2025-08-19,M-O03,油压,18.7,0,,0,2,375,312.5,4
2025-08-19,M-O04,油压,18.2,0,,0,1,268,442.3,0
2025-08-19,M-O05,油压,15.9,0,,0,2,245,387.6,2
2025-08-19,M-O06,油压,15.9,0,,0,2,305,450.5,1
2025-08-19,M-O07,油压,14.6,0,,0,1,158,577.2,1
2025-08-19,M-O08,油压,17.3,0,,0,1,278,827.7,3
2025-08-19,M-O09,油压,17.6,0,,0,1,225,981.2,0
2025-08-19,M-D01,双色旋转,15.8,0,,0,2,574,149.9,4
2025-08-19,M-D02,双色旋转,13.3,0,,0,3,525,470.5,2
2025-08-19,M-D03,双色旋转,13.7,0,,0,1,117,408.3,1
2025-08-19,M-T01,两板,14.1,0,,0,4,366,40.1,3
2025-08-19,M-T02,两板,13.7,0,,0,2,440,321.3,0
2025-08-19,M-T03,两板,18.9,0,,0,3,342,893.0,2
2025-08-19,M-T04,两板,18.3,0,,0,2,188,1688.4,0
2025-08-20,M-E01,全电动,14.7,0,,0.2,3,351,23.3,2
2025-08-20,M-E02,全电动,14.5,0,,0,2,445,24.2,2
2025-08-20,M-E03,全电动,15.0,0,,0,1,230,50.9,4
2025-08-20,M-E04,全电动,15.4,0,,0,2,487,46.7,0
2025-08-20,M-E05,全电动,14.1,0,,0,1,577,55.2,1
2025-08-20,M-E06,全电动,13.4,0,,0,2,286,46.0,2
2025-08-20,M-E07,全电动,17.0,0,,0,1,216,64.8,0
2025-08-20,M-E08,全电动,18.7,0,,0.4,2,424,126.6,2
2025-08-20,M-E09,全电动,13.8,0,,0,2,260,113.2,4
2025-08-20,M-E10,全电动,14.3,0,,0,3,263,131.4,4
2025-08-20,M-E11,全电动,14.8,0,,0,3,150,123.3,3
2025-08-20,M-E12,全电动,13.1,0,,0,3,336,107.2,0
2025-08-20,M-E13,全电动,14.9,0,,0,1,366,139.8,0
2025-08-20,M-O01,油压,17.5,0,,0,3,241,197.6,2
2025-08-20,M-O02,油压,18.5,0,,0.3,2,491,350.3,0
2025-08-20,M-O03,油压,18.1,0,,0,2,559,278.6,3
2025-08-20,M-O04,油压,15.9,0,,0,3,292,361.1,3
2025-08-20,M-O05,油压,14.2,0,,0,3,494,432.3,2
2025-08-20,M-O06,油压,15.9,0,,0,1,494,496.4,1
2025-08-20,M-O07,油压,15.6,0,,0,1,316,667.6,0
2025-08-20,M-O08,油压,14.7,0,,0,2,247,691.6,1
2025-08-20,M-O09,油压,18.4,0,,0,2,437,932.8,3
2025-08-20,M-D01,双色旋转,14.3,0,,0,1,449,145.4,4
2025-08-20,M-D02,双色旋转,14.7,0,,0,2,535,431.6,3
2025-08-20,M-D03,双色旋转,13.1,0,,0,2,227,357.1,1
2025-08-20,M-T01,两板,16.2,0,,0,3,96,41.0,2
2025-08-20,M-T02,两板,18.9,0,,0,2,598,412.5,4
2025-08-20,M-T03,两板,15.5,0,,0,3,453,836.0,4
2025-08-20,M-T04,两板,17.5,0,,0,3,334,1173.3,4
2025-08-21,M-E01,全电动,13.1,0,,0,2,102,25.2,3
2025-08-21,M-E02,全电动,16.5,0,,0,3,120,33.3,0
2025-08-21,M-E03,全电动,15.2,0,,0,1,406,46.6,4
2025-08-21,M-E04,全电动,17.9,0,,0,1,84,45.1,2
2025-08-21,M-E05,全电动,17.4,0,,0.2,1,574,53.8,2
2025-08-21,M-E06,全电动,16.1,0,,0,1,578,70.5,0
2025-08-21,M-E07,全电动,14.1,0,,0,2,235,74.0,0
2025-08-21,M-E08,全电动,13.4,0,,0,2,573,91.4,2
2025-08-21,M-E09,全电动,16.8,0,,0,2,152,105.0,3
2025-08-21,M-E10,全电动,17.8,0,,0,4,378,137.3,1
2025-08-21,M-E11,全电动,13.2,0,,0,2,154,98.0,0
2025-08-21,M-E12,全电动,17.0,0,,0,1,226,203.1,4
2025-08-21,M-E13,全电动,13.2,0,,0,3,462,129.4,0
2025-08-21,M-O01,油压,14.4,0,,0,1,593,170.3,1
2025-08-21,M-O02,油压,13.4,0,,0.3,1,550,206.5,3
2025-08-21,M-O03,油压,12.7,2.2,液压系统,0,3,509,271.3,3
2025-08-21,M-O04,油压,14.8,0,,0,2,220,407.9,0
2025-08-21,M-O05,油压,13.3,0,,0.1,1,164,354.3,1
2025-08-21,M-O06,油压,13.3,0,,0.5,2,433,438.8,3
2025-08-21,M-O07,油压,17.0,0,,0,3,192,654.9,1
2025-08-21,M-O08,油压,13.7,0,,0,2,475,539.8,0
2025-08-21,M-O09,油压,17.0,0,,0,3,177,976.7,4
2025-08-21,M-D01,双色旋转,18.6,0,,0,3,226,194.7,2
2025-08-21,M-D02,双色旋转,13.5,0,,0,3,484,375.5,2
2025-08-21,M-D03,双色旋转,14.6,0,,0,2,591,366.8,4
2025-08-21,M-T01,两板,15.3,0,,0,4,521,54.1,2
2025-08-21,M-T02,两板,13.5,0,,0,2,589,327.6,2
2025-08-21,M-T03,两板,13.1,0,,0,2,589,637.6,1
2025-08-21,M-T04,两板,15.5,0,,0,2,93,1431.9,4
2025-08-22,M-E01,全电动,13.1,0,,0.4,3,516,25.1,2
2025-08-22,M-E02,全电动,12.8,0.7,模具问题,0,1,162,27.0,4
2025-08-22,M-E03,全电动,13.4,0,,0,2,125,37.5,4
2025-08-22,M-E04,全电动,14.3,0,,0,1,563,46.4,2
2025-08-22,M-E05,全电动,17.9,0,,0.3,2,562,71.2,4
2025-08-22,M-E06,全电动,15.8,0,,0,2,540,59.3,4
2025-08-22,M-E07,全电动,18.9,0,,0.4,2,511,81.6,1
2025-08-22,M-E08,全电动,16.3,0,,0,3,571,84.1,0
2025-08-22,M-E09,全电动,13.7,0,,0,2,404,91.1,1
2025-08-22,M-E10,全电动,18.5,0,,0.4,3,485,118.7,4
2025-08-22,M-E11,全电动,18.9,0,,0,1,517,136.9,1
2025-08-22,M-E12,全电动,15.2,0,,0,1,171,166.0,3
2025-08-22,M-E13,全电动,17.0,0,,0,1,239,183.1,2
2025-08-22,M-O01,油压,17.0,0,,0,3,580,278.7,0
2025-08-22,M-O02,油压,18.3,0,,0,3,533,284.7,2
2025-08-22,M-O03,油压,18.1,0,,0,3,416,319.8,0
2025-08-22,M-O04,油压,17.9,0,,0,4,370,419.3,1
2025-08-22,M-O05,油压,18.5,0,,0,2,581,468.0,3
2025-08-22,M-O06,油压,15.8,0,,0,3,268,527.1,3
2025-08-22,M-O07,油压,17.6,0,,0,3,222,786.5,3
2025-08-22,M-O08,油压,16.1,0,,0,2,522,685.2,2
2025-08-22,M-O09,油压,13.3,0,,0,1,369,644.7,2
2025-08-22,M-D01,双色旋转,15.1,0,,0,3,119,118.2,4
2025-08-22,M-D02,双色旋转,16.7,0,,0,2,480,524.6,2
2025-08-22,M-D03,双色旋转,18.8,0,,0,2,270,631.7,3
2025-08-22,M-T01,两板,18.8,0,,0,3,369,62.7,3
2025-08-22,M-T02,两板,10.399999999999999,3.2,电气故障,0,4,342,297.7,1
2025-08-22,M-T03,两板,14.9,0,,0,2,497,962.8,3
2025-08-22,M-T04,两板,18.4,0,,0.5,3,302,1586.2,1
2025-08-23,M-E01,全电动,16.8,0,,0.1,4,296,30.9,3
2025-08-23,M-E02,全电动,15.6,0,,0,1,563,30.7,4
2025-08-23,M-E03,全电动,17.5,0,,0,3,432,44.6,4
2025-08-23,M-E04,全电动,16.2,0,,0,2,250,46.8,4
2025-08-23,M-E05,全电动,18.2,0,,0,3,366,73.4,4
2025-08-23,M-E06,全电动,13.5,0,,0,1,435,55.7,2
2025-08-23,M-E07,全电动,15.8,0,,0,2,134,72.4,3
2025-08-23,M-E08,全电动,16.7,0,,0,2,307,106.8,0
2025-08-23,M-E09,全电动,16.4,0,,0,3,448,92.8,4
2025-08-23,M-E10,全电动,16.7,0,,0.3,2,588,147.9,1
2025-08-23,M-E11,全电动,18.6,0,,0,3,137,188.7,3
2025-08-23,M-E12,全电动,15.8,0,,0.3,4,570,187.7,2
2025-08-23,M-E13,全电动,18.9,0,,0,3,177,251.1,4
2025-08-23,M-O01,油压,15.2,0,,0,1,104,253.1,1
2025-08-23,M-O02,油压,16.7,0,,0,2,291,259.4,4
2025-08-23,M-O03,油压,14.0,0,,0,1,480,305.0,2
2025-08-23,M-O04,油压,11.6,2.6,传感器异常,0,3,378,231.3,3
2025-08-23,M-O05,油压,13.8,0,,0,1,565,414.9,3
2025-08-23,M-O06,油压,18.8,0,,0,2,82,641.1,1
2025-08-23,M-O07,油压,15.9,0,,0,2,505,529.5,0
2025-08-23,M-O08,油压,15.3,0,,0,1,525,682.3,1
2025-08-23,M-O09,油压,15.6,0,,0.0,3,88,876.5,0
2025-08-23,M-D01,双色旋转,15.1,0,,0.1,3,158,133.2,3
2025-08-23,M-D02,双色旋转,16.3,0,,0,1,125,599.3,1
2025-08-23,M-D03,双色旋转,13.3,0,,0,2,241,452.8,3
2025-08-23,M-T01,两板,15.0,0,,0.2,2,523,53.7,2
2025-08-23,M-T02,两板,14.9,0,,0,2,130,388.0,2
2025-08-23,M-T03,两板,14.4,0,,0,2,554,887.6,0
2025-08-23,M-T04,两板,15.3,0,,0.3,1,102,1250.6,4
2025-08-24,M-E01,全电动,15.8,0,,0,3,359,28.5,4
2025-08-24,M-E02,全电动,16.1,0,,0,2,574,26.2,4
2025-08-24,M-E03,全电动,17.0,0,,0,2,152,53.1,4
2025-08-24,M-E04,全电动,14.7,0,,0,1,415,38.8,1
2025-08-24,M-E05,全电动,16.3,0,,0.2,4,360,55.9,3
2025-08-24,M-E06,全电动,15.5,0,,0,2,484,46.6,4
2025-08-24,M-E07,全电动,15.6,0,,0,1,529,71.9,3
2025-08-24,M-E08,全电动,18.4,0,,0,3,588,111.3,4
2025-08-24,M-E09,全电动,13.0,0,,0.2,3,380,73.3,4
2025-08-24,M-E10,全电动,18.3,0,,0,1,349,144.7,4
2025-08-24,M-E11,全电动,15.2,0,,0,3,541,155.3,0
2025-08-24,M-E12,全电动,18.6,0,,0,2,112,159.2,4
2025-08-24,M-E13,全电动,15.799999999999999,2.9,模具问题,0,2,286,172.0,0
2025-08-24,M-O01,油压,15.1,0,,0,3,135,173.0,3
2025-08-24,M-O02,油压,13.2,0,,0,1,210,227.5,2
2025-08-24,M-O03,油压,16.9,0,,0,2,160,331.2,0
2025-08-24,M-O04,油压,14.3,0,,0,3,473,395.8,2
2025-08-24,M-O05,油压,16.5,0,,0,1,565,421.7,4
2025-08-24,M-O06,油压,14.3,0,,0,2,419,468.6,3
2025-08-24,M-O07,油压,15.9,0,,0.2,1,84,485.6,0
2025-08-24,M-O08,油压,18.6,0,,0,2,188,720.5,2
2025-08-24,M-O09,油压,14.3,0,,0,2,448,661.8,1
2025-08-24,M-D01,双色旋转,13.4,0,,0,2,447,120.2,4
2025-08-24,M-D02,双色旋转,18.7,0,,0,2,278,693.3,3
2025-08-24,M-D03,双色旋转,17.5,0,,0,3,434,504.7,1
2025-08-24,M-T01,两板,15.2,0,,0,1,118,57.3,3
2025-08-24,M-T02,两板,13.3,0,,0,1,577,332.5,1
2025-08-24,M-T03,两板,19.0,0,,0,2,462,895.0,3
2025-08-24,M-T04,两板,17.6,0,,0,3,280,1445.8,3
2025-08-25,M-E01,全电动,14.3,0,,0.0,2,318,32.4,1
2025-08-25,M-E02,全电动,13.6,0.8,电气故障,0,2,353,25.2,0
2025-08-25,M-E03,全电动,17.1,0,,0,2,203,53.5,3
2025-08-25,M-E04,全电动,13.5,0,,0,1,596,39.9,0
2025-08-25,M-E05,全电动,16.0,0,,0,2,252,67.2,3
2025-08-25,M-E06,全电动,15.5,0,,0,3,204,64.0,0
2025-08-25,M-E07,全电动,16.3,0,,0,1,481,80.1,1
2025-08-25,M-E08,全电动,16.2,0,,0,1,157,80.2,0
2025-08-25,M-E09,全电动,17.5,0,,0,1,508,128.7,0
2025-08-25,M-E10,全电动,18.5,0,,0,1,164,144.6,2
2025-08-25,M-E11,全电动,16.6,0,,0,2,445,148.7,1
2025-08-25,M-E12,全电动,12.700000000000001,2.1,加热系统,0,2,349,113.7,1
2025-08-25,M-E13,全电动,16.0,0,,0,3,563,191.7,1
2025-08-25,M-O01,油压,16.3,0,,0,2,540,238.8,1
2025-08-25,M-O02,油压,13.5,0,,0,1,588,173.4,2
2025-08-25,M-O03,油压,16.3,0,,0,3,377,362.2,3
2025-08-25,M-O04,油压,17.1,0,,0,3,229,334.8,2
2025-08-25,M-O05,油压,14.1,0,,0,2,593,348.5,0
2025-08-25,M-O06,油压,17.7,0,,0,3,88,598.0,2
2025-08-25,M-O07,油压,14.7,0,,0.5,3,412,536.9,1
2025-08-25,M-O08,油压,18.6,0,,0,3,96,952.2,3
2025-08-25,M-O09,油压,13.1,0,,0,2,351,562.2,3
2025-08-25,M-D01,双色旋转,14.3,0,,0,2,298,121.0,0
2025-08-25,M-D02,双色旋转,13.1,0,,0,2,507,382.9,2
2025-08-25,M-D03,双色旋转,18.2,0,,0,3,491,556.8,0
2025-08-25,M-T01,两板,15.6,0,,0,1,278,40.3,0
2025-08-25,M-T02,两板,17.5,0,,0,2,351,489.8,2
2025-08-25,M-T03,两板,18.0,0,,0,2,479,927.8,3
2025-08-25,M-T04,两板,15.2,0,,0,3,122,1394.7,3
2025-08-26,M-E01,全电动,13.6,0,,0,1,150,24.2,2
2025-08-26,M-E02,全电动,15.3,0,,0,1,373,28.0,3
2025-08-26,M-E03,全电动,14.8,0,,0,2,342,45.4,1
2025-08-26,M-E04,全电动,17.4,0,,0,3,348,47.2,1
2025-08-26,M-E05,全电动,15.2,0,,0,3,271,67.1,1
2025-08-26,M-E06,全电动,15.5,0,,0,2,487,53.7,4
2025-08-26,M-E07,全电动,17.4,0,,0,4,564,67.3,3
2025-08-26,M-E08,全电动,18.6,0,,0,2,357,107.3,0
2025-08-26,M-E09,全电动,13.2,0,,0,1,291,89.5,4
2025-08-26,M-E10,全电动,12.600000000000001,3.5,电气故障,0.3,2,571,81.8,0
2025-08-26,M-E11,全电动,18.1,0,,0,2,452,165.4,1
2025-08-26,M-E12,全电动,13.1,0,,0,1,214,141.7,3
2025-08-26,M-E13,全电动,17.9,0,,0,2,247,175.9,2
2025-08-26,M-O01,油压,15.5,0,,0,3,436,184.4,0
2025-08-26,M-O02,油压,13.3,0,,0,4,121,185.7,3
2025-08-26,M-O03,油压,15.299999999999999,3.1,电气故障,0,2,289,247.4,3
2025-08-26,M-O04,油压,17.2,0,,0,1,353,452.4,1
2025-08-26,M-O05,油压,16.3,0,,0,2,591,442.4,1
2025-08-26,M-O06,油压,18.4,0,,0,4,342,483.2,1
2025-08-26,M-O07,油压,14.7,0,,0,1,495,534.4,0
2025-08-26,M-O08,油压,14.4,0,,0,2,390,590.3,1
2025-08-26,M-O09,油压,13.2,0,,0,3,518,588.9,2
2025-08-26,M-D01,双色旋转,14.9,0,,0,3,149,146.1,2
2025-08-26,M-D02,双色旋转,18.8,0,,0,2,207,659.0,3
2025-08-26,M-D03,双色旋转,14.2,0,,0,1,230,408.0,3
2025-08-26,M-T01,两板,16.5,0,,0,2,592,58.5,4
2025-08-26,M-T02,两板,16.4,0,,0,3,395,342.9,3
2025-08-26,M-T03,两板,14.6,0,,0,3,590,805.3,2
2025-08-26,M-T04,两板,15.9,0,,0,1,111,1151.5,0
2025-08-27,M-E01,全电动,13.3,0,,0.2,2,398,26.0,4
2025-08-27,M-E02,全电动,14.6,0,,0.1,1,523,28.3,2
2025-08-27,M-E03,全电动,13.8,0,,0,1,148,31.5,0
2025-08-27,M-E04,全电动,17.9,0,,0.2,2,266,41.2,0
2025-08-27,M-E05,全电动,15.8,0,,0.4,2,377,56.0,0
2025-08-27,M-E06,全电动,18.9,0,,0,1,475,76.4,3
2025-08-27,M-E07,全电动,14.5,0,,0,1,362,62.9,2
2025-08-27,M-E08,全电动,15.3,0,,0,2,312,83.4,4
2025-08-27,M-E09,全电动,18.4,0,,0,4,392,107.8,3
2025-08-27,M-E10,全电动,14.1,0,,0,1,342,99.4,0
2025-08-27,M-E11,全电动,15.8,0,,0,1,180,154.3,2
2025-08-27,M-E12,全电动,17.8,0,,0,2,308,200.2,1
2025-08-27,M-E13,全电动,17.7,0,,0,3,91,180.7,0
2025-08-27,M-O01,油压,15.7,0,,0,4,227,195.3,0
2025-08-27,M-O02,油压,18.4,0,,0,1,102,331.2,1
2025-08-27,M-O03,油压,17.7,0,,0,1,179,360.0,2
2025-08-27,M-O04,油压,17.0,0,,0,1,318,345.5,0
2025-08-27,M-O05,油压,17.2,0,,0,1,300,530.1,3
2025-08-27,M-O06,油压,17.4,0,,0.4,2,488,545.1,0
2025-08-27,M-O07,油压,17.6,0,,0.4,3,275,677.3,0
2025-08-27,M-O08,油压,17.6,0,,0,3,382,834.5,1
2025-08-27,M-O09,油压,17.9,0,,0,2,391,747.3,2
2025-08-27,M-D01,双色旋转,17.6,0,,0,1,321,181.2,1
2025-08-27,M-D02,双色旋转,16.4,0,,0,2,247,559.0,3
2025-08-27,M-D03,双色旋转,17.1,0,,0,3,418,577.3,1
2025-08-27,M-T01,两板,14.7,0,,0,2,194,49.9,4
2025-08-27,M-T02,两板,13.9,0,,0,2,304,362.2,2
2025-08-27,M-T03,两板,16.4,0,,0,1,408,933.4,4
2025-08-27,M-T04,两板,19.0,0,,0,4,108,1240.3,2
2025-08-28,M-E01,全电动,15.100000000000001,2.7,液压系统,0.0,3,228,24.6,4
2025-08-28,M-E02,全电动,18.9,0,,0,2,587,31.5,2
2025-08-28,M-E03,全电动,14.7,2.8,传感器异常,0.4,2,147,35.0,4
2025-08-28,M-E04,全电动,18.8,0,,0,2,162,46.4,1
2025-08-28,M-E05,全电动,13.9,0,,0,3,558,58.7,1
2025-08-28,M-E06,全电动,14.0,0,,0,1,468,50.2,2
2025-08-28,M-E07,全电动,17.1,0,,0,1,313,86.5,0
2025-08-28,M-E08,全电动,17.4,1.6,液压系统,0.4,4,513,85.2,3
2025-08-28,M-E09,全电动,16.8,0,,0,4,91,93.9,1
2025-08-28,M-E10,全电动,16.6,0,,0,1,110,143.5,2
2025-08-28,M-E11,全电动,17.0,0,,0,3,515,175.3,3
2025-08-28,M-E12,全电动,16.3,0,,0.4,3,213,130.5,2
2025-08-28,M-E13,全电动,14.2,0,,0,2,551,160.1,0
2025-08-28,M-O01,油压,17.6,0,,0.3,3,172,291.2,4
2025-08-28,M-O02,油压,18.9,0,,0,1,573,333.1,4
2025-08-28,M-O03,油压,14.3,0,,0,1,266,269.0,0
2025-08-28,M-O04,油压,14.2,0,,0,1,180,345.3,3
2025-08-28,M-O05,油压,13.4,0,,0,1,342,303.8,0
2025-08-28,M-O06,油压,14.6,0,,0,1,279,506.9,0
2025-08-28,M-O07,油压,18.1,0,,0.1,4,179,759.7,0
2025-08-28,M-O08,油压,16.2,0,,0,2,562,776.8,2
2025-08-28,M-O09,油压,17.9,0,,0,1,556,728.3,0
2025-08-28,M-D01,双色旋转,17.8,0,,0,2,422,154.4,0
2025-08-28,M-D02,双色旋转,17.8,0,,0.3,2,208,657.5,0
2025-08-28,M-D03,双色旋转,13.2,0,,0,1,81,358.1,4
2025-08-28,M-T01,两板,16.4,0,,0,3,446,61.7,0
2025-08-28,M-T02,两板,15.9,0,,0,2,556,419.3,3
2025-08-28,M-T03,两板,18.9,0,,0,1,180,1279.5,1
2025-08-28,M-T04,两板,18.6,0,,0,4,532,1664.5,0
2025-08-29,M-E01,全电动,13.7,0,,0,3,513,24.1,3
2025-08-29,M-E02,全电动,18.0,0,,0,2,291,34.2,1
2025-08-29,M-E03,全电动,18.2,0,,0,1,264,45.6,2
2025-08-29,M-E04,全电动,15.2,0,,0.2,2,363,38.2,4
2025-08-29,M-E05,全电动,18.5,0,,0,1,198,56.6,0
2025-08-29,M-E06,全电动,13.4,0,,0,4,220,42.1,3
2025-08-29,M-E07,全电动,18.3,0,,0,3,111,71.3,4
2025-08-29,M-E08,全电动,16.9,0,,0,2,258,82.9,1
2025-08-29,M-E09,全电动,17.3,0,,0,1,258,110.3,2
2025-08-29,M-E10,全电动,18.0,0,,0,1,380,163.3,0
2025-08-29,M-E11,全电动,18.0,0,,0,4,370,150.7,4
2025-08-29,M-E12,全电动,13.1,0,,0,2,446,132.9,3
2025-08-29,M-E13,全电动,18.9,0,,0,2,291,224.1,0
2025-08-29,M-O01,油压,15.2,0,,0,4,183,254.4,3
2025-08-29,M-O02,油压,18.5,0,,0,3,584,320.1,0
2025-08-29,M-O03,油压,15.2,0,,0,2,145,309.2,0
2025-08-29,M-O04,油压,15.9,0,,0,2,241,378.9,1
2025-08-29,M-O05,油压,18.0,0,,0,3,296,388.0,0
2025-08-29,M-O06,油压,17.0,0,,0,2,250,557.6,2
2025-08-29,M-O07,油压,14.3,0,,0,1,456,448.8,3
2025-08-29,M-O08,油压,16.1,0,,0,1,234,675.2,4
2025-08-29,M-O09,油压,16.7,0,,0,1,538,711.7,2
2025-08-29,M-D01,双色旋转,15.5,0,,0,2,559,163.7,1
2025-08-29,M-D02,双色旋转,15.6,0,,0,3,420,560.0,4
2025-08-29,M-D03,双色旋转,15.2,0,,0,5,254,477.4,2
2025-08-29,M-T01,两板,14.9,0,,0,1,271,37.4,0
2025-08-29,M-T02,两板,14.8,0,,0,2,233,341.0,1
2025-08-29,M-T03,两板,16.5,0,,0,3,349,890.2,2
2025-08-29,M-T04,两板,16.6,0,,0,1,83,1198.1,1
2025-08-30,M-E01,全电动,18.8,0,,0.3,1,363,31.5,1
2025-08-30,M-E02,全电动,14.5,0,,0,3,588,25.1,4
2025-08-30,M-E03,全电动,18.2,0,,0,4,527,44.9,0
2025-08-30,M-E04,全电动,18.7,0,,0,3,258,62.7,0
2025-08-30,M-E05,全电动,13.2,0,,0.2,3,242,54.1,2
2025-08-30,M-E06,全电动,14.8,0,,0,4,120,65.7,4
2025-08-30,M-E07,全电动,15.4,0,,0,3,108,65.5,4
2025-08-30,M-E08,全电动,17.1,0,,0,1,328,97.5,1
2025-08-30,M-E09,全电动,14.6,0,,0,1,262,112.1,3
2025-08-30,M-E10,全电动,13.2,0,,0,1,418,105.2,3
2025-08-30,M-E11,全电动,17.1,0,,0,4,577,168.3,1
2025-08-30,M-E12,全电动,15.2,0,,0,2,387,177.2,1
2025-08-30,M-E13,全电动,16.5,0,,0,1,275,172.3,4
2025-08-30,M-O01,油压,17.1,0,,0.1,1,420,268.9,0
2025-08-30,M-O02,油压,16.4,0,,0,2,130,226.4,0
2025-08-30,M-O03,油压,14.2,0,,0,1,226,252.1,2
2025-08-30,M-O04,油压,16.3,0,,0,3,209,395.1,0
2025-08-30,M-O05,油压,15.7,0,,0,3,200,495.0,0
2025-08-30,M-O06,油压,15.3,0,,0,2,391,511.4,4
2025-08-30,M-O07,油压,15.8,0,,0,4,127,666.2,2
2025-08-30,M-O08,油压,17.6,0,,0,3,274,873.8,4
2025-08-30,M-O09,油压,16.8,0,,0,3,419,1003.4,2
2025-08-30,M-D01,双色旋转,14.8,0,,0,1,326,106.1,2
2025-08-30,M-D02,双色旋转,16.5,0,,0,3,214,427.7,0
2025-08-30,M-D03,双色旋转,16.0,0,,0.4,3,91,428.7,2
2025-08-30,M-T01,两板,17.2,0,,0,3,424,53.9,1
2025-08-30,M-T02,两板,17.5,0,,0,2,501,520.9,2
2025-08-30,M-T03,两板,16.0,0,,0.4,2,553,867.3,4
2025-08-30,M-T04,两板,18.7,0,,0,1,149,1472.8,2
2025-08-31,M-E01,全电动,15.4,0,,0,2,430,23.4,1
2025-08-31,M-E02,全电动,13.8,0,,0,2,495,25.7,2
2025-08-31,M-E03,全电动,15.4,0,,0.4,4,359,37.0,0
2025-08-31,M-E04,全电动,14.4,0,,0,2,409,42.9,4
2025-08-31,M-E05,全电动,17.0,0,,0,3,518,63.5,4
2025-08-31,M-E06,全电动,16.6,0,,0.0,1,374,51.9,3
2025-08-31,M-E07,全电动,14.9,0,,0,2,165,74.4,1
2025-08-31,M-E08,全电动,17.9,0,,0,4,115,94.5,2
2025-08-31,M-E09,全电动,17.1,0,,0,2,182,115.9,3
2025-08-31,M-E10,全电动,18.8,0,,0,1,115,130.3,2
2025-08-31,M-E11,全电动,16.8,0,,0,1,553,164.0,2
2025-08-31,M-E12,全电动,17.4,0,,0,1,545,194.6,1
2025-08-31,M-E13,全电动,15.0,3.0,液压系统,0,2,92,196.2,4
2025-08-31,M-O01,油压,15.4,0,,0,1,527,225.0,0
2025-08-31,M-O02,油压,15.7,0,,0,2,239,238.5,1
2025-08-31,M-O03,油压,13.1,1.6,液压系统,0,3,455,270.0,3
2025-08-31,M-O04,油压,18.1,0,,0,1,250,478.1,4
2025-08-31,M-O05,油压,18.9,0,,0,4,484,458.6,2
2025-08-31,M-O06,油压,16.1,0,,0,1,108,503.9,3
2025-08-31,M-O07,油压,14.8,0,,0,1,94,562.8,4
2025-08-31,M-O08,油压,14.8,0,,0,2,343,651.0,3
2025-08-31,M-O09,油压,17.0,0,,0,2,290,885.5,3
2025-08-31,M-D01,双色旋转,17.1,0,,0,1,534,135.1,4
2025-08-31,M-D02,双色旋转,18.1,0,,0,3,169,686.2,2
2025-08-31,M-D03,双色旋转,18.5,0,,0,3,524,615.5,3
2025-08-31,M-T01,两板,14.0,0,,0.5,2,515,35.9,2
2025-08-31,M-T02,两板,13.5,0,,0,1,445,332.4,2
2025-08-31,M-T03,两板,13.3,0,,0,2,372,762.9,0
2025-08-31,M-T04,两板,18.7,0,,0,1,534,1283.5,2
2025-09-01,M-E01,全电动,15.5,0,,0,2,438,34.2,0
2025-09-01,M-E02,全电动,14.4,0,,0,3,468,29.8,1
2025-09-01,M-E03,全电动,12.8,1.6,加热系统,0.5,1,480,30.8,2
2025-09-01,M-E04,全电动,14.3,0,,0,2,379,34.8,2
2025-09-01,M-E05,全电动,14.4,0,,0,2,245,53.9,2
2025-09-01,M-E06,全电动,13.2,0,,0,1,198,51.1,4
2025-09-01,M-E07,全电动,15.3,0,,0,2,293,84.9,3
2025-09-01,M-E08,全电动,16.3,0,,0,2,501,90.3,3
2025-09-01,M-E09,全电动,18.2,0,,0,1,525,109.2,3
2025-09-01,M-E10,全电动,14.7,0,,0,2,215,96.7,1
2025-09-01,M-E11,全电动,16.8,0,,0,2,497,173.7,3
2025-09-01,M-E12,全电动,18.0,0,,0,1,280,197.5,2
2025-09-01,M-E13,全电动,17.8,0,,0,1,287,162.8,0
2025-09-01,M-O01,油压,13.6,0,,0,3,498,175.7,3
2025-09-01,M-O02,油压,14.8,0,,0,1,598,248.2,2
2025-09-01,M-O03,油压,14.3,0,,0,4,472,267.9,2
2025-09-01,M-O04,油压,15.7,0,,0,2,540,329.9,4
2025-09-01,M-O05,油压,13.9,0,,0,2,147,443.3,0
2025-09-01,M-O06,油压,14.2,0,,0.2,1,304,510.9,2
2025-09-01,M-O07,油压,15.6,0,,0,3,456,574.7,0
2025-09-01,M-O08,油压,15.1,0,,0.5,2,393,737.4,4
2025-09-01,M-O09,油压,13.1,0,,0,4,490,778.2,2
2025-09-01,M-D01,双色旋转,16.5,0,,0,1,444,163.2,4
2025-09-01,M-D02,双色旋转,16.6,0,,0,2,163,448.6,2
2025-09-01,M-D03,双色旋转,17.3,0,,0,1,557,459.0,4
2025-09-01,M-T01,两板,18.2,0,,0.4,1,566,53.4,1
2025-09-01,M-T02,两板,17.2,0,,0,2,519,478.9,3
2025-09-01,M-T03,两板,17.4,0,,0.1,3,390,880.0,0
2025-09-01,M-T04,两板,16.2,0,,0,1,215,1072.8,1
2025-09-02,M-E01,全电动,17.9,0,,0,3,397,39.1,4
2025-09-02,M-E02,全电动,17.0,0,,0,2,350,35.7,2
2025-09-02,M-E03,全电动,16.6,0,,0,4,243,55.5,1
2025-09-02,M-E04,全电动,15.6,0,,0,3,86,45.9,4
2025-09-02,M-E05,全电动,17.9,0,,0,2,538,60.8,1
2025-09-02,M-E06,全电动,14.1,0,,0,1,247,42.8,3
2025-09-02,M-E07,全电动,15.9,0,,0.3,3,94,83.8,3
2025-09-02,M-E08,全电动,18.2,0,,0,1,183,96.7,3
2025-09-02,M-E09,全电动,16.7,0,,0,2,505,107.6,4
2025-09-02,M-E10,全电动,15.3,0,,0,2,414,126.2,2
2025-09-02,M-E11,全电动,17.1,0,,0.5,2,108,139.1,3
2025-09-02,M-E12,全电动,14.2,0,,0,4,180,164.6,2
2025-09-02,M-E13,全电动,13.5,0,,0,2,572,161.7,2
2025-09-02,M-O01,油压,18.8,0,,0.3,2,301,257.6,3
2025-09-02,M-O02,油压,18.4,0,,0.1,1,446,265.7,2
2025-09-02,M-O03,油压,16.4,0,,0,1,531,359.5,2
2025-09-02,M-O04,油压,14.0,0,,0.3,1,321,328.9,3
2025-09-02,M-O05,油压,16.3,0,,0,4,185,452.5,4
2025-09-02,M-O06,油压,18.1,0,,0,4,297,597.6,3
2025-09-02,M-O07,油压,15.8,0,,0.1,3,524,616.1,3
2025-09-02,M-O08,油压,13.3,0,,0.1,2,272,477.9,2
2025-09-02,M-O09,油压,18.6,0,,0.1,4,365,964.8,1
2025-09-02,M-D01,双色旋转,13.8,0,,0,2,234,140.7,2
2025-09-02,M-D02,双色旋转,18.7,0,,0,3,143,514.9,2
2025-09-02,M-D03,双色旋转,16.7,0,,0,2,156,564.4,3
2025-09-02,M-T01,两板,13.7,0,,0,2,281,35.1,0
2025-09-02,M-T02,两板,14.9,0,,0,2,569,341.8,3
2025-09-02,M-T03,两板,15.0,0,,0,2,518,699.6,4
2025-09-02,M-T04,两板,17.2,0,,0.5,1,222,1436.9,2
2025-09-03,M-E01,全电动,18.8,0,,0,2,419,35.7,0
2025-09-03,M-E02,全电动,17.4,0,,0,2,396,36.4,1
2025-09-03,M-E03,全电动,13.9,0,,0,1,375,40.6,0
2025-09-03,M-E04,全电动,14.5,0,,0,2,107,35.3,2
2025-09-03,M-E05,全电动,18.2,0,,0,1,495,55.6,3
2025-09-03,M-E06,全电动,13.9,0,,0,3,180,56.4,2
2025-09-03,M-E07,全电动,17.6,0,,0,2,232,95.4,4
2025-09-03,M-E08,全电动,15.8,0,,0,2,549,77.4,3
2025-09-03,M-E09,全电动,15.3,0,,0,1,202,93.5,1
2025-09-03,M-E10,全电动,18.3,0,,0,1,445,161.7,0
2025-09-03,M-E11,全电动,13.8,0,,0,1,476,123.1,2
2025-09-03,M-E12,全电动,16.8,0,,0,2,572,147.5,2
2025-09-03,M-E13,全电动,10.299999999999999,2.9,液压系统,0,2,435,105.3,1
2025-09-03,M-O01,油压,18.7,0,,0,2,571,312.9,1
2025-09-03,M-O02,油压,17.0,0,,0,2,478,250.7,3
2025-09-03,M-O03,油压,13.9,0,,0,1,144,245.7,2
2025-09-03,M-O04,油压,13.3,0,,0,3,289,372.9,2
2025-09-03,M-O05,油压,17.8,0,,0,3,121,504.3,4
2025-09-03,M-O06,油压,11.9,1.4,加热系统,0,3,291,422.3,0
2025-09-03,M-O07,油压,14.8,0,,0,2,459,580.4,0
2025-09-03,M-O08,油压,13.1,0,,0,1,300,497.5,0
2025-09-03,M-O09,油压,16.6,0,,0,3,477,710.1,2
2025-09-03,M-D01,双色旋转,19.0,0,,0,2,589,171.4,1
2025-09-03,M-D02,双色旋转,16.2,0,,0,1,575,451.3,0
2025-09-03,M-D03,双色旋转,16.9,0,,0,1,145,640.2,3
2025-09-03,M-T01,两板,16.3,0,,0,2,239,52.1,3
2025-09-03,M-T02,两板,17.4,0,,0,3,161,419.7,2
2025-09-03,M-T03,两板,14.6,0,,0,1,272,863.1,1
2025-09-03,M-T04,两板,19.0,0,,0,1,97,1352.6,0
2025-09-04,M-E01,全电动,18.8,0,,0,1,290,29.5,2
2025-09-04,M-E02,全电动,18.2,0,,0,3,230,35.5,4
2025-09-04,M-E03,全电动,14.5,0,,0.1,1,127,38.7,1
2025-09-04,M-E04,全电动,15.0,0,,0,3,200,38.7,1
2025-09-04,M-E05,全电动,14.6,0,,0.3,1,541,50.0,3
2025-09-04,M-E06,全电动,13.6,0,,0,2,405,52.1,2
2025-09-04,M-E07,全电动,14.1,0,,0,2,510,62.2,0
2025-09-04,M-E08,全电动,17.6,0,,0,2,404,93.7,1
2025-09-04,M-E09,全电动,18.6,0,,0,2,262,148.1,2
2025-09-04,M-E10,全电动,18.0,0,,0,2,178,151.6,3
2025-09-04,M-E11,全电动,15.7,0,,0,3,145,114.0,0
2025-09-04,M-E12,全电动,17.2,0,,0,2,442,157.4,3
2025-09-04,M-E13,全电动,18.6,0,,0,1,398,172.9,4
2025-09-04,M-O01,油压,16.0,0,,0,3,473,199.6,0
2025-09-04,M-O02,油压,14.2,0,,0,2,306,214.2,1
2025-09-04,M-O03,油压,17.9,0,,0.2,2,203,393.3,4
2025-09-04,M-O04,油压,16.6,0,,0,1,575,418.4,3
2025-09-04,M-O05,油压,15.4,0,,0,1,443,456.9,0
2025-09-04,M-O06,油压,14.0,0,,0,1,561,494.3,1
2025-09-04,M-O07,油压,17.1,0,,0,1,449,548.8,0
2025-09-04,M-O08,油压,13.1,0,,0,2,449,687.4,4
2025-09-04,M-O09,油压,17.0,0,,0,1,517,911.9,1
2025-09-04,M-D01,双色旋转,15.9,0,,0,3,418,145.9,1
2025-09-04,M-D02,双色旋转,15.7,0,,0,1,439,492.2,0
2025-09-04,M-D03,双色旋转,13.9,0,,0,1,128,520.4,0
2025-09-04,M-T01,两板,13.8,0,,0,3,158,41.7,1
2025-09-04,M-T02,两板,15.4,0,,0,1,577,377.6,0
2025-09-04,M-T03,两板,17.2,1.7,液压系统,0,2,557,843.1,3
2025-09-04,M-T04,两板,14.1,0,,0.2,3,440,1041.1,0
2025-09-05,M-E01,全电动,15.5,0,,0,1,358,29.0,1
2025-09-05,M-E02,全电动,13.2,0,,0,3,271,24.3,2
2025-09-05,M-E03,全电动,14.8,0,,0,3,196,37.8,4
2025-09-05,M-E04,全电动,13.3,0,,0,1,316,43.5,1
2025-09-05,M-E05,全电动,14.9,0,,0,1,467,60.6,3
2025-09-05,M-E06,全电动,13.8,0,,0,3,547,48.3,3
2025-09-05,M-E07,全电动,15.9,0,,0,3,573,62.9,2
2025-09-05,M-E08,全电动,14.9,0,,0,2,267,78.2,1
2025-09-05,M-E09,全电动,15.1,0,,0,3,82,109.4,2
2025-09-05,M-E10,全电动,14.0,0,,0,2,540,116.9,3
2025-09-05,M-E11,全电动,18.7,0,,0,2,589,194.1,1
2025-09-05,M-E12,全电动,15.1,0,,0,1,573,151.2,2
2025-09-05,M-E13,全电动,13.3,0,,0.4,1,394,148.4,3
2025-09-05,M-O01,油压,14.8,0,,0,4,253,243.4,0
2025-09-05,M-O02,油压,13.9,0,,0.1,1,419,216.9,0
2025-09-05,M-O03,油压,17.9,0,,0,3,543,327.0,3
2025-09-05,M-O04,油压,14.6,0,,0,1,211,327.1,3
2025-09-05,M-O05,油压,18.6,0,,0,3,354,518.7,0
2025-09-05,M-O06,油压,16.7,0,,0,4,565,478.9,3
2025-09-05,M-O07,油压,16.2,0,,0.0,2,346,578.7,3
2025-09-05,M-O08,油压,15.2,0,,0.2,2,377,695.1,4
2025-09-05,M-O09,油压,18.3,0,,0,1,437,910.1,2
2025-09-05,M-D01,双色旋转,17.8,0,,0.4,2,591,163.7,1
2025-09-05,M-D02,双色旋转,15.5,0,,0.5,3,452,419.0,1
2025-09-05,M-D03,双色旋转,14.5,0,,0,2,141,445.6,4
2025-09-05,M-T01,两板,15.6,0,,0,2,502,54.2,1
2025-09-05,M-T02,两板,16.4,0,,0,1,393,485.5,1
2025-09-05,M-T03,两板,18.0,0,,0,3,515,1208.6,0
2025-09-05,M-T04,两板,18.4,0,,0,3,268,1375.9,3
2025-09-06,M-E01,全电动,18.2,0,,0,2,481,38.2,1
2025-09-06,M-E02,全电动,13.6,0,,0,1,480,27.9,2
2025-09-06,M-E03,全电动,16.3,0,,0,1,504,43.5,4
2025-09-06,M-E04,全电动,17.8,0,,0,3,431,46.0,1
2025-09-06,M-E05,全电动,17.0,0,,0,3,560,72.5,2
2025-09-06,M-E06,全电动,17.7,0,,0,2,321,53.2,0
2025-09-06,M-E07,全电动,13.6,0,,0,2,403,67.8,2
2025-09-06,M-E08,全电动,15.2,0,,0.1,2,461,90.6,3
2025-09-06,M-E09,全电动,14.2,0,,0,3,228,80.6,4
2025-09-06,M-E10,全电动,17.1,0,,0,2,80,129.0,0
2025-09-06,M-E11,全电动,18.7,0,,0,2,494,192.7,4
2025-09-06,M-E12,全电动,16.7,0,,0,3,314,194.7,0
2025-09-06,M-E13,全电动,14.8,0,,0,2,543,187.6,1
2025-09-06,M-O01,油压,14.6,0,,0,3,96,167.5,2
2025-09-06,M-O02,油压,18.4,0,,0,2,161,287.9,2
2025-09-06,M-O03,油压,17.6,0,,0.0,1,570,321.8,2
2025-09-06,M-O04,油压,14.6,0,,0.0,4,549,411.8,3
2025-09-06,M-O05,油压,16.6,0,,0,4,361,511.2,3
2025-09-06,M-O06,油压,15.0,0,,0,3,113,393.8,4
2025-09-06,M-O07,油压,16.1,0,,0,1,429,688.2,3
2025-09-06,M-O08,油压,15.3,0,,0,1,583,653.7,1
2025-09-06,M-O09,油压,15.3,0,,0,2,361,911.9,3
2025-09-06,M-D01,双色旋转,16.8,0,,0,1,435,138.6,2
2025-09-06,M-D02,双色旋转,17.0,0,,0.4,3,531,528.8,4
2025-09-06,M-D03,双色旋转,15.3,0,,0,1,527,399.2,1
2025-09-06,M-T01,两板,16.2,0,,0,1,84,60.0,2
2025-09-06,M-T02,两板,12.5,0.7,加热系统,0,3,119,265.1,2
2025-09-06,M-T03,两板,17.0,0,,0,1,481,866.8,2
2025-09-06,M-T04,两板,14.9,0,,0,1,117,1136.7,1
2025-09-07,M-E01,全电动,15.3,0,,0,1,280,26.5,0
2025-09-07,M-E02,全电动,13.5,0,,0,3,288,23.2,1
2025-09-07,M-E03,全电动,15.0,0,,0,2,200,49.4,0
2025-09-07,M-E04,全电动,14.1,0,,0,1,105,44.6,2
2025-09-07,M-E05,全电动,18.1,0,,0,4,222,64.9,0
2025-09-07,M-E06,全电动,15.7,0,,0,3,268,56.3,3
2025-09-07,M-E07,全电动,14.6,0,,0,2,214,65.2,0
2025-09-07,M-E08,全电动,16.1,0,,0,2,392,96.0,3
2025-09-07,M-E09,全电动,17.2,0,,0.5,2,590,141.0,1
2025-09-07,M-E10,全电动,17.7,0,,0,2,500,135.0,4
2025-09-07,M-E11,全电动,15.1,0,,0,1,152,115.1,2
2025-09-07,M-E12,全电动,14.2,0,,0.2,2,279,150.7,4
2025-09-07,M-E13,全电动,16.9,0,,0,2,86,177.9,4
2025-09-07,M-O01,油压,14.9,0,,0.2,3,91,248.1,3
2025-09-07,M-O02,油压,17.1,0,,0,3,415,224.9,0
2025-09-07,M-O03,油压,15.6,0,,0,1,518,290.9,4
2025-09-07,M-O04,油压,15.2,0,,0,3,531,344.0,3
2025-09-07,M-O05,油压,17.4,0,,0,3,542,376.3,0
2025-09-07,M-O06,油压,13.5,0,,0,1,467,458.1,4
2025-09-07,M-O07,油压,14.599999999999998,2.8,模具问题,0.0,4,85,480.0,4
2025-09-07,M-O08,油压,15.3,0,,0,2,164,645.0,2
2025-09-07,M-O09,油压,16.1,0,,0,3,383,968.1,2
2025-09-07,M-D01,双色旋转,13.6,0,,0,1,479,141.6,4
2025-09-07,M-D02,双色旋转,13.0,0,,0,1,367,448.6,4
2025-09-07,M-D03,双色旋转,16.3,0,,0,3,130,602.2,4
2025-09-07,M-T01,两板,17.1,0,,0,1,406,48.0,2
2025-09-07,M-T02,两板,15.7,0,,0,3,449,360.3,3
2025-09-07,M-T03,两板,18.5,0,,0,2,137,885.7,4
2025-09-07,M-T04,两板,17.3,0,,0.5,1,172,1149.3,2
2025-09-08,M-E01,全电动,18.2,0,,0,5,382,39.0,0
2025-09-08,M-E02,全电动,18.2,0,,0,1,384,28.3,2
2025-09-08,M-E03,全电动,18.2,0,,0,2,228,56.9,2
2025-09-08,M-E04,全电动,15.8,0,,0,2,213,37.6,0
2025-09-08,M-E05,全电动,13.5,0,,0,2,166,59.9,2
2025-09-08,M-E06,全电动,19.0,0,,0,3,558,59.8,1
2025-09-08,M-E07,全电动,13.6,0,,0,1,378,73.3,3
2025-09-08,M-E08,全电动,13.9,0,,0,3,551,88.6,0
2025-09-08,M-E09,全电动,13.1,0,,0,2,360,89.8,0
2025-09-08,M-E10,全电动,13.5,0,,0,2,512,121.0,2
2025-09-08,M-E11,全电动,14.9,0,,0,1,238,151.5,2
2025-09-08,M-E12,全电动,14.0,0,,0,1,441,163.3,0
2025-09-08,M-E13,全电动,16.1,0,,0,2,405,149.6,0
2025-09-08,M-O01,油压,13.3,0,,0,1,314,203.3,4
2025-09-08,M-O02,油压,18.8,0,,0,2,229,291.6,4
2025-09-08,M-O03,油压,15.7,0,,0.2,2,520,347.9,4
2025-09-08,M-O04,油压,18.4,0,,0,3,211,381.9,1
2025-09-08,M-O05,油压,15.3,0,,0,3,202,470.5,1
2025-09-08,M-O06,油压,16.6,0,,0,3,224,420.9,3
2025-09-08,M-O07,油压,13.2,0,,0,1,196,582.7,0
2025-09-08,M-O08,油压,16.900000000000002,0.9,电气故障,0,2,282,861.0,4
2025-09-08,M-O09,油压,17.2,0,,0.1,2,283,789.3,4
2025-09-08,M-D01,双色旋转,18.2,0,,0,2,263,142.8,4
2025-09-08,M-D02,双色旋转,13.1,0.9,液压系统,0.2,2,591,457.3,0
2025-09-08,M-D03,双色旋转,14.7,0,,0,1,154,454.4,2
2025-09-08,M-T01,两板,14.5,2.0,模具问题,0.0,3,227,49.4,3
2025-09-08,M-T02,两板,14.4,0,,0,1,371,331.1,2
2025-09-08,M-T03,两板,16.2,0,,0,3,470,1024.6,3
2025-09-08,M-T04,两板,13.2,0,,0,3,146,1048.5,2
2025-09-09,M-E01,全电动,16.1,0,,0,2,481,36.6,3
2025-09-09,M-E02,全电动,13.5,0,,0,2,288,25.0,1
2025-09-09,M-E03,全电动,16.5,0,,0,2,154,43.9,3
2025-09-09,M-E04,全电动,16.7,0,,0,4,104,43.4,0
2025-09-09,M-E05,全电动,17.7,0,,0,3,223,70.3,4
2025-09-09,M-E06,全电动,13.6,0,,0,3,431,46.6,2
2025-09-09,M-E07,全电动,14.9,0,,0.0,3,473,65.8,1
2025-09-09,M-E08,全电动,18.5,0,,0.2,2,547,85.6,1
2025-09-09,M-E09,全电动,13.5,0,,0,1,560,93.4,1
2025-09-09,M-E10,全电动,18.3,0,,0,3,297,167.6,1
2025-09-09,M-E11,全电动,16.3,0,,0,2,241,137.1,3
2025-09-09,M-E12,全电动,17.9,0,,0,1,187,212.1,3
2025-09-09,M-E13,全电动,14.0,0,,0.4,2,294,165.9,0
2025-09-09,M-O01,油压,17.0,0,,0.3,2,452,236.6,4
2025-09-09,M-O02,油压,16.6,0,,0,2,486,309.7,2
2025-09-09,M-O03,油压,18.9,0,,0,2,569,367.2,3
2025-09-09,M-O04,油压,18.1,0,,0,2,143,354.6,4
2025-09-09,M-O05,油压,16.7,0,,0.5,3,458,523.9,1
2025-09-09,M-O06,油压,15.7,0,,0.5,1,218,438.5,3
2025-09-09,M-O07,油压,13.7,0,,0,3,243,440.7,0
2025-09-09,M-O08,油压,15.7,0,,0.3,2,373,777.6,1
2025-09-09,M-O09,油压,17.1,0,,0,3,234,693.1,3
2025-09-09,M-D01,双色旋转,17.8,0,,0,1,333,136.8,0
2025-09-09,M-D02,双色旋转,14.7,0,,0,3,449,437.9,0
2025-09-09,M-D03,双色旋转,18.1,0,,0.0,1,460,590.3,3
2025-09-09,M-T01,两板,16.1,0,,0,1,322,43.9,2
2025-09-09,M-T02,两板,15.2,0,,0,1,388,304.6,0
2025-09-09,M-T03,两板,15.3,0,,0,2,279,978.1,0
2025-09-09,M-T04,两板,15.7,0,,0,2,598,1382.3,0
2025-09-10,M-E01,全电动,16.2,0,,0,2,347,34.1,1
2025-09-10,M-E02,全电动,13.4,0,,0,1,259,23.5,2
2025-09-10,M-E03,全电动,18.6,0,,0,3,215,56.3,2
2025-09-10,M-E04,全电动,18.1,0,,0,1,438,55.1,4
2025-09-10,M-E05,全电动,14.0,0,,0,1,268,51.4,2
2025-09-10,M-E06,全电动,18.9,0,,0,3,146,66.1,2
2025-09-10,M-E07,全电动,17.6,0,,0,1,355,80.3,4
2025-09-10,M-E08,全电动,17.2,0,,0,1,84,108.5,3
2025-09-10,M-E09,全电动,16.2,0,,0,2,575,100.4,3
2025-09-10,M-E10,全电动,18.3,0,,0,2,586,119.8,2
2025-09-10,M-E11,全电动,15.5,0,,0,1,521,129.1,0
2025-09-10,M-E12,全电动,14.5,0,,0,2,280,154.5,1
2025-09-10,M-E13,全电动,14.9,0,,0,2,377,133.8,2
2025-09-10,M-O01,油压,15.6,0,,0,2,161,265.4,3
2025-09-10,M-O02,油压,18.2,0,,0,1,89,291.8,4
2025-09-10,M-O03,油压,13.5,0,,0,1,135,246.3,4
2025-09-10,M-O04,油压,17.9,0,,0,2,215,505.8,4
2025-09-10,M-O05,油压,13.4,0,,0,2,477,405.4,4
2025-09-10,M-O06,油压,16.6,0,,0,2,319,526.7,0
2025-09-10,M-O07,油压,18.5,0,,0,1,279,603.7,3
2025-09-10,M-O08,油压,16.7,0,,0.1,3,253,729.2,4
2025-09-10,M-O09,油压,18.6,0,,0,3,433,792.6,0
2025-09-10,M-D01,双色旋转,14.5,0,,0.3,2,209,138.6,3
2025-09-10,M-D02,双色旋转,14.8,0,,0,2,399,479.4,3
2025-09-10,M-D03,双色旋转,18.3,0,,0,3,499,599.6,1
2025-09-10,M-T01,两板,14.8,0,,0,4,228,41.6,3
2025-09-10,M-T02,两板,16.3,0,,0,1,285,425.6,2
2025-09-10,M-T03,两板,17.3,0,,0,3,326,917.9,3
2025-09-10,M-T04,两板,17.6,0,,0,3,288,1400.2,3
2025-09-11,M-E01,全电动,15.7,0,,0,3,180,25.1,1
2025-09-11,M-E02,全电动,17.3,0,,0,4,159,29.2,0
2025-09-11,M-E03,全电动,13.0,0,,0.0,1,333,44.0,2
2025-09-11,M-E04,全电动,17.6,0,,0,2,256,41.2,3
2025-09-11,M-E05,全电动,18.4,0,,0,2,246,57.0,1
2025-09-11,M-E06,全电动,19.0,0,,0,2,82,71.2,3
2025-09-11,M-E07,全电动,17.0,0,,0,1,282,70.1,2
2025-09-11,M-E08,全电动,13.4,0,,0,2,183,66.9,4
2025-09-11,M-E09,全电动,13.5,0,,0,1,470,79.3,2
2025-09-11,M-E10,全电动,13.8,0,,0,2,389,99.8,3
2025-09-11,M-E11,全电动,14.1,0,,0.4,1,329,102.4,3
2025-09-11,M-E12,全电动,13.8,0,,0,3,97,150.3,0
2025-09-11,M-E13,全电动,13.8,0,,0.1,1,255,128.0,4
2025-09-11,M-O01,油压,18.6,0,,0,2,558,235.2,4
2025-09-11,M-O02,油压,17.2,0,,0,3,396,219.7,1
2025-09-11,M-O03,油压,15.9,0,,0,2,576,308.5,1
2025-09-11,M-O04,油压,17.1,0,,0,3,100,471.3,0
2025-09-11,M-O05,油压,18.7,0,,0,4,100,529.6,2
2025-09-11,M-O06,油压,13.8,0,,0,2,506,421.6,3
2025-09-11,M-O07,油压,15.7,0,,0,1,490,607.9,3
2025-09-11,M-O08,油压,17.5,0,,0,1,367,825.1,4
2025-09-11,M-O09,油压,15.1,0,,0,2,569,825.6,4
2025-09-11,M-D01,双色旋转,14.7,0,,0.1,3,97,135.1,3
2025-09-11,M-D02,双色旋转,15.4,0,,0,2,176,497.7,0
2025-09-11,M-D03,双色旋转,14.6,0,,0.1,3,235,385.8,3
2025-09-11,M-T01,两板,14.4,0,,0,2,555,53.2,1
2025-09-11,M-T02,两板,13.3,0,,0,2,408,360.2,3
2025-09-11,M-T03,两板,18.7,0,,0,3,399,1270.0,2
2025-09-11,M-T04,两板,18.0,0,,0.4,2,162,1349.4,0
2025-09-12,M-E01,全电动,15.0,0,,0,1,229,32.3,4
2025-09-12,M-E02,全电动,16.5,0,,0,4,251,31.1,1
2025-09-12,M-E03,全电动,19.0,0,,0,3,494,44.6,2
2025-09-12,M-E04,全电动,18.1,0,,0,1,480,61.2,0
2025-09-12,M-E05,全电动,15.6,0,,0,1,406,52.8,1
2025-09-12,M-E06,全电动,15.3,0,,0.0,2,120,54.5,3
2025-09-12,M-E07,全电动,15.1,0,,0,4,243,71.4,1
2025-09-12,M-E08,全电动,16.0,0,,0,3,564,79.8,3
2025-09-12,M-E09,全电动,17.5,0,,0,1,181,127.2,3
2025-09-12,M-E10,全电动,14.4,0,,0,2,168,105.6,4
2025-09-12,M-E11,全电动,17.2,0,,0,2,346,141.6,1
2025-09-12,M-E12,全电动,16.0,0,,0,2,547,166.6,4
2025-09-12,M-E13,全电动,13.2,0,,0,3,387,143.1,0
2025-09-12,M-O01,油压,14.1,0,,0,2,516,205.3,2
2025-09-12,M-O02,油压,17.2,0,,0,2,218,246.0,3
2025-09-12,M-O03,油压,15.8,0,,0,3,405,356.7,0
2025-09-12,M-O04,油压,17.9,0,,0,3,163,463.6,3
2025-09-12,M-O05,油压,14.0,0,,0,3,183,390.0,1
2025-09-12,M-O06,油压,18.4,0,,0,2,481,524.7,1
2025-09-12,M-O07,油压,13.3,0,,0,3,423,471.8,4
2025-09-12,M-O08,油压,16.0,0,,0,2,152,785.0,4
2025-09-12,M-O09,油压,17.8,0,,0,4,539,815.5,4
2025-09-12,M-D01,双色旋转,15.5,0,,0,1,442,124.3,3
2025-09-12,M-D02,双色旋转,15.7,0,,0,2,326,420.8,1
2025-09-12,M-D03,双色旋转,18.0,0,,0,1,312,563.6,3
2025-09-12,M-T01,两板,16.8,0,,0.4,3,546,48.5,0
2025-09-12,M-T02,两板,13.4,0,,0,1,488,273.5,1
2025-09-12,M-T03,两板,18.2,0,,0,1,211,867.3,4
2025-09-12,M-T04,两板,14.7,0,,0,2,589,1024.8,0
2025-09-13,M-E01,全电动,15.9,0,,0.5,2,243,34.6,2
2025-09-13,M-E02,全电动,18.8,0,,0,2,338,33.6,0
2025-09-13,M-E03,全电动,16.5,0,,0.2,1,404,37.4,0
2025-09-13,M-E04,全电动,16.1,2.5,液压系统,0,3,429,38.4,1
2025-09-13,M-E05,全电动,13.2,0,,0,2,289,56.6,3
2025-09-13,M-E06,全电动,14.3,0,,0,1,508,64.5,3
2025-09-13,M-E07,全电动,17.3,0,,0.2,1,442,76.7,4
2025-09-13,M-E08,全电动,17.1,0,,0,3,241,90.1,2
2025-09-13,M-E09,全电动,16.8,0,,0.4,1,509,131.1,2
2025-09-13,M-E10,全电动,18.5,0,,0,2,338,127.3,4
2025-09-13,M-E11,全电动,13.8,0,,0,1,118,97.8,3
2025-09-13,M-E12,全电动,13.7,0,,0,2,243,149.6,2
2025-09-13,M-E13,全电动,17.7,0,,0,1,426,175.4,4
2025-09-13,M-O01,油压,16.5,0,,0,1,87,234.9,4
2025-09-13,M-O02,油压,16.3,0,,0,2,462,285.5,1
2025-09-13,M-O03,油压,16.7,0,,0,2,160,253.8,1
2025-09-13,M-O04,油压,15.5,0,,0,1,135,398.8,1
2025-09-13,M-O05,油压,15.0,0,,0,3,233,333.3,2
2025-09-13,M-O06,油压,17.2,0,,0,2,253,463.7,4
2025-09-13,M-O07,油压,17.0,0,,0,1,91,709.6,3
2025-09-13,M-O08,油压,13.7,0,,0,2,330,707.2,3
2025-09-13,M-O09,油压,16.0,0,,0,1,531,748.8,2
2025-09-13,M-D01,双色旋转,16.6,0,,0,1,371,152.7,2
2025-09-13,M-D02,双色旋转,17.8,0,,0,3,183,569.6,1
2025-09-13,M-D03,双色旋转,14.1,0,,0,2,236,407.0,1
2025-09-13,M-T01,两板,17.1,0,,0,4,457,45.9,4
2025-09-13,M-T02,两板,14.3,0,,0.2,1,513,297.6,4
2025-09-13,M-T03,两板,15.9,0,,0,2,333,1071.1,0
2025-09-13,M-T04,两板,14.8,0,,0,1,207,1165.8,3
2025-09-14,M-E01,全电动,13.9,0,,0.1,3,319,28.8,1
2025-09-14,M-E02,全电动,13.3,0,,0,4,449,21.4,2
2025-09-14,M-E03,全电动,16.0,0,,0,3,312,44.0,2
2025-09-14,M-E04,全电动,14.6,0,,0,1,565,40.2,3
2025-09-14,M-E05,全电动,14.9,0,,0,3,90,62.9,2
2025-09-14,M-E06,全电动,15.8,0,,0,1,338,55.2,0
2025-09-14,M-E07,全电动,14.2,0,,0,1,470,73.5,2
2025-09-14,M-E08,全电动,14.5,0,,0,2,569,72.8,4
2025-09-14,M-E09,全电动,16.8,0,,0.4,1,189,137.1,3
2025-09-14,M-E10,全电动,18.9,0,,0,3,527,131.6,0
2025-09-14,M-E11,全电动,13.9,0,,0,2,158,141.0,0
2025-09-14,M-E12,全电动,17.8,0,,0,3,263,173.5,4
2025-09-14,M-E13,全电动,13.9,0,,0,1,500,131.0,3
2025-09-14,M-O01,油压,13.4,0,,0.3,2,514,161.9,0
2025-09-14,M-O02,油压,17.4,0,,0,2,480,223.4,2
2025-09-14,M-O03,油压,13.6,0,,0,1,106,221.3,3
2025-09-14,M-O04,油压,16.9,0,,0,2,260,473.3,4
2025-09-14,M-O05,油压,15.6,0,,0,1,479,376.6,0
2025-09-14,M-O06,油压,13.1,0,,0,2,360,438.6,3
2025-09-14,M-O07,油压,17.4,0,,0,2,460,553.2,2
2025-09-14,M-O08,油压,17.9,0,,0,2,186,733.7,1
2025-09-14,M-O09,油压,17.4,0,,0,1,577,730.1,3
2025-09-14,M-D01,双色旋转,13.2,0,,0,1,240,139.0,1
2025-09-14,M-D02,双色旋转,18.1,0,,0,2,437,456.8,0
2025-09-14,M-D03,双色旋转,16.8,0,,0,2,535,571.2,1
2025-09-14,M-T01,两板,16.4,0,,0,1,230,53.4,1
2025-09-14,M-T02,两板,18.9,0,,0,2,471,398.6,2
2025-09-14,M-T03,两板,11.5,3.8,模具问题,0,1,492,648.8,4
2025-09-14,M-T04,两板,16.8,0,,0,4,356,1537.4,4
2025-09-15,M-E01,全电动,16.7,0,,0,2,225,31.8,3
2025-09-15,M-E02,全电动,17.3,0,,0,2,237,26.1,4
2025-09-15,M-E03,全电动,16.8,0,,0,2,345,50.5,4
2025-09-15,M-E04,全电动,15.3,0,,0,1,212,38.5,0
2025-09-15,M-E05,全电动,16.9,0,,0,1,262,64.4,1
2025-09-15,M-E06,全电动,15.2,0,,0,2,478,63.2,2
2025-09-15,M-E07,全电动,13.2,0,,0,2,143,51.4,0
2025-09-15,M-E08,全电动,13.0,0,,0,1,586,82.1,3
2025-09-15,M-E09,全电动,18.7,0,,0,3,524,153.1,2
2025-09-15,M-E10,全电动,16.1,0,,0,3,142,112.4,3
2025-09-15,M-E11,全电动,13.2,0,,0,2,182,140.1,1
2025-09-15,M-E12,全电动,16.3,0,,0,1,394,164.3,1
2025-09-15,M-E13,全电动,18.1,0,,0.4,2,538,212.5,2
2025-09-15,M-O01,油压,14.3,0,,0,1,240,184.6,3
2025-09-15,M-O02,油压,15.7,0,,0,1,262,245.1,1
2025-09-15,M-O03,油压,16.7,0,,0,1,288,304.4,4
2025-09-15,M-O04,油压,16.4,0,,0.4,2,178,355.1,0
2025-09-15,M-O05,油压,13.2,0,,0,2,193,317.5,1
2025-09-15,M-O06,油压,14.4,0,,0.3,3,451,501.9,0
2025-09-15,M-O07,油压,16.200000000000003,0.9,加热系统,0.4,3,505,505.5,2
2025-09-15,M-O08,油压,14.6,0,,0,2,409,681.0,2
2025-09-15,M-O09,油压,15.2,0,,0,2,435,892.3,3
2025-09-15,M-D01,双色旋转,16.4,0,,0.5,2,171,162.3,0
2025-09-15,M-D02,双色旋转,13.1,0,,0,1,556,481.6,2
2025-09-15,M-D03,双色旋转,18.3,0,,0,1,375,563.9,4
2025-09-15,M-T01,两板,16.0,0,,0,1,553,55.8,0
2025-09-15,M-T02,两板,15.4,0,,0,3,186,352.4,3
2025-09-15,M-T03,两板,18.7,0,,0,2,355,953.9,2
2025-09-15,M-T04,两板,17.7,0,,0,1,586,1514.4,0
2025-09-16,M-E01,全电动,16.3,0,,0,3,125,31.4,1
2025-09-16,M-E02,全电动,15.7,0,,0,2,188,32.8,1
2025-09-16,M-E03,全电动,18.2,0,,0,3,576,41.8,4
2025-09-16,M-E04,全电动,15.4,0,,0,2,422,41.3,3
2025-09-16,M-E05,全电动,13.5,0,,0,3,495,52.4,3
2025-09-16,M-E06,全电动,13.3,0,,0.3,3,263,55.9,0
2025-09-16,M-E07,全电动,13.4,0,,0,2,503,67.5,1
2025-09-16,M-E08,全电动,15.6,0,,0,2,419,89.7,1
2025-09-16,M-E09,全电动,16.8,0,,0,3,305,110.8,2
2025-09-16,M-E10,全电动,16.3,0,,0.4,2,352,151.1,2
2025-09-16,M-E11,全电动,15.1,0,,0,3,179,121.5,2
2025-09-16,M-E12,全电动,18.8,0,,0,2,434,185.9,3
2025-09-16,M-E13,全电动,13.2,0,,0,2,342,155.9,2
2025-09-16,M-O01,油压,15.5,0,,0.2,1,175,187.4,1
2025-09-16,M-O02,油压,14.0,0,,0,1,141,220.7,2
2025-09-16,M-O03,油压,18.5,0,,0,2,332,338.2,2
2025-09-16,M-O04,油压,14.1,0,,0,3,175,291.1,0
2025-09-16,M-O05,油压,16.3,0,,0,2,588,430.7,3
2025-09-16,M-O06,油压,15.4,0,,0,2,390,453.7,0
2025-09-16,M-O07,油压,17.9,0,,0,2,100,549.0,2
2025-09-16,M-O08,油压,18.4,0,,0.1,2,188,757.8,4
2025-09-16,M-O09,油压,17.7,0,,0.2,1,420,813.8,1
2025-09-16,M-D01,双色旋转,18.6,0,,0,1,413,175.5,2
2025-09-16,M-D02,双色旋转,17.9,0,,0,1,362,648.0,2
2025-09-16,M-D03,双色旋转,14.2,0,,0,3,592,462.4,4
2025-09-16,M-T01,两板,11.7,2.2,液压系统,0,3,589,31.1,0
2025-09-16,M-T02,两板,16.3,0,,0,1,150,348.5,2
2025-09-16,M-T03,两板,13.3,0,,0,1,534,711.5,3
2025-09-16,M-T04,两板,14.8,0,,0,2,387,983.8,0
2025-09-17,M-E01,全电动,13.8,0,,0,2,426,21.0,2
2025-09-17,M-E02,全电动,16.6,0,,0,2,215,36.1,0
2025-09-17,M-E03,全电动,17.1,0,,0,2,314,57.4,0
2025-09-17,M-E04,全电动,13.3,0,,0,2,171,37.2,4
2025-09-17,M-E05,全电动,18.5,0,,0,2,98,74.5,1
2025-09-17,M-E06,全电动,17.0,0,,0,2,101,62.7,0
2025-09-17,M-E07,全电动,17.1,0,,0,2,339,73.1,0
2025-09-17,M-E08,全电动,13.8,0,,0,2,506,63.1,2
2025-09-17,M-E09,全电动,18.3,0,,0,3,545,107.7,0
2025-09-17,M-E10,全电动,13.9,0,,0,1,492,91.1,1
2025-09-17,M-E11,全电动,14.8,0,,0.5,2,133,112.2,1
2025-09-17,M-E12,全电动,18.3,0,,0,2,585,185.8,3
2025-09-17,M-E13,全电动,16.5,0,,0.4,3,580,145.7,0
2025-09-17,M-O01,油压,16.7,0,,0,3,315,230.2,0
2025-09-17,M-O02,油压,15.3,0,,0,3,494,221.2,4
2025-09-17,M-O03,油压,15.2,0,,0,2,584,327.3,0
2025-09-17,M-O04,油压,17.6,0,,0,2,82,343.5,1
2025-09-17,M-O05,油压,18.0,0,,0,1,346,461.3,4
2025-09-17,M-O06,油压,16.1,0,,0,1,195,605.2,3
2025-09-17,M-O07,油压,17.3,0,,0,1,423,690.2,2
2025-09-17,M-O08,油压,16.7,0,,0,1,524,832.5,4
2025-09-17,M-O09,油压,17.5,0,,0.4,2,489,1031.6,2
2025-09-17,M-D01,双色旋转,16.9,0,,0,2,348,124.0,3
2025-09-17,M-D02,双色旋转,19.0,0,,0,3,472,485.9,3
2025-09-17,M-D03,双色旋转,15.7,0,,0,1,247,477.0,3
2025-09-17,M-T01,两板,15.5,0,,0,1,514,52.0,1
2025-09-17,M-T02,两板,16.0,0,,0.5,1,225,363.2,0
2025-09-17,M-T03,两板,17.5,0,,0,3,349,959.4,2
2025-09-17,M-T04,两板,18.6,0,,0.4,2,456,1363.3,4
2025-09-18,M-E01,全电动,14.6,0,,0,1,195,22.8,1
2025-09-18,M-E02,全电动,14.1,0,,0,2,312,26.9,3
2025-09-18,M-E03,全电动,13.4,0,,0,2,213,30.9,1
2025-09-18,M-E04,全电动,15.1,0,,0.2,3,144,35.8,4
2025-09-18,M-E05,全电动,16.1,0,,0,1,311,70.8,0
2025-09-18,M-E06,全电动,17.3,0,,0.1,2,372,54.9,0
2025-09-18,M-E07,全电动,18.2,0,,0,1,590,90.6,2
2025-09-18,M-E08,全电动,16.8,0,,0.3,4,203,85.1,4
2025-09-18,M-E09,全电动,17.7,0,,0,2,147,122.4,3
2025-09-18,M-E10,全电动,17.0,0,,0,1,504,152.8,1
2025-09-18,M-E11,全电动,18.9,0,,0,4,345,157.5,3
2025-09-18,M-E12,全电动,17.2,0,,0,2,127,144.6,0
2025-09-18,M-E13,全电动,17.1,0,,0.0,3,370,198.8,2
2025-09-18,M-O01,油压,15.4,0,,0.3,3,510,177.1,0
2025-09-18,M-O02,油压,16.6,0,,0,3,548,277.9,4
2025-09-18,M-O03,油压,13.7,0,,0,1,429,269.7,3
2025-09-18,M-O04,油压,15.0,0,,0.2,3,310,383.9,1
2025-09-18,M-O05,油压,14.6,0,,0,2,358,435.4,2
2025-09-18,M-O06,油压,17.7,0,,0,3,91,606.7,1
2025-09-18,M-O07,油压,13.2,0,,0,3,421,470.4,3
2025-09-18,M-O08,油压,17.9,0,,0,2,290,789.4,4
2025-09-18,M-O09,油压,15.5,0,,0,1,105,712.1,3
2025-09-18,M-D01,双色旋转,17.3,0,,0,1,453,133.4,1
2025-09-18,M-D02,双色旋转,14.4,0,,0,3,472,422.8,0
2025-09-18,M-D03,双色旋转,17.6,0,,0,3,279,633.4,2
2025-09-18,M-T01,两板,17.2,0,,0,2,466,64.8,3
2025-09-18,M-T02,两板,15.9,0,,0,1,262,355.9,2
2025-09-18,M-T03,两板,17.9,0,,0,1,538,1034.5,0
2025-09-18,M-T04,两板,16.2,0,,0,2,418,1386.3,1
2025-09-19,M-E01,全电动,16.5,0,,0.2,2,581,30.1,3
2025-09-19,M-E02,全电动,14.1,0,,0,2,293,29.4,4
2025-09-19,M-E03,全电动,15.2,0,,0.4,1,534,34.5,1
2025-09-19,M-E04,全电动,16.8,0,,0,3,341,54.5,4
2025-09-19,M-E05,全电动,17.6,0,,0,3,362,56.8,2
2025-09-19,M-E06,全电动,13.3,0,,0,1,205,52.9,3
2025-09-19,M-E07,全电动,17.7,0,,0,3,513,97.2,4
2025-09-19,M-E08,全电动,14.5,0,,0,2,159,66.1,0
2025-09-19,M-E09,全电动,13.4,0,,0,1,546,107.2,3
2025-09-19,M-E10,全电动,17.0,0,,0,3,87,127.6,0
2025-09-19,M-E11,全电动,14.2,0,,0,2,219,133.7,1
2025-09-19,M-E12,全电动,18.6,0,,0,3,312,195.0,0
2025-09-19,M-E13,全电动,13.3,0,,0,3,553,171.1,0
2025-09-19,M-O01,油压,13.6,0,,0,4,439,224.9,1
2025-09-19,M-O02,油压,16.3,0.5,液压系统,0,2,169,271.7,0
2025-09-19,M-O03,油压,14.1,0,,0,1,232,320.7,2
2025-09-19,M-O04,油压,14.5,0,,0.5,1,140,353.7,1
2025-09-19,M-O05,油压,16.5,0,,0,2,469,462.2,3
2025-09-19,M-O06,油压,18.8,0,,0,2,267,520.8,3
2025-09-19,M-O07,油压,16.700000000000003,1.4,加热系统,0,3,94,758.5,3
2025-09-19,M-O08,油压,13.6,0,,0,3,572,688.7,3
2025-09-19,M-O09,油压,16.9,0,,0,2,203,862.2,1
2025-09-19,M-D01,双色旋转,16.4,0,,0,4,544,154.2,3
2025-09-19,M-D02,双色旋转,13.4,0,,0,3,99,369.6,0
2025-09-19,M-D03,双色旋转,18.2,0,,0,3,333,583.7,0
2025-09-19,M-T01,两板,17.9,0,,0.2,3,97,62.5,2
2025-09-19,M-T02,两板,13.500000000000002,3.6,模具问题,0,2,262,379.2,0
2025-09-19,M-T03,两板,18.9,0,,0,2,358,1216.6,0
2025-09-19,M-T04,两板,15.9,0,,0,2,182,1216.8,2
2025-09-20,M-E01,全电动,17.8,0,,0,1,296,35.5,2
2025-09-20,M-E02,全电动,14.4,0,,0,3,542,29.5,4
2025-09-20,M-E03,全电动,14.7,0,,0,3,85,46.9,1
2025-09-20,M-E04,全电动,18.9,0,,0,2,169,60.4,4
2025-09-20,M-E05,全电动,17.7,0,,0,2,128,62.1,2
2025-09-20,M-E06,全电动,16.7,0,,0,3,282,50.3,1
2025-09-20,M-E07,全电动,16.5,0,,0.3,2,443,90.7,3
2025-09-20,M-E08,全电动,16.8,0,,0,3,583,110.5,1
2025-09-20,M-E09,全电动,14.5,0,,0.0,2,409,115.9,3
2025-09-20,M-E10,全电动,13.0,0,,0,3,351,106.0,1
2025-09-20,M-E11,全电动,18.7,0,,0,1,333,154.6,3
2025-09-20,M-E12,全电动,13.3,0,,0,2,124,129.1,2
2025-09-20,M-E13,全电动,13.7,0,,0,2,310,130.3,3
2025-09-20,M-O01,油压,17.5,0,,0.4,3,88,223.2,0
2025-09-20,M-O02,油压,10.700000000000001,3.1,模具问题,0,3,307,142.1,2
2025-09-20,M-O03,油压,16.6,0,,0,3,192,279.9,3
2025-09-20,M-O04,油压,18.8,0,,0,1,494,417.7,2
2025-09-20,M-O05,油压,14.7,0,,0,1,390,336.2,1
2025-09-20,M-O06,油压,13.9,0,,0,4,322,355.6,1
2025-09-20,M-O07,油压,18.6,0,,0,2,521,776.6,2
2025-09-20,M-O08,油压,13.9,0,,0.3,1,401,524.6,4
2025-09-20,M-O09,油压,16.6,0,,0,1,458,786.9,0
2025-09-20,M-D01,双色旋转,17.4,0,,0,1,488,134.1,1
2025-09-20,M-D02,双色旋转,17.0,0,,0,3,425,446.2,1
2025-09-20,M-D03,双色旋转,16.2,0,,0,3,589,590.9,1
2025-09-20,M-T01,两板,16.7,0,,0,1,550,54.6,2
2025-09-20,M-T02,两板,18.7,0,,0,2,80,558.4,4
2025-09-20,M-T03,两板,15.2,0,,0,4,547,960.8,2
2025-09-20,M-T04,两板,18.8,0,,0,2,542,1202.8,3
2025-09-21,M-E01,全电动,13.7,0,,0,3,260,28.9,4
2025-09-21,M-E02,全电动,13.8,0,,0,3,487,28.3,0
2025-09-21,M-E03,全电动,14.8,0,,0.3,1,482,50.0,1
2025-09-21,M-E04,全电动,15.2,0,,0,3,490,38.9,4
2025-09-21,M-E05,全电动,17.9,0,,0,3,292,53.8,1
2025-09-21,M-E06,全电动,19.0,0,,0,1,254,74.0,2
2025-09-21,M-E07,全电动,18.8,0,,0,2,597,99.6,2
2025-09-21,M-E08,全电动,15.3,0,,0,1,206,104.1,1
2025-09-21,M-E09,全电动,16.6,0,,0.2,3,164,121.7,0
2025-09-21,M-E10,全电动,14.2,0,,0,3,202,130.7,4
2025-09-21,M-E11,全电动,18.1,0,,0.4,2,148,149.6,3
2025-09-21,M-E12,全电动,17.2,0,,0,2,165,180.8,3
2025-09-21,M-E13,全电动,15.5,0,,0,2,511,145.0,4
2025-09-21,M-O01,油压,16.4,0,,0,2,381,227.8,1
2025-09-21,M-O02,油压,14.5,0,,0,1,91,242.0,0
2025-09-21,M-O03,油压,15.1,0,,0,2,172,343.0,4
2025-09-21,M-O04,油压,17.0,0,,0,3,175,446.5,0
2025-09-21,M-O05,油压,17.4,0,,0.2,3,385,555.9,2
2025-09-21,M-O06,油压,15.2,0,,0,1,247,385.2,1
2025-09-21,M-O07,油压,16.3,0,,0,2,380,549.1,2
2025-09-21,M-O08,油压,14.1,0,,0.2,3,320,722.8,3
2025-09-21,M-O09,油压,18.4,0,,0,2,383,816.0,0
2025-09-21,M-D01,双色旋转,17.3,0,,0,3,524,164.9,2
2025-09-21,M-D02,双色旋转,16.1,0,,0,3,545,423.5,0
2025-09-21,M-D03,双色旋转,18.8,0,,0,3,480,626.4,0
2025-09-21,M-T01,两板,15.2,0,,0,2,599,56.0,0
2025-09-21,M-T02,两板,15.5,0,,0,2,327,369.2,2
2025-09-21,M-T03,两板,17.0,0,,0,2,137,792.5,3
2025-09-21,M-T04,两板,14.6,0,,0,2,434,1130.3,2
2025-09-22,M-E01,全电动,15.9,0,,0,2,492,27.9,4
2025-09-22,M-E02,全电动,16.9,0,,0,3,478,37.8,3
2025-09-22,M-E03,全电动,15.1,0,,0,2,297,50.7,3
2025-09-22,M-E04,全电动,14.0,0,,0,1,278,42.5,3
2025-09-22,M-E05,全电动,15.3,0,,0,2,461,68.6,2
2025-09-22,M-E06,全电动,13.9,0,,0.4,2,281,45.8,1
2025-09-22,M-E07,全电动,16.7,0,,0,1,548,67.3,1
2025-09-22,M-E08,全电动,18.9,0,,0.2,1,185,127.9,1
2025-09-22,M-E09,全电动,15.4,0,,0,5,148,117.6,0
2025-09-22,M-E10,全电动,17.4,0,,0,2,138,125.3,2
2025-09-22,M-E11,全电动,13.2,0,,0,2,545,127.5,1
2025-09-22,M-E12,全电动,16.2,0,,0,1,189,184.8,1
2025-09-22,M-E13,全电动,16.1,0,,0,2,82,161.2,0
2025-09-22,M-O01,油压,13.5,0,,0,1,505,180.6,4
2025-09-22,M-O02,油压,15.0,0,,0,2,141,236.5,3
2025-09-22,M-O03,油压,17.1,0,,0,3,99,354.1,3
2025-09-22,M-O04,油压,16.4,0,,0,1,237,338.7,2
2025-09-22,M-O05,油压,18.9,0,,0,3,163,610.4,4
2025-09-22,M-O06,油压,15.1,0,,0,2,343,565.0,2
2025-09-22,M-O07,油压,15.3,0,,0,3,270,650.5,0
2025-09-22,M-O08,油压,15.8,0,,0.3,1,555,677.4,3
2025-09-22,M-O09,油压,15.8,0,,0,2,559,719.3,2
2025-09-22,M-D01,双色旋转,17.3,0,,0,2,258,153.9,1
2025-09-22,M-D02,双色旋转,14.9,0,,0,4,561,469.1,1
2025-09-22,M-D03,双色旋转,13.6,0,,0,2,171,509.6,3
2025-09-22,M-T01,两板,15.8,0,,0,2,401,53.4,1
2025-09-22,M-T02,两板,17.5,0,,0.4,1,529,485.2,0
2025-09-22,M-T03,两板,15.6,0,,0,1,217,969.4,0
2025-09-22,M-T04,两板,17.3,0,,0,2,576,1223.8,1
2025-09-23,M-E01,全电动,18.3,0,,0,3,443,27.5,0
2025-09-23,M-E02,全电动,16.9,0,,0,2,471,32.3,0
2025-09-23,M-E03,全电动,16.9,0.5,电气故障,0,2,244,49.7,4
2025-09-23,M-E04,全电动,15.6,0,,0,2,87,37.9,4
2025-09-23,M-E05,全电动,14.7,0,,0,3,525,57.1,2
2025-09-23,M-E06,全电动,18.0,0,,0,2,216,66.3,0
2025-09-23,M-E07,全电动,15.1,0,,0,1,383,66.4,2
2025-09-23,M-E08,全电动,17.3,0,,0,3,161,115.0,0
2025-09-23,M-E09,全电动,18.6,0,,0,1,184,110.6,2
2025-09-23,M-E10,全电动,13.5,0,,0,2,143,95.2,4
2025-09-23,M-E11,全电动,14.0,0,,0,3,115,132.4,1
2025-09-23,M-E12,全电动,14.5,0,,0,1,400,153.8,0
2025-09-23,M-E13,全电动,14.0,3.8,加热系统,0,3,451,146.6,4
2025-09-23,M-O01,油压,16.0,0,,0,1,323,209.4,0
2025-09-23,M-O02,油压,15.4,0,,0,1,599,264.6,3
2025-09-23,M-O03,油压,15.4,0,,0.2,2,141,291.6,2
2025-09-23,M-O04,油压,18.1,0,,0,3,598,427.3,3
2025-09-23,M-O05,油压,16.9,0,,0,1,536,370.5,4
2025-09-23,M-O06,油压,18.1,0,,0,1,199,647.1,1
2025-09-23,M-O07,油压,18.3,0,,0,3,116,706.8,1
2025-09-23,M-O08,油压,16.7,0,,0,2,164,800.6,3
2025-09-23,M-O09,油压,13.1,0,,0,2,195,623.3,4
2025-09-23,M-D01,双色旋转,13.4,0,,0,2,129,115.2,2
2025-09-23,M-D02,双色旋转,15.7,0,,0,2,261,593.5,3
2025-09-23,M-D03,双色旋转,15.3,0,,0,2,352,460.6,3
2025-09-23,M-T01,两板,15.4,0,,0.0,2,519,58.4,1
2025-09-23,M-T02,两板,18.1,0,,0,1,123,395.9,0
2025-09-23,M-T03,两板,15.7,0,,0,2,256,1033.0,3
2025-09-23,M-T04,两板,13.5,0,,0.3,2,204,1123.2,3
2025-09-24,M-E01,全电动,18.2,0,,0,2,385,31.6,0
2025-09-24,M-E02,全电动,14.600000000000001,2.0,加热系统,0,3,434,30.0,0
2025-09-24,M-E03,全电动,16.8,0,,0,3,488,39.4,1
2025-09-24,M-E04,全电动,16.0,2.5,加热系统,0,2,367,49.8,4
2025-09-24,M-E05,全电动,17.6,0,,0,3,91,61.6,1
2025-09-24,M-E06,全电动,13.7,0,,0,1,263,58.3,1
2025-09-24,M-E07,全电动,15.8,0,,0,2,277,73.4,2
2025-09-24,M-E08,全电动,14.8,0,,0,1,188,99.0,1
2025-09-24,M-E09,全电动,14.6,0,,0,1,129,115.1,4
2025-09-24,M-E10,全电动,14.3,0,,0,1,359,121.7,3
2025-09-24,M-E11,全电动,13.8,0,,0,3,266,104.0,1
2025-09-24,M-E12,全电动,14.5,0,,0,3,364,121.4,1
2025-09-24,M-E13,全电动,16.2,0,,0.4,1,527,194.0,3
2025-09-24,M-O01,油压,17.2,0,,0,2,299,246.1,4
2025-09-24,M-O02,油压,17.6,0,,0.3,1,168,252.9,3
2025-09-24,M-O03,油压,18.5,0,,0,2,565,303.6,0
2025-09-24,M-O04,油压,18.3,0,,0,3,168,376.6,2
2025-09-24,M-O05,油压,15.9,0,,0,3,490,408.2,4
2025-09-24,M-O06,油压,16.8,0,,0,2,355,432.9,2
2025-09-24,M-O07,油压,14.2,0,,0.2,2,379,446.6,0
2025-09-24,M-O08,油压,17.7,0,,0,2,581,892.5,0
2025-09-24,M-O09,油压,16.3,0,,0.4,2,163,989.7,0
2025-09-24,M-D01,双色旋转,14.2,0,,0,4,381,105.8,4
2025-09-24,M-D02,双色旋转,16.1,0,,0,2,527,450.9,2
2025-09-24,M-D03,双色旋转,18.5,0,,0.4,2,82,646.7,0
2025-09-24,M-T01,两板,16.8,0,,0.5,2,563,57.2,1
2025-09-24,M-T02,两板,17.9,0,,0,3,128,361.7,1
2025-09-24,M-T03,两板,18.8,0,,0.1,3,259,958.9,4
2025-09-24,M-T04,两板,16.3,0,,0,2,85,1140.1,2
2025-09-25,M-E01,全电动,11.5,2.9,模具问题,0,3,219,22.9,2
2025-09-25,M-E02,全电动,18.3,0,,0,1,439,35.5,1
2025-09-25,M-E03,全电动,17.3,0,,0.4,2,109,53.6,2
2025-09-25,M-E04,全电动,17.1,0,,0,3,400,42.9,3
2025-09-25,M-E05,全电动,17.0,0,,0.4,1,544,75.0,1
2025-09-25,M-E06,全电动,13.8,0,,0,1,95,61.2,2
2025-09-25,M-E07,全电动,18.3,0,,0,3,540,74.9,4
2025-09-25,M-E08,全电动,17.8,0,,0,2,472,102.9,2
2025-09-25,M-E09,全电动,16.0,0,,0,4,550,88.6,2
2025-09-25,M-E10,全电动,15.4,0,,0,4,247,110.8,4
2025-09-25,M-E11,全电动,15.3,0,,0,2,431,114.4,3
2025-09-25,M-E12,全电动,15.2,0,,0.1,1,148,144.1,2
2025-09-25,M-E13,全电动,17.4,0,,0,2,519,222.4,3
2025-09-25,M-O01,油压,17.1,0,,0,2,271,262.8,4
2025-09-25,M-O02,油压,13.4,0,,0,1,210,195.2,0
2025-09-25,M-O03,油压,14.2,0,,0.4,2,303,241.2,0
2025-09-25,M-O04,油压,16.0,0,,0,4,230,390.4,1
2025-09-25,M-O05,油压,18.9,0,,0.5,2,349,407.4,3
2025-09-25,M-O06,油压,14.7,2.3,传感器异常,0,2,452,485.6,4
2025-09-25,M-O07,油压,18.2,0,,0,1,311,548.7,3
2025-09-25,M-O08,油压,13.7,0,,0.1,3,325,604.5,2
2025-09-25,M-O09,油压,14.5,0,,0,2,535,829.8,4
2025-09-25,M-D01,双色旋转,15.2,0,,0,2,493,108.8,3
2025-09-25,M-D02,双色旋转,18.1,0,,0,2,518,501.1,4
2025-09-25,M-D03,双色旋转,17.1,0,,0,2,584,454.1,1
2025-09-25,M-T01,两板,18.0,0,,0,2,513,53.3,2
2025-09-25,M-T02,两板,14.8,0,,0,2,516,330.4,3
2025-09-25,M-T03,两板,15.7,0,,0,3,200,828.3,4
2025-09-25,M-T04,两板,13.2,0,,0,1,380,1147.9,2
2025-09-26,M-E01,全电动,14.3,0,,0,2,296,32.4,3
2025-09-26,M-E02,全电动,15.9,0,,0.2,3,413,25.7,4
2025-09-26,M-E03,全电动,13.6,0,,0,2,95,39.1,2
2025-09-26,M-E04,全电动,13.2,0,,0,2,293,42.6,2
2025-09-26,M-E05,全电动,13.9,0,,0.3,3,319,42.6,2
2025-09-26,M-E06,全电动,16.0,0,,0,3,474,49.6,3
2025-09-26,M-E07,全电动,13.5,0,,0,1,165,60.4,3
2025-09-26,M-E08,全电动,18.0,0,,0,3,361,82.6,3
2025-09-26,M-E09,全电动,15.9,0,,0,2,252,115.7,2
2025-09-26,M-E10,全电动,18.5,0,,0,2,422,161.3,0
2025-09-26,M-E11,全电动,16.6,0,,0,1,453,156.3,1
2025-09-26,M-E12,全电动,15.0,0,,0,1,596,171.3,2
2025-09-26,M-E13,全电动,18.1,0,,0,2,164,162.3,0
2025-09-26,M-O01,油压,13.7,0,,0.5,1,534,163.1,1
2025-09-26,M-O02,油压,16.8,0,,0,4,580,296.2,1
2025-09-26,M-O03,油压,18.2,0,,0,1,132,357.2,3
2025-09-26,M-O04,油压,14.9,0,,0,3,374,285.1,0
2025-09-26,M-O05,油压,18.0,0,,0,1,288,447.3,1
2025-09-26,M-O06,油压,17.6,0,,0,2,544,542.1,1
2025-09-26,M-O07,油压,17.5,0,,0,4,245,719.4,2
2025-09-26,M-O08,油压,15.7,0,,0,1,170,555.9,1
2025-09-26,M-O09,油压,15.4,0,,0,2,251,911.9,2
2025-09-26,M-D01,双色旋转,13.5,0,,0,2,334,138.0,0
2025-09-26,M-D02,双色旋转,14.8,0,,0,2,325,484.5,4
2025-09-26,M-D03,双色旋转,16.4,0,,0,3,115,515.8,4
2025-09-26,M-T01,两板,15.3,0,,0,3,588,56.8,1
2025-09-26,M-T02,两板,15.0,0,,0,1,217,337.1,2
2025-09-26,M-T03,两板,15.4,0,,0.2,4,383,904.7,0
2025-09-26,M-T04,两板,18.9,0,,0,2,449,1202.5,4
2025-09-27,M-E01,全电动,17.5,0,,0,2,397,28.0,2
2025-09-27,M-E02,全电动,14.7,1.5,电气故障,0,1,392,26.6,3
2025-09-27,M-E03,全电动,17.4,0,,0,3,100,43.1,3
2025-09-27,M-E04,全电动,18.4,0,,0,1,527,61.2,4
2025-09-27,M-E05,全电动,16.7,0,,0,3,214,57.5,1
2025-09-27,M-E06,全电动,14.0,0,,0,2,399,49.0,4
2025-09-27,M-E07,全电动,15.3,0,,0,2,131,58.4,3
2025-09-27,M-E08,全电动,17.6,0,,0,2,413,105.0,4
2025-09-27,M-E09,全电动,13.8,0,,0.4,2,285,83.8,3
2025-09-27,M-E10,全电动,14.7,0,,0,4,102,118.0,4
2025-09-27,M-E11,全电动,13.0,1.4,液压系统,0,2,210,136.2,4
2025-09-27,M-E12,全电动,13.6,0,,0,1,429,129.2,2
2025-09-27,M-E13,全电动,16.4,0,,0,2,558,178.9,0
2025-09-27,M-O01,油压,15.4,0,,0,3,397,185.4,0
2025-09-27,M-O02,油压,17.6,0,,0,1,357,300.6,0
2025-09-27,M-O03,油压,16.3,0,,0,3,493,288.1,4
2025-09-27,M-O04,油压,13.0,0,,0,1,517,336.6,1
2025-09-27,M-O05,油压,17.5,0,,0,2,129,501.7,3
2025-09-27,M-O06,油压,14.6,0,,0,1,535,478.5,2
2025-09-27,M-O07,油压,16.2,0,,0,2,453,590.7,4
2025-09-27,M-O08,油压,17.8,0,,0,2,578,864.9,1
2025-09-27,M-O09,油压,13.8,0,,0,2,439,737.8,3
2025-09-27,M-D01,双色旋转,18.0,0,,0,2,392,187.3,1
2025-09-27,M-D02,双色旋转,18.3,0,,0,1,479,550.2,4
2025-09-27,M-D03,双色旋转,17.7,0,,0,4,377,509.0,1
2025-09-27,M-T01,两板,17.1,0,,0,1,451,61.7,1
2025-09-27,M-T02,两板,13.3,0,,0.1,2,582,332.3,3
2025-09-27,M-T03,两板,17.4,0,,0,2,355,969.4,1
2025-09-27,M-T04,两板,18.0,0,,0,3,284,1401.1,2
2025-09-28,M-E01,全电动,17.7,0,,0.5,3,208,38.0,0
2025-09-28,M-E02,全电动,16.1,0,,0,1,139,27.0,0
2025-09-28,M-E03,全电动,13.6,0,,0,4,404,32.6,2
2025-09-28,M-E04,全电动,13.4,0.9,模具问题,0,3,462,36.0,2
2025-09-28,M-E05,全电动,17.3,0,,0.3,2,459,72.6,3
2025-09-28,M-E06,全电动,14.4,0,,0,2,344,54.0,3
2025-09-28,M-E07,全电动,17.3,0,,0,2,478,72.4,2
2025-09-28,M-E08,全电动,16.7,0,,0,1,543,101.6,2
2025-09-28,M-E09,全电动,14.8,0,,0,2,328,94.8,1
2025-09-28,M-E10,全电动,14.8,0,,0.1,2,328,113.7,3
2025-09-28,M-E11,全电动,18.9,0,,0,2,482,194.1,2
2025-09-28,M-E12,全电动,16.5,0,,0,3,328,171.6,3
2025-09-28,M-E13,全电动,16.2,0,,0,3,188,203.7,0
2025-09-28,M-O01,油压,17.4,0,,0,3,389,198.4,1
2025-09-28,M-O02,油压,13.1,0,,0,1,541,208.4,0
2025-09-28,M-O03,油压,15.100000000000001,2.7,电气故障,0,2,466,298.9,2
2025-09-28,M-O04,油压,15.3,0,,0,2,320,365.2,0
2025-09-28,M-O05,油压,15.2,0,,0,2,504,480.5,2
2025-09-28,M-O06,油压,13.7,0,,0.3,1,111,395.1,2
2025-09-28,M-O07,油压,13.1,0,,0,3,203,491.3,4
2025-09-28,M-O08,油压,13.5,0,,0,3,477,490.3,3
2025-09-28,M-O09,油压,14.2,0,,0,2,150,679.6,4
2025-09-28,M-D01,双色旋转,14.3,0,,0,2,490,137.9,2
2025-09-28,M-D02,双色旋转,13.6,0,,0,3,221,353.0,3
2025-09-28,M-D03,双色旋转,17.4,0,,0,2,338,482.2,1
2025-09-28,M-T01,两板,13.9,0,,0,1,197,37.6,2
2025-09-28,M-T02,两板,15.7,0,,0,1,115,443.6,1
2025-09-28,M-T03,两板,15.3,0,,0,2,175,704.3,3
2025-09-28,M-T04,两板,18.099999999999998,0.6,加热系统,0,1,150,1283.8,0
2025-09-29,M-E01,全电动,17.6,0,,0.4,2,288,31.6,2
2025-09-29,M-E02,全电动,17.2,0,,0,1,430,38.2,2
2025-09-29,M-E03,全电动,14.6,0,,0,2,430,42.9,1
2025-09-29,M-E04,全电动,16.0,0,,0,2,172,39.5,0
2025-09-29,M-E05,全电动,14.5,0,,0,3,154,56.7,0
2025-09-29,M-E06,全电动,18.8,0,,0,1,517,74.1,4
2025-09-29,M-E07,全电动,13.4,0,,0,4,389,61.5,4
2025-09-29,M-E08,全电动,16.1,0,,0,1,582,107.6,0
2025-09-29,M-E09,全电动,14.1,0,,0,3,145,85.2,4
2025-09-29,M-E10,全电动,16.5,0,,0,3,489,141.8,1
2025-09-29,M-E11,全电动,18.3,0,,0,3,123,191.0,0
2025-09-29,M-E12,全电动,17.6,0,,0,2,168,180.8,2
2025-09-29,M-E13,全电动,14.8,0,,0,1,295,131.7,3
2025-09-29,M-O01,油压,17.1,0,,0,3,145,200.1,0
2025-09-29,M-O02,油压,16.4,0,,0,3,410,231.5,3
2025-09-29,M-O03,油压,18.2,0,,0,2,154,403.3,2
2025-09-29,M-O04,油压,13.5,0,,0,1,189,365.6,1
2025-09-29,M-O05,油压,14.7,0,,0,2,556,370.9,2
2025-09-29,M-O06,油压,14.7,0,,0,3,195,539.1,1
2025-09-29,M-O07,油压,17.6,0,,0,2,414,689.5,4
2025-09-29,M-O08,油压,14.7,0,,0,2,81,656.5,0
2025-09-29,M-O09,油压,14.3,0,,0,3,391,778.2,1
2025-09-29,M-D01,双色旋转,14.5,0,,0,2,323,106.9,2
2025-09-29,M-D02,双色旋转,14.1,0,,0,1,185,404.5,2
2025-09-29,M-D03,双色旋转,15.7,0,,0,3,170,437.2,2
2025-09-29,M-T01,两板,16.3,0,,0,3,417,48.8,3
2025-09-29,M-T02,两板,15.1,0,,0,1,265,345.5,4
2025-09-29,M-T03,两板,17.2,0,,0.4,1,586,927.2,3
2025-09-29,M-T04,两板,15.5,0,,0,2,278,1324.6,4
2025-09-30,M-E01,全电动,13.6,0,,0,3,81,30.0,1
2025-09-30,M-E02,全电动,16.3,0,,0,2,516,34.9,2
2025-09-30,M-E03,全电动,15.3,0,,0,2,312,39.9,0
2025-09-30,M-E04,全电动,15.1,0,,0.4,3,393,50.0,3
2025-09-30,M-E05,全电动,13.8,0,,0,1,163,42.4,3
2025-09-30,M-E06,全电动,14.1,0,,0,2,443,45.2,1
2025-09-30,M-E07,全电动,17.9,0,,0,1,401,70.0,1
2025-09-30,M-E08,全电动,16.1,0,,0,1,246,81.7,0
2025-09-30,M-E09,全电动,15.1,0,,0,1,291,94.6,0
2025-09-30,M-E10,全电动,17.5,0,,0,1,81,126.5,0
2025-09-30,M-E11,全电动,17.7,0,,0,1,249,187.8,0
2025-09-30,M-E12,全电动,13.1,0,,0.3,2,311,132.7,1
2025-09-30,M-E13,全电动,13.5,0,,0,2,420,166.9,4
2025-09-30,M-O01,油压,13.4,0,,0.3,3,536,178.7,3
2025-09-30,M-O02,油压,15.9,0,,0,1,219,274.7,1
2025-09-30,M-O03,油压,16.9,0,,0,1,159,254.7,1
2025-09-30,M-O04,油压,18.3,0,,0,3,171,462.9,1
2025-09-30,M-O05,油压,15.8,0,,0.4,1,263,419.1,0
2025-09-30,M-O06,油压,18.2,0,,0,2,542,511.6,3
2025-09-30,M-O07,油压,16.4,0,,0,1,245,651.7,0
2025-09-30,M-O08,油压,17.8,0,,0,2,482,769.8,1
2025-09-30,M-O09,油压,18.2,0,,0,1,323,841.2,2
2025-09-30,M-D01,双色旋转,19.0,0,,0,2,459,197.4,2
2025-09-30,M-D02,双色旋转,13.3,0,,0,1,162,402.0,2
2025-09-30,M-D03,双色旋转,13.8,0,,0,1,287,391.0,1
2025-09-30,M-T01,两板,15.1,0,,0.1,4,175,55.4,3
2025-09-30,M-T02,两板,13.7,0,,0,2,175,411.1,4
2025-09-30,M-T03,两板,13.3,0,,0,1,151,707.0,3
2025-09-30,M-T04,两板,14.3,0,,0,2,424,1220.0,3
2025-10-01,M-E01,全电动,16.3,0,,0.2,1,271,32.8,1
2025-10-01,M-E02,全电动,13.2,0,,0,2,428,27.5,2
2025-10-01,M-E03,全电动,18.2,0,,0.3,3,556,60.1,3
2025-10-01,M-E04,全电动,14.7,0,,0,1,556,49.7,1
2025-10-01,M-E05,全电动,15.6,0,,0,4,103,55.3,4
2025-10-01,M-E06,全电动,18.3,0,,0,2,511,60.9,0
2025-10-01,M-E07,全电动,14.1,0,,0,2,231,69.9,1
2025-10-01,M-E08,全电动,17.1,0,,0,2,452,108.8,4
2025-10-01,M-E09,全电动,18.3,0,,0,2,589,111.6,1
2025-10-01,M-E10,全电动,15.3,0,,0,2,218,134.9,4
2025-10-01,M-E11,全电动,13.8,0,,0,2,192,132.4,1
2025-10-01,M-E12,全电动,16.1,0,,0,1,406,182.8,4
2025-10-01,M-E13,全电动,18.8,0,,0,2,565,245.9,0
2025-10-01,M-O01,油压,15.0,0,,0,2,104,222.0,0
2025-10-01,M-O02,油压,18.1,0,,0,2,277,308.2,0
2025-10-01,M-O03,油压,15.4,0,,0,1,277,249.5,0
2025-10-01,M-O04,油压,14.5,0,,0,2,245,394.6,3
2025-10-01,M-O05,油压,17.8,0,,0,1,89,461.9,1
2025-10-01,M-O06,油压,13.5,0,,0,3,122,396.9,3
2025-10-01,M-O07,油压,15.3,0,,0,1,266,502.2,4
2025-10-01,M-O08,油压,13.3,0,,0,1,248,521.1,3
2025-10-01,M-O09,油压,15.4,0,,0,3,160,748.0,4
2025-10-01,M-D01,双色旋转,19.0,0,,0.2,2,588,168.0,4
2025-10-01,M-D02,双色旋转,13.9,0,,0,3,345,479.5,2
2025-10-01,M-D03,双色旋转,16.3,0,,0,2,133,485.2,1
2025-10-01,M-T01,两板,16.6,0,,0,1,121,57.0,4
2025-10-01,M-T02,两板,16.1,0,,0.3,4,564,350.9,0
2025-10-01,M-T03,两板,13.2,0,,0.1,1,252,900.4,4
2025-10-01,M-T04,两板,14.4,0,,0,3,382,1012.9,1
2025-10-02,M-E01,全电动,13.3,0,,0,1,188,27.7,1
2025-10-02,M-E02,全电动,16.8,0,,0,2,85,33.9,3
2025-10-02,M-E03,全电动,18.1,0,,0,3,91,58.8,4
2025-10-02,M-E04,全电动,18.6,0,,0,3,142,52.3,0
2025-10-02,M-E05,全电动,16.5,0,,0,1,589,52.7,0
2025-10-02,M-E06,全电动,14.9,0,,0,1,421,58.9,0
2025-10-02,M-E07,全电动,14.7,0,,0,2,433,68.1,3
2025-10-02,M-E08,全电动,16.4,0,,0,2,242,101.3,2
2025-10-02,M-E09,全电动,14.7,0,,0,3,276,106.2,0
2025-10-02,M-E10,全电动,15.5,0,,0,1,473,145.0,3
2025-10-02,M-E11,全电动,13.3,0,,0.3,1,459,108.4,0
2025-10-02,M-E12,全电动,18.0,0,,0,2,566,169.5,1
2025-10-02,M-E13,全电动,15.8,0,,0,3,154,194.4,3
2025-10-02,M-O01,油压,15.8,2.5,加热系统,0,2,179,178.7,2
2025-10-02,M-O02,油压,17.1,0,,0,1,510,249.1,0
2025-10-02,M-O03,油压,18.9,0,,0,1,556,331.2,3
2025-10-02,M-O04,油压,14.8,0,,0.1,2,177,371.9,2
2025-10-02,M-O05,油压,13.6,0,,0,3,142,380.5,3
2025-10-02,M-O06,油压,14.8,0,,0,1,96,485.0,3
2025-10-02,M-O07,油压,17.4,0,,0.3,2,352,779.1,3
2025-10-02,M-O08,油压,13.4,0,,0,2,491,679.8,1
2025-10-02,M-O09,油压,16.2,0,,0,3,562,892.6,2
2025-10-02,M-D01,双色旋转,13.2,0,,0,1,392,114.3,1
2025-10-02,M-D02,双色旋转,17.4,0,,0,5,341,572.7,4
2025-10-02,M-D03,双色旋转,15.6,0,,0,1,529,422.1,3
2025-10-02,M-T01,两板,15.4,0,,0,2,400,48.3,4
2025-10-02,M-T02,两板,16.6,0,,0,4,122,335.0,0
2025-10-02,M-T03,两板,14.3,0,,0,1,142,837.7,0
2025-10-02,M-T04,两板,17.6,0,,0,2,190,1582.5,1
2025-10-03,M-E01,全电动,14.3,0,,0,1,553,23.2,4
2025-10-03,M-E02,全电动,17.3,0,,0,1,387,30.1,4
2025-10-03,M-E03,全电动,15.0,0,,0,2,278,42.4,0
2025-10-03,M-E04,全电动,13.7,0,,0,1,550,39.1,2
2025-10-03,M-E05,全电动,18.4,0,,0.3,2,194,62.2,0
2025-10-03,M-E06,全电动,18.3,0,,0,1,143,80.9,4
2025-10-03,M-E07,全电动,18.0,0,,0,2,438,101.0,1
2025-10-03,M-E08,全电动,14.1,0,,0,5,315,63.5,4
2025-10-03,M-E09,全电动,13.4,0,,0,3,348,78.2,4
2025-10-03,M-E10,全电动,18.3,0,,0,2,329,126.5,0
2025-10-03,M-E11,全电动,15.4,0,,0,2,588,156.7,2
2025-10-03,M-E12,全电动,13.3,0,,0.0,2,469,139.6,4
2025-10-03,M-E13,全电动,16.3,0,,0,2,551,212.1,4
2025-10-03,M-O01,油压,15.4,0,,0,3,362,183.2,0
2025-10-03,M-O02,油压,13.7,0,,0,2,177,236.5,0
2025-10-03,M-O03,油压,16.5,2.0,电气故障,0,2,255,362.1,3
2025-10-03,M-O04,油压,16.1,0,,0,2,533,382.7,2
2025-10-03,M-O05,油压,18.3,0,,0,1,105,578.0,4
2025-10-03,M-O06,油压,16.5,0,,0,3,126,526.3,2
2025-10-03,M-O07,油压,14.5,0,,0,4,113,561.5,2
2025-10-03,M-O08,油压,17.5,0,,0,2,99,794.3,4
2025-10-03,M-O09,油压,15.3,0,,0,2,485,830.5,1
2025-10-03,M-D01,双色旋转,15.4,0,,0,2,511,136.7,2
2025-10-03,M-D02,双色旋转,13.5,0,,0,1,412,412.9,1
2025-10-03,M-D03,双色旋转,16.1,0,,0,1,312,504.5,1
2025-10-03,M-T01,两板,13.3,0,,0,1,271,35.0,0
2025-10-03,M-T02,两板,16.1,0,,0,2,153,467.3,4
2025-10-03,M-T03,两板,18.7,0,,0,4,531,1163.2,1
2025-10-03,M-T04,两板,14.3,0,,0,2,489,1023.5,3
2025-10-04,M-E01,全电动,16.7,0,,0.4,2,146,34.0,1
2025-10-04,M-E02,全电动,16.0,0,,0,1,293,34.4,1
2025-10-04,M-E03,全电动,16.7,0,,0,3,316,55.6,4
2025-10-04,M-E04,全电动,13.5,0,,0,2,256,41.5,3
2025-10-04,M-E05,全电动,18.9,0,,0,1,189,62.2,4
2025-10-04,M-E06,全电动,14.7,0,,0,2,523,49.4,2
2025-10-04,M-E07,全电动,15.0,3.5,液压系统,0,1,274,71.8,2
2025-10-04,M-E08,全电动,16.3,0,,0.1,3,399,101.5,3
2025-10-04,M-E09,全电动,16.9,0,,0,2,565,134.4,4
2025-10-04,M-E10,全电动,16.1,0,,0.2,4,316,109.6,0
2025-10-04,M-E11,全电动,13.5,0,,0,3,184,116.7,4
2025-10-04,M-E12,全电动,17.6,0,,0,4,118,206.0,2
2025-10-04,M-E13,全电动,15.8,0,,0,1,101,207.2,1
2025-10-04,M-O01,油压,15.8,0,,0,2,203,221.0,4
2025-10-04,M-O02,油压,17.7,0,,0,1,441,317.2,2
2025-10-04,M-O03,油压,18.6,0,,0,2,205,398.8,2
2025-10-04,M-O04,油压,13.4,1.9,液压系统,0,3,266,379.4,4
2025-10-04,M-O05,油压,15.3,0,,0,2,154,421.0,0
2025-10-04,M-O06,油压,14.6,0,,0,4,546,481.8,0
2025-10-04,M-O07,油压,16.7,0,,0,5,148,707.7,4
2025-10-04,M-O08,油压,17.9,0,,0.1,2,455,636.0,4
2025-10-04,M-O09,油压,14.2,0,,0,1,487,623.0,2
2025-10-04,M-D01,双色旋转,15.0,0,,0,3,183,149.7,3
2025-10-04,M-D02,双色旋转,14.6,0,,0,1,344,487.2,0
2025-10-04,M-D03,双色旋转,13.9,0,,0,1,535,502.0,2
2025-10-04,M-T01,两板,12.9,3.4,加热系统,0,1,383,37.2,4
2025-10-04,M-T02,两板,18.5,0,,0,1,525,523.8,0
2025-10-04,M-T03,两板,16.5,0,,0,3,192,1021.5,3
2025-10-04,M-T04,两板,13.5,0,,0,1,408,1134.7,2
2025-10-05,M-E01,全电动,13.1,0,,0.3,3,314,23.5,4
2025-10-05,M-E02,全电动,17.1,0,,0,1,328,33.1,3
2025-10-05,M-E03,全电动,17.8,0,,0,4,306,55.0,0
2025-10-05,M-E04,全电动,10.6,2.5,模具问题,0,1,485,29.7,0
2025-10-05,M-E05,全电动,16.6,0,,0,1,174,56.0,3
2025-10-05,M-E06,全电动,14.5,0,,0,2,381,43.6,4
2025-10-05,M-E07,全电动,17.3,0,,0,2,311,95.7,4
2025-10-05,M-E08,全电动,13.1,0,,0,5,86,73.5,0
2025-10-05,M-E09,全电动,14.1,0,,0,3,275,91.8,3
2025-10-05,M-E10,全电动,18.3,0,,0,1,388,120.3,3
2025-10-05,M-E11,全电动,18.9,0,,0,1,145,133.5,4
2025-10-05,M-E12,全电动,14.5,0,,0.1,2,525,176.0,2
2025-10-05,M-E13,全电动,17.4,0,,0,2,387,153.4,0
2025-10-05,M-O01,油压,13.6,0,,0,2,114,209.8,2
2025-10-05,M-O02,油压,14.7,0,,0,1,538,253.4,0
2025-10-05,M-O03,油压,14.4,0,,0,1,572,237.8,1
2025-10-05,M-O04,油压,18.9,0,,0,3,508,515.0,1
2025-10-05,M-O05,油压,14.8,0,,0,1,444,449.7,2
2025-10-05,M-O06,油压,16.2,0,,0,3,282,533.7,1
2025-10-05,M-O07,油压,13.5,0,,0,2,307,587.6,1
2025-10-05,M-O08,油压,18.8,0,,0,4,487,978.6,0
2025-10-05,M-O09,油压,15.7,0,,0,2,415,693.6,1
2025-10-05,M-D01,双色旋转,14.3,0,,0,3,580,100.6,3
2025-10-05,M-D02,双色旋转,16.8,0,,0.1,1,387,522.3,2
2025-10-05,M-D03,双色旋转,16.7,0,,0.1,2,492,623.9,1
2025-10-05,M-T01,两板,16.7,0,,0,2,228,44.6,1
2025-10-05,M-T02,两板,13.4,0,,0,2,91,378.5,3
2025-10-05,M-T03,两板,16.9,0,,0,2,253,977.7,4
2025-10-05,M-T04,两板,18.6,0,,0,1,91,1515.6,2
2025-10-06,M-E01,全电动,14.9,0,,0,3,590,33.6,0
2025-10-06,M-E02,全电动,15.3,0,,0.1,4,481,27.9,0
2025-10-06,M-E03,全电动,18.8,0,,0,1,218,47.6,3
2025-10-06,M-E04,全电动,17.1,0,,0,1,172,39.9,0
2025-10-06,M-E05,全电动,14.2,0,,0,3,570,52.8,2
2025-10-06,M-E06,全电动,15.5,0,,0,2,498,59.1,0
2025-10-06,M-E07,全电动,13.6,0,,0,2,442,51.6,1
2025-10-06,M-E08,全电动,19.0,0,,0,3,324,114.7,3
2025-10-06,M-E09,全电动,15.3,0,,0,3,195,121.8,1
2025-10-06,M-E10,全电动,16.7,0,,0,2,495,149.4,1
2025-10-06,M-E11,全电动,13.2,0,,0,3,574,109.5,2
2025-10-06,M-E12,全电动,14.9,0,,0,4,157,174.3,4
2025-10-06,M-E13,全电动,15.8,0,,0,1,164,205.8,2
2025-10-06,M-O01,油压,15.1,0,,0,2,420,187.7,2
2025-10-06,M-O02,油压,15.1,0,,0,1,195,206.4,0
2025-10-06,M-O03,油压,16.0,0,,0,3,368,268.4,0
2025-10-06,M-O04,油压,15.8,0,,0,2,183,378.3,0
2025-10-06,M-O05,油压,15.2,0,,0,1,581,365.6,4
2025-10-06,M-O06,油压,17.2,0,,0,1,362,463.7,4
2025-10-06,M-O07,油压,16.5,0,,0.3,2,309,622.9,2
2025-10-06,M-O08,油压,17.2,0,,0,3,340,714.4,0
2025-10-06,M-O09,油压,16.9,0,,0,3,153,1002.9,3
2025-10-06,M-D01,双色旋转,18.0,0,,0,2,512,134.3,3
2025-10-06,M-D02,双色旋转,15.0,0,,0,3,509,484.9,4
2025-10-06,M-D03,双色旋转,17.2,0,,0,2,242,589.5,3
2025-10-06,M-T01,两板,13.4,0,,0,2,554,42.4,4
2025-10-06,M-T02,两板,14.1,3.1,模具问题,0,1,486,406.0,1
2025-10-06,M-T03,两板,13.2,0,,0,3,524,824.5,0
2025-10-06,M-T04,两板,15.6,0,,0.4,2,524,1013.8,4
2025-10-07,M-E01,全电动,16.5,0,,0,2,292,26.9,4
2025-10-07,M-E02,全电动,14.9,1.9,加热系统,0,2,599,32.8,1
2025-10-07,M-E03,全电动,15.9,0,,0,1,535,42.4,4
2025-10-07,M-E04,全电动,13.8,0,,0,2,434,42.2,1
2025-10-07,M-E05,全电动,15.6,0,,0,3,194,62.7,1
2025-10-07,M-E06,全电动,13.7,0,,0,1,89,48.4,0
2025-10-07,M-E07,全电动,16.3,0,,0,3,374,82.0,1
2025-10-07,M-E08,全电动,13.3,0,,0,2,485,62.4,2
2025-10-07,M-E09,全电动,16.9,0,,0,1,391,133.0,1
2025-10-07,M-E10,全电动,18.4,0,,0,2,126,158.1,4
2025-10-07,M-E11,全电动,14.5,0,,0,3,427,104.5,2
2025-10-07,M-E12,全电动,13.5,0,,0,2,486,149.7,3
2025-10-07,M-E13,全电动,15.8,0,,0,3,226,152.8,2
2025-10-07,M-O01,油压,18.4,0,,0.3,2,208,286.1,2
2025-10-07,M-O02,油压,16.7,0,,0,3,423,213.4,4
2025-10-07,M-O03,油压,16.5,0,,0,4,489,340.6,1
2025-10-07,M-O04,油压,13.1,0,,0,4,246,294.5,4
2025-10-07,M-O05,油压,17.9,0,,0,3,319,566.2,2
2025-10-07,M-O06,油压,17.2,0,,0,2,351,647.0,3
2025-10-07,M-O07,油压,18.3,0,,0,3,126,626.1,3
2025-10-07,M-O08,油压,16.5,0,,0,3,168,607.2,4
2025-10-07,M-O09,油压,16.9,0,,0,2,224,872.9,1
2025-10-07,M-D01,双色旋转,13.6,0,,0,1,592,106.5,4
2025-10-07,M-D02,双色旋转,17.9,0,,0,2,118,646.6,2
2025-10-07,M-D03,双色旋转,16.1,0,,0,1,119,406.8,3
2025-10-07,M-T01,两板,16.2,0,,0,1,181,47.9,1
2025-10-07,M-T02,两板,16.5,0,,0,4,284,456.1,1
2025-10-07,M-T03,两板,14.9,0,,0,3,547,810.6,0
2025-10-07,M-T04,两板,18.6,0,,0,3,309,1394.6,2
2025-10-08,M-E01,全电动,14.0,0,,0.4,2,170,26.6,0
2025-10-08,M-E02,全电动,13.2,0,,0,3,127,27.3,4
2025-10-08,M-E03,全电动,14.9,0,,0,2,307,49.0,2
2025-10-08,M-E04,全电动,17.3,0,,0,3,318,42.2,1
2025-10-08,M-E05,全电动,15.2,0,,0,1,99,64.1,3
2025-10-08,M-E06,全电动,18.8,0,,0,1,249,58.0,4
2025-10-08,M-E07,全电动,18.2,0,,0,1,421,72.5,1
2025-10-08,M-E08,全电动,18.3,0,,0,1,375,115.7,3
2025-10-08,M-E09,全电动,18.8,0,,0,3,347,122.7,4
2025-10-08,M-E10,全电动,14.1,0,,0.3,2,528,108.1,4
2025-10-08,M-E11,全电动,13.4,0,,0,1,595,98.7,4
2025-10-08,M-E12,全电动,13.3,0,,0.3,2,327,147.6,2
2025-10-08,M-E13,全电动,18.0,0,,0.1,3,354,216.9,2
2025-10-08,M-O01,油压,18.9,0,,0,1,450,247.4,2
2025-10-08,M-O02,油压,13.3,0,,0,1,503,175.0,4
2025-10-08,M-O03,油压,13.4,0,,0,3,504,279.5,4
2025-10-08,M-O04,油压,13.9,0,,0,4,547,286.4,0
2025-10-08,M-O05,油压,14.1,0,,0,1,358,446.9,3
2025-10-08,M-O06,油压,14.4,0,,0,4,424,512.5,0
2025-10-08,M-O07,油压,18.9,0,,0,3,594,830.9,2
2025-10-08,M-O08,油压,14.0,0,,0,1,291,622.5,1
2025-10-08,M-O09,油压,15.6,0,,0,1,108,661.0,3
2025-10-08,M-D01,双色旋转,18.5,0,,0,3,168,175.2,0
2025-10-08,M-D02,双色旋转,15.6,0,,0,2,358,446.6,2
2025-10-08,M-D03,双色旋转,18.1,0,,0,1,382,470.5,1
2025-10-08,M-T01,两板,14.9,0,,0,1,285,56.3,3
2025-10-08,M-T02,两板,18.3,0,,0,2,366,422.8,3
2025-10-08,M-T03,两板,13.4,0,,0,1,416,616.3,1
2025-10-08,M-T04,两板,13.2,0,,0,2,182,885.4,2
2025-10-09,M-E01,全电动,15.0,0,,0.4,2,499,33.8,4
2025-10-09,M-E02,全电动,13.6,0,,0,1,271,21.5,3
2025-10-09,M-E03,全电动,16.9,0,,0,2,209,41.1,0
2025-10-09,M-E04,全电动,18.7,0,,0.5,3,131,63.5,1
2025-10-09,M-E05,全电动,17.1,0,,0.1,3,534,76.2,1
2025-10-09,M-E06,全电动,10.8,3.6,加热系统,0,3,496,36.8,1
2025-10-09,M-E07,全电动,14.9,0,,0,2,433,61.6,4
2025-10-09,M-E08,全电动,18.9,0,,0,3,298,102.1,3
2025-10-09,M-E09,全电动,18.4,0,,0,2,331,124.2,2
2025-10-09,M-E10,全电动,18.0,0,,0,1,520,120.2,3
2025-10-09,M-E11,全电动,18.3,0,,0,2,400,164.0,0
2025-10-09,M-E12,全电动,15.7,0,,0,2,208,150.1,2
2025-10-09,M-E13,全电动,17.7,0,,0,1,369,191.9,0
2025-10-09,M-O01,油压,15.6,0,,0,3,105,250.3,2
2025-10-09,M-O02,油压,17.5,0,,0,2,529,308.4,0
2025-10-09,M-O03,油压,15.2,0,,0,4,100,330.9,1
2025-10-09,M-O04,油压,18.6,0,,0,3,506,460.6,2
2025-10-09,M-O05,油压,13.8,0,,0,1,417,303.0,0
2025-10-09,M-O06,油压,13.9,0,,0,1,366,454.3,4
2025-10-09,M-O07,油压,13.7,0,,0,3,402,456.5,1
2025-10-09,M-O08,油压,14.6,0,,0,2,94,656.7,0
2025-10-09,M-O09,油压,14.5,0,,0,3,393,719.8,3
2025-10-09,M-D01,双色旋转,13.1,0,,0,1,156,116.8,3
2025-10-09,M-D02,双色旋转,14.4,0,,0,1,595,448.0,1
2025-10-09,M-D03,双色旋转,18.6,0,,0.2,4,500,563.7,1
2025-10-09,M-T01,两板,15.9,0,,0,2,94,53.9,2
2025-10-09,M-T02,两板,18.0,0,,0,2,303,484.7,3
2025-10-09,M-T03,两板,16.3,0,,0,2,415,870.4,2
2025-10-09,M-T04,两板,15.5,0,,0,4,148,1080.8,4
2025-10-10,M-E01,全电动,16.2,0,,0,3,477,29.8,2
2025-10-10,M-E02,全电动,13.2,0,,0,3,380,27.9,1
2025-10-10,M-E03,全电动,16.5,0,,0,2,449,54.9,3
2025-10-10,M-E04,全电动,13.2,0,,0,2,460,38.6,3
2025-10-10,M-E05,全电动,14.2,0,,0,1,178,55.2,1
2025-10-10,M-E06,全电动,17.4,0,,0,1,376,78.2,2
2025-10-10,M-E07,全电动,16.0,0,,0,2,464,72.4,3
2025-10-10,M-E08,全电动,17.7,0,,0,2,390,93.7,0
2025-10-10,M-E09,全电动,17.0,0,,0,1,496,103.5,4
2025-10-10,M-E10,全电动,17.3,0,,0.2,3,167,156.2,1
2025-10-10,M-E11,全电动,14.0,0,,0,1,325,118.1,3
2025-10-10,M-E12,全电动,13.6,0,,0,2,413,156.5,3
2025-10-10,M-E13,全电动,16.4,0,,0,2,221,178.5,4
2025-10-10,M-O01,油压,18.3,0,,0.1,1,350,278.7,3
2025-10-10,M-O02,油压,16.9,0,,0.2,1,190,286.5,4
2025-10-10,M-O03,油压,13.2,0,,0,3,438,226.9,2
2025-10-10,M-O04,油压,13.0,0,,0.4,2,168,297.3,1
2025-10-10,M-O05,油压,15.6,0,,0.2,1,256,489.6,3
2025-10-10,M-O06,油压,13.9,0,,0.3,1,571,444.5,3
2025-10-10,M-O07,油压,15.3,0,,0,2,413,584.4,1
2025-10-10,M-O08,油压,14.8,0,,0,1,419,783.7,2
2025-10-10,M-O09,油压,15.0,0,,0,3,141,733.1,4
2025-10-10,M-D01,双色旋转,15.9,0,,0,3,398,121.9,2
2025-10-10,M-D02,双色旋转,13.5,0,,0,1,462,412.3,0
2025-10-10,M-D03,双色旋转,13.7,0,,0,1,298,435.3,0
2025-10-10,M-T01,两板,14.6,0,,0,2,506,49.1,0
2025-10-10,M-T02,两板,14.8,0,,0,5,250,367.7,0
2025-10-10,M-T03,两板,16.2,0,,0,2,580,1053.5,3
2025-10-10,M-T04,两板,17.6,0,,0,1,91,1531.0,3
2025-10-11,M-E01,全电动,13.2,0,,0.2,3,241,23.5,1
2025-10-11,M-E02,全电动,17.1,0,,0,3,298,28.2,4
2025-10-11,M-E03,全电动,15.7,0,,0,3,92,40.9,2
2025-10-11,M-E04,全电动,15.7,0,,0,1,424,48.2,4
2025-10-11,M-E05,全电动,17.9,0,,0,2,246,75.3,4
2025-10-11,M-E06,全电动,13.2,0,,0,2,366,43.4,1
2025-10-11,M-E07,全电动,15.8,0,,0,2,457,60.6,1
2025-10-11,M-E08,全电动,17.7,0,,0,1,309,92.3,1
2025-10-11,M-E09,全电动,13.2,0,,0,3,530,103.0,2
2025-10-11,M-E10,全电动,18.5,0,,0,2,240,124.2,3
2025-10-11,M-E11,全电动,17.5,0,,0,2,477,123.4,1
2025-10-11,M-E12,全电动,15.2,0,,0,2,517,139.3,0
2025-10-11,M-E13,全电动,13.9,0,,0.3,4,282,176.0,1
2025-10-11,M-O01,油压,15.9,0,,0,3,372,226.8,4
2025-10-11,M-O02,油压,17.4,0,,0,3,456,307.5,3
2025-10-11,M-O03,油压,13.7,0,,0,3,424,216.9,2
2025-10-11,M-O04,油压,18.6,0,,0,3,132,364.2,0
2025-10-11,M-O05,油压,16.0,0,,0,3,221,422.3,4
2025-10-11,M-O06,油压,16.8,0,,0,1,390,448.9,3
2025-10-11,M-O07,油压,13.6,0,,0,3,418,417.9,1
2025-10-11,M-O08,油压,19.0,0,,0,2,291,709.4,3
2025-10-11,M-O09,油压,15.1,0,,0,1,586,739.4,3
2025-10-11,M-D01,双色旋转,13.7,0,,0,4,534,144.2,3
2025-10-11,M-D02,双色旋转,14.1,0,,0,2,268,411.6,4
2025-10-11,M-D03,双色旋转,18.0,0,,0,2,87,665.0,4
2025-10-11,M-T01,两板,15.7,0,,0.4,2,129,41.1,0
2025-10-11,M-T02,两板,13.2,0,,0,1,141,396.4,2
2025-10-11,M-T03,两板,18.8,0,,0,2,421,1139.3,3
2025-10-11,M-T04,两板,15.1,0,,0,1,192,965.8,2
2025-10-12,M-E01,全电动,15.3,0,,0,1,519,32.8,4
2025-10-12,M-E02,全电动,18.7,0,,0,1,460,32.8,2
2025-10-12,M-E03,全电动,11.6,2.0,传感器异常,0,1,404,32.4,4
2025-10-12,M-E04,全电动,14.0,0,,0,3,376,38.4,2
2025-10-12,M-E05,全电动,14.2,0,,0,1,226,54.2,2
2025-10-12,M-E06,全电动,17.4,0,,0,3,405,55.7,3
2025-10-12,M-E07,全电动,14.5,0,,0,1,376,73.6,4
2025-10-12,M-E08,全电动,17.8,0,,0,1,419,98.1,4
2025-10-12,M-E09,全电动,18.8,0,,0,2,527,141.6,4
2025-10-12,M-E10,全电动,17.9,0,,0,1,370,160.5,3
2025-10-12,M-E11,全电动,13.3,0,,0,3,91,96.7,0
2025-10-12,M-E12,全电动,16.7,0,,0,1,220,162.8,0
2025-10-12,M-E13,全电动,17.4,0,,0,4,343,225.2,1
2025-10-12,M-O01,油压,13.4,0,,0,1,440,208.8,0
2025-10-12,M-O02,油压,14.5,0,,0,1,163,258.2,2
2025-10-12,M-O03,油压,18.5,0,,0,2,281,362.9,3
2025-10-12,M-O04,油压,17.6,0,,0,3,443,455.5,1
2025-10-12,M-O05,油压,14.3,0,,0,3,285,456.3,2
2025-10-12,M-O06,油压,17.8,0,,0,1,175,481.1,0
2025-10-12,M-O07,油压,14.0,0,,0,1,156,432.0,4
2025-10-12,M-O08,油压,16.4,0,,0.2,1,446,586.2,3
2025-10-12,M-O09,油压,18.8,0,,0.4,1,163,1139.1,3
2025-10-12,M-D01,双色旋转,15.0,0,,0,3,204,139.4,4
2025-10-12,M-D02,双色旋转,18.8,0,,0,2,137,521.8,0
2025-10-12,M-D03,双色旋转,17.3,0,,0,2,509,475.6,0
2025-10-12,M-T01,两板,18.7,0,,0,2,408,61.4,1
2025-10-12,M-T02,两板,18.9,0,,0,1,347,568.5,3
2025-10-12,M-T03,两板,16.1,0,,0,3,353,733.0,3
2025-10-12,M-T04,两板,15.5,0,,0,1,206,1015.4,4
2025-10-13,M-E01,全电动,15.5,0,,0,2,359,24.0,3
2025-10-13,M-E02,全电动,14.4,0,,0,2,267,29.3,2
2025-10-13,M-E03,全电动,13.5,0,,0.5,2,531,42.7,2
2025-10-13,M-E04,全电动,17.2,0,,0,4,151,46.2,4
2025-10-13,M-E05,全电动,16.9,0,,0,3,320,66.7,0
2025-10-13,M-E06,全电动,16.6,0,,0.3,2,241,53.2,2
2025-10-13,M-E07,全电动,13.7,0,,0,3,429,61.1,4
2025-10-13,M-E08,全电动,16.9,0,,0,1,446,114.0,1
2025-10-13,M-E09,全电动,16.6,0,,0.3,3,149,136.1,2
2025-10-13,M-E10,全电动,18.1,0,,0,2,390,157.9,4
2025-10-13,M-E11,全电动,13.5,0,,0,2,251,94.6,0
2025-10-13,M-E12,全电动,13.8,0,,0,2,227,132.1,1
2025-10-13,M-E13,全电动,15.2,0,,0,3,204,202.0,4
2025-10-13,M-O01,油压,16.9,0,,0,1,463,258.1,3
2025-10-13,M-O02,油压,15.9,0,,0.1,2,205,220.3,0
2025-10-13,M-O03,油压,17.0,1.2,模具问题,0.1,3,324,281.8,2
2025-10-13,M-O04,油压,15.5,0,,0,2,291,398.5,0
2025-10-13,M-O05,油压,17.4,0,,0,2,112,391.0,1
2025-10-13,M-O06,油压,17.1,0,,0.1,1,495,565.8,2
2025-10-13,M-O07,油压,13.4,0,,0.0,2,194,567.9,0
2025-10-13,M-O08,油压,17.2,0,,0,2,319,717.3,0
2025-10-13,M-O09,油压,14.3,0,,0,3,303,839.1,2
2025-10-13,M-D01,双色旋转,18.5,0,,0,1,421,137.4,3
2025-10-13,M-D02,双色旋转,15.0,3.7,加热系统,0,1,565,462.0,2
2025-10-13,M-D03,双色旋转,18.7,0,,0,1,199,597.9,0
2025-10-13,M-T01,两板,13.7,0,,0,3,207,48.7,2
2025-10-13,M-T02,两板,18.6,0,,0,3,173,415.4,1
2025-10-13,M-T03,两板,15.8,0,,0,2,389,790.4,2
2025-10-13,M-T04,两板,15.6,0,,0,1,501,1449.5,4
2025-10-14,M-E01,全电动,18.7,0,,0,2,107,41.7,0
2025-10-14,M-E02,全电动,16.7,0,,0,2,230,34.9,0
2025-10-14,M-E03,全电动,14.9,0,,0,2,455,42.3,2
2025-10-14,M-E04,全电动,16.0,0,,0,2,352,48.3,2
2025-10-14,M-E05,全电动,18.4,0,,0,3,236,74.7,1
2025-10-14,M-E06,全电动,13.7,0,,0,3,174,51.2,0
2025-10-14,M-E07,全电动,17.9,0,,0,3,95,90.4,2
2025-10-14,M-E08,全电动,14.5,0,,0,3,599,90.4,4
2025-10-14,M-E09,全电动,17.5,0,,0.3,2,506,145.0,2
2025-10-14,M-E10,全电动,17.8,0,,0,1,434,166.1,2
2025-10-14,M-E11,全电动,15.5,0,,0,1,223,121.8,3
2025-10-14,M-E12,全电动,15.6,0,,0.2,2,346,141.6,2
2025-10-14,M-E13,全电动,13.9,0,,0,4,525,135.5,2
2025-10-14,M-O01,油压,17.8,0,,0,2,289,295.5,4
2025-10-14,M-O02,油压,14.8,0,,0,2,551,213.0,4
2025-10-14,M-O03,油压,16.8,0,,0,4,393,306.4,3
2025-10-14,M-O04,油压,18.8,0,,0.1,1,569,468.7,4
2025-10-14,M-O05,油压,18.4,0,,0,3,270,572.9,1
2025-10-14,M-O06,油压,13.4,0,,0,1,296,476.2,3
2025-10-14,M-O07,油压,18.1,0,,0,1,578,552.7,3
2025-10-14,M-O08,油压,18.9,0,,0,3,563,958.3,0
2025-10-14,M-O09,油压,17.4,0,,0,4,219,753.3,3
2025-10-14,M-D01,双色旋转,15.6,0,,0,3,348,150.1,3
2025-10-14,M-D02,双色旋转,15.9,0,,0,1,315,491.4,1
2025-10-14,M-D03,双色旋转,16.1,0,,0,2,455,448.7,4
2025-10-14,M-T01,两板,18.6,0,,0,1,273,50.0,1
2025-10-14,M-T02,两板,17.1,0,,0,2,241,347.7,2
2025-10-14,M-T03,两板,18.7,0,,0,1,522,1040.9,1
2025-10-14,M-T04,两板,18.3,0,,0,1,149,1231.1,1
2025-10-15,M-E01,全电动,17.5,0,,0,1,189,32.4,0
2025-10-15,M-E02,全电动,15.1,0,,0,3,236,34.1,1
2025-10-15,M-E03,全电动,15.6,0,,0,2,142,35.6,2
2025-10-15,M-E04,全电动,15.9,0,,0,3,307,46.7,0
2025-10-15,M-E05,全电动,14.2,0,,0,5,563,46.9,3
2025-10-15,M-E06,全电动,17.0,0,,0,1,450,75.0,0
2025-10-15,M-E07,全电动,15.3,0,,0,2,521,86.2,1
2025-10-15,M-E08,全电动,16.5,0,,0,1,568,107.6,1
2025-10-15,M-E09,全电动,14.3,0,,0,1,492,93.9,0
2025-10-15,M-E10,全电动,17.5,0,,0,2,573,130.2,1
2025-10-15,M-E11,全电动,16.3,0,,0,2,490,152.4,3
2025-10-15,M-E12,全电动,18.3,0,,0,2,408,176.2,1
2025-10-15,M-E13,全电动,12.1,3.4,加热系统,0.4,3,109,129.7,1
2025-10-15,M-O01,油压,16.4,0,,0,1,510,251.0,3
2025-10-15,M-O02,油压,14.8,0,,0,1,93,215.4,1
2025-10-15,M-O03,油压,13.8,0,,0,1,187,226.8,4
2025-10-15,M-O04,油压,14.2,0,,0,2,581,381.6,1
2025-10-15,M-O05,油压,13.7,0,,0.0,2,515,431.4,3
2025-10-15,M-O06,油压,15.0,0,,0.4,1,89,525.1,2
2025-10-15,M-O07,油压,15.6,0,,0,1,283,569.3,4
2025-10-15,M-O08,油压,14.6,0,,0,4,94,725.7,2
2025-10-15,M-O09,油压,17.5,0,,0,2,297,733.7,2
2025-10-15,M-D01,双色旋转,17.3,0,,0,3,574,142.5,1
2025-10-15,M-D02,双色旋转,14.5,0,,0,1,449,500.3,1
2025-10-15,M-D03,双色旋转,13.2,0,,0,3,486,458.5,2
2025-10-15,M-T01,两板,17.0,0,,0,2,386,51.6,4
2025-10-15,M-T02,两板,17.1,0,,0,2,484,465.9,0
2025-10-15,M-T03,两板,18.8,0,,0,1,325,1179.7,4
2025-10-15,M-T04,两板,16.4,0,,0,1,476,1129.5,4
2025-10-16,M-E01,全电动,14.1,1.0,加热系统,0.4,4,570,27.3,4
2025-10-16,M-E02,全电动,17.9,0,,0,1,502,29.2,4
2025-10-16,M-E03,全电动,17.0,0,,0,2,338,42.6,2
2025-10-16,M-E04,全电动,15.2,0,,0,1,592,35.5,3
2025-10-16,M-E05,全电动,17.9,0,,0,2,447,55.8,1
2025-10-16,M-E06,全电动,13.6,0,,0,3,118,45.3,4
2025-10-16,M-E07,全电动,17.8,0,,0.0,3,508,72.9,1
2025-10-16,M-E08,全电动,16.5,0,,0,2,343,84.7,4
2025-10-16,M-E09,全电动,16.8,0,,0,2,140,130.2,4
2025-10-16,M-E10,全电动,18.1,0,,0,3,436,148.3,1
2025-10-16,M-E11,全电动,15.9,0,,0,3,498,167.3,4
2025-10-16,M-E12,全电动,15.5,0,,0,3,168,170.6,3
2025-10-16,M-E13,全电动,13.6,0,,0,1,446,164.1,2
2025-10-16,M-O01,油压,16.2,0,,0,2,595,185.1,2
2025-10-16,M-O02,油压,18.8,0,,0.1,2,579,337.7,0
2025-10-16,M-O03,油压,14.7,0,,0,2,483,278.3,4
2025-10-16,M-O04,油压,14.1,0,,0,2,177,264.6,0
2025-10-16,M-O05,油压,13.1,0,,0,2,207,405.7,4
2025-10-16,M-O06,油压,15.3,0,,0,2,234,577.3,4
2025-10-16,M-O07,油压,18.7,0,,0,2,375,719.7,2
2025-10-16,M-O08,油压,14.6,0,,0,1,401,660.8,3
2025-10-16,M-O09,油压,11.9,3.1,加热系统,0.3,4,536,681.9,4
2025-10-16,M-D01,双色旋转,13.2,0,,0,2,117,116.3,2
2025-10-16,M-D02,双色旋转,18.0,0,,0,4,575,645.6,2
2025-10-16,M-D03,双色旋转,14.9,0,,0.4,2,178,559.3,1
2025-10-16,M-T01,两板,17.5,0,,0,2,467,47.4,2
2025-10-16,M-T02,两板,14.8,0,,0,2,153,345.5,2
2025-10-16,M-T03,两板,16.1,0,,0,3,557,784.6,0
2025-10-16,M-T04,两板,15.6,0,,0,1,298,975.0,1
2025-10-17,M-E01,全电动,17.7,0,,0,1,105,39.5,0
2025-10-17,M-E02,全电动,15.5,0,,0,3,292,32.8,2
2025-10-17,M-E03,全电动,16.6,0,,0,1,402,50.1,0
2025-10-17,M-E04,全电动,18.2,0,,0,3,149,59.8,2
2025-10-17,M-E05,全电动,14.0,0,,0,2,143,56.3,1
2025-10-17,M-E06,全电动,15.9,0,,0,1,141,72.1,3
2025-10-17,M-E07,全电动,14.0,0,,0.3,4,246,76.2,1
2025-10-17,M-E08,全电动,13.3,0,,0,4,325,90.0,0
2025-10-17,M-E09,全电动,13.9,0,,0,2,156,88.9,3
2025-10-17,M-E10,全电动,18.6,0,,0.1,1,175,154.8,4
2025-10-17,M-E11,全电动,16.2,0,,0,2,265,119.4,2
2025-10-17,M-E12,全电动,14.1,0,,0,2,294,164.3,4
2025-10-17,M-E13,全电动,13.7,0,,0,1,527,149.7,4
2025-10-17,M-O01,油压,14.2,0,,0,2,197,215.2,3
2025-10-17,M-O02,油压,14.8,0,,0,1,197,251.6,1
2025-10-17,M-O03,油压,18.1,0,,0.1,3,249,347.1,0
2025-10-17,M-O04,油压,18.7,0,,0,1,204,508.6,2
2025-10-17,M-O05,油压,18.5,0,,0.5,3,316,489.3,4
2025-10-17,M-O06,油压,15.3,0,,0.2,3,351,519.8,0
2025-10-17,M-O07,油压,17.3,0,,0,3,256,704.8,1
2025-10-17,M-O08,油压,12.700000000000001,3.1,加热系统,0.1,2,140,563.2,1
2025-10-17,M-O09,油压,13.9,0,,0,2,184,614.9,4
2025-10-17,M-D01,双色旋转,18.6,0,,0,3,157,151.5,4
2025-10-17,M-D02,双色旋转,15.4,0,,0,2,570,453.7,1
2025-10-17,M-D03,双色旋转,16.2,0,,0,1,556,532.8,0
2025-10-17,M-T01,两板,15.4,0,,0.3,2,595,45.0,3
2025-10-17,M-T02,两板,13.0,0,,0,1,464,346.3,2
2025-10-17,M-T03,两板,14.5,0,,0,4,93,786.9,1
2025-10-17,M-T04,两板,13.9,0,,0,2,356,970.6,0
2025-10-18,M-E01,全电动,17.3,0,,0,2,528,35.3,1
2025-10-18,M-E02,全电动,12.9,2.1,模具问题,0,1,548,26.4,1
2025-10-18,M-E03,全电动,17.8,0,,0,1,110,45.0,4
2025-10-18,M-E04,全电动,17.7,0,,0,2,529,56.9,4
2025-10-18,M-E05,全电动,14.0,0,,0,2,499,63.3,4
2025-10-18,M-E06,全电动,13.5,0,,0.2,2,243,46.5,2
2025-10-18,M-E07,全电动,18.6,0,,0,1,325,90.0,2
2025-10-18,M-E08,全电动,14.1,0,,0.2,1,380,65.8,3
2025-10-18,M-E09,全电动,16.1,0,,0,2,543,93.7,2
2025-10-18,M-E10,全电动,16.2,0,,0,2,481,120.0,2
2025-10-18,M-E11,全电动,15.8,0,,0,1,120,124.9,4
2025-10-18,M-E12,全电动,14.1,0,,0,2,276,132.8,3
2025-10-18,M-E13,全电动,18.1,0,,0,2,247,190.1,2
2025-10-18,M-O01,油压,14.3,0,,0,3,386,198.7,3
2025-10-18,M-O02,油压,13.1,0,,0,1,97,167.3,3
2025-10-18,M-O03,油压,13.8,0,,0,4,279,242.2,3
2025-10-18,M-O04,油压,14.9,0,,0,1,418,291.1,4
2025-10-18,M-O05,油压,17.5,0,,0,2,142,475.6,0
2025-10-18,M-O06,油压,17.7,0,,0,3,245,625.6,3
2025-10-18,M-O07,油压,14.1,0,,0,2,307,613.1,4
2025-10-18,M-O08,油压,13.4,0,,0,1,400,608.2,2
2025-10-18,M-O09,油压,14.3,0,,0,2,227,609.7,0
2025-10-18,M-D01,双色旋转,14.9,0,,0,1,346,137.9,2
2025-10-18,M-D02,双色旋转,18.5,0,,0,3,217,617.4,0
2025-10-18,M-D03,双色旋转,13.3,0,,0.4,2,524,412.3,1
2025-10-18,M-T01,两板,14.3,0,,0,1,333,46.8,4
2025-10-18,M-T02,两板,18.4,0,,0,2,304,453.0,4
2025-10-18,M-T03,两板,16.7,0,,0,2,262,979.3,2
2025-10-18,M-T04,两板,17.4,0,,0,2,593,1421.7,0
2025-10-19,M-E01,全电动,15.3,0,,0,2,183,29.0,2
2025-10-19,M-E02,全电动,14.5,0,,0,2,303,21.8,4
2025-10-19,M-E03,全电动,14.0,0,,0,3,107,42.7,4
2025-10-19,M-E04,全电动,15.1,0,,0,2,495,50.1,2
2025-10-19,M-E05,全电动,13.0,0,,0,4,355,50.9,0
2025-10-19,M-E06,全电动,13.4,0,,0,1,581,52.5,0
2025-10-19,M-E07,全电动,15.5,0,,0,2,339,82.3,2
2025-10-19,M-E08,全电动,13.0,0,,0,1,185,72.7,2
2025-10-19,M-E09,全电动,15.5,0,,0,1,434,109.4,4
2025-10-19,M-E10,全电动,18.3,0,,0,1,380,114.9,3
2025-10-19,M-E11,全电动,14.9,0,,0,1,494,148.1,3
2025-10-19,M-E12,全电动,15.0,0,,0,3,296,127.3,0
2025-10-19,M-E13,全电动,14.9,0,,0,2,410,152.1,1
2025-10-19,M-O01,油压,15.2,0,,0,2,491,209.5,2
2025-10-19,M-O02,油压,15.9,0,,0,2,479,282.6,2
2025-10-19,M-O03,油压,16.2,0,,0,3,511,352.9,1
2025-10-19,M-O04,油压,17.6,0,,0,3,232,335.1,4
2025-10-19,M-O05,油压,14.9,0,,0,2,568,369.2,3
2025-10-19,M-O06,油压,18.1,0,,0,4,510,523.0,2
2025-10-19,M-O07,油压,14.0,0,,0,2,453,439.7,0
2025-10-19,M-O08,油压,17.2,0,,0,3,119,794.9,0
2025-10-19,M-O09,油压,13.6,0,,0,3,405,753.7,0
2025-10-19,M-D01,双色旋转,16.6,0,,0,2,110,154.8,0
2025-10-19,M-D02,双色旋转,13.7,0,,0,2,431,516.1,4
2025-10-19,M-D03,双色旋转,16.4,0,,0.0,2,351,502.9,2
2025-10-19,M-T01,两板,18.1,0,,0,1,592,60.5,3
2025-10-19,M-T02,两板,15.5,0,,0,3,239,422.5,2
2025-10-19,M-T03,两板,13.5,0,,0,2,440,673.7,0
2025-10-19,M-T04,两板,17.5,0,,0.5,2,470,1602.6,4
2025-10-20,M-E01,全电动,13.7,0,,0.1,1,469,23.1,3
2025-10-20,M-E02,全电动,15.3,0,,0,3,190,33.0,3
2025-10-20,M-E03,全电动,13.4,0,,0,2,430,39.6,3
2025-10-20,M-E04,全电动,18.3,0,,0,2,590,49.3,2
2025-10-20,M-E05,全电动,13.2,0,,0,4,87,46.0,0
2025-10-20,M-E06,全电动,15.4,0,,0,2,431,57.0,0
2025-10-20,M-E07,全电动,18.3,0,,0,1,528,75.7,3
2025-10-20,M-E08,全电动,14.6,0,,0,2,365,73.6,1
2025-10-20,M-E09,全电动,15.1,0,,0,2,138,84.5,4
2025-10-20,M-E10,全电动,14.0,0,,0,2,406,111.8,4
2025-10-20,M-E11,全电动,14.7,0,,0,2,598,147.0,3
2025-10-20,M-E12,全电动,18.1,0,,0,2,599,216.9,3
2025-10-20,M-E13,全电动,17.0,0,,0.0,1,509,178.1,3
2025-10-20,M-O01,油压,18.7,0,,0,2,223,314.5,2
2025-10-20,M-O02,油压,16.5,0.9,模具问题,0,2,423,304.5,0
2025-10-20,M-O03,油压,18.2,0,,0.4,2,400,358.3,4
2025-10-20,M-O04,油压,16.6,0,,0,3,587,447.7,3
2025-10-20,M-O05,油压,15.4,0,,0,2,473,336.7,0
2025-10-20,M-O06,油压,17.3,0,,0,3,579,628.2,4
2025-10-20,M-O07,油压,18.2,0,,0,2,504,776.1,1
2025-10-20,M-O08,油压,18.2,0,,0,3,195,691.9,2
2025-10-20,M-O09,油压,16.5,0,,0,1,200,697.3,2
2025-10-20,M-D01,双色旋转,15.2,0,,0,1,185,133.0,4
2025-10-20,M-D02,双色旋转,16.6,0,,0,3,358,576.8,4
2025-10-20,M-D03,双色旋转,16.9,0,,0,1,156,477.4,0
2025-10-20,M-T01,两板,16.7,0,,0.4,1,253,46.3,0
2025-10-20,M-T02,两板,15.5,0,,0,3,338,437.2,0
2025-10-20,M-T03,两板,15.9,0,,0,3,166,1057.1,2
2025-10-20,M-T04,两板,15.1,0,,0.0,1,110,1340.8,2
2025-10-21,M-E01,全电动,16.4,1.6,电气故障,0,2,209,27.6,1
2025-10-21,M-E02,全电动,14.2,0,,0.3,1,476,29.5,2
2025-10-21,M-E03,全电动,13.3,0,,0,3,167,31.1,3
2025-10-21,M-E04,全电动,14.0,0,,0,1,508,42.7,3
2025-10-21,M-E05,全电动,14.0,0,,0.1,3,336,59.7,1
2025-10-21,M-E06,全电动,14.3,0,,0,1,492,58.8,2
2025-10-21,M-E07,全电动,15.1,0,,0,3,274,68.0,4
2025-10-21,M-E08,全电动,15.3,0,,0,2,270,71.9,4
2025-10-21,M-E09,全电动,18.8,0,,0.2,2,300,146.1,4
2025-10-21,M-E10,全电动,18.6,0,,0,2,230,162.0,3
2025-10-21,M-E11,全电动,16.3,0,,0,2,563,157.3,1
2025-10-21,M-E12,全电动,13.6,0,,0.4,1,440,164.2,3
2025-10-21,M-E13,全电动,15.1,0,,0,1,515,189.9,0
2025-10-21,M-O01,油压,18.7,0,,0,1,497,230.8,1
2025-10-21,M-O02,油压,18.8,0,,0,3,120,262.9,4
2025-10-21,M-O03,油压,15.9,0,,0,2,116,291.3,1
2025-10-21,M-O04,油压,17.3,0,,0,1,357,486.3,1
2025-10-21,M-O05,油压,14.8,3.5,加热系统,0,2,121,400.1,4
2025-10-21,M-O06,油压,14.3,0,,0,3,398,405.8,1
2025-10-21,M-O07,油压,18.2,0,,0,3,591,628.2,1
2025-10-21,M-O08,油压,13.9,0,,0.2,2,189,609.7,1
2025-10-21,M-O09,油压,14.8,0,,0,1,390,636.8,0
2025-10-21,M-D01,双色旋转,18.0,0,,0,3,86,164.2,4
2025-10-21,M-D02,双色旋转,17.0,0,,0,2,325,504.6,1
2025-10-21,M-D03,双色旋转,18.8,0,,0,3,138,550.8,1
2025-10-21,M-T01,两板,16.0,0,,0,1,352,60.5,4
2025-10-21,M-T02,两板,14.3,0,,0.3,1,179,310.5,4
2025-10-21,M-T03,两板,13.7,0,,0,3,199,825.0,4
2025-10-21,M-T04,两板,17.0,0,,0,3,593,1161.1,3
2025-10-22,M-E01,全电动,14.4,0,,0,2,472,31.5,4
2025-10-22,M-E02,全电动,15.5,0,,0,2,157,30.3,1
2025-10-22,M-E03,全电动,18.1,0,,0,2,365,42.7,1
2025-10-22,M-E04,全电动,14.0,0,,0,1,308,40.7,3
2025-10-22,M-E05,全电动,18.3,0,,0,4,243,72.9,1
2025-10-22,M-E06,全电动,15.8,0,,0,2,224,66.4,4
2025-10-22,M-E07,全电动,16.4,0,,0.3,2,549,80.7,1
2025-10-22,M-E08,全电动,13.1,0,,0,1,195,69.5,4
2025-10-22,M-E09,全电动,15.1,0,,0,3,280,89.9,2
2025-10-22,M-E10,全电动,18.7,0,,0,2,496,121.2,1
2025-10-22,M-E11,全电动,15.9,0,,0.4,3,352,120.0,2
2025-10-22,M-E12,全电动,14.1,0,,0,2,225,166.6,3
2025-10-22,M-E13,全电动,18.9,0,,0,2,446,165.6,3
2025-10-22,M-O01,油压,14.2,0,,0,1,240,223.3,2
2025-10-22,M-O02,油压,18.1,0,,0,1,498,257.3,2
2025-10-22,M-O03,油压,18.1,0,,0,3,134,395.9,2
2025-10-22,M-O04,油压,17.1,0,,0.2,4,343,427.0,4
2025-10-22,M-O05,油压,14.7,0,,0,2,304,352.3,2
2025-10-22,M-O06,油压,13.5,0,,0,1,413,437.8,2
2025-10-22,M-O07,油压,18.3,0,,0,2,383,627.2,4
2025-10-22,M-O08,油压,13.9,0,,0,2,260,626.3,0
2025-10-22,M-O09,油压,14.0,0,,0,2,461,570.3,4
2025-10-22,M-D01,双色旋转,18.0,0,,0,2,104,176.0,3
2025-10-22,M-D02,双色旋转,11.5,3.5,传感器异常,0,1,375,292.8,0
2025-10-22,M-D03,双色旋转,17.7,0,,0,1,461,579.1,4
2025-10-22,M-T01,两板,18.3,0,,0,4,103,51.8,0
2025-10-22,M-T02,两板,17.9,0,,0,4,463,461.3,3
2025-10-22,M-T03,两板,14.9,0,,0.2,3,362,840.2,4
2025-10-22,M-T04,两板,14.5,0,,0,2,440,1370.2,0
2025-10-23,M-E01,全电动,13.7,0,,0,2,550,25.1,4
2025-10-23,M-E02,全电动,17.0,0,,0,2,374,31.9,2
2025-10-23,M-E03,全电动,18.1,0,,0,2,221,53.5,3
2025-10-23,M-E04,全电动,13.3,0,,0.3,1,238,44.0,2
2025-10-23,M-E05,全电动,17.5,0,,0,1,173,67.6,3
2025-10-23,M-E06,全电动,18.5,0,,0,2,365,82.1,1
2025-10-23,M-E07,全电动,14.2,0,,0,2,401,64.0,1
2025-10-23,M-E08,全电动,17.4,0,,0,3,224,82.2,3
2025-10-23,M-E09,全电动,16.1,0,,0,3,235,131.0,2
2025-10-23,M-E10,全电动,16.7,0,,0,1,405,144.9,0
2025-10-23,M-E11,全电动,17.3,0,,0,2,80,143.1,4
2025-10-23,M-E12,全电动,15.2,0,,0,2,225,124.9,2
2025-10-23,M-E13,全电动,14.3,0,,0,3,256,129.2,1
2025-10-23,M-O01,油压,15.2,0,,0.1,2,427,180.2,1
2025-10-23,M-O02,油压,13.2,0,,0,1,546,178.0,2
2025-10-23,M-O03,油压,17.2,0,,0,3,449,376.4,0
2025-10-23,M-O04,油压,15.7,0,,0,2,105,436.8,4
2025-10-23,M-O05,油压,17.2,0,,0,2,203,519.5,0
2025-10-23,M-O06,油压,18.8,0,,0,2,542,611.1,2
2025-10-23,M-O07,油压,17.7,0,,0,2,385,599.0,1
2025-10-23,M-O08,油压,13.4,0,,0,2,450,612.2,3
2025-10-23,M-O09,油压,14.0,0,,0,2,439,586.5,0
2025-10-23,M-D01,双色旋转,17.3,0,,0,2,228,142.4,4
2025-10-23,M-D02,双色旋转,14.9,0,,0,2,117,553.4,2
2025-10-23,M-D03,双色旋转,14.6,0,,0,3,197,392.8,1
2025-10-23,M-T01,两板,16.9,0,,0,1,527,58.7,1
2025-10-23,M-T02,两板,18.1,0,,0,4,108,372.3,2
2025-10-23,M-T03,两板,14.7,2.7,液压系统,0,2,394,755.9,0
2025-10-23,M-T04,两板,13.1,0,,0,1,288,1150.6,1
2025-10-24,M-E01,全电动,14.5,0,,0,3,238,28.0,2
2025-10-24,M-E02,全电动,14.1,0,,0,2,262,25.4,0
2025-10-24,M-E03,全电动,16.7,0,,0,2,297,43.9,3
2025-10-24,M-E04,全电动,16.2,0,,0,1,199,50.7,3
2025-10-24,M-E05,全电动,14.2,0,,0.3,3,598,56.9,1
2025-10-24,M-E06,全电动,13.7,0,,0.0,2,164,56.6,2
2025-10-24,M-E07,全电动,18.3,0,,0,3,99,100.6,3
2025-10-24,M-E08,全电动,15.8,0,,0,1,510,106.6,2
2025-10-24,M-E09,全电动,15.9,0,,0,3,477,89.7,1
2025-10-24,M-E10,全电动,16.3,0,,0,2,440,105.1,2
2025-10-24,M-E11,全电动,17.9,0,,0,1,443,190.0,0
2025-10-24,M-E12,全电动,13.9,0,,0,1,332,146.6,3
2025-10-24,M-E13,全电动,15.9,0,,0,3,240,144.2,0
2025-10-24,M-O01,油压,16.200000000000003,2.4,液压系统,0,2,328,226.9,0
2025-10-24,M-O02,油压,16.3,0,,0,4,304,295.4,0
2025-10-24,M-O03,油压,13.9,0,,0,1,569,228.2,1
2025-10-24,M-O04,油压,14.7,0,,0,3,274,311.6,3
2025-10-24,M-O05,油压,18.9,0,,0.1,1,489,522.6,1
2025-10-24,M-O06,油压,13.9,0,,0,2,488,441.4,2
2025-10-24,M-O07,油压,16.6,0,,0,2,378,614.8,4
2025-10-24,M-O08,油压,14.2,0,,0.2,2,280,707.1,2
2025-10-24,M-O09,油压,18.8,0,,0,3,121,753.2,0
2025-10-24,M-D01,双色旋转,17.4,0,,0,2,203,135.7,0
2025-10-24,M-D02,双色旋转,15.1,0,,0.1,2,167,534.4,4
2025-10-24,M-D03,双色旋转,15.1,0,,0,2,317,393.6,3
2025-10-24,M-T01,两板,14.1,0,,0,1,572,47.5,4
2025-10-24,M-T02,两板,15.1,0,,0.3,3,517,415.1,2
2025-10-24,M-T03,两板,18.1,0,,0,4,453,971.6,4
2025-10-24,M-T04,两板,17.9,0,,0,2,239,1694.6,2
2025-10-25,M-E01,全电动,15.5,0,,0,2,279,25.3,3
2025-10-25,M-E02,全电动,15.5,0,,0,2,295,32.9,1
2025-10-25,M-E03,全电动,18.5,0,,0,3,209,47.2,2
2025-10-25,M-E04,全电动,15.7,0,,0,1,332,51.7,0
2025-10-25,M-E05,全电动,14.9,0,,0,3,476,60.0,3
2025-10-25,M-E06,全电动,17.7,0,,0,3,478,66.6,0
2025-10-25,M-E07,全电动,13.6,0,,0.1,3,180,65.0,4
2025-10-25,M-E08,全电动,14.4,0,,0,1,437,97.7,2
2025-10-25,M-E09,全电动,16.1,0,,0,2,425,111.6,4
2025-10-25,M-E10,全电动,15.6,0,,0,2,544,99.9,2
2025-10-25,M-E11,全电动,16.1,0,,0,2,341,125.8,2
2025-10-25,M-E12,全电动,13.3,0,,0,1,140,107.6,0
2025-10-25,M-E13,全电动,18.1,0,,0,1,217,171.3,1
2025-10-25,M-O01,油压,18.6,0,,0,2,88,260.5,2
2025-10-25,M-O02,油压,15.1,0,,0.2,1,265,194.6,3
2025-10-25,M-O03,油压,16.9,0,,0,2,435,381.2,3
2025-10-25,M-O04,油压,16.9,0,,0,1,362,374.7,2
2025-10-25,M-O05,油压,18.9,0,,0.3,3,469,579.2,2
2025-10-25,M-O06,油压,16.2,0,,0,3,345,565.8,4
2025-10-25,M-O07,油压,17.6,0,,0,1,492,632.9,0
2025-10-25,M-O08,油压,13.3,0,,0.1,3,319,617.1,3
2025-10-25,M-O09,油压,15.2,2.0,模具问题,0,1,163,795.5,1
2025-10-25,M-D01,双色旋转,17.1,0,,0,3,527,158.8,4
2025-10-25,M-D02,双色旋转,15.8,0,,0,3,396,525.1,0
2025-10-25,M-D03,双色旋转,15.8,0,,0,1,464,409.9,3
2025-10-25,M-T01,两板,16.5,0,,0.5,3,113,46.0,0
2025-10-25,M-T02,两板,15.9,0,,0,2,140,345.3,1
2025-10-25,M-T03,两板,16.9,0,,0,4,335,1020.3,4
2025-10-25,M-T04,两板,14.7,0,,0,1,344,956.7,4
2025-10-26,M-E01,全电动,18.8,0,,0.1,2,157,41.5,0
2025-10-26,M-E02,全电动,19.0,0,,0,1,426,33.9,4
2025-10-26,M-E03,全电动,18.7,0,,0.3,2,100,51.8,1
2025-10-26,M-E04,全电动,14.5,0,,0,2,155,49.4,4
2025-10-26,M-E05,全电动,14.3,0,,0,3,488,54.8,2
2025-10-26,M-E06,全电动,16.0,0,,0,1,321,67.8,4
2025-10-26,M-E07,全电动,18.1,0,,0,2,321,89.5,3
2025-10-26,M-E08,全电动,17.4,0,,0,2,348,89.1,4
2025-10-26,M-E09,全电动,15.3,0,,0,2,375,113.5,2
2025-10-26,M-E10,全电动,15.0,0,,0,4,204,107.6,0
2025-10-26,M-E11,全电动,15.1,0,,0.3,3,132,151.9,4
2025-10-26,M-E12,全电动,15.2,0,,0,3,301,149.5,2
2025-10-26,M-E13,全电动,18.7,0,,0,2,161,209.3,3
2025-10-26,M-O01,油压,18.6,0,,0,2,100,220.7,2
2025-10-26,M-O02,油压,15.5,0,,0,1,144,272.4,3
2025-10-26,M-O03,油压,17.7,0,,0.5,1,122,302.5,1
2025-10-26,M-O04,油压,16.4,0,,0,3,453,444.8,1
2025-10-26,M-O05,油压,18.3,0,,0,1,91,546.1,2
2025-10-26,M-O06,油压,15.5,0,,0,1,572,461.7,2
2025-10-26,M-O07,油压,13.4,0,,0,3,492,472.5,2
2025-10-26,M-O08,油压,14.6,0,,0,3,302,646.1,3
2025-10-26,M-O09,油压,13.7,0,,0.4,2,246,678.5,2
2025-10-26,M-D01,双色旋转,18.6,0,,0,2,476,186.3,4
2025-10-26,M-D02,双色旋转,17.0,0,,0,4,302,454.3,3
2025-10-26,M-D03,双色旋转,15.2,0,,0,3,459,396.1,4
2025-10-26,M-T01,两板,15.4,0,,0,1,83,43.4,2
2025-10-26,M-T02,两板,13.2,0,,0,3,486,358.4,2
2025-10-26,M-T03,两板,16.3,0,,0,2,170,813.1,4
2025-10-26,M-T04,两板,13.6,0,,0,2,322,1163.0,0
2025-10-27,M-E01,全电动,15.7,0,,0,3,300,34.6,3
2025-10-27,M-E02,全电动,17.9,0,,0,2,89,30.3,2
2025-10-27,M-E03,全电动,15.3,0,,0,2,182,38.7,3
2025-10-27,M-E04,全电动,18.0,0,,0,4,449,54.3,0
2025-10-27,M-E05,全电动,13.1,0,,0,1,177,47.5,3
2025-10-27,M-E06,全电动,14.5,0,,0,3,134,55.3,3
2025-10-27,M-E07,全电动,19.0,0,,0,5,533,81.6,3
2025-10-27,M-E08,全电动,16.7,0,,0,1,544,86.4,0
2025-10-27,M-E09,全电动,16.9,0,,0,1,509,125.2,2
2025-10-27,M-E10,全电动,18.3,0,,0.1,3,581,122.9,2
2025-10-27,M-E11,全电动,16.1,0,,0,2,528,125.0,2
2025-10-27,M-E12,全电动,15.8,0,,0,2,87,134.2,2
2025-10-27,M-E13,全电动,18.5,0,,0,1,416,184.2,4
2025-10-27,M-O01,油压,16.9,0,,0.3,3,554,256.5,2
2025-10-27,M-O02,油压,17.8,0,,0,3,321,270.9,1
2025-10-27,M-O03,油压,14.6,0,,0,1,204,287.4,3
2025-10-27,M-O04,油压,16.7,0,,0,1,290,435.8,0
2025-10-27,M-O05,油压,15.8,0,,0.0,1,574,482.5,2
2025-10-27,M-O06,油压,13.7,0,,0,2,207,507.0,2
2025-10-27,M-O07,油压,13.9,0,,0,2,446,496.3,0
2025-10-27,M-O08,油压,18.9,0,,0,2,177,895.4,2
2025-10-27,M-O09,油压,15.4,0,,0.2,3,333,799.0,1
2025-10-27,M-D01,双色旋转,14.6,0,,0,1,82,137.7,4
2025-10-27,M-D02,双色旋转,18.5,0,,0,2,382,495.2,2
2025-10-27,M-D03,双色旋转,13.6,0,,0,3,412,393.1,2
2025-10-27,M-T01,两板,16.5,0,,0,4,82,58.5,2
2025-10-27,M-T02,两板,15.5,0,,0,3,81,335.4,0
2025-10-27,M-T03,两板,19.0,0,,0,2,333,935.6,4
2025-10-27,M-T04,两板,15.3,0,,0.3,2,541,1182.0,0
2025-10-28,M-E01,全电动,17.4,0,,0,2,305,31.3,3
2025-10-28,M-E02,全电动,16.7,0,,0.1,1,536,36.9,4
2025-10-28,M-E03,全电动,15.2,0,,0,2,100,35.5,1
2025-10-28,M-E04,全电动,18.3,0,,0.2,4,125,51.4,2
2025-10-28,M-E05,全电动,14.9,0,,0,2,131,64.8,2
2025-10-28,M-E06,全电动,13.9,0,,0,3,578,52.8,0
2025-10-28,M-E07,全电动,14.0,0,,0,1,162,55.8,1
2025-10-28,M-E08,全电动,19.0,0,,0,2,211,105.3,1
2025-10-28,M-E09,全电动,17.8,0,,0,2,514,148.2,2
2025-10-28,M-E10,全电动,18.8,0,,0.1,2,484,159.5,1
2025-10-28,M-E11,全电动,13.6,0,,0,2,267,121.8,2
2025-10-28,M-E12,全电动,13.9,0,,0,1,391,139.2,1
2025-10-28,M-E13,全电动,17.1,0,,0.2,2,404,163.8,2
2025-10-28,M-O01,油压,15.7,0,,0,1,101,193.3,1
2025-10-28,M-O02,油压,14.7,0,,0,4,263,250.1,2
2025-10-28,M-O03,油压,17.1,0,,0.2,3,155,295.6,1
2025-10-28,M-O04,油压,16.7,0,,0,2,416,454.0,1
2025-10-28,M-O05,油压,19.0,0,,0,2,590,473.9,4
2025-10-28,M-O06,油压,14.8,0,,0,2,193,449.1,4
2025-10-28,M-O07,油压,16.9,0,,0,1,509,552.5,3
2025-10-28,M-O08,油压,18.2,0,,0,4,178,786.2,2
2025-10-28,M-O09,油压,15.0,0,,0,1,106,745.1,3
2025-10-28,M-D01,双色旋转,13.5,0,,0,1,394,103.4,3
2025-10-28,M-D02,双色旋转,17.1,0,,0,3,513,503.1,4
2025-10-28,M-D03,双色旋转,13.1,0,,0.2,4,408,364.8,4
2025-10-28,M-T01,两板,13.7,0,,0.2,1,231,49.2,1
2025-10-28,M-T02,两板,18.6,0,,0.2,1,431,411.0,2
2025-10-28,M-T03,两板,17.4,0,,0,4,157,856.9,2
2025-10-28,M-T04,两板,17.0,0,,0,1,335,1476.6,2
2025-10-29,M-E01,全电动,14.5,0,,0,3,193,22.6,0
2025-10-29,M-E02,全电动,16.3,0,,0,1,574,25.2,3
2025-10-29,M-E03,全电动,15.0,0,,0,3,219,47.3,1
2025-10-29,M-E04,全电动,14.7,0,,0,1,106,36.3,1
2025-10-29,M-E05,全电动,13.4,0,,0,1,409,48.1,2
2025-10-29,M-E06,全电动,15.7,0,,0,2,475,55.4,0
2025-10-29,M-E07,全电动,13.9,0,,0,3,167,65.3,2
2025-10-29,M-E08,全电动,16.7,0,,0,2,558,99.5,0
2025-10-29,M-E09,全电动,15.3,0,,0,1,100,113.5,3
2025-10-29,M-E10,全电动,15.7,0,,0,2,439,140.9,0
2025-10-29,M-E11,全电动,16.4,0,,0,4,499,159.2,0
2025-10-29,M-E12,全电动,13.6,0,,0.4,2,106,138.7,2
2025-10-29,M-E13,全电动,14.6,0,,0,1,526,142.6,0
2025-10-29,M-O01,油压,18.4,0,,0,2,543,274.1,2
2025-10-29,M-O02,油压,15.8,0,,0,3,449,259.2,3
2025-10-29,M-O03,油压,13.2,0,,0,3,249,202.8,3
2025-10-29,M-O04,油压,18.2,0,,0,1,350,494.2,0
2025-10-29,M-O05,油压,17.3,0,,0,1,404,433.2,1
2025-10-29,M-O06,油压,17.6,0,,0,2,491,469.9,4
2025-10-29,M-O07,油压,14.4,0,,0,1,144,436.1,3
2025-10-29,M-O08,油压,17.9,0,,0,1,344,640.3,2
2025-10-29,M-O09,油压,17.6,0,,0,3,320,785.5,3
2025-10-29,M-D01,双色旋转,16.1,0,,0,1,379,166.1,2
2025-10-29,M-D02,双色旋转,16.5,0,,0,3,332,558.1,3
2025-10-29,M-D03,双色旋转,14.1,0,,0,2,333,524.9,2
2025-10-29,M-T01,两板,14.8,0,,0,3,547,41.5,0
2025-10-29,M-T02,两板,17.7,0,,0,2,122,425.0,0
2025-10-29,M-T03,两板,13.2,0,,0.1,2,263,850.5,2
2025-10-29,M-T04,两板,13.4,0,,0,2,475,1070.7,1
2025-10-30,M-E01,全电动,17.7,0,,0,3,123,31.7,1
2025-10-30,M-E02,全电动,17.4,0,,0,3,309,26.6,0
2025-10-30,M-E03,全电动,13.8,0,,0,2,97,36.1,4
2025-10-30,M-E04,全电动,16.3,0,,0,2,184,48.5,0
2025-10-30,M-E05,全电动,17.3,0,,0,1,546,57.1,2
2025-10-30,M-E06,全电动,13.6,0,,0,1,599,44.5,0
2025-10-30,M-E07,全电动,15.4,0,,0,2,349,60.2,4
2025-10-30,M-E08,全电动,18.3,0,,0,3,223,87.8,3
2025-10-30,M-E09,全电动,16.4,0,,0,3,383,120.2,1
2025-10-30,M-E10,全电动,16.2,0,,0,1,485,147.3,4
2025-10-30,M-E11,全电动,14.2,0,,0,3,397,148.5,3
2025-10-30,M-E12,全电动,15.2,0,,0,1,282,169.3,1
2025-10-30,M-E13,全电动,17.4,0,,0,5,230,171.1,0
2025-10-30,M-O01,油压,18.1,0,,0.3,2,437,217.4,0
2025-10-30,M-O02,油压,18.6,0,,0,1,442,322.1,0
2025-10-30,M-O03,油压,17.2,0,,0,3,87,374.6,0
2025-10-30,M-O04,油压,18.4,0,,0,1,501,395.7,4
2025-10-30,M-O05,油压,15.3,0,,0.3,2,556,464.2,3
2025-10-30,M-O06,油压,18.2,0,,0,2,112,629.9,2
2025-10-30,M-O07,油压,14.3,0,,0,2,500,590.4,2
2025-10-30,M-O08,油压,16.6,0,,0,2,479,603.9,0
2025-10-30,M-O09,油压,18.6,0,,0,3,149,1056.0,3
2025-10-30,M-D01,双色旋转,16.3,0,,0,2,250,153.1,1
2025-10-30,M-D02,双色旋转,14.9,0,,0,1,414,489.5,2
2025-10-30,M-D03,双色旋转,15.2,0,,0,3,494,520.4,2
2025-10-30,M-T01,两板,17.9,0,,0,1,457,62.2,4
2025-10-30,M-T02,两板,17.9,0,,0,2,242,409.9,2
2025-10-30,M-T03,两板,16.6,0,,0,2,423,796.6,0
2025-10-30,M-T04,两板,14.0,0,,0,2,83,1174.7,1
2025-10-31,M-E01,全电动,15.4,0,,0,1,168,28.7,0
2025-10-31,M-E02,全电动,15.8,0,,0,1,210,25.7,3
2025-10-31,M-E03,全电动,17.7,0,,0,3,511,52.1,1
2025-10-31,M-E04,全电动,14.7,0,,0,4,171,47.2,4
2025-10-31,M-E05,全电动,13.2,0,,0,2,227,50.5,1
2025-10-31,M-E06,全电动,14.7,0,,0,3,124,53.3,3
2025-10-31,M-E07,全电动,15.9,0,,0,2,457,68.1,2
2025-10-31,M-E08,全电动,18.0,0,,0,2,185,123.1,4
2025-10-31,M-E09,全电动,16.8,0,,0,2,485,121.8,1
2025-10-31,M-E10,全电动,17.4,0,,0,1,432,144.1,0
2025-10-31,M-E11,全电动,18.9,0,,0,3,594,147.1,3
2025-10-31,M-E12,全电动,16.8,0,,0,3,215,152.0,3
2025-10-31,M-E13,全电动,11.700000000000001,1.7,加热系统,0,2,85,110.2,1
2025-10-31,M-O01,油压,17.5,0,,0,3,354,207.5,0
2025-10-31,M-O02,油压,13.2,0,,0,3,374,219.5,2
2025-10-31,M-O03,油压,14.0,0,,0,3,412,226.6,4
2025-10-31,M-O04,油压,13.8,0,,0,2,503,276.9,4
2025-10-31,M-O05,油压,18.6,0,,0,2,111,467.1,1
2025-10-31,M-O06,油压,13.5,0,,0,3,568,468.4,1
2025-10-31,M-O07,油压,16.0,0,,0,2,227,575.5,4
2025-10-31,M-O08,油压,14.2,0,,0.1,2,487,733.0,2
2025-10-31,M-O09,油压,18.8,0,,0,2,326,971.1,3
2025-10-31,M-D01,双色旋转,17.9,0,,0.5,2,540,180.4,3
2025-10-31,M-D02,双色旋转,14.9,0,,0,2,263,538.8,0
2025-10-31,M-D03,双色旋转,14.7,0,,0,1,469,479.3,0
2025-10-31,M-T01,两板,19.0,0,,0,2,180,70.4,0
2025-10-31,M-T02,两板,18.6,0,,0,3,91,446.0,2
2025-10-31,M-T03,两板,14.0,0,,0,2,497,759.1,4
2025-10-31,M-T04,两板,18.3,0,,0,2,447,1244.7,1
2025-11-01,M-E01,全电动,17.5,0,,0.1,2,134,32.3,3
2025-11-01,M-E02,全电动,18.7,0,,0,3,343,40.8,2
2025-11-01,M-E03,全电动,18.8,0,,0,3,249,60.1,0
2025-11-01,M-E04,全电动,16.1,0,,0,1,218,49.5,1
2025-11-01,M-E05,全电动,18.7,0,,0.1,2,487,80.4,1
2025-11-01,M-E06,全电动,13.1,1.4,液压系统,0,3,410,52.3,3
2025-11-01,M-E07,全电动,18.9,0,,0,1,131,106.4,2
2025-11-01,M-E08,全电动,12.600000000000001,0.7,加热系统,0,2,294,69.3,2
2025-11-01,M-E09,全电动,14.5,0,,0,2,92,102.4,2
2025-11-01,M-E10,全电动,14.4,0,,0,2,225,99.2,0
2025-11-01,M-E11,全电动,16.7,0,,0,2,386,147.8,0
2025-11-01,M-E12,全电动,15.8,0,,0,4,164,137.7,2
2025-11-01,M-E13,全电动,17.9,0,,0,3,366,178.3,1
2025-11-01,M-O01,油压,15.5,0,,0,1,525,239.7,3
2025-11-01,M-O02,油压,16.9,0,,0,1,294,215.0,1
2025-11-01,M-O03,油压,13.4,0,,0,2,147,217.7,3
2025-11-01,M-O04,油压,16.2,0,,0,4,222,443.8,4
2025-11-01,M-O05,油压,15.1,0,,0,2,314,454.4,0
2025-11-01,M-O06,油压,15.1,0,,0,2,359,558.8,3
2025-11-01,M-O07,油压,18.5,0,,0,1,359,799.7,0
2025-11-01,M-O08,油压,16.9,0,,0,1,432,720.2,3
2025-11-01,M-O09,油压,14.3,0,,0,2,529,629.7,4
2025-11-01,M-D01,双色旋转,14.1,0,,0,3,539,137.1,0
2025-11-01,M-D02,双色旋转,13.7,0,,0,2,388,386.0,1
2025-11-01,M-D03,双色旋转,13.3,0,,0,3,173,393.6,3
2025-11-01,M-T01,两板,13.3,0,,0,2,567,40.9,1
2025-11-01,M-T02,两板,15.3,0,,0,2,408,405.6,3
2025-11-01,M-T03,两板,17.6,0,,0,2,232,1186.6,1
2025-11-01,M-T04,两板,17.3,0,,0.4,2,181,1304.8,2
2025-11-02,M-E01,全电动,15.8,0,,0,3,460,32.0,4
2025-11-02,M-E02,全电动,18.0,0,,0,3,399,33.7,2
2025-11-02,M-E03,全电动,18.6,0,,0,3,466,49.1,3
2025-11-02,M-E04,全电动,15.6,0,,0.5,2,258,40.1,4
2025-11-02,M-E05,全电动,13.4,0,,0,3,257,59.8,4
2025-11-02,M-E06,全电动,14.8,0,,0,1,550,49.0,2
2025-11-02,M-E07,全电动,14.3,0,,0,3,368,71.0,0
2025-11-02,M-E08,全电动,13.1,0,,0,2,119,66.4,0
2025-11-02,M-E09,全电动,13.8,0,,0,3,270,101.3,0
2025-11-02,M-E10,全电动,14.0,0,,0,3,173,114.1,3
2025-11-02,M-E11,全电动,14.5,0,,0.1,1,140,114.1,1
2025-11-02,M-E12,全电动,14.7,3.3,液压系统,0,1,440,172.3,1
2025-11-02,M-E13,全电动,14.3,0,,0,1,134,181.3,0
2025-11-02,M-O01,油压,15.2,0,,0,2,472,208.1,3
2025-11-02,M-O02,油压,14.5,0,,0,1,515,204.0,3
2025-11-02,M-O03,油压,17.7,0,,0,1,341,285.5,1
2025-11-02,M-O04,油压,13.5,0,,0,3,459,271.1,0
2025-11-02,M-O05,油压,15.8,0,,0,1,256,373.7,0
2025-11-02,M-O06,油压,19.0,0,,0,3,532,475.9,0
2025-11-02,M-O07,油压,14.3,0,,0,3,517,482.6,4
2025-11-02,M-O08,油压,16.3,0,,0,1,98,683.9,2
2025-11-02,M-O09,油压,14.8,0,,0,3,446,762.8,3
2025-11-02,M-D01,双色旋转,18.8,0,,0,3,387,133.3,2
2025-11-02,M-D02,双色旋转,18.3,0,,0,1,477,647.7,4
2025-11-02,M-D03,双色旋转,17.7,0,,0,4,444,472.1,4
2025-11-02,M-T01,两板,15.0,0,,0,1,365,39.8,2
2025-11-02,M-T02,两板,19.0,0,,0,1,326,536.4,0
2025-11-02,M-T03,两板,17.0,0,,0,3,401,785.4,3
2025-11-02,M-T04,两板,13.7,0,,0,2,239,1091.1,0
2025-11-03,M-E01,全电动,15.4,0,,0,3,497,32.8,3
2025-11-03,M-E02,全电动,15.4,0,,0,2,257,33.9,1
2025-11-03,M-E03,全电动,13.0,0,,0,1,301,32.5,1
2025-11-03,M-E04,全电动,14.7,0,,0.2,3,140,42.6,4
2025-11-03,M-E05,全电动,18.8,0,,0,2,550,70.5,2
2025-11-03,M-E06,全电动,15.3,0,,0,2,161,56.6,4
2025-11-03,M-E07,全电动,14.7,0,,0,1,175,81.4,2
2025-11-03,M-E08,全电动,15.599999999999998,2.8,模具问题,0,2,366,96.4,1
2025-11-03,M-E09,全电动,15.5,0,,0,1,236,90.9,0
2025-11-03,M-E10,全电动,13.4,0,,0,1,502,94.6,3
2025-11-03,M-E11,全电动,13.7,0,,0.4,1,278,107.0,4
2025-11-03,M-E12,全电动,14.7,0,,0,2,404,126.8,3
2025-11-03,M-E13,全电动,13.6,0,,0,2,222,121.9,0
2025-11-03,M-O01,油压,17.7,0,,0,2,444,262.5,4
2025-11-03,M-O02,油压,16.2,0.8,加热系统,0,1,213,238.4,3
2025-11-03,M-O03,油压,17.3,0,,0.2,2,425,280.8,1
2025-11-03,M-O04,油压,19.0,0,,0,1,439,428.9,1
2025-11-03,M-O05,油压,15.1,0,,0,2,359,458.0,1
2025-11-03,M-O06,油压,18.1,0,,0,2,569,590.7,2
2025-11-03,M-O07,油压,18.6,0,,0,2,533,664.8,3
2025-11-03,M-O08,油压,16.8,0,,0,2,223,867.8,2
2025-11-03,M-O09,油压,18.6,0,,0.5,2,485,1050.3,2
2025-11-03,M-D01,双色旋转,13.2,0,,0,1,566,112.2,2
2025-11-03,M-D02,双色旋转,19.0,0,,0,2,112,482.5,4
2025-11-03,M-D03,双色旋转,13.6,0,,0,2,91,474.0,2
2025-11-03,M-T01,两板,17.8,0,,0,2,208,48.5,4
2025-11-03,M-T02,两板,16.2,0,,0.5,2,314,384.0,0
2025-11-03,M-T03,两板,18.6,0,,0,2,208,1202.8,3
2025-11-03,M-T04,两板,16.5,0,,0,3,209,1512.4,0
2025-11-04,M-E01,全电动,15.4,0,,0.4,2,518,25.9,3
2025-11-04,M-E02,全电动,16.2,0,,0,3,510,25.8,3
2025-11-04,M-E03,全电动,18.3,0,,0,3,410,45.6,0
2025-11-04,M-E04,全电动,16.0,0,,0,2,87,46.9,0
2025-11-04,M-E05,全电动,17.2,0,,0,2,312,77.9,1
2025-11-04,M-E06,全电动,16.9,0,,0,1,352,53.3,3
2025-11-04,M-E07,全电动,15.3,0,,0,2,459,84.7,4
2025-11-04,M-E08,全电动,16.8,0,,0,4,205,91.0,2
2025-11-04,M-E09,全电动,17.5,0,,0.5,1,114,111.0,3
2025-11-04,M-E10,全电动,16.1,0,,0,1,517,116.1,4
2025-11-04,M-E11,全电动,18.7,0,,0,2,228,170.8,3
2025-11-04,M-E12,全电动,13.3,0,,0,2,427,159.3,2
2025-11-04,M-E13,全电动,14.4,0,,0.5,2,215,142.2,0
2025-11-04,M-O01,油压,13.3,0,,0,2,530,212.1,3
2025-11-04,M-O02,油压,16.5,0,,0,2,176,252.4,2
2025-11-04,M-O03,油压,16.2,0,,0,2,136,324.8,0
2025-11-04,M-O04,油压,17.9,0,,0.3,2,533,417.0,3
2025-11-04,M-O05,油压,15.0,0,,0,4,541,388.8,2
2025-11-04,M-O06,油压,17.1,0,,0,2,210,450.1,2
2025-11-04,M-O07,油压,17.6,0,,0,2,107,592.5,4
2025-11-04,M-O08,油压,18.2,0,,0.4,3,94,800.8,2
2025-11-04,M-O09,油压,17.7,0,,0,1,199,834.1,2
2025-11-04,M-D01,双色旋转,16.2,0,,0,4,276,134.9,4
2025-11-04,M-D02,双色旋转,13.4,0,,0,1,461,449.3,0
2025-11-04,M-D03,双色旋转,18.7,0,,0,2,505,629.2,1
2025-11-04,M-T01,两板,15.3,0,,0,1,533,51.4,2
2025-11-04,M-T02,两板,14.6,0,,0,1,203,347.8,0
2025-11-04,M-T03,两板,13.1,0,,0,3,486,846.3,2
2025-11-04,M-T04,两板,15.1,0,,0,1,590,1311.8,2
2025-11-05,M-E01,全电动,13.4,0,,0,2,402,27.2,3
2025-11-05,M-E02,全电动,14.2,0,,0,1,549,22.4,3
2025-11-05,M-E03,全电动,18.3,0,,0,2,403,56.5,1
2025-11-05,M-E04,全电动,14.0,0,,0,2,437,34.7,1
2025-11-05,M-E05,全电动,14.9,0,,0,2,498,46.9,1
2025-11-05,M-E06,全电动,14.6,0,,0,2,226,50.7,1
2025-11-05,M-E07,全电动,18.2,0,,0,2,240,100.5,0
2025-11-05,M-E08,全电动,16.1,0,,0,3,114,99.3,4
2025-11-05,M-E09,全电动,16.3,0,,0,1,440,120.1,3
2025-11-05,M-E10,全电动,18.3,0,,0,2,498,140.2,3
2025-11-05,M-E11,全电动,18.1,0,,0,2,444,140.2,4
2025-11-05,M-E12,全电动,17.9,0,,0,2,369,182.1,4
2025-11-05,M-E13,全电动,13.799999999999999,0.8,电气故障,0.3,2,566,127.9,2
2025-11-05,M-O01,油压,15.4,0,,0,2,132,226.8,3
2025-11-05,M-O02,油压,17.9,0,,0,2,566,268.3,0
2025-11-05,M-O03,油压,15.8,0,,0,3,282,238.7,4
2025-11-05,M-O04,油压,16.5,0,,0,1,353,453.5,0
2025-11-05,M-O05,油压,18.0,0,,0,3,85,418.7,4
2025-11-05,M-O06,油压,13.2,0,,0,1,180,358.5,1
2025-11-05,M-O07,油压,15.2,0,,0,2,390,590.7,0
2025-11-05,M-O08,油压,16.7,0,,0,4,365,644.4,2
2025-11-05,M-O09,油压,16.7,0,,0,1,565,862.6,1
2025-11-05,M-D01,双色旋转,16.4,0,,0.0,3,517,170.5,3
2025-11-05,M-D02,双色旋转,15.8,0,,0.2,1,119,471.7,2
2025-11-05,M-D03,双色旋转,15.2,0,,0,2,265,555.1,3
2025-11-05,M-T01,两板,16.9,0,,0,4,85,51.6,0
2025-11-05,M-T02,两板,14.7,0,,0,3,321,426.8,0
2025-11-05,M-T03,两板,17.1,0,,0,1,342,1092.4,4
2025-11-05,M-T04,两板,17.5,0,,0,4,501,1153.8,0
2025-11-06,M-E01,全电动,14.1,0,,0,1,302,23.5,3
2025-11-06,M-E02,全电动,17.6,0,,0,2,239,32.3,2
2025-11-06,M-E03,全电动,15.5,0,,0,2,448,35.7,4
2025-11-06,M-E04,全电动,18.3,0,,0,2,202,61.0,2
2025-11-06,M-E05,全电动,17.1,0,,0,3,526,63.4,2
2025-11-06,M-E06,全电动,14.7,0,,0.0,4,377,53.2,3
2025-11-06,M-E07,全电动,17.4,0,,0,2,562,76.0,3
2025-11-06,M-E08,全电动,15.4,0,,0,2,314,74.8,2
2025-11-06,M-E09,全电动,18.2,0,,0,3,159,142.6,0
2025-11-06,M-E10,全电动,13.2,0,,0,2,461,121.2,3
2025-11-06,M-E11,全电动,14.5,0,,0,2,180,135.6,1
2025-11-06,M-E12,全电动,14.5,0,,0,4,282,127.4,1
2025-11-06,M-E13,全电动,14.0,0,,0.0,3,187,125.9,3
2025-11-06,M-O01,油压,15.7,0,,0,1,593,194.7,0
2025-11-06,M-O02,油压,18.8,0,,0,2,555,336.5,1
2025-11-06,M-O03,油压,15.7,0,,0.1,1,559,279.2,4
2025-11-06,M-O04,油压,19.0,0,,0,1,246,457.7,1
2025-11-06,M-O05,油压,15.6,0,,0,1,85,398.8,2
2025-11-06,M-O06,油压,15.1,1.9,模具问题,0.1,2,244,409.9,4
2025-11-06,M-O07,油压,17.0,0,,0,3,127,567.0,2
2025-11-06,M-O08,油压,14.2,0,,0,1,402,648.6,1
2025-11-06,M-O09,油压,16.5,0,,0.1,1,501,915.3,1
2025-11-06,M-D01,双色旋转,16.0,0,,0,1,273,149.1,4
2025-11-06,M-D02,双色旋转,16.8,0,,0.1,1,108,556.0,0
2025-11-06,M-D03,双色旋转,13.6,0,,0,3,596,358.8,1
2025-11-06,M-T01,两板,13.7,0,,0,1,531,39.1,1
2025-11-06,M-T02,两板,18.7,0,,0,1,394,384.3,1
2025-11-06,M-T03,两板,13.1,0,,0,1,169,629.4,3
2025-11-06,M-T04,两板,15.8,0,,0.3,2,361,1389.3,3
2025-11-07,M-E01,全电动,13.3,0,,0.1,1,491,24.1,1
2025-11-07,M-E02,全电动,18.0,0,,0,1,223,37.2,4
2025-11-07,M-E03,全电动,16.3,0,,0,2,273,46.4,2
2025-11-07,M-E04,全电动,18.2,0,,0,3,301,59.1,0
2025-11-07,M-E05,全电动,15.2,0,,0,1,489,63.9,1
2025-11-07,M-E06,全电动,17.1,0,,0,1,261,60.2,1
2025-11-07,M-E07,全电动,15.8,0,,0.1,1,558,71.0,1
2025-11-07,M-E08,全电动,14.9,0,,0,2,470,72.3,3
2025-11-07,M-E09,全电动,14.1,0,,0,2,427,88.7,0
2025-11-07,M-E10,全电动,17.6,0,,0,2,470,137.7,0
2025-11-07,M-E11,全电动,15.8,0,,0.2,2,592,121.9,2
2025-11-07,M-E12,全电动,15.0,0,,0,2,181,146.7,2
2025-11-07,M-E13,全电动,11.0,2.2,液压系统,0,3,496,108.4,1
2025-11-07,M-O01,油压,13.5,0,,0,1,397,160.6,4
2025-11-07,M-O02,油压,16.1,0,,0,1,355,303.4,4
2025-11-07,M-O03,油压,16.8,0,,0,2,388,349.9,2
2025-11-07,M-O04,油压,16.3,0,,0,1,376,374.7,0
2025-11-07,M-O05,油压,13.8,0,,0,1,249,354.5,3
2025-11-07,M-O06,油压,14.8,0,,0,1,565,413.4,1
2025-11-07,M-O07,油压,18.1,0,,0,1,111,661.0,1
2025-11-07,M-O08,油压,14.0,0,,0,2,112,577.7,4
2025-11-07,M-O09,油压,17.3,0,,0,3,505,829.3,2
2025-11-07,M-D01,双色旋转,14.6,0,,0.3,3,502,105.1,0
2025-11-07,M-D02,双色旋转,16.3,0,,0.3,3,272,461.2,3
2025-11-07,M-D03,双色旋转,18.5,0,,0,3,400,466.1,4
2025-11-07,M-T01,两板,18.8,0,,0,1,451,53.5,0
2025-11-07,M-T02,两板,17.9,0,,0.4,1,372,469.7,0
2025-11-07,M-T03,两板,18.0,0,,0,1,387,817.1,4
2025-11-07,M-T04,两板,18.4,0,,0.5,3,563,1528.9,3
2025-11-08,M-E01,全电动,15.2,0,,0,3,445,25.3,4
2025-11-08,M-E02,全电动,17.9,0,,0,1,328,37.1,3
2025-11-08,M-E03,全电动,14.5,0,,0,2,194,37.1,4
2025-11-08,M-E04,全电动,14.0,0,,0,3,343,38.2,4
2025-11-08,M-E05,全电动,15.1,0,,0,2,572,47.7,1
2025-11-08,M-E06,全电动,17.5,0,,0,3,530,65.7,3
2025-11-08,M-E07,全电动,17.2,0,,0,4,587,65.7,3
2025-11-08,M-E08,全电动,14.2,0,,0,3,126,86.7,0
2025-11-08,M-E09,全电动,17.2,0,,0,1,189,112.3,1
2025-11-08,M-E10,全电动,17.1,0,,0,1,559,121.7,0
2025-11-08,M-E11,全电动,18.6,0,,0,3,143,181.5,3
2025-11-08,M-E12,全电动,17.1,0,,0.2,1,296,198.6,2
2025-11-08,M-E13,全电动,18.0,0,,0,2,211,204.8,3
2025-11-08,M-O01,油压,15.4,0,,0,2,400,188.7,0
2025-11-08,M-O02,油压,14.0,0,,0,3,592,235.0,2
2025-11-08,M-O03,油压,17.5,0,,0,1,474,304.9,1
2025-11-08,M-O04,油压,13.8,0,,0,3,116,279.8,0
2025-11-08,M-O05,油压,13.0,0,,0.0,1,137,304.0,3
2025-11-08,M-O06,油压,17.8,0,,0,3,551,635.0,0
2025-11-08,M-O07,油压,16.7,0,,0,1,109,708.6,2
2025-11-08,M-O08,油压,18.3,0,,0.3,3,417,732.1,4
2025-11-08,M-O09,油压,17.6,0,,0,1,576,960.0,1
2025-11-08,M-D01,双色旋转,16.7,0,,0,3,357,145.6,2
2025-11-08,M-D02,双色旋转,16.6,0,,0.2,3,184,478.1,1
2025-11-08,M-D03,双色旋转,13.9,0,,0,1,301,438.4,0
2025-11-08,M-T01,两板,16.1,0,,0.2,1,338,43.7,4
2025-11-08,M-T02,两板,16.8,0,,0,3,251,378.3,1
2025-11-08,M-T03,两板,13.1,0,,0,1,253,640.2,4
2025-11-08,M-T04,两板,14.9,0,,0,2,337,1256.6,2
2025-11-09,M-E01,全电动,18.7,0,,0,4,100,33.8,1
2025-11-09,M-E02,全电动,18.7,0,,0,1,376,42.0,2
2025-11-09,M-E03,全电动,13.1,0,,0,1,252,34.0,4
2025-11-09,M-E04,全电动,17.2,0,,0.0,3,504,55.4,1
2025-11-09,M-E05,全电动,16.9,0,,0,1,138,66.9,1
2025-11-09,M-E06,全电动,12.4,3.5,模具问题,0,1,117,47.2,1
2025-11-09,M-E07,全电动,13.8,0,,0,2,285,74.8,3
2025-11-09,M-E08,全电动,15.7,0,,0,2,397,84.5,2
2025-11-09,M-E09,全电动,16.1,0,,0,2,105,116.5,1
2025-11-09,M-E10,全电动,13.1,0,,0,1,295,96.9,0
2025-11-09,M-E11,全电动,18.4,0,,0,3,242,168.6,3
2025-11-09,M-E12,全电动,14.3,0,,0,1,386,126.3,0
2025-11-09,M-E13,全电动,18.6,0,,0,2,599,227.6,4
2025-11-09,M-O01,油压,16.6,1.4,模具问题,0,3,274,222.2,1
2025-11-09,M-O02,油压,14.399999999999999,2.0,液压系统,0,1,111,222.4,3
2025-11-09,M-O03,油压,14.9,0,,0,2,87,334.5,1
2025-11-09,M-O04,油压,14.3,0,,0,3,295,268.7,1
2025-11-09,M-O05,油压,13.9,0,,0.2,2,480,320.8,1
2025-11-09,M-O06,油压,15.2,0,,0,1,592,477.1,1
2025-11-09,M-O07,油压,16.7,0,,0,4,143,729.2,0
2025-11-09,M-O08,油压,16.9,0,,0,1,137,891.3,4
2025-11-09,M-O09,油压,15.5,0,,0,3,245,803.5,4
2025-11-09,M-D01,双色旋转,17.8,0,,0,2,268,174.3,1
2025-11-09,M-D02,双色旋转,16.2,0,,0,1,458,581.0,0
2025-11-09,M-D03,双色旋转,18.5,0,,0,1,478,520.9,1
2025-11-09,M-T01,两板,13.0,0,,0,2,588,33.4,3
2025-11-09,M-T02,两板,17.2,0,,0,2,422,404.4,2
2025-11-09,M-T03,两板,13.7,0,,0.0,2,298,908.6,0
2025-11-09,M-T04,两板,15.6,0,,0.5,2,480,1306.4,3
2025-11-10,M-E01,全电动,13.7,0,,0,3,242,28.8,4
2025-11-10,M-E02,全电动,15.4,0,,0,1,472,30.7,0
2025-11-10,M-E03,全电动,17.6,0,,0,3,594,48.9,4
2025-11-10,M-E04,全电动,16.1,0,,0,1,110,42.7,0
2025-11-10,M-E05,全电动,15.9,0,,0,1,548,56.6,4
2025-11-10,M-E06,全电动,16.7,0,,0,3,488,61.8,3
2025-11-10,M-E07,全电动,17.3,0,,0,2,599,82.8,0
2025-11-10,M-E08,全电动,14.5,0,,0,2,308,84.1,2
2025-11-10,M-E09,全电动,13.5,0,,0,3,551,77.4,4
2025-11-10,M-E10,全电动,16.9,0,,0.0,1,85,145.2,0
2025-11-10,M-E11,全电动,15.5,0,,0,4,553,162.9,4
2025-11-10,M-E12,全电动,16.2,0,,0,2,337,171.5,4
2025-11-10,M-E13,全电动,18.2,0,,0,1,81,212.8,1
2025-11-10,M-O01,油压,16.5,0,,0,1,139,237.7,0
2025-11-10,M-O02,油压,16.3,0,,0,2,408,243.8,2
2025-11-10,M-O03,油压,18.5,0,,0.4,3,405,394.5,2
2025-11-10,M-O04,油压,17.9,0,,0,2,242,454.4,2
2025-11-10,M-O05,油压,17.0,0,,0,1,388,516.8,1
2025-11-10,M-O06,油压,16.4,0,,0,3,565,479.2,2
2025-11-10,M-O07,油压,16.8,0,,0,1,328,754.5,3
2025-11-10,M-O08,油压,17.0,0,,0,4,556,861.7,4
2025-11-10,M-O09,油压,18.3,0,,0.2,1,230,1105.8,0
2025-11-10,M-D01,双色旋转,17.2,0,,0,3,575,163.9,2
2025-11-10,M-D02,双色旋转,16.4,1.3,电气故障,0.2,3,447,593.0,3
2025-11-10,M-D03,双色旋转,16.7,0,,0,3,303,460.2,3
2025-11-10,M-T01,两板,17.1,0,,0,2,308,48.9,0
2025-11-10,M-T02,两板,14.3,0,,0,3,148,388.0,0
2025-11-10,M-T03,两板,17.2,0,,0,1,271,1134.5,2
2025-11-10,M-T04,两板,18.4,0,,0.2,1,187,1466.7,3
2025-11-11,M-E01,全电动,16.9,0,,0.3,2,165,30.8,4
2025-11-11,M-E02,全电动,15.1,0,,0,2,193,34.3,4
2025-11-11,M-E03,全电动,13.8,0,,0,2,406,45.5,4
2025-11-11,M-E04,全电动,13.9,0,,0,2,323,32.4,1
2025-11-11,M-E05,全电动,17.2,0,,0,3,368,73.7,4
2025-11-11,M-E06,全电动,13.7,0,,0.5,2,432,50.6,2
2025-11-11,M-E07,全电动,16.2,0,,0.3,1,448,82.9,4
2025-11-11,M-E08,全电动,14.1,0,,0,2,81,82.8,0
2025-11-11,M-E09,全电动,17.6,0,,0,1,290,108.9,2
2025-11-11,M-E10,全电动,16.3,0,,0,3,297,149.0,2
2025-11-11,M-E11,全电动,17.9,0,,0,1,507,176.2,4
2025-11-11,M-E12,全电动,13.8,0,,0,1,475,139.9,2
2025-11-11,M-E13,全电动,14.5,0,,0,2,470,186.8,2
2025-11-11,M-O01,油压,14.2,0,,0,3,165,162.4,3
2025-11-11,M-O02,油压,13.1,0,,0.1,2,80,172.2,1
2025-11-11,M-O03,油压,17.9,0,,0,3,382,335.8,2
2025-11-11,M-O04,油压,18.5,0,,0,1,217,397.1,3
2025-11-11,M-O05,油压,15.5,0,,0,2,356,386.6,3
2025-11-11,M-O06,油压,16.9,0,,0.4,4,325,600.5,1
2025-11-11,M-O07,油压,17.8,0,,0,2,273,635.8,4
2025-11-11,M-O08,油压,14.7,0,,0,2,174,744.3,0
2025-11-11,M-O09,油压,13.9,0,,0.1,1,83,627.1,2
2025-11-11,M-D01,双色旋转,18.4,0,,0,3,563,190.9,4
2025-11-11,M-D02,双色旋转,14.9,0,,0.5,2,459,394.0,2
2025-11-11,M-D03,双色旋转,13.2,0,,0,1,276,336.7,2
2025-11-11,M-T01,两板,15.6,0,,0,3,150,45.6,3
2025-11-11,M-T02,两板,13.8,0,,0.1,1,598,276.5,2
2025-11-11,M-T03,两板,16.8,0,,0,3,243,969.7,3
2025-11-11,M-T04,两板,13.8,0,,0,3,259,1135.9,4
2025-11-12,M-E01,全电动,16.5,0,,0,1,199,27.0,0
2025-11-12,M-E02,全电动,15.0,0,,0,3,535,25.6,4
2025-11-12,M-E03,全电动,16.3,0,,0,3,597,37.9,1
2025-11-12,M-E04,全电动,18.3,0,,0,1,357,59.5,1
2025-11-12,M-E05,全电动,13.4,0,,0.4,3,423,41.5,0
2025-11-12,M-E06,全电动,17.6,0,,0,2,443,77.6,3
2025-11-12,M-E07,全电动,17.0,0,,0,1,568,69.4,0
2025-11-12,M-E08,全电动,15.6,0,,0,2,294,101.8,4
2025-11-12,M-E09,全电动,13.9,0,,0,1,567,97.0,1
2025-11-12,M-E10,全电动,17.5,0,,0,2,300,135.6,3
2025-11-12,M-E11,全电动,18.4,0,,0,3,290,181.4,4
2025-11-12,M-E12,全电动,17.3,0,,0,2,401,205.7,1
2025-11-12,M-E13,全电动,13.9,0,,0.1,2,427,133.0,1
2025-11-12,M-O01,油压,18.9,0,,0,2,248,233.5,2
2025-11-12,M-O02,油压,13.6,0,,0,3,591,180.8,3
2025-11-12,M-O03,油压,15.6,0,,0,3,500,267.7,0
2025-11-12,M-O04,油压,18.8,0,,0,4,453,401.4,4
2025-11-12,M-O05,油压,18.9,0,,0,1,474,444.9,2
2025-11-12,M-O06,油压,13.4,0,,0.4,3,491,399.4,3
2025-11-12,M-O07,油压,18.9,0,,0,2,385,592.5,3
2025-11-12,M-O08,油压,17.6,0,,0,3,565,677.9,3
2025-11-12,M-O09,油压,14.9,0,,0.2,2,320,694.5,0
2025-11-12,M-D01,双色旋转,15.2,0,,0,3,331,157.3,2
2025-11-12,M-D02,双色旋转,14.5,0,,0,1,213,504.6,0
2025-11-12,M-D03,双色旋转,13.7,0,,0,2,307,384.6,4
2025-11-12,M-T01,两板,17.2,0,,0,3,353,58.5,2
2025-11-12,M-T02,两板,16.4,0,,0,1,509,447.6,2
2025-11-12,M-T03,两板,16.2,1.6,加热系统,0,2,409,749.3,4
2025-11-12,M-T04,两板,17.9,0,,0.0,3,520,1381.8,4
2025-11-13,M-E01,全电动,16.0,0,,0,1,103,33.8,1
2025-11-13,M-E02,全电动,13.3,0,,0.1,3,100,28.6,0
2025-11-13,M-E03,全电动,13.0,0,,0,3,90,43.4,1
2025-11-13,M-E04,全电动,17.3,0,,0,3,297,44.9,1
2025-11-13,M-E05,全电动,14.9,0,,0,2,88,58.5,2
2025-11-13,M-E06,全电动,14.4,0,,0,1,127,64.7,4
2025-11-13,M-E07,全电动,13.6,0,,0,1,187,69.5,4
2025-11-13,M-E08,全电动,13.6,0,,0,3,367,89.5,4
2025-11-13,M-E09,全电动,16.9,0,,0,2,423,110.9,0
2025-11-13,M-E10,全电动,16.2,0,,0,4,135,126.6,3
2025-11-13,M-E11,全电动,14.9,0,,0,4,289,134.5,1
2025-11-13,M-E12,全电动,15.8,0,,0,1,592,157.0,3
2025-11-13,M-E13,全电动,13.2,0,,0,3,501,155.3,3
2025-11-13,M-O01,油压,16.8,0,,0,1,313,225.9,2
2025-11-13,M-O02,油压,18.0,0,,0,1,410,255.7,1
2025-11-13,M-O03,油压,14.4,0,,0,3,238,228.2,3
2025-11-13,M-O04,油压,17.5,0,,0,3,575,405.1,4
2025-11-13,M-O05,油压,18.0,0,,0,2,326,387.1,4
2025-11-13,M-O06,油压,14.8,0,,0,2,166,452.8,2
2025-11-13,M-O07,油压,16.3,0,,0,1,505,710.6,3
2025-11-13,M-O08,油压,17.7,0,,0,2,222,851.3,3
2025-11-13,M-O09,油压,17.8,0,,0.2,3,322,1025.7,4
2025-11-13,M-D01,双色旋转,15.7,0,,0.3,2,335,120.7,4
2025-11-13,M-D02,双色旋转,16.8,0,,0,2,174,610.6,2
2025-11-13,M-D03,双色旋转,15.5,0,,0.5,2,417,544.7,2
2025-11-13,M-T01,两板,12.100000000000001,2.2,加热系统,0,1,306,41.6,0
2025-11-13,M-T02,两板,17.0,0,,0,1,498,395.3,2
2025-11-13,M-T03,两板,14.3,0,,0.1,2,237,917.7,4
2025-11-13,M-T04,两板,14.8,0,,0,2,546,1314.4,4
2025-11-14,M-E01,全电动,16.7,0,,0,2,163,29.2,3
2025-11-14,M-E02,全电动,18.7,0,,0,1,451,42.6,4
2025-11-14,M-E03,全电动,14.7,0,,0.4,1,532,37.9,3
2025-11-14,M-E04,全电动,17.6,0,,0,3,379,50.8,2
2025-11-14,M-E05,全电动,15.8,0,,0,1,118,66.5,2
2025-11-14,M-E06,全电动,13.7,0,,0,1,219,55.9,3
2025-11-14,M-E07,全电动,15.2,0,,0,4,309,62.8,1
2025-11-14,M-E08,全电动,15.7,0,,0,1,295,97.1,4
2025-11-14,M-E09,全电动,13.4,0,,0,1,449,93.2,0
2025-11-14,M-E10,全电动,18.9,0,,0,4,398,142.9,3
2025-11-14,M-E11,全电动,16.1,0,,0.2,4,83,113.0,4
2025-11-14,M-E12,全电动,15.8,0,,0,3,229,176.2,3
2025-11-14,M-E13,全电动,12.700000000000001,3.4,加热系统,0,2,343,115.2,1
2025-11-14,M-O01,油压,13.6,0,,0,1,591,184.2,1
2025-11-14,M-O02,油压,16.6,0,,0.5,3,288,295.1,1
2025-11-14,M-O03,油压,16.9,0,,0,3,387,341.6,0
2025-11-14,M-O04,油压,15.5,0,,0.4,3,302,331.3,1
2025-11-14,M-O05,油压,17.6,0,,0,3,127,488.6,1
2025-11-14,M-O06,油压,15.4,0,,0,4,165,506.0,1
2025-11-14,M-O07,油压,17.9,0,,0,1,528,639.9,1
2025-11-14,M-O08,油压,14.6,0,,0.1,2,197,603.1,1
2025-11-14,M-O09,油压,13.200000000000001,1.1,模具问题,0,5,406,639.2,0
2025-11-14,M-D01,双色旋转,18.3,0,,0,2,282,129.4,4
2025-11-14,M-D02,双色旋转,15.3,0,,0,2,360,518.8,2
2025-11-14,M-D03,双色旋转,14.7,0,,0,4,424,390.3,4
2025-11-14,M-T01,两板,17.1,0,,0,3,311,48.6,1
2025-11-14,M-T02,两板,17.6,0,,0,1,558,494.4,1
2025-11-14,M-T03,两板,17.7,0,,0,3,183,1056.8,4
2025-11-14,M-T04,两板,14.7,0,,0,2,296,1125.1,2
2025-11-15,M-E01,全电动,14.1,0,,0,2,299,26.2,2
2025-11-15,M-E02,全电动,16.4,0,,0.1,2,565,30.8,2
2025-11-15,M-E03,全电动,13.7,0,,0,1,547,44.9,3
2025-11-15,M-E04,全电动,14.2,0,,0,2,417,41.0,1
2025-11-15,M-E05,全电动,18.9,0,,0,2,137,85.8,4
2025-11-15,M-E06,全电动,17.8,0,,0,3,599,53.9,2
2025-11-15,M-E07,全电动,18.7,0,,0,3,545,80.5,4
2025-11-15,M-E08,全电动,14.3,0,,0,1,544,76.7,1
2025-11-15,M-E09,全电动,18.8,0,,0,2,118,119.6,0
2025-11-15,M-E10,全电动,13.7,0,,0,2,175,126.2,1
2025-11-15,M-E11,全电动,17.3,0,,0,1,340,138.0,4
2025-11-15,M-E12,全电动,14.5,0,,0,2,296,142.5,4
2025-11-15,M-E13,全电动,16.2,0,,0,2,354,191.1,4
2025-11-15,M-O01,油压,17.6,0,,0,1,522,231.8,2
2025-11-15,M-O02,油压,17.9,0,,0,2,179,329.0,0
2025-11-15,M-O03,油压,14.0,0,,0,1,124,259.6,4
2025-11-15,M-O04,油压,11.6,1.4,电气故障,0,2,189,273.4,0
2025-11-15,M-O05,油压,14.3,0,,0,4,376,330.2,4
2025-11-15,M-O06,油压,14.0,0,,0,4,225,523.9,0
2025-11-15,M-O07,油压,16.6,0,,0,2,217,506.4,1
2025-11-15,M-O08,油压,17.5,0,,0,2,528,851.3,3
2025-11-15,M-O09,油压,17.2,0,,0,3,392,699.3,2
2025-11-15,M-D01,双色旋转,15.8,0,,0.4,2,153,149.2,3
2025-11-15,M-D02,双色旋转,18.5,0,,0.2,3,438,513.7,4
2025-11-15,M-D03,双色旋转,14.0,0,,0.3,2,564,526.8,3
2025-11-15,M-T01,两板,15.6,0,,0,1,226,42.5,2
2025-11-15,M-T02,两板,18.2,0,,0,3,238,419.6,1
2025-11-15,M-T03,两板,15.8,2.3,加热系统,0,3,189,1006.2,1
2025-11-15,M-T04,两板,16.5,0,,0,3,165,1171.5,0
2025-11-16,M-E01,全电动,17.3,0,,0,3,513,39.0,2
2025-11-16,M-E02,全电动,13.5,0,,0,1,367,27.6,0
2025-11-16,M-E03,全电动,13.5,0,,0,1,336,32.9,4
2025-11-16,M-E04,全电动,14.1,0,,0,2,161,38.3,1
2025-11-16,M-E05,全电动,16.8,0,,0,3,211,75.1,2
2025-11-16,M-E06,全电动,18.8,0,,0.5,3,301,61.3,2
2025-11-16,M-E07,全电动,17.2,0,,0.3,1,505,68.6,4
2025-11-16,M-E08,全电动,13.4,0,,0,2,528,72.8,1
2025-11-16,M-E09,全电动,16.0,0,,0,2,127,128.7,1
2025-11-16,M-E10,全电动,15.9,0,,0,2,431,127.0,2
2025-11-16,M-E11,全电动,13.7,0,,0,1,290,124.3,1
2025-11-16,M-E12,全电动,17.6,0,,0,4,308,178.4,2
2025-11-16,M-E13,全电动,14.2,0,,0,2,135,141.1,4
2025-11-16,M-O01,油压,13.8,0,,0,4,334,231.7,1
2025-11-16,M-O02,油压,18.7,0,,0,1,474,316.0,1
2025-11-16,M-O03,油压,18.7,0,,0,3,108,313.9,2
2025-11-16,M-O04,油压,16.1,0,,0.1,2,143,441.7,4
2025-11-16,M-O05,油压,17.5,0,,0,2,165,394.2,2
2025-11-16,M-O06,油压,14.9,0,,0,3,598,496.9,2
2025-11-16,M-O07,油压,13.3,0,,0,2,305,465.6,1
2025-11-16,M-O08,油压,16.6,0,,0,3,456,652.8,3
2025-11-16,M-O09,油压,14.2,0,,0,4,228,750.0,0
2025-11-16,M-D01,双色旋转,16.6,0,,0.4,2,597,131.1,0
2025-11-16,M-D02,双色旋转,15.3,0,,0,2,459,457.8,3
2025-11-16,M-D03,双色旋转,17.3,0,,0,3,549,477.2,2
2025-11-16,M-T01,两板,18.3,0,,0.1,2,169,52.2,0
2025-11-16,M-T02,两板,16.2,0,,0,1,428,414.2,0
2025-11-16,M-T03,两板,13.3,0,,0.3,3,271,738.9,3
2025-11-16,M-T04,两板,17.8,0,,0,1,318,1528.3,3
2025-11-17,M-E01,全电动,18.3,0,,0,2,105,40.4,4
2025-11-17,M-E02,全电动,16.1,0,,0,2,451,32.7,1
2025-11-17,M-E03,全电动,17.9,0,,0,2,110,40.4,2
2025-11-17,M-E04,全电动,13.0,0,,0,2,582,43.6,4
2025-11-17,M-E05,全电动,13.6,0,,0,2,426,55.0,3
2025-11-17,M-E06,全电动,14.8,0,,0,2,112,65.9,0
2025-11-17,M-E07,全电动,13.1,0,,0,1,318,69.7,2
2025-11-17,M-E08,全电动,14.6,0,,0,2,334,65.9,4
2025-11-17,M-E09,全电动,14.7,0,,0,2,417,81.2,0
2025-11-17,M-E10,全电动,15.2,0,,0,5,298,100.2,3
2025-11-17,M-E11,全电动,15.1,0,,0,2,359,117.5,0
2025-11-17,M-E12,全电动,14.8,0,,0,4,364,156.1,0
2025-11-17,M-E13,全电动,16.8,0,,0.3,3,291,221.3,2
2025-11-17,M-O01,油压,13.8,0,,0,2,364,169.7,3
2025-11-17,M-O02,油压,13.6,0,,0,3,85,241.5,2
2025-11-17,M-O03,油压,16.3,0,,0,3,523,338.8,3
2025-11-17,M-O04,油压,15.7,0,,0,2,225,367.5,1
2025-11-17,M-O05,油压,14.9,0,,0,2,197,404.9,4
2025-11-17,M-O06,油压,14.4,1.9,电气故障,0,3,256,392.0,4
2025-11-17,M-O07,油压,15.1,0,,0,3,521,545.2,2
2025-11-17,M-O08,油压,16.9,0,,0,3,318,877.0,4
2025-11-17,M-O09,油压,15.8,0,,0,4,307,822.1,2
2025-11-17,M-D01,双色旋转,18.3,0,,0,3,555,174.5,0
2025-11-17,M-D02,双色旋转,13.5,0,,0,4,248,369.4,3
2025-11-17,M-D03,双色旋转,14.3,0,,0,2,138,501.9,3
2025-11-17,M-T01,两板,18.7,0,,0,2,463,49.6,3
2025-11-17,M-T02,两板,13.3,0,,0,1,113,332.4,4
2025-11-17,M-T03,两板,16.6,0,,0,2,533,1097.6,0
2025-11-17,M-T04,两板,16.5,0,,0,2,89,1546.4,4
2025-11-18,M-E01,全电动,18.1,0,,0.4,1,456,31.5,3
2025-11-18,M-E02,全电动,16.0,0,,0,2,581,27.1,0
2025-11-18,M-E03,全电动,14.9,0,,0,2,540,43.3,4
2025-11-18,M-E04,全电动,15.0,0,,0.3,2,188,41.8,1
2025-11-18,M-E05,全电动,13.4,0,,0.1,2,368,55.4,2
2025-11-18,M-E06,全电动,13.2,0,,0,3,314,54.1,3
2025-11-18,M-E07,全电动,14.9,0,,0.1,1,494,70.5,2
2025-11-18,M-E08,全电动,15.4,0,,0,3,272,73.8,1
2025-11-18,M-E09,全电动,18.4,0,,0,3,356,145.3,4
2025-11-18,M-E10,全电动,17.8,0,,0,3,599,116.4,4
2025-11-18,M-E11,全电动,16.7,0,,0,2,177,130.7,2
2025-11-18,M-E12,全电动,18.0,0,,0,4,175,214.2,2
2025-11-18,M-E13,全电动,17.9,0,,0,4,461,189.9,0
2025-11-18,M-O01,油压,15.1,0,,0,1,585,191.9,2
2025-11-18,M-O02,油压,13.2,0,,0.1,1,585,202.5,4
2025-11-18,M-O03,油压,15.4,0,,0,2,389,251.2,4
2025-11-18,M-O04,油压,16.6,0,,0,1,378,375.0,2
2025-11-18,M-O05,油压,13.1,0,,0,2,575,303.6,2
2025-11-18,M-O06,油压,16.3,0,,0,2,415,474.0,2
2025-11-18,M-O07,油压,18.4,0,,0,2,128,773.5,3
2025-11-18,M-O08,油压,18.7,0,,0,1,523,776.8,3
2025-11-18,M-O09,油压,16.6,0,,0.5,3,103,719.3,1
2025-11-18,M-D01,双色旋转,18.4,0,,0,3,571,134.7,2
2025-11-18,M-D02,双色旋转,16.5,0,,0.2,1,381,605.2,0
2025-11-18,M-D03,双色旋转,16.5,0,,0,2,593,480.3,4
2025-11-18,M-T01,两板,15.9,0,,0,1,336,40.5,3
2025-11-18,M-T02,两板,15.2,0,,0,2,462,422.3,1
2025-11-18,M-T03,两板,18.0,0,,0,2,156,1006.9,0
2025-11-18,M-T04,两板,14.6,0,,0,4,276,989.8,1
2025-11-19,M-E01,全电动,18.0,0,,0.5,1,262,28.7,1
2025-11-19,M-E02,全电动,13.5,0,,0,2,244,22.6,4
2025-11-19,M-E03,全电动,14.0,0,,0,2,538,41.7,2
2025-11-19,M-E04,全电动,17.9,0,,0,2,406,53.4,1
2025-11-19,M-E05,全电动,15.5,0,,0.2,1,528,49.4,3
2025-11-19,M-E06,全电动,15.8,0,,0,4,213,57.2,0
2025-11-19,M-E07,全电动,13.2,0,,0,2,536,71.5,2
2025-11-19,M-E08,全电动,17.5,0,,0.4,2,84,105.3,3
2025-11-19,M-E09,全电动,13.1,0,,0.0,2,184,105.5,4
2025-11-19,M-E10,全电动,13.8,0,,0.1,1,434,115.6,3
2025-11-19,M-E11,全电动,16.8,0,,0,2,83,134.6,3
2025-11-19,M-E12,全电动,16.0,0,,0,1,478,140.0,1
2025-11-19,M-E13,全电动,16.7,0,,0,2,202,211.0,1
2025-11-19,M-O01,油压,15.2,0,,0,1,200,204.7,1
2025-11-19,M-O02,油压,16.9,0,,0,2,278,316.6,0
2025-11-19,M-O03,油压,16.4,0,,0,3,132,336.0,3
2025-11-19,M-O04,油压,15.7,0,,0,2,570,371.2,4
2025-11-19,M-O05,油压,13.7,0,,0,1,329,349.6,1
2025-11-19,M-O06,油压,13.3,0,,0,2,547,365.4,2
2025-11-19,M-O07,油压,16.6,0,,0,1,359,610.4,3
2025-11-19,M-O08,油压,17.8,0.5,电气故障,0,2,226,911.2,0
2025-11-19,M-O09,油压,18.8,0,,0,2,458,865.7,3
2025-11-19,M-D01,双色旋转,13.4,0,,0,1,308,97.2,4
2025-11-19,M-D02,双色旋转,13.1,0,,0,1,278,390.2,1
2025-11-19,M-D03,双色旋转,18.3,0,,0,2,126,615.5,1
2025-11-19,M-T01,两板,15.3,0,,0,3,385,48.2,1
2025-11-19,M-T02,两板,15.7,0,,0,1,298,435.8,2
2025-11-19,M-T03,两板,14.0,0,,0,1,265,872.3,3
2025-11-19,M-T04,两板,16.4,0,,0,2,181,1444.1,4
2025-11-20,M-E01,全电动,15.0,0,,0,1,275,23.2,4
2025-11-20,M-E02,全电动,13.5,0,,0,2,351,27.0,0
2025-11-20,M-E03,全电动,18.9,0,,0,1,131,43.4,4
2025-11-20,M-E04,全电动,13.6,0,,0,4,321,40.0,2
2025-11-20,M-E05,全电动,17.1,0,,0,3,357,54.0,0
2025-11-20,M-E06,全电动,13.2,0,,0,3,178,43.6,0
2025-11-20,M-E07,全电动,12.0,3.7,传感器异常,0.2,4,548,47.6,1
2025-11-20,M-E08,全电动,17.1,0,,0,2,159,102.2,1
2025-11-20,M-E09,全电动,16.2,0,,0,3,589,92.1,4
2025-11-20,M-E10,全电动,13.2,0,,0.0,2,261,88.9,2
2025-11-20,M-E11,全电动,14.9,0,,0,2,357,110.3,0
2025-11-20,M-E12,全电动,14.4,0,,0,4,258,129.8,4
2025-11-20,M-E13,全电动,13.7,1.9,加热系统,0.1,4,127,154.4,3
2025-11-20,M-O01,油压,14.9,0,,0,2,488,238.7,0
2025-11-20,M-O02,油压,15.9,0,,0,2,471,264.4,4
2025-11-20,M-O03,油压,18.8,0,,0,2,297,321.7,3
2025-11-20,M-O04,油压,15.9,0,,0,1,514,341.9,0
2025-11-20,M-O05,油压,15.7,0,,0,2,103,399.4,1
2025-11-20,M-O06,油压,13.9,0,,0,2,268,350.7,2
2025-11-20,M-O07,油压,15.9,0,,0.3,1,501,503.8,0
2025-11-20,M-O08,油压,17.4,0,,0,1,373,734.9,4
2025-11-20,M-O09,油压,14.799999999999999,2.6,加热系统,0,1,289,672.5,2
2025-11-20,M-D01,双色旋转,15.6,0,,0,2,583,116.6,2
2025-11-20,M-D02,双色旋转,13.5,0,,0.1,2,84,503.7,2
2025-11-20,M-D03,双色旋转,17.7,0,,0,2,282,472.5,1
2025-11-20,M-T01,两板,14.0,0,,0,1,355,51.9,4
2025-11-20,M-T02,两板,17.8,0,,0.1,1,511,370.9,0
2025-11-20,M-T03,两板,16.0,0,,0,1,106,1028.1,1
2025-11-20,M-T04,两板,17.7,0,,0,1,500,1466.1,0
2025-11-21,M-E01,全电动,17.4,0,,0,1,390,26.2,4
2025-11-21,M-E02,全电动,13.4,0,,0.1,2,80,27.3,1
2025-11-21,M-E03,全电动,14.0,0,,0,1,591,39.2,1
2025-11-21,M-E04,全电动,17.4,0,,0,3,227,41.7,4
2025-11-21,M-E05,全电动,17.9,0,,0,2,388,56.0,2
2025-11-21,M-E06,全电动,15.9,0,,0,2,153,59.7,2
2025-11-21,M-E07,全电动,15.1,0,,0,2,501,75.1,3
2025-11-21,M-E08,全电动,13.299999999999999,3.6,模具问题,0,1,346,64.8,3
2025-11-21,M-E09,全电动,17.7,0,,0,1,389,111.6,0
2025-11-21,M-E10,全电动,13.1,0,,0.4,1,561,90.7,2
2025-11-21,M-E11,全电动,18.8,0,,0.2,3,177,188.9,1
2025-11-21,M-E12,全电动,14.5,0,,0,2,530,150.9,3
2025-11-21,M-E13,全电动,17.6,0,,0,1,204,207.5,4
2025-11-21,M-O01,油压,17.6,0,,0,3,271,233.2,1
2025-11-21,M-O02,油压,15.5,0,,0,4,538,284.1,4
2025-11-21,M-O03,油压,15.3,0,,0.0,3,281,261.9,2
2025-11-21,M-O04,油压,15.8,0,,0.1,2,470,340.1,1
2025-11-21,M-O05,油压,16.3,0,,0,4,273,523.9,4
2025-11-21,M-O06,油压,16.1,0,,0,1,451,509.4,3
2025-11-21,M-O07,油压,15.8,0,,0,2,316,675.6,1
2025-11-21,M-O08,油压,15.9,0,,0,2,205,792.7,1
2025-11-21,M-O09,油压,16.6,0,,0.0,2,114,879.7,0
2025-11-21,M-D01,双色旋转,15.2,0,,0,2,174,131.9,4
2025-11-21,M-D02,双色旋转,17.6,0,,0.1,2,158,533.4,1
2025-11-21,M-D03,双色旋转,13.3,0,,0,1,468,427.4,0
2025-11-21,M-T01,两板,15.1,0,,0,2,381,54.8,1
2025-11-21,M-T02,两板,16.6,0,,0.3,1,108,444.9,2
2025-11-21,M-T03,两板,18.6,0,,0,1,242,1249.2,0
2025-11-21,M-T04,两板,15.3,0,,0,2,243,1379.9,2
2025-11-22,M-E01,全电动,16.2,0,,0,1,589,34.5,1
2025-11-22,M-E02,全电动,14.1,0,,0,2,266,26.3,0
2025-11-22,M-E03,全电动,18.7,0,,0,3,126,62.3,2
2025-11-22,M-E04,全电动,13.3,0,,0,2,269,32.9,4
2025-11-22,M-E05,全电动,13.3,0,,0,1,129,52.5,0
2025-11-22,M-E06,全电动,14.9,0,,0.2,2,154,65.7,3
2025-11-22,M-E07,全电动,13.7,0,,0,2,174,54.8,1
2025-11-22,M-E08,全电动,15.8,0,,0,3,90,100.9,4
2025-11-22,M-E09,全电动,14.8,0,,0,1,203,82.7,2
2025-11-22,M-E10,全电动,14.4,0,,0,2,168,119.4,4
2025-11-22,M-E11,全电动,16.9,0,,0.4,3,155,146.2,3
2025-11-22,M-E12,全电动,13.9,0,,0,3,342,151.1,4
2025-11-22,M-E13,全电动,17.6,0,,0,1,84,162.8,3
2025-11-22,M-O01,油压,16.2,0,,0,1,424,252.5,2
2025-11-22,M-O02,油压,15.6,0,,0,2,530,215.7,2
2025-11-22,M-O03,油压,15.3,0,,0,4,357,337.2,4
2025-11-22,M-O04,油压,13.3,0,,0,2,159,263.6,2
2025-11-22,M-O05,油压,14.8,0,,0,3,125,399.4,2
2025-11-22,M-O06,油压,15.4,0,,0.3,2,441,441.6,2
2025-11-22,M-O07,油压,13.2,0,,0,3,343,475.3,1
2025-11-22,M-O08,油压,13.3,2.3,模具问题,0,4,257,573.8,4
2025-11-22,M-O09,油压,15.299999999999999,2.1,液压系统,0,2,127,892.8,1
2025-11-22,M-D01,双色旋转,18.8,0,,0,1,222,134.6,1
2025-11-22,M-D02,双色旋转,15.5,0,,0,3,407,550.0,4
2025-11-22,M-D03,双色旋转,15.7,0,,0.3,3,189,516.3,1
2025-11-22,M-T01,两板,18.5,0,,0,3,363,61.4,1
2025-11-22,M-T02,两板,17.5,0,,0,2,516,508.6,0
2025-11-22,M-T03,两板,18.3,0,,0,1,597,1018.2,0
2025-11-22,M-T04,两板,16.9,0,,0,1,80,1367.2,4
2025-11-23,M-E01,全电动,15.5,0,,0,3,448,28.6,3
2025-11-23,M-E02,全电动,14.2,0,,0,3,472,22.0,3
2025-11-23,M-E03,全电动,15.1,0,,0,2,326,45.4,1
2025-11-23,M-E04,全电动,18.6,0,,0,2,180,59.2,0
2025-11-23,M-E05,全电动,17.5,0,,0,2,379,71.6,1
2025-11-23,M-E06,全电动,15.8,0,,0.3,2,327,67.1,1
2025-11-23,M-E07,全电动,18.8,0,,0,2,430,107.1,4
2025-11-23,M-E08,全电动,18.9,0,,0,2,338,102.6,1
2025-11-23,M-E09,全电动,15.0,0,,0,1,557,88.2,1
2025-11-23,M-E10,全电动,13.6,0,,0,1,511,107.2,4
2025-11-23,M-E11,全电动,18.8,0,,0,1,339,183.0,4
2025-11-23,M-E12,全电动,18.5,0,,0,2,293,188.7,1
2025-11-23,M-E13,全电动,16.0,0,,0,2,537,152.6,2
2025-11-23,M-O01,油压,15.0,0,,0.0,2,372,254.3,3
2025-11-23,M-O02,油压,18.7,0,,0,3,131,309.3,2
2025-11-23,M-O03,油压,15.0,0,,0,3,479,309.8,2
2025-11-23,M-O04,油压,15.5,0,,0.0,4,243,437.2,1
2025-11-23,M-O05,油压,18.1,0,,0.1,2,163,385.8,3
2025-11-23,M-O06,油压,17.1,0,,0,1,122,643.2,0
2025-11-23,M-O07,油压,15.5,0,,0,2,567,595.1,0
2025-11-23,M-O08,油压,16.1,0,,0,3,531,832.0,1
2025-11-23,M-O09,油压,15.1,0,,0.3,1,195,817.5,2
2025-11-23,M-D01,双色旋转,17.5,0,,0,1,405,158.3,3
2025-11-23,M-D02,双色旋转,18.5,0,,0,2,307,471.2,4
2025-11-23,M-D03,双色旋转,14.3,0,,0,2,164,495.3,4
2025-11-23,M-T01,两板,17.4,0,,0,1,363,49.9,2
2025-11-23,M-T02,两板,18.6,0,,0,2,424,531.1,1
2025-11-23,M-T03,两板,14.6,0,,0,1,472,777.6,4
2025-11-23,M-T04,两板,15.4,0,,0,3,372,1440.9,2
2025-11-24,M-E01,全电动,15.3,0,,0,2,372,31.1,1
2025-11-24,M-E02,全电动,15.1,0,,0.3,2,351,30.9,2
2025-11-24,M-E03,全电动,14.4,0,,0,2,411,33.5,2
2025-11-24,M-E04,全电动,15.6,0,,0,3,381,48.5,1
2025-11-24,M-E05,全电动,17.5,0,,0,2,195,65.0,4
2025-11-24,M-E06,全电动,18.5,0,,0,1,450,70.1,3
2025-11-24,M-E07,全电动,14.6,0,,0,4,325,76.0,4
2025-11-24,M-E08,全电动,16.9,0,,0.3,2,201,97.6,0
2025-11-24,M-E09,全电动,18.9,0,,0,1,83,134.9,1
2025-11-24,M-E10,全电动,16.1,0,,0,2,378,123.7,1
2025-11-24,M-E11,全电动,18.2,0,,0.1,3,121,127.4,4
2025-11-24,M-E12,全电动,17.7,0,,0,3,461,191.5,4
2025-11-24,M-E13,全电动,15.1,0,,0,3,367,136.7,3
2025-11-24,M-O01,油压,17.9,0,,0,3,125,236.3,3
2025-11-24,M-O02,油压,18.2,0,,0.4,1,88,308.8,2
2025-11-24,M-O03,油压,17.5,0,,0.3,3,353,398.4,1
2025-11-24,M-O04,油压,16.6,0,,0,1,506,384.9,0
2025-11-24,M-O05,油压,15.5,0,,0.1,2,566,477.1,3
2025-11-24,M-O06,油压,18.0,0,,0,2,491,508.2,2
2025-11-24,M-O07,油压,13.8,0,,0,3,416,623.7,3
2025-11-24,M-O08,油压,14.1,0,,0,3,137,721.2,1
2025-11-24,M-O09,油压,14.7,0,,0,2,505,739.7,2
2025-11-24,M-D01,双色旋转,16.2,0,,0,1,467,132.1,2
2025-11-24,M-D02,双色旋转,16.5,0,,0,3,450,604.9,3
2025-11-24,M-D03,双色旋转,13.3,0,,0.1,2,280,386.4,2
2025-11-24,M-T01,两板,18.8,0,,0,2,246,59.1,3
2025-11-24,M-T02,两板,17.7,0,,0,2,487,506.5,2
2025-11-24,M-T03,两板,15.3,0,,0.1,2,293,922.0,1
2025-11-24,M-T04,两板,15.4,0,,0,1,591,1069.6,3
2025-11-25,M-E01,全电动,16.9,0,,0,3,512,28.4,4
2025-11-25,M-E02,全电动,16.8,0,,0,2,463,38.2,1
2025-11-25,M-E03,全电动,16.2,0,,0,3,562,40.2,2
2025-11-25,M-E04,全电动,17.4,0,,0.2,2,315,44.3,4
2025-11-25,M-E05,全电动,13.6,0,,0,2,485,47.7,4
2025-11-25,M-E06,全电动,18.4,0,,0.4,3,229,78.9,0
2025-11-25,M-E07,全电动,16.9,0,,0.0,1,131,81.6,1
2025-11-25,M-E08,全电动,13.0,0,,0,3,553,82.5,0
2025-11-25,M-E09,全电动,16.7,0,,0,1,321,131.6,3
2025-11-25,M-E10,全电动,15.8,0,,0,2,333,125.9,0
2025-11-25,M-E11,全电动,13.5,0,,0,2,211,141.8,2
2025-11-25,M-E12,全电动,14.4,0,,0,2,132,143.6,3
2025-11-25,M-E13,全电动,13.7,0,,0,2,123,159.2,1
2025-11-25,M-O01,油压,17.9,0,,0,3,196,236.6,1
2025-11-25,M-O02,油压,16.4,0,,0,1,139,236.3,0
2025-11-25,M-O03,油压,16.3,0,,0,2,166,302.4,4
2025-11-25,M-O04,油压,15.2,0,,0,2,582,301.6,1
2025-11-25,M-O05,油压,13.4,0,,0,3,454,323.4,0
2025-11-25,M-O06,油压,17.0,0,,0,2,87,461.3,3
2025-11-25,M-O07,油压,16.4,0,,0,1,210,548.3,3
2025-11-25,M-O08,油压,16.3,0,,0,2,390,824.8,3
2025-11-25,M-O09,油压,13.2,0,,0,1,351,766.1,4
2025-11-25,M-D01,双色旋转,16.7,0,,0,4,386,174.5,1
2025-11-25,M-D02,双色旋转,17.7,0,,0.1,2,476,634.1,3
2025-11-25,M-D03,双色旋转,18.7,0,,0,2,140,572.0,1
2025-11-25,M-T01,两板,16.3,0,,0.4,3,589,58.9,4
2025-11-25,M-T02,两板,15.1,0,,0,1,283,354.9,1
2025-11-25,M-T03,两板,13.6,0,,0,2,480,761.0,0
2025-11-25,M-T04,两板,17.9,0,,0,2,322,1125.8,0
2025-11-26,M-E01,全电动,18.5,0,,0.0,1,417,31.7,1
2025-11-26,M-E02,全电动,18.2,0,,0,2,503,36.1,3
2025-11-26,M-E03,全电动,15.4,0,,0,3,314,37.7,2
2025-11-26,M-E04,全电动,18.8,0,,0,1,463,58.7,1
2025-11-26,M-E05,全电动,14.7,0,,0,1,242,60.4,1
2025-11-26,M-E06,全电动,13.7,0,,0,2,257,62.4,2
2025-11-26,M-E07,全电动,17.4,0,,0,1,512,73.2,3
2025-11-26,M-E08,全电动,18.9,0,,0,2,86,101.0,2
2025-11-26,M-E09,全电动,17.0,0,,0,1,162,131.6,4
2025-11-26,M-E10,全电动,17.5,0,,0,3,588,152.9,0
2025-11-26,M-E11,全电动,18.9,0,,0,1,336,139.6,2
2025-11-26,M-E12,全电动,18.7,0,,0,2,335,190.7,3
2025-11-26,M-E13,全电动,13.1,0,,0.1,1,127,127.5,0
2025-11-26,M-O01,油压,17.8,0,,0,2,420,288.0,2
2025-11-26,M-O02,油压,18.8,0,,0,2,283,255.6,2
2025-11-26,M-O03,油压,13.2,0,,0,2,480,284.6,3
2025-11-26,M-O04,油压,17.4,0,,0,2,586,336.2,4
2025-11-26,M-O05,油压,17.4,0,,0,1,271,542.8,4
2025-11-26,M-O06,油压,13.4,0,,0,4,596,397.6,0
2025-11-26,M-O07,油压,14.1,0,,0,3,548,630.1,4
2025-11-26,M-O08,油压,17.5,0,,0,1,341,685.4,3
2025-11-26,M-O09,油压,17.8,0,,0,2,463,1030.0,3
2025-11-26,M-D01,双色旋转,17.6,0,,0,2,104,164.1,2
2025-11-26,M-D02,双色旋转,17.1,0,,0,1,294,478.2,4
2025-11-26,M-D03,双色旋转,18.7,0,,0,2,323,579.1,3
2025-11-26,M-T01,两板,18.4,0,,0,3,321,57.9,4
2025-11-26,M-T02,两板,16.8,0,,0,3,330,483.8,2
2025-11-26,M-T03,两板,18.2,0,,0,2,339,1064.7,4
2025-11-26,M-T04,两板,15.3,0,,0,2,132,1380.9,4
2025-11-27,M-E01,全电动,18.4,0,,0,1,465,29.6,3
2025-11-27,M-E02,全电动,15.2,0,,0,2,252,25.4,0
2025-11-27,M-E03,全电动,16.1,0,,0,1,325,43.1,3
2025-11-27,M-E04,全电动,18.4,0,,0,2,561,50.5,3
2025-11-27,M-E05,全电动,16.0,0,,0,1,336,63.8,2
2025-11-27,M-E06,全电动,13.2,0,,0,1,163,41.9,3
2025-11-27,M-E07,全电动,16.4,0,,0,2,471,63.4,4
2025-11-27,M-E08,全电动,14.4,0,,0.5,1,222,96.4,4
2025-11-27,M-E09,全电动,17.1,0,,0,3,117,136.9,3
2025-11-27,M-E10,全电动,17.3,0,,0,3,183,118.8,0
2025-11-27,M-E11,全电动,16.4,1.1,液压系统,0,2,121,153.3,2
2025-11-27,M-E12,全电动,15.6,0,,0,4,171,151.2,1
2025-11-27,M-E13,全电动,16.7,0,,0,3,253,178.0,4
2025-11-27,M-O01,油压,17.9,0,,0.1,1,337,284.2,0
2025-11-27,M-O02,油压,15.4,0,,0,4,217,201.6,1
2025-11-27,M-O03,油压,17.2,0,,0,1,402,380.6,4
2025-11-27,M-O04,油压,14.9,1.0,液压系统,0,2,552,392.8,0
2025-11-27,M-O05,油压,15.7,0,,0,1,543,353.7,1
2025-11-27,M-O06,油压,17.9,0,,0,4,586,490.3,1
2025-11-27,M-O07,油压,17.7,0,,0,1,522,622.0,3
2025-11-27,M-O08,油压,18.3,0,,0,2,244,673.2,2
2025-11-27,M-O09,油压,17.2,0,,0,2,460,744.1,2
2025-11-27,M-D01,双色旋转,17.5,0,,0,2,317,185.2,3
2025-11-27,M-D02,双色旋转,15.6,0,,0,1,240,566.5,4
2025-11-27,M-D03,双色旋转,19.0,0,,0,2,384,509.5,2
2025-11-27,M-T01,两板,14.9,0,,0,1,212,51.4,2
2025-11-27,M-T02,两板,19.0,0,,0,3,376,510.4,2
2025-11-27,M-T03,两板,14.6,0,,0.4,2,275,856.2,0
2025-11-27,M-T04,两板,18.9,0,,0.4,2,569,1706.9,2
2025-11-28,M-E01,全电动,16.0,0,,0,1,374,25.9,2
2025-11-28,M-E02,全电动,17.7,0,,0,1,244,32.6,0
2025-11-28,M-E03,全电动,14.7,0,,0,4,390,48.3,0
2025-11-28,M-E04,全电动,13.7,0,,0.4,3,412,37.8,2
2025-11-28,M-E05,全电动,15.8,0,,0,2,583,51.2,2
2025-11-28,M-E06,全电动,17.9,0,,0,1,531,68.3,4
2025-11-28,M-E07,全电动,16.2,0,,0,2,174,82.7,2
2025-11-28,M-E08,全电动,15.6,0,,0,2,294,91.3,4
2025-11-28,M-E09,全电动,14.8,0,,0.3,2,95,108.8,1
2025-11-28,M-E10,全电动,14.8,0,,0.3,4,176,137.3,1
2025-11-28,M-E11,全电动,15.4,0,,0,1,178,151.5,1
2025-11-28,M-E12,全电动,14.5,0,,0,4,568,127.9,1
2025-11-28,M-E13,全电动,18.3,0,,0,1,91,216.2,2
2025-11-28,M-O01,油压,17.1,0,,0,2,576,290.7,4
2025-11-28,M-O02,油压,15.3,0,,0,2,592,251.8,3
2025-11-28,M-O03,油压,13.9,3.4,电气故障,0,2,92,277.3,2
2025-11-28,M-O04,油压,16.8,0,,0,1,175,346.3,4
2025-11-28,M-O05,油压,15.9,0,,0,1,550,420.3,2
2025-11-28,M-O06,油压,17.1,0,,0,1,230,649.4,0
2025-11-28,M-O07,油压,15.7,0,,0,1,85,485.8,1
2025-11-28,M-O08,油压,17.3,0,,0,2,221,862.2,1
2025-11-28,M-O09,油压,16.4,0,,0,3,315,927.3,2
2025-11-28,M-D01,双色旋转,15.5,0,,0,2,575,136.5,0
2025-11-28,M-D02,双色旋转,14.2,0,,0,3,234,446.1,2
2025-11-28,M-D03,双色旋转,17.7,0,,0.2,3,347,584.4,4
2025-11-28,M-T01,两板,16.3,0,,0,3,372,52.8,3
2025-11-28,M-T02,两板,13.3,0,,0,3,321,290.3,3
2025-11-28,M-T03,两板,18.4,0,,0.0,1,279,929.1,4
2025-11-28,M-T04,两板,17.5,0,,0,1,494,1381.0,1
2025-11-29,M-E01,全电动,15.7,0,,0.0,2,465,24.0,4
2025-11-29,M-E02,全电动,17.1,0,,0.1,1,593,28.8,3
2025-11-29,M-E03,全电动,15.1,0,,0,2,318,38.0,4
2025-11-29,M-E04,全电动,14.9,0,,0,1,373,39.4,2
2025-11-29,M-E05,全电动,16.3,0,,0,2,488,49.1,1
2025-11-29,M-E06,全电动,13.5,0,,0,3,118,50.8,1
2025-11-29,M-E07,全电动,18.1,0,,0,3,327,100.8,1
2025-11-29,M-E08,全电动,17.9,0,,0,2,138,93.5,0
2025-11-29,M-E09,全电动,18.1,0,,0,4,535,142.7,1
2025-11-29,M-E10,全电动,17.3,0,,0,2,554,120.0,0
2025-11-29,M-E11,全电动,16.9,0,,0,1,294,146.9,3
2025-11-29,M-E12,全电动,16.3,0,,0,5,242,181.4,4
2025-11-29,M-E13,全电动,13.7,0,,0.2,2,256,161.6,1
2025-11-29,M-O01,油压,15.0,0,,0,2,589,246.9,3
2025-11-29,M-O02,油压,15.0,0,,0,2,98,211.2,2
2025-11-29,M-O03,油压,17.6,0,,0,2,403,355.4,4
2025-11-29,M-O04,油压,15.9,0,,0,3,142,410.9,2
2025-11-29,M-O05,油压,13.4,0,,0,3,573,416.0,2
2025-11-29,M-O06,油压,18.0,0,,0,2,444,509.2,2
2025-11-29,M-O07,油压,18.9,0,,0,1,527,614.5,2
2025-11-29,M-O08,油压,13.8,0,,0.4,1,261,731.1,1
2025-11-29,M-O09,油压,13.0,0,,0,3,565,647.9,2
2025-11-29,M-D01,双色旋转,15.9,0,,0,2,339,144.1,4
2025-11-29,M-D02,双色旋转,15.0,0,,0,2,262,538.5,3
2025-11-29,M-D03,双色旋转,16.6,0,,0.1,3,581,436.6,4
2025-11-29,M-T01,两板,18.7,0,,0,2,536,57.7,3
2025-11-29,M-T02,两板,15.3,0,,0,1,314,353.4,3
2025-11-29,M-T03,两板,13.7,0,,0,1,181,665.2,3
2025-11-29,M-T04,两板,13.9,0,,0,1,211,931.8,2
2025-11-30,M-E01,全电动,18.9,0,,0.0,1,262,39.3,4
2025-11-30,M-E02,全电动,17.7,0,,0,1,112,35.1,4
2025-11-30,M-E03,全电动,16.9,0,,0,1,213,43.9,1
2025-11-30,M-E04,全电动,18.2,0,,0.2,2,522,56.0,4
2025-11-30,M-E05,全电动,18.4,0,,0.4,2,348,67.0,0
2025-11-30,M-E06,全电动,16.1,0,,0,3,266,66.0,0
2025-11-30,M-E07,全电动,15.7,0,,0.4,1,184,71.7,1
2025-11-30,M-E08,全电动,13.8,0,,0,1,434,66.3,3
2025-11-30,M-E09,全电动,16.3,0,,0,3,530,112.2,3
2025-11-30,M-E10,全电动,17.7,0,,0,3,319,139.3,1
2025-11-30,M-E11,全电动,13.2,0,,0,1,531,136.3,2
2025-11-30,M-E12,全电动,17.1,0,,0,2,196,166.1,2
2025-11-30,M-E13,全电动,18.0,0,,0,2,235,207.8,3
2025-11-30,M-O01,油压,18.7,0,,0,2,354,258.5,3
2025-11-30,M-O02,油压,18.3,0,,0,3,377,247.2,3
2025-11-30,M-O03,油压,13.7,0,,0,3,464,308.5,4
2025-11-30,M-O04,油压,13.4,0,,0.4,1,394,299.1,1
2025-11-30,M-O05,油压,17.8,0,,0,2,168,522.4,0
2025-11-30,M-O06,油压,18.6,0,,0,2,594,646.0,2
2025-11-30,M-O07,油压,16.5,0,,0,4,523,648.7,2
2025-11-30,M-O08,油压,18.1,0,,0,4,138,730.3,3
2025-11-30,M-O09,油压,18.4,0,,0,1,377,738.3,4
2025-11-30,M-D01,双色旋转,14.9,0,,0,2,574,139.9,0
2025-11-30,M-D02,双色旋转,14.1,0,,0,2,134,425.4,0
2025-11-30,M-D03,双色旋转,14.4,0,,0,1,129,431.5,4
2025-11-30,M-T01,两板,14.1,0,,0,3,151,39.0,2
2025-11-30,M-T02,两板,16.1,0,,0.5,3,562,442.6,3
2025-11-30,M-T03,两板,13.9,0,,0,3,542,845.8,4
2025-11-30,M-T04,两板,17.5,0,,0.4,1,595,1602.9,2
2025-12-01,M-E01,全电动,15.4,0,,0,1,191,27.6,1
2025-12-01,M-E02,全电动,15.8,0,,0,1,293,34.6,1
2025-12-01,M-E03,全电动,13.4,0,,0,2,594,38.1,3
2025-12-01,M-E04,全电动,16.0,0,,0,1,589,39.2,2
2025-12-01,M-E05,全电动,17.4,0,,0,2,233,75.1,3
2025-12-01,M-E06,全电动,16.1,0,,0,2,296,48.7,2
2025-12-01,M-E07,全电动,16.3,0,,0,1,347,90.6,1
2025-12-01,M-E08,全电动,16.4,0,,0,1,275,95.2,3
2025-12-01,M-E09,全电动,14.7,0,,0,4,446,87.5,1
2025-12-01,M-E10,全电动,15.2,0,,0,4,138,138.0,3
2025-12-01,M-E11,全电动,14.4,0,,0,2,195,147.7,2
2025-12-01,M-E12,全电动,15.8,0,,0,2,190,181.4,4
2025-12-01,M-E13,全电动,11.7,3.4,液压系统,0,1,356,139.7,3
2025-12-01,M-O01,油压,18.8,0,,0,3,589,301.2,1
2025-12-01,M-O02,油压,18.2,0,,0,1,268,250.3,2
2025-12-01,M-O03,油压,14.7,0,,0,2,469,276.3,3
2025-12-01,M-O04,油压,18.9,0,,0,2,136,476.4,1
2025-12-01,M-O05,油压,14.1,0,,0,1,418,393.5,3
2025-12-01,M-O06,油压,17.9,0,,0,1,117,583.6,4
2025-12-01,M-O07,油压,16.1,0,,0,2,527,523.9,4
2025-12-01,M-O08,油压,13.4,0,,0,1,144,658.1,4
2025-12-01,M-O09,油压,14.4,0,,0,2,398,740.6,4
2025-12-01,M-D01,双色旋转,13.8,0,,0.3,3,509,100.2,0
2025-12-01,M-D02,双色旋转,13.6,0,,0,1,185,445.4,2
2025-12-01,M-D03,双色旋转,13.7,0,,0,4,553,371.2,0
2025-12-01,M-T01,两板,18.9,0,,0,2,446,70.3,3
2025-12-01,M-T02,两板,18.2,0,,0,2,432,491.0,1
2025-12-01,M-T03,两板,15.0,0,,0,2,379,866.5,0
2025-12-01,M-T04,两板,14.3,0,,0,1,488,1145.0,0
2025-12-02,M-E01,全电动,14.9,0,,0,2,418,30.3,2
2025-12-02,M-E02,全电动,16.3,0,,0,3,566,34.6,2
2025-12-02,M-E03,全电动,15.4,0,,0.1,1,506,35.8,2
2025-12-02,M-E04,全电动,17.3,0,,0,2,187,40.9,4
2025-12-02,M-E05,全电动,13.8,0.6,液压系统,0,1,175,55.8,1
2025-12-02,M-E06,全电动,14.7,0,,0,3,290,59.7,1
2025-12-02,M-E07,全电动,16.3,0,,0,1,202,66.6,1
2025-12-02,M-E08,全电动,18.6,0,,0,1,432,99.6,1
2025-12-02,M-E09,全电动,16.4,0,,0,1,520,132.8,3
2025-12-02,M-E10,全电动,14.7,0,,0,2,435,100.1,4
2025-12-02,M-E11,全电动,13.2,0,,0,1,112,124.0,0
2025-12-02,M-E12,全电动,15.3,0,,0,2,281,164.9,4
2025-12-02,M-E13,全电动,15.9,0,,0.4,3,435,205.1,1
2025-12-02,M-O01,油压,14.0,0,,0,3,448,166.4,1
2025-12-02,M-O02,油压,17.3,0,,0,3,409,311.4,3
2025-12-02,M-O03,油压,16.0,0,,0,1,469,241.7,0
2025-12-02,M-O04,油压,13.6,0,,0,2,151,267.8,4
2025-12-02,M-O05,油压,14.1,0,,0,3,510,411.5,1
2025-12-02,M-O06,油压,13.6,0,,0,2,312,398.3,4
2025-12-02,M-O07,油压,16.6,0,,0,1,83,566.0,1
2025-12-02,M-O08,油压,18.7,0,,0,1,367,805.3,0
2025-12-02,M-O09,油压,14.6,0,,0,2,331,808.3,4
2025-12-02,M-D01,双色旋转,15.8,0,,0,2,88,149.7,4
2025-12-02,M-D02,双色旋转,16.8,0,,0,1,574,506.3,4
2025-12-02,M-D03,双色旋转,14.9,0,,0.4,4,304,474.9,0
2025-12-02,M-T01,两板,16.6,0,,0,2,494,44.0,2
2025-12-02,M-T02,两板,17.6,0,,0,3,121,432.1,0
2025-12-02,M-T03,两板,15.6,0,,0,2,502,981.0,4
2025-12-02,M-T04,两板,16.6,0,,0,4,590,1151.7,4
2025-12-03,M-E01,全电动,17.4,0,,0,1,190,31.3,3
2025-12-03,M-E02,全电动,15.6,0,,0,1,106,23.5,3
2025-12-03,M-E03,全电动,16.6,0,,0,3,169,39.4,3
2025-12-03,M-E04,全电动,15.7,0,,0.4,2,424,47.9,2
2025-12-03,M-E05,全电动,17.2,0,,0,2,228,58.6,1
2025-12-03,M-E06,全电动,14.4,0,,0,2,285,60.9,1
2025-12-03,M-E07,全电动,14.0,0,,0,2,524,72.0,4
2025-12-03,M-E08,全电动,14.3,0,,0,2,316,84.9,0
2025-12-03,M-E09,全电动,15.3,0,,0,3,540,122.9,3
2025-12-03,M-E10,全电动,14.1,0,,0,2,544,97.8,3
2025-12-03,M-E11,全电动,13.0,0,,0,1,232,108.9,2
2025-12-03,M-E12,全电动,16.4,0,,0,3,341,142.5,2
2025-12-03,M-E13,全电动,17.9,0,,0,1,539,176.9,2
2025-12-03,M-O01,油压,17.4,0,,0,2,120,199.4,4
2025-12-03,M-O02,油压,15.9,0,,0,4,479,301.0,1
2025-12-03,M-O03,油压,17.8,0,,0,2,594,383.6,4
2025-12-03,M-O04,油压,13.8,0,,0,3,438,333.0,3
2025-12-03,M-O05,油压,18.6,0,,0,3,403,503.7,1
2025-12-03,M-O06,油压,18.1,0,,0.2,2,190,526.2,1
2025-12-03,M-O07,油压,12.3,1.2,传感器异常,0,3,268,423.7,3
2025-12-03,M-O08,油压,16.0,0,,0,1,305,753.4,1
2025-12-03,M-O09,油压,17.2,0,,0,3,279,865.9,4
2025-12-03,M-D01,双色旋转,17.3,0,,0,2,546,153.5,4
2025-12-03,M-D02,双色旋转,13.4,0,,0.3,1,261,413.5,2
2025-12-03,M-D03,双色旋转,13.9,0,,0,3,572,511.7,3
2025-12-03,M-T01,两板,17.8,0,,0.1,3,105,54.7,0
2025-12-03,M-T02,两板,16.9,0,,0,3,239,391.3,0
2025-12-03,M-T03,两板,18.4,0,,0,1,518,1109.6,4
2025-12-03,M-T04,两板,18.4,0,,0,3,496,1351.9,2
2025-12-04,M-E01,全电动,15.7,0,,0,1,375,30.4,4
2025-12-04,M-E02,全电动,16.2,0,,0.4,2,245,33.9,1
2025-12-04,M-E03,全电动,14.6,0,,0,4,516,36.4,1
2025-12-04,M-E04,全电动,17.7,0,,0,2,325,45.7,2
2025-12-04,M-E05,全电动,15.7,0,,0,1,571,58.3,3
2025-12-04,M-E06,全电动,14.7,0,,0,2,238,62.8,2
2025-12-04,M-E07,全电动,16.7,0,,0,4,333,88.6,3
2025-12-04,M-E08,全电动,18.6,0,,0.1,2,497,121.9,2
2025-12-04,M-E09,全电动,14.6,0,,0,2,343,86.9,0
2025-12-04,M-E10,全电动,17.5,0,,0,3,546,147.8,3
2025-12-04,M-E11,全电动,13.2,0,,0,2,243,97.2,0
2025-12-04,M-E12,全电动,16.6,0,,0,2,405,199.8,4
2025-12-04,M-E13,全电动,17.2,0,,0,3,313,186.9,0
2025-12-04,M-O01,油压,13.6,0,,0,2,297,163.6,3
2025-12-04,M-O02,油压,15.2,0,,0,2,97,194.9,2
2025-12-04,M-O03,油压,18.1,0,,0,4,178,327.1,4
2025-12-04,M-O04,油压,13.4,0,,0,3,301,298.4,2
2025-12-04,M-O05,油压,13.5,0,,0,1,387,380.2,1
2025-12-04,M-O06,油压,15.6,0,,0,1,439,503.5,0
2025-12-04,M-O07,油压,17.5,0,,0,2,413,737.0,3
2025-12-04,M-O08,油压,13.6,0,,0,1,446,546.8,0
2025-12-04,M-O09,油压,15.5,0,,0,3,271,756.8,2
2025-12-04,M-D01,双色旋转,16.9,0,,0,2,267,160.7,1
2025-12-04,M-D02,双色旋转,18.7,0,,0.1,1,222,588.0,0
2025-12-04,M-D03,双色旋转,16.9,0,,0,2,387,609.5,4
2025-12-04,M-T01,两板,13.1,0,,0,2,162,47.2,1
2025-12-04,M-T02,两板,18.5,0,,0.2,3,565,527.5,2
2025-12-04,M-T03,两板,14.1,0,,0,3,121,783.9,4
2025-12-04,M-T04,两板,13.6,0,,0,3,195,977.7,2
2025-12-05,M-E01,全电动,16.6,0,,0.1,3,95,34.7,4
2025-12-05,M-E02,全电动,17.7,0,,0,3,94,34.6,2
2025-12-05,M-E03,全电动,15.8,0,,0,2,127,49.4,1
2025-12-05,M-E04,全电动,14.5,0,,0,2,455,39.7,0
2025-12-05,M-E05,全电动,18.3,0,,0.2,3,491,82.2,0
2025-12-05,M-E06,全电动,13.5,0,,0,2,154,41.7,3
2025-12-05,M-E07,全电动,15.6,0,,0,3,169,79.9,2
2025-12-05,M-E08,全电动,18.4,0,,0,2,296,95.1,1
2025-12-05,M-E09,全电动,18.9,0,,0,2,151,126.0,2
2025-12-05,M-E10,全电动,15.5,0,,0,1,344,100.9,3
2025-12-05,M-E11,全电动,18.7,0,,0,1,505,153.7,2
2025-12-05,M-E12,全电动,16.4,0,,0,3,418,177.6,1
2025-12-05,M-E13,全电动,18.2,0,,0,1,523,210.8,0
2025-12-05,M-O01,油压,15.4,0,,0,2,405,233.0,0
2025-12-05,M-O02,油压,17.5,0,,0,2,349,324.4,1
2025-12-05,M-O03,油压,17.1,0,,0,1,398,277.7,2
2025-12-05,M-O04,油压,15.6,0,,0.2,2,145,426.0,1
2025-12-05,M-O05,油压,16.8,0,,0,3,478,444.5,0
2025-12-05,M-O06,油压,18.9,0,,0,2,189,527.3,3
2025-12-05,M-O07,油压,17.1,0,,0,2,347,669.5,4
2025-12-05,M-O08,油压,13.4,0,,0,1,340,514.8,4
2025-12-05,M-O09,油压,13.4,0,,0,3,245,592.9,1
2025-12-05,M-D01,双色旋转,16.8,0,,0,2,305,170.7,3
2025-12-05,M-D02,双色旋转,18.9,0,,0.3,2,81,642.6,1
2025-12-05,M-D03,双色旋转,12.1,3.4,传感器异常,0.1,2,459,319.4,2
2025-12-05,M-T01,两板,13.6,0,,0,1,592,48.2,2
2025-12-05,M-T02,两板,13.8,0,,0,2,236,314.5,3
2025-12-05,M-T03,两板,17.3,0,,0,1,121,1123.3,0
2025-12-05,M-T04,两板,13.6,0,,0.5,2,270,1126.2,4
2025-12-06,M-E01,全电动,15.3,0,,0,1,488,24.6,0
2025-12-06,M-E02,全电动,16.4,0,,0,4,541,35.4,4
2025-12-06,M-E03,全电动,13.7,0,,0,1,429,38.1,1
2025-12-06,M-E04,全电动,17.8,0,,0,2,390,60.8,4
2025-12-06,M-E05,全电动,15.5,0,,0.3,2,115,51.9,3
2025-12-06,M-E06,全电动,15.1,0,,0,2,596,56.9,4
2025-12-06,M-E07,全电动,17.8,0,,0,1,183,79.9,2
2025-12-06,M-E08,全电动,18.2,0,,0,5,331,113.7,1
2025-12-06,M-E09,全电动,15.7,0,,0,1,342,98.7,2
2025-12-06,M-E10,全电动,13.3,0,,0,2,163,103.3,4
2025-12-06,M-E11,全电动,15.7,0,,0,3,114,129.8,3
2025-12-06,M-E12,全电动,18.4,0,,0,1,109,180.0,1
2025-12-06,M-E13,全电动,16.1,0,,0,2,439,184.4,0
2025-12-06,M-O01,油压,14.0,0,,0,2,546,231.8,0
2025-12-06,M-O02,油压,15.9,0,,0,2,367,291.9,0
2025-12-06,M-O03,油压,15.1,0,,0,3,362,295.2,1
2025-12-06,M-O04,油压,13.5,0,,0.4,1,235,265.1,2
2025-12-06,M-O05,油压,13.3,0,,0,2,519,367.4,2
2025-12-06,M-O06,油压,18.9,0,,0.2,2,465,622.0,0
2025-12-06,M-O07,油压,15.4,0,,0,2,565,541.8,1
2025-12-06,M-O08,油压,16.8,0,,0,2,465,779.2,1
2025-12-06,M-O09,油压,14.8,0,,0,3,147,877.9,0
2025-12-06,M-D01,双色旋转,15.0,0,,0,3,334,154.4,1
2025-12-06,M-D02,双色旋转,17.0,0,,0,1,203,629.3,4
2025-12-06,M-D03,双色旋转,18.2,0,,0,3,261,548.7,0
2025-12-06,M-T01,两板,16.4,0,,0,2,141,60.2,1
2025-12-06,M-T02,两板,13.3,0,,0,1,524,385.7,4
2025-12-06,M-T03,两板,18.9,0,,0,1,389,1217.6,4
2025-12-06,M-T04,两板,17.3,0,,0,2,132,1138.0,2
2025-12-07,M-E01,全电动,16.5,0,,0,1,518,25.6,1
2025-12-07,M-E02,全电动,14.9,0,,0,3,284,27.7,2
2025-12-07,M-E03,全电动,16.7,0,,0,5,396,49.8,0
2025-12-07,M-E04,全电动,15.4,0,,0,2,196,48.5,2
2025-12-07,M-E05,全电动,15.3,0,,0.2,2,376,68.8,1
2025-12-07,M-E06,全电动,17.5,0,,0.0,2,240,71.5,1
2025-12-07,M-E07,全电动,13.1,0,,0.0,3,493,55.4,4
2025-12-07,M-E08,全电动,16.6,0,,0,2,198,83.0,4
2025-12-07,M-E09,全电动,13.7,0,,0,2,576,81.1,3
2025-12-07,M-E10,全电动,16.7,0,,0.3,4,142,133.8,2
2025-12-07,M-E11,全电动,15.3,0,,0,2,534,162.1,3
2025-12-07,M-E12,全电动,16.8,0,,0,1,426,155.4,4
2025-12-07,M-E13,全电动,13.5,0,,0,2,518,122.4,2
2025-12-07,M-O01,油压,18.2,0,,0,4,182,222.0,3
2025-12-07,M-O02,油压,17.2,0,,0,3,125,222.4,4
2025-12-07,M-O03,油压,13.6,0,,0,3,562,242.5,0
2025-12-07,M-O04,油压,15.9,0,,0,4,120,299.6,4
2025-12-07,M-O05,油压,17.2,0,,0,3,82,494.4,1
2025-12-07,M-O06,油压,13.1,0,,0,1,330,432.3,4
2025-12-07,M-O07,油压,18.4,0,,0,4,412,659.7,0
2025-12-07,M-O08,油压,14.3,0,,0,3,582,645.8,0
2025-12-07,M-O09,油压,17.2,0,,0,2,491,1023.0,1
2025-12-07,M-D01,双色旋转,13.2,0,,0,2,88,125.1,2
2025-12-07,M-D02,双色旋转,14.1,0,,0,2,199,372.2,3
2025-12-07,M-D03,双色旋转,13.4,0,,0,2,113,480.3,1
2025-12-07,M-T01,两板,15.6,0,,0,2,432,43.2,1
2025-12-07,M-T02,两板,16.2,0,,0,3,344,380.3,4
2025-12-07,M-T03,两板,16.4,0,,0,4,155,971.5,3
2025-12-07,M-T04,两板,16.2,0,,0,2,348,1133.1,3
2025-12-08,M-E01,全电动,14.4,0,,0.4,1,376,27.5,1
2025-12-08,M-E02,全电动,13.7,0,,0,1,244,21.8,0
2025-12-08,M-E03,全电动,13.7,0,,0,2,325,31.1,2
2025-12-08,M-E04,全电动,15.4,0,,0,2,512,40.6,3
2025-12-08,M-E05,全电动,14.2,0,,0,3,370,52.8,1
2025-12-08,M-E06,全电动,18.7,0,,0,2,153,70.3,2
2025-12-08,M-E07,全电动,15.6,0,,0.1,2,203,77.9,2
2025-12-08,M-E08,全电动,17.3,0,,0,1,449,108.3,2
2025-12-08,M-E09,全电动,16.7,0,,0.1,3,126,136.0,3
2025-12-08,M-E10,全电动,18.8,0,,0,3,545,122.0,4
2025-12-08,M-E11,全电动,13.7,0,,0,3,569,115.5,4
2025-12-08,M-E12,全电动,16.9,0,,0,1,158,173.3,2
2025-12-08,M-E13,全电动,15.7,0,,0,2,113,143.2,4
2025-12-08,M-O01,油压,18.2,0,,0,2,199,224.9,3
2025-12-08,M-O02,油压,13.3,0,,0,3,396,249.0,0
2025-12-08,M-O03,油压,15.3,0,,0,2,538,267.6,4
2025-12-08,M-O04,油压,18.8,0,,0,4,223,447.6,1
2025-12-08,M-O05,油压,13.0,0,,0.2,1,224,292.4,4
2025-12-08,M-O06,油压,14.9,0,,0,1,84,432.6,3
2025-12-08,M-O07,油压,17.4,0,,0,2,573,650.3,2
2025-12-08,M-O08,油压,16.2,0,,0.1,3,486,724.6,3
2025-12-08,M-O09,油压,13.2,0,,0.1,3,314,633.9,4
2025-12-08,M-D01,双色旋转,17.2,0,,0,2,244,160.5,4
2025-12-08,M-D02,双色旋转,18.6,0,,0,2,368,610.7,2
2025-12-08,M-D03,双色旋转,16.4,0,,0,3,473,490.5,4
2025-12-08,M-T01,两板,17.0,0,,0,1,311,48.2,4
2025-12-08,M-T02,两板,16.2,0,,0,1,535,435.7,2
2025-12-08,M-T03,两板,14.9,0,,0,4,471,843.2,4
2025-12-08,M-T04,两板,13.1,0,,0,3,571,923.4,1
2025-12-09,M-E01,全电动,16.6,0,,0,2,353,27.9,4
2025-12-09,M-E02,全电动,18.8,0,,0,2,508,31.8,0
2025-12-09,M-E03,全电动,14.1,0,,0.3,3,376,47.8,2
2025-12-09,M-E04,全电动,16.9,0,,0,1,306,46.7,4
2025-12-09,M-E05,全电动,18.7,0,,0,2,360,73.6,1
2025-12-09,M-E06,全电动,12.0,3.4,加热系统,0.3,2,230,39.4,2
2025-12-09,M-E07,全电动,14.3,0,,0,2,232,63.7,0
2025-12-09,M-E08,全电动,16.1,0,,0,4,320,77.5,4
2025-12-09,M-E09,全电动,15.9,2.4,液压系统,0,1,532,111.2,3
2025-12-09,M-E10,全电动,17.2,0,,0,2,395,158.0,4
2025-12-09,M-E11,全电动,15.4,0,,0.4,1,437,110.0,2
2025-12-09,M-E12,全电动,15.3,0,,0,2,483,168.6,0
2025-12-09,M-E13,全电动,13.6,0,,0,1,170,167.2,3
2025-12-09,M-O01,油压,15.5,0,,0,4,396,216.7,1
2025-12-09,M-O02,油压,13.8,0,,0,3,516,204.2,0
2025-12-09,M-O03,油压,17.1,0,,0,2,382,259.4,2
2025-12-09,M-O04,油压,18.1,0,,0,1,475,349.2,0
2025-12-09,M-O05,油压,14.2,0,,0.3,2,184,333.0,3
2025-12-09,M-O06,油压,16.0,0,,0,3,573,541.9,1
2025-12-09,M-O07,油压,18.0,0,,0,3,361,708.0,0
2025-12-09,M-O08,油压,14.9,0,,0,3,359,746.0,3
2025-12-09,M-O09,油压,15.2,0,,0,1,310,902.6,0
2025-12-09,M-D01,双色旋转,18.8,0,,0,2,315,157.9,2
2025-12-09,M-D02,双色旋转,17.1,0,,0,2,514,447.5,1
2025-12-09,M-D03,双色旋转,15.8,0,,0,2,587,497.6,0
2025-12-09,M-T01,两板,13.2,0,,0,2,252,49.9,2
2025-12-09,M-T02,两板,18.2,0,,0,2,355,512.5,4
2025-12-09,M-T03,两板,18.4,0,,0,2,435,1018.9,4
2025-12-09,M-T04,两板,15.7,0,,0,1,365,1339.2,3
2025-12-10,M-E01,全电动,14.4,0,,0.1,1,216,30.2,0
2025-12-10,M-E02,全电动,17.6,0,,0,4,382,27.9,3
2025-12-10,M-E03,全电动,15.1,0,,0,3,504,50.8,2
2025-12-10,M-E04,全电动,14.1,0,,0,1,508,32.8,2
2025-12-10,M-E05,全电动,18.7,0,,0,3,347,67.4,2
2025-12-10,M-E06,全电动,13.1,0,,0,1,503,49.3,1
2025-12-10,M-E07,全电动,13.7,0,,0,3,472,70.8,1
2025-12-10,M-E08,全电动,15.2,0,,0,1,379,77.0,3
2025-12-10,M-E09,全电动,16.2,0,,0,2,145,129.5,0
2025-12-10,M-E10,全电动,16.6,0,,0,2,126,125.6,4
2025-12-10,M-E11,全电动,16.2,0,,0,3,209,165.4,4
2025-12-10,M-E12,全电动,13.2,0,,0,1,254,126.2,4
2025-12-10,M-E13,全电动,13.3,0,,0,2,480,173.1,2
2025-12-10,M-O01,油压,16.4,0,,0,3,592,191.4,0
2025-12-10,M-O02,油压,13.4,0,,0.2,1,85,196.1,2
2025-12-10,M-O03,油压,14.1,0,,0,2,449,287.4,4
2025-12-10,M-O04,油压,15.7,0,,0,1,477,403.4,0
2025-12-10,M-O05,油压,15.9,0,,0,2,522,467.0,2
2025-12-10,M-O06,油压,13.8,0,,0,3,425,362.7,0
2025-12-10,M-O07,油压,13.6,0,,0,2,599,610.4,3
2025-12-10,M-O08,油压,16.3,0,,0,3,315,831.2,1
2025-12-10,M-O09,油压,16.7,0,,0.2,1,306,971.7,0
2025-12-10,M-D01,双色旋转,17.1,0,,0,1,264,161.6,3
2025-12-10,M-D02,双色旋转,18.7,0,,0,1,232,493.3,0
2025-12-10,M-D03,双色旋转,14.3,0,,0,4,154,541.3,2
2025-12-10,M-T01,两板,13.6,0,,0,1,564,39.3,2
2025-12-10,M-T02,两板,14.9,0,,0,3,452,352.0,4
2025-12-10,M-T03,两板,16.1,0,,0,1,464,1044.8,0
2025-12-10,M-T04,两板,18.2,0,,0,2,125,1146.3,4
2025-12-11,M-E01,全电动,16.7,0,,0,3,213,27.5,4
2025-12-11,M-E02,全电动,14.9,0,,0,3,453,30.9,4
2025-12-11,M-E03,全电动,17.3,0,,0,1,123,47.1,1
2025-12-11,M-E04,全电动,18.1,0,,0,1,172,48.8,4
2025-12-11,M-E05,全电动,16.3,0,,0.3,2,407,61.0,1
2025-12-11,M-E06,全电动,15.5,0,,0,2,259,57.2,1
2025-12-11,M-E07,全电动,13.1,0,,0,1,582,74.6,2
2025-12-11,M-E08,全电动,17.3,0,,0,1,347,83.9,3
2025-12-11,M-E09,全电动,16.7,0,,0,1,190,127.3,4
2025-12-11,M-E10,全电动,17.8,0,,0,2,580,124.8,1
2025-12-11,M-E11,全电动,18.4,0,,0,1,290,168.6,2
2025-12-11,M-E12,全电动,16.3,0,,0,1,548,177.7,0
2025-12-11,M-E13,全电动,15.3,0,,0,1,126,185.4,0
2025-12-11,M-O01,油压,17.8,0,,0,2,329,279.8,2
2025-12-11,M-O02,油压,15.0,0,,0,3,563,266.2,3
2025-12-11,M-O03,油压,16.6,0,,0,1,538,257.7,0
2025-12-11,M-O04,油压,16.4,0,,0.5,3,493,328.9,3
2025-12-11,M-O05,油压,18.3,0,,0.0,1,359,506.3,2
2025-12-11,M-O06,油压,17.3,0,,0,3,327,634.8,2
2025-12-11,M-O07,油压,18.6,0,,0.1,2,426,840.2,1
2025-12-11,M-O08,油压,15.4,0,,0,2,321,686.7,2
2025-12-11,M-O09,油压,14.4,0,,0,3,528,784.1,1
2025-12-11,M-D01,双色旋转,18.5,0,,0,1,319,148.1,3
2025-12-11,M-D02,双色旋转,18.0,0,,0,3,304,527.1,1
2025-12-11,M-D03,双色旋转,14.5,0,,0,3,557,374.6,2
2025-12-11,M-T01,两板,15.6,0,,0,3,352,55.9,3
2025-12-11,M-T02,两板,15.8,0,,0,2,421,325.0,2
2025-12-11,M-T03,两板,17.4,0,,0,3,221,1128.3,1
2025-12-11,M-T04,两板,16.8,0,,0,2,357,1303.3,0
2025-12-12,M-E01,全电动,18.0,0,,0,1,428,28.9,4
2025-12-12,M-E02,全电动,13.3,0,,0,1,493,22.9,4
2025-12-12,M-E03,全电动,13.6,0,,0,2,454,39.0,3
2025-12-12,M-E04,全电动,11.8,3.3,加热系统,0,1,237,27.0,4
2025-12-12,M-E05,全电动,14.9,0,,0,2,408,50.0,3
2025-12-12,M-E06,全电动,18.3,0,,0,1,341,60.9,4
2025-12-12,M-E07,全电动,15.0,0,,0.5,3,311,59.6,4
2025-12-12,M-E08,全电动,16.9,0,,0,1,203,109.1,1
2025-12-12,M-E09,全电动,14.0,0,,0,3,407,84.1,2
2025-12-12,M-E10,全电动,17.5,0,,0,3,315,119.9,1
2025-12-12,M-E11,全电动,15.1,0,,0,3,295,121.2,3
2025-12-12,M-E12,全电动,14.7,0,,0,1,190,171.5,1
2025-12-12,M-E13,全电动,18.9,0,,0,1,558,192.5,4
2025-12-12,M-O01,油压,17.6,0,,0,2,397,201.9,2
2025-12-12,M-O02,油压,18.8,0,,0,1,495,308.7,0
2025-12-12,M-O03,油压,18.1,0,,0,4,173,384.7,3
2025-12-12,M-O04,油压,16.5,0,,0,3,375,408.5,3
2025-12-12,M-O05,油压,14.5,0,,0.3,3,106,310.2,0
2025-12-12,M-O06,油压,14.3,0,,0,1,431,514.3,0
2025-12-12,M-O07,油压,14.0,0,,0.2,1,81,511.4,1
2025-12-12,M-O08,油压,13.3,0,,0,2,560,690.7,4
2025-12-12,M-O09,油压,13.6,0,,0,2,172,764.0,0
2025-12-12,M-D01,双色旋转,13.9,0,,0,3,331,104.5,3
2025-12-12,M-D02,双色旋转,15.2,0,,0,2,541,496.1,0
2025-12-12,M-D03,双色旋转,13.3,0,,0,1,169,427.0,4
2025-12-12,M-T01,两板,16.1,0,,0,3,381,44.3,0
2025-12-12,M-T02,两板,15.4,0,,0,2,145,378.1,3
2025-12-12,M-T03,两板,11.7,3.5,加热系统,0.0,2,453,568.3,0
2025-12-12,M-T04,两板,16.4,0,,0,3,108,1378.0,1
2025-12-13,M-E01,全电动,15.2,0,,0,2,407,26.5,1
2025-12-13,M-E02,全电动,16.5,0,,0,2,229,25.1,2
2025-12-13,M-E03,全电动,14.6,0,,0,1,82,45.9,4
2025-12-13,M-E04,全电动,15.4,0,,0.2,2,589,50.9,4
2025-12-13,M-E05,全电动,18.8,0,,0,3,338,68.3,0
2025-12-13,M-E06,全电动,18.8,0,,0,3,134,64.7,4
2025-12-13,M-E07,全电动,18.3,0,,0,1,432,74.0,1
2025-12-13,M-E08,全电动,18.0,0,,0.4,2,498,88.4,3
2025-12-13,M-E09,全电动,16.6,0,,0.2,3,396,124.5,3
2025-12-13,M-E10,全电动,15.3,0,,0,1,427,125.9,2
2025-12-13,M-E11,全电动,15.2,0,,0,2,462,129.5,1
2025-12-13,M-E12,全电动,16.8,0,,0,2,367,156.0,3
2025-12-13,M-E13,全电动,16.9,0,,0.3,4,295,161.2,2
2025-12-13,M-O01,油压,16.9,0,,0,1,111,246.1,4
2025-12-13,M-O02,油压,14.7,0,,0,1,380,245.6,4
2025-12-13,M-O03,油压,18.7,0,,0,1,546,313.0,0
2025-12-13,M-O04,油压,14.2,0,,0,3,194,275.5,3
2025-12-13,M-O05,油压,17.3,0,,0.3,2,237,543.6,3
2025-12-13,M-O06,油压,15.2,0,,0,2,414,427.6,2
2025-12-13,M-O07,油压,12.0,2.6,传感器异常,0,1,156,497.5,1
2025-12-13,M-O08,油压,12.0,2.5,模具问题,0.1,2,118,623.8,1
2025-12-13,M-O09,油压,15.0,0,,0,2,180,724.5,4
2025-12-13,M-D01,双色旋转,18.0,0,,0.3,3,475,150.4,0
2025-12-13,M-D02,双色旋转,13.3,0,,0,3,171,426.6,3
2025-12-13,M-D03,双色旋转,17.7,0,,0,3,440,582.4,4
2025-12-13,M-T01,两板,16.7,0,,0,5,553,52.0,2
2025-12-13,M-T02,两板,14.4,0,,0,3,564,299.3,3
2025-12-13,M-T03,两板,13.6,0,,0,1,519,808.9,0
2025-12-13,M-T04,两板,18.3,0,,0,3,585,1288.8,4
2025-12-14,M-E01,全电动,13.8,0,,0.5,4,423,26.9,1
2025-12-14,M-E02,全电动,16.0,0,,0,2,435,29.2,1
2025-12-14,M-E03,全电动,17.3,0,,0,1,124,44.3,2
2025-12-14,M-E04,全电动,14.3,0,,0,2,541,48.1,0
2025-12-14,M-E05,全电动,16.3,0,,0,3,449,67.4,1
2025-12-14,M-E06,全电动,15.1,0,,0,2,225,59.7,2
2025-12-14,M-E07,全电动,16.0,0,,0.1,3,466,62.6,1
2025-12-14,M-E08,全电动,18.1,0,,0,2,328,121.0,2
2025-12-14,M-E09,全电动,13.2,0,,0,2,257,101.0,3
2025-12-14,M-E10,全电动,17.099999999999998,1.3,电气故障,0,3,432,110.7,2
2025-12-14,M-E11,全电动,14.1,0,,0,1,363,132.1,0
2025-12-14,M-E12,全电动,16.6,0,,0,3,286,200.7,2
2025-12-14,M-E13,全电动,15.9,0,,0,1,127,199.6,1
2025-12-14,M-O01,油压,15.9,0,,0,3,449,239.5,0
2025-12-14,M-O02,油压,16.8,0,,0,2,401,274.9,1
2025-12-14,M-O03,油压,13.7,0,,0,1,403,263.5,1
2025-12-14,M-O04,油压,14.7,0,,0.3,1,129,278.7,1
2025-12-14,M-O05,油压,18.3,0,,0,2,596,479.4,3
2025-12-14,M-O06,油压,14.4,0,,0,2,543,446.4,3
2025-12-14,M-O07,油压,13.5,0,,0,2,255,599.2,0
2025-12-14,M-O08,油压,18.7,0,,0.1,2,560,696.7,1
2025-12-14,M-O09,油压,14.8,0,,0,2,505,802.7,2
2025-12-14,M-D01,双色旋转,15.4,0,,0,2,345,109.3,0
2025-12-14,M-D02,双色旋转,17.2,0,,0,3,513,489.7,3
2025-12-14,M-D03,双色旋转,15.8,0,,0,2,471,566.9,0
2025-12-14,M-T01,两板,17.9,0,,0,3,369,59.3,4
2025-12-14,M-T02,两板,15.0,0,,0,2,327,341.7,1
2025-12-14,M-T03,两板,13.8,0,,0,1,115,772.8,0
2025-12-14,M-T04,两板,16.0,0,,0,5,529,1302.9,0
2025-12-15,M-E01,全电动,17.0,0,,0,1,423,30.0,1
2025-12-15,M-E02,全电动,17.8,0,,0,1,233,26.9,4
2025-12-15,M-E03,全电动,17.6,0,,0.2,2,275,50.6,4
2025-12-15,M-E04,全电动,16.6,0,,0.3,1,389,43.1,3
2025-12-15,M-E05,全电动,17.7,0,,0,1,422,73.2,3
2025-12-15,M-E06,全电动,18.2,0,,0,3,526,82.7,0
2025-12-15,M-E07,全电动,14.0,0,,0,4,547,65.4,2
2025-12-15,M-E08,全电动,14.5,0,,0.2,1,315,98.1,4
2025-12-15,M-E09,全电动,14.9,0,,0,2,423,98.0,0
2025-12-15,M-E10,全电动,17.7,0,,0,1,199,138.8,1
2025-12-15,M-E11,全电动,17.1,0,,0,3,471,135.0,4
2025-12-15,M-E12,全电动,17.1,0,,0.5,2,350,186.4,0
2025-12-15,M-E13,全电动,16.7,0,,0,2,183,189.4,0
2025-12-15,M-O01,油压,13.8,0,,0,2,200,187.3,2
2025-12-15,M-O02,油压,13.6,0,,0,4,261,186.8,1
2025-12-15,M-O03,油压,16.2,0,,0,1,125,264.7,0
2025-12-15,M-O04,油压,15.6,0,,0,1,336,305.1,2
2025-12-15,M-O05,油压,15.1,0,,0,3,381,357.6,4
2025-12-15,M-O06,油压,17.2,0,,0,3,389,464.9,0
2025-12-15,M-O07,油压,16.7,0,,0,2,404,548.3,0
2025-12-15,M-O08,油压,14.4,0,,0,2,551,721.8,2
2025-12-15,M-O09,油压,17.5,0,,0.2,1,444,735.5,2
2025-12-15,M-D01,双色旋转,17.0,0,,0,2,456,136.1,2
2025-12-15,M-D02,双色旋转,17.6,0,,0.3,2,275,465.3,0
2025-12-15,M-D03,双色旋转,15.0,0,,0,3,88,553.0,3
2025-12-15,M-T01,两板,15.8,0,,0,1,488,47.0,0
2025-12-15,M-T02,两板,16.2,0,,0,4,295,453.0,1
2025-12-15,M-T03,两板,14.9,0,,0,2,158,954.5,3
2025-12-15,M-T04,两板,18.0,0,,0,4,575,1153.6,1
2025-12-16,M-E01,全电动,15.1,0,,0,1,224,33.6,1
2025-12-16,M-E02,全电动,13.4,0,,0,3,182,23.9,0
2025-12-16,M-E03,全电动,14.8,0,,0,2,412,50.2,1
2025-12-16,M-E04,全电动,17.8,0,,0,2,311,42.3,0
2025-12-16,M-E05,全电动,13.6,0,,0,3,224,49.6,1
2025-12-16,M-E06,全电动,16.8,0,,0.1,2,409,74.3,3
2025-12-16,M-E07,全电动,15.4,0,,0,4,321,67.3,4
2025-12-16,M-E08,全电动,18.1,0,,0.5,3,233,108.8,3
2025-12-16,M-E09,全电动,14.3,0,,0,3,359,116.2,1
2025-12-16,M-E10,全电动,17.5,0,,0,2,440,138.9,0
2025-12-16,M-E11,全电动,13.4,0,,0.1,2,121,136.4,0
2025-12-16,M-E12,全电动,15.4,0,,0,1,108,166.5,4
2025-12-16,M-E13,全电动,14.6,0,,0.0,2,598,148.6,1
2025-12-16,M-O01,油压,17.9,0,,0,2,578,227.1,1
2025-12-16,M-O02,油压,15.6,0,,0,3,173,244.8,3
2025-12-16,M-O03,油压,18.9,0,,0,2,281,425.4,4
2025-12-16,M-O04,油压,16.5,0,,0,1,402,342.0,0
2025-12-16,M-O05,油压,16.4,0,,0,4,234,387.8,1
2025-12-16,M-O06,油压,14.0,0,,0,2,451,391.8,2
2025-12-16,M-O07,油压,18.6,0,,0,1,247,562.3,1
2025-12-16,M-O08,油压,16.9,0,,0,2,479,789.0,0
2025-12-16,M-O09,油压,15.2,0,,0,2,319,643.5,2
2025-12-16,M-D01,双色旋转,17.7,0,,0,3,330,127.1,4
2025-12-16,M-D02,双色旋转,18.5,0,,0.1,1,395,490.1,2
2025-12-16,M-D03,双色旋转,13.3,0,,0,3,130,462.5,1
2025-12-16,M-T01,两板,16.7,0,,0,2,293,59.3,3
2025-12-16,M-T02,两板,17.9,0,,0,1,143,510.7,3
2025-12-16,M-T03,两板,18.3,0,,0,1,545,1026.9,3
2025-12-16,M-T04,两板,15.0,0,,0.4,2,162,1139.8,3
2025-12-17,M-E01,全电动,14.3,0,,0,3,599,30.3,0
2025-12-17,M-E02,全电动,13.6,0,,0,3,466,27.4,1
2025-12-17,M-E03,全电动,18.6,0,,0,2,375,52.7,2
2025-12-17,M-E04,全电动,14.7,0,,0,1,584,38.9,0
2025-12-17,M-E05,全电动,14.1,0,,0,3,216,62.4,0
2025-12-17,M-E06,全电动,14.4,0,,0,3,104,62.0,0
2025-12-17,M-E07,全电动,17.9,0,,0,2,506,72.0,4
2025-12-17,M-E08,全电动,14.7,0,,0,2,423,82.9,4
2025-12-17,M-E09,全电动,17.3,0,,0.4,3,356,117.6,3
2025-12-17,M-E10,全电动,14.3,0,,0,1,436,133.3,0
2025-12-17,M-E11,全电动,14.9,0,,0,2,554,153.9,3
2025-12-17,M-E12,全电动,18.5,0,,0,4,291,155.1,3
2025-12-17,M-E13,全电动,14.4,0,,0,2,372,148.8,0
2025-12-17,M-O01,油压,16.1,0,,0,3,549,261.8,2
2025-12-17,M-O02,油压,17.8,0,,0,4,566,233.4,3
2025-12-17,M-O03,油压,16.4,0,,0,2,348,298.4,1
2025-12-17,M-O04,油压,16.4,0,,0,1,356,357.2,2
2025-12-17,M-O05,油压,17.7,0,,0,1,313,395.3,3
2025-12-17,M-O06,油压,16.9,0,,0,2,432,614.3,2
2025-12-17,M-O07,油压,18.2,0,,0,3,510,583.7,0
2025-12-17,M-O08,油压,14.7,0,,0,1,86,631.6,4
2025-12-17,M-O09,油压,15.5,0,,0,1,414,699.6,2
2025-12-17,M-D01,双色旋转,18.0,0,,0,2,527,139.5,3
2025-12-17,M-D02,双色旋转,17.9,0,,0,3,284,561.7,3
2025-12-17,M-D03,双色旋转,13.6,0,,0,1,134,486.1,2
2025-12-17,M-T01,两板,17.7,0,,0,2,228,67.2,1
2025-12-17,M-T02,两板,13.5,0,,0,2,447,326.3,3
2025-12-17,M-T03,两板,14.3,0,,0,2,252,707.7,3
2025-12-17,M-T04,两板,13.6,0,,0,1,436,1088.2,4
2025-12-18,M-E01,全电动,18.8,0,,0,2,408,38.3,3
2025-12-18,M-E02,全电动,14.6,0,,0.4,2,509,24.6,0
2025-12-18,M-E03,全电动,14.8,0,,0.2,3,153,49.6,2
2025-12-18,M-E04,全电动,15.8,0,,0,1,152,46.7,3
2025-12-18,M-E05,全电动,15.4,0,,0.1,1,485,55.6,4
2025-12-18,M-E06,全电动,16.1,0,,0,1,114,73.1,1
2025-12-18,M-E07,全电动,13.8,0,,0,1,382,66.3,4
2025-12-18,M-E08,全电动,15.6,0,,0,1,158,78.2,4
2025-12-18,M-E09,全电动,14.2,0,,0,3,357,92.0,3
2025-12-18,M-E10,全电动,15.4,0,,0,2,242,128.8,0
2025-12-18,M-E11,全电动,16.4,0,,0,3,537,115.8,0
2025-12-18,M-E12,全电动,18.6,0,,0,3,419,190.0,2
2025-12-18,M-E13,全电动,17.9,0,,0.2,1,182,236.7,1
2025-12-18,M-O01,油压,16.5,0,,0,1,293,241.1,0
2025-12-18,M-O02,油压,17.0,0,,0,4,123,233.4,2
2025-12-18,M-O03,油压,13.4,0,,0,4,111,251.6,4
2025-12-18,M-O04,油压,18.0,0,,0,1,351,483.5,3
2025-12-18,M-O05,油压,15.1,0,,0,3,455,378.4,0
2025-12-18,M-O06,油压,16.1,0,,0,2,543,574.8,0
2025-12-18,M-O07,油压,16.1,0,,0.4,3,555,706.8,2
2025-12-18,M-O08,油压,15.0,0,,0,1,463,592.0,4
2025-12-18,M-O09,油压,13.5,0,,0,1,386,621.0,1
2025-12-18,M-D01,双色旋转,16.7,0,,0,2,563,171.6,4
2025-12-18,M-D02,双色旋转,18.6,0,,0,3,156,476.1,3
2025-12-18,M-D03,双色旋转,18.5,0,,0,3,226,600.3,2
2025-12-18,M-T01,两板,18.0,0,,0.5,1,328,53.5,2
2025-12-18,M-T02,两板,18.7,0,,0,1,136,526.8,1
2025-12-18,M-T03,两板,13.5,0,,0,2,284,854.0,3
2025-12-18,M-T04,两板,17.6,0,,0,3,501,1520.4,3
2025-12-19,M-E01,全电动,13.7,0,,0,1,260,28.7,2
2025-12-19,M-E02,全电动,17.6,0,,0,2,298,30.5,1
2025-12-19,M-E03,全电动,17.9,0,,0,2,407,40.8,2
2025-12-19,M-E04,全电动,16.7,0,,0.5,1,583,44.2,4
2025-12-19,M-E05,全电动,17.7,0,,0,2,433,75.6,4
2025-12-19,M-E06,全电动,15.8,0,,0,2,161,71.3,0
2025-12-19,M-E07,全电动,18.0,0,,0,3,364,100.2,0
2025-12-19,M-E08,全电动,18.4,0,,0,2,315,101.1,1
2025-12-19,M-E09,全电动,14.2,0,,0,4,418,78.2,4
2025-12-19,M-E10,全电动,18.8,0,,0,3,95,165.2,0
2025-12-19,M-E11,全电动,18.8,0,,0.3,3,313,154.2,3
2025-12-19,M-E12,全电动,13.1,0,,0,1,332,129.7,4
2025-12-19,M-E13,全电动,13.1,0,,0,2,250,120.1,1
2025-12-19,M-O01,油压,17.1,0,,0.4,1,459,274.5,2
2025-12-19,M-O02,油压,18.8,0,,0,2,530,245.1,0
2025-12-19,M-O03,油压,16.0,0,,0,2,81,304.7,2
2025-12-19,M-O04,油压,16.4,0,,0,2,465,368.9,3
2025-12-19,M-O05,油压,16.2,0,,0,3,333,479.8,4
2025-12-19,M-O06,油压,13.3,0,,0,1,89,383.0,2
2025-12-19,M-O07,油压,14.7,0,,0,2,549,599.8,0
2025-12-19,M-O08,油压,13.0,0,,0,3,400,513.6,2
2025-12-19,M-O09,油压,16.1,0,,0,3,465,802.9,3
2025-12-19,M-D01,双色旋转,14.6,0,,0,4,202,135.3,3
2025-12-19,M-D02,双色旋转,13.2,0,,0,2,423,347.1,0
2025-12-19,M-D03,双色旋转,17.7,0,,0,1,582,528.2,3
2025-12-19,M-T01,两板,16.5,0,,0.3,2,428,50.4,3
2025-12-19,M-T02,两板,16.1,0,,0,3,294,355.7,2
2025-12-19,M-T03,两板,15.8,0,,0,2,597,987.5,3
2025-12-19,M-T04,两板,17.9,0,,0,1,409,1327.6,2
2025-12-20,M-E01,全电动,18.7,0,,0,3,146,33.8,3
2025-12-20,M-E02,全电动,14.8,3.8,液压系统,0.3,1,302,29.3,4
2025-12-20,M-E03,全电动,15.6,0,,0,2,336,43.1,1
2025-12-20,M-E04,全电动,16.2,0,,0,2,572,39.9,0
2025-12-20,M-E05,全电动,16.2,0,,0,3,386,60.5,0
2025-12-20,M-E06,全电动,17.6,0,,0,2,294,75.5,4
2025-12-20,M-E07,全电动,13.3,0,,0,2,464,50.3,2
2025-12-20,M-E08,全电动,18.0,0,,0,1,122,90.9,2
2025-12-20,M-E09,全电动,16.8,0,,0,1,266,99.1,1
2025-12-20,M-E10,全电动,14.8,0,,0,1,100,131.6,4
2025-12-20,M-E11,全电动,13.1,0,,0,2,426,107.9,4
2025-12-20,M-E12,全电动,18.5,0,,0,4,494,199.7,1
2025-12-20,M-E13,全电动,13.6,0,,0,1,519,135.2,0
2025-12-20,M-O01,油压,13.3,0,,0,3,529,170.6,3
2025-12-20,M-O02,油压,17.7,0,,0,3,124,253.9,4
2025-12-20,M-O03,油压,18.6,0,,0,1,223,374.2,1
2025-12-20,M-O04,油压,17.0,0,,0,3,483,346.5,4
2025-12-20,M-O05,油压,14.9,0,,0,1,346,456.5,3
2025-12-20,M-O06,油压,15.8,0,,0,1,343,408.8,1
2025-12-20,M-O07,油压,17.9,0,,0,3,235,622.1,1
2025-12-20,M-O08,油压,15.0,0,,0,1,437,720.9,1
2025-12-20,M-O09,油压,17.3,0,,0,1,354,964.1,1
2025-12-20,M-D01,双色旋转,16.4,0,,0,1,220,161.6,4
2025-12-20,M-D02,双色旋转,16.0,0,,0,1,341,581.9,4
2025-12-20,M-D03,双色旋转,15.4,0,,0.3,3,249,417.5,3
2025-12-20,M-T01,两板,15.3,0,,0,1,346,53.0,4
2025-12-20,M-T02,两板,15.0,0,,0,3,427,337.1,2
2025-12-20,M-T03,两板,13.6,0,,0,3,529,689.6,3
2025-12-20,M-T04,两板,18.3,0,,0,4,361,1723.3,0
2025-12-21,M-E01,全电动,16.3,0,,0,2,288,30.3,3
2025-12-21,M-E02,全电动,18.7,0,,0,1,436,29.0,4
2025-12-21,M-E03,全电动,17.9,0,,0,2,249,59.7,3
2025-12-21,M-E04,全电动,16.4,0,,0,3,209,54.4,0
2025-12-21,M-E05,全电动,15.7,0,,0,1,94,68.1,1
2025-12-21,M-E06,全电动,16.7,0,,0,3,115,58.0,1
2025-12-21,M-E07,全电动,13.7,0,,0,1,367,65.8,1
2025-12-21,M-E08,全电动,16.9,0,,0,1,257,88.8,0
2025-12-21,M-E09,全电动,13.4,0,,0,1,306,106.9,0
2025-12-21,M-E10,全电动,18.5,0,,0,4,500,131.5,2
2025-12-21,M-E11,全电动,15.2,0,,0,1,578,160.6,3
2025-12-21,M-E12,全电动,17.2,0,,0,1,533,157.2,2
2025-12-21,M-E13,全电动,15.3,0,,0,2,549,164.6,0
2025-12-21,M-O01,油压,13.4,0,,0.0,3,171,226.4,1
2025-12-21,M-O02,油压,15.0,0,,0,1,331,253.5,4
2025-12-21,M-O03,油压,18.5,0,,0,1,88,338.5,3
2025-12-21,M-O04,油压,14.1,0,,0,1,153,284.2,1
2025-12-21,M-O05,油压,19.0,0,,0,3,306,547.5,4
2025-12-21,M-O06,油压,16.7,0,,0,2,177,513.3,3
2025-12-21,M-O07,油压,13.2,0,,0.1,3,276,541.1,3
2025-12-21,M-O08,油压,14.5,0,,0,4,107,736.2,1
2025-12-21,M-O09,油压,17.4,0,,0,1,177,906.9,4
2025-12-21,M-D01,双色旋转,14.0,0,,0,2,555,144.8,4
2025-12-21,M-D02,双色旋转,15.0,0,,0.0,3,250,451.8,1
2025-12-21,M-D03,双色旋转,16.4,0,,0,3,545,524.0,2
2025-12-21,M-T01,两板,16.8,0,,0,1,420,52.9,2
2025-12-21,M-T02,两板,17.1,0,,0,2,228,365.7,0
2025-12-21,M-T03,两板,15.4,0,,0,3,384,847.4,2
2025-12-21,M-T04,两板,16.0,0,,0,1,97,1242.5,2
2025-12-22,M-E01,全电动,14.8,0,,0,1,461,23.7,0
2025-12-22,M-E02,全电动,14.0,0,,0,2,416,21.6,1
2025-12-22,M-E03,全电动,14.0,0,,0.5,2,529,35.2,2
2025-12-22,M-E04,全电动,12.4,1.5,传感器异常,0,1,597,38.7,2
2025-12-22,M-E05,全电动,13.1,0,,0,2,295,59.0,4
2025-12-22,M-E06,全电动,12.200000000000001,2.1,加热系统,0,3,81,54.5,0
2025-12-22,M-E07,全电动,13.1,0,,0,3,321,51.6,1
2025-12-22,M-E08,全电动,17.1,0,,0,3,492,83.8,2
2025-12-22,M-E09,全电动,17.4,0,,0.0,2,596,121.6,1
2025-12-22,M-E10,全电动,17.4,0,,0,3,135,158.6,4
2025-12-22,M-E11,全电动,13.2,0,,0,2,474,138.0,2
2025-12-22,M-E12,全电动,16.8,0,,0,2,259,188.6,3
2025-12-22,M-E13,全电动,14.8,0,,0.3,3,326,162.3,4
2025-12-22,M-O01,油压,13.9,0,,0,3,120,220.4,1
2025-12-22,M-O02,油压,17.8,0,,0,1,516,318.6,1
2025-12-22,M-O03,油压,17.4,0,,0,3,269,281.2,3
2025-12-22,M-O04,油压,13.5,0,,0,2,143,290.8,4
2025-12-22,M-O05,油压,17.8,0,,0.1,1,99,488.9,3
2025-12-22,M-O06,油压,17.9,0,,0,2,328,456.3,3
2025-12-22,M-O07,油压,18.5,0,,0,4,428,731.3,3
2025-12-22,M-O08,油压,17.1,0,,0,3,525,600.0,3
2025-12-22,M-O09,油压,17.3,0,,0,2,147,707.4,1
2025-12-22,M-D01,双色旋转,14.1,0,,0,1,328,115.3,2
2025-12-22,M-D02,双色旋转,13.5,0,,0.0,3,343,345.4,0
2025-12-22,M-D03,双色旋转,14.8,0,,0.3,2,560,543.8,0
2025-12-22,M-T01,两板,13.2,0,,0,2,564,34.1,4
2025-12-22,M-T02,两板,13.7,0,,0,3,195,396.4,1
2025-12-22,M-T03,两板,15.9,0,,0,2,293,1057.4,0
2025-12-22,M-T04,两板,13.4,0,,0,1,174,951.4,4
2025-12-23,M-E01,全电动,14.099999999999998,2.3,模具问题,0,2,231,31.7,1
2025-12-23,M-E02,全电动,17.8,0,,0,1,337,39.3,0
2025-12-23,M-E03,全电动,13.5,0,,0,2,233,36.4,4
2025-12-23,M-E04,全电动,18.4,0,,0,1,383,59.4,4
2025-12-23,M-E05,全电动,16.400000000000002,1.4,传感器异常,0.0,2,526,57.2,2
2025-12-23,M-E06,全电动,15.2,0,,0,2,517,66.1,3
2025-12-23,M-E07,全电动,14.1,0,,0,3,344,62.8,1
2025-12-23,M-E08,全电动,13.7,0,,0,3,86,79.0,1
2025-12-23,M-E09,全电动,18.2,0,,0,1,414,137.7,2
2025-12-23,M-E10,全电动,13.5,0,,0,4,529,88.0,4
2025-12-23,M-E11,全电动,14.6,0,,0,1,156,145.2,3
2025-12-23,M-E12,全电动,16.4,0,,0,2,520,171.1,0
2025-12-23,M-E13,全电动,15.0,0,,0,2,106,151.5,0
2025-12-23,M-O01,油压,15.6,0,,0,2,226,179.2,1
2025-12-23,M-O02,油压,15.8,0,,0.2,3,459,287.1,4
2025-12-23,M-O03,油压,15.8,0,,0,4,205,274.1,1
2025-12-23,M-O04,油压,16.1,0,,0,1,419,341.1,3
2025-12-23,M-O05,油压,13.9,0,,0,2,145,300.5,0
2025-12-23,M-O06,油压,14.1,0,,0,2,191,382.7,2
2025-12-23,M-O07,油压,19.0,0,,0,2,310,751.2,2
2025-12-23,M-O08,油压,16.7,0,,0,2,357,659.6,0
2025-12-23,M-O09,油压,15.4,0,,0,1,580,725.5,2
2025-12-23,M-D01,双色旋转,15.9,0,,0,3,428,160.9,3
2025-12-23,M-D02,双色旋转,16.5,0,,0,3,413,490.3,4
2025-12-23,M-D03,双色旋转,13.1,0,,0,1,313,447.6,1
2025-12-23,M-T01,两板,18.3,0,,0,3,364,60.2,3
2025-12-23,M-T02,两板,17.2,0,,0,1,390,396.4,1
2025-12-23,M-T03,两板,14.7,0,,0,3,521,732.1,3
2025-12-23,M-T04,两板,18.9,0,,0,1,167,1284.8,2
2025-12-24,M-E01,全电动,14.3,0,,0.5,3,187,27.7,0
2025-12-24,M-E02,全电动,15.3,0,,0,3,557,24.5,1
2025-12-24,M-E03,全电动,11.0,2.8,电气故障,0,2,296,28.8,3
2025-12-24,M-E04,全电动,18.4,0,,0,3,116,51.7,3
2025-12-24,M-E05,全电动,15.7,0,,0,4,163,51.9,1
2025-12-24,M-E06,全电动,13.3,0,,0.5,3,456,45.1,3
2025-12-24,M-E07,全电动,16.7,0,,0,1,260,84.0,0
2025-12-24,M-E08,全电动,14.3,0,,0,2,91,72.8,4
2025-12-24,M-E09,全电动,14.0,0,,0,4,436,105.9,4
2025-12-24,M-E10,全电动,15.6,0,,0,2,322,144.9,3
2025-12-24,M-E11,全电动,17.9,0,,0,1,527,187.5,0
2025-12-24,M-E12,全电动,17.5,0,,0,3,436,193.4,1
2025-12-24,M-E13,全电动,15.3,3.0,加热系统,0,2,466,171.3,4
2025-12-24,M-O01,油压,15.2,0,,0,2,83,200.4,3
2025-12-24,M-O02,油压,14.5,0,,0,4,399,232.8,2
2025-12-24,M-O03,油压,15.2,0,,0,1,503,305.6,0
2025-12-24,M-O04,油压,13.9,0,,0,1,219,332.3,1
2025-12-24,M-O05,油压,16.9,0,,0,2,364,446.9,0
2025-12-24,M-O06,油压,17.5,0,,0,3,277,456.8,1
2025-12-24,M-O07,油压,16.4,0,,0,2,460,551.9,1
2025-12-24,M-O08,油压,17.3,0,,0,2,503,912.8,1
2025-12-24,M-O09,油压,18.9,0,,0,1,320,868.1,2
2025-12-24,M-D01,双色旋转,14.1,0,,0,3,196,120.0,4
2025-12-24,M-D02,双色旋转,16.0,0,,0,2,223,487.3,0
2025-12-24,M-D03,双色旋转,17.6,0,,0,2,533,456.1,2
2025-12-24,M-T01,两板,13.7,0,,0.2,3,495,50.7,4
2025-12-24,M-T02,两板,15.5,0,,0,1,457,328.9,1
2025-12-24,M-T03,两板,13.1,0,,0,2,187,664.9,3
2025-12-24,M-T04,两板,17.6,0,,0,3,536,1607.3,3
2025-12-25,M-E01,全电动,17.8,0,,0,1,240,28.5,0
2025-12-25,M-E02,全电动,13.9,0,,0,2,330,27.7,3
2025-12-25,M-E03,全电动,17.8,0,,0,2,396,57.1,3
2025-12-25,M-E04,全电动,17.7,0,,0,1,467,48.1,3
2025-12-25,M-E05,全电动,18.4,0,,0,2,432,69.2,0
2025-12-25,M-E06,全电动,18.5,0,,0,3,449,63.1,4
2025-12-25,M-E07,全电动,13.1,0,,0,1,262,69.8,3
2025-12-25,M-E08,全电动,18.4,0,,0,3,540,98.7,3
2025-12-25,M-E09,全电动,14.7,0,,0,2,188,89.5,2
2025-12-25,M-E10,全电动,17.2,0,,0,2,424,137.7,2
2025-12-25,M-E11,全电动,14.7,0,,0,2,86,127.4,2
2025-12-25,M-E12,全电动,14.3,0,,0,1,320,152.0,0
2025-12-25,M-E13,全电动,14.0,0,,0.4,2,138,139.2,0
2025-12-25,M-O01,油压,17.9,0,,0,1,279,301.7,0
2025-12-25,M-O02,油压,17.9,0,,0,2,460,275.0,1
2025-12-25,M-O03,油压,15.5,0,,0.3,3,525,288.5,1
2025-12-25,M-O04,油压,15.9,0,,0,3,129,333.4,4
2025-12-25,M-O05,油压,15.9,0,,0,1,521,455.3,2
2025-12-25,M-O06,油压,17.3,0,,0,2,177,537.0,2
2025-12-25,M-O07,油压,14.5,0,,0,4,399,466.3,1
2025-12-25,M-O08,油压,17.4,0,,0,2,228,652.7,3
2025-12-25,M-O09,油压,18.7,0,,0,1,198,896.1,0
2025-12-25,M-D01,双色旋转,18.2,0,,0,2,151,183.5,1
2025-12-25,M-D02,双色旋转,13.9,0,,0,1,386,413.6,4
2025-12-25,M-D03,双色旋转,13.6,0,,0.2,2,161,440.6,2
2025-12-25,M-T01,两板,18.7,0,,0,1,202,68.9,3
2025-12-25,M-T02,两板,17.7,0,,0,3,459,408.7,0
2025-12-25,M-T03,两板,18.7,0,,0,3,120,1026.5,0
2025-12-25,M-T04,两板,14.9,0,,0,1,557,1182.6,2
2025-12-26,M-E01,全电动,15.9,0,,0,1,136,32.0,3
2025-12-26,M-E02,全电动,14.9,0,,0.1,3,316,23.6,3
2025-12-26,M-E03,全电动,13.1,0,,0,3,110,43.2,4
2025-12-26,M-E04,全电动,14.1,0,,0.0,2,186,34.9,0
2025-12-26,M-E05,全电动,13.1,0,,0,2,353,39.7,2
2025-12-26,M-E06,全电动,18.2,0,,0,3,439,62.4,1
2025-12-26,M-E07,全电动,17.3,0,,0,1,91,81.1,2
2025-12-26,M-E08,全电动,16.8,0,,0,2,294,86.4,3
2025-12-26,M-E09,全电动,16.9,0,,0,3,549,116.7,3
2025-12-26,M-E10,全电动,15.0,0,,0,3,536,133.4,4
2025-12-26,M-E11,全电动,17.0,0,,0,1,498,180.5,0
2025-12-26,M-E12,全电动,13.3,0,,0,2,525,159.6,1
2025-12-26,M-E13,全电动,14.3,0,,0,2,284,133.4,3
2025-12-26,M-O01,油压,13.3,0,,0,2,495,206.1,0
2025-12-26,M-O02,油压,18.3,0,,0,2,131,277.1,3
2025-12-26,M-O03,油压,15.4,0,,0,4,82,293.6,4
2025-12-26,M-O04,油压,17.6,0,,0.2,2,135,480.4,0
2025-12-26,M-O05,油压,13.8,0,,0,2,176,304.9,2
2025-12-26,M-O06,油压,14.6,0,,0,1,365,474.6,0
2025-12-26,M-O07,油压,17.0,0,,0,2,498,560.6,0
2025-12-26,M-O08,油压,17.5,0,,0,2,377,900.1,3
2025-12-26,M-O09,油压,13.1,0,,0.5,1,446,730.7,4
2025-12-26,M-D01,双色旋转,17.1,0,,0,2,383,169.6,3
2025-12-26,M-D02,双色旋转,17.9,0,,0,3,441,449.3,3
2025-12-26,M-D03,双色旋转,13.7,0,,0,2,146,379.9,1
2025-12-26,M-T01,两板,14.0,0,,0,2,403,40.3,0
2025-12-26,M-T02,两板,14.2,0,,0,3,125,346.2,4
2025-12-26,M-T03,两板,17.4,0,,0,3,115,1011.2,4
2025-12-26,M-T04,两板,13.4,0,,0,1,348,861.1,1
2025-12-27,M-E01,全电动,17.3,0,,0,3,282,36.9,4
2025-12-27,M-E02,全电动,16.2,0,,0,2,171,30.6,0
2025-12-27,M-E03,全电动,14.0,0,,0,1,238,40.1,0
2025-12-27,M-E04,全电动,12.7,0.8,模具问题,0,2,503,29.8,0
2025-12-27,M-E05,全电动,18.6,0,,0,1,484,70.7,4
2025-12-27,M-E06,全电动,16.9,0,,0,2,378,63.0,0
2025-12-27,M-E07,全电动,17.0,0,,0,2,121,90.4,1
2025-12-27,M-E08,全电动,19.0,0,,0,2,125,101.4,3
2025-12-27,M-E09,全电动,15.1,0,,0,2,595,120.7,0
2025-12-27,M-E10,全电动,16.5,0,,0,2,216,114.7,3
2025-12-27,M-E11,全电动,14.4,0,,0,2,417,126.1,4
2025-12-27,M-E12,全电动,15.6,0,,0,2,171,189.6,4
2025-12-27,M-E13,全电动,15.5,0,,0,2,533,205.5,0
2025-12-27,M-O01,油压,16.2,0,,0,2,163,237.9,4
2025-12-27,M-O02,油压,16.4,0,,0,2,532,224.3,1
2025-12-27,M-O03,油压,18.1,0,,0,1,573,273.1,1
2025-12-27,M-O04,油压,13.5,0,,0,2,499,267.3,4
2025-12-27,M-O05,油压,16.0,0,,0,1,230,387.0,1
2025-12-27,M-O06,油压,17.2,0,,0,3,115,489.8,4
2025-12-27,M-O07,油压,14.7,0,,0,1,352,466.2,3
2025-12-27,M-O08,油压,13.7,0,,0,1,274,494.7,3
2025-12-27,M-O09,油压,14.2,0,,0,1,443,708.9,1
2025-12-27,M-D01,双色旋转,13.3,0,,0,3,408,121.3,1
2025-12-27,M-D02,双色旋转,15.5,0,,0,2,243,520.2,3
2025-12-27,M-D03,双色旋转,15.4,0,,0,1,563,466.2,3
2025-12-27,M-T01,两板,17.3,0,,0,1,383,57.3,0
2025-12-27,M-T02,两板,18.4,0,,0,2,335,524.7,2
2025-12-27,M-T03,两板,17.7,0,,0.0,1,146,947.2,3
2025-12-27,M-T04,两板,18.8,0,,0,1,448,1337.5,3
2025-12-28,M-E01,全电动,17.0,0,,0,1,416,26.5,0
2025-12-28,M-E02,全电动,16.8,0,,0,1,163,33.7,2
2025-12-28,M-E03,全电动,16.0,0,,0,2,401,43.4,4
2025-12-28,M-E04,全电动,18.3,0,,0,2,491,45.3,2
2025-12-28,M-E05,全电动,18.6,0,,0,1,433,76.4,0
2025-12-28,M-E06,全电动,18.3,0,,0,2,222,67.5,1
2025-12-28,M-E07,全电动,17.9,0,,0,4,544,99.6,4
2025-12-28,M-E08,全电动,13.3,0,,0,1,438,68.8,3
2025-12-28,M-E09,全电动,14.6,0,,0,2,199,115.4,1
2025-12-28,M-E10,全电动,16.3,0,,0,3,171,124.1,1
2025-12-28,M-E11,全电动,17.1,0,,0,1,574,168.0,1
2025-12-28,M-E12,全电动,12.7,1.4,模具问题,0,1,199,134.1,4
2025-12-28,M-E13,全电动,14.7,0,,0,1,254,130.3,0
2025-12-28,M-O01,油压,14.6,0,,0.5,1,203,211.5,4
2025-12-28,M-O02,油压,15.1,0,,0.0,2,370,241.0,0
2025-12-28,M-O03,油压,13.9,0,,0,3,482,232.1,0
2025-12-28,M-O04,油压,19.0,0,,0,1,120,475.6,2
2025-12-28,M-O05,油压,18.2,0,,0,2,556,491.2,2
2025-12-28,M-O06,油压,13.4,0,,0,2,479,496.1,4
2025-12-28,M-O07,油压,16.3,0,,0,3,383,635.1,2
2025-12-28,M-O08,油压,15.9,0,,0,2,494,577.6,0
2025-12-28,M-O09,油压,13.2,0,,0.3,2,314,736.7,1
2025-12-28,M-D01,双色旋转,17.9,0,,0,3,374,125.5,0
2025-12-28,M-D02,双色旋转,14.6,0,,0,1,215,398.4,3
2025-12-28,M-D03,双色旋转,15.6,0,,0,5,308,522.5,1
2025-12-28,M-T01,两板,14.2,0,,0,1,583,48.1,4
2025-12-28,M-T02,两板,14.7,0,,0,1,106,325.1,2
2025-12-28,M-T03,两板,16.9,0,,0,2,462,970.3,3
2025-12-28,M-T04,两板,17.9,0,,0,3,479,1348.7,3
2025-12-29,M-E01,全电动,18.8,0,,0,2,323,41.2,3
2025-12-29,M-E02,全电动,14.0,0,,0,2,334,25.3,3
2025-12-29,M-E03,全电动,13.9,0,,0.3,4,273,35.3,3
2025-12-29,M-E04,全电动,14.3,0,,0,2,222,36.4,0
2025-12-29,M-E05,全电动,15.9,0,,0,4,383,59.7,2
2025-12-29,M-E06,全电动,17.3,0,,0,4,128,54.1,1
2025-12-29,M-E07,全电动,15.8,0,,0,2,255,65.1,2
2025-12-29,M-E08,全电动,17.1,0,,0,2,216,85.8,1
2025-12-29,M-E09,全电动,15.1,0,,0.1,3,553,96.5,1
2025-12-29,M-E10,全电动,15.3,0,,0.4,1,337,108.3,3
2025-12-29,M-E11,全电动,15.6,0,,0,3,97,148.5,3
2025-12-29,M-E12,全电动,16.0,0,,0,2,314,135.8,4
2025-12-29,M-E13,全电动,13.4,0,,0,2,343,169.8,1
2025-12-29,M-O01,油压,18.9,0,,0,1,409,228.6,2
2025-12-29,M-O02,油压,13.1,0,,0,2,231,220.2,4
2025-12-29,M-O03,油压,15.6,0,,0,3,276,288.4,4
2025-12-29,M-O04,油压,13.9,0,,0,2,460,313.2,0
2025-12-29,M-O05,油压,14.5,0,,0,1,87,314.0,0
2025-12-29,M-O06,油压,15.5,0,,0,2,580,561.2,3
2025-12-29,M-O07,油压,13.0,0,,0,3,500,515.1,2
2025-12-29,M-O08,油压,15.2,0,,0,1,576,711.9,3
2025-12-29,M-O09,油压,18.3,0,,0,2,339,759.8,1
2025-12-29,M-D01,双色旋转,16.5,0,,0,1,293,133.8,1
2025-12-29,M-D02,双色旋转,16.1,0,,0,1,431,441.2,3
2025-12-29,M-D03,双色旋转,14.6,0,,0,3,481,510.7,0
2025-12-29,M-T01,两板,15.8,0,,0,4,196,56.7,4
2025-12-29,M-T02,两板,16.9,0,,0,1,240,399.8,1
2025-12-29,M-T03,两板,17.7,0,,0,3,278,847.7,0
2025-12-29,M-T04,两板,17.1,0,,0,2,558,1094.7,0
2025-12-30,M-E01,全电动,15.4,0,,0,1,298,33.2,0
2025-12-30,M-E02,全电动,17.2,0,,0,2,92,36.5,0
2025-12-30,M-E03,全电动,15.3,0,,0,2,104,50.7,1
2025-12-30,M-E04,全电动,13.8,0,,0,4,542,34.4,3
2025-12-30,M-E05,全电动,14.7,0,,0,2,481,55.3,0
2025-12-30,M-E06,全电动,17.9,0,,0,1,269,67.8,3
2025-12-30,M-E07,全电动,15.0,0,,0,1,534,84.5,4
2025-12-30,M-E08,全电动,17.1,0,,0,1,386,108.8,0
2025-12-30,M-E09,全电动,16.0,0,,0,1,143,111.5,3
2025-12-30,M-E10,全电动,13.3,0,,0,3,296,115.0,4
2025-12-30,M-E11,全电动,18.7,0,,0,2,281,132.6,4
2025-12-30,M-E12,全电动,16.8,0,,0,4,538,167.7,3
2025-12-30,M-E13,全电动,16.0,0,,0.1,3,516,163.7,4
2025-12-30,M-O01,油压,13.1,0,,0,1,426,218.9,4
2025-12-30,M-O02,油压,15.6,0,,0,1,368,230.2,1
2025-12-30,M-O03,油压,18.3,0,,0,5,97,308.5,3
2025-12-30,M-O04,油压,18.2,0,,0,4,408,356.1,4
2025-12-30,M-O05,油压,17.8,0,,0,1,301,435.7,0
2025-12-30,M-O06,油压,15.200000000000001,0.6,传感器异常,0.0,3,502,380.0,4
2025-12-30,M-O07,油压,16.9,0,,0,1,96,609.6,3
2025-12-30,M-O08,油压,16.1,0,,0,2,177,840.1,2
2025-12-30,M-O09,油压,13.4,0,,0,2,95,605.6,2
2025-12-30,M-D01,双色旋转,15.7,0,,0.3,2,262,154.9,3
2025-12-30,M-D02,双色旋转,18.5,0,,0,1,383,506.5,0
2025-12-30,M-D03,双色旋转,13.8,0,,0,2,353,461.9,0
2025-12-30,M-T01,两板,18.8,0,,0,1,552,66.1,2
2025-12-30,M-T02,两板,19.0,0,,0,1,82,414.8,4
2025-12-30,M-T03,两板,11.3,4.0,液压系统,0,1,472,772.1,1
2025-12-30,M-T04,两板,14.4,0,,0,2,281,1132.5,0
2025-12-31,M-E01,全电动,14.5,0,,0.3,2,159,30.0,2
2025-12-31,M-E02,全电动,17.6,0,,0,3,254,28.7,1
2025-12-31,M-E03,全电动,14.7,0,,0,4,325,39.6,4
2025-12-31,M-E04,全电动,18.7,0,,0,1,596,61.9,1
2025-12-31,M-E05,全电动,17.4,0,,0,4,520,54.0,1
2025-12-31,M-E06,全电动,16.0,0,,0,3,466,70.0,1
2025-12-31,M-E07,全电动,14.5,0,,0,1,539,55.8,4
2025-12-31,M-E08,全电动,17.3,0,,0,2,504,91.0,4
2025-12-31,M-E09,全电动,17.1,0,,0,2,463,101.8,4
2025-12-31,M-E10,全电动,13.5,0,,0,1,533,115.2,2
2025-12-31,M-E11,全电动,17.4,0,,0,2,233,144.9,4
2025-12-31,M-E12,全电动,16.1,0,,0,2,524,164.0,4
2025-12-31,M-E13,全电动,18.5,0,,0.3,3,388,180.2,3
2025-12-31,M-O01,油压,13.4,0,,0,1,93,218.3,4
2025-12-31,M-O02,油压,14.3,0,,0,3,335,224.1,4
2025-12-31,M-O03,油压,17.7,0,,0,2,404,342.6,2
2025-12-31,M-O04,油压,18.5,0,,0,4,221,407.6,3
2025-12-31,M-O05,油压,17.1,0,,0,2,184,522.2,0
2025-12-31,M-O06,油压,13.8,0,,0.3,3,406,414.4,3
2025-12-31,M-O07,油压,14.9,0,,0,2,583,548.1,4
2025-12-31,M-O08,油压,15.4,0,,0,2,155,674.6,1
2025-12-31,M-O09,油压,14.7,0,,0,2,512,716.4,4
2025-12-31,M-D01,双色旋转,13.9,0,,0,2,251,111.7,3
2025-12-31,M-D02,双色旋转,14.3,0,,0,3,567,493.7,0
2025-12-31,M-D03,双色旋转,16.7,0,,0,4,109,493.2,4
2025-12-31,M-T01,两板,11.600000000000001,3.3,模具问题,0,3,556,42.6,4
2025-12-31,M-T02,两板,14.3,0,,0,2,479,392.2,1
2025-12-31,M-T03,两板,18.4,0,,0,2,303,921.9,3
2025-12-31,M-T04,两板,15.0,0,,0,4,427,1137.6,1
