event_id,event_time,machine_id,event_type,is_failure,downtime_hours,cost_yuan,technician,status,note
MNT-000001,2025-02-07 16:00:00,M08,换油,True,22.97,2531.16,维修工B,已修复,
MNT-000002,2024-08-27 00:00:00,M05,锁模故障,True,5.3,6927.62,外部供应商,待跟进,更换备件
MNT-000003,2026-04-20 13:00:00,M11,加热故障,True,7.72,231.38,维修工A,已修复,建议大修
MNT-000004,2025-11-04 05:00:00,M22,液压故障,True,3.0,5745.08,外部供应商,已修复,更换备件
MNT-000005,2025-04-16 04:00:00,M18,电气故障,True,19.73,2984.58,维修工A,已修复,
MNT-000006,2024-02-14 19:00:00,M03,液压故障,True,13.62,5231.42,维修工C,已修复,需要厂家支持
MNT-000007,2024-09-20 02:00:00,M17,滤芯更换,True,19.02,5229.1,外部供应商,已修复,
MNT-000008,2024-11-07 13:00:00,M16,滤芯更换,True,11.78,7641.91,维修工D,已修复,
MNT-000009,2026-03-19 09:00:00,M06,换油,True,6.84,1583.09,维修工A,已修复,需要厂家支持
MNT-000010,2026-02-02 01:00:00,M22,滤芯更换,True,13.66,262.7,维修工B,已修复,
MNT-000011,2024-06-03 19:00:00,M12,锁模故障,True,18.09,4364.25,维修工C,已修复,
MNT-000012,2025-08-16 10:00:00,M25,密封件更换,True,18.51,7541.66,维修工A,已修复,
MNT-000013,2024-05-01 01:00:00,M10,电气故障,True,4.77,6378.62,维修工A,已修复,
MNT-000014,2024-01-07 17:00:00,M05,加热故障,True,5.11,3637.69,外部供应商,已修复,
MNT-000015,2025-03-06 13:00:00,M18,液压故障,True,2.15,7572.69,外部供应商,已修复,
MNT-000016,2026-04-01 00:00:00,M13,故障维修,True,5.91,2387.27,维修工C,已修复,
MNT-000017,2025-02-21 22:00:00,M28,注射故障,True,8.58,4985.25,维修工A,已修复,需要厂家支持
MNT-000018,2024-10-07 07:00:00,M12,电气故障,True,3.05,2075.14,外部供应商,已修复,建议大修
MNT-000019,2026-02-11 10:00:00,M09,锁模故障,True,13.54,5955.12,维修工D,已修复,需要厂家支持
MNT-000020,2025-05-18 05:00:00,M21,预防性保养,False,2.77,104.92,维修工B,已修复,
MNT-000021,2026-04-24 07:00:00,M19,换油,True,6.18,3281.71,维修工D,已修复,需要厂家支持
MNT-000022,2025-09-17 17:00:00,M11,加热故障,True,7.23,3011.23,维修工B,已修复,
MNT-000023,2026-04-28 18:00:00,M26,注射故障,True,17.67,7432.43,维修工D,已修复,
MNT-000024,2024-03-05 06:00:00,M18,加热故障,True,17.59,5117.09,维修工A,已修复,建议大修
MNT-000025,2024-11-06 05:00:00,M20,电气故障,True,8.01,7906.45,维修工C,已修复,
MNT-000026,2024-08-17 14:00:00,M08,换油,True,2.87,4189.37,维修工A,已修复,需要厂家支持
MNT-000027,2024-10-16 15:00:00,M01,电气故障,True,7.69,1611.59,外部供应商,已修复,
MNT-000028,2025-04-06 07:00:00,M12,加热故障,True,1.57,2521.13,维修工B,已修复,需要厂家支持
MNT-000029,2024-02-19 23:00:00,M29,预防性保养,False,1.77,429.78,维修工C,已修复,
MNT-000030,2024-04-29 10:00:00,M05,注射故障,True,3.53,672.74,维修工C,待跟进,更换备件
MNT-000031,2024-04-26 14:00:00,M19,预防性保养,False,2.35,784.43,维修工D,已修复,
MNT-000032,2026-03-04 17:00:00,M17,换油,True,11.42,6772.26,维修工C,已修复,
MNT-000033,2025-03-11 13:00:00,M16,故障维修,True,11.88,2750.08,外部供应商,已修复,
MNT-000034,2025-05-18 19:00:00,M18,锁模故障,True,23.73,6572.5,外部供应商,已修复,建议大修
MNT-000035,2026-04-28 15:00:00,M28,锁模故障,True,7.91,4139.87,维修工B,已修复,建议大修
MNT-000036,2024-03-16 07:00:00,M12,液压故障,True,18.53,339.83,外部供应商,已修复,建议大修
MNT-000037,2026-02-09 07:00:00,M21,预防性保养,False,2.86,637.21,外部供应商,已修复,
MNT-000038,2025-04-12 02:00:00,M23,液压故障,True,20.39,4139.69,外部供应商,已修复,需要厂家支持
MNT-000039,2024-02-10 20:00:00,M29,故障维修,True,13.34,7555.32,维修工A,待跟进,
MNT-000040,2025-12-13 07:00:00,M06,注射故障,True,18.34,5568.78,外部供应商,已修复,建议大修
MNT-000041,2025-07-21 03:00:00,M04,电气故障,True,7.28,915.79,维修工D,已修复,建议大修
MNT-000042,2025-11-13 17:00:00,M18,密封件更换,True,3.72,3600.78,维修工D,已修复,
MNT-000043,2024-12-26 16:00:00,M02,加热故障,True,9.98,3840.83,维修工D,已修复,建议大修
MNT-000044,2025-05-03 20:00:00,M04,注射故障,True,9.97,2802.94,维修工B,已修复,
MNT-000045,2025-12-07 01:00:00,M21,锁模故障,True,22.44,2974.47,外部供应商,已修复,
MNT-000046,2024-10-21 01:00:00,M07,液压故障,True,19.0,4173.98,维修工B,已修复,
MNT-000047,2024-03-15 01:00:00,M07,加热故障,True,15.89,6867.45,外部供应商,已修复,
MNT-000048,2025-01-28 11:00:00,M24,电气故障,True,20.87,5814.96,外部供应商,已修复,
MNT-000049,2026-01-20 01:00:00,M04,电气故障,True,20.35,7618.01,维修工C,已修复,需要厂家支持
MNT-000050,2026-01-29 19:00:00,M11,滤芯更换,True,7.34,4855.3,维修工B,已修复,更换备件
MNT-000051,2025-12-23 05:00:00,M06,密封件更换,True,11.2,5519.87,外部供应商,已修复,
MNT-000052,2025-12-12 15:00:00,M28,锁模故障,True,10.43,7431.13,维修工A,已修复,更换备件
MNT-000053,2024-01-13 20:00:00,M29,密封件更换,True,8.34,7842.17,外部供应商,已修复,建议大修
MNT-000054,2025-12-13 03:00:00,M14,滤芯更换,True,8.66,5334.36,维修工D,已修复,需要厂家支持
MNT-000055,2025-06-27 00:00:00,M01,密封件更换,True,19.08,7473.44,维修工A,已修复,
MNT-000056,2025-05-12 07:00:00,M16,滤芯更换,True,15.0,6778.61,维修工A,已修复,
MNT-000057,2024-02-22 11:00:00,M23,锁模故障,True,20.33,1938.54,维修工A,已修复,更换备件
MNT-000058,2024-04-24 07:00:00,M25,注射故障,True,19.07,3109.8,外部供应商,已修复,需要厂家支持
MNT-000059,2024-04-02 10:00:00,M14,加热故障,True,11.09,1864.69,维修工D,已修复,
MNT-000060,2026-03-05 16:00:00,M22,预防性保养,False,2.21,1423.52,维修工C,已修复,更换备件
MNT-000061,2025-09-12 14:00:00,M25,故障维修,True,17.91,6697.19,外部供应商,已修复,建议大修
MNT-000062,2024-08-11 09:00:00,M06,故障维修,True,1.57,4764.36,外部供应商,已修复,更换备件
MNT-000063,2025-11-09 21:00:00,M03,故障维修,True,14.55,2873.48,维修工A,已修复,更换备件
MNT-000064,2025-02-23 17:00:00,M10,注射故障,True,20.18,4645.8,维修工A,已修复,
MNT-000065,2024-07-08 00:00:00,M15,换油,True,6.53,1637.19,维修工C,待跟进,
MNT-000066,2025-04-27 21:00:00,M25,故障维修,True,18.7,4474.37,维修工B,已修复,更换备件
MNT-000067,2024-03-11 03:00:00,M09,预防性保养,False,2.12,425.6,外部供应商,已修复,更换备件
MNT-000068,2025-03-08 16:00:00,M07,液压故障,True,9.89,7469.78,维修工B,已修复,
MNT-000069,2025-09-20 22:00:00,M03,加热故障,True,23.46,2725.31,维修工D,已修复,建议大修
MNT-000070,2025-02-22 18:00:00,M21,预防性保养,False,2.44,1390.91,外部供应商,已修复,
MNT-000071,2025-11-21 00:00:00,M11,预防性保养,False,1.59,1409.43,维修工C,已修复,需要厂家支持
MNT-000072,2024-08-22 23:00:00,M17,换油,True,22.04,4684.39,维修工C,已修复,需要厂家支持
MNT-000073,2024-09-08 18:00:00,M23,换油,True,0.76,4198.35,维修工B,已修复,更换备件
MNT-000074,2025-06-17 09:00:00,M15,密封件更换,True,7.2,2764.8,维修工A,已修复,需要厂家支持
MNT-000075,2026-02-16 13:00:00,M05,液压故障,True,21.77,3406.13,维修工A,已修复,
MNT-000076,2025-07-27 02:00:00,M01,故障维修,True,8.68,1267.48,维修工B,已修复,
MNT-000077,2024-08-10 05:00:00,M08,换油,True,15.9,4889.32,维修工C,已修复,需要厂家支持
MNT-000078,2024-11-16 07:00:00,M27,锁模故障,True,8.87,5529.56,维修工D,已修复,
MNT-000079,2024-05-16 22:00:00,M23,滤芯更换,True,13.81,5668.43,维修工B,待跟进,建议大修
MNT-000080,2026-02-18 07:00:00,M16,液压故障,True,16.08,1811.38,维修工B,已修复,
MNT-000081,2026-03-13 10:00:00,M22,换油,True,16.32,6332.57,外部供应商,已修复,
MNT-000082,2025-12-05 18:00:00,M27,锁模故障,True,21.49,5639.56,维修工A,已修复,
MNT-000083,2025-08-28 03:00:00,M13,液压故障,True,22.34,1554.16,维修工D,已修复,
MNT-000084,2025-07-27 08:00:00,M13,密封件更换,True,16.07,7190.05,维修工D,已修复,需要厂家支持
MNT-000085,2026-01-02 22:00:00,M01,换油,True,20.43,7963.07,维修工B,已修复,需要厂家支持
MNT-000086,2024-06-24 14:00:00,M24,滤芯更换,True,0.66,1113.47,外部供应商,已修复,
MNT-000087,2025-01-07 10:00:00,M22,换油,True,8.75,4733.11,维修工D,待跟进,
MNT-000088,2024-12-09 03:00:00,M27,故障维修,True,19.61,7379.94,外部供应商,已修复,需要厂家支持
MNT-000089,2024-04-23 20:00:00,M08,换油,True,17.97,2831.85,维修工C,已修复,更换备件
MNT-000090,2026-02-05 04:00:00,M18,滤芯更换,True,23.66,6330.49,维修工B,已修复,
MNT-000091,2024-07-24 19:00:00,M25,滤芯更换,True,23.98,1984.06,维修工A,已修复,
MNT-000092,2025-07-24 08:00:00,M01,故障维修,True,16.08,1442.75,维修工B,已修复,需要厂家支持
MNT-000093,2026-04-23 14:00:00,M17,电气故障,True,19.84,6198.14,维修工D,已修复,更换备件
MNT-000094,2025-07-14 11:00:00,M03,电气故障,True,23.45,5488.35,维修工A,已修复,
MNT-000095,2025-01-19 18:00:00,M03,故障维修,True,2.77,3419.26,维修工A,已修复,
MNT-000096,2025-09-08 13:00:00,M02,电气故障,True,12.8,5805.93,外部供应商,已修复,
MNT-000097,2024-05-23 17:00:00,M27,故障维修,True,7.84,6694.9,维修工B,已修复,需要厂家支持
MNT-000098,2024-11-20 08:00:00,M07,锁模故障,True,6.99,7091.35,维修工A,已修复,
MNT-000099,2025-10-22 07:00:00,M12,液压故障,True,4.94,5428.95,维修工C,已修复,建议大修
MNT-000100,2024-09-18 23:00:00,M05,密封件更换,True,19.12,4542.83,维修工C,已修复,
MNT-000101,2025-09-27 03:00:00,M11,故障维修,True,12.78,1973.81,外部供应商,已修复,
MNT-000102,2025-05-12 11:00:00,M06,换油,True,18.32,721.12,维修工B,已修复,
MNT-000103,2026-01-09 12:00:00,M13,注射故障,True,22.08,7421.95,维修工A,已修复,需要厂家支持
MNT-000104,2024-11-11 09:00:00,M12,滤芯更换,True,23.61,711.92,维修工D,已修复,更换备件
MNT-000105,2024-09-25 20:00:00,M17,故障维修,True,20.03,2599.49,维修工A,已修复,建议大修
MNT-000106,2024-09-11 00:00:00,M11,液压故障,True,8.49,7863.04,维修工B,已修复,更换备件
MNT-000107,2025-06-19 01:00:00,M08,故障维修,True,22.29,2349.89,外部供应商,已修复,更换备件
MNT-000108,2025-09-03 17:00:00,M17,电气故障,True,9.65,1807.7,维修工D,已修复,
MNT-000109,2025-04-03 14:00:00,M18,滤芯更换,True,21.38,3646.36,外部供应商,已修复,需要厂家支持
MNT-000110,2024-07-10 08:00:00,M16,锁模故障,True,7.7,6807.89,维修工A,已修复,更换备件
MNT-000111,2024-08-20 23:00:00,M02,滤芯更换,True,5.05,1532.69,维修工C,已修复,
MNT-000112,2024-01-30 16:00:00,M09,预防性保养,False,2.01,888.78,维修工B,已修复,建议大修
MNT-000113,2026-03-30 14:00:00,M13,故障维修,True,16.8,6445.12,维修工D,待跟进,
MNT-000114,2026-01-22 23:00:00,M29,锁模故障,True,10.36,7252.26,维修工B,已修复,更换备件
MNT-000115,2026-01-30 15:00:00,M23,预防性保养,False,0.97,175.34,外部供应商,已修复,
MNT-000116,2025-01-20 14:00:00,M09,预防性保养,False,2.7,943.93,维修工D,已修复,需要厂家支持
MNT-000117,2024-09-30 00:00:00,M06,注射故障,True,7.87,5102.64,维修工A,已修复,
MNT-000118,2024-09-16 23:00:00,M10,锁模故障,True,20.12,2657.13,维修工C,已修复,
MNT-000119,2025-05-15 20:00:00,M01,电气故障,True,3.81,465.13,维修工D,已修复,
MNT-000120,2025-01-25 15:00:00,M27,密封件更换,True,16.04,4296.84,维修工A,已修复,
MNT-000121,2025-08-04 05:00:00,M19,密封件更换,True,1.16,2249.59,外部供应商,已修复,
MNT-000122,2024-11-01 16:00:00,M10,换油,True,2.45,7905.89,维修工C,已修复,
MNT-000123,2024-12-04 17:00:00,M15,电气故障,True,12.77,7745.41,外部供应商,已修复,建议大修
MNT-000124,2024-06-24 23:00:00,M26,锁模故障,True,19.43,6788.87,维修工A,已修复,
MNT-000125,2025-01-28 13:00:00,M12,加热故障,True,16.53,3142.49,维修工A,已修复,需要厂家支持
MNT-000126,2025-01-24 09:00:00,M29,注射故障,True,2.64,1732.96,维修工C,已修复,
MNT-000127,2025-10-30 23:00:00,M18,换油,True,11.87,6671.61,维修工C,已修复,
MNT-000128,2024-04-30 19:00:00,M06,加热故障,True,23.63,7584.05,维修工C,已修复,
MNT-000129,2025-09-18 12:00:00,M18,液压故障,True,20.6,7422.55,维修工C,已修复,
MNT-000130,2025-10-14 10:00:00,M28,密封件更换,True,12.0,1898.13,维修工B,已修复,
MNT-000131,2025-12-18 10:00:00,M02,液压故障,True,0.55,1237.54,维修工A,已修复,建议大修
MNT-000132,2025-11-26 05:00:00,M08,预防性保养,False,3.42,1472.05,外部供应商,已修复,建议大修
MNT-000133,2025-10-28 12:00:00,M12,密封件更换,True,13.02,2937.19,维修工A,已修复,
MNT-000134,2026-02-27 05:00:00,M02,密封件更换,True,14.51,5137.65,维修工D,已修复,
MNT-000135,2025-05-25 21:00:00,M23,加热故障,True,20.07,6735.12,维修工A,已修复,
MNT-000136,2025-02-11 19:00:00,M10,密封件更换,True,1.65,2164.84,维修工D,已修复,需要厂家支持
MNT-000137,2025-10-31 11:00:00,M02,换油,True,9.86,5478.39,维修工B,已修复,
MNT-000138,2025-05-18 12:00:00,M18,换油,True,13.72,5701.44,外部供应商,已修复,更换备件
MNT-000139,2025-11-01 11:00:00,M10,电气故障,True,17.6,5384.59,维修工A,待跟进,建议大修
MNT-000140,2025-12-07 03:00:00,M28,液压故障,True,22.04,1490.87,维修工C,已修复,
MNT-000141,2026-03-12 07:00:00,M08,故障维修,True,18.16,3247.84,维修工C,已修复,
MNT-000142,2025-03-29 08:00:00,M14,密封件更换,True,23.74,3158.27,维修工A,已修复,需要厂家支持
MNT-000143,2025-12-21 06:00:00,M21,预防性保养,False,2.45,816.22,维修工D,已修复,
MNT-000144,2024-03-19 10:00:00,M08,滤芯更换,True,16.79,4581.31,外部供应商,已修复,更换备件
MNT-000145,2026-04-01 05:00:00,M01,液压故障,True,3.16,6630.49,维修工C,已修复,建议大修
MNT-000146,2026-02-21 22:00:00,M12,电气故障,True,21.39,1081.34,维修工D,已修复,更换备件
MNT-000147,2024-04-27 10:00:00,M05,预防性保养,False,3.08,741.25,外部供应商,已修复,需要厂家支持
MNT-000148,2024-06-10 10:00:00,M02,预防性保养,False,0.91,414.83,外部供应商,已修复,建议大修
MNT-000149,2024-03-05 05:00:00,M04,密封件更换,True,3.83,728.02,维修工A,已修复,
MNT-000150,2025-03-10 07:00:00,M24,预防性保养,False,2.73,1296.48,维修工D,已修复,
MNT-000151,2024-04-12 04:00:00,M04,预防性保养,False,0.92,106.66,维修工B,已修复,更换备件
MNT-000152,2025-04-18 16:00:00,M29,换油,True,17.33,4343.22,维修工B,已修复,需要厂家支持
MNT-000153,2024-03-13 14:00:00,M28,电气故障,True,2.07,7266.93,维修工C,已修复,需要厂家支持
MNT-000154,2026-02-08 14:00:00,M02,电气故障,True,22.76,2447.3,维修工A,已修复,建议大修
MNT-000155,2025-10-09 17:00:00,M10,锁模故障,True,20.19,1420.74,维修工B,已修复,
MNT-000156,2025-12-26 02:00:00,M23,注射故障,True,5.93,1174.93,维修工C,待跟进,
MNT-000157,2026-02-19 22:00:00,M06,注射故障,True,22.87,4947.35,外部供应商,已修复,需要厂家支持
MNT-000158,2025-02-09 09:00:00,M05,液压故障,True,5.2,634.4,外部供应商,已修复,建议大修
MNT-000159,2025-02-13 16:00:00,M03,预防性保养,False,2.35,368.96,维修工D,已修复,更换备件
MNT-000160,2025-05-20 07:00:00,M29,故障维修,True,4.73,6532.04,维修工C,已修复,建议大修
MNT-000161,2025-08-20 12:00:00,M10,密封件更换,True,11.43,5639.25,维修工B,已修复,
MNT-000162,2024-03-04 13:00:00,M22,滤芯更换,True,3.7,728.25,维修工A,待跟进,需要厂家支持
MNT-000163,2026-04-11 22:00:00,M02,电气故障,True,3.03,7921.06,外部供应商,已修复,需要厂家支持
MNT-000164,2024-01-12 00:00:00,M11,预防性保养,False,3.38,956.26,维修工A,已修复,需要厂家支持
MNT-000165,2026-01-11 23:00:00,M29,液压故障,True,7.28,2893.81,维修工C,已修复,需要厂家支持
MNT-000166,2025-03-02 11:00:00,M10,锁模故障,True,21.36,3158.89,维修工C,已修复,
MNT-000167,2024-01-07 05:00:00,M09,液压故障,True,21.39,4341.12,维修工A,已修复,
MNT-000168,2025-12-13 12:00:00,M21,密封件更换,True,13.22,7768.97,维修工D,待跟进,
MNT-000169,2024-05-09 10:00:00,M23,密封件更换,True,18.52,1878.1,维修工B,已修复,
MNT-000170,2024-12-20 00:00:00,M27,加热故障,True,19.43,3969.39,维修工B,已修复,建议大修
MNT-000171,2025-05-19 08:00:00,M09,预防性保养,False,1.7,1199.07,维修工C,已修复,更换备件
MNT-000172,2024-06-27 08:00:00,M09,电气故障,True,3.0,694.81,维修工C,已修复,建议大修
MNT-000173,2026-01-18 16:00:00,M15,液压故障,True,19.22,7278.28,维修工D,已修复,
MNT-000174,2024-12-07 18:00:00,M25,电气故障,True,6.38,385.07,维修工C,已修复,需要厂家支持
MNT-000175,2025-09-26 12:00:00,M11,故障维修,True,2.43,5854.25,维修工D,已修复,建议大修
MNT-000176,2024-04-30 17:00:00,M08,滤芯更换,True,14.64,427.77,维修工C,已修复,建议大修
MNT-000177,2025-05-22 20:00:00,M12,预防性保养,False,1.21,1151.2,外部供应商,已修复,建议大修
MNT-000178,2024-09-06 07:00:00,M09,液压故障,True,4.02,5230.98,维修工A,已修复,
MNT-000179,2025-07-14 21:00:00,M26,故障维修,True,20.93,5624.32,维修工C,已修复,
MNT-000180,2025-10-10 14:00:00,M03,换油,True,22.02,5607.23,维修工C,已修复,更换备件
MNT-000181,2025-10-05 23:00:00,M14,液压故障,True,8.97,4276.29,外部供应商,已修复,更换备件
MNT-000182,2026-01-18 03:00:00,M29,故障维修,True,1.77,4097.73,维修工D,已修复,建议大修
MNT-000183,2024-09-23 09:00:00,M05,注射故障,True,7.51,7060.4,外部供应商,已修复,建议大修
MNT-000184,2024-06-08 01:00:00,M23,注射故障,True,8.45,7292.56,外部供应商,已修复,
MNT-000185,2025-07-21 17:00:00,M17,换油,True,7.99,691.8,外部供应商,已修复,建议大修
MNT-000186,2025-09-29 06:00:00,M20,故障维修,True,1.64,436.81,维修工B,已修复,
MNT-000187,2024-05-15 00:00:00,M19,滤芯更换,True,10.8,3888.96,外部供应商,已修复,
MNT-000188,2026-04-18 15:00:00,M21,注射故障,True,9.81,5980.63,维修工A,已修复,
MNT-000189,2025-09-11 03:00:00,M01,故障维修,True,21.38,5413.58,维修工A,已修复,
MNT-000190,2025-05-12 09:00:00,M25,换油,True,22.41,6162.15,维修工D,已修复,更换备件
MNT-000191,2026-04-29 17:00:00,M15,电气故障,True,15.17,6288.2,维修工C,已修复,需要厂家支持
MNT-000192,2024-12-03 02:00:00,M01,密封件更换,True,2.84,461.72,维修工D,已修复,建议大修
MNT-000193,2024-08-11 17:00:00,M24,锁模故障,True,10.58,1038.04,维修工D,已修复,建议大修
MNT-000194,2024-01-21 23:00:00,M01,密封件更换,True,1.21,7145.46,外部供应商,已修复,需要厂家支持
MNT-000195,2025-07-22 06:00:00,M21,液压故障,True,2.87,4540.81,维修工B,已修复,需要厂家支持
MNT-000196,2026-03-07 13:00:00,M22,锁模故障,True,19.79,7131.07,维修工B,已修复,更换备件
MNT-000197,2025-03-06 23:00:00,M03,滤芯更换,True,13.61,1818.47,维修工B,已修复,建议大修
MNT-000198,2024-11-12 11:00:00,M29,液压故障,True,11.98,6332.32,维修工D,已修复,需要厂家支持
MNT-000199,2025-10-02 23:00:00,M13,故障维修,True,7.94,7118.87,维修工C,已修复,
MNT-000200,2024-07-07 02:00:00,M27,注射故障,True,3.76,6332.42,维修工A,已修复,建议大修
MNT-000201,2025-01-23 13:00:00,M12,故障维修,True,21.88,5107.83,维修工C,已修复,
MNT-000202,2024-09-28 09:00:00,M05,换油,True,2.23,5507.41,维修工B,已修复,
MNT-000203,2024-08-09 09:00:00,M28,预防性保养,False,0.51,882.23,维修工C,已修复,
MNT-000204,2025-08-19 11:00:00,M04,滤芯更换,True,6.37,1463.0,维修工B,待跟进,
MNT-000205,2024-03-17 00:00:00,M17,预防性保养,False,2.27,243.92,维修工B,已修复,
MNT-000206,2025-06-10 12:00:00,M06,加热故障,True,22.25,5663.93,维修工C,已修复,
MNT-000207,2024-06-13 19:00:00,M22,预防性保养,False,3.31,1284.19,维修工D,已修复,建议大修
MNT-000208,2025-10-03 04:00:00,M01,密封件更换,True,12.8,3134.57,维修工B,已修复,
MNT-000209,2024-08-15 19:00:00,M18,加热故障,True,14.03,7016.8,外部供应商,已修复,建议大修
MNT-000210,2024-01-28 03:00:00,M25,液压故障,True,9.6,3243.62,外部供应商,已修复,
MNT-000211,2025-09-11 04:00:00,M26,锁模故障,True,16.35,3735.51,维修工A,已修复,更换备件
MNT-000212,2024-02-14 10:00:00,M27,预防性保养,False,1.99,1054.94,维修工A,已修复,建议大修
MNT-000213,2025-04-03 21:00:00,M11,锁模故障,True,12.82,4596.64,外部供应商,已修复,建议大修
MNT-000214,2026-04-12 19:00:00,M01,加热故障,True,10.33,4443.96,维修工C,已修复,建议大修
MNT-000215,2024-07-25 04:00:00,M10,滤芯更换,True,19.24,885.25,维修工C,已修复,
MNT-000216,2025-10-07 00:00:00,M25,换油,True,21.27,5394.98,维修工B,待跟进,需要厂家支持
MNT-000217,2025-11-24 09:00:00,M08,锁模故障,True,11.39,3961.36,维修工A,已修复,更换备件
MNT-000218,2025-10-17 08:00:00,M05,液压故障,True,19.92,6244.35,维修工D,已修复,建议大修
MNT-000219,2026-03-19 23:00:00,M10,液压故障,True,23.23,5967.08,维修工A,待跟进,需要厂家支持
MNT-000220,2025-11-04 03:00:00,M22,锁模故障,True,22.39,4318.0,维修工D,已修复,
MNT-000221,2024-06-18 14:00:00,M15,锁模故障,True,12.92,1911.62,维修工A,已修复,
MNT-000222,2024-12-21 23:00:00,M21,故障维修,True,7.69,6671.1,外部供应商,已修复,更换备件
MNT-000223,2024-05-31 06:00:00,M23,液压故障,True,3.72,3779.04,维修工B,已修复,
MNT-000224,2026-02-27 08:00:00,M03,电气故障,True,20.37,5168.7,维修工D,已修复,
MNT-000225,2024-09-09 01:00:00,M24,液压故障,True,16.03,525.96,外部供应商,已修复,
MNT-000226,2024-07-24 13:00:00,M05,液压故障,True,23.0,7037.81,维修工D,已修复,更换备件
MNT-000227,2025-10-08 10:00:00,M23,液压故障,True,12.42,4138.63,外部供应商,已修复,建议大修
MNT-000228,2024-06-12 11:00:00,M14,电气故障,True,0.63,2373.0,外部供应商,已修复,
MNT-000229,2025-02-18 04:00:00,M18,加热故障,True,5.06,2101.68,维修工B,已修复,更换备件
MNT-000230,2024-03-01 05:00:00,M22,电气故障,True,14.62,6831.69,维修工B,已修复,
MNT-000231,2026-02-24 19:00:00,M11,加热故障,True,12.9,3446.9,维修工C,已修复,
MNT-000232,2026-01-27 17:00:00,M04,加热故障,True,19.07,3668.88,外部供应商,已修复,
MNT-000233,2024-02-23 15:00:00,M23,加热故障,True,20.56,4316.44,维修工D,已修复,
MNT-000234,2024-08-19 12:00:00,M01,加热故障,True,23.77,2767.26,维修工A,已修复,更换备件
MNT-000235,2024-11-16 06:00:00,M29,密封件更换,True,23.64,6564.7,维修工D,已修复,
MNT-000236,2024-09-19 05:00:00,M09,加热故障,True,13.32,6824.24,外部供应商,已修复,
MNT-000237,2025-07-11 10:00:00,M16,滤芯更换,True,19.18,7364.65,维修工C,已修复,更换备件
MNT-000238,2025-12-19 11:00:00,M15,故障维修,True,7.8,7785.14,维修工A,已修复,
MNT-000239,2026-01-14 19:00:00,M05,加热故障,True,18.66,1583.49,维修工B,已修复,需要厂家支持
MNT-000240,2024-04-18 08:00:00,M29,故障维修,True,2.2,6343.77,维修工B,已修复,建议大修
MNT-000241,2025-04-16 14:00:00,M13,预防性保养,False,3.77,1189.36,维修工C,已修复,
MNT-000242,2026-04-12 19:00:00,M12,换油,True,12.78,1435.72,外部供应商,已修复,需要厂家支持
MNT-000243,2025-11-13 03:00:00,M28,液压故障,True,12.29,3515.96,维修工C,已修复,
MNT-000244,2025-01-23 14:00:00,M11,预防性保养,False,3.25,156.14,维修工B,已修复,更换备件
MNT-000245,2025-05-17 23:00:00,M23,加热故障,True,18.56,4395.61,外部供应商,已修复,更换备件
MNT-000246,2024-03-25 20:00:00,M09,密封件更换,True,18.56,6845.46,维修工C,已修复,
MNT-000247,2025-05-13 16:00:00,M26,注射故障,True,5.53,6314.59,外部供应商,已修复,
MNT-000248,2024-12-23 14:00:00,M01,预防性保养,False,2.89,150.39,维修工B,已修复,更换备件
MNT-000249,2025-07-20 23:00:00,M02,密封件更换,True,19.39,3404.65,维修工A,已修复,
MNT-000250,2024-12-02 20:00:00,M02,换油,True,22.48,7508.27,维修工A,已修复,
MNT-000251,2025-12-19 08:00:00,M21,换油,True,21.19,4132.32,维修工B,已修复,更换备件
MNT-000252,2025-08-16 09:00:00,M04,加热故障,True,17.41,7736.82,维修工A,已修复,
MNT-000253,2025-09-10 14:00:00,M19,预防性保养,False,0.76,582.14,维修工B,已修复,
MNT-000254,2025-04-28 01:00:00,M01,预防性保养,False,1.53,203.07,维修工A,已修复,更换备件
MNT-000255,2025-04-15 07:00:00,M05,故障维修,True,2.52,4369.31,维修工D,已修复,
MNT-000256,2025-04-19 12:00:00,M14,换油,True,1.1,6874.88,维修工A,已修复,
MNT-000257,2025-02-07 16:00:00,M05,注射故障,True,19.67,6729.72,维修工B,已修复,需要厂家支持
MNT-000258,2025-07-12 13:00:00,M24,加热故障,True,10.93,3232.39,维修工B,已修复,
MNT-000259,2024-12-14 00:00:00,M17,换油,True,5.57,7995.11,维修工C,已修复,
MNT-000260,2025-03-24 04:00:00,M03,故障维修,True,18.92,435.55,维修工A,已修复,
MNT-000261,2024-07-19 06:00:00,M07,故障维修,True,9.36,212.23,维修工D,已修复,
MNT-000262,2025-04-08 15:00:00,M29,滤芯更换,True,23.93,4716.61,维修工C,已修复,需要厂家支持
MNT-000263,2024-12-04 08:00:00,M06,液压故障,True,19.5,258.39,外部供应商,已修复,更换备件
MNT-000264,2025-01-28 21:00:00,M03,加热故障,True,15.74,1892.42,维修工C,已修复,需要厂家支持
MNT-000265,2024-04-07 08:00:00,M06,锁模故障,True,21.17,1652.42,维修工D,待跟进,
MNT-000266,2025-01-11 06:00:00,M14,换油,True,20.06,1201.6,维修工D,已修复,更换备件
MNT-000267,2025-10-23 00:00:00,M01,预防性保养,False,3.44,508.17,外部供应商,已修复,需要厂家支持
MNT-000268,2025-05-16 12:00:00,M24,滤芯更换,True,17.56,731.93,维修工C,已修复,建议大修
MNT-000269,2025-01-20 06:00:00,M27,锁模故障,True,21.01,7368.55,外部供应商,已修复,建议大修
MNT-000270,2025-03-09 18:00:00,M10,液压故障,True,23.36,6015.16,维修工B,已修复,需要厂家支持
MNT-000271,2026-03-17 21:00:00,M16,故障维修,True,16.65,4072.21,维修工B,已修复,
MNT-000272,2024-04-08 06:00:00,M17,密封件更换,True,4.15,1432.74,维修工D,已修复,需要厂家支持
MNT-000273,2025-08-14 16:00:00,M12,电气故障,True,12.17,4265.8,维修工D,已修复,
MNT-000274,2025-02-05 03:00:00,M22,滤芯更换,True,14.8,5372.99,维修工C,已修复,
MNT-000275,2024-01-21 09:00:00,M25,注射故障,True,10.99,1339.62,维修工D,已修复,
MNT-000276,2024-07-26 07:00:00,M18,密封件更换,True,21.44,4705.2,维修工C,已修复,需要厂家支持
MNT-000277,2024-12-10 15:00:00,M18,故障维修,True,20.27,804.79,维修工A,已修复,更换备件
MNT-000278,2024-08-19 11:00:00,M16,密封件更换,True,0.62,2497.54,维修工B,已修复,
MNT-000279,2024-03-01 13:00:00,M03,换油,True,5.24,2436.93,外部供应商,已修复,更换备件
MNT-000280,2025-03-23 14:00:00,M10,加热故障,True,22.64,7130.24,外部供应商,已修复,建议大修
MNT-000281,2024-03-06 06:00:00,M29,电气故障,True,12.51,3473.07,维修工D,已修复,
MNT-000282,2025-07-07 08:00:00,M11,电气故障,True,5.82,495.73,维修工C,已修复,需要厂家支持
MNT-000283,2026-03-28 10:00:00,M24,电气故障,True,2.19,5646.6,外部供应商,已修复,
MNT-000284,2025-11-30 03:00:00,M16,密封件更换,True,12.1,6454.77,维修工B,已修复,需要厂家支持
MNT-000285,2025-07-09 18:00:00,M21,注射故障,True,13.57,4354.35,维修工C,已修复,
MNT-000286,2026-02-09 04:00:00,M10,锁模故障,True,21.39,5332.38,维修工D,已修复,更换备件
MNT-000287,2025-09-19 02:00:00,M02,故障维修,True,1.19,7821.24,维修工C,已修复,需要厂家支持
MNT-000288,2026-01-19 00:00:00,M10,故障维修,True,21.94,2933.97,维修工C,已修复,
MNT-000289,2024-09-16 17:00:00,M26,滤芯更换,True,9.83,7585.59,维修工D,已修复,
MNT-000290,2025-06-15 07:00:00,M27,电气故障,True,18.01,3056.39,维修工D,已修复,更换备件
MNT-000291,2026-03-18 07:00:00,M13,锁模故障,True,16.33,3983.83,外部供应商,已修复,
MNT-000292,2026-03-26 22:00:00,M28,液压故障,True,22.4,2697.85,维修工B,已修复,
MNT-000293,2025-08-05 14:00:00,M17,换油,True,17.62,7163.14,维修工B,已修复,
MNT-000294,2024-05-23 06:00:00,M20,换油,True,3.44,4825.67,维修工B,已修复,建议大修
MNT-000295,2025-03-09 07:00:00,M16,锁模故障,True,12.53,7021.78,维修工C,待跟进,更换备件
MNT-000296,2024-10-14 13:00:00,M07,预防性保养,False,3.68,1346.19,维修工B,已修复,需要厂家支持
MNT-000297,2024-04-15 14:00:00,M07,滤芯更换,True,13.48,5143.94,维修工A,已修复,
MNT-000298,2026-02-01 07:00:00,M04,密封件更换,True,9.41,3223.47,维修工B,已修复,
MNT-000299,2025-11-18 18:00:00,M17,换油,True,1.29,3174.86,维修工D,已修复,建议大修
MNT-000300,2025-02-19 00:00:00,M05,换油,True,9.24,6659.65,维修工A,已修复,
MNT-000301,2025-02-02 13:00:00,M04,换油,True,1.16,477.87,维修工C,已修复,建议大修
MNT-000302,2024-12-09 14:00:00,M11,滤芯更换,True,6.46,5548.59,维修工B,已修复,更换备件
MNT-000303,2025-08-27 04:00:00,M02,故障维修,True,13.72,2290.88,外部供应商,已修复,需要厂家支持
MNT-000304,2025-03-20 18:00:00,M19,滤芯更换,True,1.0,5924.82,外部供应商,已修复,更换备件
MNT-000305,2025-11-23 07:00:00,M03,液压故障,True,1.22,5409.29,维修工B,已修复,
MNT-000306,2026-01-30 13:00:00,M02,故障维修,True,17.89,2508.05,维修工B,已修复,建议大修
MNT-000307,2024-05-22 15:00:00,M18,电气故障,True,6.76,4288.12,维修工D,已修复,
MNT-000308,2024-12-30 09:00:00,M03,注射故障,True,2.67,2230.72,维修工B,已修复,需要厂家支持
MNT-000309,2024-09-30 07:00:00,M14,注射故障,True,18.17,415.45,维修工A,已修复,更换备件
MNT-000310,2024-06-15 05:00:00,M11,密封件更换,True,16.17,5038.19,维修工D,已修复,更换备件
MNT-000311,2025-12-31 05:00:00,M16,滤芯更换,True,19.33,5187.64,维修工B,待跟进,
MNT-000312,2024-02-07 01:00:00,M07,锁模故障,True,23.0,2233.73,外部供应商,已修复,
MNT-000313,2025-01-21 00:00:00,M29,锁模故障,True,22.73,3610.39,维修工D,已修复,建议大修
MNT-000314,2025-06-27 16:00:00,M01,锁模故障,True,20.78,4216.07,维修工A,待跟进,建议大修
MNT-000315,2026-04-17 06:00:00,M22,加热故障,True,2.19,579.23,维修工D,已修复,需要厂家支持
MNT-000316,2024-10-29 00:00:00,M19,注射故障,True,19.75,1692.49,维修工C,已修复,更换备件
MNT-000317,2025-11-11 21:00:00,M24,滤芯更换,True,22.37,3123.32,维修工A,已修复,建议大修
MNT-000318,2024-05-07 00:00:00,M11,加热故障,True,1.99,1025.92,外部供应商,已修复,建议大修
MNT-000319,2024-11-03 00:00:00,M18,故障维修,True,12.82,6744.61,维修工C,已修复,
MNT-000320,2024-09-02 20:00:00,M06,注射故障,True,19.16,795.91,维修工B,已修复,
MNT-000321,2026-03-23 19:00:00,M06,故障维修,True,13.32,1702.88,维修工C,已修复,
MNT-000322,2024-04-19 19:00:00,M02,液压故障,True,23.23,3061.03,维修工A,已修复,
MNT-000323,2025-07-28 16:00:00,M16,电气故障,True,1.44,5459.0,外部供应商,已修复,
MNT-000324,2025-10-28 03:00:00,M28,预防性保养,False,2.05,231.27,外部供应商,已修复,建议大修
MNT-000325,2024-12-25 19:00:00,M06,预防性保养,False,1.34,1459.45,维修工B,待跟进,更换备件
MNT-000326,2026-01-18 17:00:00,M18,加热故障,True,20.32,3771.4,维修工B,已修复,
MNT-000327,2024-09-01 11:00:00,M16,电气故障,True,16.94,7055.25,维修工D,已修复,
MNT-000328,2025-04-11 14:00:00,M24,预防性保养,False,1.36,1117.21,维修工A,已修复,更换备件
MNT-000329,2025-07-20 12:00:00,M24,液压故障,True,16.16,4807.99,维修工D,已修复,需要厂家支持
MNT-000330,2025-05-15 15:00:00,M14,密封件更换,True,16.41,3361.05,外部供应商,已修复,
MNT-000331,2025-08-19 22:00:00,M04,故障维修,True,15.31,343.27,维修工A,已修复,
MNT-000332,2024-10-08 08:00:00,M16,故障维修,True,2.94,5461.38,外部供应商,已修复,更换备件
MNT-000333,2024-03-31 16:00:00,M05,注射故障,True,12.75,6068.6,外部供应商,已修复,
MNT-000334,2024-05-20 21:00:00,M22,注射故障,True,18.99,6257.03,外部供应商,已修复,
MNT-000335,2025-11-06 02:00:00,M11,电气故障,True,23.97,2904.76,维修工C,已修复,
MNT-000336,2025-03-08 20:00:00,M27,密封件更换,True,22.6,449.39,维修工D,已修复,
MNT-000337,2024-03-17 12:00:00,M22,换油,True,16.04,5593.81,维修工B,已修复,
MNT-000338,2024-08-28 11:00:00,M06,液压故障,True,8.04,1416.75,维修工A,已修复,
MNT-000339,2025-04-07 01:00:00,M27,密封件更换,True,1.47,5355.98,外部供应商,已修复,
MNT-000340,2024-10-23 02:00:00,M13,液压故障,True,2.78,5809.34,维修工C,已修复,建议大修
MNT-000341,2025-03-24 15:00:00,M20,预防性保养,False,0.58,1195.23,维修工D,已修复,建议大修
MNT-000342,2025-01-31 20:00:00,M27,故障维修,True,18.7,1212.93,维修工A,已修复,更换备件
MNT-000343,2024-06-27 11:00:00,M22,故障维修,True,22.27,3637.09,维修工C,已修复,
MNT-000344,2026-02-07 11:00:00,M18,液压故障,True,23.1,5283.79,维修工D,已修复,更换备件
MNT-000345,2025-02-18 16:00:00,M24,换油,True,1.63,5750.71,维修工C,已修复,
MNT-000346,2024-05-20 12:00:00,M07,预防性保养,False,3.45,323.53,维修工C,已修复,
MNT-000347,2024-07-01 17:00:00,M18,电气故障,True,14.37,3046.41,维修工A,已修复,
MNT-000348,2025-07-14 16:00:00,M06,电气故障,True,17.87,4821.39,维修工B,已修复,建议大修
MNT-000349,2024-06-02 19:00:00,M22,电气故障,True,3.78,2933.0,外部供应商,已修复,建议大修
MNT-000350,2024-04-22 04:00:00,M19,故障维修,True,8.26,5276.47,维修工B,已修复,
MNT-000351,2025-04-27 09:00:00,M06,滤芯更换,True,16.74,453.43,外部供应商,已修复,更换备件
MNT-000352,2024-03-05 00:00:00,M26,注射故障,True,23.52,7111.13,外部供应商,已修复,需要厂家支持
MNT-000353,2026-03-13 22:00:00,M15,注射故障,True,12.94,3582.32,维修工C,已修复,需要厂家支持
MNT-000354,2025-08-29 12:00:00,M25,密封件更换,True,18.39,6040.62,维修工D,已修复,
MNT-000355,2024-01-20 05:00:00,M14,滤芯更换,True,21.66,1752.39,维修工B,已修复,需要厂家支持
MNT-000356,2025-07-30 18:00:00,M16,注射故障,True,14.4,2991.07,维修工B,已修复,更换备件
MNT-000357,2025-09-21 16:00:00,M17,滤芯更换,True,7.63,6403.09,外部供应商,已修复,
MNT-000358,2025-06-01 15:00:00,M05,锁模故障,True,19.29,4139.99,维修工C,已修复,建议大修
MNT-000359,2025-12-25 13:00:00,M21,加热故障,True,21.22,3183.31,维修工D,已修复,需要厂家支持
MNT-000360,2025-12-12 12:00:00,M26,加热故障,True,20.79,6150.0,维修工C,已修复,需要厂家支持
MNT-000361,2024-04-25 00:00:00,M11,换油,True,8.31,7831.87,外部供应商,已修复,
MNT-000362,2024-07-26 07:00:00,M21,锁模故障,True,14.63,4777.71,维修工D,已修复,
MNT-000363,2026-02-17 19:00:00,M08,加热故障,True,2.19,4311.09,外部供应商,已修复,建议大修
MNT-000364,2026-01-08 01:00:00,M06,滤芯更换,True,16.62,7969.71,维修工B,已修复,建议大修
MNT-000365,2025-05-23 14:00:00,M12,加热故障,True,2.7,1265.05,维修工C,已修复,
MNT-000366,2024-07-19 11:00:00,M07,注射故障,True,0.5,5973.86,维修工A,已修复,
MNT-000367,2024-01-01 01:00:00,M14,液压故障,True,4.87,2596.48,维修工B,已修复,
MNT-000368,2025-09-18 16:00:00,M09,换油,True,7.82,4164.49,维修工B,已修复,
MNT-000369,2025-11-30 15:00:00,M16,密封件更换,True,5.72,3985.83,维修工D,已修复,建议大修
MNT-000370,2025-07-31 18:00:00,M12,锁模故障,True,1.11,6493.58,维修工C,已修复,
MNT-000371,2024-12-04 12:00:00,M06,锁模故障,True,5.6,7581.54,维修工A,已修复,
MNT-000372,2025-05-22 00:00:00,M01,电气故障,True,8.03,3154.47,维修工D,已修复,
MNT-000373,2024-10-26 06:00:00,M23,故障维修,True,15.21,5562.86,维修工C,已修复,
MNT-000374,2024-01-01 23:00:00,M04,加热故障,True,17.57,5389.1,维修工B,已修复,更换备件
MNT-000375,2026-01-16 07:00:00,M07,注射故障,True,8.61,7754.2,外部供应商,已修复,更换备件
MNT-000376,2024-04-22 20:00:00,M17,滤芯更换,True,6.22,4292.27,维修工B,已修复,更换备件
MNT-000377,2024-05-16 09:00:00,M06,滤芯更换,True,9.22,2955.86,维修工B,已修复,更换备件
MNT-000378,2024-08-17 01:00:00,M18,液压故障,True,8.45,2456.44,维修工A,已修复,更换备件
MNT-000379,2024-08-29 10:00:00,M12,锁模故障,True,21.72,294.4,维修工B,已修复,
MNT-000380,2025-10-25 17:00:00,M25,注射故障,True,2.03,4452.26,维修工B,已修复,需要厂家支持
MNT-000381,2024-12-27 04:00:00,M13,滤芯更换,True,14.47,5056.49,维修工A,待跟进,更换备件
MNT-000382,2025-11-14 08:00:00,M02,注射故障,True,14.22,2351.58,维修工B,已修复,
MNT-000383,2025-02-27 20:00:00,M13,注射故障,True,8.53,1121.07,外部供应商,已修复,
MNT-000384,2025-06-04 20:00:00,M07,滤芯更换,True,20.79,499.26,维修工B,已修复,
MNT-000385,2024-11-01 16:00:00,M08,电气故障,True,10.38,7981.94,维修工A,已修复,建议大修
MNT-000386,2024-08-09 13:00:00,M17,故障维修,True,5.15,1820.3,维修工B,已修复,需要厂家支持
MNT-000387,2025-03-16 05:00:00,M17,密封件更换,True,19.53,1848.4,维修工C,已修复,建议大修
MNT-000388,2026-01-23 05:00:00,M09,液压故障,True,4.49,6300.81,维修工A,已修复,更换备件
MNT-000389,2026-03-05 01:00:00,M11,注射故障,True,13.15,1751.11,维修工C,已修复,
MNT-000390,2025-02-15 10:00:00,M23,密封件更换,True,12.06,744.26,外部供应商,已修复,需要厂家支持
MNT-000391,2024-01-15 01:00:00,M04,加热故障,True,17.93,6705.47,外部供应商,已修复,需要厂家支持
MNT-000392,2025-05-24 09:00:00,M20,滤芯更换,True,6.93,5700.91,维修工D,已修复,更换备件
MNT-000393,2025-04-16 04:00:00,M01,注射故障,True,10.73,312.12,维修工D,已修复,需要厂家支持
MNT-000394,2024-12-26 03:00:00,M24,换油,True,14.12,4938.44,维修工D,已修复,
MNT-000395,2024-12-26 20:00:00,M08,电气故障,True,14.98,3076.37,外部供应商,已修复,
MNT-000396,2026-01-18 18:00:00,M01,换油,True,20.07,6068.54,维修工D,已修复,
MNT-000397,2026-01-17 22:00:00,M21,电气故障,True,5.44,1912.29,维修工A,已修复,更换备件
MNT-000398,2025-01-31 13:00:00,M26,密封件更换,True,13.55,7687.43,维修工B,已修复,需要厂家支持
MNT-000399,2026-01-03 11:00:00,M07,液压故障,True,11.35,4402.42,维修工A,已修复,
MNT-000400,2025-07-17 17:00:00,M13,换油,True,9.9,1091.91,外部供应商,已修复,
MNT-000401,2025-01-23 07:00:00,M21,液压故障,True,7.18,1680.1,维修工A,已修复,
MNT-000402,2024-04-26 05:00:00,M24,换油,True,17.71,5404.44,维修工B,已修复,
MNT-000403,2024-08-03 04:00:00,M19,密封件更换,True,7.62,273.77,维修工B,已修复,
MNT-000404,2025-06-07 18:00:00,M22,液压故障,True,20.58,573.89,维修工A,已修复,需要厂家支持
MNT-000405,2025-08-10 10:00:00,M02,预防性保养,False,2.53,1014.54,维修工C,已修复,建议大修
MNT-000406,2024-08-23 13:00:00,M02,锁模故障,True,20.6,6870.61,外部供应商,已修复,建议大修
MNT-000407,2024-03-14 03:00:00,M28,加热故障,True,6.82,7022.06,维修工B,已修复,需要厂家支持
MNT-000408,2024-05-15 14:00:00,M19,电气故障,True,20.18,6344.67,维修工A,已修复,需要厂家支持
MNT-000409,2026-01-14 15:00:00,M05,故障维修,True,3.6,2820.04,维修工C,已修复,需要厂家支持
MNT-000410,2025-09-11 10:00:00,M27,液压故障,True,7.34,3825.19,外部供应商,待跟进,更换备件
MNT-000411,2026-04-19 09:00:00,M24,密封件更换,True,8.71,7514.5,维修工C,已修复,
MNT-000412,2026-03-04 15:00:00,M27,液压故障,True,16.63,6055.63,维修工D,已修复,建议大修
MNT-000413,2025-02-09 14:00:00,M04,密封件更换,True,12.22,2062.77,维修工C,已修复,更换备件
MNT-000414,2025-12-11 09:00:00,M11,注射故障,True,22.87,3992.29,维修工A,已修复,
MNT-000415,2026-01-01 12:00:00,M14,加热故障,True,22.76,3709.42,维修工B,已修复,需要厂家支持
MNT-000416,2025-12-02 05:00:00,M18,注射故障,True,11.75,6905.75,维修工B,已修复,
MNT-000417,2024-09-01 12:00:00,M22,换油,True,14.71,1023.16,维修工D,已修复,需要厂家支持
MNT-000418,2025-12-01 02:00:00,M02,电气故障,True,11.79,6253.78,维修工A,已修复,建议大修
MNT-000419,2025-07-01 16:00:00,M14,液压故障,True,23.37,7991.43,外部供应商,已修复,
MNT-000420,2025-08-17 10:00:00,M03,锁模故障,True,18.3,2806.02,维修工D,已修复,更换备件
MNT-000421,2025-11-04 08:00:00,M13,液压故障,True,19.7,6946.6,维修工B,已修复,
MNT-000422,2024-02-11 14:00:00,M17,注射故障,True,22.2,7947.44,维修工A,已修复,
MNT-000423,2024-05-06 10:00:00,M07,电气故障,True,3.76,2196.89,维修工B,已修复,
MNT-000424,2024-01-08 06:00:00,M01,电气故障,True,23.28,2676.56,维修工B,已修复,需要厂家支持
MNT-000425,2024-06-07 22:00:00,M13,换油,True,9.07,2532.68,外部供应商,已修复,
MNT-000426,2026-02-07 23:00:00,M08,锁模故障,True,16.41,3825.89,外部供应商,已修复,更换备件
MNT-000427,2024-07-05 01:00:00,M20,密封件更换,True,20.26,2028.33,维修工C,已修复,
MNT-000428,2024-08-10 18:00:00,M15,预防性保养,False,1.83,557.3,维修工C,已修复,
MNT-000429,2025-09-06 20:00:00,M13,电气故障,True,4.71,7815.11,维修工C,已修复,建议大修
MNT-000430,2026-01-10 10:00:00,M01,换油,True,22.64,414.65,维修工D,已修复,建议大修
MNT-000431,2025-07-14 17:00:00,M26,密封件更换,True,0.85,6937.94,维修工B,已修复,建议大修
MNT-000432,2025-03-28 21:00:00,M05,电气故障,True,10.37,2133.43,维修工C,已修复,
MNT-000433,2025-11-19 05:00:00,M08,预防性保养,False,3.95,1322.13,维修工A,已修复,
MNT-000434,2024-03-18 11:00:00,M23,注射故障,True,5.36,671.95,维修工A,已修复,
MNT-000435,2024-10-11 17:00:00,M19,电气故障,True,6.73,3908.72,外部供应商,已修复,
MNT-000436,2025-07-12 00:00:00,M13,故障维修,True,15.81,7023.79,维修工B,已修复,
MNT-000437,2024-04-14 03:00:00,M24,锁模故障,True,21.96,7453.94,维修工B,已修复,需要厂家支持
MNT-000438,2025-01-30 02:00:00,M12,换油,True,22.71,5245.62,维修工D,已修复,
MNT-000439,2026-04-06 16:00:00,M01,电气故障,True,6.06,6428.71,外部供应商,已修复,建议大修
MNT-000440,2025-10-20 18:00:00,M08,电气故障,True,20.28,3041.68,外部供应商,已修复,需要厂家支持
MNT-000441,2025-02-27 07:00:00,M21,液压故障,True,17.67,5275.54,维修工D,已修复,建议大修
MNT-000442,2025-09-06 08:00:00,M14,液压故障,True,23.25,5093.95,维修工D,已修复,建议大修
MNT-000443,2025-07-21 22:00:00,M27,滤芯更换,True,17.52,4598.99,外部供应商,已修复,需要厂家支持
MNT-000444,2025-11-02 12:00:00,M24,电气故障,True,20.02,5796.79,维修工C,已修复,
MNT-000445,2024-10-24 12:00:00,M18,注射故障,True,1.95,5589.44,维修工B,已修复,
MNT-000446,2025-02-17 20:00:00,M23,液压故障,True,21.12,1706.84,外部供应商,已修复,
MNT-000447,2024-01-16 14:00:00,M03,电气故障,True,6.57,5813.32,维修工C,已修复,建议大修
MNT-000448,2025-03-25 01:00:00,M28,锁模故障,True,10.78,2818.58,外部供应商,已修复,更换备件
MNT-000449,2024-03-13 05:00:00,M16,密封件更换,True,3.13,4853.1,维修工A,已修复,
MNT-000450,2025-12-23 10:00:00,M04,锁模故障,True,3.85,1460.47,维修工C,已修复,
MNT-000451,2024-04-10 04:00:00,M08,密封件更换,True,11.03,863.94,维修工A,已修复,更换备件
MNT-000452,2025-06-17 17:00:00,M07,密封件更换,True,8.02,2130.64,维修工C,已修复,
MNT-000453,2024-11-04 22:00:00,M03,换油,True,10.15,5618.21,维修工A,已修复,更换备件
MNT-000454,2025-07-27 23:00:00,M16,注射故障,True,1.34,3325.68,维修工C,已修复,
MNT-000455,2025-12-14 02:00:00,M08,滤芯更换,True,2.59,5454.63,维修工A,已修复,
MNT-000456,2024-08-13 12:00:00,M23,滤芯更换,True,5.6,3674.56,维修工D,已修复,
MNT-000457,2025-01-23 11:00:00,M21,锁模故障,True,2.6,4795.07,维修工C,已修复,
MNT-000458,2025-02-28 09:00:00,M25,加热故障,True,21.57,869.41,维修工C,已修复,
MNT-000459,2025-10-23 07:00:00,M09,故障维修,True,17.08,4273.89,维修工B,已修复,更换备件
MNT-000460,2024-04-12 23:00:00,M04,换油,True,7.55,4303.72,维修工C,已修复,建议大修
MNT-000461,2024-12-03 10:00:00,M20,锁模故障,True,1.83,5669.11,维修工C,已修复,
MNT-000462,2025-12-16 19:00:00,M01,注射故障,True,12.24,7036.26,维修工B,已修复,需要厂家支持
MNT-000463,2025-12-03 10:00:00,M25,换油,True,16.76,5187.69,维修工C,已修复,需要厂家支持
MNT-000464,2024-07-22 23:00:00,M09,注射故障,True,3.97,818.61,维修工A,已修复,
MNT-000465,2025-11-30 01:00:00,M10,预防性保养,False,2.26,607.88,外部供应商,已修复,
MNT-000466,2026-04-15 23:00:00,M14,滤芯更换,True,4.2,4908.35,维修工C,已修复,
MNT-000467,2025-02-22 06:00:00,M17,液压故障,True,2.04,6821.9,维修工C,已修复,需要厂家支持
MNT-000468,2025-06-02 17:00:00,M21,密封件更换,True,21.78,875.02,维修工A,已修复,
MNT-000469,2025-09-14 19:00:00,M19,加热故障,True,17.97,1651.13,外部供应商,已修复,建议大修
MNT-000470,2026-04-26 11:00:00,M28,锁模故障,True,15.38,3844.29,维修工A,已修复,需要厂家支持
MNT-000471,2025-09-30 17:00:00,M14,注射故障,True,9.91,6532.53,外部供应商,已修复,
MNT-000472,2025-08-10 01:00:00,M23,液压故障,True,19.73,5287.96,维修工D,已修复,更换备件
MNT-000473,2025-05-19 06:00:00,M10,电气故障,True,8.9,269.37,维修工A,已修复,
MNT-000474,2024-12-21 20:00:00,M02,锁模故障,True,20.31,4886.73,维修工B,已修复,更换备件
MNT-000475,2026-02-04 04:00:00,M03,锁模故障,True,3.13,6888.55,维修工A,已修复,
MNT-000476,2025-07-05 05:00:00,M11,预防性保养,False,2.4,323.37,外部供应商,已修复,建议大修
MNT-000477,2026-03-02 17:00:00,M03,液压故障,True,23.98,6886.46,维修工D,已修复,需要厂家支持
MNT-000478,2025-07-21 21:00:00,M29,加热故障,True,15.23,5294.28,维修工B,已修复,建议大修
MNT-000479,2025-06-15 22:00:00,M28,密封件更换,True,14.82,3177.86,维修工A,已修复,
MNT-000480,2025-07-19 03:00:00,M05,注射故障,True,22.49,995.27,维修工D,已修复,
MNT-000481,2026-02-01 22:00:00,M01,换油,True,4.62,4113.79,维修工D,已修复,更换备件
MNT-000482,2024-04-24 08:00:00,M08,预防性保养,False,2.49,1337.6,维修工D,已修复,需要厂家支持
MNT-000483,2024-02-19 03:00:00,M15,密封件更换,True,16.04,2091.48,维修工C,已修复,建议大修
MNT-000484,2024-07-31 00:00:00,M18,滤芯更换,True,4.03,1359.25,维修工D,已修复,建议大修
MNT-000485,2024-04-11 21:00:00,M07,换油,True,4.94,988.09,维修工B,已修复,建议大修
MNT-000486,2024-06-14 20:00:00,M15,锁模故障,True,15.0,2091.54,维修工B,已修复,
MNT-000487,2024-07-10 21:00:00,M06,预防性保养,False,3.51,341.08,外部供应商,已修复,需要厂家支持
MNT-000488,2026-03-20 22:00:00,M08,液压故障,True,16.32,1618.69,维修工B,已修复,需要厂家支持
MNT-000489,2024-11-02 08:00:00,M29,加热故障,True,8.29,4152.24,外部供应商,已修复,
MNT-000490,2024-04-01 12:00:00,M17,电气故障,True,1.08,1996.27,维修工C,已修复,更换备件
MNT-000491,2024-03-30 03:00:00,M25,换油,True,10.12,4462.42,维修工A,已修复,建议大修
MNT-000492,2025-11-23 02:00:00,M08,预防性保养,False,0.7,112.49,维修工A,已修复,
MNT-000493,2025-05-19 20:00:00,M11,预防性保养,False,2.27,779.18,维修工D,已修复,更换备件
MNT-000494,2025-11-19 13:00:00,M06,故障维修,True,18.18,7572.94,维修工A,已修复,
MNT-000495,2025-06-13 09:00:00,M21,换油,True,17.78,4206.41,维修工B,已修复,更换备件
MNT-000496,2025-05-04 05:00:00,M01,锁模故障,True,8.71,777.77,维修工A,已修复,需要厂家支持
MNT-000497,2025-04-16 08:00:00,M23,滤芯更换,True,3.06,7156.32,外部供应商,已修复,
MNT-000498,2024-07-30 15:00:00,M26,加热故障,True,22.74,4816.27,维修工C,已修复,
MNT-000499,2024-01-29 16:00:00,M07,滤芯更换,True,17.09,6182.52,维修工B,已修复,建议大修
MNT-000500,2025-03-02 11:00:00,M28,液压故障,True,19.99,7947.47,维修工C,已修复,需要厂家支持
MNT-000501,2025-08-26 17:00:00,M28,预防性保养,False,2.17,868.28,维修工B,已修复,建议大修
MNT-000502,2026-03-18 11:00:00,M04,故障维修,True,6.81,1001.01,维修工A,已修复,
MNT-000503,2025-09-03 19:00:00,M02,故障维修,True,5.89,7171.83,维修工D,已修复,
MNT-000504,2025-03-07 06:00:00,M10,电气故障,True,9.58,6817.71,维修工C,已修复,建议大修
MNT-000505,2024-10-08 18:00:00,M07,滤芯更换,True,10.3,2312.3,外部供应商,已修复,
MNT-000506,2026-01-12 03:00:00,M13,故障维修,True,6.48,1172.5,维修工B,已修复,更换备件
MNT-000507,2024-01-15 20:00:00,M15,换油,True,12.09,3553.82,外部供应商,已修复,
MNT-000508,2024-12-05 06:00:00,M02,密封件更换,True,2.69,7775.97,维修工B,已修复,
MNT-000509,2025-03-04 13:00:00,M11,预防性保养,False,2.26,385.43,维修工A,已修复,更换备件
MNT-000510,2025-09-14 21:00:00,M15,加热故障,True,9.3,6879.45,维修工C,已修复,更换备件
MNT-000511,2024-04-02 22:00:00,M20,密封件更换,True,19.56,5505.15,维修工D,已修复,更换备件
MNT-000512,2024-12-30 03:00:00,M05,密封件更换,True,16.86,3183.98,外部供应商,已修复,
MNT-000513,2025-04-24 13:00:00,M27,电气故障,True,4.04,2491.71,维修工A,已修复,
MNT-000514,2025-06-25 04:00:00,M18,换油,True,10.26,590.84,维修工A,待跟进,
MNT-000515,2024-10-23 12:00:00,M28,液压故障,True,16.38,4936.51,外部供应商,已修复,更换备件
MNT-000516,2024-04-21 11:00:00,M09,锁模故障,True,1.87,3401.03,外部供应商,已修复,
MNT-000517,2026-03-06 10:00:00,M23,预防性保养,False,3.47,1094.86,外部供应商,已修复,
MNT-000518,2024-07-06 20:00:00,M13,故障维修,True,6.11,369.84,外部供应商,已修复,
MNT-000519,2024-02-29 05:00:00,M18,电气故障,True,16.03,2442.99,维修工D,已修复,更换备件
MNT-000520,2026-01-17 23:00:00,M27,换油,True,13.95,5403.12,外部供应商,已修复,
MNT-000521,2024-04-21 00:00:00,M10,液压故障,True,21.65,7929.77,维修工C,已修复,更换备件
MNT-000522,2024-04-30 09:00:00,M12,电气故障,True,1.66,7956.16,维修工A,已修复,
MNT-000523,2024-09-24 00:00:00,M07,加热故障,True,5.04,6769.55,维修工B,已修复,建议大修
MNT-000524,2025-12-12 13:00:00,M02,液压故障,True,23.06,6240.18,外部供应商,已修复,更换备件
MNT-000525,2025-06-07 13:00:00,M16,换油,True,5.84,3669.34,维修工A,已修复,
MNT-000526,2024-02-27 21:00:00,M10,故障维修,True,4.2,5600.99,维修工B,已修复,建议大修
MNT-000527,2025-12-13 09:00:00,M03,换油,True,6.34,4409.56,维修工A,已修复,
MNT-000528,2025-06-16 19:00:00,M13,密封件更换,True,17.05,1773.6,维修工B,已修复,
MNT-000529,2026-01-10 13:00:00,M24,注射故障,True,17.1,6630.56,维修工B,已修复,建议大修
MNT-000530,2025-10-15 17:00:00,M26,液压故障,True,6.55,1299.05,维修工C,已修复,
MNT-000531,2025-02-14 19:00:00,M15,注射故障,True,18.15,473.42,维修工C,已修复,更换备件
MNT-000532,2024-11-27 08:00:00,M11,电气故障,True,3.12,4473.14,维修工A,已修复,
MNT-000533,2025-04-15 20:00:00,M20,预防性保养,False,0.69,765.73,维修工A,已修复,
MNT-000534,2025-08-13 15:00:00,M21,液压故障,True,22.05,1066.68,维修工A,已修复,建议大修
MNT-000535,2024-09-03 05:00:00,M18,注射故障,True,19.63,4892.99,维修工C,已修复,建议大修
MNT-000536,2025-09-08 22:00:00,M12,加热故障,True,9.41,4281.45,外部供应商,已修复,
MNT-000537,2026-04-16 07:00:00,M24,密封件更换,True,6.28,285.53,维修工B,已修复,需要厂家支持
MNT-000538,2025-09-26 09:00:00,M25,故障维修,True,22.07,3887.63,维修工D,已修复,
MNT-000539,2025-06-22 11:00:00,M07,滤芯更换,True,3.25,3196.72,维修工C,已修复,建议大修
MNT-000540,2024-06-12 19:00:00,M19,预防性保养,False,1.57,1475.2,维修工C,已修复,建议大修
MNT-000541,2024-12-25 04:00:00,M27,滤芯更换,True,10.64,4876.24,外部供应商,已修复,
MNT-000542,2025-01-22 20:00:00,M19,故障维修,True,15.28,7926.46,维修工C,已修复,
MNT-000543,2025-12-03 10:00:00,M17,换油,True,10.47,1754.43,维修工C,已修复,
MNT-000544,2024-10-23 20:00:00,M02,注射故障,True,20.12,3281.88,维修工D,已修复,需要厂家支持
MNT-000545,2026-01-29 06:00:00,M06,换油,True,9.87,2640.58,外部供应商,已修复,
MNT-000546,2025-11-06 08:00:00,M12,预防性保养,False,2.92,1434.37,维修工A,已修复,
MNT-000547,2024-06-16 03:00:00,M07,加热故障,True,13.45,4201.52,维修工A,已修复,
MNT-000548,2025-01-28 12:00:00,M11,电气故障,True,1.51,7052.19,维修工D,已修复,建议大修
MNT-000549,2025-03-26 01:00:00,M28,电气故障,True,4.83,1955.35,维修工D,已修复,更换备件
MNT-000550,2026-03-11 05:00:00,M23,注射故障,True,8.9,5389.81,外部供应商,已修复,更换备件
MNT-000551,2024-08-30 11:00:00,M04,加热故障,True,1.09,3544.34,维修工C,已修复,
MNT-000552,2024-07-13 22:00:00,M29,换油,True,11.67,7570.11,维修工D,待跟进,
MNT-000553,2024-05-13 05:00:00,M13,密封件更换,True,16.85,7333.75,外部供应商,已修复,更换备件
MNT-000554,2025-06-10 05:00:00,M06,滤芯更换,True,18.63,2958.09,外部供应商,已修复,需要厂家支持
MNT-000555,2026-02-15 15:00:00,M16,电气故障,True,20.57,7536.21,维修工B,已修复,
MNT-000556,2024-08-11 05:00:00,M04,换油,True,20.9,3501.36,维修工A,已修复,
MNT-000557,2025-08-16 03:00:00,M06,加热故障,True,2.12,7637.47,维修工C,已修复,
MNT-000558,2026-01-22 12:00:00,M07,锁模故障,True,21.95,5436.0,外部供应商,已修复,更换备件
MNT-000559,2024-11-23 21:00:00,M12,电气故障,True,10.72,7274.31,维修工C,已修复,需要厂家支持
MNT-000560,2025-08-15 04:00:00,M28,加热故障,True,5.54,5025.4,维修工B,已修复,更换备件
MNT-000561,2024-05-01 02:00:00,M28,密封件更换,True,9.94,3527.02,维修工B,已修复,
MNT-000562,2025-01-16 15:00:00,M26,电气故障,True,21.8,1400.64,维修工B,已修复,需要厂家支持
MNT-000563,2025-12-27 00:00:00,M05,滤芯更换,True,2.25,3765.4,维修工B,已修复,
MNT-000564,2024-01-06 13:00:00,M10,故障维修,True,8.76,2547.99,维修工C,已修复,建议大修
MNT-000565,2025-03-25 13:00:00,M13,预防性保养,False,1.81,946.54,外部供应商,已修复,建议大修
MNT-000566,2024-03-15 00:00:00,M21,注射故障,True,6.94,6416.57,维修工C,已修复,
MNT-000567,2024-11-22 16:00:00,M16,液压故障,True,21.1,6055.34,维修工B,已修复,
MNT-000568,2025-01-27 11:00:00,M06,液压故障,True,11.78,2525.16,维修工C,已修复,建议大修
MNT-000569,2026-01-10 14:00:00,M05,换油,True,22.31,6226.16,维修工D,已修复,
MNT-000570,2026-04-24 20:00:00,M02,锁模故障,True,3.35,7391.13,维修工B,已修复,
MNT-000571,2025-09-28 11:00:00,M26,锁模故障,True,9.95,2670.04,维修工A,已修复,更换备件
MNT-000572,2025-10-08 12:00:00,M03,锁模故障,True,6.96,3170.74,外部供应商,已修复,更换备件
MNT-000573,2024-02-04 18:00:00,M13,故障维修,True,0.84,4410.36,维修工D,已修复,
MNT-000574,2025-07-27 08:00:00,M08,换油,True,1.72,3708.67,维修工A,已修复,
MNT-000575,2024-02-05 00:00:00,M27,注射故障,True,11.52,3976.36,维修工A,已修复,更换备件
MNT-000576,2025-07-13 22:00:00,M29,换油,True,1.5,6984.95,维修工B,已修复,建议大修
MNT-000577,2024-06-12 10:00:00,M17,滤芯更换,True,19.45,4529.94,外部供应商,已修复,建议大修
MNT-000578,2024-07-21 02:00:00,M02,锁模故障,True,9.8,3829.89,维修工D,已修复,
MNT-000579,2024-01-10 16:00:00,M17,注射故障,True,15.3,863.74,维修工A,已修复,
MNT-000580,2025-09-17 11:00:00,M22,锁模故障,True,13.75,3414.1,维修工D,已修复,
MNT-000581,2024-08-19 11:00:00,M01,液压故障,True,11.12,750.99,维修工D,已修复,
MNT-000582,2026-02-25 03:00:00,M05,密封件更换,True,10.15,5381.45,维修工C,已修复,
MNT-000583,2025-01-01 03:00:00,M02,滤芯更换,True,11.58,3895.35,维修工D,已修复,需要厂家支持
MNT-000584,2026-03-26 16:00:00,M17,密封件更换,True,8.81,2864.51,外部供应商,已修复,
MNT-000585,2025-05-23 04:00:00,M10,换油,True,10.2,3555.25,维修工C,已修复,需要厂家支持
MNT-000586,2024-11-16 14:00:00,M13,滤芯更换,True,6.97,4028.08,维修工B,已修复,建议大修
MNT-000587,2025-03-04 13:00:00,M15,加热故障,True,18.88,6486.46,维修工C,已修复,
MNT-000588,2024-09-26 08:00:00,M01,电气故障,True,23.81,341.49,维修工B,已修复,
MNT-000589,2024-09-23 03:00:00,M13,注射故障,True,13.11,2187.76,维修工A,已修复,建议大修
MNT-000590,2025-10-06 17:00:00,M02,预防性保养,False,1.43,1058.63,维修工B,已修复,
MNT-000591,2026-01-25 03:00:00,M16,密封件更换,True,19.35,5122.74,维修工C,已修复,需要厂家支持
MNT-000592,2026-04-26 22:00:00,M12,换油,True,22.08,1433.7,维修工B,已修复,建议大修
MNT-000593,2025-04-13 00:00:00,M04,故障维修,True,18.51,860.2,维修工C,已修复,建议大修
MNT-000594,2025-09-20 09:00:00,M03,预防性保养,False,1.76,775.4,维修工D,已修复,
MNT-000595,2024-11-24 10:00:00,M07,加热故障,True,21.24,1158.98,维修工C,已修复,需要厂家支持
MNT-000596,2025-10-24 02:00:00,M01,电气故障,True,1.9,4481.63,维修工B,已修复,
MNT-000597,2026-04-18 02:00:00,M02,注射故障,True,20.34,3516.07,维修工C,已修复,需要厂家支持
MNT-000598,2025-12-30 07:00:00,M29,预防性保养,False,3.08,796.36,维修工D,已修复,建议大修
MNT-000599,2026-03-03 20:00:00,M03,换油,True,23.55,5659.99,维修工C,已修复,
MNT-000600,2024-01-17 09:00:00,M12,滤芯更换,True,3.25,5954.91,维修工B,已修复,
MNT-000601,2024-08-25 03:00:00,M22,预防性保养,False,1.72,917.9,维修工A,已修复,
MNT-000602,2024-10-27 01:00:00,M15,注射故障,True,1.79,1130.1,维修工C,已修复,更换备件
MNT-000603,2026-01-24 20:00:00,M05,故障维修,True,10.08,5392.91,维修工A,已修复,
MNT-000604,2024-11-12 00:00:00,M28,液压故障,True,16.69,5316.23,维修工A,已修复,需要厂家支持
MNT-000605,2025-10-10 19:00:00,M03,液压故障,True,1.43,2113.7,维修工C,已修复,更换备件
MNT-000606,2026-02-03 21:00:00,M17,电气故障,True,8.41,6843.44,维修工A,已修复,
MNT-000607,2026-02-19 09:00:00,M08,预防性保养,False,1.28,113.93,维修工D,已修复,需要厂家支持
MNT-000608,2025-01-25 12:00:00,M06,密封件更换,True,9.53,1958.98,维修工B,已修复,建议大修
MNT-000609,2025-12-07 17:00:00,M25,故障维修,True,2.09,4602.11,维修工A,已修复,
MNT-000610,2025-04-18 18:00:00,M17,注射故障,True,2.67,2522.93,维修工C,已修复,
MNT-000611,2024-12-21 10:00:00,M20,预防性保养,False,1.85,234.23,维修工A,已修复,更换备件
MNT-000612,2025-05-21 04:00:00,M17,锁模故障,True,23.22,1231.24,维修工B,已修复,建议大修
MNT-000613,2025-09-02 18:00:00,M24,加热故障,True,7.73,3259.8,外部供应商,已修复,
MNT-000614,2026-03-03 01:00:00,M18,故障维修,True,20.7,1139.71,维修工A,已修复,
MNT-000615,2025-04-02 08:00:00,M03,滤芯更换,True,10.72,6768.27,维修工B,已修复,需要厂家支持
MNT-000616,2025-11-30 06:00:00,M26,电气故障,True,7.77,4223.65,维修工D,已修复,
MNT-000617,2024-03-30 06:00:00,M10,滤芯更换,True,3.29,3439.19,维修工D,已修复,
MNT-000618,2025-05-15 13:00:00,M03,密封件更换,True,4.17,3497.3,维修工A,已修复,需要厂家支持
MNT-000619,2025-07-12 06:00:00,M05,电气故障,True,8.32,513.21,维修工B,已修复,
MNT-000620,2026-02-28 00:00:00,M03,换油,True,13.15,2651.3,维修工B,已修复,
MNT-000621,2025-08-21 06:00:00,M23,换油,True,3.34,6609.14,维修工A,已修复,更换备件
MNT-000622,2024-07-28 02:00:00,M08,预防性保养,False,2.29,1200.36,维修工C,已修复,需要厂家支持
MNT-000623,2025-08-23 06:00:00,M19,锁模故障,True,0.81,4050.78,维修工B,已修复,
MNT-000624,2024-03-17 18:00:00,M13,电气故障,True,22.17,6985.31,维修工D,已修复,更换备件
MNT-000625,2025-06-09 05:00:00,M16,滤芯更换,True,14.23,7491.64,维修工A,已修复,
MNT-000626,2025-03-01 13:00:00,M13,液压故障,True,3.24,263.73,外部供应商,已修复,
MNT-000627,2026-02-28 08:00:00,M28,加热故障,True,20.93,2482.11,外部供应商,已修复,更换备件
MNT-000628,2025-04-03 21:00:00,M23,液压故障,True,23.41,1800.42,维修工A,已修复,
MNT-000629,2024-11-26 19:00:00,M27,故障维修,True,20.56,3260.48,维修工C,已修复,建议大修
MNT-000630,2025-11-15 10:00:00,M13,预防性保养,False,0.51,606.0,维修工D,已修复,需要厂家支持
MNT-000631,2025-08-30 08:00:00,M21,预防性保养,False,2.29,1162.81,维修工B,已修复,建议大修
MNT-000632,2025-03-13 07:00:00,M29,换油,True,16.61,2576.46,维修工B,已修复,更换备件
MNT-000633,2024-02-27 05:00:00,M28,加热故障,True,7.69,7887.78,维修工A,已修复,
MNT-000634,2024-04-06 17:00:00,M02,电气故障,True,11.72,3152.09,维修工B,已修复,
MNT-000635,2026-02-10 06:00:00,M01,电气故障,True,5.18,1940.13,维修工D,已修复,更换备件
MNT-000636,2025-09-03 00:00:00,M27,锁模故障,True,8.93,6884.01,外部供应商,已修复,更换备件
MNT-000637,2025-03-17 07:00:00,M14,滤芯更换,True,8.48,1353.82,维修工C,已修复,更换备件
MNT-000638,2025-02-03 02:00:00,M19,电气故障,True,19.96,2172.07,维修工D,已修复,建议大修
MNT-000639,2025-05-25 19:00:00,M18,电气故障,True,5.79,3274.58,外部供应商,已修复,
MNT-000640,2024-03-15 07:00:00,M01,滤芯更换,True,9.2,7010.59,维修工D,已修复,
MNT-000641,2026-03-14 02:00:00,M19,密封件更换,True,16.27,6614.35,维修工A,已修复,
MNT-000642,2024-11-01 22:00:00,M03,滤芯更换,True,3.38,2061.07,维修工D,已修复,
MNT-000643,2024-08-11 04:00:00,M27,加热故障,True,21.52,4301.41,外部供应商,已修复,
MNT-000644,2024-11-05 10:00:00,M09,滤芯更换,True,12.48,2066.5,维修工A,已修复,需要厂家支持
MNT-000645,2025-02-17 15:00:00,M09,密封件更换,True,23.27,2402.89,维修工A,已修复,
MNT-000646,2025-09-04 18:00:00,M19,预防性保养,False,0.73,1078.63,维修工C,已修复,需要厂家支持
MNT-000647,2025-06-03 10:00:00,M27,液压故障,True,21.98,3587.69,外部供应商,已修复,
MNT-000648,2026-03-13 08:00:00,M20,注射故障,True,20.1,3137.13,维修工C,已修复,
MNT-000649,2024-08-13 15:00:00,M17,换油,True,21.94,6045.34,维修工B,已修复,
MNT-000650,2025-08-27 18:00:00,M28,密封件更换,True,9.88,1623.41,维修工D,已修复,需要厂家支持
MNT-000651,2025-09-08 02:00:00,M29,预防性保养,False,1.66,1466.67,维修工C,已修复,
MNT-000652,2024-07-23 19:00:00,M15,锁模故障,True,15.88,1706.69,外部供应商,已修复,
MNT-000653,2024-07-23 05:00:00,M29,换油,True,4.25,7377.22,维修工C,已修复,建议大修
MNT-000654,2025-05-02 15:00:00,M08,密封件更换,True,15.36,1250.23,维修工D,已修复,更换备件
MNT-000655,2024-09-19 09:00:00,M29,加热故障,True,22.68,4871.23,维修工A,已修复,
MNT-000656,2025-02-23 11:00:00,M06,加热故障,True,1.71,2807.28,维修工D,已修复,
MNT-000657,2025-04-28 00:00:00,M19,滤芯更换,True,22.15,3979.35,维修工A,已修复,
MNT-000658,2024-05-29 22:00:00,M04,滤芯更换,True,17.74,2883.8,维修工A,已修复,建议大修
MNT-000659,2025-10-11 10:00:00,M12,密封件更换,True,22.58,5380.13,维修工C,已修复,
MNT-000660,2024-04-20 08:00:00,M17,加热故障,True,6.69,4835.58,外部供应商,已修复,需要厂家支持
MNT-000661,2026-04-26 20:00:00,M11,加热故障,True,9.43,3032.46,外部供应商,已修复,更换备件
MNT-000662,2025-03-21 23:00:00,M21,锁模故障,True,16.78,7803.01,维修工C,已修复,
MNT-000663,2025-05-04 11:00:00,M04,密封件更换,True,15.16,1878.34,维修工A,已修复,
MNT-000664,2024-09-30 02:00:00,M06,预防性保养,False,3.34,273.44,维修工C,已修复,需要厂家支持
MNT-000665,2024-01-13 06:00:00,M03,液压故障,True,6.16,6433.13,维修工B,已修复,
MNT-000666,2024-02-24 01:00:00,M20,加热故障,True,14.98,6497.87,维修工B,已修复,
MNT-000667,2024-07-09 03:00:00,M20,预防性保养,False,3.43,820.88,维修工C,已修复,更换备件
MNT-000668,2025-03-01 08:00:00,M15,滤芯更换,True,13.16,1928.97,维修工C,已修复,更换备件
MNT-000669,2024-12-10 15:00:00,M10,加热故障,True,19.0,1428.92,维修工D,已修复,建议大修
MNT-000670,2026-02-17 00:00:00,M17,电气故障,True,7.41,5941.63,维修工C,已修复,更换备件
MNT-000671,2025-03-11 05:00:00,M28,换油,True,13.33,6082.71,维修工A,已修复,需要厂家支持
MNT-000672,2025-12-31 08:00:00,M11,锁模故障,True,14.16,5746.33,维修工D,待跟进,
MNT-000673,2024-11-26 23:00:00,M07,电气故障,True,13.76,7161.02,维修工C,已修复,建议大修
MNT-000674,2024-07-19 18:00:00,M03,电气故障,True,7.25,5361.51,维修工C,已修复,
MNT-000675,2025-08-25 08:00:00,M27,预防性保养,False,2.31,748.56,维修工A,已修复,建议大修
MNT-000676,2025-08-01 17:00:00,M13,注射故障,True,0.67,1936.92,维修工D,已修复,
MNT-000677,2025-02-10 19:00:00,M20,故障维修,True,12.24,4856.14,外部供应商,已修复,更换备件
MNT-000678,2025-09-22 23:00:00,M18,故障维修,True,3.55,6378.1,维修工C,已修复,
MNT-000679,2025-09-30 10:00:00,M17,注射故障,True,9.12,3320.9,维修工D,已修复,更换备件
MNT-000680,2024-11-03 18:00:00,M01,液压故障,True,11.54,4434.77,维修工A,已修复,
MNT-000681,2025-03-20 15:00:00,M14,换油,True,17.19,6979.23,维修工C,已修复,建议大修
MNT-000682,2025-08-21 03:00:00,M19,电气故障,True,1.14,4801.28,外部供应商,已修复,
MNT-000683,2024-02-24 12:00:00,M29,预防性保养,False,3.79,686.69,维修工D,已修复,
MNT-000684,2025-01-05 13:00:00,M11,液压故障,True,13.65,7814.19,外部供应商,已修复,需要厂家支持
MNT-000685,2025-05-23 04:00:00,M11,液压故障,True,0.56,4415.01,维修工D,已修复,
MNT-000686,2025-05-19 00:00:00,M19,预防性保养,False,1.93,1250.51,维修工A,已修复,
MNT-000687,2025-02-26 20:00:00,M23,预防性保养,False,3.39,1449.82,维修工D,已修复,
MNT-000688,2025-02-02 19:00:00,M06,电气故障,True,2.18,2845.39,外部供应商,已修复,
MNT-000689,2024-02-19 10:00:00,M26,密封件更换,True,5.23,1652.07,维修工B,已修复,建议大修
MNT-000690,2026-03-30 18:00:00,M28,换油,True,16.64,3663.43,维修工A,已修复,
MNT-000691,2024-01-16 12:00:00,M21,滤芯更换,True,20.39,3796.92,维修工C,已修复,更换备件
MNT-000692,2025-01-23 08:00:00,M25,锁模故障,True,22.44,725.3,维修工A,已修复,建议大修
MNT-000693,2025-01-22 21:00:00,M17,故障维修,True,20.76,376.64,维修工B,已修复,建议大修
MNT-000694,2026-04-18 09:00:00,M18,滤芯更换,True,15.89,5591.72,维修工A,已修复,更换备件
MNT-000695,2024-09-19 05:00:00,M13,加热故障,True,22.48,4190.81,维修工D,待跟进,
MNT-000696,2025-08-12 10:00:00,M07,密封件更换,True,18.41,3597.18,外部供应商,已修复,
MNT-000697,2024-07-31 18:00:00,M24,换油,True,14.34,4931.82,维修工B,已修复,建议大修
MNT-000698,2024-03-05 08:00:00,M11,液压故障,True,10.51,5739.79,维修工B,已修复,
MNT-000699,2024-02-01 16:00:00,M09,密封件更换,True,2.92,880.34,维修工D,已修复,
MNT-000700,2024-08-31 13:00:00,M29,密封件更换,True,1.76,7616.2,维修工C,已修复,建议大修
MNT-000701,2025-10-16 08:00:00,M18,故障维修,True,7.09,2153.48,维修工C,已修复,建议大修
MNT-000702,2025-01-24 11:00:00,M26,注射故障,True,2.74,7971.61,维修工A,已修复,需要厂家支持
MNT-000703,2025-05-23 17:00:00,M02,故障维修,True,14.04,7398.55,维修工D,已修复,
MNT-000704,2026-02-15 23:00:00,M08,故障维修,True,20.35,5013.7,外部供应商,已修复,需要厂家支持
MNT-000705,2025-03-17 20:00:00,M24,加热故障,True,1.36,5841.56,维修工D,待跟进,
MNT-000706,2024-06-17 13:00:00,M20,注射故障,True,13.73,4905.75,外部供应商,已修复,
MNT-000707,2024-08-09 18:00:00,M25,加热故障,True,10.99,7227.15,外部供应商,已修复,需要厂家支持
MNT-000708,2024-09-27 05:00:00,M24,故障维修,True,19.08,5694.1,维修工B,待跟进,更换备件
MNT-000709,2024-01-19 16:00:00,M15,锁模故障,True,4.03,7632.49,维修工B,已修复,建议大修
MNT-000710,2025-04-26 10:00:00,M19,注射故障,True,18.23,5472.79,维修工A,已修复,
MNT-000711,2025-02-04 18:00:00,M09,故障维修,True,3.64,6394.13,维修工D,已修复,需要厂家支持
MNT-000712,2024-06-06 05:00:00,M17,预防性保养,False,2.91,992.81,维修工C,已修复,
MNT-000713,2024-12-30 03:00:00,M26,故障维修,True,5.42,307.91,维修工A,待跟进,需要厂家支持
MNT-000714,2024-03-08 00:00:00,M19,故障维修,True,9.85,1137.08,维修工D,已修复,更换备件
MNT-000715,2025-07-28 13:00:00,M11,加热故障,True,2.98,4516.05,维修工D,已修复,
MNT-000716,2026-02-09 07:00:00,M15,密封件更换,True,11.51,6033.43,维修工B,已修复,更换备件
MNT-000717,2025-12-20 16:00:00,M13,电气故障,True,15.58,1196.76,外部供应商,已修复,更换备件
MNT-000718,2025-06-13 17:00:00,M16,液压故障,True,21.52,926.0,维修工C,已修复,
MNT-000719,2025-08-19 17:00:00,M08,锁模故障,True,13.19,4613.67,维修工B,已修复,更换备件
MNT-000720,2024-08-23 08:00:00,M16,电气故障,True,22.56,270.44,外部供应商,已修复,建议大修
MNT-000721,2025-11-14 04:00:00,M23,加热故障,True,7.11,3677.76,维修工B,已修复,
MNT-000722,2024-11-29 13:00:00,M27,故障维修,True,0.86,1839.95,维修工D,已修复,建议大修
MNT-000723,2024-03-14 23:00:00,M22,密封件更换,True,17.68,7188.71,维修工D,已修复,
MNT-000724,2025-10-23 01:00:00,M11,故障维修,True,18.06,3869.5,维修工C,已修复,建议大修
MNT-000725,2026-01-19 12:00:00,M09,注射故障,True,21.54,7276.17,维修工B,已修复,建议大修
MNT-000726,2025-12-30 03:00:00,M01,加热故障,True,0.96,1341.49,维修工D,已修复,
MNT-000727,2024-09-17 04:00:00,M06,锁模故障,True,11.84,5531.88,维修工C,已修复,
MNT-000728,2024-05-20 22:00:00,M15,锁模故障,True,21.85,6778.84,维修工D,已修复,
MNT-000729,2024-02-21 20:00:00,M04,故障维修,True,0.88,1555.56,维修工C,已修复,
MNT-000730,2024-03-03 22:00:00,M28,密封件更换,True,3.92,3120.95,维修工A,已修复,
MNT-000731,2024-06-30 10:00:00,M20,加热故障,True,4.76,5009.33,维修工A,已修复,
MNT-000732,2024-01-30 01:00:00,M25,预防性保养,False,2.04,791.59,外部供应商,已修复,建议大修
MNT-000733,2024-01-03 15:00:00,M16,加热故障,True,13.12,1617.07,外部供应商,已修复,
MNT-000734,2025-04-09 10:00:00,M12,锁模故障,True,19.33,658.31,维修工A,已修复,需要厂家支持
MNT-000735,2025-03-07 10:00:00,M12,液压故障,True,22.24,5618.64,维修工B,已修复,需要厂家支持
MNT-000736,2025-03-12 17:00:00,M24,注射故障,True,14.4,3555.58,外部供应商,已修复,更换备件
MNT-000737,2026-04-08 06:00:00,M11,故障维修,True,20.74,3087.83,维修工B,已修复,需要厂家支持
MNT-000738,2024-07-24 17:00:00,M18,故障维修,True,21.22,4807.12,维修工D,已修复,建议大修
MNT-000739,2025-01-23 05:00:00,M12,电气故障,True,20.64,7600.02,维修工D,已修复,
MNT-000740,2026-03-09 15:00:00,M08,密封件更换,True,15.62,4553.28,维修工A,已修复,
MNT-000741,2025-04-24 00:00:00,M05,液压故障,True,8.72,7364.12,维修工B,已修复,
MNT-000742,2024-11-29 21:00:00,M20,注射故障,True,15.1,6041.32,维修工A,已修复,需要厂家支持
MNT-000743,2025-08-15 14:00:00,M27,电气故障,True,6.5,2286.77,外部供应商,已修复,
MNT-000744,2024-11-12 13:00:00,M05,锁模故障,True,20.88,3692.88,维修工B,已修复,
MNT-000745,2025-05-18 01:00:00,M04,注射故障,True,3.07,7714.85,维修工C,已修复,
MNT-000746,2025-09-14 01:00:00,M08,液压故障,True,14.2,3425.37,维修工A,已修复,
MNT-000747,2024-03-10 22:00:00,M26,液压故障,True,21.39,3767.9,维修工C,已修复,建议大修
MNT-000748,2026-03-20 12:00:00,M13,故障维修,True,19.33,2810.18,维修工B,已修复,需要厂家支持
MNT-000749,2024-02-23 04:00:00,M15,注射故障,True,15.05,6765.15,维修工C,已修复,
MNT-000750,2024-12-02 03:00:00,M06,加热故障,True,4.72,7726.83,维修工C,已修复,更换备件
MNT-000751,2024-05-25 20:00:00,M09,密封件更换,True,7.43,6235.75,维修工B,已修复,
MNT-000752,2024-02-10 22:00:00,M04,换油,True,21.32,5954.13,维修工B,已修复,
MNT-000753,2025-12-27 16:00:00,M10,故障维修,True,20.67,4194.2,维修工D,已修复,更换备件
MNT-000754,2024-08-10 20:00:00,M16,锁模故障,True,8.67,4054.47,外部供应商,已修复,
MNT-000755,2024-07-21 10:00:00,M14,锁模故障,True,19.23,3957.83,外部供应商,已修复,需要厂家支持
MNT-000756,2024-01-04 03:00:00,M20,滤芯更换,True,14.9,2908.2,维修工C,已修复,建议大修
MNT-000757,2026-02-07 13:00:00,M10,故障维修,True,11.23,4302.46,外部供应商,已修复,更换备件
MNT-000758,2025-11-22 02:00:00,M22,换油,True,10.74,4028.21,维修工C,已修复,
MNT-000759,2025-12-04 01:00:00,M19,密封件更换,True,8.01,5719.69,维修工D,已修复,建议大修
MNT-000760,2024-06-26 11:00:00,M23,密封件更换,True,2.01,6553.85,维修工D,已修复,
MNT-000761,2025-03-31 20:00:00,M19,滤芯更换,True,12.47,7643.35,维修工B,已修复,
MNT-000762,2025-10-17 05:00:00,M13,锁模故障,True,11.61,7374.37,维修工A,已修复,
MNT-000763,2024-04-23 12:00:00,M28,滤芯更换,True,14.38,1682.26,外部供应商,已修复,更换备件
MNT-000764,2024-11-09 22:00:00,M20,换油,True,1.25,1293.59,维修工A,已修复,建议大修
MNT-000765,2024-06-28 14:00:00,M28,预防性保养,False,1.93,1142.92,维修工A,已修复,建议大修
MNT-000766,2026-02-26 19:00:00,M16,注射故障,True,19.14,2677.95,维修工B,已修复,建议大修
MNT-000767,2026-02-02 07:00:00,M12,液压故障,True,7.74,6884.19,维修工D,已修复,
MNT-000768,2025-11-08 22:00:00,M16,液压故障,True,21.33,6119.48,维修工C,已修复,
MNT-000769,2025-06-07 03:00:00,M17,预防性保养,False,2.47,546.94,维修工D,已修复,建议大修
MNT-000770,2026-01-14 16:00:00,M21,注射故障,True,21.27,3246.87,外部供应商,已修复,
MNT-000771,2025-11-26 01:00:00,M10,锁模故障,True,15.89,4023.12,维修工A,已修复,
MNT-000772,2024-11-26 12:00:00,M15,注射故障,True,20.8,1034.23,外部供应商,已修复,
MNT-000773,2024-11-13 20:00:00,M26,预防性保养,False,2.94,1394.39,维修工A,已修复,建议大修
MNT-000774,2025-08-29 08:00:00,M28,电气故障,True,19.25,1987.28,维修工D,已修复,
MNT-000775,2025-02-08 20:00:00,M18,电气故障,True,2.07,7002.78,维修工A,已修复,
MNT-000776,2025-07-02 02:00:00,M17,预防性保养,False,1.07,1375.6,维修工B,已修复,
MNT-000777,2025-04-25 01:00:00,M06,锁模故障,True,12.51,4492.92,维修工B,已修复,
MNT-000778,2025-12-23 06:00:00,M15,预防性保养,False,2.4,311.9,维修工B,已修复,更换备件
MNT-000779,2024-11-04 15:00:00,M14,加热故障,True,2.69,5249.99,维修工D,已修复,更换备件
MNT-000780,2025-07-10 01:00:00,M04,预防性保养,False,1.53,325.84,维修工A,已修复,
MNT-000781,2025-08-17 20:00:00,M20,电气故障,True,23.54,1969.87,外部供应商,已修复,
MNT-000782,2025-07-09 12:00:00,M19,液压故障,True,3.49,2515.75,维修工B,已修复,更换备件
MNT-000783,2024-12-12 09:00:00,M02,换油,True,8.96,580.44,外部供应商,已修复,
MNT-000784,2025-04-22 17:00:00,M01,注射故障,True,12.41,1247.93,外部供应商,已修复,
MNT-000785,2025-11-22 03:00:00,M02,加热故障,True,16.03,394.13,维修工A,已修复,更换备件
MNT-000786,2024-11-08 17:00:00,M25,滤芯更换,True,23.7,851.08,外部供应商,已修复,建议大修
MNT-000787,2024-06-27 19:00:00,M11,滤芯更换,True,13.93,2049.69,维修工D,已修复,更换备件
MNT-000788,2025-12-13 14:00:00,M10,液压故障,True,1.45,7396.04,维修工C,已修复,建议大修
MNT-000789,2025-05-02 13:00:00,M08,液压故障,True,5.98,7029.08,维修工B,已修复,需要厂家支持
MNT-000790,2025-08-26 02:00:00,M04,故障维修,True,16.88,625.7,维修工D,已修复,
MNT-000791,2024-07-30 22:00:00,M22,液压故障,True,10.53,3040.82,维修工B,已修复,
MNT-000792,2025-08-30 19:00:00,M14,预防性保养,False,3.31,1410.33,维修工D,已修复,
MNT-000793,2024-03-09 07:00:00,M28,注射故障,True,9.88,3170.45,维修工B,已修复,更换备件
MNT-000794,2025-07-30 19:00:00,M20,电气故障,True,9.38,7728.77,维修工C,已修复,建议大修
MNT-000795,2025-05-30 13:00:00,M01,液压故障,True,8.64,7294.4,外部供应商,已修复,建议大修
MNT-000796,2024-06-30 04:00:00,M29,注射故障,True,7.13,6223.78,外部供应商,已修复,
MNT-000797,2024-11-21 10:00:00,M22,预防性保养,False,3.61,690.14,维修工C,已修复,建议大修
MNT-000798,2026-04-28 19:00:00,M24,电气故障,True,2.89,3867.33,维修工A,已修复,
MNT-000799,2024-01-15 11:00:00,M27,密封件更换,True,8.15,5534.26,维修工A,已修复,
MNT-000800,2026-04-22 01:00:00,M19,液压故障,True,18.56,6210.66,维修工C,已修复,
MNT-000801,2024-03-26 02:00:00,M20,加热故障,True,4.79,1769.56,维修工D,已修复,
MNT-000802,2024-07-24 09:00:00,M06,密封件更换,True,8.26,3909.29,外部供应商,已修复,更换备件
MNT-000803,2026-04-26 10:00:00,M19,预防性保养,False,2.82,670.46,维修工D,已修复,
MNT-000804,2025-07-17 11:00:00,M07,密封件更换,True,23.01,1507.0,维修工B,已修复,需要厂家支持
MNT-000805,2025-07-20 10:00:00,M27,滤芯更换,True,11.92,6685.28,外部供应商,已修复,更换备件
MNT-000806,2026-04-14 03:00:00,M04,电气故障,True,0.66,4119.05,维修工B,已修复,更换备件
MNT-000807,2024-11-17 22:00:00,M28,换油,True,9.64,7740.56,维修工D,已修复,建议大修
MNT-000808,2024-11-11 22:00:00,M22,注射故障,True,19.89,1906.1,维修工D,已修复,需要厂家支持
MNT-000809,2026-04-16 08:00:00,M10,液压故障,True,17.24,6059.74,维修工C,已修复,
MNT-000810,2025-03-18 18:00:00,M15,故障维修,True,11.96,5804.69,维修工C,已修复,更换备件
MNT-000811,2025-03-14 09:00:00,M11,换油,True,17.47,7680.44,维修工B,已修复,更换备件
MNT-000812,2024-04-24 09:00:00,M14,预防性保养,False,1.44,563.57,维修工A,已修复,
MNT-000813,2025-09-07 16:00:00,M21,换油,True,5.83,7773.4,维修工A,已修复,
MNT-000814,2025-01-06 03:00:00,M05,滤芯更换,True,18.5,6475.55,维修工A,已修复,建议大修
MNT-000815,2024-07-09 16:00:00,M02,预防性保养,False,1.11,527.76,外部供应商,已修复,建议大修
MNT-000816,2026-03-16 18:00:00,M05,密封件更换,True,17.78,5399.41,维修工D,已修复,需要厂家支持
MNT-000817,2025-12-30 17:00:00,M04,液压故障,True,17.45,3905.5,维修工D,已修复,更换备件
MNT-000818,2025-08-06 15:00:00,M21,密封件更换,True,5.67,5047.84,维修工D,已修复,
MNT-000819,2025-04-19 00:00:00,M23,换油,True,22.52,5934.3,维修工D,已修复,
MNT-000820,2025-07-10 10:00:00,M02,电气故障,True,12.47,2064.4,维修工A,已修复,
MNT-000821,2024-02-01 22:00:00,M13,预防性保养,False,3.82,1109.18,维修工C,已修复,
MNT-000822,2024-12-31 01:00:00,M05,换油,True,1.58,1364.24,维修工B,已修复,更换备件
MNT-000823,2025-09-04 20:00:00,M15,密封件更换,True,12.77,2546.1,维修工C,已修复,
MNT-000824,2024-10-24 13:00:00,M03,加热故障,True,21.34,1398.89,维修工D,已修复,需要厂家支持
MNT-000825,2024-05-01 23:00:00,M03,换油,True,3.67,5580.16,外部供应商,已修复,需要厂家支持
MNT-000826,2024-12-06 02:00:00,M09,故障维修,True,22.02,3128.4,外部供应商,已修复,建议大修
MNT-000827,2024-10-05 22:00:00,M21,预防性保养,False,1.49,987.84,维修工D,已修复,需要厂家支持
MNT-000828,2025-10-25 02:00:00,M22,故障维修,True,12.3,2713.39,维修工B,已修复,
MNT-000829,2025-02-06 19:00:00,M04,电气故障,True,12.28,2725.12,外部供应商,已修复,
MNT-000830,2025-01-28 19:00:00,M09,电气故障,True,15.68,2053.7,维修工A,已修复,建议大修
MNT-000831,2025-11-24 21:00:00,M19,加热故障,True,23.34,6716.48,外部供应商,已修复,建议大修
MNT-000832,2024-08-31 04:00:00,M23,滤芯更换,True,15.85,1226.53,维修工C,已修复,
MNT-000833,2025-09-14 21:00:00,M11,滤芯更换,True,1.49,244.42,维修工D,已修复,
MNT-000834,2025-04-25 06:00:00,M21,滤芯更换,True,23.16,2671.83,维修工A,已修复,更换备件
MNT-000835,2025-06-27 08:00:00,M21,锁模故障,True,4.91,5036.38,维修工D,已修复,更换备件
MNT-000836,2025-08-10 17:00:00,M14,注射故障,True,17.69,6081.61,维修工B,已修复,
MNT-000837,2025-12-20 14:00:00,M19,电气故障,True,21.39,3235.61,维修工D,已修复,
MNT-000838,2024-03-08 17:00:00,M18,加热故障,True,7.15,908.02,维修工C,已修复,
MNT-000839,2025-11-11 00:00:00,M10,密封件更换,True,14.12,2297.51,维修工B,已修复,
MNT-000840,2025-11-30 16:00:00,M12,密封件更换,True,4.0,4103.9,维修工C,已修复,需要厂家支持
MNT-000841,2025-03-30 08:00:00,M23,预防性保养,False,1.83,308.12,维修工D,已修复,
MNT-000842,2025-04-24 21:00:00,M15,电气故障,True,10.68,6328.51,维修工C,已修复,
MNT-000843,2024-05-20 03:00:00,M06,液压故障,True,3.82,7860.63,维修工C,已修复,
MNT-000844,2024-08-21 23:00:00,M08,预防性保养,False,2.93,947.06,外部供应商,已修复,更换备件
MNT-000845,2024-05-14 19:00:00,M22,加热故障,True,1.34,3743.06,外部供应商,已修复,更换备件
MNT-000846,2025-05-11 00:00:00,M21,密封件更换,True,6.53,851.81,维修工B,已修复,
MNT-000847,2025-08-15 07:00:00,M16,注射故障,True,10.87,6056.47,维修工C,已修复,更换备件
MNT-000848,2026-01-14 08:00:00,M16,锁模故障,True,13.08,7861.61,维修工B,已修复,建议大修
MNT-000849,2024-03-22 03:00:00,M21,锁模故障,True,23.27,1783.43,外部供应商,已修复,
MNT-000850,2025-04-02 01:00:00,M29,换油,True,19.5,2759.72,维修工B,已修复,更换备件
MNT-000851,2024-09-30 17:00:00,M22,注射故障,True,20.16,7690.64,维修工B,已修复,
MNT-000852,2025-10-25 09:00:00,M13,注射故障,True,1.96,2974.65,维修工C,已修复,需要厂家支持
MNT-000853,2026-01-24 04:00:00,M17,电气故障,True,19.35,7242.02,维修工A,已修复,
MNT-000854,2025-10-10 21:00:00,M29,锁模故障,True,10.33,2844.81,维修工A,已修复,建议大修
MNT-000855,2024-08-19 22:00:00,M13,加热故障,True,20.74,3343.39,维修工B,已修复,
MNT-000856,2026-04-26 23:00:00,M11,液压故障,True,20.47,3607.09,外部供应商,已修复,建议大修
MNT-000857,2025-01-19 02:00:00,M11,故障维修,True,18.22,7945.88,维修工A,已修复,
MNT-000858,2026-02-13 06:00:00,M09,电气故障,True,8.31,6598.73,维修工C,已修复,
MNT-000859,2026-02-09 16:00:00,M12,锁模故障,True,6.15,7899.32,维修工C,已修复,
MNT-000860,2026-04-17 22:00:00,M19,电气故障,True,6.82,3546.7,维修工B,已修复,更换备件
MNT-000861,2024-04-17 12:00:00,M11,电气故障,True,11.69,4327.65,维修工C,已修复,
MNT-000862,2025-05-22 01:00:00,M16,加热故障,True,10.24,924.83,维修工A,已修复,更换备件
MNT-000863,2026-02-07 01:00:00,M26,加热故障,True,20.76,802.44,维修工A,已修复,
MNT-000864,2025-05-27 20:00:00,M21,故障维修,True,18.59,4806.19,外部供应商,已修复,需要厂家支持
MNT-000865,2025-09-24 21:00:00,M11,电气故障,True,13.39,3145.25,维修工C,已修复,更换备件
MNT-000866,2024-11-09 16:00:00,M26,密封件更换,True,12.2,6351.58,维修工A,待跟进,更换备件
MNT-000867,2025-11-20 18:00:00,M04,加热故障,True,20.78,2663.59,维修工B,已修复,更换备件
MNT-000868,2024-01-03 14:00:00,M26,电气故障,True,23.59,4382.73,维修工C,已修复,
MNT-000869,2024-01-25 21:00:00,M23,电气故障,True,2.36,6198.86,维修工B,已修复,更换备件
MNT-000870,2026-03-11 17:00:00,M23,液压故障,True,16.64,5130.06,维修工C,已修复,更换备件
MNT-000871,2024-12-25 15:00:00,M01,换油,True,13.72,3845.49,维修工A,已修复,
MNT-000872,2024-02-04 13:00:00,M17,预防性保养,False,3.63,1010.74,维修工D,已修复,
MNT-000873,2024-07-25 17:00:00,M01,锁模故障,True,5.16,5252.64,外部供应商,已修复,建议大修
MNT-000874,2024-07-01 12:00:00,M18,液压故障,True,9.71,2431.58,外部供应商,已修复,
MNT-000875,2025-07-15 15:00:00,M10,换油,True,15.46,5677.25,维修工A,已修复,需要厂家支持
MNT-000876,2025-10-02 05:00:00,M06,注射故障,True,22.68,5343.45,维修工C,已修复,需要厂家支持
MNT-000877,2026-03-07 13:00:00,M21,电气故障,True,5.54,675.64,维修工D,已修复,
MNT-000878,2025-07-01 20:00:00,M11,电气故障,True,23.74,2925.2,维修工C,待跟进,
MNT-000879,2024-08-01 13:00:00,M14,液压故障,True,11.69,550.49,维修工C,已修复,
MNT-000880,2024-06-11 17:00:00,M11,换油,True,4.57,4154.08,维修工C,已修复,
MNT-000881,2024-05-14 07:00:00,M27,密封件更换,True,3.83,1042.0,维修工C,已修复,
MNT-000882,2024-03-02 16:00:00,M03,电气故障,True,4.76,7779.88,维修工D,已修复,建议大修
MNT-000883,2026-02-04 15:00:00,M14,滤芯更换,True,9.37,1292.54,维修工A,待跟进,更换备件
MNT-000884,2025-05-23 00:00:00,M01,滤芯更换,True,16.01,3145.44,外部供应商,已修复,
MNT-000885,2024-03-27 13:00:00,M06,故障维修,True,19.51,3923.26,维修工B,已修复,需要厂家支持
MNT-000886,2025-06-19 23:00:00,M14,滤芯更换,True,9.21,6203.22,维修工B,已修复,建议大修
MNT-000887,2025-10-09 01:00:00,M24,滤芯更换,True,3.52,5354.66,维修工D,已修复,
MNT-000888,2026-04-06 12:00:00,M02,换油,True,6.58,4920.8,维修工D,已修复,更换备件
MNT-000889,2025-06-09 00:00:00,M29,密封件更换,True,14.6,732.21,维修工D,已修复,更换备件
MNT-000890,2024-06-17 00:00:00,M25,滤芯更换,True,16.86,7735.33,维修工C,已修复,建议大修
MNT-000891,2026-01-06 16:00:00,M16,加热故障,True,14.35,1896.37,维修工D,已修复,
MNT-000892,2024-06-15 18:00:00,M16,故障维修,True,3.62,3958.13,外部供应商,已修复,更换备件
MNT-000893,2025-10-13 13:00:00,M24,故障维修,True,2.09,3193.94,维修工B,已修复,更换备件
MNT-000894,2025-03-18 02:00:00,M28,注射故障,True,22.41,645.9,外部供应商,已修复,建议大修
MNT-000895,2024-10-15 04:00:00,M08,故障维修,True,9.54,2825.07,外部供应商,已修复,建议大修
MNT-000896,2024-09-18 04:00:00,M15,滤芯更换,True,12.84,4681.26,维修工C,已修复,需要厂家支持
MNT-000897,2025-08-20 21:00:00,M26,密封件更换,True,5.7,1494.75,维修工C,已修复,需要厂家支持
MNT-000898,2025-02-16 07:00:00,M08,液压故障,True,20.68,6267.05,维修工B,已修复,
MNT-000899,2024-07-07 15:00:00,M22,预防性保养,False,3.16,1425.77,维修工A,已修复,建议大修
MNT-000900,2024-06-03 11:00:00,M01,加热故障,True,22.12,3216.18,外部供应商,已修复,
MNT-000901,2026-04-24 18:00:00,M29,密封件更换,True,14.6,2720.98,维修工B,已修复,
MNT-000902,2024-08-02 11:00:00,M23,注射故障,True,19.93,7865.86,维修工B,已修复,
MNT-000903,2025-04-22 15:00:00,M04,滤芯更换,True,22.22,5841.1,维修工D,已修复,
MNT-000904,2024-09-11 00:00:00,M09,电气故障,True,9.31,5343.44,外部供应商,已修复,更换备件
MNT-000905,2025-05-31 08:00:00,M01,故障维修,True,0.97,354.65,维修工B,已修复,
MNT-000906,2024-05-19 18:00:00,M29,电气故障,True,7.16,1256.91,维修工A,已修复,建议大修
MNT-000907,2024-01-11 22:00:00,M11,注射故障,True,2.94,706.93,维修工B,已修复,
MNT-000908,2024-12-27 04:00:00,M11,预防性保养,False,3.57,1200.65,维修工D,已修复,
MNT-000909,2024-08-22 15:00:00,M12,预防性保养,False,2.41,1073.19,外部供应商,已修复,
MNT-000910,2025-04-01 14:00:00,M27,预防性保养,False,3.14,653.52,维修工B,待跟进,
MNT-000911,2025-04-02 12:00:00,M18,加热故障,True,5.69,2548.73,维修工A,已修复,
MNT-000912,2025-05-18 19:00:00,M21,加热故障,True,13.91,6683.39,外部供应商,已修复,更换备件
MNT-000913,2024-01-04 15:00:00,M22,滤芯更换,True,10.38,4348.94,维修工B,已修复,
MNT-000914,2025-01-25 14:00:00,M09,换油,True,6.2,3456.08,外部供应商,已修复,
MNT-000915,2026-03-27 02:00:00,M18,密封件更换,True,12.44,2669.75,外部供应商,已修复,需要厂家支持
MNT-000916,2025-09-22 04:00:00,M29,滤芯更换,True,11.6,5881.6,外部供应商,已修复,
MNT-000917,2025-12-23 17:00:00,M10,加热故障,True,22.26,1330.03,维修工C,已修复,
MNT-000918,2026-03-15 06:00:00,M19,换油,True,20.55,2273.08,维修工C,已修复,需要厂家支持
MNT-000919,2024-04-16 10:00:00,M28,滤芯更换,True,2.51,4980.3,维修工A,已修复,需要厂家支持
MNT-000920,2025-09-20 21:00:00,M06,锁模故障,True,4.89,613.88,维修工B,已修复,更换备件
MNT-000921,2026-02-05 23:00:00,M05,锁模故障,True,18.21,4415.93,维修工B,已修复,需要厂家支持
MNT-000922,2025-11-25 18:00:00,M14,故障维修,True,12.44,5415.16,维修工C,已修复,建议大修
MNT-000923,2024-03-30 15:00:00,M22,加热故障,True,8.06,7832.63,维修工A,已修复,建议大修
MNT-000924,2024-01-21 07:00:00,M26,加热故障,True,21.58,4864.03,维修工D,已修复,
MNT-000925,2026-01-12 03:00:00,M11,滤芯更换,True,7.82,4379.63,维修工D,已修复,更换备件
MNT-000926,2024-11-01 17:00:00,M12,加热故障,True,22.87,6179.5,维修工D,已修复,
MNT-000927,2025-03-01 07:00:00,M04,注射故障,True,19.29,7910.66,维修工B,待跟进,更换备件
MNT-000928,2025-01-10 00:00:00,M28,电气故障,True,23.76,4342.52,维修工B,已修复,
MNT-000929,2025-10-31 17:00:00,M22,电气故障,True,5.86,1262.32,维修工A,已修复,建议大修
MNT-000930,2024-12-31 03:00:00,M06,密封件更换,True,3.02,7481.01,维修工B,已修复,
MNT-000931,2025-10-03 03:00:00,M27,注射故障,True,23.94,1509.65,维修工B,已修复,
MNT-000932,2024-06-16 18:00:00,M18,换油,True,21.69,6230.39,外部供应商,已修复,
MNT-000933,2024-06-21 07:00:00,M29,锁模故障,True,1.73,1491.48,维修工C,已修复,
MNT-000934,2025-09-12 19:00:00,M29,密封件更换,True,1.27,1424.81,维修工D,已修复,更换备件
MNT-000935,2024-06-25 13:00:00,M11,滤芯更换,True,6.71,1391.55,维修工A,已修复,更换备件
MNT-000936,2025-04-11 22:00:00,M20,注射故障,True,18.24,3189.79,维修工A,已修复,建议大修
MNT-000937,2026-02-08 06:00:00,M26,密封件更换,True,14.79,1301.67,维修工C,已修复,建议大修
MNT-000938,2024-05-29 13:00:00,M21,锁模故障,True,18.21,2156.64,维修工B,待跟进,
MNT-000939,2025-02-27 11:00:00,M04,注射故障,True,7.53,4116.68,维修工B,已修复,
MNT-000940,2026-03-25 01:00:00,M06,加热故障,True,5.51,5943.93,维修工A,已修复,建议大修
MNT-000941,2024-05-15 14:00:00,M27,注射故障,True,11.43,3395.22,维修工A,已修复,
MNT-000942,2024-04-07 23:00:00,M19,加热故障,True,1.69,2688.51,维修工B,已修复,更换备件
MNT-000943,2024-06-30 03:00:00,M10,锁模故障,True,9.65,3681.23,维修工A,已修复,
MNT-000944,2026-01-09 02:00:00,M11,换油,True,12.08,597.53,外部供应商,已修复,
MNT-000945,2025-04-14 18:00:00,M19,注射故障,True,19.03,7207.73,外部供应商,已修复,更换备件
MNT-000946,2026-02-07 01:00:00,M23,锁模故障,True,14.51,5224.54,外部供应商,已修复,需要厂家支持
MNT-000947,2024-05-14 03:00:00,M03,电气故障,True,7.16,6204.79,外部供应商,已修复,更换备件
MNT-000948,2025-01-22 12:00:00,M04,注射故障,True,2.02,4213.74,维修工C,已修复,更换备件
MNT-000949,2025-01-05 21:00:00,M27,电气故障,True,4.5,376.26,维修工B,已修复,
MNT-000950,2024-03-13 08:00:00,M09,注射故障,True,7.47,6485.34,维修工D,已修复,
MNT-000951,2025-03-08 22:00:00,M23,滤芯更换,True,1.95,3390.61,维修工D,已修复,
MNT-000952,2025-05-14 13:00:00,M07,滤芯更换,True,4.83,664.04,维修工B,已修复,需要厂家支持
MNT-000953,2025-01-13 12:00:00,M27,电气故障,True,22.15,4773.2,外部供应商,已修复,
MNT-000954,2025-08-03 13:00:00,M04,锁模故障,True,20.42,1028.54,维修工D,已修复,
MNT-000955,2024-06-12 14:00:00,M16,液压故障,True,10.82,2154.14,外部供应商,已修复,更换备件
MNT-000956,2025-12-18 01:00:00,M21,密封件更换,True,5.95,3566.75,维修工B,已修复,更换备件
MNT-000957,2025-04-18 05:00:00,M09,换油,True,10.05,313.16,维修工D,已修复,更换备件
MNT-000958,2025-07-15 04:00:00,M02,滤芯更换,True,18.84,7107.97,外部供应商,已修复,
MNT-000959,2024-11-01 00:00:00,M21,加热故障,True,8.42,5316.52,维修工D,已修复,更换备件
MNT-000960,2025-07-16 04:00:00,M06,滤芯更换,True,13.18,4570.75,外部供应商,已修复,建议大修
MNT-000961,2024-01-18 08:00:00,M20,液压故障,True,21.77,3644.74,外部供应商,已修复,更换备件
MNT-000962,2024-08-24 23:00:00,M08,注射故障,True,3.26,1581.52,外部供应商,已修复,
MNT-000963,2024-11-21 02:00:00,M11,换油,True,7.42,3142.96,维修工C,已修复,需要厂家支持
MNT-000964,2024-10-15 02:00:00,M12,预防性保养,False,1.38,1245.82,维修工D,已修复,
MNT-000965,2025-01-11 05:00:00,M01,故障维修,True,16.25,1067.14,维修工B,已修复,需要厂家支持
MNT-000966,2024-03-29 00:00:00,M18,密封件更换,True,19.74,1265.31,维修工A,已修复,建议大修
MNT-000967,2025-10-26 23:00:00,M10,换油,True,12.13,5475.37,维修工C,已修复,需要厂家支持
MNT-000968,2025-01-12 02:00:00,M19,注射故障,True,10.82,1263.03,维修工D,已修复,建议大修
MNT-000969,2025-03-22 08:00:00,M02,故障维修,True,20.47,4126.76,维修工A,已修复,建议大修
MNT-000970,2024-01-31 03:00:00,M29,故障维修,True,10.33,7105.75,外部供应商,已修复,更换备件
MNT-000971,2024-11-05 15:00:00,M07,故障维修,True,7.19,1665.71,维修工B,已修复,建议大修
MNT-000972,2025-12-07 21:00:00,M06,液压故障,True,23.33,1325.62,维修工C,已修复,
MNT-000973,2025-06-20 12:00:00,M11,预防性保养,False,0.71,776.17,维修工A,已修复,更换备件
MNT-000974,2025-04-19 18:00:00,M24,故障维修,True,2.68,748.17,维修工B,已修复,
MNT-000975,2025-07-19 19:00:00,M28,注射故障,True,17.61,2897.22,维修工C,已修复,
MNT-000976,2024-10-30 13:00:00,M03,电气故障,True,20.86,1811.9,维修工B,已修复,
MNT-000977,2025-10-18 05:00:00,M08,加热故障,True,8.71,2921.01,维修工B,已修复,需要厂家支持
MNT-000978,2024-07-21 12:00:00,M14,故障维修,True,10.92,6120.18,外部供应商,待跟进,
MNT-000979,2024-09-01 11:00:00,M28,滤芯更换,True,1.93,7498.18,维修工B,已修复,需要厂家支持
MNT-000980,2025-01-19 07:00:00,M28,液压故障,True,4.3,1684.21,维修工A,已修复,建议大修
MNT-000981,2025-10-03 17:00:00,M14,故障维修,True,18.53,2950.41,维修工A,已修复,建议大修
MNT-000982,2024-12-27 07:00:00,M13,加热故障,True,8.86,1623.92,维修工D,已修复,需要厂家支持
MNT-000983,2024-05-13 11:00:00,M03,液压故障,True,11.38,605.21,维修工A,已修复,
MNT-000984,2025-03-19 09:00:00,M26,锁模故障,True,7.53,2766.11,维修工A,已修复,建议大修
MNT-000985,2024-09-12 17:00:00,M24,预防性保养,False,3.23,665.28,外部供应商,已修复,需要厂家支持
MNT-000986,2024-02-02 16:00:00,M22,电气故障,True,15.44,1399.12,维修工A,已修复,
MNT-000987,2025-01-04 14:00:00,M08,换油,True,14.98,234.2,外部供应商,已修复,更换备件
MNT-000988,2024-05-06 16:00:00,M18,液压故障,True,21.25,3612.02,维修工B,已修复,需要厂家支持
MNT-000989,2025-10-16 13:00:00,M25,滤芯更换,True,19.69,4478.77,维修工A,待跟进,更换备件
MNT-000990,2025-08-25 09:00:00,M21,滤芯更换,True,19.98,4985.78,维修工D,已修复,
MNT-000991,2024-04-09 15:00:00,M03,滤芯更换,True,8.83,6282.6,维修工B,已修复,
MNT-000992,2024-05-27 18:00:00,M12,加热故障,True,18.59,6282.77,外部供应商,已修复,
MNT-000993,2024-08-08 10:00:00,M20,预防性保养,False,1.37,663.97,维修工C,已修复,更换备件
MNT-000994,2024-12-24 15:00:00,M14,注射故障,True,23.05,3880.71,外部供应商,已修复,
MNT-000995,2024-05-26 18:00:00,M25,换油,True,0.52,758.24,维修工B,已修复,需要厂家支持
MNT-000996,2024-12-25 10:00:00,M16,故障维修,True,13.25,271.48,外部供应商,已修复,需要厂家支持
MNT-000997,2024-05-20 04:00:00,M23,密封件更换,True,16.58,1285.03,维修工C,已修复,更换备件
MNT-000998,2026-01-11 23:00:00,M02,液压故障,True,22.82,3559.75,维修工C,已修复,
MNT-000999,2024-01-03 00:00:00,M28,加热故障,True,12.82,2345.25,维修工D,已修复,
MNT-001000,2025-01-18 11:00:00,M09,加热故障,True,20.64,713.55,维修工C,已修复,
MNT-001001,2025-08-07 17:00:00,M15,换油,True,22.07,4694.05,维修工A,已修复,更换备件
MNT-001002,2025-03-02 06:00:00,M15,换油,True,2.45,2159.1,维修工C,已修复,更换备件
MNT-001003,2024-03-17 02:00:00,M23,液压故障,True,10.93,2364.28,维修工B,已修复,
MNT-001004,2026-03-09 20:00:00,M22,预防性保养,False,2.74,736.01,维修工D,已修复,更换备件
MNT-001005,2024-06-18 08:00:00,M15,液压故障,True,0.67,4198.07,维修工D,已修复,更换备件
MNT-001006,2024-05-15 16:00:00,M26,滤芯更换,True,20.97,5678.1,维修工A,已修复,建议大修
MNT-001007,2024-09-12 00:00:00,M08,换油,True,16.3,7245.16,维修工C,已修复,
MNT-001008,2024-04-27 07:00:00,M20,滤芯更换,True,3.81,7278.86,维修工D,已修复,
MNT-001009,2025-07-18 15:00:00,M19,预防性保养,False,3.99,239.3,维修工B,已修复,
MNT-001010,2024-12-08 01:00:00,M14,电气故障,True,8.23,6041.24,外部供应商,已修复,更换备件
MNT-001011,2024-05-30 02:00:00,M25,加热故障,True,1.08,6167.25,外部供应商,已修复,需要厂家支持
MNT-001012,2025-10-24 09:00:00,M22,锁模故障,True,9.09,4662.69,外部供应商,已修复,
MNT-001013,2025-10-02 04:00:00,M27,加热故障,True,0.98,1933.97,维修工B,已修复,
MNT-001014,2024-04-01 00:00:00,M26,液压故障,True,21.35,3270.99,维修工B,已修复,
MNT-001015,2024-03-04 04:00:00,M15,加热故障,True,22.24,5373.55,维修工A,已修复,
MNT-001016,2024-01-13 21:00:00,M13,锁模故障,True,16.99,4798.57,维修工C,已修复,
MNT-001017,2025-06-29 16:00:00,M16,电气故障,True,5.31,4065.99,维修工D,已修复,
MNT-001018,2024-02-08 17:00:00,M12,加热故障,True,18.71,4499.13,维修工C,待跟进,建议大修
MNT-001019,2024-08-28 21:00:00,M03,密封件更换,True,6.57,3738.61,维修工B,已修复,建议大修
MNT-001020,2026-01-03 07:00:00,M12,换油,True,9.16,4148.63,维修工D,已修复,
MNT-001021,2026-04-05 04:00:00,M16,换油,True,5.78,6429.86,维修工B,已修复,
MNT-001022,2025-12-24 06:00:00,M20,加热故障,True,6.7,3222.79,维修工B,已修复,
MNT-001023,2025-07-04 04:00:00,M02,电气故障,True,8.77,5052.65,维修工D,已修复,更换备件
MNT-001024,2024-03-25 17:00:00,M28,预防性保养,False,3.23,223.59,外部供应商,已修复,
MNT-001025,2025-05-01 16:00:00,M15,锁模故障,True,15.32,4055.19,维修工C,待跟进,更换备件
MNT-001026,2024-06-12 12:00:00,M21,换油,True,15.09,214.44,维修工D,已修复,
MNT-001027,2025-05-09 12:00:00,M06,液压故障,True,22.61,3460.22,维修工C,已修复,需要厂家支持
MNT-001028,2026-01-14 21:00:00,M22,预防性保养,False,1.6,236.7,维修工D,已修复,更换备件
MNT-001029,2024-12-15 07:00:00,M29,换油,True,14.35,5259.73,维修工C,已修复,
MNT-001030,2024-11-13 12:00:00,M12,加热故障,True,12.91,6867.22,维修工C,已修复,建议大修
MNT-001031,2025-07-27 12:00:00,M28,密封件更换,True,16.23,1662.4,维修工B,已修复,更换备件
MNT-001032,2025-01-15 07:00:00,M27,液压故障,True,14.24,3422.98,外部供应商,已修复,
MNT-001033,2026-04-27 16:00:00,M21,注射故障,True,18.16,4011.3,维修工B,已修复,建议大修
MNT-001034,2024-02-05 13:00:00,M01,锁模故障,True,23.68,4667.15,维修工A,已修复,
MNT-001035,2024-09-24 01:00:00,M25,加热故障,True,13.02,7104.91,维修工C,已修复,更换备件
MNT-001036,2024-10-02 09:00:00,M09,故障维修,True,9.75,7362.12,维修工C,已修复,
MNT-001037,2026-04-13 01:00:00,M05,加热故障,True,15.39,1338.18,维修工C,已修复,更换备件
MNT-001038,2025-08-28 07:00:00,M13,电气故障,True,4.91,1113.58,外部供应商,已修复,更换备件
MNT-001039,2024-03-02 04:00:00,M02,液压故障,True,6.87,1749.61,维修工A,已修复,
MNT-001040,2025-08-10 04:00:00,M27,密封件更换,True,0.58,2921.15,维修工C,已修复,
MNT-001041,2025-01-02 16:00:00,M24,预防性保养,False,2.8,1378.39,维修工C,已修复,
MNT-001042,2024-12-20 00:00:00,M06,预防性保养,False,1.1,1120.51,外部供应商,已修复,
MNT-001043,2024-02-24 12:00:00,M04,锁模故障,True,16.38,994.88,维修工C,已修复,更换备件
MNT-001044,2024-12-12 20:00:00,M24,密封件更换,True,4.96,3734.85,维修工B,已修复,
MNT-001045,2024-09-12 11:00:00,M22,滤芯更换,True,9.53,1650.25,维修工B,已修复,
MNT-001046,2025-01-07 14:00:00,M23,密封件更换,True,14.59,4046.03,维修工C,已修复,
MNT-001047,2024-05-31 19:00:00,M21,液压故障,True,13.49,7023.17,维修工D,已修复,
MNT-001048,2025-05-01 04:00:00,M08,预防性保养,False,1.96,1307.96,维修工A,已修复,
MNT-001049,2024-01-12 16:00:00,M28,预防性保养,False,2.92,1048.07,维修工A,已修复,
MNT-001050,2025-12-25 18:00:00,M01,加热故障,True,5.05,7638.51,外部供应商,已修复,
MNT-001051,2024-10-10 19:00:00,M26,预防性保养,False,3.3,626.39,外部供应商,已修复,建议大修
MNT-001052,2026-01-16 03:00:00,M16,故障维修,True,6.21,4720.72,维修工C,已修复,
MNT-001053,2026-03-20 13:00:00,M21,滤芯更换,True,11.69,1851.15,外部供应商,已修复,
MNT-001054,2024-05-24 13:00:00,M06,加热故障,True,1.04,2546.87,维修工C,已修复,建议大修
MNT-001055,2026-03-06 05:00:00,M22,电气故障,True,13.8,3518.38,维修工C,已修复,建议大修
MNT-001056,2025-03-12 10:00:00,M05,加热故障,True,6.66,5043.13,维修工D,已修复,更换备件
MNT-001057,2024-12-13 03:00:00,M15,预防性保养,False,3.13,1326.73,维修工B,已修复,
MNT-001058,2024-04-28 21:00:00,M21,锁模故障,True,19.41,1731.51,外部供应商,已修复,
MNT-001059,2025-07-16 04:00:00,M22,注射故障,True,11.32,3610.56,维修工A,已修复,
MNT-001060,2024-11-21 15:00:00,M25,锁模故障,True,14.81,1616.47,维修工B,已修复,
MNT-001061,2024-12-28 07:00:00,M25,电气故障,True,13.14,2347.07,外部供应商,已修复,建议大修
MNT-001062,2025-08-15 02:00:00,M05,密封件更换,True,16.62,1571.76,维修工A,已修复,
MNT-001063,2025-04-06 02:00:00,M19,锁模故障,True,1.97,6830.52,维修工D,已修复,
MNT-001064,2024-09-18 11:00:00,M14,液压故障,True,17.83,4881.24,外部供应商,已修复,需要厂家支持
MNT-001065,2025-08-02 16:00:00,M05,液压故障,True,9.09,2231.86,维修工D,已修复,需要厂家支持
MNT-001066,2024-07-29 05:00:00,M25,电气故障,True,13.77,7497.73,维修工D,已修复,需要厂家支持
MNT-001067,2025-09-16 18:00:00,M07,换油,True,4.9,5360.37,维修工D,已修复,
MNT-001068,2024-07-24 13:00:00,M24,滤芯更换,True,7.64,5844.01,维修工A,已修复,
MNT-001069,2025-08-18 11:00:00,M09,故障维修,True,13.01,5469.38,维修工D,已修复,更换备件
MNT-001070,2026-04-05 04:00:00,M17,电气故障,True,9.2,272.54,维修工C,已修复,建议大修
MNT-001071,2024-08-19 16:00:00,M08,换油,True,0.71,7282.2,外部供应商,已修复,
MNT-001072,2026-03-08 01:00:00,M25,注射故障,True,12.53,494.14,维修工B,已修复,更换备件
MNT-001073,2025-01-20 00:00:00,M07,故障维修,True,3.54,1063.5,外部供应商,已修复,
MNT-001074,2024-04-16 05:00:00,M21,滤芯更换,True,18.91,5484.52,维修工A,已修复,
MNT-001075,2025-02-20 10:00:00,M14,换油,True,8.97,4987.92,维修工D,已修复,需要厂家支持
MNT-001076,2025-04-16 08:00:00,M09,滤芯更换,True,15.42,350.09,外部供应商,已修复,需要厂家支持
MNT-001077,2025-05-04 07:00:00,M17,加热故障,True,5.89,6320.05,维修工C,已修复,
MNT-001078,2024-07-04 21:00:00,M02,注射故障,True,13.51,7319.19,维修工A,已修复,需要厂家支持
MNT-001079,2025-10-28 05:00:00,M11,滤芯更换,True,16.0,3555.76,外部供应商,已修复,需要厂家支持
MNT-001080,2024-06-12 14:00:00,M07,液压故障,True,16.14,2455.46,维修工D,已修复,建议大修
MNT-001081,2025-07-24 05:00:00,M13,换油,True,13.71,2995.13,维修工C,已修复,更换备件
MNT-001082,2024-10-08 21:00:00,M22,故障维修,True,2.32,7888.22,维修工D,已修复,需要厂家支持
MNT-001083,2025-10-06 22:00:00,M18,液压故障,True,23.9,1957.88,外部供应商,已修复,需要厂家支持
MNT-001084,2024-07-22 18:00:00,M11,锁模故障,True,6.63,3063.28,维修工A,已修复,
MNT-001085,2026-01-23 19:00:00,M06,加热故障,True,21.37,5931.71,维修工A,已修复,
MNT-001086,2025-05-15 08:00:00,M24,电气故障,True,7.22,3612.15,外部供应商,已修复,
MNT-001087,2024-06-27 00:00:00,M11,预防性保养,False,1.42,535.72,维修工B,已修复,
MNT-001088,2026-01-01 22:00:00,M10,滤芯更换,True,2.81,428.23,维修工D,已修复,需要厂家支持
MNT-001089,2025-06-21 05:00:00,M13,预防性保养,False,3.69,923.73,维修工D,已修复,
MNT-001090,2025-02-26 21:00:00,M27,电气故障,True,15.47,4050.28,维修工C,已修复,
MNT-001091,2024-07-18 11:00:00,M04,预防性保养,False,2.33,1355.7,维修工B,已修复,
MNT-001092,2025-02-12 14:00:00,M03,滤芯更换,True,23.97,3503.17,维修工A,已修复,更换备件
MNT-001093,2025-10-08 14:00:00,M21,电气故障,True,13.82,1927.06,外部供应商,已修复,
MNT-001094,2024-12-03 09:00:00,M02,预防性保养,False,0.74,1468.37,维修工A,已修复,
MNT-001095,2026-03-04 08:00:00,M14,滤芯更换,True,14.15,2210.07,维修工B,已修复,需要厂家支持
MNT-001096,2025-03-20 07:00:00,M10,密封件更换,True,2.37,4829.38,维修工D,已修复,更换备件
MNT-001097,2024-03-25 13:00:00,M02,预防性保养,False,2.43,927.29,维修工D,已修复,需要厂家支持
MNT-001098,2024-05-30 21:00:00,M18,预防性保养,False,2.59,1491.61,外部供应商,已修复,更换备件
MNT-001099,2026-02-22 16:00:00,M10,滤芯更换,True,8.46,6092.18,维修工C,已修复,更换备件
MNT-001100,2025-12-30 14:00:00,M08,锁模故障,True,9.36,2487.87,维修工C,已修复,
MNT-001101,2025-11-04 22:00:00,M25,密封件更换,True,1.65,6779.88,维修工A,已修复,更换备件
MNT-001102,2025-09-19 07:00:00,M22,密封件更换,True,17.37,3385.08,维修工D,已修复,
MNT-001103,2026-01-11 06:00:00,M20,故障维修,True,10.24,3348.84,维修工B,已修复,
MNT-001104,2024-10-26 10:00:00,M27,注射故障,True,0.92,5766.19,维修工C,已修复,
MNT-001105,2025-05-30 10:00:00,M03,液压故障,True,0.55,2391.99,维修工C,已修复,更换备件
MNT-001106,2025-09-12 06:00:00,M12,滤芯更换,True,19.09,1600.12,维修工A,已修复,建议大修
MNT-001107,2024-02-23 23:00:00,M09,注射故障,True,15.39,5064.71,维修工D,已修复,建议大修
MNT-001108,2024-06-20 10:00:00,M12,换油,True,9.42,3926.09,维修工D,已修复,
MNT-001109,2026-04-16 07:00:00,M13,密封件更换,True,22.7,256.42,维修工A,已修复,
MNT-001110,2025-04-13 18:00:00,M06,滤芯更换,True,2.65,3775.7,维修工D,已修复,
MNT-001111,2024-12-03 11:00:00,M02,故障维修,True,4.19,1309.41,维修工A,已修复,建议大修
MNT-001112,2025-10-09 02:00:00,M29,液压故障,True,18.74,2561.47,维修工C,已修复,需要厂家支持
MNT-001113,2024-01-11 10:00:00,M07,电气故障,True,22.09,5013.25,维修工C,已修复,
MNT-001114,2025-12-06 23:00:00,M10,换油,True,6.86,2798.3,外部供应商,已修复,
MNT-001115,2024-12-20 04:00:00,M23,锁模故障,True,13.74,675.75,维修工C,已修复,更换备件
MNT-001116,2026-04-12 16:00:00,M11,电气故障,True,17.45,5352.77,维修工C,已修复,更换备件
MNT-001117,2024-06-05 21:00:00,M01,加热故障,True,17.41,7743.32,维修工D,已修复,更换备件
MNT-001118,2026-04-16 07:00:00,M28,故障维修,True,3.09,4143.32,外部供应商,已修复,
MNT-001119,2026-01-20 20:00:00,M20,锁模故障,True,17.66,2366.54,维修工D,已修复,需要厂家支持
MNT-001120,2025-10-15 05:00:00,M21,密封件更换,True,1.48,6581.55,维修工B,已修复,
MNT-001121,2026-03-07 08:00:00,M23,滤芯更换,True,12.01,6852.39,维修工A,已修复,更换备件
MNT-001122,2024-09-22 22:00:00,M24,注射故障,True,5.09,7564.81,外部供应商,已修复,需要厂家支持
MNT-001123,2024-04-04 19:00:00,M24,故障维修,True,21.28,4414.33,外部供应商,已修复,需要厂家支持
MNT-001124,2025-12-11 18:00:00,M10,锁模故障,True,19.68,2400.01,外部供应商,已修复,建议大修
MNT-001125,2026-04-23 14:00:00,M28,加热故障,True,3.41,4608.02,维修工D,已修复,
MNT-001126,2024-07-30 21:00:00,M29,锁模故障,True,12.62,5303.53,外部供应商,已修复,
MNT-001127,2024-01-05 13:00:00,M03,换油,True,14.57,6154.04,维修工C,已修复,
MNT-001128,2024-02-26 05:00:00,M19,锁模故障,True,22.61,809.25,维修工D,已修复,更换备件
MNT-001129,2026-02-26 21:00:00,M26,故障维修,True,13.09,4083.14,维修工A,已修复,建议大修
MNT-001130,2024-09-29 21:00:00,M13,电气故障,True,14.21,3931.53,维修工C,已修复,更换备件
MNT-001131,2024-09-05 12:00:00,M01,密封件更换,True,3.49,1062.82,维修工B,已修复,建议大修
MNT-001132,2025-02-01 13:00:00,M22,液压故障,True,11.41,1919.86,维修工A,已修复,需要厂家支持
MNT-001133,2025-04-22 14:00:00,M18,电气故障,True,2.19,2275.62,维修工B,已修复,
MNT-001134,2025-09-24 08:00:00,M07,预防性保养,False,2.45,195.22,维修工A,已修复,建议大修
MNT-001135,2025-09-19 11:00:00,M28,加热故障,True,12.32,3947.67,外部供应商,已修复,
MNT-001136,2025-11-18 22:00:00,M06,锁模故障,True,9.59,1408.8,维修工C,已修复,
MNT-001137,2024-01-17 08:00:00,M24,液压故障,True,5.83,3421.63,维修工B,已修复,需要厂家支持
MNT-001138,2025-02-03 22:00:00,M26,密封件更换,True,9.07,951.86,维修工D,已修复,建议大修
MNT-001139,2026-01-25 20:00:00,M02,换油,True,8.35,1969.71,维修工D,已修复,更换备件
MNT-001140,2025-09-27 20:00:00,M16,密封件更换,True,2.79,4950.78,外部供应商,已修复,更换备件
MNT-001141,2025-03-06 13:00:00,M19,故障维修,True,12.03,3071.57,维修工B,已修复,
MNT-001142,2024-10-05 13:00:00,M24,换油,True,4.27,7168.02,维修工D,已修复,建议大修
MNT-001143,2025-02-16 10:00:00,M09,锁模故障,True,17.84,7969.19,维修工C,已修复,
MNT-001144,2024-07-14 17:00:00,M24,滤芯更换,True,0.91,5029.56,维修工C,已修复,建议大修
MNT-001145,2025-04-22 11:00:00,M04,换油,True,5.76,5374.48,维修工D,已修复,
MNT-001146,2024-06-13 02:00:00,M21,液压故障,True,12.41,521.55,维修工D,已修复,
MNT-001147,2024-08-10 15:00:00,M21,加热故障,True,15.43,280.71,外部供应商,已修复,建议大修
MNT-001148,2024-02-10 21:00:00,M29,加热故障,True,16.94,330.12,外部供应商,已修复,更换备件
MNT-001149,2024-09-22 08:00:00,M07,换油,True,8.43,6705.39,维修工C,已修复,
MNT-001150,2025-01-02 14:00:00,M08,注射故障,True,1.56,2089.11,维修工A,已修复,
MNT-001151,2025-06-07 16:00:00,M23,锁模故障,True,15.38,5021.66,维修工B,已修复,
MNT-001152,2025-07-05 18:00:00,M04,液压故障,True,21.19,5180.22,维修工A,已修复,
MNT-001153,2026-04-10 01:00:00,M17,故障维修,True,5.48,4454.26,外部供应商,已修复,需要厂家支持
MNT-001154,2024-01-26 08:00:00,M17,故障维修,True,18.83,4726.01,维修工D,已修复,
MNT-001155,2025-03-27 09:00:00,M14,密封件更换,True,16.62,3308.82,维修工B,已修复,
MNT-001156,2026-04-03 22:00:00,M02,密封件更换,True,5.81,5922.2,外部供应商,已修复,
MNT-001157,2024-06-29 09:00:00,M06,密封件更换,True,9.58,5713.89,维修工C,已修复,建议大修
MNT-001158,2024-11-23 14:00:00,M26,换油,True,13.68,7258.5,维修工A,已修复,
MNT-001159,2026-02-22 04:00:00,M04,密封件更换,True,23.09,642.23,维修工D,已修复,更换备件
MNT-001160,2025-05-03 00:00:00,M27,液压故障,True,7.96,5649.44,外部供应商,已修复,需要厂家支持
MNT-001161,2024-04-06 10:00:00,M01,电气故障,True,19.64,1858.51,维修工D,已修复,
MNT-001162,2026-03-20 16:00:00,M21,锁模故障,True,22.34,5741.9,维修工B,已修复,
MNT-001163,2024-03-15 04:00:00,M10,电气故障,True,18.96,7015.61,维修工C,已修复,
MNT-001164,2025-10-10 23:00:00,M13,故障维修,True,23.65,7143.22,外部供应商,已修复,
MNT-001165,2025-09-26 23:00:00,M26,故障维修,True,4.54,5321.26,维修工B,已修复,
MNT-001166,2025-06-11 16:00:00,M27,故障维修,True,18.77,7384.95,维修工C,已修复,需要厂家支持
MNT-001167,2025-10-02 01:00:00,M22,故障维修,True,7.63,2058.45,维修工D,已修复,
MNT-001168,2025-07-21 20:00:00,M14,锁模故障,True,22.49,4551.76,维修工B,已修复,
MNT-001169,2026-02-22 07:00:00,M17,密封件更换,True,1.33,4938.49,维修工B,已修复,
MNT-001170,2024-01-12 18:00:00,M01,滤芯更换,True,3.24,5900.36,维修工B,已修复,建议大修
MNT-001171,2024-12-07 16:00:00,M27,故障维修,True,6.43,714.78,外部供应商,已修复,
MNT-001172,2025-03-03 01:00:00,M23,加热故障,True,11.78,6899.96,外部供应商,已修复,更换备件
MNT-001173,2026-01-14 06:00:00,M15,密封件更换,True,17.25,2917.86,维修工A,已修复,更换备件
MNT-001174,2024-02-05 03:00:00,M19,滤芯更换,True,5.73,4526.35,外部供应商,已修复,
MNT-001175,2024-04-01 08:00:00,M13,加热故障,True,11.21,2404.74,维修工B,已修复,需要厂家支持
MNT-001176,2025-09-05 08:00:00,M06,注射故障,True,21.98,1801.32,外部供应商,已修复,
MNT-001177,2025-10-25 22:00:00,M14,预防性保养,False,1.53,1099.89,维修工B,已修复,
MNT-001178,2024-05-13 05:00:00,M29,电气故障,True,5.32,2586.36,维修工D,已修复,需要厂家支持
MNT-001179,2025-12-07 00:00:00,M21,液压故障,True,18.09,6298.25,外部供应商,已修复,需要厂家支持
MNT-001180,2025-07-05 20:00:00,M19,锁模故障,True,4.11,2603.77,维修工D,已修复,
MNT-001181,2025-03-10 19:00:00,M21,加热故障,True,5.82,1500.41,维修工A,已修复,
MNT-001182,2025-11-24 04:00:00,M27,注射故障,True,16.99,1642.74,维修工C,已修复,
MNT-001183,2026-04-04 12:00:00,M14,加热故障,True,7.19,2667.65,维修工B,已修复,
MNT-001184,2026-01-28 08:00:00,M10,电气故障,True,17.31,7455.98,维修工C,已修复,
MNT-001185,2026-04-01 12:00:00,M25,滤芯更换,True,17.47,4785.63,维修工A,已修复,建议大修
MNT-001186,2025-11-03 23:00:00,M23,电气故障,True,9.66,5105.72,维修工B,已修复,
MNT-001187,2025-12-29 01:00:00,M26,加热故障,True,6.85,3308.95,维修工A,已修复,
MNT-001188,2025-08-09 02:00:00,M20,加热故障,True,6.09,3944.83,维修工A,已修复,需要厂家支持
MNT-001189,2024-11-04 13:00:00,M11,换油,True,8.27,2423.06,维修工C,已修复,建议大修
MNT-001190,2025-12-30 06:00:00,M29,液压故障,True,12.99,6324.63,维修工D,已修复,
MNT-001191,2025-05-29 23:00:00,M18,故障维修,True,4.85,1438.71,外部供应商,已修复,建议大修
MNT-001192,2025-12-04 07:00:00,M28,故障维修,True,14.53,6001.42,外部供应商,已修复,
MNT-001193,2025-05-08 14:00:00,M05,换油,True,20.73,2804.57,维修工C,已修复,更换备件
MNT-001194,2026-01-06 18:00:00,M18,换油,True,12.38,3591.93,维修工D,已修复,更换备件
MNT-001195,2024-12-09 22:00:00,M23,故障维修,True,17.43,6240.53,外部供应商,已修复,更换备件
MNT-001196,2024-07-21 01:00:00,M24,液压故障,True,23.79,4144.97,维修工C,已修复,需要厂家支持
MNT-001197,2024-11-08 06:00:00,M29,故障维修,True,14.86,7441.1,外部供应商,已修复,更换备件
MNT-001198,2024-06-08 10:00:00,M03,液压故障,True,13.96,7571.63,外部供应商,已修复,
MNT-001199,2025-03-15 15:00:00,M26,注射故障,True,2.8,586.65,维修工B,已修复,
MNT-001200,2026-01-06 08:00:00,M22,故障维修,True,4.69,6421.01,维修工A,已修复,
MNT-001201,2024-07-06 09:00:00,M04,液压故障,True,9.51,3264.76,维修工D,已修复,
MNT-001202,2025-03-25 22:00:00,M25,锁模故障,True,19.82,2423.68,维修工A,已修复,建议大修
MNT-001203,2024-12-09 02:00:00,M06,换油,True,10.69,3775.25,维修工B,已修复,
MNT-001204,2025-08-11 06:00:00,M21,滤芯更换,True,14.6,5886.52,维修工A,已修复,需要厂家支持
MNT-001205,2024-09-20 13:00:00,M23,预防性保养,False,3.26,1008.18,外部供应商,已修复,
MNT-001206,2025-01-24 16:00:00,M09,密封件更换,True,1.88,6617.23,外部供应商,已修复,
MNT-001207,2025-09-14 20:00:00,M13,液压故障,True,10.79,3441.77,外部供应商,已修复,建议大修
MNT-001208,2024-05-06 16:00:00,M04,故障维修,True,12.01,7629.32,维修工D,已修复,更换备件
MNT-001209,2025-04-24 02:00:00,M11,换油,True,17.4,1368.96,维修工C,已修复,
MNT-001210,2026-01-05 09:00:00,M12,电气故障,True,3.94,1496.49,维修工D,已修复,
MNT-001211,2024-05-23 16:00:00,M07,预防性保养,False,2.76,1233.86,维修工A,已修复,更换备件
MNT-001212,2024-10-23 21:00:00,M29,液压故障,True,1.08,5275.68,维修工A,已修复,需要厂家支持
MNT-001213,2025-09-24 16:00:00,M12,液压故障,True,15.92,5370.96,维修工D,已修复,
MNT-001214,2024-10-09 04:00:00,M09,电气故障,True,18.88,7277.21,维修工D,已修复,建议大修
MNT-001215,2024-10-15 09:00:00,M28,故障维修,True,14.2,2505.32,维修工D,已修复,建议大修
MNT-001216,2024-02-07 23:00:00,M03,滤芯更换,True,8.78,4319.73,维修工A,已修复,建议大修
MNT-001217,2024-06-11 15:00:00,M03,锁模故障,True,4.24,3665.09,维修工D,已修复,
MNT-001218,2025-05-15 12:00:00,M04,电气故障,True,19.69,5928.52,维修工B,已修复,需要厂家支持
MNT-001219,2025-11-20 19:00:00,M07,锁模故障,True,15.41,2161.51,维修工C,已修复,建议大修
MNT-001220,2025-02-15 03:00:00,M22,锁模故障,True,23.89,5841.44,维修工B,已修复,
MNT-001221,2025-06-15 05:00:00,M16,锁模故障,True,5.21,6557.26,维修工C,已修复,
MNT-001222,2025-10-23 10:00:00,M11,滤芯更换,True,18.44,2788.73,维修工A,已修复,
MNT-001223,2024-11-05 14:00:00,M11,故障维修,True,6.11,5907.34,外部供应商,已修复,
MNT-001224,2024-04-26 11:00:00,M21,故障维修,True,20.13,2227.19,维修工D,已修复,
MNT-001225,2025-08-08 05:00:00,M15,滤芯更换,True,18.2,4092.8,维修工B,已修复,
MNT-001226,2025-03-25 17:00:00,M05,电气故障,True,12.46,1511.72,外部供应商,已修复,
MNT-001227,2025-10-04 10:00:00,M17,换油,True,14.29,5604.69,维修工B,已修复,建议大修
MNT-001228,2026-01-19 13:00:00,M25,换油,True,14.36,5713.81,外部供应商,已修复,
MNT-001229,2025-08-24 10:00:00,M20,故障维修,True,18.14,2362.05,维修工B,已修复,更换备件
MNT-001230,2025-04-05 21:00:00,M20,预防性保养,False,3.21,1438.38,维修工B,待跟进,
MNT-001231,2025-12-14 09:00:00,M09,注射故障,True,8.19,2646.79,维修工D,已修复,建议大修
MNT-001232,2024-02-17 15:00:00,M10,锁模故障,True,3.8,3179.18,维修工A,已修复,更换备件
MNT-001233,2024-04-30 17:00:00,M21,密封件更换,True,18.87,5786.27,维修工A,已修复,
MNT-001234,2026-03-29 13:00:00,M08,注射故障,True,5.96,3707.49,外部供应商,已修复,建议大修
MNT-001235,2025-10-27 12:00:00,M26,滤芯更换,True,2.23,953.99,维修工A,已修复,
MNT-001236,2026-01-15 20:00:00,M18,预防性保养,False,1.19,155.28,维修工C,已修复,需要厂家支持
MNT-001237,2025-11-24 08:00:00,M05,液压故障,True,18.85,5857.8,维修工B,已修复,
MNT-001238,2025-12-06 23:00:00,M10,预防性保养,False,2.09,595.97,维修工D,已修复,
MNT-001239,2025-12-03 13:00:00,M20,液压故障,True,18.43,3121.33,维修工D,已修复,建议大修
MNT-001240,2025-05-31 10:00:00,M09,注射故障,True,4.71,4986.89,维修工A,已修复,
MNT-001241,2025-10-01 17:00:00,M02,加热故障,True,11.92,3776.18,维修工B,已修复,
MNT-001242,2024-11-12 17:00:00,M03,液压故障,True,12.36,6140.24,维修工D,已修复,需要厂家支持
MNT-001243,2025-12-04 21:00:00,M25,锁模故障,True,1.72,6050.99,维修工C,已修复,建议大修
MNT-001244,2024-02-11 15:00:00,M06,预防性保养,False,1.73,888.58,维修工B,已修复,
MNT-001245,2025-12-14 14:00:00,M27,锁模故障,True,13.24,6124.57,维修工D,已修复,需要厂家支持
MNT-001246,2024-12-23 11:00:00,M13,液压故障,True,14.63,976.74,维修工B,已修复,
MNT-001247,2025-06-09 10:00:00,M15,故障维修,True,11.63,1997.25,外部供应商,已修复,
MNT-001248,2025-08-24 13:00:00,M16,滤芯更换,True,4.63,2958.3,维修工C,已修复,需要厂家支持
MNT-001249,2026-03-16 20:00:00,M26,滤芯更换,True,10.67,5729.78,外部供应商,已修复,更换备件
MNT-001250,2025-11-01 12:00:00,M07,故障维修,True,10.38,3848.67,外部供应商,已修复,更换备件
MNT-001251,2024-08-24 12:00:00,M10,加热故障,True,21.25,5944.11,维修工B,已修复,
MNT-001252,2025-06-11 17:00:00,M08,故障维修,True,16.79,5036.65,维修工A,已修复,更换备件
MNT-001253,2024-04-18 19:00:00,M03,注射故障,True,16.74,4884.57,外部供应商,已修复,更换备件
MNT-001254,2025-07-10 06:00:00,M23,加热故障,True,5.91,7746.09,维修工A,已修复,
MNT-001255,2024-06-30 08:00:00,M25,加热故障,True,2.9,4634.63,维修工A,已修复,更换备件
MNT-001256,2026-03-31 06:00:00,M16,电气故障,True,18.98,1920.04,维修工D,已修复,更换备件
MNT-001257,2024-10-14 16:00:00,M14,电气故障,True,6.16,2644.1,维修工D,已修复,
MNT-001258,2024-01-27 02:00:00,M05,滤芯更换,True,6.41,3501.0,维修工B,待跟进,需要厂家支持
MNT-001259,2024-02-28 15:00:00,M01,锁模故障,True,16.85,2051.73,维修工B,已修复,需要厂家支持
MNT-001260,2024-09-21 23:00:00,M24,换油,True,12.06,7743.49,维修工A,已修复,需要厂家支持
MNT-001261,2025-06-16 18:00:00,M26,加热故障,True,11.72,4128.14,外部供应商,已修复,建议大修
MNT-001262,2026-03-04 18:00:00,M04,注射故障,True,11.16,2947.82,外部供应商,已修复,更换备件
MNT-001263,2024-11-25 19:00:00,M24,电气故障,True,17.43,5904.69,维修工C,已修复,
MNT-001264,2025-03-04 09:00:00,M02,加热故障,True,17.82,7556.0,维修工D,已修复,
MNT-001265,2024-06-02 05:00:00,M13,注射故障,True,21.98,5124.79,维修工D,已修复,建议大修
MNT-001266,2025-03-20 01:00:00,M07,液压故障,True,1.33,6743.3,维修工C,已修复,
MNT-001267,2025-12-17 00:00:00,M24,密封件更换,True,11.58,4308.19,外部供应商,已修复,
MNT-001268,2026-02-02 07:00:00,M20,液压故障,True,16.58,2891.83,外部供应商,已修复,
MNT-001269,2025-04-03 18:00:00,M08,密封件更换,True,5.63,6453.85,维修工A,已修复,
MNT-001270,2026-03-02 23:00:00,M21,密封件更换,True,0.65,3861.03,维修工B,已修复,
MNT-001271,2024-07-20 22:00:00,M09,预防性保养,False,1.57,804.47,维修工D,已修复,
MNT-001272,2025-03-11 18:00:00,M27,换油,True,5.98,4853.97,维修工A,已修复,更换备件
MNT-001273,2024-04-19 12:00:00,M29,故障维修,True,11.43,7354.47,维修工B,已修复,
MNT-001274,2025-09-24 04:00:00,M26,电气故障,True,10.74,399.82,维修工C,已修复,更换备件
MNT-001275,2024-10-17 22:00:00,M23,预防性保养,False,3.12,730.03,维修工C,待跟进,
MNT-001276,2024-03-30 06:00:00,M18,滤芯更换,True,1.26,3407.61,维修工B,已修复,
MNT-001277,2024-06-28 08:00:00,M12,注射故障,True,2.69,5833.25,维修工C,待跟进,建议大修
MNT-001278,2025-10-25 16:00:00,M09,预防性保养,False,1.1,1308.25,维修工A,已修复,
MNT-001279,2024-07-12 23:00:00,M27,电气故障,True,9.5,2201.5,维修工B,已修复,建议大修
MNT-001280,2024-10-29 23:00:00,M20,预防性保养,False,3.87,118.68,维修工B,已修复,需要厂家支持
MNT-001281,2024-12-18 19:00:00,M13,加热故障,True,13.52,1282.04,维修工C,已修复,
MNT-001282,2024-10-17 19:00:00,M19,滤芯更换,True,7.91,340.44,维修工D,已修复,更换备件
MNT-001283,2024-12-09 20:00:00,M03,滤芯更换,True,8.63,5841.27,维修工D,已修复,更换备件
MNT-001284,2024-07-03 16:00:00,M18,换油,True,14.2,3790.1,维修工D,已修复,
MNT-001285,2026-04-22 03:00:00,M29,电气故障,True,23.89,4663.01,维修工A,已修复,
MNT-001286,2024-04-01 18:00:00,M08,密封件更换,True,22.56,6548.32,维修工A,已修复,
MNT-001287,2025-05-05 07:00:00,M01,换油,True,8.35,6038.05,外部供应商,已修复,
MNT-001288,2024-06-27 07:00:00,M17,加热故障,True,19.02,7332.24,维修工B,已修复,
MNT-001289,2025-07-20 02:00:00,M24,预防性保养,False,2.84,1151.91,维修工B,已修复,更换备件
MNT-001290,2024-05-27 19:00:00,M10,预防性保养,False,1.03,155.95,维修工C,已修复,建议大修
MNT-001291,2024-07-25 11:00:00,M16,换油,True,4.67,5099.49,维修工D,已修复,需要厂家支持
MNT-001292,2024-03-11 22:00:00,M21,液压故障,True,1.84,4660.22,维修工C,已修复,建议大修
MNT-001293,2024-12-31 09:00:00,M18,锁模故障,True,2.19,2673.87,维修工B,已修复,更换备件
MNT-001294,2024-03-25 03:00:00,M05,滤芯更换,True,7.15,563.71,外部供应商,已修复,
MNT-001295,2025-07-08 18:00:00,M11,电气故障,True,18.68,7024.57,维修工D,已修复,更换备件
MNT-001296,2024-11-16 08:00:00,M20,密封件更换,True,19.88,6630.08,维修工A,已修复,
MNT-001297,2025-12-09 23:00:00,M05,换油,True,17.85,6592.23,维修工C,已修复,
MNT-001298,2024-05-01 14:00:00,M27,电气故障,True,16.33,2157.07,维修工B,已修复,需要厂家支持
MNT-001299,2024-03-19 04:00:00,M05,注射故障,True,19.33,5248.98,外部供应商,已修复,更换备件
MNT-001300,2024-03-15 00:00:00,M08,加热故障,True,14.54,7741.54,维修工B,已修复,更换备件
MNT-001301,2024-07-02 19:00:00,M28,加热故障,True,18.78,5284.41,维修工B,已修复,
MNT-001302,2025-11-03 17:00:00,M25,故障维修,True,1.29,2916.6,外部供应商,已修复,
MNT-001303,2024-10-17 16:00:00,M16,预防性保养,False,3.17,686.78,维修工A,待跟进,
MNT-001304,2024-01-06 08:00:00,M06,加热故障,True,2.29,3411.63,维修工D,已修复,建议大修
MNT-001305,2024-06-16 21:00:00,M23,加热故障,True,19.57,4733.9,维修工A,已修复,
MNT-001306,2024-08-22 15:00:00,M04,预防性保养,False,2.23,676.52,维修工A,已修复,需要厂家支持
MNT-001307,2024-02-06 01:00:00,M23,故障维修,True,6.39,5796.06,外部供应商,已修复,建议大修
MNT-001308,2025-05-03 07:00:00,M16,加热故障,True,17.99,2438.37,维修工C,已修复,
MNT-001309,2025-03-22 18:00:00,M26,换油,True,12.74,3539.64,维修工B,已修复,
MNT-001310,2024-01-19 07:00:00,M11,密封件更换,True,15.88,7993.82,维修工A,已修复,更换备件
MNT-001311,2025-12-27 03:00:00,M27,换油,True,20.48,3962.05,维修工B,已修复,更换备件
MNT-001312,2026-03-15 09:00:00,M14,电气故障,True,12.86,3542.47,外部供应商,已修复,建议大修
MNT-001313,2024-03-08 23:00:00,M06,故障维修,True,7.34,666.16,维修工B,已修复,
MNT-001314,2024-06-27 03:00:00,M22,电气故障,True,5.93,5384.21,维修工D,已修复,需要厂家支持
MNT-001315,2025-06-10 10:00:00,M02,换油,True,5.34,7307.11,维修工D,已修复,
MNT-001316,2026-04-01 18:00:00,M25,注射故障,True,0.87,3957.5,外部供应商,已修复,需要厂家支持
MNT-001317,2024-08-24 20:00:00,M08,锁模故障,True,5.12,4549.69,维修工B,已修复,
MNT-001318,2026-02-19 09:00:00,M17,滤芯更换,True,23.35,4969.53,维修工B,待跟进,
MNT-001319,2024-04-26 13:00:00,M03,注射故障,True,9.78,5552.98,维修工D,已修复,
MNT-001320,2025-06-02 23:00:00,M12,故障维修,True,23.75,674.04,外部供应商,待跟进,
MNT-001321,2026-03-15 17:00:00,M21,加热故障,True,15.98,2970.66,维修工A,已修复,需要厂家支持
MNT-001322,2026-04-06 12:00:00,M22,密封件更换,True,7.98,3144.89,维修工B,已修复,需要厂家支持
MNT-001323,2026-04-02 08:00:00,M08,滤芯更换,True,1.18,5808.0,维修工C,已修复,更换备件
MNT-001324,2024-05-27 05:00:00,M13,故障维修,True,20.75,5346.85,维修工C,已修复,需要厂家支持
MNT-001325,2025-02-07 05:00:00,M12,换油,True,9.58,7735.34,维修工D,已修复,需要厂家支持
MNT-001326,2026-01-09 06:00:00,M28,电气故障,True,8.78,649.51,维修工D,已修复,
MNT-001327,2026-02-22 02:00:00,M17,注射故障,True,13.84,474.36,维修工D,已修复,
MNT-001328,2024-04-16 20:00:00,M19,密封件更换,True,23.28,4929.34,维修工A,已修复,
MNT-001329,2026-04-12 16:00:00,M14,加热故障,True,20.74,5332.43,外部供应商,已修复,
MNT-001330,2026-03-03 01:00:00,M29,预防性保养,False,0.74,204.12,维修工C,已修复,建议大修
MNT-001331,2024-01-30 10:00:00,M14,滤芯更换,True,14.54,6903.92,维修工D,已修复,建议大修
MNT-001332,2024-10-15 02:00:00,M01,滤芯更换,True,16.29,1782.11,维修工D,已修复,更换备件
MNT-001333,2026-04-05 00:00:00,M19,加热故障,True,6.51,772.53,维修工C,已修复,
MNT-001334,2025-12-28 21:00:00,M03,密封件更换,True,18.52,6565.15,维修工C,已修复,
MNT-001335,2024-02-13 22:00:00,M02,密封件更换,True,3.62,710.48,外部供应商,已修复,更换备件
MNT-001336,2024-06-25 02:00:00,M18,预防性保养,False,1.84,1426.4,外部供应商,已修复,需要厂家支持
MNT-001337,2025-01-02 00:00:00,M20,滤芯更换,True,9.84,1223.6,外部供应商,已修复,需要厂家支持
MNT-001338,2025-10-21 06:00:00,M12,注射故障,True,19.73,648.83,维修工C,已修复,
MNT-001339,2025-07-11 20:00:00,M02,换油,True,4.81,6124.26,外部供应商,已修复,
MNT-001340,2024-06-03 18:00:00,M25,注射故障,True,20.09,1889.39,维修工C,已修复,更换备件
MNT-001341,2025-09-30 12:00:00,M23,电气故障,True,17.59,1782.26,维修工C,已修复,
MNT-001342,2024-09-20 02:00:00,M23,加热故障,True,12.55,7525.14,维修工A,已修复,
MNT-001343,2026-02-28 14:00:00,M07,锁模故障,True,8.19,262.98,外部供应商,已修复,
MNT-001344,2024-03-21 12:00:00,M05,锁模故障,True,13.87,770.03,维修工B,已修复,
MNT-001345,2024-01-04 11:00:00,M08,预防性保养,False,3.16,836.93,维修工C,已修复,更换备件
MNT-001346,2025-12-23 03:00:00,M06,换油,True,15.33,5606.95,维修工A,已修复,
MNT-001347,2025-03-03 20:00:00,M27,液压故障,True,14.23,632.67,维修工A,已修复,建议大修
MNT-001348,2025-08-07 09:00:00,M22,故障维修,True,12.32,5344.36,维修工A,已修复,更换备件
MNT-001349,2024-04-19 13:00:00,M13,锁模故障,True,5.81,7000.64,维修工D,已修复,需要厂家支持
MNT-001350,2025-08-31 18:00:00,M17,滤芯更换,True,14.26,6126.29,维修工A,已修复,需要厂家支持
MNT-001351,2024-05-27 01:00:00,M12,故障维修,True,0.9,4385.65,维修工D,已修复,
MNT-001352,2025-10-27 07:00:00,M20,加热故障,True,7.3,6235.97,维修工B,已修复,
MNT-001353,2024-03-01 05:00:00,M02,换油,True,1.96,7263.31,维修工D,已修复,更换备件
MNT-001354,2025-02-02 15:00:00,M10,电气故障,True,2.73,6366.4,维修工C,已修复,建议大修
MNT-001355,2024-07-05 20:00:00,M09,锁模故障,True,3.52,3497.33,维修工C,已修复,
MNT-001356,2024-06-04 08:00:00,M27,注射故障,True,1.31,5831.04,维修工A,已修复,更换备件
MNT-001357,2024-01-16 00:00:00,M13,预防性保养,False,0.59,502.32,维修工A,已修复,
MNT-001358,2024-08-03 16:00:00,M09,滤芯更换,True,8.1,6572.9,维修工B,已修复,需要厂家支持
MNT-001359,2025-11-20 05:00:00,M01,加热故障,True,20.72,1664.58,维修工B,已修复,
MNT-001360,2026-03-02 06:00:00,M05,加热故障,True,10.46,2166.38,维修工C,已修复,建议大修
MNT-001361,2025-04-20 18:00:00,M20,预防性保养,False,2.39,1331.67,维修工B,已修复,更换备件
MNT-001362,2024-11-19 04:00:00,M02,电气故障,True,7.64,1759.15,维修工B,已修复,
MNT-001363,2025-03-20 03:00:00,M23,注射故障,True,7.74,566.8,外部供应商,待跟进,
MNT-001364,2025-10-03 22:00:00,M08,密封件更换,True,15.85,6873.49,维修工C,已修复,建议大修
MNT-001365,2025-07-06 05:00:00,M02,密封件更换,True,1.04,201.8,维修工D,已修复,
MNT-001366,2024-12-03 16:00:00,M23,电气故障,True,22.19,1350.38,维修工A,已修复,
MNT-001367,2026-01-01 14:00:00,M12,锁模故障,True,17.28,3967.28,维修工C,已修复,更换备件
MNT-001368,2024-06-15 12:00:00,M26,预防性保养,False,3.52,218.25,维修工D,已修复,
MNT-001369,2025-08-18 14:00:00,M12,故障维修,True,4.29,1103.88,维修工B,已修复,
MNT-001370,2025-12-24 15:00:00,M20,预防性保养,False,2.1,252.56,维修工D,已修复,
MNT-001371,2026-01-22 21:00:00,M03,故障维修,True,3.84,2739.72,维修工D,已修复,更换备件
MNT-001372,2026-03-12 06:00:00,M05,换油,True,12.62,4900.8,维修工A,已修复,
MNT-001373,2024-12-04 08:00:00,M02,密封件更换,True,18.69,626.89,维修工A,已修复,
MNT-001374,2026-01-09 05:00:00,M29,密封件更换,True,21.04,5920.84,维修工B,已修复,
MNT-001375,2024-03-05 19:00:00,M28,换油,True,16.81,5127.04,外部供应商,已修复,更换备件
MNT-001376,2024-04-18 20:00:00,M25,密封件更换,True,11.03,6404.06,外部供应商,已修复,
MNT-001377,2025-03-09 02:00:00,M12,液压故障,True,20.39,5478.97,维修工C,已修复,更换备件
MNT-001378,2025-06-24 15:00:00,M25,预防性保养,False,0.76,307.52,外部供应商,已修复,
MNT-001379,2025-07-27 10:00:00,M04,锁模故障,True,19.83,2213.47,维修工D,已修复,更换备件
MNT-001380,2025-12-27 07:00:00,M18,加热故障,True,2.61,5012.5,维修工D,已修复,
MNT-001381,2025-09-17 23:00:00,M04,液压故障,True,18.9,1348.15,维修工C,待跟进,
MNT-001382,2025-07-07 11:00:00,M15,注射故障,True,16.01,2356.48,维修工B,已修复,
MNT-001383,2024-09-16 21:00:00,M27,液压故障,True,18.41,5421.5,外部供应商,已修复,
MNT-001384,2025-04-07 20:00:00,M07,预防性保养,False,2.49,259.61,维修工B,已修复,
MNT-001385,2025-01-25 19:00:00,M03,电气故障,True,20.85,5327.82,外部供应商,已修复,需要厂家支持
MNT-001386,2025-10-04 11:00:00,M23,换油,True,3.17,6426.51,维修工C,已修复,
MNT-001387,2024-09-30 05:00:00,M15,加热故障,True,6.96,4551.15,外部供应商,已修复,
MNT-001388,2025-08-13 20:00:00,M25,锁模故障,True,10.98,3560.74,外部供应商,已修复,
MNT-001389,2024-10-25 13:00:00,M02,预防性保养,False,2.31,1448.53,维修工B,已修复,更换备件
MNT-001390,2026-04-10 05:00:00,M11,滤芯更换,True,21.09,6577.36,维修工D,已修复,
MNT-001391,2025-09-22 00:00:00,M28,预防性保养,False,3.41,1427.35,维修工A,已修复,
MNT-001392,2025-12-04 05:00:00,M28,滤芯更换,True,6.61,7328.16,外部供应商,已修复,建议大修
MNT-001393,2025-04-09 04:00:00,M26,注射故障,True,19.41,7357.24,维修工A,已修复,
MNT-001394,2024-01-28 09:00:00,M18,注射故障,True,9.47,4109.01,维修工D,已修复,建议大修
MNT-001395,2024-12-05 02:00:00,M03,电气故障,True,22.23,7537.56,维修工B,已修复,
MNT-001396,2025-07-25 13:00:00,M01,加热故障,True,7.48,2764.65,维修工C,已修复,
MNT-001397,2025-05-27 11:00:00,M24,注射故障,True,5.01,7101.67,维修工D,已修复,需要厂家支持
MNT-001398,2025-10-22 18:00:00,M19,注射故障,True,5.57,3545.76,维修工B,已修复,更换备件
MNT-001399,2025-03-01 08:00:00,M11,预防性保养,False,1.7,1399.14,维修工A,已修复,
MNT-001400,2024-09-02 09:00:00,M16,换油,True,8.54,7411.44,维修工D,已修复,
MNT-001401,2024-07-19 01:00:00,M01,密封件更换,True,6.29,605.23,外部供应商,已修复,更换备件
MNT-001402,2024-06-21 16:00:00,M17,换油,True,23.66,6910.11,维修工A,已修复,需要厂家支持
MNT-001403,2025-02-03 12:00:00,M05,换油,True,16.43,1179.15,维修工D,已修复,建议大修
MNT-001404,2024-05-22 02:00:00,M11,密封件更换,True,6.46,250.66,维修工C,已修复,需要厂家支持
MNT-001405,2024-09-21 14:00:00,M02,故障维修,True,13.18,4936.05,维修工A,已修复,建议大修
MNT-001406,2025-03-02 05:00:00,M26,密封件更换,True,15.61,2563.93,维修工B,已修复,更换备件
MNT-001407,2024-03-28 12:00:00,M27,锁模故障,True,21.98,3713.37,外部供应商,已修复,需要厂家支持
MNT-001408,2024-03-07 00:00:00,M04,密封件更换,True,17.19,1463.66,维修工C,已修复,
MNT-001409,2025-10-31 01:00:00,M13,液压故障,True,1.74,7038.74,外部供应商,已修复,
MNT-001410,2025-08-11 07:00:00,M14,加热故障,True,20.93,1792.82,维修工C,已修复,建议大修
MNT-001411,2024-12-27 23:00:00,M07,滤芯更换,True,16.68,3955.25,维修工D,已修复,需要厂家支持
MNT-001412,2026-01-15 14:00:00,M15,锁模故障,True,15.8,1170.69,外部供应商,已修复,
MNT-001413,2025-08-31 18:00:00,M25,换油,True,0.98,303.2,维修工B,已修复,更换备件
MNT-001414,2024-07-23 16:00:00,M29,加热故障,True,15.74,5467.17,维修工C,已修复,
MNT-001415,2024-05-19 00:00:00,M12,加热故障,True,22.84,4511.42,维修工D,已修复,
MNT-001416,2025-09-01 00:00:00,M09,注射故障,True,2.78,4886.42,维修工A,已修复,更换备件
MNT-001417,2024-11-20 16:00:00,M23,加热故障,True,23.06,6103.45,维修工C,已修复,
MNT-001418,2024-11-24 12:00:00,M11,预防性保养,False,1.78,728.06,维修工B,已修复,
MNT-001419,2026-03-12 05:00:00,M20,故障维修,True,13.69,3308.34,维修工A,已修复,
MNT-001420,2024-12-29 19:00:00,M20,预防性保养,False,2.24,432.67,维修工D,已修复,
MNT-001421,2024-11-14 00:00:00,M28,密封件更换,True,22.31,2008.97,维修工B,已修复,建议大修
MNT-001422,2024-04-19 07:00:00,M15,密封件更换,True,1.92,1001.92,维修工A,已修复,更换备件
MNT-001423,2026-04-06 07:00:00,M29,滤芯更换,True,18.59,1149.0,维修工A,已修复,更换备件
MNT-001424,2024-07-17 18:00:00,M27,故障维修,True,15.36,4183.81,维修工D,已修复,
MNT-001425,2026-03-01 05:00:00,M26,液压故障,True,12.03,609.04,维修工C,已修复,
MNT-001426,2025-01-21 09:00:00,M07,密封件更换,True,18.46,3592.43,维修工B,已修复,更换备件
MNT-001427,2024-12-25 04:00:00,M25,预防性保养,False,1.32,279.71,维修工C,已修复,
MNT-001428,2026-04-10 14:00:00,M11,换油,True,8.5,2636.72,维修工C,已修复,更换备件
MNT-001429,2026-01-22 11:00:00,M08,液压故障,True,1.95,7623.58,外部供应商,已修复,需要厂家支持
MNT-001430,2025-11-21 04:00:00,M24,换油,True,11.94,6347.24,维修工C,已修复,
MNT-001431,2026-02-22 03:00:00,M16,换油,True,6.2,1409.71,外部供应商,已修复,更换备件
MNT-001432,2025-09-05 12:00:00,M01,液压故障,True,20.18,4707.49,维修工B,已修复,建议大修
MNT-001433,2025-06-16 09:00:00,M10,故障维修,True,20.29,6493.12,维修工C,待跟进,
MNT-001434,2024-06-25 04:00:00,M17,注射故障,True,13.9,4262.96,维修工B,已修复,需要厂家支持
MNT-001435,2026-02-16 06:00:00,M11,滤芯更换,True,22.12,1202.39,维修工C,已修复,建议大修
MNT-001436,2025-03-10 06:00:00,M14,滤芯更换,True,6.51,2114.22,外部供应商,已修复,
MNT-001437,2025-01-07 18:00:00,M11,液压故障,True,16.88,5065.23,维修工C,已修复,
MNT-001438,2025-03-22 03:00:00,M18,液压故障,True,11.11,5639.99,维修工C,已修复,需要厂家支持
MNT-001439,2026-04-27 12:00:00,M10,电气故障,True,6.47,4332.5,维修工A,已修复,
MNT-001440,2025-05-12 00:00:00,M16,注射故障,True,16.69,4901.62,外部供应商,已修复,需要厂家支持
MNT-001441,2025-08-05 10:00:00,M16,故障维修,True,2.58,4961.61,外部供应商,已修复,需要厂家支持
MNT-001442,2025-05-14 21:00:00,M02,预防性保养,False,3.46,157.47,外部供应商,已修复,需要厂家支持
MNT-001443,2026-01-20 13:00:00,M25,液压故障,True,15.36,5671.88,维修工D,已修复,
MNT-001444,2024-01-22 15:00:00,M18,滤芯更换,True,6.23,2339.22,维修工B,已修复,更换备件
MNT-001445,2024-03-04 16:00:00,M15,注射故障,True,9.34,1975.92,维修工A,已修复,建议大修
MNT-001446,2025-08-15 14:00:00,M10,锁模故障,True,19.39,4459.79,维修工B,已修复,建议大修
MNT-001447,2025-05-11 18:00:00,M17,密封件更换,True,3.31,7845.2,维修工D,已修复,需要厂家支持
MNT-001448,2025-04-25 07:00:00,M27,密封件更换,True,22.68,5441.85,维修工B,已修复,
MNT-001449,2025-06-21 05:00:00,M08,密封件更换,True,6.75,471.47,维修工A,已修复,建议大修
MNT-001450,2024-09-14 18:00:00,M23,加热故障,True,8.89,1535.24,维修工B,已修复,需要厂家支持
MNT-001451,2024-05-16 10:00:00,M17,注射故障,True,23.96,2883.71,外部供应商,已修复,
MNT-001452,2024-09-24 09:00:00,M04,故障维修,True,16.89,7520.38,外部供应商,已修复,需要厂家支持
MNT-001453,2025-05-11 10:00:00,M26,换油,True,20.84,7592.78,维修工D,已修复,
MNT-001454,2024-12-17 04:00:00,M15,故障维修,True,23.32,6179.87,维修工B,已修复,建议大修
MNT-001455,2024-03-17 09:00:00,M12,故障维修,True,9.55,3005.38,维修工C,已修复,建议大修
MNT-001456,2024-01-17 06:00:00,M29,电气故障,True,13.29,3559.56,维修工B,已修复,
MNT-001457,2025-12-28 11:00:00,M13,电气故障,True,17.02,2852.73,维修工B,已修复,
MNT-001458,2025-12-19 22:00:00,M22,加热故障,True,21.68,7782.69,维修工C,已修复,
MNT-001459,2025-12-22 21:00:00,M12,液压故障,True,4.37,2385.19,外部供应商,已修复,
MNT-001460,2024-06-21 16:00:00,M16,滤芯更换,True,1.82,6784.38,外部供应商,已修复,建议大修
MNT-001461,2025-02-02 08:00:00,M09,锁模故障,True,6.3,7687.56,维修工D,已修复,更换备件
MNT-001462,2024-12-17 18:00:00,M20,注射故障,True,2.27,7839.89,维修工C,已修复,
MNT-001463,2024-12-22 10:00:00,M07,电气故障,True,19.61,813.02,维修工A,已修复,需要厂家支持
MNT-001464,2024-08-31 12:00:00,M19,预防性保养,False,1.64,309.01,维修工C,已修复,需要厂家支持
MNT-001465,2025-09-08 09:00:00,M15,加热故障,True,7.62,1139.05,维修工C,已修复,建议大修
MNT-001466,2026-03-10 22:00:00,M10,加热故障,True,6.55,3948.84,维修工B,已修复,需要厂家支持
MNT-001467,2026-02-10 10:00:00,M22,锁模故障,True,16.22,1596.48,维修工D,已修复,
MNT-001468,2024-07-29 12:00:00,M18,液压故障,True,14.64,3949.17,维修工A,已修复,需要厂家支持
MNT-001469,2026-04-28 03:00:00,M21,注射故障,True,17.21,6460.08,维修工A,已修复,更换备件
MNT-001470,2025-11-25 05:00:00,M02,锁模故障,True,17.03,6127.47,维修工A,已修复,更换备件
MNT-001471,2024-06-01 12:00:00,M18,注射故障,True,7.52,5889.55,外部供应商,已修复,
MNT-001472,2024-07-03 08:00:00,M04,故障维修,True,2.31,6312.9,维修工C,已修复,更换备件
MNT-001473,2024-08-15 05:00:00,M03,滤芯更换,True,23.43,1837.32,维修工C,已修复,
MNT-001474,2026-04-24 13:00:00,M20,换油,True,23.92,4736.97,维修工C,已修复,
MNT-001475,2025-04-07 07:00:00,M23,液压故障,True,18.06,6993.48,维修工A,待跟进,建议大修
MNT-001476,2024-11-19 05:00:00,M28,锁模故障,True,14.39,5393.1,外部供应商,已修复,需要厂家支持
MNT-001477,2026-04-13 10:00:00,M02,注射故障,True,7.0,6292.42,维修工B,已修复,
MNT-001478,2026-01-04 10:00:00,M22,电气故障,True,18.45,4339.14,外部供应商,已修复,
MNT-001479,2024-03-04 14:00:00,M06,滤芯更换,True,18.18,4840.19,维修工B,已修复,
MNT-001480,2024-10-08 04:00:00,M21,加热故障,True,19.93,7999.74,维修工B,已修复,
MNT-001481,2025-12-04 23:00:00,M18,液压故障,True,10.72,3206.41,维修工B,已修复,建议大修
MNT-001482,2024-02-28 01:00:00,M04,故障维修,True,12.69,5847.57,维修工B,已修复,更换备件
MNT-001483,2024-06-19 17:00:00,M20,液压故障,True,11.96,1439.14,维修工B,待跟进,
MNT-001484,2025-09-03 15:00:00,M17,锁模故障,True,4.79,2511.4,维修工C,已修复,
MNT-001485,2026-03-10 18:00:00,M09,注射故障,True,4.21,1577.06,维修工C,已修复,需要厂家支持
MNT-001486,2025-06-19 08:00:00,M14,换油,True,14.14,7412.01,维修工A,已修复,建议大修
MNT-001487,2024-10-09 07:00:00,M01,电气故障,True,14.77,4384.39,维修工D,已修复,更换备件
MNT-001488,2024-09-10 05:00:00,M03,电气故障,True,14.37,1198.76,维修工C,已修复,
MNT-001489,2024-01-30 10:00:00,M10,注射故障,True,11.19,5057.16,维修工D,已修复,
MNT-001490,2026-01-07 07:00:00,M08,密封件更换,True,17.79,5391.91,维修工D,已修复,
MNT-001491,2025-10-17 16:00:00,M05,预防性保养,False,2.55,361.54,维修工D,已修复,建议大修
MNT-001492,2025-12-24 16:00:00,M24,液压故障,True,17.57,6871.5,外部供应商,已修复,需要厂家支持
MNT-001493,2026-01-04 03:00:00,M20,换油,True,16.43,7545.29,维修工A,已修复,更换备件
MNT-001494,2024-01-01 15:00:00,M17,液压故障,True,3.44,4838.55,维修工B,已修复,
MNT-001495,2025-03-30 19:00:00,M01,加热故障,True,0.77,6608.78,维修工D,已修复,更换备件
MNT-001496,2025-10-03 11:00:00,M15,电气故障,True,17.36,6472.87,维修工A,待跟进,
MNT-001497,2025-07-08 10:00:00,M06,锁模故障,True,10.27,2265.1,维修工A,已修复,
MNT-001498,2025-03-15 21:00:00,M04,锁模故障,True,12.43,5261.44,维修工C,已修复,
MNT-001499,2024-08-04 15:00:00,M17,密封件更换,True,11.54,1044.18,维修工C,已修复,
MNT-001500,2024-01-01 03:00:00,M01,液压故障,True,7.24,1168.28,维修工A,已修复,
MNT-001501,2025-05-02 16:00:00,M29,预防性保养,False,2.23,591.7,外部供应商,已修复,
MNT-001502,2024-01-07 04:00:00,M05,电气故障,True,16.84,4395.48,维修工B,已修复,
MNT-001503,2025-10-30 03:00:00,M23,预防性保养,False,1.72,1369.18,维修工C,已修复,更换备件
MNT-001504,2024-11-16 11:00:00,M13,密封件更换,True,8.14,6055.72,维修工D,已修复,建议大修
MNT-001505,2025-06-28 02:00:00,M12,密封件更换,True,4.08,6304.76,维修工A,已修复,需要厂家支持
MNT-001506,2024-07-17 07:00:00,M07,密封件更换,True,23.98,3826.76,维修工D,已修复,建议大修
MNT-001507,2025-06-06 01:00:00,M07,注射故障,True,16.22,4876.25,维修工A,已修复,
MNT-001508,2026-01-16 03:00:00,M07,密封件更换,True,9.44,7248.1,维修工D,已修复,
MNT-001509,2025-11-24 00:00:00,M27,预防性保养,False,1.0,420.11,外部供应商,已修复,更换备件
MNT-001510,2024-07-21 09:00:00,M20,滤芯更换,True,9.91,2381.9,维修工D,已修复,更换备件
MNT-001511,2026-01-31 05:00:00,M22,液压故障,True,17.93,806.62,维修工C,已修复,需要厂家支持
MNT-001512,2025-08-23 23:00:00,M27,故障维修,True,18.86,3401.77,维修工C,已修复,更换备件
MNT-001513,2024-09-29 06:00:00,M12,电气故障,True,6.29,4630.05,维修工D,已修复,建议大修
MNT-001514,2024-07-04 18:00:00,M22,注射故障,True,9.93,3094.63,维修工B,已修复,需要厂家支持
MNT-001515,2025-12-08 08:00:00,M13,预防性保养,False,3.19,293.64,维修工B,已修复,需要厂家支持
MNT-001516,2024-03-25 12:00:00,M04,加热故障,True,3.22,6342.34,维修工D,已修复,建议大修
MNT-001517,2025-04-18 23:00:00,M02,滤芯更换,True,19.49,1030.48,维修工A,已修复,
MNT-001518,2024-01-10 14:00:00,M17,液压故障,True,8.0,5073.58,维修工B,已修复,
MNT-001519,2026-04-15 16:00:00,M23,密封件更换,True,11.64,3955.62,维修工A,待跟进,需要厂家支持
MNT-001520,2024-08-14 22:00:00,M03,故障维修,True,20.76,3566.76,维修工B,已修复,建议大修
MNT-001521,2024-07-06 15:00:00,M24,密封件更换,True,6.83,4778.86,维修工D,待跟进,
MNT-001522,2025-11-03 16:00:00,M14,注射故障,True,16.25,4491.45,外部供应商,已修复,
MNT-001523,2025-01-23 02:00:00,M04,滤芯更换,True,18.85,4090.79,维修工C,已修复,
MNT-001524,2024-08-14 04:00:00,M27,预防性保养,False,1.5,861.74,外部供应商,已修复,
MNT-001525,2024-02-07 08:00:00,M14,预防性保养,False,3.12,1366.34,维修工C,已修复,
MNT-001526,2024-12-16 05:00:00,M15,电气故障,True,18.54,5501.79,维修工D,已修复,
MNT-001527,2026-03-08 16:00:00,M29,预防性保养,False,1.29,962.28,维修工D,已修复,
MNT-001528,2026-02-24 00:00:00,M10,换油,True,10.33,1088.28,维修工C,已修复,
MNT-001529,2026-03-15 22:00:00,M21,故障维修,True,6.31,5862.28,维修工B,已修复,更换备件
MNT-001530,2025-12-30 00:00:00,M20,液压故障,True,2.18,3048.22,外部供应商,已修复,需要厂家支持
MNT-001531,2025-08-22 21:00:00,M15,注射故障,True,17.24,4136.07,维修工C,已修复,更换备件
MNT-001532,2026-01-09 23:00:00,M26,故障维修,True,0.65,6655.51,维修工D,已修复,
MNT-001533,2024-05-21 02:00:00,M05,密封件更换,True,14.01,4340.74,维修工D,已修复,建议大修
MNT-001534,2024-05-31 15:00:00,M05,加热故障,True,3.58,508.8,维修工A,已修复,
MNT-001535,2024-04-21 14:00:00,M16,注射故障,True,10.86,414.87,维修工D,已修复,建议大修
MNT-001536,2024-06-17 20:00:00,M08,加热故障,True,23.5,7139.01,维修工A,已修复,建议大修
MNT-001537,2025-11-08 12:00:00,M21,故障维修,True,19.84,679.47,维修工C,已修复,
MNT-001538,2024-01-06 08:00:00,M19,滤芯更换,True,11.8,6148.09,外部供应商,已修复,
MNT-001539,2024-06-30 10:00:00,M19,电气故障,True,1.86,6878.38,维修工C,已修复,需要厂家支持
MNT-001540,2025-10-21 04:00:00,M07,滤芯更换,True,18.74,6131.99,维修工A,已修复,
MNT-001541,2024-03-30 10:00:00,M03,预防性保养,False,0.88,200.03,维修工B,已修复,
MNT-001542,2026-02-24 09:00:00,M08,换油,True,15.8,7350.74,外部供应商,已修复,需要厂家支持
MNT-001543,2025-03-03 07:00:00,M28,加热故障,True,20.44,3239.98,外部供应商,已修复,需要厂家支持
MNT-001544,2024-04-30 23:00:00,M26,滤芯更换,True,11.59,664.23,维修工B,已修复,
MNT-001545,2024-04-15 08:00:00,M13,电气故障,True,13.06,1345.84,维修工A,已修复,
MNT-001546,2025-12-20 20:00:00,M09,密封件更换,True,12.38,1077.33,维修工B,已修复,更换备件
MNT-001547,2024-10-08 09:00:00,M07,换油,True,2.92,5046.47,维修工A,已修复,
MNT-001548,2025-07-13 04:00:00,M18,加热故障,True,4.31,3281.18,维修工A,已修复,
MNT-001549,2025-03-10 20:00:00,M19,故障维修,True,5.22,3968.19,维修工A,已修复,更换备件
MNT-001550,2025-07-29 12:00:00,M22,预防性保养,False,1.63,679.57,维修工A,已修复,更换备件
MNT-001551,2025-05-28 16:00:00,M10,注射故障,True,13.25,644.35,维修工D,已修复,
MNT-001552,2025-10-09 17:00:00,M28,换油,True,0.7,3967.41,维修工D,已修复,
MNT-001553,2026-01-16 21:00:00,M12,密封件更换,True,2.44,3316.08,维修工B,已修复,
MNT-001554,2026-04-14 01:00:00,M10,预防性保养,False,3.82,919.9,外部供应商,已修复,
MNT-001555,2025-07-10 12:00:00,M01,故障维修,True,3.06,5604.85,维修工C,已修复,
MNT-001556,2024-05-03 10:00:00,M18,加热故障,True,22.65,7960.82,维修工A,已修复,建议大修
MNT-001557,2024-12-07 10:00:00,M08,密封件更换,True,14.26,1839.29,维修工D,已修复,建议大修
MNT-001558,2025-07-06 09:00:00,M13,加热故障,True,12.45,838.0,维修工D,已修复,
MNT-001559,2025-09-06 13:00:00,M21,注射故障,True,12.4,2529.1,维修工A,已修复,
MNT-001560,2024-11-19 05:00:00,M29,故障维修,True,23.26,7367.75,外部供应商,已修复,
MNT-001561,2025-11-10 03:00:00,M26,换油,True,17.89,6760.74,维修工A,已修复,
MNT-001562,2025-01-22 01:00:00,M17,加热故障,True,7.78,6677.9,外部供应商,已修复,需要厂家支持
MNT-001563,2025-04-22 00:00:00,M23,故障维修,True,22.19,3928.54,维修工C,待跟进,建议大修
MNT-001564,2024-04-26 22:00:00,M02,加热故障,True,1.79,7206.17,维修工A,已修复,更换备件
MNT-001565,2025-05-07 20:00:00,M18,电气故障,True,4.27,7930.13,维修工B,已修复,
MNT-001566,2025-03-26 00:00:00,M25,锁模故障,True,22.39,1681.55,维修工C,已修复,
MNT-001567,2025-03-29 16:00:00,M11,加热故障,True,6.13,5277.92,维修工A,已修复,
MNT-001568,2024-01-12 12:00:00,M11,加热故障,True,20.62,5693.57,维修工C,已修复,
MNT-001569,2024-08-27 10:00:00,M07,换油,True,23.41,959.57,维修工B,已修复,
MNT-001570,2024-08-30 15:00:00,M26,电气故障,True,18.88,3436.81,维修工B,已修复,
MNT-001571,2025-04-04 01:00:00,M02,换油,True,19.24,3420.31,维修工C,已修复,建议大修
MNT-001572,2026-03-20 07:00:00,M10,注射故障,True,14.96,6499.4,维修工D,已修复,
MNT-001573,2024-09-17 15:00:00,M28,预防性保养,False,1.6,628.83,维修工C,已修复,建议大修
MNT-001574,2024-10-19 08:00:00,M12,液压故障,True,13.03,7783.38,维修工D,已修复,
MNT-001575,2025-05-09 11:00:00,M23,电气故障,True,10.38,552.11,维修工D,已修复,建议大修
MNT-001576,2025-07-08 07:00:00,M03,换油,True,23.01,3078.23,外部供应商,已修复,
MNT-001577,2026-03-12 17:00:00,M26,电气故障,True,18.9,4817.5,维修工D,已修复,需要厂家支持
MNT-001578,2024-05-17 04:00:00,M03,液压故障,True,16.42,6918.84,维修工D,已修复,需要厂家支持
MNT-001579,2024-04-13 13:00:00,M10,密封件更换,True,14.62,6843.07,维修工B,已修复,
MNT-001580,2024-09-01 17:00:00,M23,液压故障,True,2.86,2614.23,维修工A,已修复,
MNT-001581,2024-01-24 10:00:00,M07,故障维修,True,18.52,3016.09,维修工A,已修复,需要厂家支持
MNT-001582,2024-08-21 00:00:00,M14,滤芯更换,True,20.09,7589.22,维修工D,已修复,更换备件
MNT-001583,2025-03-21 02:00:00,M28,加热故障,True,22.83,4931.51,维修工B,已修复,
MNT-001584,2025-05-19 12:00:00,M18,电气故障,True,17.93,4793.07,外部供应商,已修复,
MNT-001585,2024-08-22 03:00:00,M13,注射故障,True,17.88,4710.97,维修工B,已修复,更换备件
MNT-001586,2026-01-18 02:00:00,M27,故障维修,True,1.45,6595.77,维修工A,已修复,
MNT-001587,2024-11-03 10:00:00,M27,液压故障,True,8.74,2579.04,维修工B,已修复,
MNT-001588,2024-05-13 00:00:00,M17,注射故障,True,15.29,2327.0,维修工D,待跟进,建议大修
MNT-001589,2024-03-11 18:00:00,M25,预防性保养,False,2.53,1467.82,维修工C,已修复,需要厂家支持
MNT-001590,2024-03-08 12:00:00,M09,密封件更换,True,22.49,1048.88,维修工C,已修复,更换备件
MNT-001591,2025-09-21 20:00:00,M20,故障维修,True,11.25,5220.13,外部供应商,已修复,
MNT-001592,2024-08-06 14:00:00,M27,换油,True,6.98,6579.32,维修工C,已修复,
MNT-001593,2026-04-22 20:00:00,M21,锁模故障,True,17.19,7610.36,维修工C,已修复,建议大修
MNT-001594,2024-11-23 01:00:00,M17,滤芯更换,True,4.48,1388.23,外部供应商,已修复,建议大修
MNT-001595,2025-07-18 08:00:00,M17,滤芯更换,True,14.14,2273.6,维修工B,已修复,建议大修
MNT-001596,2024-03-12 14:00:00,M16,加热故障,True,10.47,5534.7,维修工A,已修复,建议大修
MNT-001597,2024-12-12 11:00:00,M25,注射故障,True,1.14,6582.94,维修工D,已修复,需要厂家支持
MNT-001598,2025-03-17 02:00:00,M04,注射故障,True,4.1,7416.93,维修工A,已修复,更换备件
MNT-001599,2024-12-12 15:00:00,M15,故障维修,True,17.28,4155.26,维修工B,已修复,更换备件
MNT-001600,2024-09-22 23:00:00,M25,预防性保养,False,1.38,396.93,维修工C,已修复,
MNT-001601,2025-02-07 21:00:00,M21,换油,True,21.88,2915.63,维修工D,已修复,
MNT-001602,2024-01-06 01:00:00,M03,密封件更换,True,13.98,4038.05,维修工D,已修复,
MNT-001603,2025-03-29 12:00:00,M16,电气故障,True,12.69,4339.19,维修工D,已修复,
MNT-001604,2024-11-18 20:00:00,M28,故障维修,True,15.03,7026.02,维修工D,已修复,建议大修
MNT-001605,2025-08-14 19:00:00,M06,故障维修,True,6.9,1803.2,维修工B,已修复,更换备件
MNT-001606,2025-03-18 01:00:00,M09,密封件更换,True,6.99,3365.59,外部供应商,已修复,
MNT-001607,2024-02-24 22:00:00,M05,注射故障,True,9.92,3481.33,外部供应商,已修复,建议大修
MNT-001608,2024-02-16 16:00:00,M04,锁模故障,True,19.25,2668.85,维修工C,已修复,需要厂家支持
MNT-001609,2026-02-04 17:00:00,M07,预防性保养,False,2.64,1463.2,维修工C,已修复,建议大修
MNT-001610,2025-02-05 03:00:00,M27,锁模故障,True,20.71,5207.73,维修工D,已修复,更换备件
MNT-001611,2025-07-07 23:00:00,M19,电气故障,True,15.43,5121.26,维修工A,已修复,更换备件
MNT-001612,2025-06-16 20:00:00,M02,液压故障,True,3.79,4091.53,外部供应商,已修复,
MNT-001613,2025-06-10 21:00:00,M03,电气故障,True,22.52,4452.03,维修工C,已修复,更换备件
MNT-001614,2025-05-31 21:00:00,M17,电气故障,True,10.35,1114.58,维修工C,已修复,更换备件
MNT-001615,2024-06-07 18:00:00,M02,换油,True,18.81,5416.32,维修工C,已修复,
MNT-001616,2026-04-15 06:00:00,M08,故障维修,True,18.42,1061.39,维修工D,已修复,需要厂家支持
MNT-001617,2024-05-31 05:00:00,M09,锁模故障,True,0.82,5452.42,维修工A,已修复,更换备件
MNT-001618,2025-08-14 11:00:00,M17,注射故障,True,4.99,5885.11,外部供应商,已修复,需要厂家支持
MNT-001619,2024-01-30 10:00:00,M17,注射故障,True,8.53,3536.01,维修工D,已修复,
MNT-001620,2024-10-03 23:00:00,M19,锁模故障,True,11.11,2749.74,维修工D,已修复,
MNT-001621,2026-02-14 01:00:00,M24,预防性保养,False,3.92,1351.48,维修工B,已修复,
MNT-001622,2024-04-29 16:00:00,M07,预防性保养,False,3.7,358.91,维修工A,已修复,
MNT-001623,2025-11-04 12:00:00,M10,预防性保养,False,1.82,1013.77,维修工C,已修复,更换备件
MNT-001624,2026-01-09 17:00:00,M27,密封件更换,True,1.03,3998.94,维修工B,已修复,需要厂家支持
MNT-001625,2024-03-06 09:00:00,M12,注射故障,True,16.58,4879.37,维修工B,已修复,
MNT-001626,2024-09-07 13:00:00,M28,滤芯更换,True,11.48,4475.09,外部供应商,已修复,建议大修
MNT-001627,2024-01-03 09:00:00,M04,滤芯更换,True,17.48,1678.67,维修工B,已修复,需要厂家支持
MNT-001628,2024-07-15 15:00:00,M01,液压故障,True,9.45,7640.21,维修工C,已修复,建议大修
MNT-001629,2025-08-23 16:00:00,M25,加热故障,True,6.61,2344.49,维修工C,已修复,
MNT-001630,2024-03-14 10:00:00,M01,电气故障,True,8.37,4117.49,维修工A,已修复,建议大修
MNT-001631,2026-02-05 21:00:00,M07,滤芯更换,True,21.03,789.64,维修工A,已修复,
MNT-001632,2024-01-31 10:00:00,M22,换油,True,1.81,3371.58,外部供应商,已修复,需要厂家支持
MNT-001633,2024-11-16 12:00:00,M05,液压故障,True,9.29,3589.62,维修工B,已修复,需要厂家支持
MNT-001634,2024-06-03 23:00:00,M23,电气故障,True,17.88,5555.96,外部供应商,已修复,
MNT-001635,2024-05-06 23:00:00,M12,换油,True,20.12,476.82,维修工D,已修复,
MNT-001636,2025-02-03 14:00:00,M09,滤芯更换,True,22.68,1980.41,维修工D,已修复,
MNT-001637,2024-11-25 15:00:00,M26,锁模故障,True,11.59,667.15,维修工B,已修复,
MNT-001638,2024-07-06 09:00:00,M21,电气故障,True,14.24,2526.11,维修工B,已修复,需要厂家支持
MNT-001639,2024-08-01 07:00:00,M05,预防性保养,False,2.96,1085.36,维修工C,已修复,
MNT-001640,2024-05-10 22:00:00,M03,锁模故障,True,15.99,7167.63,维修工C,已修复,
MNT-001641,2024-12-02 10:00:00,M13,液压故障,True,10.88,4844.01,维修工A,已修复,
MNT-001642,2025-11-24 21:00:00,M17,加热故障,True,1.6,7712.57,外部供应商,已修复,
MNT-001643,2024-07-10 22:00:00,M20,电气故障,True,5.63,7007.02,外部供应商,已修复,
MNT-001644,2026-03-04 13:00:00,M01,换油,True,3.41,7521.75,维修工D,已修复,
MNT-001645,2025-03-21 23:00:00,M24,密封件更换,True,2.61,411.27,维修工A,已修复,需要厂家支持
MNT-001646,2024-12-03 15:00:00,M08,加热故障,True,18.71,3244.76,外部供应商,已修复,
MNT-001647,2026-01-17 22:00:00,M16,液压故障,True,13.18,1459.68,维修工C,已修复,
MNT-001648,2025-08-18 22:00:00,M21,液压故障,True,21.07,7742.43,维修工D,已修复,
MNT-001649,2025-05-02 17:00:00,M20,注射故障,True,13.29,5138.95,维修工D,已修复,
MNT-001650,2025-02-21 10:00:00,M02,电气故障,True,8.83,7138.16,维修工C,已修复,
MNT-001651,2024-10-23 06:00:00,M10,锁模故障,True,1.22,6512.48,维修工D,已修复,需要厂家支持
MNT-001652,2025-04-06 00:00:00,M11,密封件更换,True,12.93,5653.5,维修工C,已修复,
MNT-001653,2026-01-03 00:00:00,M26,滤芯更换,True,10.17,6636.69,维修工B,已修复,
MNT-001654,2025-01-25 07:00:00,M01,换油,True,12.13,4454.6,维修工A,已修复,
MNT-001655,2024-01-25 00:00:00,M28,锁模故障,True,5.05,7281.36,维修工B,已修复,更换备件
MNT-001656,2026-03-08 15:00:00,M23,换油,True,4.42,4618.89,维修工C,已修复,
MNT-001657,2026-02-09 15:00:00,M19,换油,True,17.11,2842.66,维修工D,已修复,
MNT-001658,2024-04-02 04:00:00,M16,电气故障,True,13.12,4657.59,维修工B,已修复,更换备件
MNT-001659,2024-06-28 16:00:00,M22,注射故障,True,1.56,1151.25,维修工D,已修复,更换备件
MNT-001660,2024-10-24 02:00:00,M23,故障维修,True,0.86,6454.03,维修工B,已修复,
MNT-001661,2025-05-02 22:00:00,M02,滤芯更换,True,1.04,5027.34,维修工D,已修复,
MNT-001662,2025-05-23 17:00:00,M15,注射故障,True,12.47,2554.56,维修工A,已修复,
MNT-001663,2024-07-11 21:00:00,M21,液压故障,True,21.36,5760.36,外部供应商,已修复,需要厂家支持
MNT-001664,2026-01-28 17:00:00,M06,故障维修,True,14.35,3568.14,维修工C,待跟进,
MNT-001665,2024-07-25 08:00:00,M05,液压故障,True,8.56,5214.51,维修工A,已修复,建议大修
MNT-001666,2024-04-27 13:00:00,M07,锁模故障,True,5.29,1793.51,外部供应商,已修复,需要厂家支持
MNT-001667,2024-10-27 02:00:00,M04,电气故障,True,22.45,2066.44,维修工A,已修复,建议大修
MNT-001668,2025-08-30 08:00:00,M17,预防性保养,False,0.98,1263.77,维修工C,已修复,建议大修
MNT-001669,2025-11-05 16:00:00,M23,密封件更换,True,10.31,1608.65,外部供应商,已修复,需要厂家支持
MNT-001670,2026-04-23 18:00:00,M22,密封件更换,True,21.84,3216.59,维修工B,已修复,
MNT-001671,2025-04-27 05:00:00,M01,液压故障,True,12.57,644.86,维修工A,已修复,需要厂家支持
MNT-001672,2024-01-31 03:00:00,M28,加热故障,True,23.6,6604.19,维修工A,已修复,需要厂家支持
MNT-001673,2024-05-13 07:00:00,M19,预防性保养,False,2.23,645.75,维修工D,已修复,
MNT-001674,2025-11-09 11:00:00,M29,电气故障,True,15.69,1810.43,维修工B,已修复,建议大修
MNT-001675,2026-03-02 00:00:00,M19,注射故障,True,14.91,6142.32,维修工A,已修复,
MNT-001676,2024-03-11 05:00:00,M07,换油,True,20.09,583.41,维修工A,已修复,需要厂家支持
MNT-001677,2025-03-08 01:00:00,M22,故障维修,True,6.14,7777.71,外部供应商,已修复,
MNT-001678,2025-10-09 06:00:00,M06,液压故障,True,6.45,618.07,维修工A,已修复,需要厂家支持
MNT-001679,2024-07-10 15:00:00,M06,锁模故障,True,15.03,7810.94,维修工D,已修复,需要厂家支持
MNT-001680,2025-12-12 10:00:00,M05,滤芯更换,True,3.06,7174.6,维修工C,已修复,建议大修
MNT-001681,2026-03-05 03:00:00,M10,电气故障,True,12.14,4647.6,外部供应商,已修复,需要厂家支持
MNT-001682,2026-02-28 03:00:00,M29,电气故障,True,14.8,1270.59,维修工A,已修复,
MNT-001683,2025-12-15 19:00:00,M05,液压故障,True,4.67,3021.38,外部供应商,已修复,
MNT-001684,2025-09-24 22:00:00,M02,滤芯更换,True,4.7,1992.15,维修工D,已修复,
MNT-001685,2024-11-26 17:00:00,M20,故障维修,True,23.35,881.03,维修工D,已修复,更换备件
MNT-001686,2025-07-31 16:00:00,M01,注射故障,True,13.86,2818.14,维修工A,已修复,需要厂家支持
MNT-001687,2025-02-01 12:00:00,M17,故障维修,True,2.73,7688.22,维修工A,已修复,
MNT-001688,2024-12-15 21:00:00,M19,滤芯更换,True,21.27,3951.45,维修工A,已修复,需要厂家支持
MNT-001689,2025-03-17 01:00:00,M23,锁模故障,True,14.83,1302.73,维修工B,待跟进,
MNT-001690,2024-06-13 01:00:00,M14,密封件更换,True,15.36,5674.98,外部供应商,已修复,更换备件
MNT-001691,2025-09-28 10:00:00,M22,液压故障,True,2.95,7407.83,外部供应商,已修复,建议大修
MNT-001692,2026-03-02 12:00:00,M21,加热故障,True,14.61,6334.68,维修工B,已修复,建议大修
MNT-001693,2024-11-02 22:00:00,M02,滤芯更换,True,7.96,5571.64,外部供应商,已修复,建议大修
MNT-001694,2025-09-04 23:00:00,M24,液压故障,True,3.03,4032.35,维修工C,待跟进,建议大修
MNT-001695,2025-02-22 22:00:00,M23,密封件更换,True,18.05,7436.14,维修工A,已修复,更换备件
MNT-001696,2024-08-02 08:00:00,M29,电气故障,True,14.57,2690.5,外部供应商,已修复,更换备件
MNT-001697,2024-05-21 03:00:00,M19,密封件更换,True,6.95,6019.66,维修工C,已修复,需要厂家支持
MNT-001698,2024-07-01 19:00:00,M28,液压故障,True,19.95,1956.5,维修工B,已修复,更换备件
MNT-001699,2025-04-03 20:00:00,M09,滤芯更换,True,15.05,425.03,维修工B,已修复,需要厂家支持
MNT-001700,2024-05-29 10:00:00,M28,密封件更换,True,4.63,5801.87,维修工D,已修复,
MNT-001701,2024-03-20 23:00:00,M10,液压故障,True,5.31,4909.76,维修工D,已修复,更换备件
MNT-001702,2025-10-05 13:00:00,M04,密封件更换,True,5.4,1993.78,维修工D,已修复,需要厂家支持
MNT-001703,2025-09-14 04:00:00,M08,换油,True,20.34,5695.0,维修工C,已修复,
MNT-001704,2026-02-11 01:00:00,M04,滤芯更换,True,11.36,2855.75,维修工A,已修复,
MNT-001705,2025-12-11 03:00:00,M14,滤芯更换,True,20.64,7402.31,维修工A,已修复,更换备件
MNT-001706,2025-02-06 06:00:00,M15,密封件更换,True,9.6,5251.18,维修工B,已修复,
MNT-001707,2025-06-08 15:00:00,M16,密封件更换,True,22.76,5306.28,外部供应商,已修复,需要厂家支持
MNT-001708,2026-01-23 02:00:00,M09,换油,True,2.29,791.27,维修工A,已修复,
MNT-001709,2025-04-28 09:00:00,M27,换油,True,5.58,4116.52,维修工A,已修复,需要厂家支持
MNT-001710,2025-03-21 06:00:00,M17,注射故障,True,17.74,574.45,外部供应商,已修复,建议大修
MNT-001711,2025-02-19 23:00:00,M02,电气故障,True,18.25,5551.75,维修工D,已修复,建议大修
MNT-001712,2024-08-10 06:00:00,M23,注射故障,True,15.99,1510.22,维修工A,已修复,需要厂家支持
MNT-001713,2024-11-09 01:00:00,M03,故障维修,True,6.67,7704.31,维修工B,已修复,
MNT-001714,2024-09-23 08:00:00,M17,故障维修,True,16.3,7186.65,维修工D,已修复,更换备件
MNT-001715,2025-08-11 20:00:00,M20,换油,True,5.59,2552.19,维修工D,已修复,建议大修
MNT-001716,2025-12-19 02:00:00,M04,液压故障,True,21.95,5302.28,维修工D,已修复,需要厂家支持
MNT-001717,2024-03-03 02:00:00,M22,换油,True,2.49,7764.01,维修工C,已修复,
MNT-001718,2025-12-21 11:00:00,M19,预防性保养,False,1.72,405.42,维修工B,已修复,更换备件
MNT-001719,2024-06-09 22:00:00,M18,电气故障,True,10.17,2129.4,维修工D,已修复,
MNT-001720,2025-04-02 05:00:00,M20,注射故障,True,18.6,3495.35,维修工D,已修复,需要厂家支持
MNT-001721,2025-06-14 18:00:00,M13,液压故障,True,23.04,4124.6,维修工B,已修复,建议大修
MNT-001722,2025-09-04 09:00:00,M26,电气故障,True,20.29,3119.69,维修工D,已修复,需要厂家支持
MNT-001723,2025-09-14 02:00:00,M07,电气故障,True,18.88,2919.57,维修工C,已修复,建议大修
MNT-001724,2026-02-17 01:00:00,M11,注射故障,True,23.34,1245.39,维修工D,待跟进,更换备件
MNT-001725,2025-08-06 08:00:00,M12,换油,True,2.59,2261.7,维修工D,已修复,
MNT-001726,2026-02-20 17:00:00,M14,液压故障,True,20.17,5493.89,维修工B,已修复,建议大修
MNT-001727,2024-09-07 00:00:00,M05,密封件更换,True,4.64,7390.86,外部供应商,已修复,更换备件
MNT-001728,2026-04-04 06:00:00,M28,电气故障,True,7.27,5729.52,维修工B,已修复,
MNT-001729,2025-07-17 20:00:00,M22,加热故障,True,3.93,1925.26,维修工C,已修复,需要厂家支持
MNT-001730,2025-05-12 06:00:00,M27,电气故障,True,14.57,211.27,维修工C,已修复,更换备件
MNT-001731,2024-05-14 12:00:00,M25,预防性保养,False,2.5,1221.81,外部供应商,已修复,建议大修
MNT-001732,2024-10-25 17:00:00,M28,预防性保养,False,2.45,1022.36,维修工C,已修复,
MNT-001733,2025-02-14 06:00:00,M23,注射故障,True,2.31,7139.84,维修工D,已修复,更换备件
MNT-001734,2024-03-29 19:00:00,M13,锁模故障,True,3.02,1951.37,维修工C,已修复,
MNT-001735,2025-11-17 17:00:00,M17,预防性保养,False,1.35,846.49,维修工D,已修复,
MNT-001736,2024-01-25 12:00:00,M07,注射故障,True,12.06,2182.83,维修工C,已修复,
MNT-001737,2026-01-18 12:00:00,M03,加热故障,True,16.51,2749.13,外部供应商,已修复,更换备件
MNT-001738,2026-03-06 01:00:00,M23,加热故障,True,3.77,4700.3,外部供应商,已修复,
MNT-001739,2024-07-18 16:00:00,M01,加热故障,True,10.19,4708.51,维修工C,已修复,
MNT-001740,2024-03-02 18:00:00,M11,加热故障,True,20.37,4679.68,维修工B,已修复,需要厂家支持
MNT-001741,2025-09-12 22:00:00,M17,换油,True,2.56,7708.78,维修工B,已修复,更换备件
MNT-001742,2024-08-09 19:00:00,M20,换油,True,18.27,1870.34,维修工D,已修复,需要厂家支持
MNT-001743,2025-11-04 21:00:00,M20,液压故障,True,19.0,7407.56,维修工B,已修复,更换备件
MNT-001744,2024-08-26 01:00:00,M24,故障维修,True,6.77,1241.2,外部供应商,已修复,建议大修
MNT-001745,2025-10-01 03:00:00,M18,加热故障,True,8.83,7907.99,维修工D,已修复,更换备件
MNT-001746,2024-02-14 07:00:00,M09,锁模故障,True,13.1,2127.61,维修工A,已修复,
MNT-001747,2024-05-08 09:00:00,M04,加热故障,True,12.87,7358.74,维修工B,已修复,建议大修
MNT-001748,2024-07-27 15:00:00,M10,密封件更换,True,16.94,3470.86,维修工D,已修复,
MNT-001749,2025-08-28 01:00:00,M24,预防性保养,False,0.57,174.26,维修工B,已修复,
MNT-001750,2024-09-01 16:00:00,M05,故障维修,True,14.35,6931.84,维修工C,已修复,
MNT-001751,2025-08-16 21:00:00,M12,锁模故障,True,18.39,7591.74,维修工C,已修复,更换备件
MNT-001752,2025-07-30 20:00:00,M25,滤芯更换,True,15.37,5041.57,维修工B,待跟进,更换备件
MNT-001753,2024-07-25 08:00:00,M07,故障维修,True,4.44,2299.21,维修工C,已修复,需要厂家支持
MNT-001754,2025-10-01 22:00:00,M07,电气故障,True,17.22,2810.26,维修工B,已修复,更换备件
MNT-001755,2024-05-16 04:00:00,M14,注射故障,True,8.79,1204.86,维修工C,已修复,
MNT-001756,2024-12-04 02:00:00,M08,电气故障,True,14.29,2361.69,维修工C,已修复,建议大修
MNT-001757,2024-09-20 07:00:00,M28,预防性保养,False,1.43,647.7,维修工A,已修复,
MNT-001758,2024-06-09 18:00:00,M08,锁模故障,True,2.2,2258.17,维修工B,已修复,更换备件
MNT-001759,2024-08-16 11:00:00,M06,故障维修,True,22.26,3278.52,外部供应商,已修复,需要厂家支持
MNT-001760,2025-06-30 13:00:00,M18,液压故障,True,15.3,3265.71,外部供应商,已修复,
MNT-001761,2025-08-04 21:00:00,M07,滤芯更换,True,18.49,6987.2,维修工A,已修复,建议大修
MNT-001762,2024-12-14 02:00:00,M01,密封件更换,True,0.72,7702.26,外部供应商,已修复,需要厂家支持
MNT-001763,2025-02-14 19:00:00,M22,密封件更换,True,16.12,613.15,外部供应商,已修复,更换备件
MNT-001764,2024-01-30 05:00:00,M23,锁模故障,True,7.72,3164.98,外部供应商,已修复,
MNT-001765,2025-01-18 07:00:00,M16,滤芯更换,True,2.89,5074.33,维修工D,已修复,
MNT-001766,2025-07-24 07:00:00,M10,滤芯更换,True,12.99,718.82,维修工C,已修复,
MNT-001767,2024-06-24 22:00:00,M25,故障维修,True,6.96,6880.14,外部供应商,已修复,建议大修
MNT-001768,2024-05-03 03:00:00,M23,液压故障,True,16.93,745.54,维修工B,已修复,需要厂家支持
MNT-001769,2025-11-28 16:00:00,M05,故障维修,True,4.27,5609.87,维修工C,已修复,
MNT-001770,2024-01-22 06:00:00,M06,预防性保养,False,1.99,677.73,维修工D,已修复,
MNT-001771,2026-02-23 23:00:00,M20,预防性保养,False,3.48,407.8,维修工C,已修复,
MNT-001772,2024-03-28 18:00:00,M06,液压故障,True,20.02,6728.81,外部供应商,已修复,建议大修
MNT-001773,2024-07-28 17:00:00,M03,换油,True,4.69,4029.7,外部供应商,已修复,
MNT-001774,2025-06-10 21:00:00,M19,换油,True,15.85,7614.69,维修工A,已修复,
MNT-001775,2026-01-15 08:00:00,M15,换油,True,6.05,7039.78,维修工A,已修复,更换备件
MNT-001776,2025-12-20 16:00:00,M08,换油,True,2.4,6226.8,维修工B,已修复,需要厂家支持
MNT-001777,2024-07-03 01:00:00,M28,注射故障,True,13.56,3086.95,外部供应商,已修复,
MNT-001778,2025-01-27 12:00:00,M21,换油,True,4.97,2635.41,维修工B,已修复,更换备件
MNT-001779,2024-06-01 14:00:00,M13,电气故障,True,13.82,7644.21,维修工B,已修复,需要厂家支持
MNT-001780,2024-12-12 04:00:00,M01,预防性保养,False,1.06,173.54,维修工D,已修复,更换备件
MNT-001781,2025-05-03 12:00:00,M25,加热故障,True,9.42,3581.54,维修工D,已修复,
MNT-001782,2025-09-13 15:00:00,M08,故障维修,True,18.69,3586.9,外部供应商,已修复,建议大修
MNT-001783,2025-10-12 20:00:00,M02,电气故障,True,22.99,3012.75,维修工D,已修复,
MNT-001784,2024-07-19 18:00:00,M19,液压故障,True,1.26,2943.15,维修工C,已修复,
MNT-001785,2025-01-09 12:00:00,M07,密封件更换,True,22.23,6597.37,维修工C,已修复,需要厂家支持
MNT-001786,2025-05-30 09:00:00,M23,密封件更换,True,19.97,7088.6,外部供应商,已修复,
MNT-001787,2024-02-10 05:00:00,M18,锁模故障,True,16.5,6225.06,维修工C,已修复,更换备件
MNT-001788,2024-01-10 05:00:00,M26,预防性保养,False,3.07,909.25,外部供应商,已修复,
MNT-001789,2024-01-26 23:00:00,M21,故障维修,True,2.61,4278.67,维修工D,已修复,需要厂家支持
MNT-001790,2026-03-11 17:00:00,M20,滤芯更换,True,20.93,3111.78,维修工D,已修复,需要厂家支持
MNT-001791,2024-11-07 08:00:00,M26,预防性保养,False,2.51,1374.95,外部供应商,已修复,更换备件
MNT-001792,2026-03-04 22:00:00,M18,锁模故障,True,7.68,1917.68,外部供应商,已修复,
MNT-001793,2025-04-19 05:00:00,M24,电气故障,True,11.96,2995.0,维修工B,已修复,需要厂家支持
MNT-001794,2024-10-12 23:00:00,M28,电气故障,True,11.64,2877.07,维修工D,已修复,更换备件
MNT-001795,2025-10-24 09:00:00,M12,预防性保养,False,3.25,507.72,维修工B,已修复,更换备件
MNT-001796,2025-09-10 11:00:00,M17,密封件更换,True,17.38,1520.31,维修工D,已修复,
MNT-001797,2024-08-08 09:00:00,M15,滤芯更换,True,9.6,4353.27,外部供应商,已修复,需要厂家支持
MNT-001798,2026-02-19 00:00:00,M21,加热故障,True,8.36,7839.48,外部供应商,已修复,
MNT-001799,2024-07-04 00:00:00,M04,换油,True,8.64,7098.21,维修工C,已修复,建议大修
MNT-001800,2024-09-04 19:00:00,M22,加热故障,True,1.14,1060.5,维修工D,已修复,
MNT-001801,2024-10-13 04:00:00,M11,故障维修,True,7.68,4806.92,外部供应商,已修复,更换备件
MNT-001802,2025-11-09 21:00:00,M16,故障维修,True,0.64,784.49,维修工B,已修复,
MNT-001803,2026-02-01 11:00:00,M27,预防性保养,False,2.91,765.0,外部供应商,已修复,
MNT-001804,2024-11-17 23:00:00,M15,预防性保养,False,1.24,476.75,维修工D,已修复,
MNT-001805,2024-12-02 01:00:00,M24,注射故障,True,4.55,3435.74,维修工C,已修复,
MNT-001806,2025-06-23 07:00:00,M24,电气故障,True,3.66,3316.8,维修工C,已修复,更换备件
MNT-001807,2024-10-11 21:00:00,M06,密封件更换,True,5.49,6805.52,维修工A,已修复,建议大修
MNT-001808,2026-04-10 17:00:00,M12,滤芯更换,True,21.69,350.22,维修工A,已修复,建议大修
MNT-001809,2024-02-05 13:00:00,M12,换油,True,12.13,3989.56,维修工D,已修复,
MNT-001810,2026-02-26 22:00:00,M17,密封件更换,True,16.2,2146.06,维修工A,已修复,
MNT-001811,2025-07-12 13:00:00,M24,加热故障,True,3.55,7391.89,外部供应商,已修复,
MNT-001812,2025-05-10 20:00:00,M28,密封件更换,True,3.75,284.16,维修工C,已修复,更换备件
MNT-001813,2026-02-06 07:00:00,M19,故障维修,True,21.14,3449.63,维修工A,已修复,
MNT-001814,2025-05-04 09:00:00,M12,滤芯更换,True,18.24,4104.62,维修工C,已修复,
MNT-001815,2025-01-22 06:00:00,M09,液压故障,True,2.23,5389.15,外部供应商,已修复,
MNT-001816,2025-02-27 17:00:00,M11,滤芯更换,True,18.17,7372.0,维修工B,待跟进,
MNT-001817,2024-05-28 09:00:00,M12,故障维修,True,9.66,1371.91,维修工A,已修复,需要厂家支持
MNT-001818,2025-03-31 05:00:00,M15,电气故障,True,14.63,293.08,维修工B,已修复,
MNT-001819,2024-02-12 03:00:00,M08,换油,True,14.63,1904.42,维修工B,已修复,需要厂家支持
MNT-001820,2024-07-24 20:00:00,M06,滤芯更换,True,13.56,6252.66,维修工B,已修复,
MNT-001821,2024-06-13 12:00:00,M28,注射故障,True,19.82,2435.21,维修工B,已修复,
MNT-001822,2024-06-03 20:00:00,M27,密封件更换,True,2.0,1828.67,外部供应商,已修复,建议大修
MNT-001823,2025-11-12 23:00:00,M12,注射故障,True,23.15,1457.42,外部供应商,已修复,
MNT-001824,2024-07-18 13:00:00,M23,故障维修,True,6.91,2870.93,维修工A,已修复,
MNT-001825,2025-12-03 17:00:00,M05,液压故障,True,22.19,4434.93,维修工B,已修复,
MNT-001826,2024-08-13 01:00:00,M18,滤芯更换,True,15.82,6961.6,维修工D,已修复,
MNT-001827,2025-02-06 21:00:00,M05,滤芯更换,True,12.94,6718.93,外部供应商,已修复,更换备件
MNT-001828,2025-07-09 14:00:00,M14,故障维修,True,4.46,5225.98,维修工A,已修复,
MNT-001829,2024-10-10 13:00:00,M10,锁模故障,True,18.32,3397.17,维修工B,已修复,建议大修
MNT-001830,2025-03-08 20:00:00,M15,加热故障,True,20.36,3676.86,外部供应商,已修复,建议大修
MNT-001831,2025-01-05 00:00:00,M24,换油,True,16.32,4357.0,维修工B,已修复,更换备件
MNT-001832,2024-05-09 01:00:00,M16,液压故障,True,8.29,3530.1,外部供应商,已修复,更换备件
MNT-001833,2025-09-22 11:00:00,M16,故障维修,True,8.45,5215.79,维修工D,已修复,
MNT-001834,2025-04-02 03:00:00,M07,换油,True,3.65,5130.15,维修工D,已修复,需要厂家支持
MNT-001835,2024-10-28 10:00:00,M26,加热故障,True,20.37,6744.55,外部供应商,已修复,需要厂家支持
MNT-001836,2026-04-15 18:00:00,M05,密封件更换,True,22.09,5561.26,维修工A,待跟进,建议大修
MNT-001837,2025-04-02 19:00:00,M10,锁模故障,True,5.36,1236.36,维修工A,已修复,
MNT-001838,2025-09-10 17:00:00,M12,密封件更换,True,18.59,4320.66,维修工D,已修复,需要厂家支持
MNT-001839,2024-06-18 22:00:00,M08,注射故障,True,6.27,6958.47,维修工A,已修复,
MNT-001840,2025-07-12 21:00:00,M01,预防性保养,False,2.13,1100.69,外部供应商,已修复,更换备件
MNT-001841,2026-02-14 22:00:00,M09,预防性保养,False,1.31,554.6,维修工A,已修复,
MNT-001842,2025-01-06 11:00:00,M22,密封件更换,True,14.92,1326.02,维修工C,已修复,更换备件
MNT-001843,2026-03-24 06:00:00,M01,故障维修,True,22.14,1342.18,维修工A,已修复,更换备件
MNT-001844,2024-06-08 20:00:00,M26,加热故障,True,23.3,7150.64,维修工D,已修复,
MNT-001845,2025-01-18 07:00:00,M06,换油,True,22.07,3048.37,维修工D,已修复,
MNT-001846,2024-07-05 03:00:00,M16,故障维修,True,1.91,4280.44,维修工C,已修复,建议大修
MNT-001847,2024-03-18 04:00:00,M22,换油,True,13.57,637.03,维修工C,已修复,建议大修
MNT-001848,2024-12-27 06:00:00,M28,注射故障,True,11.52,6689.74,维修工A,待跟进,需要厂家支持
MNT-001849,2026-02-21 23:00:00,M21,加热故障,True,8.58,4570.48,维修工B,已修复,更换备件
MNT-001850,2026-01-15 06:00:00,M22,换油,True,9.4,6652.35,维修工D,已修复,更换备件
MNT-001851,2025-12-15 14:00:00,M05,锁模故障,True,2.84,2855.58,维修工C,已修复,
MNT-001852,2024-12-27 01:00:00,M06,加热故障,True,8.04,2615.15,维修工C,已修复,
MNT-001853,2024-08-18 11:00:00,M05,预防性保养,False,1.42,911.21,外部供应商,已修复,
MNT-001854,2025-08-30 16:00:00,M09,液压故障,True,20.32,5333.42,外部供应商,已修复,
MNT-001855,2025-11-29 17:00:00,M22,密封件更换,True,8.6,7086.24,外部供应商,已修复,
MNT-001856,2025-08-15 02:00:00,M26,预防性保养,False,2.03,851.02,维修工A,已修复,
MNT-001857,2024-01-01 23:00:00,M09,换油,True,1.53,2590.2,维修工B,已修复,更换备件
MNT-001858,2026-02-11 12:00:00,M05,预防性保养,False,3.31,1479.94,维修工B,待跟进,更换备件
MNT-001859,2025-01-27 17:00:00,M02,锁模故障,True,16.36,3802.32,维修工A,已修复,建议大修
MNT-001860,2025-10-19 08:00:00,M23,换油,True,18.48,2644.25,维修工B,已修复,
MNT-001861,2025-05-22 21:00:00,M19,密封件更换,True,4.06,1307.69,外部供应商,已修复,
MNT-001862,2024-02-21 16:00:00,M03,液压故障,True,2.61,1087.95,外部供应商,已修复,
MNT-001863,2025-08-17 07:00:00,M24,液压故障,True,14.99,6619.0,外部供应商,已修复,
MNT-001864,2026-03-27 10:00:00,M17,滤芯更换,True,20.49,3077.52,维修工B,已修复,建议大修
MNT-001865,2025-01-02 16:00:00,M16,液压故障,True,18.61,6862.06,维修工B,已修复,需要厂家支持
MNT-001866,2024-08-05 07:00:00,M21,密封件更换,True,6.13,7250.29,外部供应商,已修复,
MNT-001867,2024-10-20 22:00:00,M15,预防性保养,False,2.2,1310.07,外部供应商,已修复,建议大修
MNT-001868,2025-01-13 00:00:00,M03,滤芯更换,True,9.59,2050.42,外部供应商,已修复,建议大修
MNT-001869,2025-08-23 18:00:00,M28,预防性保养,False,3.1,1238.04,维修工B,已修复,
MNT-001870,2024-08-21 18:00:00,M04,密封件更换,True,13.55,563.7,外部供应商,已修复,建议大修
MNT-001871,2026-03-12 12:00:00,M29,故障维修,True,11.0,6275.76,外部供应商,已修复,
MNT-001872,2025-10-21 15:00:00,M22,锁模故障,True,3.03,758.56,维修工C,已修复,
MNT-001873,2024-05-13 21:00:00,M26,电气故障,True,12.32,7559.77,维修工B,已修复,
MNT-001874,2025-06-09 16:00:00,M21,电气故障,True,3.64,5169.45,维修工A,已修复,更换备件
MNT-001875,2024-11-24 13:00:00,M24,液压故障,True,14.75,2958.61,维修工A,已修复,
MNT-001876,2025-11-25 15:00:00,M09,密封件更换,True,8.47,7905.41,维修工C,已修复,
MNT-001877,2026-04-12 01:00:00,M02,注射故障,True,4.75,4068.21,维修工D,已修复,
MNT-001878,2026-01-05 22:00:00,M16,注射故障,True,0.98,2571.99,维修工A,已修复,
MNT-001879,2024-07-10 14:00:00,M15,注射故障,True,13.27,7811.11,维修工B,已修复,
MNT-001880,2024-07-08 20:00:00,M25,故障维修,True,17.85,291.73,维修工D,已修复,
MNT-001881,2025-09-20 02:00:00,M06,注射故障,True,7.49,6124.01,维修工A,已修复,建议大修
MNT-001882,2025-12-27 10:00:00,M21,注射故障,True,10.73,4423.67,维修工C,已修复,
MNT-001883,2024-12-12 09:00:00,M17,加热故障,True,3.87,2346.45,维修工B,已修复,
MNT-001884,2025-11-08 21:00:00,M14,电气故障,True,4.41,6320.99,维修工A,已修复,
MNT-001885,2026-04-22 14:00:00,M10,预防性保养,False,0.71,353.23,维修工D,已修复,需要厂家支持
MNT-001886,2024-04-13 12:00:00,M27,锁模故障,True,23.34,2294.41,维修工A,已修复,需要厂家支持
MNT-001887,2024-03-24 15:00:00,M05,预防性保养,False,3.19,1126.9,维修工D,已修复,建议大修
MNT-001888,2024-06-16 00:00:00,M12,锁模故障,True,23.13,2370.39,维修工A,已修复,更换备件
MNT-001889,2026-02-20 06:00:00,M27,电气故障,True,9.92,1034.23,外部供应商,已修复,建议大修
MNT-001890,2025-03-25 03:00:00,M23,电气故障,True,14.42,7364.68,外部供应商,已修复,
MNT-001891,2026-01-27 23:00:00,M24,预防性保养,False,3.47,115.66,维修工D,已修复,
MNT-001892,2024-02-12 05:00:00,M11,加热故障,True,16.95,6105.48,维修工B,已修复,建议大修
MNT-001893,2024-04-15 14:00:00,M27,液压故障,True,10.01,5466.23,维修工D,已修复,
MNT-001894,2024-09-24 18:00:00,M09,加热故障,True,3.16,5126.03,维修工D,已修复,
MNT-001895,2026-03-28 11:00:00,M22,换油,True,11.21,5087.11,维修工C,已修复,更换备件
MNT-001896,2024-02-15 10:00:00,M13,电气故障,True,11.82,3034.92,维修工C,已修复,更换备件
MNT-001897,2024-02-24 15:00:00,M28,液压故障,True,19.55,608.21,维修工C,已修复,需要厂家支持
MNT-001898,2025-12-09 11:00:00,M06,注射故障,True,14.84,3992.34,维修工C,已修复,更换备件
MNT-001899,2024-07-20 07:00:00,M07,锁模故障,True,6.82,2851.71,维修工C,已修复,
MNT-001900,2025-01-26 21:00:00,M03,加热故障,True,13.51,2404.21,维修工D,已修复,
MNT-001901,2026-01-27 20:00:00,M06,液压故障,True,22.91,1232.34,维修工D,已修复,建议大修
MNT-001902,2026-01-01 19:00:00,M02,故障维修,True,23.17,6693.89,维修工B,已修复,建议大修
MNT-001903,2024-05-19 15:00:00,M14,加热故障,True,4.19,3320.44,外部供应商,已修复,建议大修
MNT-001904,2025-06-25 06:00:00,M06,电气故障,True,12.33,980.06,维修工C,已修复,建议大修
MNT-001905,2025-02-11 18:00:00,M08,滤芯更换,True,9.67,6831.14,维修工A,已修复,
MNT-001906,2024-07-07 06:00:00,M12,密封件更换,True,11.13,4641.0,维修工A,已修复,更换备件
MNT-001907,2026-01-31 01:00:00,M11,密封件更换,True,16.82,2406.79,外部供应商,已修复,建议大修
MNT-001908,2025-05-22 05:00:00,M20,滤芯更换,True,1.53,3229.49,维修工B,已修复,建议大修
MNT-001909,2024-05-23 03:00:00,M10,电气故障,True,21.0,3093.57,维修工D,已修复,更换备件
MNT-001910,2025-10-10 01:00:00,M18,锁模故障,True,2.88,2747.38,维修工A,已修复,更换备件
MNT-001911,2024-07-01 17:00:00,M15,换油,True,22.4,6148.87,外部供应商,已修复,更换备件
MNT-001912,2024-10-14 04:00:00,M08,换油,True,1.22,7906.72,维修工A,已修复,
MNT-001913,2025-11-23 23:00:00,M09,预防性保养,False,2.2,1305.22,维修工C,已修复,建议大修
MNT-001914,2025-09-09 17:00:00,M26,故障维修,True,11.53,755.04,维修工D,已修复,更换备件
MNT-001915,2025-07-07 03:00:00,M03,锁模故障,True,19.17,440.59,维修工B,已修复,需要厂家支持
MNT-001916,2024-07-12 14:00:00,M09,换油,True,19.22,7461.2,外部供应商,已修复,更换备件
MNT-001917,2025-11-30 01:00:00,M09,注射故障,True,1.62,1055.28,维修工C,已修复,建议大修
MNT-001918,2025-03-12 20:00:00,M05,换油,True,9.03,6638.95,外部供应商,已修复,建议大修
MNT-001919,2024-01-07 06:00:00,M06,电气故障,True,23.13,3186.53,维修工C,已修复,更换备件
MNT-001920,2025-07-15 12:00:00,M19,故障维修,True,15.35,7765.41,维修工A,已修复,需要厂家支持
MNT-001921,2024-12-03 18:00:00,M09,锁模故障,True,16.86,3482.15,维修工D,已修复,
MNT-001922,2025-06-05 00:00:00,M06,锁模故障,True,18.37,4459.24,维修工B,已修复,
MNT-001923,2025-11-18 19:00:00,M27,加热故障,True,10.26,2630.59,维修工A,已修复,
MNT-001924,2025-08-10 15:00:00,M02,滤芯更换,True,8.18,5038.48,维修工B,待跟进,建议大修
MNT-001925,2025-01-30 20:00:00,M14,锁模故障,True,20.96,5984.81,维修工C,已修复,需要厂家支持
MNT-001926,2024-02-19 13:00:00,M02,液压故障,True,21.22,488.43,维修工B,已修复,建议大修
MNT-001927,2026-03-25 05:00:00,M04,锁模故障,True,7.62,3308.88,维修工C,已修复,需要厂家支持
MNT-001928,2026-01-26 17:00:00,M20,加热故障,True,4.77,4278.98,维修工A,已修复,
MNT-001929,2024-05-13 13:00:00,M09,预防性保养,False,3.05,996.95,外部供应商,已修复,
MNT-001930,2026-04-01 23:00:00,M20,加热故障,True,17.0,647.06,维修工B,已修复,
MNT-001931,2024-08-20 09:00:00,M26,预防性保养,False,2.38,1389.64,外部供应商,已修复,
MNT-001932,2024-08-22 12:00:00,M06,密封件更换,True,3.79,7335.04,维修工D,已修复,
MNT-001933,2026-02-23 21:00:00,M25,液压故障,True,16.38,6101.47,外部供应商,已修复,更换备件
MNT-001934,2025-01-09 19:00:00,M05,电气故障,True,12.0,2955.56,维修工A,已修复,
MNT-001935,2024-11-21 00:00:00,M28,注射故障,True,20.33,4890.02,外部供应商,已修复,建议大修
MNT-001936,2025-04-27 00:00:00,M20,滤芯更换,True,16.43,4006.29,外部供应商,已修复,需要厂家支持
MNT-001937,2025-05-20 11:00:00,M03,电气故障,True,8.8,4443.52,维修工B,已修复,
MNT-001938,2024-02-20 05:00:00,M02,液压故障,True,9.52,4420.69,维修工B,已修复,更换备件
MNT-001939,2024-11-11 04:00:00,M19,故障维修,True,9.92,5783.38,维修工B,已修复,
MNT-001940,2024-05-05 04:00:00,M09,预防性保养,False,0.61,1330.21,维修工D,已修复,
MNT-001941,2024-01-19 03:00:00,M22,故障维修,True,15.83,2307.78,维修工D,已修复,
MNT-001942,2026-02-18 01:00:00,M07,换油,True,5.48,4944.24,维修工D,已修复,更换备件
MNT-001943,2024-12-20 06:00:00,M24,滤芯更换,True,10.46,1764.32,维修工A,已修复,
MNT-001944,2025-10-27 04:00:00,M14,换油,True,14.44,3281.4,维修工B,已修复,
MNT-001945,2024-05-13 09:00:00,M21,滤芯更换,True,0.64,7380.59,维修工A,已修复,
MNT-001946,2025-10-02 20:00:00,M21,密封件更换,True,21.74,905.99,维修工B,已修复,
MNT-001947,2024-09-22 15:00:00,M16,锁模故障,True,15.08,2635.88,维修工B,已修复,建议大修
MNT-001948,2025-02-05 16:00:00,M28,注射故障,True,15.83,1472.98,维修工C,已修复,
MNT-001949,2026-02-08 03:00:00,M20,加热故障,True,14.57,3769.13,外部供应商,已修复,建议大修
MNT-001950,2025-04-30 17:00:00,M13,加热故障,True,16.87,904.36,维修工D,已修复,更换备件
MNT-001951,2025-08-01 19:00:00,M21,锁模故障,True,0.68,4206.31,维修工B,已修复,
MNT-001952,2025-09-11 19:00:00,M07,密封件更换,True,10.37,2940.86,外部供应商,已修复,
MNT-001953,2024-02-24 16:00:00,M01,电气故障,True,14.23,5777.05,维修工A,已修复,
MNT-001954,2024-12-25 12:00:00,M25,滤芯更换,True,2.51,1628.95,维修工B,已修复,更换备件
MNT-001955,2025-02-09 11:00:00,M09,换油,True,15.97,4294.65,维修工A,已修复,
MNT-001956,2025-04-02 08:00:00,M13,预防性保养,False,1.86,1238.82,外部供应商,已修复,建议大修
MNT-001957,2026-04-11 21:00:00,M04,密封件更换,True,15.02,7251.78,维修工C,已修复,
MNT-001958,2025-11-23 21:00:00,M07,故障维修,True,7.5,2987.81,维修工A,已修复,建议大修
MNT-001959,2024-08-18 19:00:00,M20,换油,True,4.93,5989.09,维修工C,已修复,更换备件
MNT-001960,2024-04-25 19:00:00,M05,电气故障,True,22.62,1836.25,维修工A,已修复,需要厂家支持
MNT-001961,2025-12-25 07:00:00,M13,换油,True,5.04,4979.59,外部供应商,已修复,
MNT-001962,2024-10-18 14:00:00,M21,液压故障,True,13.06,938.43,维修工C,已修复,更换备件
MNT-001963,2025-10-27 19:00:00,M03,锁模故障,True,7.43,992.8,维修工C,已修复,需要厂家支持
MNT-001964,2025-11-23 06:00:00,M25,预防性保养,False,3.17,232.85,维修工C,已修复,建议大修
MNT-001965,2025-11-03 16:00:00,M06,电气故障,True,1.27,968.05,维修工A,已修复,
MNT-001966,2024-11-12 07:00:00,M21,电气故障,True,19.31,1076.21,外部供应商,已修复,需要厂家支持
MNT-001967,2026-04-12 03:00:00,M16,密封件更换,True,23.28,2803.66,维修工A,已修复,更换备件
MNT-001968,2025-01-14 04:00:00,M11,液压故障,True,5.17,5366.97,维修工B,已修复,
MNT-001969,2025-12-12 23:00:00,M08,电气故障,True,10.53,4810.38,维修工C,已修复,
MNT-001970,2026-02-21 10:00:00,M01,锁模故障,True,7.2,3405.55,维修工C,已修复,
MNT-001971,2025-10-02 07:00:00,M24,电气故障,True,7.48,6524.97,维修工D,已修复,
MNT-001972,2025-02-11 08:00:00,M02,换油,True,4.09,3033.89,维修工A,已修复,更换备件
MNT-001973,2025-04-06 22:00:00,M08,滤芯更换,True,6.96,7534.15,维修工C,待跟进,
MNT-001974,2025-08-04 17:00:00,M11,故障维修,True,16.65,6563.41,维修工C,已修复,
MNT-001975,2025-12-07 13:00:00,M11,液压故障,True,10.23,4488.93,维修工C,已修复,
MNT-001976,2026-04-14 06:00:00,M06,滤芯更换,True,23.0,937.75,维修工D,已修复,建议大修
MNT-001977,2025-01-10 19:00:00,M29,故障维修,True,0.99,354.01,维修工B,已修复,更换备件
MNT-001978,2025-07-16 15:00:00,M20,加热故障,True,10.53,4908.86,维修工B,已修复,建议大修
MNT-001979,2024-07-28 06:00:00,M26,滤芯更换,True,11.99,6307.22,维修工B,已修复,
MNT-001980,2024-09-14 18:00:00,M20,故障维修,True,21.74,4116.55,维修工B,已修复,
MNT-001981,2024-04-13 16:00:00,M17,故障维修,True,8.69,7308.85,维修工C,已修复,更换备件
MNT-001982,2025-08-23 19:00:00,M08,锁模故障,True,14.01,1043.89,外部供应商,已修复,
MNT-001983,2025-12-17 14:00:00,M06,密封件更换,True,4.5,7412.85,维修工D,已修复,建议大修
MNT-001984,2024-01-18 12:00:00,M22,锁模故障,True,22.44,1319.95,外部供应商,已修复,
MNT-001985,2025-09-08 07:00:00,M20,故障维修,True,21.24,1890.33,维修工C,已修复,
MNT-001986,2024-06-26 18:00:00,M03,换油,True,22.5,3579.93,外部供应商,已修复,
MNT-001987,2025-07-28 23:00:00,M03,密封件更换,True,9.89,877.9,维修工C,已修复,更换备件
MNT-001988,2024-01-27 22:00:00,M20,电气故障,True,21.59,1995.35,外部供应商,已修复,
MNT-001989,2026-03-08 07:00:00,M06,加热故障,True,21.91,578.73,维修工D,已修复,更换备件
MNT-001990,2025-12-21 11:00:00,M17,注射故障,True,11.74,4985.8,维修工D,已修复,建议大修
MNT-001991,2025-03-19 04:00:00,M24,预防性保养,False,3.41,1235.35,维修工D,已修复,
MNT-001992,2025-01-13 13:00:00,M22,液压故障,True,5.36,1867.77,维修工C,已修复,
MNT-001993,2025-06-18 02:00:00,M25,加热故障,True,3.17,3833.86,维修工C,已修复,
MNT-001994,2025-10-02 13:00:00,M24,电气故障,True,9.34,7866.6,维修工C,已修复,建议大修
MNT-001995,2026-04-22 23:00:00,M07,液压故障,True,8.22,5029.38,维修工B,已修复,
MNT-001996,2024-06-01 18:00:00,M07,密封件更换,True,15.65,5945.32,外部供应商,已修复,更换备件
MNT-001997,2024-07-10 16:00:00,M10,加热故障,True,16.43,304.63,外部供应商,已修复,更换备件
MNT-001998,2025-04-30 00:00:00,M07,加热故障,True,16.61,4602.75,维修工D,已修复,建议大修
MNT-001999,2025-01-14 01:00:00,M18,滤芯更换,True,2.63,7141.48,维修工C,已修复,
MNT-002000,2024-01-27 12:00:00,M11,注射故障,True,22.17,4300.11,外部供应商,已修复,需要厂家支持
MNT-002001,2026-03-05 08:00:00,M20,注射故障,True,15.48,3064.86,维修工D,已修复,需要厂家支持
MNT-002002,2026-04-25 18:00:00,M12,液压故障,True,15.74,1221.96,维修工B,已修复,建议大修
MNT-002003,2024-04-12 01:00:00,M29,故障维修,True,9.63,2437.32,维修工A,已修复,建议大修
MNT-002004,2024-07-08 01:00:00,M24,故障维修,True,15.59,1931.03,外部供应商,已修复,更换备件
MNT-002005,2024-07-24 13:00:00,M19,电气故障,True,19.12,5465.47,维修工A,已修复,更换备件
MNT-002006,2026-04-02 01:00:00,M23,预防性保养,False,0.76,1086.6,外部供应商,已修复,建议大修
MNT-002007,2024-01-07 04:00:00,M02,电气故障,True,18.3,1476.64,外部供应商,已修复,
MNT-002008,2025-08-19 12:00:00,M22,预防性保养,False,2.79,543.82,维修工A,已修复,更换备件
MNT-002009,2025-12-16 23:00:00,M01,电气故障,True,5.99,5971.6,维修工C,已修复,
MNT-002010,2025-03-23 15:00:00,M07,液压故障,True,21.42,1950.44,维修工A,已修复,
MNT-002011,2025-07-28 19:00:00,M20,密封件更换,True,14.45,1424.27,维修工D,已修复,
MNT-002012,2025-03-07 00:00:00,M08,换油,True,6.82,4272.42,维修工B,已修复,
MNT-002013,2024-02-03 17:00:00,M10,电气故障,True,18.95,828.81,维修工B,已修复,
MNT-002014,2025-07-05 22:00:00,M17,电气故障,True,1.4,417.59,维修工D,已修复,
MNT-002015,2025-02-05 17:00:00,M07,液压故障,True,16.59,5545.56,外部供应商,待跟进,
MNT-002016,2025-12-31 06:00:00,M15,加热故障,True,16.6,4178.45,维修工D,已修复,
MNT-002017,2025-05-30 16:00:00,M21,加热故障,True,19.33,382.5,维修工A,已修复,
MNT-002018,2025-10-28 07:00:00,M26,液压故障,True,3.07,3777.13,外部供应商,已修复,需要厂家支持
MNT-002019,2024-02-02 18:00:00,M28,密封件更换,True,14.89,6713.44,外部供应商,已修复,
MNT-002020,2025-08-16 09:00:00,M15,电气故障,True,17.32,4590.56,外部供应商,已修复,
MNT-002021,2024-07-16 18:00:00,M08,滤芯更换,True,1.23,1012.36,维修工D,已修复,需要厂家支持
MNT-002022,2025-12-23 08:00:00,M09,预防性保养,False,1.65,286.19,维修工C,已修复,
MNT-002023,2024-06-19 03:00:00,M29,锁模故障,True,19.14,1686.66,维修工A,已修复,更换备件
MNT-002024,2025-04-19 06:00:00,M13,液压故障,True,17.7,1098.94,维修工B,已修复,
MNT-002025,2025-07-09 04:00:00,M01,密封件更换,True,14.87,4094.75,维修工A,已修复,
MNT-002026,2025-07-09 03:00:00,M09,注射故障,True,6.71,793.75,外部供应商,已修复,
MNT-002027,2025-07-01 16:00:00,M09,密封件更换,True,11.44,3659.21,维修工D,已修复,更换备件
MNT-002028,2024-01-21 01:00:00,M06,预防性保养,False,0.68,635.72,维修工A,已修复,
MNT-002029,2024-02-26 16:00:00,M28,锁模故障,True,3.23,6962.56,维修工D,已修复,
MNT-002030,2024-02-11 23:00:00,M21,加热故障,True,14.06,5167.78,维修工D,已修复,
MNT-002031,2025-11-04 11:00:00,M22,密封件更换,True,20.85,2665.03,维修工C,已修复,
MNT-002032,2025-07-09 14:00:00,M05,换油,True,18.58,2034.41,维修工B,已修复,更换备件
MNT-002033,2024-02-04 01:00:00,M20,电气故障,True,11.21,4260.66,维修工B,已修复,
MNT-002034,2025-10-10 05:00:00,M18,密封件更换,True,11.74,6694.85,维修工A,已修复,
MNT-002035,2024-06-15 19:00:00,M16,滤芯更换,True,13.11,6964.24,外部供应商,已修复,
MNT-002036,2024-12-04 03:00:00,M13,液压故障,True,15.35,1365.72,维修工B,已修复,
MNT-002037,2024-11-21 09:00:00,M03,换油,True,13.0,3767.2,外部供应商,已修复,需要厂家支持
MNT-002038,2025-07-10 04:00:00,M28,故障维修,True,20.19,236.1,维修工C,已修复,
MNT-002039,2024-07-23 22:00:00,M06,故障维修,True,19.18,1940.22,维修工D,已修复,
MNT-002040,2026-02-22 20:00:00,M15,故障维修,True,19.24,5796.49,外部供应商,已修复,更换备件
MNT-002041,2026-01-03 16:00:00,M06,密封件更换,True,0.53,2444.15,外部供应商,已修复,
MNT-002042,2025-12-28 06:00:00,M05,注射故障,True,19.59,5330.3,维修工D,已修复,
MNT-002043,2025-07-19 06:00:00,M09,故障维修,True,4.41,7793.19,维修工C,已修复,需要厂家支持
MNT-002044,2024-03-04 00:00:00,M03,故障维修,True,9.85,4337.37,维修工A,已修复,需要厂家支持
MNT-002045,2026-02-03 13:00:00,M28,换油,True,16.43,1968.48,外部供应商,已修复,更换备件
MNT-002046,2025-05-20 19:00:00,M14,密封件更换,True,10.74,5649.2,维修工A,已修复,
MNT-002047,2025-04-19 10:00:00,M06,滤芯更换,True,2.83,1391.3,维修工A,已修复,建议大修
MNT-002048,2025-04-21 03:00:00,M12,加热故障,True,1.16,454.62,维修工C,已修复,
MNT-002049,2025-01-04 17:00:00,M21,加热故障,True,14.93,6444.05,维修工B,已修复,
MNT-002050,2024-06-06 03:00:00,M17,密封件更换,True,16.97,3238.3,外部供应商,已修复,需要厂家支持
MNT-002051,2025-06-02 14:00:00,M09,液压故障,True,10.95,4175.19,维修工D,已修复,需要厂家支持
MNT-002052,2026-03-13 06:00:00,M04,预防性保养,False,1.09,1085.93,维修工B,已修复,更换备件
MNT-002053,2025-05-29 04:00:00,M06,换油,True,23.63,5156.11,外部供应商,已修复,
MNT-002054,2025-07-21 15:00:00,M08,液压故障,True,18.75,6960.54,维修工A,已修复,需要厂家支持
MNT-002055,2025-10-26 04:00:00,M29,注射故障,True,15.92,2963.72,外部供应商,已修复,
MNT-002056,2025-10-05 01:00:00,M16,故障维修,True,4.93,4219.44,维修工D,已修复,
MNT-002057,2024-05-30 04:00:00,M05,注射故障,True,8.16,3440.87,外部供应商,已修复,
MNT-002058,2026-01-08 10:00:00,M16,密封件更换,True,11.51,4614.09,维修工A,已修复,
MNT-002059,2025-08-18 16:00:00,M21,锁模故障,True,6.85,1113.77,维修工D,已修复,
MNT-002060,2026-02-12 15:00:00,M27,故障维修,True,6.73,5359.05,维修工D,已修复,需要厂家支持
MNT-002061,2024-06-02 20:00:00,M23,加热故障,True,6.72,7862.24,维修工C,已修复,
MNT-002062,2024-01-20 18:00:00,M25,密封件更换,True,20.77,5042.71,外部供应商,已修复,
MNT-002063,2024-11-05 16:00:00,M26,加热故障,True,7.45,7670.01,维修工C,已修复,
MNT-002064,2025-12-22 23:00:00,M01,密封件更换,True,19.06,3894.61,维修工B,已修复,更换备件
MNT-002065,2026-01-07 10:00:00,M21,换油,True,16.22,1361.07,维修工D,已修复,建议大修
MNT-002066,2025-08-26 14:00:00,M07,液压故障,True,20.5,5345.88,维修工D,已修复,
MNT-002067,2026-02-23 08:00:00,M29,滤芯更换,True,4.4,3029.16,维修工C,待跟进,
MNT-002068,2025-11-19 10:00:00,M07,液压故障,True,12.02,6767.2,维修工C,已修复,更换备件
MNT-002069,2024-09-08 17:00:00,M07,密封件更换,True,21.63,3762.49,维修工C,已修复,需要厂家支持
MNT-002070,2025-06-22 22:00:00,M17,故障维修,True,23.17,4644.65,外部供应商,已修复,建议大修
MNT-002071,2024-07-27 18:00:00,M12,故障维修,True,13.79,1834.27,维修工B,已修复,更换备件
MNT-002072,2024-01-25 08:00:00,M26,电气故障,True,22.95,3926.3,维修工B,已修复,建议大修
MNT-002073,2025-03-29 16:00:00,M23,注射故障,True,15.37,4275.11,外部供应商,已修复,更换备件
MNT-002074,2025-05-18 14:00:00,M19,密封件更换,True,3.39,5604.5,维修工C,已修复,建议大修
MNT-002075,2024-03-22 03:00:00,M07,滤芯更换,True,9.86,5667.73,维修工A,已修复,更换备件
MNT-002076,2024-05-15 22:00:00,M25,滤芯更换,True,11.26,715.99,外部供应商,已修复,建议大修
MNT-002077,2025-12-29 07:00:00,M22,注射故障,True,7.93,260.58,维修工C,已修复,建议大修
MNT-002078,2024-09-21 21:00:00,M12,加热故障,True,19.08,6844.91,维修工C,已修复,
MNT-002079,2025-10-07 22:00:00,M08,电气故障,True,8.69,2244.18,维修工C,已修复,建议大修
MNT-002080,2026-03-04 19:00:00,M01,预防性保养,False,3.15,1447.16,外部供应商,已修复,建议大修
MNT-002081,2024-05-04 07:00:00,M25,锁模故障,True,15.41,7800.1,维修工D,已修复,
MNT-002082,2026-03-06 00:00:00,M03,液压故障,True,13.63,1079.07,维修工D,已修复,
MNT-002083,2024-06-08 11:00:00,M17,密封件更换,True,23.01,2200.05,外部供应商,已修复,
MNT-002084,2025-09-07 05:00:00,M26,故障维修,True,14.75,6205.47,维修工A,已修复,更换备件
MNT-002085,2026-01-01 12:00:00,M16,加热故障,True,19.56,5247.78,维修工D,已修复,需要厂家支持
MNT-002086,2024-01-24 05:00:00,M26,液压故障,True,22.37,6079.63,维修工C,已修复,更换备件
MNT-002087,2025-08-08 17:00:00,M21,滤芯更换,True,5.6,7834.71,维修工A,已修复,
MNT-002088,2025-01-13 11:00:00,M01,电气故障,True,4.04,1484.44,维修工B,已修复,
MNT-002089,2024-01-02 18:00:00,M09,加热故障,True,0.79,3925.32,维修工A,已修复,
MNT-002090,2025-03-01 18:00:00,M12,故障维修,True,8.01,7404.91,维修工B,已修复,需要厂家支持
MNT-002091,2025-10-04 03:00:00,M21,加热故障,True,8.36,6809.17,维修工C,已修复,
MNT-002092,2024-06-16 03:00:00,M19,密封件更换,True,11.71,7756.49,外部供应商,已修复,
MNT-002093,2024-02-15 08:00:00,M24,换油,True,16.66,6315.38,维修工B,已修复,
MNT-002094,2025-09-26 18:00:00,M17,密封件更换,True,9.3,6480.43,维修工B,已修复,
MNT-002095,2025-07-24 01:00:00,M22,预防性保养,False,3.69,1175.52,维修工C,已修复,
MNT-002096,2024-05-31 13:00:00,M18,液压故障,True,22.84,3367.09,维修工B,已修复,
MNT-002097,2025-03-07 00:00:00,M12,换油,True,2.78,6929.22,维修工C,已修复,更换备件
MNT-002098,2025-01-16 23:00:00,M10,换油,True,14.73,6688.41,维修工A,已修复,建议大修
MNT-002099,2024-01-21 14:00:00,M11,故障维修,True,11.36,6386.78,维修工B,已修复,
MNT-002100,2025-08-15 15:00:00,M20,故障维修,True,18.64,7323.03,维修工A,已修复,建议大修
MNT-002101,2026-04-20 07:00:00,M23,故障维修,True,0.62,4402.69,外部供应商,已修复,需要厂家支持
MNT-002102,2024-09-13 12:00:00,M17,密封件更换,True,12.33,7226.42,维修工C,已修复,更换备件
MNT-002103,2024-08-26 23:00:00,M26,密封件更换,True,1.46,6157.8,维修工C,已修复,更换备件
MNT-002104,2024-11-21 02:00:00,M05,液压故障,True,15.17,1845.16,维修工A,已修复,需要厂家支持
MNT-002105,2024-11-26 12:00:00,M02,液压故障,True,9.11,1347.01,外部供应商,已修复,更换备件
MNT-002106,2025-07-18 14:00:00,M10,电气故障,True,2.72,6468.13,外部供应商,已修复,建议大修
MNT-002107,2025-08-11 01:00:00,M14,注射故障,True,7.61,6816.96,维修工A,已修复,建议大修
MNT-002108,2025-02-05 04:00:00,M19,电气故障,True,23.47,3170.51,维修工D,已修复,更换备件
MNT-002109,2025-08-05 08:00:00,M10,锁模故障,True,8.68,5789.69,维修工D,已修复,建议大修
MNT-002110,2024-12-01 12:00:00,M11,密封件更换,True,21.31,831.17,维修工A,已修复,更换备件
MNT-002111,2025-09-27 14:00:00,M05,注射故障,True,0.78,1213.82,外部供应商,已修复,需要厂家支持
MNT-002112,2025-06-25 10:00:00,M03,密封件更换,True,3.96,468.07,外部供应商,已修复,更换备件
MNT-002113,2026-02-22 01:00:00,M26,滤芯更换,True,17.18,4727.79,维修工D,已修复,
MNT-002114,2025-09-07 18:00:00,M27,滤芯更换,True,16.23,2308.02,维修工C,已修复,
MNT-002115,2025-05-09 22:00:00,M24,换油,True,21.82,839.14,维修工D,已修复,建议大修
MNT-002116,2025-10-23 10:00:00,M24,滤芯更换,True,17.9,1459.41,外部供应商,已修复,更换备件
MNT-002117,2024-09-28 18:00:00,M23,液压故障,True,19.67,7701.93,维修工D,已修复,
MNT-002118,2025-02-13 17:00:00,M05,加热故障,True,21.45,1244.83,维修工B,已修复,
MNT-002119,2026-02-28 11:00:00,M10,锁模故障,True,22.36,3281.2,维修工B,已修复,建议大修
MNT-002120,2024-08-19 11:00:00,M12,注射故障,True,9.15,792.99,维修工D,已修复,
MNT-002121,2024-02-10 01:00:00,M06,注射故障,True,17.94,5260.84,维修工D,已修复,
MNT-002122,2025-11-22 21:00:00,M10,加热故障,True,22.57,4374.4,维修工C,已修复,
MNT-002123,2026-04-17 11:00:00,M15,加热故障,True,0.54,6350.55,维修工B,已修复,
MNT-002124,2025-10-09 23:00:00,M06,锁模故障,True,6.75,2156.94,维修工A,已修复,
MNT-002125,2025-08-22 04:00:00,M25,注射故障,True,17.2,6078.9,外部供应商,已修复,建议大修
MNT-002126,2024-09-18 22:00:00,M04,密封件更换,True,18.16,2208.91,外部供应商,已修复,
MNT-002127,2024-05-02 08:00:00,M06,电气故障,True,20.76,6371.3,外部供应商,已修复,
MNT-002128,2026-03-23 05:00:00,M16,注射故障,True,9.89,2908.97,维修工D,已修复,
MNT-002129,2025-12-01 05:00:00,M09,液压故障,True,10.88,5586.96,维修工C,已修复,
MNT-002130,2025-05-19 07:00:00,M16,密封件更换,True,17.09,3008.06,维修工C,已修复,
MNT-002131,2025-02-26 04:00:00,M29,锁模故障,True,7.57,2270.1,维修工D,已修复,需要厂家支持
MNT-002132,2024-01-01 15:00:00,M05,故障维修,True,15.12,219.83,维修工D,已修复,
MNT-002133,2025-05-27 13:00:00,M18,锁模故障,True,13.31,2743.82,外部供应商,已修复,
MNT-002134,2024-09-09 08:00:00,M10,锁模故障,True,21.47,2033.53,维修工C,已修复,
MNT-002135,2026-01-29 01:00:00,M28,滤芯更换,True,14.45,6598.76,维修工B,已修复,
MNT-002136,2025-05-13 06:00:00,M28,密封件更换,True,16.9,2212.12,维修工A,已修复,
MNT-002137,2025-01-03 02:00:00,M05,故障维修,True,19.86,7917.02,维修工C,已修复,
MNT-002138,2024-11-10 13:00:00,M28,电气故障,True,15.85,2763.14,维修工A,已修复,
MNT-002139,2024-06-23 02:00:00,M28,液压故障,True,11.12,5559.46,外部供应商,已修复,
MNT-002140,2024-11-26 11:00:00,M24,换油,True,17.73,5916.42,维修工A,已修复,
MNT-002141,2025-01-03 17:00:00,M04,锁模故障,True,9.88,5092.92,外部供应商,已修复,建议大修
MNT-002142,2026-01-21 00:00:00,M28,电气故障,True,22.57,7103.7,外部供应商,已修复,
MNT-002143,2025-09-26 10:00:00,M01,密封件更换,True,3.53,3542.35,维修工D,已修复,需要厂家支持
MNT-002144,2025-09-15 00:00:00,M20,故障维修,True,12.5,1151.63,维修工D,已修复,
MNT-002145,2026-02-04 17:00:00,M08,故障维修,True,14.43,696.33,维修工D,已修复,
MNT-002146,2026-03-01 00:00:00,M20,锁模故障,True,11.56,7897.0,外部供应商,已修复,
MNT-002147,2025-04-30 17:00:00,M04,故障维修,True,9.33,5975.6,维修工B,已修复,更换备件
MNT-002148,2024-12-11 05:00:00,M25,液压故障,True,11.11,5823.25,维修工B,已修复,需要厂家支持
MNT-002149,2025-10-29 09:00:00,M04,滤芯更换,True,12.06,1005.89,维修工B,已修复,更换备件
MNT-002150,2025-06-01 23:00:00,M19,注射故障,True,17.72,362.28,维修工B,已修复,
MNT-002151,2025-05-06 02:00:00,M22,电气故障,True,21.41,4965.9,维修工C,已修复,建议大修
MNT-002152,2026-04-25 17:00:00,M04,电气故障,True,23.58,1095.24,维修工B,已修复,
MNT-002153,2026-02-24 07:00:00,M05,加热故障,True,8.68,620.82,维修工D,待跟进,更换备件
MNT-002154,2024-03-06 07:00:00,M10,密封件更换,True,18.27,2923.62,维修工C,已修复,
MNT-002155,2025-06-26 10:00:00,M25,密封件更换,True,23.88,3107.37,维修工C,已修复,建议大修
MNT-002156,2025-08-16 12:00:00,M24,故障维修,True,14.29,2401.08,维修工B,待跟进,需要厂家支持
MNT-002157,2025-10-31 05:00:00,M06,换油,True,17.79,5029.51,维修工C,已修复,需要厂家支持
MNT-002158,2025-02-25 15:00:00,M15,故障维修,True,16.79,273.49,外部供应商,已修复,需要厂家支持
MNT-002159,2025-01-23 10:00:00,M21,注射故障,True,6.47,3808.1,维修工A,已修复,建议大修
MNT-002160,2025-02-03 02:00:00,M21,加热故障,True,6.58,4994.39,维修工D,已修复,
MNT-002161,2024-01-01 11:00:00,M02,故障维修,True,6.87,7151.71,维修工D,已修复,建议大修
MNT-002162,2024-02-09 06:00:00,M03,锁模故障,True,17.15,5752.82,维修工A,已修复,
MNT-002163,2025-09-08 22:00:00,M13,液压故障,True,5.5,5562.7,维修工D,已修复,更换备件
MNT-002164,2025-05-03 13:00:00,M22,密封件更换,True,10.39,2667.14,维修工A,已修复,
MNT-002165,2025-06-27 23:00:00,M12,加热故障,True,2.16,6461.27,维修工C,已修复,需要厂家支持
MNT-002166,2025-03-12 20:00:00,M21,锁模故障,True,14.42,7404.93,维修工A,已修复,更换备件
MNT-002167,2025-09-06 03:00:00,M27,换油,True,3.83,4392.95,外部供应商,已修复,需要厂家支持
MNT-002168,2025-02-04 02:00:00,M08,电气故障,True,15.01,5638.34,维修工A,已修复,
MNT-002169,2024-03-03 17:00:00,M12,锁模故障,True,11.83,4730.51,维修工C,已修复,更换备件
MNT-002170,2025-09-26 23:00:00,M06,预防性保养,False,2.78,110.97,外部供应商,已修复,更换备件
MNT-002171,2024-07-13 16:00:00,M12,滤芯更换,True,5.97,6642.73,维修工C,已修复,建议大修
MNT-002172,2024-06-29 15:00:00,M26,滤芯更换,True,2.68,522.23,维修工B,已修复,
MNT-002173,2025-04-12 19:00:00,M04,预防性保养,False,2.47,320.34,维修工C,已修复,需要厂家支持
MNT-002174,2025-05-11 17:00:00,M13,锁模故障,True,10.99,2400.84,维修工B,已修复,
MNT-002175,2024-03-18 00:00:00,M15,故障维修,True,6.37,7057.94,维修工D,已修复,
MNT-002176,2026-04-02 03:00:00,M27,液压故障,True,12.87,7164.64,维修工A,已修复,
MNT-002177,2025-01-07 13:00:00,M06,电气故障,True,13.24,5741.35,维修工B,已修复,
MNT-002178,2026-01-11 17:00:00,M19,密封件更换,True,5.33,3143.0,外部供应商,已修复,更换备件
MNT-002179,2024-09-26 16:00:00,M21,换油,True,15.5,6174.58,维修工A,已修复,
MNT-002180,2024-08-28 09:00:00,M15,锁模故障,True,2.42,539.63,维修工A,已修复,
MNT-002181,2025-10-14 00:00:00,M10,注射故障,True,22.59,7226.63,外部供应商,已修复,需要厂家支持
MNT-002182,2025-08-12 12:00:00,M12,液压故障,True,2.53,7889.11,维修工C,已修复,
MNT-002183,2024-02-27 22:00:00,M16,滤芯更换,True,23.58,3566.83,维修工C,已修复,
MNT-002184,2024-07-15 19:00:00,M27,电气故障,True,12.78,7046.02,维修工C,已修复,更换备件
MNT-002185,2024-02-19 21:00:00,M01,滤芯更换,True,3.49,5105.33,维修工B,已修复,
MNT-002186,2024-06-01 05:00:00,M01,电气故障,True,22.81,4033.07,维修工A,已修复,需要厂家支持
MNT-002187,2025-05-21 09:00:00,M19,换油,True,3.69,927.08,维修工C,已修复,
MNT-002188,2024-09-12 17:00:00,M26,换油,True,14.12,4791.88,维修工D,已修复,建议大修
MNT-002189,2024-11-22 15:00:00,M11,电气故障,True,3.91,4089.12,外部供应商,已修复,更换备件
MNT-002190,2024-07-22 03:00:00,M29,故障维修,True,22.82,1489.27,维修工D,已修复,建议大修
MNT-002191,2024-08-03 11:00:00,M14,密封件更换,True,1.66,676.22,维修工D,已修复,
MNT-002192,2024-06-20 20:00:00,M23,换油,True,6.06,2025.12,维修工A,已修复,
MNT-002193,2025-12-27 08:00:00,M11,密封件更换,True,3.78,6922.34,维修工B,已修复,
MNT-002194,2025-05-31 17:00:00,M12,注射故障,True,16.12,4570.69,维修工A,已修复,
MNT-002195,2024-10-21 07:00:00,M22,密封件更换,True,20.38,1292.28,维修工D,已修复,
MNT-002196,2026-04-03 23:00:00,M08,换油,True,6.89,6083.81,维修工B,已修复,
MNT-002197,2025-01-26 18:00:00,M14,密封件更换,True,14.26,5628.21,维修工D,已修复,
MNT-002198,2025-06-26 00:00:00,M05,锁模故障,True,21.11,3202.77,外部供应商,已修复,
MNT-002199,2026-03-30 06:00:00,M05,预防性保养,False,2.19,293.29,外部供应商,已修复,
MNT-002200,2024-12-31 22:00:00,M16,滤芯更换,True,8.9,1315.15,维修工B,已修复,
MNT-002201,2024-03-27 13:00:00,M23,电气故障,True,4.93,3204.13,维修工A,已修复,
MNT-002202,2026-04-14 09:00:00,M14,锁模故障,True,10.67,4037.54,维修工C,已修复,更换备件
MNT-002203,2024-07-02 07:00:00,M07,密封件更换,True,4.79,6941.61,维修工D,已修复,需要厂家支持
MNT-002204,2025-03-15 23:00:00,M25,注射故障,True,19.92,747.02,维修工D,已修复,
MNT-002205,2025-03-29 00:00:00,M09,电气故障,True,4.23,4204.24,维修工A,已修复,
MNT-002206,2025-09-13 00:00:00,M29,换油,True,10.18,2009.69,维修工C,已修复,
MNT-002207,2025-03-24 17:00:00,M15,注射故障,True,15.05,7608.98,维修工B,已修复,
MNT-002208,2024-09-05 18:00:00,M03,注射故障,True,9.81,6743.96,维修工B,待跟进,
MNT-002209,2024-04-23 07:00:00,M20,滤芯更换,True,7.76,1625.33,维修工C,已修复,更换备件
MNT-002210,2025-10-22 15:00:00,M28,预防性保养,False,0.53,611.37,维修工C,已修复,更换备件
MNT-002211,2025-02-12 09:00:00,M24,锁模故障,True,10.24,2414.82,外部供应商,已修复,建议大修
MNT-002212,2025-02-25 01:00:00,M04,密封件更换,True,19.95,2596.31,维修工D,已修复,建议大修
MNT-002213,2024-04-26 11:00:00,M12,锁模故障,True,7.8,2995.31,维修工B,已修复,更换备件
MNT-002214,2024-10-22 08:00:00,M20,液压故障,True,19.19,5823.45,维修工C,已修复,
MNT-002215,2026-01-04 04:00:00,M24,密封件更换,True,17.47,7519.23,维修工B,已修复,需要厂家支持
MNT-002216,2024-05-24 01:00:00,M29,预防性保养,False,2.16,293.55,维修工D,已修复,需要厂家支持
MNT-002217,2024-03-12 14:00:00,M01,换油,True,23.71,5998.02,维修工A,已修复,
MNT-002218,2024-05-25 00:00:00,M24,锁模故障,True,13.2,2118.31,维修工B,已修复,建议大修
MNT-002219,2025-07-19 22:00:00,M04,注射故障,True,9.83,6273.61,维修工D,已修复,
MNT-002220,2025-02-25 23:00:00,M04,注射故障,True,15.56,3036.02,维修工A,已修复,建议大修
MNT-002221,2025-03-01 09:00:00,M20,锁模故障,True,20.45,5330.6,外部供应商,已修复,
MNT-002222,2025-04-19 16:00:00,M04,密封件更换,True,21.27,5053.99,维修工D,待跟进,
MNT-002223,2024-05-08 01:00:00,M06,故障维修,True,21.05,1884.02,维修工C,已修复,
MNT-002224,2026-01-04 04:00:00,M04,锁模故障,True,22.26,6294.54,外部供应商,已修复,建议大修
MNT-002225,2025-06-12 09:00:00,M16,密封件更换,True,7.01,7480.7,维修工D,已修复,
MNT-002226,2025-01-11 08:00:00,M01,故障维修,True,16.29,400.74,维修工C,已修复,
MNT-002227,2025-01-02 23:00:00,M17,预防性保养,False,2.75,579.87,维修工C,待跟进,
MNT-002228,2025-10-31 05:00:00,M06,锁模故障,True,22.27,5840.71,维修工D,已修复,需要厂家支持
MNT-002229,2024-10-23 20:00:00,M18,液压故障,True,6.1,4699.18,维修工C,已修复,建议大修
MNT-002230,2025-02-11 11:00:00,M12,预防性保养,False,2.79,831.1,外部供应商,已修复,需要厂家支持
MNT-002231,2025-02-28 02:00:00,M14,预防性保养,False,1.15,1312.57,外部供应商,已修复,
MNT-002232,2024-04-27 11:00:00,M10,电气故障,True,7.49,3655.09,维修工B,已修复,建议大修
MNT-002233,2025-09-15 08:00:00,M29,加热故障,True,6.67,235.21,维修工B,已修复,更换备件
MNT-002234,2025-10-01 05:00:00,M23,锁模故障,True,21.87,887.68,维修工A,已修复,
MNT-002235,2025-05-08 19:00:00,M04,滤芯更换,True,11.07,3471.36,外部供应商,已修复,
MNT-002236,2025-10-05 19:00:00,M15,滤芯更换,True,14.48,4757.32,维修工D,已修复,建议大修
MNT-002237,2024-03-14 14:00:00,M22,密封件更换,True,2.56,1547.2,维修工B,已修复,
MNT-002238,2024-07-30 10:00:00,M19,预防性保养,False,1.87,426.05,维修工D,已修复,需要厂家支持
MNT-002239,2025-07-28 02:00:00,M04,锁模故障,True,19.87,2910.01,维修工A,已修复,
MNT-002240,2026-04-01 15:00:00,M09,换油,True,12.52,280.77,维修工B,待跟进,更换备件
MNT-002241,2025-06-12 23:00:00,M09,密封件更换,True,19.29,1305.3,维修工D,已修复,更换备件
MNT-002242,2025-06-19 17:00:00,M11,加热故障,True,20.93,2551.91,维修工C,已修复,需要厂家支持
MNT-002243,2026-03-21 07:00:00,M24,电气故障,True,20.26,1123.01,维修工B,已修复,
MNT-002244,2024-08-08 12:00:00,M19,电气故障,True,2.6,7573.85,维修工A,已修复,需要厂家支持
MNT-002245,2025-10-25 15:00:00,M23,换油,True,20.39,7124.02,维修工D,已修复,更换备件
MNT-002246,2025-11-13 18:00:00,M12,故障维修,True,14.01,2757.69,维修工B,已修复,
MNT-002247,2025-03-18 01:00:00,M08,锁模故障,True,14.8,4433.0,维修工C,已修复,
MNT-002248,2024-01-22 10:00:00,M20,电气故障,True,1.46,1072.84,维修工D,已修复,需要厂家支持
MNT-002249,2024-12-07 12:00:00,M06,注射故障,True,13.09,5113.44,维修工B,已修复,需要厂家支持
MNT-002250,2025-02-25 15:00:00,M23,预防性保养,False,0.86,233.34,维修工D,已修复,
MNT-002251,2025-04-15 21:00:00,M18,预防性保养,False,2.94,1286.82,维修工C,已修复,需要厂家支持
MNT-002252,2025-06-09 06:00:00,M24,电气故障,True,21.4,988.73,维修工B,已修复,
MNT-002253,2024-09-10 09:00:00,M09,锁模故障,True,12.21,2025.95,维修工D,已修复,
MNT-002254,2024-12-06 21:00:00,M18,密封件更换,True,11.19,7075.48,外部供应商,已修复,
MNT-002255,2024-10-12 20:00:00,M27,换油,True,12.46,978.31,维修工A,已修复,
MNT-002256,2025-12-03 12:00:00,M12,注射故障,True,23.91,3479.61,维修工A,已修复,更换备件
MNT-002257,2024-01-09 14:00:00,M29,注射故障,True,11.99,6265.01,维修工B,已修复,建议大修
MNT-002258,2025-07-25 01:00:00,M22,滤芯更换,True,12.05,7684.52,维修工B,已修复,
MNT-002259,2024-03-31 13:00:00,M17,注射故障,True,7.69,5094.5,维修工C,已修复,
MNT-002260,2024-02-12 13:00:00,M25,滤芯更换,True,5.82,6455.33,维修工B,已修复,需要厂家支持
MNT-002261,2025-01-10 03:00:00,M29,注射故障,True,14.29,5974.74,外部供应商,已修复,
MNT-002262,2024-02-01 14:00:00,M21,锁模故障,True,23.98,200.93,维修工B,已修复,建议大修
MNT-002263,2025-09-09 22:00:00,M01,滤芯更换,True,11.25,3193.85,外部供应商,已修复,更换备件
MNT-002264,2025-06-17 00:00:00,M25,电气故障,True,12.05,7673.62,外部供应商,已修复,
MNT-002265,2025-12-01 17:00:00,M09,液压故障,True,21.16,4969.62,维修工C,已修复,建议大修
MNT-002266,2026-03-28 20:00:00,M24,液压故障,True,17.89,3004.58,外部供应商,已修复,建议大修
MNT-002267,2025-03-02 07:00:00,M24,滤芯更换,True,14.76,1450.16,维修工D,已修复,
MNT-002268,2026-04-04 15:00:00,M25,密封件更换,True,22.04,4098.88,外部供应商,已修复,
MNT-002269,2025-09-29 06:00:00,M20,滤芯更换,True,16.99,981.74,维修工D,已修复,
MNT-002270,2025-04-15 21:00:00,M01,液压故障,True,17.65,6019.69,维修工A,已修复,需要厂家支持
MNT-002271,2025-06-20 08:00:00,M21,预防性保养,False,2.51,284.14,维修工D,待跟进,更换备件
MNT-002272,2024-09-07 09:00:00,M11,故障维修,True,20.08,7290.35,维修工D,已修复,更换备件
MNT-002273,2025-09-09 03:00:00,M07,加热故障,True,20.99,3492.15,外部供应商,已修复,更换备件
MNT-002274,2025-10-21 01:00:00,M03,密封件更换,True,23.3,451.03,维修工A,已修复,
MNT-002275,2024-10-02 20:00:00,M09,密封件更换,True,23.35,7562.26,维修工C,已修复,更换备件
MNT-002276,2025-03-23 21:00:00,M04,预防性保养,False,2.18,1049.34,维修工C,已修复,
MNT-002277,2024-04-28 09:00:00,M26,换油,True,11.73,6461.36,维修工A,已修复,需要厂家支持
MNT-002278,2025-05-08 01:00:00,M04,密封件更换,True,6.91,7769.55,维修工B,已修复,建议大修
MNT-002279,2025-01-06 12:00:00,M02,注射故障,True,19.77,2823.78,维修工B,已修复,更换备件
MNT-002280,2024-04-22 17:00:00,M28,加热故障,True,4.26,7904.73,维修工D,已修复,建议大修
MNT-002281,2024-12-29 14:00:00,M22,故障维修,True,5.11,550.8,外部供应商,已修复,
MNT-002282,2024-02-28 00:00:00,M15,注射故障,True,16.89,1103.55,维修工C,已修复,
MNT-002283,2025-03-12 14:00:00,M29,注射故障,True,9.46,1938.81,维修工A,已修复,
MNT-002284,2024-01-01 20:00:00,M28,锁模故障,True,14.3,5451.64,维修工C,已修复,
MNT-002285,2025-05-24 08:00:00,M19,滤芯更换,True,20.25,5319.97,外部供应商,已修复,建议大修
MNT-002286,2024-05-16 08:00:00,M15,锁模故障,True,3.75,7736.29,维修工C,已修复,
MNT-002287,2025-07-08 12:00:00,M17,密封件更换,True,5.84,4074.32,维修工A,已修复,
MNT-002288,2024-10-27 11:00:00,M27,故障维修,True,23.63,7014.88,外部供应商,已修复,
MNT-002289,2024-01-16 02:00:00,M25,液压故障,True,11.73,6329.06,维修工A,已修复,
MNT-002290,2024-11-28 08:00:00,M19,密封件更换,True,20.36,609.72,外部供应商,已修复,
MNT-002291,2026-01-27 17:00:00,M15,加热故障,True,1.11,5447.5,外部供应商,已修复,
MNT-002292,2024-08-19 16:00:00,M26,密封件更换,True,4.7,1389.38,维修工C,已修复,建议大修
MNT-002293,2025-05-13 14:00:00,M25,预防性保养,False,1.88,591.67,维修工B,已修复,
MNT-002294,2024-05-16 11:00:00,M28,电气故障,True,3.78,3424.9,外部供应商,已修复,
MNT-002295,2025-05-01 18:00:00,M23,加热故障,True,15.05,3190.26,维修工C,已修复,
MNT-002296,2025-09-28 20:00:00,M09,滤芯更换,True,16.41,6926.12,维修工A,已修复,
MNT-002297,2025-12-29 13:00:00,M23,加热故障,True,9.1,1564.28,维修工A,已修复,需要厂家支持
MNT-002298,2025-10-14 14:00:00,M16,加热故障,True,21.85,6313.58,外部供应商,已修复,
MNT-002299,2026-03-07 04:00:00,M27,液压故障,True,6.18,1265.36,维修工B,已修复,
MNT-002300,2024-07-08 02:00:00,M15,加热故障,True,4.74,7147.01,外部供应商,已修复,
MNT-002301,2024-03-11 20:00:00,M08,预防性保养,False,2.31,532.9,外部供应商,已修复,建议大修
MNT-002302,2025-12-22 10:00:00,M18,加热故障,True,19.1,3685.88,维修工C,已修复,建议大修
MNT-002303,2026-04-14 22:00:00,M03,液压故障,True,6.35,3273.0,外部供应商,已修复,
MNT-002304,2024-01-21 08:00:00,M22,锁模故障,True,7.89,6066.2,外部供应商,已修复,
MNT-002305,2024-12-15 13:00:00,M09,故障维修,True,15.92,5230.12,外部供应商,已修复,
MNT-002306,2025-05-30 12:00:00,M21,换油,True,4.58,1404.64,外部供应商,已修复,更换备件
MNT-002307,2024-01-03 11:00:00,M10,注射故障,True,5.98,6342.03,维修工C,已修复,需要厂家支持
MNT-002308,2025-09-04 04:00:00,M20,密封件更换,True,15.08,729.94,维修工B,已修复,需要厂家支持
MNT-002309,2024-09-14 13:00:00,M16,加热故障,True,19.6,7795.81,外部供应商,已修复,建议大修
MNT-002310,2024-01-16 08:00:00,M22,注射故障,True,17.91,3574.68,维修工D,已修复,
MNT-002311,2026-01-31 18:00:00,M09,加热故障,True,18.54,5638.01,外部供应商,已修复,需要厂家支持
MNT-002312,2024-07-09 12:00:00,M24,注射故障,True,8.81,3689.89,维修工C,已修复,更换备件
MNT-002313,2024-11-20 08:00:00,M07,密封件更换,True,23.14,7182.58,维修工A,已修复,更换备件
MNT-002314,2024-11-05 09:00:00,M16,密封件更换,True,11.9,2997.88,维修工C,待跟进,更换备件
MNT-002315,2024-06-20 17:00:00,M25,预防性保养,False,3.7,1446.27,维修工D,已修复,
MNT-002316,2024-06-22 16:00:00,M02,注射故障,True,1.32,1533.18,外部供应商,已修复,需要厂家支持
MNT-002317,2025-10-01 18:00:00,M06,注射故障,True,16.74,3838.96,维修工D,已修复,建议大修
MNT-002318,2024-02-20 23:00:00,M13,密封件更换,True,18.91,3378.65,维修工A,已修复,需要厂家支持
MNT-002319,2024-08-29 07:00:00,M19,加热故障,True,7.33,6159.04,维修工C,已修复,
MNT-002320,2025-02-08 21:00:00,M27,液压故障,True,19.74,3636.48,外部供应商,已修复,
MNT-002321,2024-06-27 03:00:00,M16,故障维修,True,9.95,642.81,维修工A,已修复,更换备件
MNT-002322,2024-11-15 12:00:00,M14,故障维修,True,9.41,3831.35,维修工A,已修复,
MNT-002323,2024-02-07 22:00:00,M18,密封件更换,True,5.49,1070.99,维修工D,已修复,
MNT-002324,2024-10-20 01:00:00,M06,滤芯更换,True,21.27,7500.34,维修工C,已修复,
MNT-002325,2025-03-11 11:00:00,M14,滤芯更换,True,17.46,7285.25,维修工D,已修复,
MNT-002326,2024-06-24 13:00:00,M20,液压故障,True,2.0,3208.31,维修工D,已修复,需要厂家支持
MNT-002327,2025-03-04 05:00:00,M28,电气故障,True,22.1,5128.62,维修工B,已修复,需要厂家支持
MNT-002328,2025-06-18 03:00:00,M11,故障维修,True,5.5,7521.42,维修工C,已修复,更换备件
MNT-002329,2024-11-20 07:00:00,M20,故障维修,True,22.66,1655.28,维修工B,已修复,需要厂家支持
MNT-002330,2026-01-02 04:00:00,M20,换油,True,19.53,5956.31,维修工B,已修复,
MNT-002331,2025-04-03 11:00:00,M12,加热故障,True,18.53,5068.51,维修工D,已修复,
MNT-002332,2024-02-04 18:00:00,M25,加热故障,True,8.41,2196.37,维修工C,已修复,更换备件
MNT-002333,2025-04-09 21:00:00,M26,注射故障,True,10.82,655.28,外部供应商,已修复,
MNT-002334,2024-03-31 06:00:00,M29,故障维修,True,22.01,2198.97,外部供应商,已修复,需要厂家支持
MNT-002335,2024-02-13 04:00:00,M16,注射故障,True,10.08,4340.22,维修工C,已修复,更换备件
MNT-002336,2025-04-05 22:00:00,M03,换油,True,4.97,1336.95,维修工D,已修复,建议大修
MNT-002337,2025-02-22 17:00:00,M15,液压故障,True,10.41,6145.95,维修工B,已修复,
MNT-002338,2026-01-26 15:00:00,M14,故障维修,True,4.74,962.76,维修工A,已修复,建议大修
MNT-002339,2025-07-08 22:00:00,M23,故障维修,True,4.91,7535.01,维修工A,已修复,建议大修
MNT-002340,2024-04-18 21:00:00,M12,电气故障,True,0.5,7381.16,维修工D,已修复,
MNT-002341,2025-11-19 03:00:00,M22,故障维修,True,13.59,5566.89,维修工B,已修复,
MNT-002342,2024-12-04 02:00:00,M17,密封件更换,True,18.81,1738.15,维修工D,已修复,
MNT-002343,2025-12-01 04:00:00,M26,预防性保养,False,1.31,1496.86,外部供应商,已修复,
MNT-002344,2024-09-04 07:00:00,M06,电气故障,True,22.11,7625.27,外部供应商,已修复,更换备件
MNT-002345,2024-11-04 00:00:00,M28,液压故障,True,7.03,7528.26,维修工A,已修复,
MNT-002346,2025-02-04 08:00:00,M15,换油,True,10.65,1361.6,维修工B,已修复,建议大修
MNT-002347,2025-10-26 14:00:00,M05,预防性保养,False,1.56,271.16,维修工A,已修复,建议大修
MNT-002348,2024-04-08 03:00:00,M16,电气故障,True,21.34,5511.99,维修工D,已修复,
MNT-002349,2024-11-05 20:00:00,M16,注射故障,True,20.01,2668.75,维修工A,已修复,更换备件
MNT-002350,2024-11-09 16:00:00,M17,预防性保养,False,2.27,917.47,维修工A,已修复,
MNT-002351,2025-11-29 07:00:00,M11,加热故障,True,11.07,6498.83,维修工C,已修复,
MNT-002352,2026-01-24 07:00:00,M14,锁模故障,True,23.55,867.64,维修工B,已修复,
MNT-002353,2024-10-17 00:00:00,M25,预防性保养,False,0.59,1299.98,维修工B,已修复,建议大修
MNT-002354,2026-01-05 11:00:00,M14,换油,True,7.7,4189.61,维修工A,已修复,建议大修
MNT-002355,2024-05-05 23:00:00,M09,锁模故障,True,14.91,1074.54,维修工C,已修复,需要厂家支持
MNT-002356,2024-03-03 20:00:00,M14,加热故障,True,12.43,5555.88,维修工A,已修复,
MNT-002357,2026-02-16 14:00:00,M29,注射故障,True,21.08,3129.83,维修工B,已修复,
MNT-002358,2025-04-23 19:00:00,M27,密封件更换,True,19.04,1577.65,维修工D,已修复,
MNT-002359,2025-06-24 05:00:00,M27,电气故障,True,18.45,2625.11,维修工C,已修复,更换备件
MNT-002360,2025-09-07 01:00:00,M19,密封件更换,True,14.96,6446.71,维修工D,已修复,需要厂家支持
MNT-002361,2024-06-14 08:00:00,M28,加热故障,True,10.31,3515.17,维修工D,已修复,需要厂家支持
MNT-002362,2025-08-20 17:00:00,M18,密封件更换,True,2.66,5399.56,外部供应商,已修复,建议大修
MNT-002363,2025-08-16 08:00:00,M02,加热故障,True,21.1,3468.3,维修工D,已修复,需要厂家支持
MNT-002364,2025-05-18 12:00:00,M24,电气故障,True,0.73,1177.72,维修工A,已修复,更换备件
MNT-002365,2026-02-08 01:00:00,M03,预防性保养,False,1.16,262.6,外部供应商,已修复,
MNT-002366,2024-12-26 22:00:00,M05,预防性保养,False,3.25,1245.21,维修工B,已修复,更换备件
MNT-002367,2024-07-06 11:00:00,M11,预防性保养,False,2.43,253.12,维修工B,已修复,
MNT-002368,2026-02-28 19:00:00,M17,电气故障,True,19.53,3519.12,维修工B,已修复,
MNT-002369,2025-07-15 23:00:00,M29,液压故障,True,18.59,2401.23,维修工A,已修复,建议大修
MNT-002370,2025-09-28 20:00:00,M23,电气故障,True,7.42,5266.66,维修工B,待跟进,需要厂家支持
MNT-002371,2025-09-05 17:00:00,M25,液压故障,True,22.77,3446.79,维修工A,已修复,需要厂家支持
MNT-002372,2026-04-22 02:00:00,M11,密封件更换,True,14.83,4354.91,外部供应商,已修复,
MNT-002373,2025-02-14 15:00:00,M21,液压故障,True,11.4,3566.58,维修工B,已修复,更换备件
MNT-002374,2024-12-08 06:00:00,M15,密封件更换,True,12.51,4902.15,维修工D,已修复,
MNT-002375,2025-04-01 11:00:00,M16,故障维修,True,15.7,2081.71,维修工C,已修复,建议大修
MNT-002376,2024-02-10 10:00:00,M11,电气故障,True,6.57,5674.39,外部供应商,已修复,
MNT-002377,2026-01-24 05:00:00,M12,电气故障,True,19.71,3258.13,外部供应商,已修复,
MNT-002378,2025-01-07 23:00:00,M16,锁模故障,True,2.41,7286.6,维修工B,已修复,更换备件
MNT-002379,2025-03-30 08:00:00,M19,换油,True,20.65,640.43,外部供应商,已修复,
MNT-002380,2024-01-07 20:00:00,M28,液压故障,True,9.2,5190.14,维修工B,已修复,
MNT-002381,2024-06-18 22:00:00,M13,预防性保养,False,2.86,1308.97,外部供应商,已修复,需要厂家支持
MNT-002382,2025-10-17 17:00:00,M23,故障维修,True,23.95,6123.43,维修工D,已修复,更换备件
MNT-002383,2025-11-25 01:00:00,M12,锁模故障,True,15.17,5796.85,维修工C,已修复,需要厂家支持
MNT-002384,2024-03-05 02:00:00,M05,故障维修,True,1.81,3288.45,维修工C,已修复,
MNT-002385,2024-06-06 20:00:00,M09,换油,True,6.75,5754.61,维修工B,已修复,建议大修
MNT-002386,2024-12-17 11:00:00,M14,液压故障,True,6.42,3069.14,维修工A,已修复,需要厂家支持
MNT-002387,2025-01-18 10:00:00,M09,预防性保养,False,0.75,208.39,外部供应商,已修复,
MNT-002388,2025-03-28 12:00:00,M17,故障维修,True,21.45,2215.72,维修工D,已修复,
MNT-002389,2026-04-26 21:00:00,M25,加热故障,True,22.28,3230.01,维修工B,已修复,更换备件
MNT-002390,2025-10-24 14:00:00,M06,注射故障,True,18.28,6283.26,维修工B,已修复,更换备件
MNT-002391,2025-11-16 07:00:00,M22,加热故障,True,7.22,3485.16,维修工C,已修复,需要厂家支持
MNT-002392,2025-02-19 05:00:00,M10,换油,True,19.68,3619.53,维修工C,已修复,更换备件
MNT-002393,2025-06-15 06:00:00,M10,锁模故障,True,14.35,5124.14,维修工D,已修复,
MNT-002394,2025-06-12 04:00:00,M05,液压故障,True,22.53,2083.27,维修工A,已修复,建议大修
MNT-002395,2026-01-31 07:00:00,M19,故障维修,True,2.8,7911.1,维修工D,已修复,建议大修
MNT-002396,2024-01-14 02:00:00,M15,换油,True,17.76,2876.02,维修工C,已修复,
MNT-002397,2025-06-23 10:00:00,M12,滤芯更换,True,9.64,969.09,维修工C,已修复,
MNT-002398,2024-01-18 08:00:00,M15,滤芯更换,True,4.25,4762.31,外部供应商,已修复,
MNT-002399,2025-03-28 16:00:00,M12,电气故障,True,13.59,7716.38,维修工A,已修复,
MNT-002400,2025-05-08 11:00:00,M17,电气故障,True,17.48,6370.5,外部供应商,已修复,
MNT-002401,2024-09-17 09:00:00,M21,滤芯更换,True,13.18,7367.45,外部供应商,已修复,需要厂家支持
MNT-002402,2026-02-11 22:00:00,M14,注射故障,True,8.15,3412.84,维修工B,已修复,更换备件
MNT-002403,2025-10-18 19:00:00,M27,电气故障,True,23.04,6253.22,维修工D,已修复,
MNT-002404,2024-05-11 18:00:00,M21,换油,True,8.78,2122.22,维修工B,已修复,建议大修
MNT-002405,2025-09-20 09:00:00,M19,液压故障,True,21.53,1797.1,维修工A,已修复,
MNT-002406,2024-03-14 10:00:00,M26,锁模故障,True,8.34,2566.92,维修工D,已修复,
MNT-002407,2025-10-23 20:00:00,M19,密封件更换,True,2.33,4300.03,外部供应商,已修复,
MNT-002408,2024-02-08 05:00:00,M29,锁模故障,True,21.34,7746.21,维修工B,已修复,更换备件
MNT-002409,2024-07-25 02:00:00,M08,加热故障,True,6.21,5347.86,维修工C,已修复,
MNT-002410,2024-11-13 21:00:00,M16,换油,True,0.66,6413.3,维修工C,已修复,更换备件
MNT-002411,2024-03-06 15:00:00,M03,密封件更换,True,23.19,3010.8,维修工A,已修复,需要厂家支持
MNT-002412,2025-04-24 23:00:00,M18,预防性保养,False,3.91,703.42,外部供应商,已修复,
MNT-002413,2025-07-18 08:00:00,M09,换油,True,11.75,5178.49,维修工A,已修复,更换备件
MNT-002414,2026-01-24 00:00:00,M01,密封件更换,True,19.31,4277.1,维修工D,已修复,更换备件
MNT-002415,2024-04-24 13:00:00,M07,锁模故障,True,20.73,4736.06,维修工B,已修复,更换备件
MNT-002416,2025-04-28 00:00:00,M21,密封件更换,True,1.8,1103.34,外部供应商,待跟进,建议大修
MNT-002417,2024-12-25 07:00:00,M07,电气故障,True,16.12,7778.65,维修工C,已修复,更换备件
MNT-002418,2025-09-11 00:00:00,M03,滤芯更换,True,7.79,3679.35,维修工C,已修复,
MNT-002419,2026-04-21 14:00:00,M19,滤芯更换,True,9.98,869.87,外部供应商,已修复,
MNT-002420,2025-08-28 07:00:00,M17,液压故障,True,2.11,2684.88,维修工B,已修复,
MNT-002421,2024-08-11 02:00:00,M18,故障维修,True,16.68,6846.53,维修工C,已修复,
MNT-002422,2025-01-03 03:00:00,M13,加热故障,True,15.31,5298.23,外部供应商,已修复,建议大修
MNT-002423,2025-11-05 19:00:00,M24,电气故障,True,1.44,6460.2,维修工B,已修复,更换备件
MNT-002424,2025-10-19 01:00:00,M17,滤芯更换,True,17.14,2475.05,维修工C,已修复,需要厂家支持
MNT-002425,2025-04-18 02:00:00,M26,注射故障,True,14.56,7979.55,外部供应商,已修复,需要厂家支持
MNT-002426,2024-06-25 14:00:00,M23,加热故障,True,15.2,7379.47,维修工A,已修复,
MNT-002427,2025-11-05 15:00:00,M12,加热故障,True,5.2,6693.46,维修工D,已修复,
MNT-002428,2024-08-21 01:00:00,M22,密封件更换,True,7.37,3292.82,维修工D,已修复,
MNT-002429,2024-07-23 04:00:00,M11,密封件更换,True,19.06,2369.04,维修工C,已修复,建议大修
MNT-002430,2025-07-08 16:00:00,M25,预防性保养,False,2.37,1141.22,外部供应商,已修复,
MNT-002431,2026-04-14 06:00:00,M09,电气故障,True,8.4,4315.32,维修工B,待跟进,更换备件
MNT-002432,2025-10-27 23:00:00,M10,故障维修,True,17.07,913.85,维修工A,已修复,
MNT-002433,2026-01-24 11:00:00,M22,注射故障,True,2.8,2616.89,维修工B,已修复,需要厂家支持
MNT-002434,2024-01-11 23:00:00,M03,液压故障,True,3.02,3383.57,维修工A,已修复,更换备件
MNT-002435,2025-04-16 00:00:00,M04,密封件更换,True,18.48,1556.78,维修工B,已修复,建议大修
MNT-002436,2026-04-29 06:00:00,M08,液压故障,True,20.94,1303.16,维修工A,已修复,
MNT-002437,2025-11-25 00:00:00,M18,预防性保养,False,1.09,506.79,外部供应商,已修复,
MNT-002438,2024-03-24 19:00:00,M02,密封件更换,True,20.18,1893.27,维修工D,已修复,
MNT-002439,2024-12-30 04:00:00,M26,加热故障,True,22.58,1575.02,维修工B,已修复,建议大修
MNT-002440,2026-01-15 16:00:00,M29,故障维修,True,13.48,793.13,维修工B,已修复,更换备件
MNT-002441,2025-02-07 10:00:00,M11,锁模故障,True,23.57,6157.6,维修工A,已修复,
MNT-002442,2024-04-11 06:00:00,M20,液压故障,True,12.01,460.37,维修工A,已修复,更换备件
MNT-002443,2024-11-09 19:00:00,M05,滤芯更换,True,12.68,473.9,外部供应商,已修复,更换备件
MNT-002444,2025-02-13 13:00:00,M10,电气故障,True,5.83,4325.02,维修工A,已修复,
MNT-002445,2025-12-25 05:00:00,M17,液压故障,True,0.95,208.41,维修工D,已修复,
MNT-002446,2024-08-13 17:00:00,M07,注射故障,True,2.76,1148.37,维修工D,已修复,
MNT-002447,2025-04-04 14:00:00,M17,故障维修,True,18.47,928.64,维修工C,已修复,
MNT-002448,2024-04-13 14:00:00,M25,加热故障,True,10.82,4327.75,外部供应商,已修复,更换备件
MNT-002449,2024-04-05 23:00:00,M24,密封件更换,True,19.05,6052.22,维修工D,已修复,
MNT-002450,2025-01-02 19:00:00,M01,加热故障,True,4.78,4454.81,维修工D,已修复,
MNT-002451,2025-01-21 09:00:00,M29,加热故障,True,20.69,1151.36,维修工C,已修复,建议大修
MNT-002452,2025-02-19 11:00:00,M09,液压故障,True,4.84,419.94,维修工A,已修复,
MNT-002453,2026-02-06 06:00:00,M09,滤芯更换,True,2.21,6191.92,维修工D,已修复,需要厂家支持
MNT-002454,2025-02-21 00:00:00,M11,电气故障,True,23.86,2841.8,外部供应商,已修复,建议大修
MNT-002455,2024-05-21 21:00:00,M03,预防性保养,False,0.8,337.34,维修工D,已修复,建议大修
MNT-002456,2024-04-29 09:00:00,M26,滤芯更换,True,18.54,7972.81,外部供应商,已修复,更换备件
MNT-002457,2025-04-09 23:00:00,M10,锁模故障,True,23.02,3395.38,维修工B,已修复,
MNT-002458,2025-03-10 20:00:00,M20,预防性保养,False,3.29,415.06,外部供应商,已修复,需要厂家支持
MNT-002459,2024-07-08 09:00:00,M21,加热故障,True,11.84,5232.62,维修工C,已修复,需要厂家支持
MNT-002460,2026-04-02 09:00:00,M04,滤芯更换,True,9.41,3174.09,维修工D,待跟进,建议大修
MNT-002461,2024-11-07 19:00:00,M14,换油,True,9.92,5688.87,维修工B,待跟进,
MNT-002462,2025-08-24 13:00:00,M01,加热故障,True,4.41,243.95,维修工A,已修复,更换备件
MNT-002463,2024-02-29 18:00:00,M24,加热故障,True,11.35,6093.21,维修工D,已修复,建议大修
MNT-002464,2024-02-10 23:00:00,M01,故障维修,True,10.02,969.24,维修工B,已修复,
MNT-002465,2024-03-12 12:00:00,M17,故障维修,True,9.01,2997.75,维修工B,已修复,需要厂家支持
MNT-002466,2024-05-06 14:00:00,M29,故障维修,True,17.63,4944.88,维修工D,已修复,
MNT-002467,2025-01-08 15:00:00,M16,密封件更换,True,11.03,7300.43,维修工D,已修复,
MNT-002468,2025-12-24 22:00:00,M24,电气故障,True,20.31,5529.81,维修工A,已修复,更换备件
MNT-002469,2025-01-20 09:00:00,M16,锁模故障,True,6.5,5466.79,维修工A,已修复,更换备件
MNT-002470,2024-12-06 09:00:00,M16,加热故障,True,1.56,6343.72,外部供应商,已修复,
MNT-002471,2024-06-11 06:00:00,M26,预防性保养,False,1.55,371.52,外部供应商,已修复,更换备件
MNT-002472,2025-08-13 06:00:00,M02,换油,True,17.8,7963.39,维修工D,已修复,建议大修
MNT-002473,2025-04-09 19:00:00,M24,预防性保养,False,3.68,475.52,维修工B,已修复,
MNT-002474,2024-10-04 07:00:00,M15,电气故障,True,4.34,5299.55,外部供应商,已修复,
MNT-002475,2026-04-20 19:00:00,M19,注射故障,True,23.17,2837.31,维修工A,已修复,建议大修
MNT-002476,2025-05-14 15:00:00,M25,密封件更换,True,14.02,4783.64,外部供应商,已修复,更换备件
MNT-002477,2024-08-03 14:00:00,M01,换油,True,11.83,323.2,维修工A,已修复,
MNT-002478,2025-04-24 10:00:00,M12,液压故障,True,16.16,3291.28,维修工D,已修复,
MNT-002479,2025-02-04 22:00:00,M02,故障维修,True,1.79,1127.73,外部供应商,已修复,更换备件
MNT-002480,2025-10-11 05:00:00,M27,注射故障,True,15.38,5673.8,维修工A,已修复,建议大修
MNT-002481,2025-03-13 13:00:00,M05,换油,True,5.36,2591.95,维修工A,已修复,建议大修
MNT-002482,2024-12-22 02:00:00,M28,预防性保养,False,1.43,1015.96,维修工C,已修复,
MNT-002483,2025-07-04 02:00:00,M26,滤芯更换,True,1.8,1977.81,外部供应商,已修复,
MNT-002484,2025-08-31 13:00:00,M15,液压故障,True,8.46,4208.63,维修工B,待跟进,更换备件
MNT-002485,2024-02-17 08:00:00,M20,换油,True,15.45,3363.47,维修工A,已修复,
MNT-002486,2025-07-09 17:00:00,M26,锁模故障,True,3.53,4178.29,维修工C,已修复,需要厂家支持
MNT-002487,2026-04-25 22:00:00,M13,锁模故障,True,19.38,7562.83,外部供应商,已修复,需要厂家支持
MNT-002488,2024-05-21 05:00:00,M26,液压故障,True,13.48,373.58,维修工A,已修复,
MNT-002489,2025-05-13 00:00:00,M24,液压故障,True,13.04,2605.69,维修工A,已修复,
MNT-002490,2024-05-24 18:00:00,M25,换油,True,11.14,608.73,外部供应商,已修复,建议大修
MNT-002491,2024-03-25 23:00:00,M17,滤芯更换,True,12.64,1820.75,维修工D,已修复,更换备件
MNT-002492,2024-07-18 17:00:00,M20,电气故障,True,10.82,3173.58,外部供应商,已修复,更换备件
MNT-002493,2024-04-02 15:00:00,M29,滤芯更换,True,18.07,825.79,维修工D,已修复,建议大修
MNT-002494,2024-03-18 22:00:00,M25,密封件更换,True,9.5,4551.95,外部供应商,已修复,更换备件
MNT-002495,2025-05-17 09:00:00,M22,液压故障,True,21.58,1664.69,外部供应商,已修复,
MNT-002496,2024-01-29 14:00:00,M27,故障维修,True,19.76,2876.51,维修工B,已修复,
MNT-002497,2025-09-25 07:00:00,M05,滤芯更换,True,13.61,2533.43,维修工C,已修复,
MNT-002498,2026-03-29 00:00:00,M25,换油,True,14.88,2933.73,外部供应商,已修复,
MNT-002499,2024-12-25 20:00:00,M06,滤芯更换,True,17.9,3752.55,维修工C,已修复,需要厂家支持
MNT-002500,2024-07-07 07:00:00,M24,注射故障,True,15.27,2718.82,维修工C,已修复,建议大修
MNT-002501,2024-08-04 01:00:00,M13,故障维修,True,10.43,5060.64,维修工A,已修复,需要厂家支持
MNT-002502,2025-05-29 22:00:00,M14,液压故障,True,1.07,6116.01,维修工B,已修复,需要厂家支持
MNT-002503,2024-05-13 22:00:00,M11,故障维修,True,8.4,1051.55,外部供应商,已修复,
MNT-002504,2025-02-20 06:00:00,M15,密封件更换,True,19.1,3851.01,外部供应商,已修复,更换备件
MNT-002505,2025-04-01 20:00:00,M24,锁模故障,True,9.75,2040.66,外部供应商,已修复,需要厂家支持
MNT-002506,2025-02-22 09:00:00,M20,换油,True,3.18,547.19,外部供应商,已修复,
MNT-002507,2025-04-06 04:00:00,M06,密封件更换,True,21.47,5974.67,维修工A,已修复,建议大修
MNT-002508,2024-10-18 19:00:00,M15,电气故障,True,14.52,922.37,维修工B,已修复,
MNT-002509,2025-10-05 04:00:00,M17,加热故障,True,13.74,7626.3,外部供应商,已修复,
MNT-002510,2025-03-18 14:00:00,M02,换油,True,22.44,5979.38,外部供应商,已修复,建议大修
MNT-002511,2024-08-14 04:00:00,M02,滤芯更换,True,2.58,2158.74,维修工C,已修复,更换备件
MNT-002512,2025-12-13 19:00:00,M08,电气故障,True,7.57,7018.04,维修工A,待跟进,更换备件
MNT-002513,2024-12-15 11:00:00,M27,锁模故障,True,1.89,5789.65,维修工D,已修复,需要厂家支持
MNT-002514,2024-02-24 12:00:00,M16,液压故障,True,20.14,3413.71,维修工D,已修复,
MNT-002515,2024-03-04 08:00:00,M24,液压故障,True,23.96,7685.49,维修工C,已修复,更换备件
MNT-002516,2024-04-19 20:00:00,M03,锁模故障,True,16.75,999.1,维修工D,已修复,需要厂家支持
MNT-002517,2025-08-12 13:00:00,M24,预防性保养,False,3.07,648.3,维修工D,待跟进,
MNT-002518,2024-06-30 22:00:00,M24,锁模故障,True,20.2,870.09,维修工B,已修复,
MNT-002519,2025-01-31 04:00:00,M08,换油,True,13.31,4931.98,维修工C,已修复,
MNT-002520,2026-01-01 11:00:00,M23,滤芯更换,True,2.72,1057.23,维修工A,已修复,
MNT-002521,2025-12-23 21:00:00,M04,注射故障,True,7.36,556.5,维修工B,已修复,
MNT-002522,2025-06-18 22:00:00,M10,故障维修,True,6.76,878.91,维修工C,已修复,需要厂家支持
MNT-002523,2024-01-10 15:00:00,M19,液压故障,True,17.62,2345.03,维修工A,已修复,
MNT-002524,2024-11-26 21:00:00,M18,滤芯更换,True,23.24,3677.72,维修工A,已修复,需要厂家支持
MNT-002525,2025-01-02 15:00:00,M19,密封件更换,True,22.43,6775.34,维修工D,已修复,更换备件
MNT-002526,2024-09-22 05:00:00,M02,故障维修,True,7.37,5418.15,维修工A,已修复,
MNT-002527,2026-01-29 08:00:00,M02,注射故障,True,13.88,6982.34,维修工C,已修复,
MNT-002528,2024-12-16 17:00:00,M10,密封件更换,True,10.22,3651.57,维修工A,已修复,
MNT-002529,2024-01-02 21:00:00,M29,密封件更换,True,5.46,2097.0,外部供应商,已修复,
MNT-002530,2024-11-16 05:00:00,M02,液压故障,True,18.59,7079.65,外部供应商,已修复,
MNT-002531,2025-01-30 02:00:00,M18,锁模故障,True,23.07,3876.24,维修工B,已修复,更换备件
MNT-002532,2026-02-07 18:00:00,M05,注射故障,True,17.69,7995.03,维修工D,已修复,
MNT-002533,2024-01-23 14:00:00,M17,预防性保养,False,3.12,1002.74,维修工A,已修复,建议大修
MNT-002534,2024-07-23 11:00:00,M21,加热故障,True,19.4,4320.92,外部供应商,已修复,
MNT-002535,2024-04-06 13:00:00,M19,故障维修,True,13.36,5038.38,外部供应商,已修复,需要厂家支持
MNT-002536,2025-11-23 20:00:00,M15,注射故障,True,8.26,2400.75,维修工B,已修复,需要厂家支持
MNT-002537,2025-07-23 12:00:00,M24,加热故障,True,3.39,6589.82,维修工C,已修复,
MNT-002538,2024-07-31 09:00:00,M09,换油,True,13.43,5138.92,维修工B,已修复,
MNT-002539,2026-02-03 06:00:00,M02,电气故障,True,2.38,4896.03,外部供应商,已修复,
MNT-002540,2024-06-14 01:00:00,M20,换油,True,20.17,7419.54,维修工C,已修复,需要厂家支持
MNT-002541,2024-09-25 22:00:00,M19,锁模故障,True,15.29,1967.64,维修工D,已修复,
MNT-002542,2024-12-13 13:00:00,M11,电气故障,True,12.95,2365.31,维修工C,已修复,
MNT-002543,2025-11-05 13:00:00,M08,锁模故障,True,10.22,2001.96,维修工C,已修复,需要厂家支持
MNT-002544,2025-04-22 22:00:00,M24,预防性保养,False,2.59,1138.81,维修工D,已修复,建议大修
MNT-002545,2025-03-07 06:00:00,M24,锁模故障,True,19.42,3107.95,维修工D,已修复,建议大修
MNT-002546,2024-09-30 22:00:00,M14,电气故障,True,12.76,967.98,维修工B,已修复,
MNT-002547,2026-01-26 10:00:00,M07,电气故障,True,14.41,855.93,维修工A,已修复,更换备件
MNT-002548,2025-06-28 02:00:00,M29,注射故障,True,15.79,6792.57,外部供应商,已修复,更换备件
MNT-002549,2025-12-04 16:00:00,M15,电气故障,True,23.23,2244.59,维修工B,已修复,
MNT-002550,2025-11-08 19:00:00,M09,预防性保养,False,3.8,497.23,维修工A,已修复,建议大修
MNT-002551,2026-02-15 04:00:00,M15,故障维修,True,20.22,6209.07,维修工C,已修复,
MNT-002552,2024-07-23 13:00:00,M22,故障维修,True,9.89,3520.28,维修工B,已修复,需要厂家支持
MNT-002553,2024-07-07 14:00:00,M21,预防性保养,False,1.14,1204.0,维修工B,已修复,
MNT-002554,2025-04-17 06:00:00,M01,预防性保养,False,1.39,443.8,维修工D,已修复,更换备件
MNT-002555,2024-05-12 06:00:00,M18,锁模故障,True,18.88,2225.0,维修工A,已修复,需要厂家支持
MNT-002556,2024-09-13 10:00:00,M04,液压故障,True,2.67,252.09,外部供应商,已修复,需要厂家支持
MNT-002557,2024-09-27 21:00:00,M28,预防性保养,False,2.02,412.34,维修工B,已修复,需要厂家支持
MNT-002558,2026-04-07 06:00:00,M13,换油,True,8.01,5730.5,维修工C,已修复,建议大修
MNT-002559,2026-01-04 14:00:00,M21,锁模故障,True,7.89,6047.84,维修工A,已修复,
MNT-002560,2025-05-04 19:00:00,M14,液压故障,True,13.32,4353.61,维修工C,已修复,
MNT-002561,2026-01-20 04:00:00,M24,液压故障,True,19.22,4640.27,维修工A,已修复,需要厂家支持
MNT-002562,2024-06-06 02:00:00,M24,注射故障,True,5.49,3331.73,维修工A,已修复,
MNT-002563,2026-01-12 02:00:00,M27,液压故障,True,19.91,3665.35,维修工D,已修复,需要厂家支持
MNT-002564,2026-03-04 11:00:00,M28,故障维修,True,15.24,5106.24,外部供应商,已修复,
MNT-002565,2024-08-24 12:00:00,M11,换油,True,12.48,6248.0,维修工B,已修复,
MNT-002566,2025-10-07 21:00:00,M26,换油,True,18.71,7883.13,维修工B,待跟进,
MNT-002567,2024-02-17 01:00:00,M22,故障维修,True,7.74,5901.09,维修工A,已修复,更换备件
MNT-002568,2025-09-05 11:00:00,M09,预防性保养,False,0.67,1491.08,维修工A,已修复,需要厂家支持
MNT-002569,2026-03-07 07:00:00,M03,密封件更换,True,11.88,6471.52,维修工D,已修复,
MNT-002570,2026-02-22 05:00:00,M11,密封件更换,True,20.76,4505.28,维修工D,已修复,建议大修
MNT-002571,2025-11-02 22:00:00,M28,锁模故障,True,9.62,3803.92,外部供应商,已修复,
MNT-002572,2025-07-31 09:00:00,M14,注射故障,True,4.71,4385.8,维修工B,已修复,
MNT-002573,2024-03-11 07:00:00,M10,故障维修,True,5.08,7751.27,维修工A,已修复,需要厂家支持
MNT-002574,2024-10-09 21:00:00,M17,注射故障,True,4.56,4457.05,维修工A,已修复,更换备件
MNT-002575,2025-08-21 17:00:00,M06,电气故障,True,10.77,5010.91,维修工C,已修复,
MNT-002576,2025-09-07 13:00:00,M22,换油,True,18.22,2247.21,外部供应商,已修复,更换备件
MNT-002577,2024-03-09 03:00:00,M11,电气故障,True,11.23,729.01,维修工B,已修复,建议大修
MNT-002578,2024-01-24 05:00:00,M17,电气故障,True,12.4,4424.97,维修工A,已修复,
MNT-002579,2024-11-27 07:00:00,M10,故障维修,True,6.96,4179.54,维修工A,已修复,需要厂家支持
MNT-002580,2025-11-12 00:00:00,M19,密封件更换,True,16.04,3693.19,维修工C,已修复,需要厂家支持
MNT-002581,2025-05-26 19:00:00,M09,故障维修,True,9.78,6108.9,维修工C,已修复,更换备件
MNT-002582,2024-10-03 22:00:00,M21,故障维修,True,7.89,282.86,维修工B,已修复,
MNT-002583,2025-07-20 15:00:00,M23,预防性保养,False,3.38,401.22,维修工C,已修复,
MNT-002584,2026-03-19 22:00:00,M22,液压故障,True,6.35,5876.58,维修工D,已修复,更换备件
MNT-002585,2025-05-21 22:00:00,M13,换油,True,0.63,6230.97,维修工C,已修复,更换备件
MNT-002586,2025-10-14 05:00:00,M21,密封件更换,True,14.07,288.38,维修工A,已修复,
MNT-002587,2024-04-04 00:00:00,M06,注射故障,True,14.94,2113.38,外部供应商,已修复,
MNT-002588,2026-03-12 16:00:00,M10,液压故障,True,2.13,2717.12,维修工C,已修复,需要厂家支持
MNT-002589,2025-04-23 08:00:00,M03,密封件更换,True,23.39,4272.34,外部供应商,已修复,
MNT-002590,2025-02-20 19:00:00,M17,注射故障,True,7.6,2216.12,维修工D,已修复,
MNT-002591,2025-06-12 01:00:00,M05,加热故障,True,1.03,6574.47,维修工A,已修复,
MNT-002592,2024-04-13 16:00:00,M16,加热故障,True,20.31,1662.17,维修工B,已修复,建议大修
MNT-002593,2025-06-15 08:00:00,M04,液压故障,True,2.57,2281.53,维修工C,已修复,
MNT-002594,2026-03-18 10:00:00,M20,锁模故障,True,22.24,3772.23,维修工D,已修复,需要厂家支持
MNT-002595,2025-05-06 23:00:00,M03,预防性保养,False,1.21,711.45,外部供应商,已修复,
MNT-002596,2025-06-27 22:00:00,M12,电气故障,True,13.57,891.34,维修工C,已修复,更换备件
MNT-002597,2024-09-25 08:00:00,M02,液压故障,True,8.4,7325.75,维修工A,待跟进,
MNT-002598,2025-06-21 15:00:00,M06,滤芯更换,True,15.41,7646.21,维修工C,已修复,
MNT-002599,2025-05-04 23:00:00,M17,电气故障,True,21.33,3224.73,维修工A,已修复,
MNT-002600,2024-04-26 05:00:00,M18,加热故障,True,6.14,2322.56,维修工D,已修复,
MNT-002601,2024-10-16 18:00:00,M26,注射故障,True,21.42,1426.07,维修工A,已修复,建议大修
MNT-002602,2025-10-12 14:00:00,M09,锁模故障,True,13.72,237.37,维修工C,已修复,
MNT-002603,2025-05-13 06:00:00,M06,换油,True,21.74,3899.74,维修工C,已修复,
MNT-002604,2025-08-17 08:00:00,M14,电气故障,True,8.48,5763.86,外部供应商,已修复,
MNT-002605,2025-09-14 14:00:00,M12,密封件更换,True,19.79,5860.91,维修工A,已修复,
MNT-002606,2026-04-23 05:00:00,M08,滤芯更换,True,21.72,7856.83,维修工D,已修复,需要厂家支持
MNT-002607,2025-08-20 11:00:00,M21,电气故障,True,9.81,2924.37,维修工C,已修复,
MNT-002608,2026-02-25 03:00:00,M07,电气故障,True,9.01,6106.1,维修工A,已修复,更换备件
MNT-002609,2025-06-11 04:00:00,M29,注射故障,True,22.74,1120.63,维修工A,已修复,更换备件
MNT-002610,2025-04-08 22:00:00,M19,电气故障,True,3.13,4301.75,维修工C,已修复,
MNT-002611,2024-10-11 23:00:00,M03,注射故障,True,14.4,7629.17,外部供应商,已修复,
MNT-002612,2024-04-26 22:00:00,M02,密封件更换,True,23.71,5379.14,维修工B,已修复,更换备件
MNT-002613,2024-05-17 00:00:00,M22,电气故障,True,11.69,4745.17,维修工B,已修复,
MNT-002614,2025-06-20 20:00:00,M26,加热故障,True,13.22,3575.34,维修工D,已修复,更换备件
MNT-002615,2025-03-31 01:00:00,M08,滤芯更换,True,17.15,7203.84,维修工C,已修复,
MNT-002616,2025-05-07 19:00:00,M28,注射故障,True,9.53,2275.81,维修工D,已修复,更换备件
MNT-002617,2025-01-18 12:00:00,M22,预防性保养,False,3.35,1106.1,外部供应商,已修复,
MNT-002618,2025-12-30 09:00:00,M24,锁模故障,True,7.55,2640.63,维修工B,已修复,
MNT-002619,2025-11-30 02:00:00,M10,液压故障,True,9.24,4972.68,维修工C,已修复,
MNT-002620,2024-04-19 17:00:00,M14,锁模故障,True,10.31,4178.02,维修工B,已修复,
MNT-002621,2024-01-01 15:00:00,M08,加热故障,True,7.71,5982.33,外部供应商,已修复,建议大修
MNT-002622,2024-07-23 16:00:00,M06,锁模故障,True,10.58,7132.35,外部供应商,已修复,更换备件
MNT-002623,2024-12-24 22:00:00,M26,滤芯更换,True,14.47,5806.24,外部供应商,已修复,需要厂家支持
MNT-002624,2025-01-31 02:00:00,M15,换油,True,6.97,3757.52,维修工C,已修复,更换备件
MNT-002625,2025-01-11 15:00:00,M09,密封件更换,True,12.19,1769.87,维修工D,已修复,
MNT-002626,2025-09-17 02:00:00,M23,电气故障,True,20.14,4967.71,维修工A,已修复,
MNT-002627,2024-08-11 20:00:00,M13,故障维修,True,19.38,5210.49,外部供应商,已修复,建议大修
MNT-002628,2026-01-12 20:00:00,M02,密封件更换,True,12.75,5112.2,维修工D,已修复,需要厂家支持
MNT-002629,2024-07-02 11:00:00,M08,滤芯更换,True,16.85,1610.4,外部供应商,已修复,更换备件
MNT-002630,2024-08-03 18:00:00,M12,锁模故障,True,14.14,2959.21,维修工A,已修复,需要厂家支持
MNT-002631,2024-06-04 01:00:00,M04,故障维修,True,1.53,7837.61,维修工B,已修复,
MNT-002632,2024-03-16 01:00:00,M02,换油,True,8.49,6097.89,维修工D,已修复,
MNT-002633,2024-01-19 22:00:00,M08,液压故障,True,11.13,4201.83,维修工B,已修复,
MNT-002634,2024-12-12 01:00:00,M01,换油,True,21.25,4836.99,维修工D,已修复,更换备件
MNT-002635,2024-06-17 13:00:00,M08,加热故障,True,1.28,956.53,维修工C,已修复,
MNT-002636,2025-06-21 22:00:00,M11,滤芯更换,True,17.31,1445.63,维修工C,已修复,更换备件
MNT-002637,2024-04-07 12:00:00,M03,锁模故障,True,4.31,225.46,维修工C,已修复,
MNT-002638,2024-09-29 13:00:00,M15,密封件更换,True,6.35,2040.69,维修工C,已修复,
MNT-002639,2025-05-04 03:00:00,M04,滤芯更换,True,2.88,2365.43,维修工B,待跟进,
MNT-002640,2024-10-26 11:00:00,M06,电气故障,True,11.54,1085.66,维修工B,已修复,
MNT-002641,2025-12-01 02:00:00,M27,预防性保养,False,3.71,978.67,维修工B,已修复,
MNT-002642,2024-01-24 04:00:00,M14,液压故障,True,1.08,4408.0,外部供应商,已修复,
MNT-002643,2025-12-07 14:00:00,M26,加热故障,True,6.51,6045.08,外部供应商,已修复,
MNT-002644,2025-08-12 02:00:00,M22,加热故障,True,20.73,2942.0,维修工B,已修复,更换备件
MNT-002645,2024-01-26 15:00:00,M06,密封件更换,True,20.92,1888.18,维修工A,已修复,建议大修
MNT-002646,2026-04-12 06:00:00,M11,加热故障,True,23.01,317.32,维修工B,已修复,
MNT-002647,2026-04-27 03:00:00,M28,锁模故障,True,1.34,6717.53,外部供应商,已修复,
MNT-002648,2024-06-10 19:00:00,M26,滤芯更换,True,9.16,3324.55,维修工D,已修复,
MNT-002649,2024-03-28 16:00:00,M07,换油,True,7.42,3683.6,维修工A,已修复,需要厂家支持
MNT-002650,2024-02-25 14:00:00,M26,锁模故障,True,5.25,716.54,维修工B,已修复,
MNT-002651,2025-05-24 22:00:00,M07,故障维修,True,5.3,1577.08,维修工A,已修复,
MNT-002652,2025-08-09 11:00:00,M27,滤芯更换,True,14.38,1519.82,维修工D,已修复,
MNT-002653,2025-07-24 11:00:00,M20,密封件更换,True,8.38,5595.4,外部供应商,已修复,
MNT-002654,2025-06-08 22:00:00,M11,密封件更换,True,5.38,2438.98,维修工C,已修复,需要厂家支持
MNT-002655,2026-04-17 22:00:00,M19,液压故障,True,8.75,1130.34,维修工A,已修复,建议大修
MNT-002656,2025-01-11 18:00:00,M20,锁模故障,True,21.75,1322.22,维修工D,已修复,需要厂家支持
MNT-002657,2025-08-03 14:00:00,M13,滤芯更换,True,2.4,2715.32,维修工A,已修复,
MNT-002658,2025-11-26 21:00:00,M21,液压故障,True,1.19,1647.67,维修工A,已修复,
MNT-002659,2024-07-11 09:00:00,M07,滤芯更换,True,20.35,3480.13,维修工D,已修复,
MNT-002660,2026-01-13 10:00:00,M12,电气故障,True,11.23,6879.53,维修工B,已修复,需要厂家支持
MNT-002661,2024-01-12 23:00:00,M20,预防性保养,False,0.91,1343.64,外部供应商,已修复,需要厂家支持
MNT-002662,2025-05-23 18:00:00,M16,锁模故障,True,1.85,5570.64,维修工D,已修复,
MNT-002663,2024-05-08 12:00:00,M19,换油,True,22.22,6905.07,维修工D,已修复,更换备件
MNT-002664,2024-06-30 08:00:00,M08,预防性保养,False,1.28,1379.03,维修工B,已修复,更换备件
MNT-002665,2025-01-08 17:00:00,M21,电气故障,True,12.98,622.23,维修工A,已修复,需要厂家支持
MNT-002666,2025-04-09 23:00:00,M10,电气故障,True,15.01,3907.08,维修工A,已修复,
MNT-002667,2025-02-16 13:00:00,M21,锁模故障,True,9.04,4226.7,维修工D,已修复,
MNT-002668,2024-08-29 11:00:00,M20,锁模故障,True,16.77,4127.9,维修工D,已修复,建议大修
MNT-002669,2024-09-02 08:00:00,M26,加热故障,True,20.93,1794.46,维修工D,已修复,
MNT-002670,2026-03-15 05:00:00,M26,滤芯更换,True,15.29,7366.3,维修工B,已修复,建议大修
MNT-002671,2024-03-13 07:00:00,M08,加热故障,True,4.43,3412.45,外部供应商,已修复,更换备件
MNT-002672,2025-08-27 01:00:00,M13,加热故障,True,2.52,4078.45,维修工A,已修复,
MNT-002673,2025-07-22 17:00:00,M21,注射故障,True,11.67,1352.3,维修工B,已修复,
MNT-002674,2025-05-29 23:00:00,M23,换油,True,3.52,5796.55,维修工B,已修复,更换备件
MNT-002675,2026-03-21 12:00:00,M20,预防性保养,False,3.47,333.51,维修工D,已修复,需要厂家支持
MNT-002676,2025-07-31 15:00:00,M07,电气故障,True,14.92,5348.39,外部供应商,待跟进,需要厂家支持
MNT-002677,2026-04-26 23:00:00,M04,密封件更换,True,2.16,896.49,维修工B,已修复,
MNT-002678,2024-08-13 07:00:00,M05,预防性保养,False,1.11,228.94,维修工D,已修复,需要厂家支持
MNT-002679,2025-02-13 03:00:00,M08,锁模故障,True,20.84,2817.12,维修工C,已修复,
MNT-002680,2025-04-18 16:00:00,M22,锁模故障,True,21.93,1412.06,维修工A,待跟进,更换备件
MNT-002681,2025-11-24 13:00:00,M29,液压故障,True,5.79,6053.8,外部供应商,已修复,需要厂家支持
MNT-002682,2025-01-01 13:00:00,M20,注射故障,True,19.46,2506.53,维修工B,已修复,
MNT-002683,2024-09-05 23:00:00,M17,注射故障,True,6.16,1512.45,维修工A,已修复,更换备件
MNT-002684,2024-06-30 19:00:00,M02,滤芯更换,True,21.75,6702.2,维修工C,已修复,
MNT-002685,2025-01-31 21:00:00,M21,密封件更换,True,4.05,750.56,维修工C,已修复,
MNT-002686,2024-10-20 09:00:00,M22,故障维修,True,20.12,2549.12,维修工A,已修复,建议大修
MNT-002687,2025-03-18 10:00:00,M25,液压故障,True,21.41,5596.61,维修工B,已修复,
MNT-002688,2024-07-09 06:00:00,M22,电气故障,True,23.59,4797.81,维修工A,已修复,
MNT-002689,2024-03-16 09:00:00,M28,密封件更换,True,8.21,3750.92,维修工B,已修复,
MNT-002690,2024-12-25 16:00:00,M06,故障维修,True,15.53,4081.04,维修工D,已修复,建议大修
MNT-002691,2026-03-15 23:00:00,M21,注射故障,True,23.67,1744.07,外部供应商,已修复,
MNT-002692,2024-09-08 23:00:00,M24,故障维修,True,9.79,6590.8,维修工D,已修复,建议大修
MNT-002693,2024-06-20 04:00:00,M13,液压故障,True,11.75,296.49,维修工D,已修复,更换备件
MNT-002694,2025-11-25 09:00:00,M16,加热故障,True,19.97,3511.77,维修工C,已修复,
MNT-002695,2025-04-10 14:00:00,M07,加热故障,True,19.54,1755.84,外部供应商,已修复,
MNT-002696,2024-04-08 15:00:00,M27,电气故障,True,10.91,2959.65,维修工C,已修复,
MNT-002697,2024-05-04 15:00:00,M22,换油,True,23.23,2734.94,维修工A,已修复,建议大修
MNT-002698,2025-07-28 15:00:00,M11,锁模故障,True,23.17,2690.06,外部供应商,已修复,建议大修
MNT-002699,2024-05-13 18:00:00,M05,电气故障,True,5.95,4091.06,外部供应商,已修复,
MNT-002700,2025-02-28 23:00:00,M23,注射故障,True,18.78,1906.81,外部供应商,已修复,更换备件
MNT-002701,2025-01-26 03:00:00,M16,电气故障,True,3.72,3828.13,外部供应商,已修复,更换备件
MNT-002702,2025-05-26 05:00:00,M09,故障维修,True,12.99,1940.57,外部供应商,已修复,更换备件
MNT-002703,2025-02-17 19:00:00,M24,预防性保养,False,1.43,349.42,维修工D,已修复,
MNT-002704,2024-07-12 17:00:00,M10,预防性保养,False,1.9,876.93,外部供应商,已修复,更换备件
MNT-002705,2026-02-10 10:00:00,M27,锁模故障,True,9.09,7936.08,外部供应商,已修复,
MNT-002706,2025-06-20 02:00:00,M19,液压故障,True,14.88,6768.75,维修工D,已修复,
MNT-002707,2024-02-11 12:00:00,M27,加热故障,True,11.67,1615.99,维修工A,已修复,建议大修
MNT-002708,2025-12-25 19:00:00,M29,锁模故障,True,22.59,6309.99,维修工B,已修复,更换备件
MNT-002709,2026-02-16 10:00:00,M20,液压故障,True,9.69,1104.73,维修工D,已修复,需要厂家支持
MNT-002710,2024-07-30 15:00:00,M24,加热故障,True,16.99,1852.73,外部供应商,已修复,
MNT-002711,2026-01-15 04:00:00,M27,注射故障,True,11.8,3046.06,维修工A,已修复,
MNT-002712,2024-04-30 14:00:00,M27,滤芯更换,True,11.2,4002.56,外部供应商,已修复,
MNT-002713,2025-07-20 07:00:00,M13,滤芯更换,True,1.68,7305.33,维修工A,已修复,更换备件
MNT-002714,2024-07-29 02:00:00,M22,锁模故障,True,4.76,1267.44,外部供应商,已修复,建议大修
MNT-002715,2025-07-04 03:00:00,M17,故障维修,True,7.75,4678.68,维修工B,已修复,需要厂家支持
MNT-002716,2026-03-14 18:00:00,M03,滤芯更换,True,19.77,7879.88,维修工A,已修复,需要厂家支持
MNT-002717,2025-02-02 01:00:00,M07,滤芯更换,True,17.97,2014.36,维修工D,已修复,
MNT-002718,2026-03-30 16:00:00,M18,换油,True,2.24,7511.82,维修工C,已修复,
MNT-002719,2025-03-06 14:00:00,M22,滤芯更换,True,21.98,7696.66,维修工A,已修复,建议大修
MNT-002720,2025-06-12 03:00:00,M29,密封件更换,True,8.6,1489.87,维修工B,已修复,需要厂家支持
MNT-002721,2024-09-25 06:00:00,M04,锁模故障,True,5.13,6747.11,维修工A,已修复,更换备件
MNT-002722,2025-03-03 23:00:00,M20,注射故障,True,21.64,4218.69,维修工D,已修复,
MNT-002723,2025-11-28 06:00:00,M14,预防性保养,False,2.06,945.78,维修工A,已修复,
MNT-002724,2024-05-04 02:00:00,M04,滤芯更换,True,12.52,7680.13,维修工D,已修复,
MNT-002725,2026-02-18 23:00:00,M14,预防性保养,False,1.98,1014.62,维修工C,已修复,
MNT-002726,2024-10-17 17:00:00,M23,锁模故障,True,16.07,6509.69,外部供应商,已修复,需要厂家支持
MNT-002727,2025-01-27 11:00:00,M22,密封件更换,True,1.4,4356.6,维修工D,已修复,
MNT-002728,2026-02-14 03:00:00,M29,注射故障,True,7.85,380.21,维修工D,已修复,
MNT-002729,2025-07-17 18:00:00,M15,加热故障,True,13.22,5440.59,外部供应商,已修复,
MNT-002730,2026-04-19 16:00:00,M11,注射故障,True,10.16,3840.67,外部供应商,已修复,建议大修
MNT-002731,2024-06-14 06:00:00,M19,加热故障,True,13.42,6542.08,维修工C,已修复,需要厂家支持
MNT-002732,2026-01-07 19:00:00,M11,滤芯更换,True,8.23,5618.55,维修工A,已修复,
MNT-002733,2025-02-18 05:00:00,M28,注射故障,True,9.0,1571.75,维修工D,已修复,需要厂家支持
MNT-002734,2025-10-08 16:00:00,M05,预防性保养,False,0.88,793.05,外部供应商,已修复,更换备件
MNT-002735,2026-01-25 23:00:00,M18,预防性保养,False,2.11,333.48,维修工A,已修复,需要厂家支持
MNT-002736,2024-12-03 23:00:00,M02,注射故障,True,17.04,5373.17,维修工D,已修复,
MNT-002737,2026-01-30 06:00:00,M20,故障维修,True,13.22,2118.58,维修工B,已修复,
MNT-002738,2025-08-15 17:00:00,M14,电气故障,True,17.77,4699.1,维修工D,已修复,
MNT-002739,2025-05-22 05:00:00,M15,加热故障,True,20.59,222.74,维修工A,已修复,
MNT-002740,2025-11-28 16:00:00,M24,预防性保养,False,1.51,248.63,维修工D,已修复,需要厂家支持
MNT-002741,2024-07-12 04:00:00,M06,注射故障,True,22.5,372.65,维修工B,已修复,需要厂家支持
MNT-002742,2024-08-10 02:00:00,M02,电气故障,True,13.64,2452.95,维修工D,已修复,建议大修
MNT-002743,2025-12-04 19:00:00,M18,换油,True,15.59,5069.09,维修工D,已修复,建议大修
MNT-002744,2025-02-25 10:00:00,M13,锁模故障,True,15.03,5776.05,维修工A,已修复,需要厂家支持
MNT-002745,2025-08-17 19:00:00,M20,密封件更换,True,17.25,333.75,维修工C,已修复,需要厂家支持
MNT-002746,2024-07-15 12:00:00,M20,预防性保养,False,2.85,1008.58,外部供应商,已修复,
MNT-002747,2026-04-17 22:00:00,M07,电气故障,True,13.33,4055.28,维修工B,已修复,
MNT-002748,2024-03-20 01:00:00,M28,密封件更换,True,19.01,624.52,维修工D,已修复,
MNT-002749,2025-12-04 06:00:00,M15,注射故障,True,8.37,7071.17,维修工A,已修复,需要厂家支持
MNT-002750,2025-06-27 05:00:00,M08,电气故障,True,19.01,6662.78,维修工A,已修复,
MNT-002751,2024-04-04 12:00:00,M08,锁模故障,True,4.63,475.16,维修工A,已修复,
MNT-002752,2025-12-06 07:00:00,M02,加热故障,True,14.01,2522.69,维修工B,已修复,需要厂家支持
MNT-002753,2024-01-03 23:00:00,M27,故障维修,True,21.23,1593.2,维修工C,已修复,
MNT-002754,2024-03-22 18:00:00,M22,故障维修,True,4.67,6376.76,外部供应商,已修复,
MNT-002755,2024-03-02 12:00:00,M03,密封件更换,True,14.87,1540.73,维修工C,已修复,
MNT-002756,2024-07-05 02:00:00,M19,滤芯更换,True,21.71,2045.6,维修工C,已修复,需要厂家支持
MNT-002757,2024-01-11 22:00:00,M12,注射故障,True,8.95,583.84,维修工D,已修复,
MNT-002758,2024-01-11 15:00:00,M24,预防性保养,False,1.88,548.45,维修工A,已修复,
MNT-002759,2025-05-30 07:00:00,M04,故障维修,True,15.58,2793.0,维修工D,已修复,建议大修
MNT-002760,2024-05-16 00:00:00,M06,预防性保养,False,1.7,1189.53,维修工A,已修复,需要厂家支持
MNT-002761,2025-10-04 13:00:00,M27,预防性保养,False,1.39,1416.72,维修工A,已修复,
MNT-002762,2024-01-24 20:00:00,M18,锁模故障,True,23.06,7901.31,维修工A,已修复,
MNT-002763,2024-03-18 02:00:00,M03,电气故障,True,3.21,6394.98,维修工A,已修复,建议大修
MNT-002764,2025-02-08 11:00:00,M02,故障维修,True,4.11,6080.3,维修工A,已修复,更换备件
MNT-002765,2025-09-03 22:00:00,M04,液压故障,True,3.89,839.23,维修工D,已修复,建议大修
MNT-002766,2024-01-25 20:00:00,M26,密封件更换,True,19.61,3019.86,维修工A,已修复,建议大修
MNT-002767,2024-11-29 13:00:00,M02,滤芯更换,True,10.87,3324.33,维修工A,已修复,需要厂家支持
MNT-002768,2024-07-22 05:00:00,M01,加热故障,True,12.66,897.43,维修工D,已修复,
MNT-002769,2024-01-15 17:00:00,M02,液压故障,True,12.57,7144.48,维修工D,待跟进,更换备件
MNT-002770,2025-02-12 07:00:00,M14,电气故障,True,7.5,2467.78,外部供应商,已修复,
MNT-002771,2025-04-02 16:00:00,M08,换油,True,14.77,6824.81,维修工A,已修复,
MNT-002772,2025-09-09 06:00:00,M16,电气故障,True,0.92,6641.52,维修工C,已修复,
MNT-002773,2025-05-08 18:00:00,M02,滤芯更换,True,4.1,6934.36,维修工A,已修复,
MNT-002774,2026-04-22 13:00:00,M03,液压故障,True,2.62,7108.66,维修工C,已修复,更换备件
MNT-002775,2024-10-09 21:00:00,M28,锁模故障,True,11.45,4903.07,维修工C,已修复,
MNT-002776,2026-02-23 08:00:00,M18,注射故障,True,10.21,687.83,维修工B,已修复,
MNT-002777,2025-10-15 17:00:00,M12,密封件更换,True,2.59,1842.29,维修工A,已修复,建议大修
MNT-002778,2026-04-14 22:00:00,M10,预防性保养,False,1.88,1240.81,维修工D,已修复,需要厂家支持
MNT-002779,2024-05-18 22:00:00,M24,故障维修,True,5.43,5316.42,维修工A,已修复,
MNT-002780,2026-03-13 18:00:00,M19,液压故障,True,8.94,2375.15,维修工A,待跟进,
MNT-002781,2025-02-27 16:00:00,M20,加热故障,True,19.75,4294.59,外部供应商,已修复,
MNT-002782,2025-08-11 01:00:00,M18,预防性保养,False,3.87,720.35,维修工A,已修复,需要厂家支持
MNT-002783,2024-11-27 08:00:00,M17,锁模故障,True,22.68,4833.12,维修工A,已修复,建议大修
MNT-002784,2026-04-27 04:00:00,M10,锁模故障,True,9.89,7451.05,维修工B,已修复,更换备件
MNT-002785,2026-02-27 21:00:00,M02,加热故障,True,22.49,1460.48,维修工C,已修复,
MNT-002786,2024-07-13 09:00:00,M02,滤芯更换,True,21.16,1214.16,维修工C,已修复,
MNT-002787,2025-01-25 21:00:00,M07,注射故障,True,15.26,362.68,维修工A,已修复,更换备件
MNT-002788,2025-05-13 13:00:00,M22,电气故障,True,23.32,3297.65,维修工B,已修复,
MNT-002789,2026-03-02 08:00:00,M15,加热故障,True,12.34,827.71,维修工D,已修复,建议大修
MNT-002790,2025-11-02 14:00:00,M09,锁模故障,True,3.12,6710.35,维修工A,已修复,更换备件
MNT-002791,2024-02-17 08:00:00,M13,注射故障,True,3.37,6257.31,维修工A,已修复,建议大修
MNT-002792,2024-06-24 21:00:00,M29,电气故障,True,23.57,5251.78,维修工D,已修复,更换备件
MNT-002793,2024-02-18 00:00:00,M23,注射故障,True,4.37,1305.79,维修工A,已修复,
MNT-002794,2025-06-14 04:00:00,M28,液压故障,True,13.65,6297.92,外部供应商,已修复,
MNT-002795,2025-03-27 15:00:00,M04,锁模故障,True,11.3,7950.7,维修工D,已修复,
MNT-002796,2024-06-01 01:00:00,M21,锁模故障,True,19.19,2847.15,维修工B,已修复,
MNT-002797,2024-01-11 11:00:00,M17,电气故障,True,6.84,1621.83,外部供应商,已修复,
MNT-002798,2025-09-22 10:00:00,M26,密封件更换,True,0.77,7121.75,外部供应商,已修复,需要厂家支持
MNT-002799,2024-05-13 12:00:00,M03,故障维修,True,8.41,527.45,外部供应商,已修复,更换备件
MNT-002800,2026-04-26 04:00:00,M20,加热故障,True,16.2,5366.78,外部供应商,已修复,更换备件
MNT-002801,2025-11-14 01:00:00,M09,换油,True,1.23,1068.26,维修工B,已修复,更换备件
MNT-002802,2026-02-01 04:00:00,M10,液压故障,True,16.53,6110.51,外部供应商,已修复,建议大修
MNT-002803,2024-08-27 17:00:00,M15,换油,True,17.57,4803.42,维修工A,已修复,
MNT-002804,2024-04-09 17:00:00,M26,密封件更换,True,4.15,660.74,维修工B,已修复,
MNT-002805,2026-04-07 05:00:00,M03,电气故障,True,5.93,7616.75,维修工A,已修复,更换备件
MNT-002806,2026-03-23 03:00:00,M27,电气故障,True,13.87,4811.15,维修工A,已修复,
MNT-002807,2025-09-18 19:00:00,M23,滤芯更换,True,6.04,5063.96,维修工D,已修复,
MNT-002808,2026-03-20 16:00:00,M26,密封件更换,True,1.57,5008.08,维修工D,已修复,
MNT-002809,2024-12-11 16:00:00,M25,密封件更换,True,4.72,4491.26,外部供应商,已修复,建议大修
MNT-002810,2025-09-01 12:00:00,M07,注射故障,True,12.48,1927.72,维修工C,已修复,需要厂家支持
MNT-002811,2025-02-24 21:00:00,M20,液压故障,True,20.66,5519.75,外部供应商,已修复,更换备件
MNT-002812,2025-09-12 18:00:00,M15,预防性保养,False,2.11,1358.63,维修工D,已修复,
MNT-002813,2025-07-21 16:00:00,M05,故障维修,True,4.31,3926.31,外部供应商,已修复,
MNT-002814,2024-05-02 12:00:00,M03,加热故障,True,20.26,6521.3,外部供应商,已修复,
MNT-002815,2026-02-24 17:00:00,M06,锁模故障,True,23.95,3829.71,维修工A,已修复,
MNT-002816,2025-08-01 23:00:00,M06,滤芯更换,True,20.77,4686.0,维修工B,已修复,建议大修
MNT-002817,2024-03-20 00:00:00,M13,故障维修,True,17.14,2791.3,维修工D,已修复,
MNT-002818,2024-06-01 11:00:00,M18,电气故障,True,8.68,1064.52,维修工C,已修复,建议大修
MNT-002819,2024-02-13 04:00:00,M01,故障维修,True,13.55,7830.5,维修工B,已修复,建议大修
MNT-002820,2024-07-12 13:00:00,M28,液压故障,True,3.43,391.78,维修工C,已修复,
MNT-002821,2024-05-27 14:00:00,M21,锁模故障,True,11.17,4583.94,维修工D,已修复,
MNT-002822,2024-08-08 19:00:00,M22,滤芯更换,True,4.86,2878.79,维修工C,已修复,更换备件
MNT-002823,2026-03-31 21:00:00,M22,密封件更换,True,2.76,2011.98,维修工B,已修复,建议大修
MNT-002824,2025-11-06 10:00:00,M15,注射故障,True,3.49,7856.04,维修工B,已修复,
MNT-002825,2025-08-06 12:00:00,M22,故障维修,True,20.75,6501.9,外部供应商,已修复,建议大修
MNT-002826,2025-12-13 16:00:00,M22,换油,True,2.94,1015.02,维修工B,已修复,
MNT-002827,2024-05-03 08:00:00,M16,注射故障,True,1.18,5808.65,维修工C,已修复,
MNT-002828,2024-07-30 10:00:00,M26,电气故障,True,15.59,798.2,维修工B,已修复,更换备件
MNT-002829,2024-05-26 06:00:00,M08,注射故障,True,13.42,4487.06,外部供应商,待跟进,
MNT-002830,2025-01-15 20:00:00,M29,加热故障,True,19.24,2989.33,外部供应商,已修复,
MNT-002831,2025-08-17 12:00:00,M11,电气故障,True,19.45,3851.26,维修工C,已修复,
MNT-002832,2024-07-19 05:00:00,M21,加热故障,True,19.69,2120.18,维修工A,已修复,需要厂家支持
MNT-002833,2025-04-28 10:00:00,M18,液压故障,True,14.69,6919.26,维修工B,已修复,需要厂家支持
MNT-002834,2025-12-06 15:00:00,M17,电气故障,True,3.04,7252.01,维修工A,已修复,
MNT-002835,2024-10-20 19:00:00,M28,锁模故障,True,21.43,472.19,外部供应商,已修复,
MNT-002836,2024-02-14 21:00:00,M23,换油,True,0.57,1235.9,维修工D,已修复,
MNT-002837,2024-10-08 06:00:00,M21,换油,True,23.38,5397.18,维修工B,已修复,
MNT-002838,2024-11-17 14:00:00,M03,故障维修,True,2.98,330.01,维修工C,已修复,
MNT-002839,2026-01-02 06:00:00,M23,滤芯更换,True,19.56,7536.31,维修工C,已修复,
MNT-002840,2024-11-26 15:00:00,M28,预防性保养,False,1.83,247.26,维修工A,已修复,需要厂家支持
MNT-002841,2025-05-31 02:00:00,M26,锁模故障,True,15.51,4323.03,维修工C,已修复,
MNT-002842,2024-07-24 04:00:00,M08,电气故障,True,3.64,5576.72,外部供应商,已修复,
MNT-002843,2026-03-06 15:00:00,M23,液压故障,True,21.65,4159.01,维修工A,已修复,更换备件
MNT-002844,2025-04-04 14:00:00,M15,预防性保养,False,0.58,1403.85,维修工C,已修复,
MNT-002845,2024-04-27 16:00:00,M20,故障维修,True,16.85,1475.65,维修工A,已修复,
MNT-002846,2026-02-08 08:00:00,M08,故障维修,True,15.62,1545.16,维修工A,已修复,
MNT-002847,2026-03-27 23:00:00,M03,换油,True,20.65,871.36,维修工B,已修复,
MNT-002848,2024-04-11 12:00:00,M08,注射故障,True,21.66,4362.5,外部供应商,已修复,建议大修
MNT-002849,2025-01-07 06:00:00,M10,故障维修,True,18.88,4427.11,维修工D,已修复,需要厂家支持
MNT-002850,2025-05-17 15:00:00,M13,注射故障,True,10.14,3634.25,维修工B,已修复,建议大修
MNT-002851,2025-04-30 17:00:00,M26,加热故障,True,15.59,906.33,外部供应商,已修复,
MNT-002852,2024-09-18 08:00:00,M03,换油,True,17.7,5769.07,维修工C,已修复,需要厂家支持
MNT-002853,2024-11-04 20:00:00,M22,电气故障,True,22.41,5648.64,维修工D,已修复,需要厂家支持
MNT-002854,2024-05-01 02:00:00,M04,故障维修,True,16.29,5217.36,外部供应商,已修复,
MNT-002855,2026-01-16 06:00:00,M16,预防性保养,False,3.84,505.73,维修工A,已修复,需要厂家支持
MNT-002856,2025-01-15 10:00:00,M05,锁模故障,True,14.27,813.6,维修工A,已修复,
MNT-002857,2024-10-13 07:00:00,M11,换油,True,13.6,4373.73,外部供应商,已修复,
MNT-002858,2026-02-20 01:00:00,M09,注射故障,True,2.29,2739.67,维修工B,已修复,
MNT-002859,2025-02-19 09:00:00,M17,液压故障,True,18.63,6869.13,维修工D,已修复,
MNT-002860,2024-05-24 23:00:00,M18,电气故障,True,3.34,3265.68,外部供应商,待跟进,建议大修
MNT-002861,2025-12-25 17:00:00,M10,加热故障,True,17.55,5700.34,维修工D,已修复,更换备件
MNT-002862,2026-01-07 20:00:00,M27,故障维修,True,19.24,7386.99,维修工D,已修复,更换备件
MNT-002863,2025-02-03 17:00:00,M29,电气故障,True,11.48,5699.42,外部供应商,已修复,
MNT-002864,2024-04-03 14:00:00,M21,电气故障,True,0.77,5025.55,维修工D,已修复,更换备件
MNT-002865,2024-01-05 01:00:00,M15,注射故障,True,9.48,1328.22,维修工A,已修复,需要厂家支持
MNT-002866,2026-01-12 01:00:00,M26,密封件更换,True,14.52,3881.19,外部供应商,已修复,
MNT-002867,2024-04-03 21:00:00,M26,锁模故障,True,2.21,2134.63,维修工C,已修复,需要厂家支持
MNT-002868,2025-06-14 11:00:00,M18,滤芯更换,True,16.34,204.52,维修工D,已修复,
MNT-002869,2025-05-25 07:00:00,M03,液压故障,True,12.65,817.12,维修工C,已修复,
MNT-002870,2024-04-09 22:00:00,M16,预防性保养,False,1.38,1088.57,维修工D,已修复,
MNT-002871,2025-10-24 14:00:00,M13,滤芯更换,True,10.38,4022.42,外部供应商,已修复,需要厂家支持
MNT-002872,2025-09-12 23:00:00,M10,密封件更换,True,15.51,4685.43,维修工B,已修复,
MNT-002873,2025-10-30 19:00:00,M08,预防性保养,False,3.89,383.96,维修工C,待跟进,建议大修
MNT-002874,2024-03-27 10:00:00,M22,加热故障,True,17.78,1560.59,维修工D,已修复,需要厂家支持
MNT-002875,2024-07-30 01:00:00,M22,液压故障,True,19.74,3918.97,维修工D,已修复,更换备件
MNT-002876,2025-01-28 15:00:00,M18,电气故障,True,1.71,3166.65,外部供应商,已修复,
MNT-002877,2024-05-28 20:00:00,M19,电气故障,True,13.26,4278.55,外部供应商,已修复,更换备件
MNT-002878,2025-12-22 12:00:00,M13,换油,True,13.64,3098.66,维修工D,已修复,更换备件
MNT-002879,2024-03-02 02:00:00,M02,加热故障,True,12.09,6597.61,维修工A,已修复,
MNT-002880,2025-04-30 03:00:00,M15,预防性保养,False,3.71,531.54,维修工B,已修复,建议大修
MNT-002881,2026-02-15 00:00:00,M20,换油,True,4.14,832.16,维修工A,已修复,
MNT-002882,2025-07-22 14:00:00,M12,注射故障,True,15.61,7231.34,维修工B,已修复,
MNT-002883,2026-02-21 18:00:00,M12,故障维修,True,15.19,221.11,维修工C,已修复,
MNT-002884,2024-01-03 12:00:00,M01,密封件更换,True,3.01,5357.98,维修工C,已修复,建议大修
MNT-002885,2024-07-08 06:00:00,M05,预防性保养,False,3.69,777.79,外部供应商,已修复,更换备件
MNT-002886,2025-11-12 15:00:00,M27,注射故障,True,15.9,4919.89,维修工C,已修复,
MNT-002887,2024-12-08 06:00:00,M21,锁模故障,True,9.23,3595.91,维修工C,已修复,需要厂家支持
MNT-002888,2024-07-26 04:00:00,M01,电气故障,True,19.69,1560.9,维修工C,已修复,建议大修
MNT-002889,2024-06-30 08:00:00,M09,锁模故障,True,18.95,1573.21,维修工B,已修复,更换备件
MNT-002890,2024-04-27 23:00:00,M26,滤芯更换,True,19.82,6264.69,外部供应商,已修复,
MNT-002891,2025-09-03 12:00:00,M20,换油,True,6.68,7781.47,外部供应商,已修复,需要厂家支持
MNT-002892,2025-10-05 23:00:00,M23,锁模故障,True,23.31,6146.79,维修工C,待跟进,
MNT-002893,2025-12-16 21:00:00,M22,液压故障,True,9.92,5851.54,维修工A,已修复,
MNT-002894,2024-02-08 12:00:00,M21,注射故障,True,16.71,7865.53,外部供应商,已修复,建议大修
MNT-002895,2024-11-25 12:00:00,M20,锁模故障,True,1.59,7054.54,维修工B,已修复,
MNT-002896,2026-04-18 18:00:00,M05,电气故障,True,11.46,6395.72,维修工D,已修复,更换备件
MNT-002897,2024-12-04 01:00:00,M22,故障维修,True,2.85,524.23,维修工C,已修复,
MNT-002898,2025-10-16 18:00:00,M24,加热故障,True,4.76,608.48,维修工C,已修复,
MNT-002899,2025-10-09 07:00:00,M10,液压故障,True,20.67,2468.69,维修工D,已修复,
MNT-002900,2025-02-23 23:00:00,M16,液压故障,True,5.1,3977.96,维修工A,已修复,
MNT-002901,2025-08-29 23:00:00,M05,密封件更换,True,23.87,7568.61,维修工B,已修复,建议大修
MNT-002902,2025-04-19 07:00:00,M13,加热故障,True,5.97,5338.13,维修工A,已修复,
MNT-002903,2024-02-09 16:00:00,M05,换油,True,8.51,7156.33,维修工C,已修复,建议大修
MNT-002904,2025-04-27 11:00:00,M14,加热故障,True,0.6,4806.2,维修工A,已修复,
MNT-002905,2024-11-02 09:00:00,M21,换油,True,1.31,6424.37,维修工A,已修复,
MNT-002906,2024-02-01 23:00:00,M01,锁模故障,True,21.99,3828.37,维修工C,已修复,
MNT-002907,2025-07-13 06:00:00,M05,液压故障,True,13.9,6822.8,维修工B,已修复,
MNT-002908,2025-11-26 03:00:00,M17,密封件更换,True,12.66,7878.34,维修工C,已修复,
MNT-002909,2024-08-22 11:00:00,M06,故障维修,True,14.46,7497.15,维修工C,已修复,需要厂家支持
MNT-002910,2024-06-12 10:00:00,M24,注射故障,True,22.47,4699.74,维修工B,已修复,
MNT-002911,2026-02-15 03:00:00,M27,锁模故障,True,22.42,4512.33,维修工B,已修复,更换备件
MNT-002912,2025-02-20 14:00:00,M13,电气故障,True,18.55,5088.13,维修工B,已修复,需要厂家支持
MNT-002913,2025-09-22 02:00:00,M05,注射故障,True,13.22,4198.84,维修工B,已修复,
MNT-002914,2024-11-24 18:00:00,M08,注射故障,True,11.27,7449.78,维修工D,已修复,更换备件
MNT-002915,2026-04-04 21:00:00,M13,密封件更换,True,16.12,3314.31,维修工D,已修复,需要厂家支持
MNT-002916,2024-07-05 20:00:00,M23,滤芯更换,True,19.0,6655.39,维修工B,已修复,建议大修
MNT-002917,2024-03-29 18:00:00,M14,故障维修,True,11.9,2247.91,外部供应商,已修复,
MNT-002918,2025-03-13 12:00:00,M09,电气故障,True,22.41,1347.08,维修工B,已修复,建议大修
MNT-002919,2025-04-21 13:00:00,M10,液压故障,True,13.45,3460.95,维修工C,已修复,需要厂家支持
MNT-002920,2024-06-09 16:00:00,M25,滤芯更换,True,13.9,7060.83,维修工D,已修复,更换备件
MNT-002921,2026-01-11 10:00:00,M03,电气故障,True,14.13,3573.46,维修工D,待跟进,
MNT-002922,2025-02-10 20:00:00,M25,锁模故障,True,19.76,2098.38,维修工D,已修复,
MNT-002923,2024-07-13 02:00:00,M01,锁模故障,True,11.11,5303.42,维修工D,已修复,
MNT-002924,2025-01-21 07:00:00,M26,液压故障,True,11.36,5300.99,维修工C,已修复,更换备件
MNT-002925,2024-06-13 13:00:00,M04,液压故障,True,3.18,3596.3,维修工D,已修复,更换备件
MNT-002926,2024-03-07 04:00:00,M20,加热故障,True,12.66,3650.37,维修工B,已修复,需要厂家支持
MNT-002927,2026-04-25 04:00:00,M11,加热故障,True,16.86,7193.33,维修工B,已修复,
MNT-002928,2024-09-17 10:00:00,M16,滤芯更换,True,8.93,1621.0,维修工D,已修复,
MNT-002929,2026-01-19 11:00:00,M03,密封件更换,True,15.42,2701.78,维修工A,已修复,建议大修
MNT-002930,2026-01-30 06:00:00,M08,换油,True,3.66,7213.46,维修工C,已修复,建议大修
MNT-002931,2025-06-24 16:00:00,M17,电气故障,True,18.61,5202.99,维修工D,已修复,
MNT-002932,2024-03-12 14:00:00,M29,预防性保养,False,3.78,533.97,维修工A,已修复,更换备件
MNT-002933,2024-03-09 11:00:00,M28,滤芯更换,True,19.06,3998.56,维修工A,已修复,建议大修
MNT-002934,2024-02-08 14:00:00,M23,换油,True,8.23,1943.56,维修工D,已修复,
MNT-002935,2026-01-01 10:00:00,M02,换油,True,7.35,3952.9,维修工C,已修复,
MNT-002936,2024-06-13 07:00:00,M13,故障维修,True,1.08,5167.11,维修工C,已修复,需要厂家支持
MNT-002937,2025-05-06 13:00:00,M18,电气故障,True,18.67,6274.38,维修工D,已修复,更换备件
MNT-002938,2026-01-27 10:00:00,M11,滤芯更换,True,2.79,2434.67,维修工B,已修复,更换备件
MNT-002939,2025-03-05 02:00:00,M15,滤芯更换,True,12.13,3820.56,维修工C,已修复,建议大修
MNT-002940,2024-06-13 07:00:00,M20,预防性保养,False,1.02,349.48,维修工C,已修复,
MNT-002941,2025-10-25 22:00:00,M29,加热故障,True,18.5,5836.18,外部供应商,已修复,
MNT-002942,2025-03-17 22:00:00,M29,滤芯更换,True,1.14,3672.67,维修工B,已修复,
MNT-002943,2025-01-13 21:00:00,M16,锁模故障,True,18.03,254.71,维修工A,已修复,
MNT-002944,2024-10-19 02:00:00,M11,电气故障,True,17.89,5411.35,外部供应商,已修复,
MNT-002945,2024-08-19 18:00:00,M27,故障维修,True,16.39,2192.84,外部供应商,已修复,建议大修
MNT-002946,2025-12-12 07:00:00,M22,液压故障,True,10.28,1884.02,外部供应商,已修复,
MNT-002947,2025-08-02 09:00:00,M11,电气故障,True,23.83,6617.04,维修工A,已修复,建议大修
MNT-002948,2026-01-20 12:00:00,M27,电气故障,True,19.32,7276.2,维修工C,已修复,
MNT-002949,2024-10-10 09:00:00,M03,预防性保养,False,1.76,1330.7,维修工C,已修复,建议大修
MNT-002950,2024-06-03 14:00:00,M27,加热故障,True,8.71,4295.5,外部供应商,已修复,需要厂家支持
MNT-002951,2026-03-03 01:00:00,M19,电气故障,True,5.56,1777.89,维修工D,已修复,
MNT-002952,2024-11-24 20:00:00,M17,密封件更换,True,15.5,609.24,维修工C,已修复,需要厂家支持
MNT-002953,2024-09-24 11:00:00,M15,电气故障,True,0.93,862.61,维修工B,已修复,需要厂家支持
MNT-002954,2024-07-04 23:00:00,M03,锁模故障,True,22.19,829.45,维修工C,已修复,需要厂家支持
MNT-002955,2025-12-18 19:00:00,M12,加热故障,True,16.27,7365.23,维修工B,已修复,
MNT-002956,2024-02-12 09:00:00,M25,液压故障,True,15.84,5124.61,外部供应商,已修复,
MNT-002957,2024-04-15 13:00:00,M27,注射故障,True,11.1,1697.42,维修工A,已修复,
MNT-002958,2024-04-25 18:00:00,M01,液压故障,True,9.42,7796.22,维修工C,已修复,需要厂家支持
MNT-002959,2025-06-13 04:00:00,M06,加热故障,True,3.23,5161.92,维修工B,已修复,
MNT-002960,2025-05-22 06:00:00,M18,滤芯更换,True,12.38,4799.11,维修工B,已修复,更换备件
MNT-002961,2025-08-06 04:00:00,M04,故障维修,True,19.66,2210.48,外部供应商,已修复,需要厂家支持
MNT-002962,2026-01-29 21:00:00,M25,液压故障,True,21.66,7676.9,维修工C,已修复,更换备件
MNT-002963,2025-10-14 10:00:00,M08,注射故障,True,8.73,2140.8,维修工A,已修复,需要厂家支持
MNT-002964,2024-05-10 03:00:00,M27,电气故障,True,1.08,5160.95,维修工B,已修复,
MNT-002965,2026-02-17 11:00:00,M27,预防性保养,False,3.72,1073.59,维修工C,已修复,更换备件
MNT-002966,2024-04-22 16:00:00,M27,锁模故障,True,16.74,460.38,维修工A,已修复,建议大修
MNT-002967,2025-10-08 14:00:00,M29,故障维修,True,1.78,1222.63,维修工A,已修复,
MNT-002968,2026-03-27 16:00:00,M01,密封件更换,True,0.86,6060.37,维修工D,已修复,建议大修
MNT-002969,2024-04-20 17:00:00,M03,换油,True,14.04,5602.01,维修工D,已修复,需要厂家支持
MNT-002970,2024-12-19 10:00:00,M01,换油,True,9.62,7498.42,维修工D,已修复,
MNT-002971,2024-01-17 21:00:00,M28,液压故障,True,13.0,6054.46,维修工D,已修复,建议大修
MNT-002972,2025-10-14 16:00:00,M05,电气故障,True,13.27,1537.64,外部供应商,已修复,建议大修
MNT-002973,2024-06-09 12:00:00,M18,预防性保养,False,3.99,1046.17,维修工A,已修复,
MNT-002974,2025-03-18 19:00:00,M27,密封件更换,True,15.04,2920.2,维修工D,已修复,
MNT-002975,2026-02-18 10:00:00,M04,加热故障,True,8.1,4180.51,维修工C,已修复,更换备件
MNT-002976,2026-01-06 03:00:00,M17,液压故障,True,7.17,6574.83,维修工A,已修复,需要厂家支持
MNT-002977,2024-03-02 12:00:00,M26,故障维修,True,9.91,5831.72,外部供应商,待跟进,更换备件
MNT-002978,2024-12-08 19:00:00,M19,滤芯更换,True,10.65,5334.24,维修工D,已修复,
MNT-002979,2025-11-12 05:00:00,M01,注射故障,True,23.45,2882.23,维修工B,已修复,
MNT-002980,2024-11-15 21:00:00,M24,液压故障,True,18.08,1551.63,维修工B,已修复,更换备件
MNT-002981,2025-06-09 17:00:00,M09,加热故障,True,3.48,6770.66,外部供应商,已修复,
MNT-002982,2025-12-22 12:00:00,M02,液压故障,True,16.58,5211.88,维修工A,已修复,
MNT-002983,2025-11-12 14:00:00,M27,注射故障,True,1.46,289.4,外部供应商,已修复,
MNT-002984,2026-01-18 20:00:00,M11,电气故障,True,23.01,5012.79,维修工D,已修复,
MNT-002985,2025-06-13 11:00:00,M18,故障维修,True,18.54,1569.56,维修工D,已修复,建议大修
MNT-002986,2025-11-16 22:00:00,M22,电气故障,True,2.12,7681.59,维修工D,已修复,
MNT-002987,2024-06-13 10:00:00,M06,预防性保养,False,3.4,186.98,维修工D,已修复,建议大修
MNT-002988,2025-07-06 22:00:00,M18,电气故障,True,17.6,7278.73,维修工D,已修复,需要厂家支持
MNT-002989,2024-09-08 07:00:00,M19,锁模故障,True,16.21,4068.04,维修工D,已修复,
MNT-002990,2025-12-03 01:00:00,M27,加热故障,True,10.67,418.16,维修工A,已修复,建议大修
MNT-002991,2025-07-12 20:00:00,M05,故障维修,True,21.89,7268.87,外部供应商,已修复,
MNT-002992,2025-10-15 03:00:00,M29,液压故障,True,17.11,1168.85,维修工B,已修复,建议大修
MNT-002993,2024-06-04 21:00:00,M24,密封件更换,True,11.24,352.42,维修工C,已修复,
MNT-002994,2024-03-01 01:00:00,M28,预防性保养,False,1.91,862.7,维修工B,已修复,
MNT-002995,2025-10-25 07:00:00,M18,预防性保养,False,1.54,844.15,维修工B,已修复,更换备件
MNT-002996,2025-09-13 13:00:00,M10,注射故障,True,12.71,1132.67,维修工A,已修复,建议大修
MNT-002997,2024-09-28 08:00:00,M27,加热故障,True,5.5,1720.53,维修工D,已修复,建议大修
MNT-002998,2024-07-31 17:00:00,M21,故障维修,True,5.99,594.35,维修工B,已修复,更换备件
MNT-002999,2024-07-12 15:00:00,M02,注射故障,True,9.52,1825.09,外部供应商,已修复,建议大修
MNT-003000,2024-12-24 13:00:00,M01,注射故障,True,1.87,2335.82,维修工A,已修复,更换备件
MNT-003001,2024-03-06 04:00:00,M16,注射故障,True,16.06,2887.58,外部供应商,已修复,建议大修
MNT-003002,2025-01-27 09:00:00,M07,注射故障,True,17.89,7208.97,外部供应商,已修复,更换备件
MNT-003003,2024-09-07 18:00:00,M12,滤芯更换,True,4.23,2619.8,维修工B,已修复,建议大修
MNT-003004,2026-02-28 05:00:00,M20,电气故障,True,6.41,6934.16,维修工A,已修复,
MNT-003005,2024-08-31 02:00:00,M06,电气故障,True,10.97,4953.01,维修工A,已修复,
MNT-003006,2025-06-22 01:00:00,M24,密封件更换,True,6.5,3703.36,外部供应商,已修复,
MNT-003007,2026-04-24 10:00:00,M02,加热故障,True,8.65,2511.75,维修工B,已修复,更换备件
MNT-003008,2025-07-17 18:00:00,M05,电气故障,True,10.93,4582.17,维修工D,已修复,
MNT-003009,2024-02-10 01:00:00,M21,锁模故障,True,5.44,3127.83,外部供应商,已修复,
MNT-003010,2024-08-14 17:00:00,M09,注射故障,True,18.77,4900.0,维修工A,已修复,
MNT-003011,2024-05-18 11:00:00,M04,锁模故障,True,4.54,2683.53,外部供应商,已修复,
MNT-003012,2026-03-04 01:00:00,M07,加热故障,True,2.47,6526.01,维修工A,已修复,需要厂家支持
MNT-003013,2024-09-25 11:00:00,M02,电气故障,True,15.6,4787.81,维修工C,已修复,建议大修
MNT-003014,2024-03-29 22:00:00,M11,滤芯更换,True,3.25,6007.14,外部供应商,已修复,需要厂家支持
MNT-003015,2025-10-12 10:00:00,M16,故障维修,True,13.0,4842.49,维修工A,已修复,需要厂家支持
MNT-003016,2025-05-11 17:00:00,M02,电气故障,True,21.89,7340.78,维修工C,已修复,
MNT-003017,2025-07-31 22:00:00,M15,电气故障,True,13.49,7543.87,维修工C,已修复,需要厂家支持
MNT-003018,2024-02-19 08:00:00,M06,故障维修,True,7.52,3958.75,外部供应商,已修复,
MNT-003019,2024-11-14 15:00:00,M10,预防性保养,False,3.36,421.06,维修工B,已修复,更换备件
MNT-003020,2026-04-17 17:00:00,M15,加热故障,True,23.82,7927.17,维修工C,已修复,建议大修
MNT-003021,2024-11-21 01:00:00,M14,滤芯更换,True,23.03,5040.16,维修工A,已修复,
MNT-003022,2024-06-25 06:00:00,M27,滤芯更换,True,20.1,693.98,维修工D,已修复,
MNT-003023,2026-02-01 08:00:00,M27,电气故障,True,0.66,1206.22,维修工B,已修复,
MNT-003024,2024-07-13 07:00:00,M21,锁模故障,True,22.24,1878.59,维修工C,已修复,
MNT-003025,2025-11-28 13:00:00,M29,注射故障,True,12.0,7358.34,外部供应商,已修复,
MNT-003026,2024-01-26 21:00:00,M19,电气故障,True,19.78,1468.6,维修工A,已修复,更换备件
MNT-003027,2024-03-23 17:00:00,M14,锁模故障,True,3.56,4405.17,维修工A,已修复,
MNT-003028,2024-07-13 00:00:00,M04,注射故障,True,18.3,7682.39,维修工B,已修复,需要厂家支持
MNT-003029,2024-07-26 03:00:00,M26,电气故障,True,17.06,5778.81,维修工D,已修复,
MNT-003030,2024-04-23 06:00:00,M15,故障维修,True,21.62,5203.66,维修工C,已修复,
MNT-003031,2026-04-15 09:00:00,M19,电气故障,True,11.52,2306.29,维修工A,已修复,更换备件
MNT-003032,2024-03-13 08:00:00,M24,滤芯更换,True,5.07,5691.42,外部供应商,已修复,需要厂家支持
MNT-003033,2025-03-15 16:00:00,M02,密封件更换,True,5.47,6729.74,维修工C,已修复,
MNT-003034,2024-12-25 13:00:00,M12,加热故障,True,16.73,1382.53,维修工C,已修复,更换备件
MNT-003035,2026-03-22 01:00:00,M10,换油,True,12.95,4464.19,外部供应商,已修复,
MNT-003036,2024-02-03 05:00:00,M22,预防性保养,False,1.76,835.59,维修工D,已修复,
MNT-003037,2024-12-14 15:00:00,M03,注射故障,True,5.23,2923.93,外部供应商,已修复,需要厂家支持
MNT-003038,2024-04-10 06:00:00,M03,锁模故障,True,20.9,6650.2,维修工B,已修复,建议大修
MNT-003039,2025-07-31 12:00:00,M07,滤芯更换,True,14.01,7078.5,维修工D,已修复,
MNT-003040,2024-05-09 19:00:00,M22,加热故障,True,12.97,2840.37,外部供应商,已修复,需要厂家支持
MNT-003041,2024-01-16 09:00:00,M28,换油,True,14.55,2077.32,外部供应商,已修复,
MNT-003042,2024-03-30 17:00:00,M17,密封件更换,True,11.46,2304.99,维修工A,已修复,建议大修
MNT-003043,2026-02-22 01:00:00,M06,预防性保养,False,3.58,1393.59,外部供应商,已修复,
MNT-003044,2025-12-03 15:00:00,M06,预防性保养,False,0.85,568.69,外部供应商,已修复,建议大修
MNT-003045,2025-09-24 05:00:00,M18,故障维修,True,8.66,855.65,维修工A,已修复,更换备件
MNT-003046,2025-06-15 11:00:00,M04,锁模故障,True,19.77,2625.52,外部供应商,已修复,
MNT-003047,2026-03-30 15:00:00,M29,锁模故障,True,7.76,7900.54,维修工A,已修复,需要厂家支持
MNT-003048,2024-08-15 21:00:00,M19,预防性保养,False,0.75,913.41,维修工B,已修复,需要厂家支持
MNT-003049,2024-07-25 08:00:00,M23,液压故障,True,5.09,5578.69,维修工A,已修复,需要厂家支持
MNT-003050,2024-07-19 05:00:00,M21,液压故障,True,9.24,391.91,维修工D,已修复,建议大修
MNT-003051,2025-06-16 18:00:00,M12,密封件更换,True,5.96,3132.36,维修工D,已修复,
MNT-003052,2025-05-28 02:00:00,M05,预防性保养,False,3.89,146.33,维修工D,已修复,
MNT-003053,2025-09-30 23:00:00,M05,预防性保养,False,0.78,108.26,维修工B,已修复,需要厂家支持
MNT-003054,2025-12-02 22:00:00,M15,换油,True,9.58,7117.99,维修工A,已修复,建议大修
MNT-003055,2026-02-07 14:00:00,M25,密封件更换,True,13.53,6419.97,维修工A,已修复,
MNT-003056,2025-11-12 21:00:00,M12,滤芯更换,True,10.77,2198.75,维修工D,已修复,更换备件
MNT-003057,2025-04-26 22:00:00,M16,预防性保养,False,3.95,1269.69,外部供应商,已修复,需要厂家支持
MNT-003058,2025-02-14 01:00:00,M03,换油,True,5.46,5355.58,外部供应商,已修复,
MNT-003059,2024-05-31 17:00:00,M13,锁模故障,True,19.65,5116.24,维修工B,已修复,更换备件
MNT-003060,2024-11-22 19:00:00,M06,故障维修,True,23.07,2799.34,维修工D,已修复,
MNT-003061,2025-01-20 22:00:00,M10,注射故障,True,10.7,7108.03,维修工C,已修复,
MNT-003062,2025-06-12 19:00:00,M01,预防性保养,False,2.44,511.79,维修工D,已修复,
MNT-003063,2025-09-11 22:00:00,M26,预防性保养,False,0.73,1453.03,维修工C,已修复,
MNT-003064,2025-06-30 06:00:00,M09,密封件更换,True,7.18,1685.19,维修工B,已修复,
MNT-003065,2026-02-08 07:00:00,M13,加热故障,True,0.69,5714.91,维修工A,已修复,更换备件
MNT-003066,2025-08-21 08:00:00,M01,换油,True,19.13,1949.01,维修工D,已修复,
MNT-003067,2025-12-03 04:00:00,M17,注射故障,True,7.98,1683.15,外部供应商,已修复,更换备件
MNT-003068,2024-05-18 07:00:00,M12,注射故障,True,2.76,4768.5,维修工A,已修复,
MNT-003069,2026-01-31 17:00:00,M23,注射故障,True,18.31,1712.19,维修工A,已修复,
MNT-003070,2026-01-14 07:00:00,M08,故障维修,True,19.92,2365.61,维修工A,已修复,
MNT-003071,2024-02-27 07:00:00,M11,密封件更换,True,9.83,5028.15,维修工C,已修复,建议大修
MNT-003072,2025-12-04 16:00:00,M01,锁模故障,True,4.1,1463.69,维修工C,已修复,更换备件
MNT-003073,2024-06-20 08:00:00,M21,液压故障,True,15.8,7347.63,维修工C,已修复,需要厂家支持
MNT-003074,2025-02-03 22:00:00,M15,锁模故障,True,11.08,3257.04,外部供应商,已修复,需要厂家支持
MNT-003075,2024-08-31 19:00:00,M12,加热故障,True,5.07,862.86,维修工C,已修复,
MNT-003076,2024-03-25 08:00:00,M27,密封件更换,True,7.18,6350.32,维修工B,已修复,
MNT-003077,2024-10-19 03:00:00,M22,锁模故障,True,6.07,4949.21,维修工B,已修复,
MNT-003078,2024-04-26 09:00:00,M23,液压故障,True,13.62,7765.08,维修工B,已修复,需要厂家支持
MNT-003079,2025-03-17 05:00:00,M26,注射故障,True,17.34,7435.67,外部供应商,已修复,更换备件
MNT-003080,2026-01-05 04:00:00,M02,电气故障,True,7.31,4978.83,外部供应商,已修复,
MNT-003081,2025-09-02 09:00:00,M08,电气故障,True,21.87,1477.52,维修工C,已修复,
MNT-003082,2024-05-04 21:00:00,M09,锁模故障,True,10.43,4891.37,维修工A,已修复,
MNT-003083,2024-05-15 12:00:00,M08,换油,True,22.87,4826.74,维修工C,已修复,
MNT-003084,2024-07-30 21:00:00,M16,故障维修,True,1.94,4173.45,维修工D,已修复,更换备件
MNT-003085,2025-09-07 16:00:00,M18,液压故障,True,13.06,4393.99,外部供应商,已修复,
MNT-003086,2025-01-01 14:00:00,M27,锁模故障,True,7.93,3908.07,维修工C,已修复,
MNT-003087,2025-11-12 05:00:00,M05,液压故障,True,4.66,7729.53,维修工D,已修复,
MNT-003088,2024-01-07 15:00:00,M21,滤芯更换,True,5.52,685.75,维修工C,已修复,需要厂家支持
MNT-003089,2024-06-29 18:00:00,M06,故障维修,True,0.7,5006.53,外部供应商,已修复,
MNT-003090,2025-06-25 20:00:00,M04,预防性保养,False,1.68,1341.96,维修工C,已修复,
MNT-003091,2024-06-03 19:00:00,M14,换油,True,14.75,7832.64,外部供应商,已修复,需要厂家支持
MNT-003092,2025-06-19 17:00:00,M16,故障维修,True,22.3,4656.53,维修工A,已修复,
MNT-003093,2025-07-23 22:00:00,M07,液压故障,True,7.3,2043.55,维修工A,已修复,更换备件
MNT-003094,2026-04-08 16:00:00,M24,锁模故障,True,5.68,1092.61,维修工A,已修复,
MNT-003095,2024-04-22 08:00:00,M11,锁模故障,True,5.04,7435.23,外部供应商,已修复,需要厂家支持
MNT-003096,2025-06-19 15:00:00,M12,换油,True,6.03,3254.77,维修工C,已修复,需要厂家支持
MNT-003097,2025-06-13 16:00:00,M15,故障维修,True,8.44,2025.95,维修工A,已修复,需要厂家支持
MNT-003098,2026-03-26 05:00:00,M16,滤芯更换,True,5.55,7608.09,维修工B,已修复,
MNT-003099,2026-01-17 15:00:00,M03,锁模故障,True,18.45,4789.02,维修工B,已修复,需要厂家支持
MNT-003100,2025-03-14 21:00:00,M22,换油,True,7.53,6787.18,维修工D,待跟进,
MNT-003101,2025-11-10 19:00:00,M03,液压故障,True,6.65,2479.95,维修工B,已修复,
MNT-003102,2026-01-02 21:00:00,M11,液压故障,True,14.06,6019.37,维修工B,已修复,
MNT-003103,2024-03-27 19:00:00,M10,预防性保养,False,3.78,851.15,维修工C,已修复,建议大修
MNT-003104,2024-04-21 08:00:00,M07,注射故障,True,11.87,3060.76,维修工A,待跟进,
MNT-003105,2025-01-08 03:00:00,M13,换油,True,21.72,4888.7,维修工B,已修复,需要厂家支持
MNT-003106,2025-07-03 23:00:00,M05,密封件更换,True,23.74,1950.76,维修工B,已修复,
MNT-003107,2025-12-22 18:00:00,M25,故障维修,True,19.2,5918.06,维修工A,已修复,
MNT-003108,2026-03-17 20:00:00,M11,预防性保养,False,3.12,709.38,维修工D,已修复,
MNT-003109,2024-01-15 16:00:00,M25,注射故障,True,1.35,4649.76,维修工B,已修复,更换备件
MNT-003110,2025-10-03 19:00:00,M29,注射故障,True,21.64,2851.89,维修工D,已修复,建议大修
MNT-003111,2024-09-24 04:00:00,M09,密封件更换,True,14.55,7073.39,维修工D,已修复,更换备件
MNT-003112,2026-01-31 11:00:00,M01,预防性保养,False,3.97,1302.82,外部供应商,已修复,建议大修
MNT-003113,2025-06-23 16:00:00,M13,电气故障,True,21.82,7285.28,维修工D,待跟进,更换备件
MNT-003114,2024-03-21 11:00:00,M20,预防性保养,False,2.66,1324.53,维修工B,已修复,
MNT-003115,2024-07-02 20:00:00,M10,密封件更换,True,18.62,296.53,维修工B,已修复,
MNT-003116,2025-05-31 19:00:00,M27,换油,True,10.25,3993.08,维修工D,已修复,更换备件
MNT-003117,2024-12-10 17:00:00,M09,换油,True,14.25,3583.02,维修工D,已修复,建议大修
MNT-003118,2024-08-03 04:00:00,M04,电气故障,True,23.17,689.11,维修工C,已修复,建议大修
MNT-003119,2025-01-30 14:00:00,M11,电气故障,True,14.01,1045.61,维修工A,已修复,
MNT-003120,2025-08-27 05:00:00,M22,预防性保养,False,1.73,1226.8,维修工D,已修复,更换备件
MNT-003121,2026-02-21 11:00:00,M23,密封件更换,True,11.79,3258.42,维修工B,已修复,
MNT-003122,2025-08-25 01:00:00,M21,锁模故障,True,4.13,2597.23,外部供应商,已修复,更换备件
MNT-003123,2026-03-01 00:00:00,M15,故障维修,True,11.32,4293.1,维修工C,已修复,
MNT-003124,2025-05-29 06:00:00,M25,预防性保养,False,2.16,967.13,维修工D,已修复,
MNT-003125,2024-05-01 13:00:00,M03,加热故障,True,6.3,3194.52,维修工C,已修复,需要厂家支持
MNT-003126,2025-08-25 17:00:00,M10,预防性保养,False,3.07,213.32,外部供应商,已修复,
MNT-003127,2024-01-17 11:00:00,M07,滤芯更换,True,15.44,1882.4,维修工B,已修复,建议大修
MNT-003128,2024-09-25 19:00:00,M21,预防性保养,False,0.74,1006.87,维修工A,已修复,建议大修
MNT-003129,2024-07-21 15:00:00,M15,故障维修,True,17.29,5433.37,维修工D,已修复,
MNT-003130,2025-12-13 08:00:00,M27,密封件更换,True,20.34,3914.58,维修工B,已修复,
MNT-003131,2025-07-14 16:00:00,M25,密封件更换,True,21.7,4035.61,维修工B,已修复,需要厂家支持
MNT-003132,2026-04-08 14:00:00,M28,加热故障,True,14.72,6965.37,外部供应商,已修复,更换备件
MNT-003133,2025-05-24 13:00:00,M01,换油,True,19.03,435.19,维修工B,已修复,
MNT-003134,2024-07-21 12:00:00,M14,电气故障,True,21.2,3245.98,维修工C,已修复,需要厂家支持
MNT-003135,2025-12-04 07:00:00,M01,换油,True,15.94,678.23,维修工D,已修复,
MNT-003136,2026-03-15 08:00:00,M10,锁模故障,True,1.21,2304.32,维修工D,已修复,
MNT-003137,2025-03-26 09:00:00,M22,换油,True,23.01,5930.88,维修工D,已修复,
MNT-003138,2024-10-22 10:00:00,M19,加热故障,True,14.66,5826.76,维修工A,已修复,需要厂家支持
MNT-003139,2025-03-29 14:00:00,M11,密封件更换,True,2.44,6586.4,外部供应商,已修复,
MNT-003140,2024-12-02 00:00:00,M29,换油,True,4.31,6255.59,维修工A,已修复,
MNT-003141,2024-01-01 09:00:00,M05,预防性保养,False,3.81,1080.4,维修工C,已修复,
MNT-003142,2024-05-04 12:00:00,M10,换油,True,16.77,6754.11,外部供应商,已修复,需要厂家支持
MNT-003143,2026-03-28 10:00:00,M21,电气故障,True,0.86,6366.01,维修工C,已修复,需要厂家支持
MNT-003144,2024-07-13 22:00:00,M16,锁模故障,True,1.24,5201.23,维修工D,已修复,
MNT-003145,2025-07-08 10:00:00,M26,锁模故障,True,2.4,4075.83,维修工C,已修复,更换备件
MNT-003146,2025-03-01 16:00:00,M24,密封件更换,True,3.66,2107.67,维修工D,已修复,需要厂家支持
MNT-003147,2025-09-02 10:00:00,M12,电气故障,True,4.4,3971.94,维修工B,已修复,建议大修
MNT-003148,2026-01-15 02:00:00,M25,密封件更换,True,0.79,1642.63,维修工B,已修复,建议大修
MNT-003149,2025-04-06 14:00:00,M28,加热故障,True,4.25,1418.3,维修工A,已修复,需要厂家支持
MNT-003150,2024-06-19 11:00:00,M18,密封件更换,True,5.78,4710.36,外部供应商,已修复,建议大修
MNT-003151,2025-01-23 15:00:00,M02,锁模故障,True,0.56,4057.86,维修工C,已修复,更换备件
MNT-003152,2025-12-31 00:00:00,M27,电气故障,True,4.73,4360.18,维修工A,已修复,需要厂家支持
MNT-003153,2025-04-05 03:00:00,M29,密封件更换,True,14.68,2783.54,维修工A,已修复,
MNT-003154,2025-02-15 15:00:00,M25,加热故障,True,2.52,5665.76,维修工A,已修复,
MNT-003155,2025-03-16 09:00:00,M12,加热故障,True,9.95,1949.76,维修工D,已修复,建议大修
MNT-003156,2025-07-14 23:00:00,M29,故障维修,True,13.54,7748.11,外部供应商,已修复,更换备件
MNT-003157,2024-10-29 13:00:00,M09,电气故障,True,1.46,1745.06,维修工D,已修复,
MNT-003158,2025-05-28 06:00:00,M15,滤芯更换,True,8.99,1054.25,维修工A,已修复,更换备件
MNT-003159,2024-11-08 19:00:00,M11,锁模故障,True,12.49,7967.58,维修工A,已修复,
MNT-003160,2024-12-22 07:00:00,M10,故障维修,True,4.96,3446.28,维修工B,已修复,
MNT-003161,2024-09-06 03:00:00,M23,注射故障,True,16.5,7020.5,维修工C,已修复,
MNT-003162,2026-04-15 12:00:00,M24,故障维修,True,3.81,3700.75,维修工B,已修复,
MNT-003163,2025-07-11 11:00:00,M20,锁模故障,True,3.1,6598.42,维修工D,已修复,更换备件
MNT-003164,2025-10-12 19:00:00,M19,液压故障,True,22.28,829.18,维修工A,已修复,需要厂家支持
MNT-003165,2026-04-08 05:00:00,M01,注射故障,True,23.31,1696.6,维修工A,已修复,更换备件
MNT-003166,2026-04-28 10:00:00,M02,液压故障,True,13.65,6004.41,维修工C,已修复,
MNT-003167,2026-01-02 17:00:00,M03,预防性保养,False,0.83,353.53,维修工B,已修复,建议大修
MNT-003168,2024-08-26 14:00:00,M20,故障维修,True,8.39,7737.87,维修工D,已修复,
MNT-003169,2025-06-10 21:00:00,M05,故障维修,True,6.07,5661.31,维修工D,已修复,更换备件
MNT-003170,2025-05-18 23:00:00,M02,电气故障,True,1.64,450.11,维修工C,已修复,
MNT-003171,2025-01-25 00:00:00,M27,锁模故障,True,7.4,2362.28,维修工A,已修复,建议大修
MNT-003172,2024-10-07 17:00:00,M11,换油,True,16.36,7701.47,外部供应商,已修复,需要厂家支持
MNT-003173,2025-05-01 03:00:00,M14,预防性保养,False,3.78,1379.65,外部供应商,已修复,需要厂家支持
MNT-003174,2024-05-19 11:00:00,M18,故障维修,True,9.84,5334.43,维修工B,已修复,建议大修
MNT-003175,2025-03-17 22:00:00,M01,加热故障,True,2.05,1920.66,维修工D,已修复,
MNT-003176,2024-06-16 04:00:00,M08,锁模故障,True,10.0,3920.77,维修工A,已修复,更换备件
MNT-003177,2025-02-15 02:00:00,M18,注射故障,True,5.62,2998.47,维修工D,已修复,更换备件
MNT-003178,2025-01-26 19:00:00,M07,故障维修,True,10.19,4860.94,维修工A,已修复,
MNT-003179,2025-05-27 08:00:00,M14,故障维修,True,15.82,2451.5,维修工B,已修复,更换备件
MNT-003180,2025-06-15 04:00:00,M02,注射故障,True,1.73,4910.8,维修工C,已修复,
MNT-003181,2024-02-04 21:00:00,M01,液压故障,True,13.69,7496.08,维修工C,已修复,
MNT-003182,2024-11-24 00:00:00,M06,加热故障,True,23.19,7891.32,外部供应商,待跟进,更换备件
MNT-003183,2024-12-15 04:00:00,M20,注射故障,True,15.51,6565.19,维修工A,已修复,
MNT-003184,2024-11-13 18:00:00,M22,滤芯更换,True,14.21,5414.51,维修工D,待跟进,需要厂家支持
MNT-003185,2026-03-05 00:00:00,M19,故障维修,True,20.65,4722.87,维修工C,已修复,更换备件
MNT-003186,2025-11-16 01:00:00,M03,故障维修,True,7.01,7615.99,维修工D,已修复,
MNT-003187,2024-08-15 14:00:00,M06,故障维修,True,11.69,7356.2,维修工C,已修复,建议大修
MNT-003188,2024-02-17 20:00:00,M16,换油,True,2.69,4741.06,维修工A,已修复,建议大修
MNT-003189,2025-10-30 12:00:00,M07,液压故障,True,8.07,3729.12,维修工C,已修复,建议大修
MNT-003190,2025-04-15 13:00:00,M06,预防性保养,False,3.04,635.77,维修工A,已修复,建议大修
MNT-003191,2025-05-13 19:00:00,M09,密封件更换,True,16.02,3588.18,维修工C,已修复,更换备件
MNT-003192,2025-07-19 04:00:00,M18,密封件更换,True,12.28,2541.11,外部供应商,已修复,
MNT-003193,2024-12-28 19:00:00,M18,故障维修,True,19.64,407.85,维修工D,已修复,
MNT-003194,2024-07-10 17:00:00,M28,锁模故障,True,17.6,3078.38,维修工D,已修复,更换备件
MNT-003195,2025-03-06 04:00:00,M01,故障维修,True,9.45,6613.17,维修工C,已修复,
MNT-003196,2024-04-02 01:00:00,M11,滤芯更换,True,18.57,4650.91,维修工A,已修复,需要厂家支持
MNT-003197,2026-03-20 06:00:00,M10,故障维修,True,17.83,4126.79,维修工A,已修复,
MNT-003198,2025-03-27 23:00:00,M11,液压故障,True,13.55,2530.21,维修工D,已修复,
MNT-003199,2025-12-30 03:00:00,M20,电气故障,True,10.54,4704.29,维修工C,已修复,更换备件
MNT-003200,2024-01-11 10:00:00,M10,加热故障,True,15.72,7161.36,维修工B,已修复,
MNT-003201,2026-01-08 04:00:00,M03,滤芯更换,True,11.25,353.56,维修工C,已修复,更换备件
MNT-003202,2024-07-14 16:00:00,M04,电气故障,True,8.77,4284.43,维修工C,已修复,更换备件
MNT-003203,2025-04-17 02:00:00,M14,锁模故障,True,16.89,5664.89,维修工C,已修复,
MNT-003204,2025-12-07 14:00:00,M04,密封件更换,True,3.45,2654.43,维修工D,已修复,需要厂家支持
MNT-003205,2024-02-24 06:00:00,M05,换油,True,14.52,4369.77,维修工A,已修复,
MNT-003206,2024-10-01 06:00:00,M05,电气故障,True,7.88,3898.52,维修工C,已修复,建议大修
MNT-003207,2025-10-13 19:00:00,M16,加热故障,True,1.73,6380.93,维修工A,已修复,
MNT-003208,2026-04-23 15:00:00,M16,预防性保养,False,1.33,1293.2,维修工D,已修复,建议大修
MNT-003209,2026-01-30 15:00:00,M20,液压故障,True,9.04,7460.19,维修工A,已修复,
MNT-003210,2024-05-25 10:00:00,M07,电气故障,True,8.32,674.91,维修工C,已修复,
MNT-003211,2025-04-26 18:00:00,M07,电气故障,True,18.05,5705.67,维修工A,已修复,
MNT-003212,2025-11-17 15:00:00,M22,换油,True,18.0,5334.91,外部供应商,已修复,建议大修
MNT-003213,2025-07-19 15:00:00,M21,预防性保养,False,3.49,1493.29,维修工C,已修复,
MNT-003214,2025-10-24 15:00:00,M29,密封件更换,True,23.35,2243.59,外部供应商,已修复,
MNT-003215,2026-01-29 07:00:00,M01,电气故障,True,13.43,7991.5,维修工A,已修复,
MNT-003216,2025-10-06 07:00:00,M12,预防性保养,False,3.26,1393.75,外部供应商,已修复,建议大修
MNT-003217,2025-12-03 17:00:00,M01,锁模故障,True,15.13,6199.85,外部供应商,已修复,建议大修
MNT-003218,2025-03-11 19:00:00,M26,换油,True,2.75,7393.84,外部供应商,已修复,更换备件
MNT-003219,2025-09-30 18:00:00,M24,注射故障,True,10.4,2507.13,维修工A,已修复,
MNT-003220,2024-06-15 17:00:00,M14,加热故障,True,16.1,4058.46,维修工A,已修复,需要厂家支持
MNT-003221,2024-07-10 14:00:00,M10,液压故障,True,12.88,4193.22,外部供应商,已修复,
MNT-003222,2024-06-10 08:00:00,M28,电气故障,True,4.04,5730.87,维修工C,已修复,
MNT-003223,2025-02-02 12:00:00,M08,密封件更换,True,20.41,5767.75,外部供应商,已修复,建议大修
MNT-003224,2025-02-21 18:00:00,M15,滤芯更换,True,14.41,4020.34,维修工D,已修复,需要厂家支持
MNT-003225,2025-12-20 12:00:00,M13,换油,True,4.96,5221.35,维修工C,已修复,
MNT-003226,2025-01-27 13:00:00,M26,滤芯更换,True,6.33,3073.45,维修工B,已修复,
MNT-003227,2025-08-13 06:00:00,M16,电气故障,True,14.76,7539.86,维修工A,已修复,
MNT-003228,2024-03-19 19:00:00,M23,滤芯更换,True,9.58,5675.69,维修工D,已修复,建议大修
MNT-003229,2024-03-02 16:00:00,M24,滤芯更换,True,22.33,1258.79,维修工B,待跟进,更换备件
MNT-003230,2025-09-25 20:00:00,M06,电气故障,True,4.49,534.43,维修工A,已修复,需要厂家支持
MNT-003231,2025-01-12 04:00:00,M27,密封件更换,True,15.23,7680.67,维修工B,已修复,更换备件
MNT-003232,2025-08-16 17:00:00,M10,滤芯更换,True,4.61,7819.82,外部供应商,已修复,更换备件
MNT-003233,2024-11-22 01:00:00,M19,注射故障,True,11.77,1419.7,维修工B,已修复,
MNT-003234,2024-05-21 05:00:00,M23,预防性保养,False,1.6,1299.65,维修工C,待跟进,需要厂家支持
MNT-003235,2026-04-04 15:00:00,M27,密封件更换,True,8.47,2828.35,维修工C,已修复,
MNT-003236,2025-12-28 11:00:00,M16,换油,True,1.38,1028.42,维修工D,已修复,
MNT-003237,2024-07-07 22:00:00,M21,液压故障,True,7.58,2975.09,维修工A,已修复,更换备件
MNT-003238,2026-03-30 08:00:00,M28,换油,True,17.17,4486.28,维修工A,已修复,需要厂家支持
MNT-003239,2024-10-18 10:00:00,M14,故障维修,True,10.9,7420.06,维修工B,已修复,需要厂家支持
MNT-003240,2026-01-14 13:00:00,M04,换油,True,12.66,2039.79,外部供应商,已修复,建议大修
MNT-003241,2024-10-29 03:00:00,M12,注射故障,True,10.64,4051.21,维修工B,已修复,
MNT-003242,2024-04-24 06:00:00,M16,滤芯更换,True,1.4,4895.8,外部供应商,已修复,
MNT-003243,2024-09-03 21:00:00,M26,注射故障,True,10.09,3533.12,维修工B,已修复,需要厂家支持
MNT-003244,2025-10-06 12:00:00,M02,锁模故障,True,13.71,3473.91,维修工D,已修复,
MNT-003245,2026-02-17 22:00:00,M08,故障维修,True,5.62,3355.68,外部供应商,已修复,需要厂家支持
MNT-003246,2024-07-14 09:00:00,M02,滤芯更换,True,4.74,3585.86,外部供应商,已修复,需要厂家支持
MNT-003247,2026-02-15 13:00:00,M13,换油,True,13.87,5031.97,维修工A,已修复,建议大修
MNT-003248,2025-05-30 18:00:00,M16,密封件更换,True,8.1,6034.21,维修工D,已修复,
MNT-003249,2025-04-16 10:00:00,M29,故障维修,True,16.19,5817.07,维修工B,已修复,需要厂家支持
MNT-003250,2025-08-04 00:00:00,M28,预防性保养,False,3.66,124.36,维修工D,已修复,更换备件
MNT-003251,2024-11-11 15:00:00,M06,故障维修,True,7.64,207.62,维修工A,已修复,
MNT-003252,2026-03-14 08:00:00,M12,注射故障,True,11.62,2230.71,维修工B,已修复,
MNT-003253,2025-06-03 15:00:00,M25,液压故障,True,15.52,3621.59,维修工B,已修复,建议大修
MNT-003254,2025-03-12 14:00:00,M09,滤芯更换,True,4.08,6328.58,维修工B,已修复,
MNT-003255,2025-11-27 09:00:00,M03,电气故障,True,9.14,4370.6,维修工D,已修复,需要厂家支持
MNT-003256,2024-08-02 18:00:00,M18,电气故障,True,0.52,2498.74,维修工A,已修复,需要厂家支持
MNT-003257,2025-07-19 06:00:00,M16,电气故障,True,6.44,3313.7,维修工B,已修复,建议大修
MNT-003258,2025-12-09 10:00:00,M03,换油,True,2.09,2500.56,维修工A,已修复,
MNT-003259,2024-10-27 10:00:00,M24,滤芯更换,True,12.5,1272.27,维修工A,已修复,建议大修
MNT-003260,2025-04-08 14:00:00,M02,加热故障,True,7.5,6371.9,维修工D,已修复,建议大修
MNT-003261,2024-03-24 11:00:00,M05,电气故障,True,11.98,582.45,维修工D,已修复,
MNT-003262,2026-04-08 16:00:00,M11,预防性保养,False,3.92,1145.93,维修工A,已修复,需要厂家支持
MNT-003263,2024-03-26 02:00:00,M17,故障维修,True,0.61,3349.01,维修工C,已修复,需要厂家支持
MNT-003264,2024-09-08 08:00:00,M27,预防性保养,False,1.85,857.26,外部供应商,已修复,建议大修
MNT-003265,2025-04-10 17:00:00,M24,注射故障,True,2.75,651.58,维修工A,已修复,
MNT-003266,2024-04-15 05:00:00,M05,加热故障,True,13.34,4908.62,外部供应商,已修复,
MNT-003267,2025-03-20 14:00:00,M08,电气故障,True,13.08,2149.57,维修工B,已修复,
MNT-003268,2026-04-28 09:00:00,M05,加热故障,True,20.33,2540.01,维修工A,已修复,更换备件
MNT-003269,2025-01-29 19:00:00,M19,滤芯更换,True,15.45,4739.25,外部供应商,已修复,更换备件
MNT-003270,2024-01-14 14:00:00,M11,滤芯更换,True,8.14,7515.02,维修工D,已修复,建议大修
MNT-003271,2024-09-02 08:00:00,M23,加热故障,True,13.04,3620.13,外部供应商,已修复,
MNT-003272,2025-05-11 06:00:00,M02,滤芯更换,True,6.62,4837.06,维修工A,已修复,更换备件
MNT-003273,2025-11-27 01:00:00,M26,故障维修,True,17.81,2102.2,维修工A,已修复,建议大修
MNT-003274,2024-02-12 03:00:00,M21,滤芯更换,True,15.23,7204.68,维修工D,待跟进,建议大修
MNT-003275,2025-02-07 07:00:00,M23,滤芯更换,True,20.84,3275.05,维修工A,已修复,建议大修
MNT-003276,2026-01-31 18:00:00,M10,液压故障,True,17.23,3490.84,维修工D,已修复,建议大修
MNT-003277,2025-12-09 01:00:00,M25,密封件更换,True,12.04,4550.59,维修工C,已修复,
MNT-003278,2025-09-19 10:00:00,M05,密封件更换,True,21.58,551.42,维修工B,已修复,
MNT-003279,2025-07-02 07:00:00,M12,故障维修,True,2.74,292.95,维修工C,已修复,
MNT-003280,2025-10-10 07:00:00,M02,电气故障,True,4.32,6880.8,外部供应商,待跟进,建议大修
MNT-003281,2025-12-24 22:00:00,M16,预防性保养,False,1.48,1202.91,维修工A,已修复,更换备件
MNT-003282,2024-11-01 05:00:00,M29,锁模故障,True,9.24,226.19,外部供应商,已修复,
MNT-003283,2025-04-24 19:00:00,M28,密封件更换,True,8.82,2527.53,维修工D,已修复,
MNT-003284,2026-03-22 23:00:00,M23,故障维修,True,9.21,2090.34,外部供应商,已修复,更换备件
MNT-003285,2024-07-15 18:00:00,M07,密封件更换,True,7.76,2834.54,维修工B,已修复,
MNT-003286,2026-03-23 15:00:00,M18,液压故障,True,16.37,7291.11,维修工B,已修复,需要厂家支持
MNT-003287,2024-11-15 18:00:00,M04,密封件更换,True,14.94,6458.46,维修工C,已修复,
MNT-003288,2025-10-14 08:00:00,M12,锁模故障,True,6.17,5309.53,外部供应商,已修复,
MNT-003289,2025-12-31 11:00:00,M21,换油,True,11.36,1631.2,维修工D,已修复,建议大修
MNT-003290,2025-09-10 05:00:00,M06,锁模故障,True,23.54,5059.52,维修工D,已修复,
MNT-003291,2025-03-07 12:00:00,M10,锁模故障,True,0.8,6204.09,维修工A,已修复,建议大修
MNT-003292,2025-09-24 14:00:00,M28,注射故障,True,23.12,2011.1,维修工C,已修复,需要厂家支持
MNT-003293,2024-12-30 23:00:00,M02,密封件更换,True,22.6,4861.93,维修工A,已修复,
MNT-003294,2026-01-15 03:00:00,M14,滤芯更换,True,21.04,4145.48,维修工D,已修复,
MNT-003295,2026-01-23 19:00:00,M22,电气故障,True,13.92,2171.57,外部供应商,已修复,建议大修
MNT-003296,2024-06-17 00:00:00,M14,滤芯更换,True,19.82,2866.83,维修工C,已修复,需要厂家支持
MNT-003297,2025-11-23 16:00:00,M19,电气故障,True,15.51,4861.33,维修工B,已修复,
MNT-003298,2024-09-17 18:00:00,M28,注射故障,True,12.97,5275.09,外部供应商,已修复,
MNT-003299,2024-11-02 11:00:00,M23,滤芯更换,True,14.17,3768.33,维修工A,已修复,建议大修
MNT-003300,2025-08-07 15:00:00,M24,锁模故障,True,14.31,6336.35,维修工A,已修复,更换备件
MNT-003301,2024-03-10 16:00:00,M10,电气故障,True,15.55,1960.38,维修工C,已修复,更换备件
MNT-003302,2024-10-18 16:00:00,M16,密封件更换,True,4.96,2782.76,维修工C,已修复,
MNT-003303,2026-01-23 06:00:00,M27,滤芯更换,True,0.69,1654.17,维修工B,已修复,
MNT-003304,2025-09-29 10:00:00,M11,滤芯更换,True,12.6,5316.44,维修工C,已修复,更换备件
MNT-003305,2024-07-06 20:00:00,M16,滤芯更换,True,21.84,5699.45,维修工A,已修复,
MNT-003306,2025-08-26 17:00:00,M10,预防性保养,False,0.56,1154.22,维修工D,已修复,
MNT-003307,2025-06-23 15:00:00,M02,注射故障,True,4.06,4348.36,维修工D,已修复,更换备件
MNT-003308,2025-06-26 17:00:00,M24,锁模故障,True,8.68,1095.96,维修工A,已修复,更换备件
MNT-003309,2024-05-21 15:00:00,M26,液压故障,True,13.09,7771.88,维修工C,已修复,建议大修
MNT-003310,2025-06-18 05:00:00,M03,液压故障,True,7.59,5167.73,外部供应商,已修复,更换备件
MNT-003311,2026-03-26 05:00:00,M06,故障维修,True,20.96,3182.9,维修工D,已修复,
MNT-003312,2024-04-13 06:00:00,M19,密封件更换,True,20.29,2917.39,维修工C,已修复,
MNT-003313,2025-10-09 23:00:00,M28,注射故障,True,18.54,2412.52,外部供应商,已修复,建议大修
MNT-003314,2024-04-24 18:00:00,M26,预防性保养,False,1.85,1336.32,维修工B,已修复,建议大修
MNT-003315,2024-09-08 10:00:00,M15,预防性保养,False,1.91,169.94,维修工D,已修复,
MNT-003316,2024-02-27 02:00:00,M25,注射故障,True,10.28,3061.93,维修工A,已修复,建议大修
MNT-003317,2025-08-19 08:00:00,M09,加热故障,True,11.96,5838.09,维修工B,已修复,需要厂家支持
MNT-003318,2024-07-22 09:00:00,M04,换油,True,20.2,3280.79,维修工B,已修复,需要厂家支持
MNT-003319,2025-04-12 11:00:00,M15,加热故障,True,10.28,7949.46,维修工C,已修复,更换备件
MNT-003320,2026-03-03 03:00:00,M18,滤芯更换,True,21.23,3909.17,维修工D,已修复,
MNT-003321,2024-08-30 09:00:00,M20,电气故障,True,4.63,707.35,维修工D,已修复,更换备件
MNT-003322,2025-12-19 05:00:00,M13,电气故障,True,1.22,2388.71,维修工A,已修复,建议大修
MNT-003323,2025-07-09 06:00:00,M12,锁模故障,True,12.33,2344.19,维修工C,已修复,建议大修
MNT-003324,2024-09-24 04:00:00,M17,预防性保养,False,3.25,436.85,维修工A,已修复,需要厂家支持
MNT-003325,2024-02-02 02:00:00,M13,故障维修,True,23.91,5416.17,维修工C,已修复,需要厂家支持
MNT-003326,2024-07-08 01:00:00,M27,滤芯更换,True,6.2,3258.45,维修工D,已修复,
MNT-003327,2025-04-24 05:00:00,M01,锁模故障,True,2.96,559.45,维修工B,已修复,
MNT-003328,2025-08-23 16:00:00,M26,锁模故障,True,2.63,905.86,维修工B,已修复,
MNT-003329,2024-05-22 11:00:00,M16,电气故障,True,16.57,1342.99,维修工C,已修复,更换备件
MNT-003330,2024-09-28 14:00:00,M02,滤芯更换,True,10.48,1920.4,维修工D,已修复,
MNT-003331,2024-12-04 23:00:00,M18,滤芯更换,True,0.61,3447.73,维修工D,已修复,更换备件
MNT-003332,2024-07-24 20:00:00,M05,滤芯更换,True,6.28,1657.42,维修工D,已修复,需要厂家支持
MNT-003333,2025-05-16 03:00:00,M11,换油,True,19.63,6033.57,维修工C,已修复,
MNT-003334,2024-08-18 07:00:00,M21,电气故障,True,19.94,1089.72,维修工B,已修复,
MNT-003335,2024-07-05 18:00:00,M15,电气故障,True,14.13,4211.31,维修工D,已修复,需要厂家支持
MNT-003336,2026-04-04 01:00:00,M12,电气故障,True,8.75,4347.85,维修工B,已修复,需要厂家支持
MNT-003337,2025-10-29 14:00:00,M07,加热故障,True,8.14,1256.58,外部供应商,已修复,
MNT-003338,2024-07-09 08:00:00,M25,预防性保养,False,1.77,110.38,维修工B,已修复,更换备件
MNT-003339,2025-01-04 09:00:00,M06,换油,True,15.91,4918.53,维修工B,已修复,需要厂家支持
MNT-003340,2024-12-14 11:00:00,M19,换油,True,5.83,6937.78,维修工D,已修复,更换备件
MNT-003341,2025-10-08 14:00:00,M02,锁模故障,True,17.62,1443.37,维修工D,已修复,
MNT-003342,2025-11-14 15:00:00,M22,密封件更换,True,3.23,826.08,维修工B,已修复,建议大修
MNT-003343,2024-01-25 12:00:00,M16,加热故障,True,18.19,7324.75,外部供应商,已修复,
MNT-003344,2025-05-16 18:00:00,M02,换油,True,23.41,848.14,维修工D,已修复,
MNT-003345,2024-08-27 06:00:00,M22,加热故障,True,23.99,338.69,维修工A,已修复,
MNT-003346,2025-12-18 06:00:00,M04,预防性保养,False,3.86,1084.79,维修工C,已修复,建议大修
MNT-003347,2025-11-30 03:00:00,M18,换油,True,0.72,4588.74,外部供应商,已修复,
MNT-003348,2024-02-08 06:00:00,M21,注射故障,True,20.32,5934.11,维修工A,已修复,建议大修
MNT-003349,2026-04-17 02:00:00,M08,密封件更换,True,19.64,4970.7,维修工A,已修复,
MNT-003350,2024-02-24 17:00:00,M14,预防性保养,False,3.32,816.91,外部供应商,已修复,更换备件
MNT-003351,2026-01-29 04:00:00,M15,液压故障,True,22.39,1287.09,维修工B,已修复,需要厂家支持
MNT-003352,2025-05-03 20:00:00,M16,液压故障,True,11.26,5851.53,维修工B,已修复,更换备件
MNT-003353,2025-10-20 11:00:00,M29,加热故障,True,13.28,6141.76,维修工D,已修复,建议大修
MNT-003354,2024-11-26 04:00:00,M26,注射故障,True,12.82,6047.48,维修工D,已修复,
MNT-003355,2024-10-08 09:00:00,M23,预防性保养,False,1.85,1175.16,外部供应商,已修复,
MNT-003356,2025-02-28 08:00:00,M26,滤芯更换,True,1.66,4442.51,外部供应商,已修复,更换备件
MNT-003357,2026-01-22 08:00:00,M28,故障维修,True,22.98,1300.22,维修工D,已修复,
MNT-003358,2026-02-13 20:00:00,M19,注射故障,True,15.37,442.81,维修工D,已修复,更换备件
MNT-003359,2024-03-13 23:00:00,M28,换油,True,20.08,7939.95,维修工A,已修复,建议大修
MNT-003360,2026-03-16 22:00:00,M27,液压故障,True,19.35,2048.36,维修工A,已修复,需要厂家支持
MNT-003361,2024-08-31 11:00:00,M25,液压故障,True,20.99,3341.2,维修工C,已修复,
MNT-003362,2025-12-17 13:00:00,M01,注射故障,True,19.17,1805.91,维修工C,已修复,需要厂家支持
MNT-003363,2024-03-15 01:00:00,M11,故障维修,True,17.92,1381.38,维修工B,已修复,
MNT-003364,2025-07-17 02:00:00,M07,密封件更换,True,6.86,528.4,外部供应商,已修复,需要厂家支持
MNT-003365,2025-01-22 23:00:00,M03,换油,True,13.33,3507.81,维修工A,已修复,
MNT-003366,2024-08-22 05:00:00,M26,加热故障,True,15.15,6175.98,维修工B,已修复,
MNT-003367,2025-02-18 01:00:00,M01,换油,True,2.18,2172.65,维修工C,已修复,需要厂家支持
MNT-003368,2024-05-25 15:00:00,M10,密封件更换,True,2.68,6279.1,外部供应商,已修复,
MNT-003369,2024-08-30 13:00:00,M22,注射故障,True,8.53,2285.01,维修工C,已修复,需要厂家支持
MNT-003370,2026-01-04 11:00:00,M13,加热故障,True,21.37,1278.0,维修工C,已修复,建议大修
MNT-003371,2024-01-23 08:00:00,M18,注射故障,True,20.36,7337.12,维修工D,已修复,更换备件
MNT-003372,2025-10-10 04:00:00,M13,液压故障,True,10.19,7936.49,维修工A,已修复,建议大修
MNT-003373,2026-01-09 23:00:00,M01,液压故障,True,13.14,2939.01,外部供应商,已修复,
MNT-003374,2025-08-15 15:00:00,M26,故障维修,True,12.11,1446.01,维修工A,已修复,更换备件
MNT-003375,2024-04-02 09:00:00,M01,注射故障,True,1.13,559.15,外部供应商,已修复,更换备件
MNT-003376,2026-01-28 11:00:00,M02,加热故障,True,15.1,4572.08,维修工D,已修复,建议大修
MNT-003377,2024-10-04 22:00:00,M22,注射故障,True,18.49,2049.23,维修工C,已修复,需要厂家支持
MNT-003378,2025-10-03 21:00:00,M02,液压故障,True,17.32,252.02,外部供应商,已修复,
MNT-003379,2026-02-28 19:00:00,M10,锁模故障,True,4.63,6016.68,维修工D,已修复,更换备件
MNT-003380,2025-11-25 16:00:00,M16,换油,True,3.49,1645.58,维修工A,已修复,
MNT-003381,2026-03-16 12:00:00,M25,预防性保养,False,3.4,1426.14,维修工B,已修复,
MNT-003382,2025-06-29 11:00:00,M13,换油,True,22.55,3390.16,维修工D,已修复,
MNT-003383,2025-02-14 14:00:00,M19,锁模故障,True,1.97,2733.59,维修工C,已修复,需要厂家支持
MNT-003384,2025-02-15 01:00:00,M18,密封件更换,True,3.68,1192.19,维修工B,已修复,更换备件
MNT-003385,2025-01-27 15:00:00,M25,液压故障,True,18.05,7233.07,维修工A,已修复,
MNT-003386,2024-03-23 18:00:00,M11,换油,True,17.12,2673.09,维修工D,已修复,更换备件
MNT-003387,2024-08-22 08:00:00,M21,锁模故障,True,8.12,6989.73,维修工B,已修复,
MNT-003388,2024-12-10 16:00:00,M20,滤芯更换,True,2.2,5560.91,维修工D,已修复,
MNT-003389,2026-02-24 05:00:00,M22,换油,True,16.4,5998.09,维修工A,已修复,更换备件
MNT-003390,2025-01-21 13:00:00,M08,换油,True,12.33,650.01,维修工D,已修复,
MNT-003391,2025-02-20 20:00:00,M27,加热故障,True,9.81,7512.99,维修工D,待跟进,需要厂家支持
MNT-003392,2025-11-19 08:00:00,M15,预防性保养,False,2.83,918.67,外部供应商,已修复,建议大修
MNT-003393,2024-05-31 11:00:00,M22,密封件更换,True,23.63,2331.73,外部供应商,已修复,建议大修
MNT-003394,2025-10-06 17:00:00,M27,密封件更换,True,18.39,6335.38,维修工D,已修复,
MNT-003395,2026-04-25 23:00:00,M06,加热故障,True,18.95,1728.44,外部供应商,已修复,建议大修
MNT-003396,2025-02-21 15:00:00,M17,故障维修,True,11.13,1088.74,维修工B,已修复,
MNT-003397,2024-03-15 17:00:00,M16,换油,True,17.98,5225.1,外部供应商,已修复,需要厂家支持
MNT-003398,2024-05-12 10:00:00,M08,滤芯更换,True,0.62,1557.55,外部供应商,已修复,
MNT-003399,2025-03-17 04:00:00,M21,锁模故障,True,12.92,4181.39,维修工A,已修复,建议大修
MNT-003400,2025-04-30 14:00:00,M19,滤芯更换,True,12.62,3935.35,维修工C,已修复,
MNT-003401,2024-11-25 06:00:00,M27,滤芯更换,True,14.41,5026.28,维修工A,已修复,
MNT-003402,2024-08-22 16:00:00,M12,加热故障,True,17.59,2455.99,维修工C,已修复,
MNT-003403,2025-10-15 13:00:00,M10,锁模故障,True,8.59,3441.75,外部供应商,已修复,建议大修
MNT-003404,2026-01-27 09:00:00,M09,锁模故障,True,21.77,2098.02,维修工A,已修复,
MNT-003405,2024-01-14 23:00:00,M05,电气故障,True,0.82,6503.74,维修工B,已修复,
MNT-003406,2026-02-17 17:00:00,M02,电气故障,True,1.25,2044.71,维修工D,已修复,需要厂家支持
MNT-003407,2024-06-16 21:00:00,M27,加热故障,True,12.86,5143.81,维修工C,已修复,需要厂家支持
MNT-003408,2024-05-29 09:00:00,M07,预防性保养,False,3.5,563.3,维修工A,已修复,需要厂家支持
MNT-003409,2026-03-19 23:00:00,M16,密封件更换,True,10.01,7224.05,外部供应商,已修复,
MNT-003410,2024-06-05 18:00:00,M06,滤芯更换,True,21.86,4888.81,维修工B,已修复,
MNT-003411,2025-04-08 19:00:00,M10,滤芯更换,True,18.09,2192.54,维修工C,已修复,
MNT-003412,2024-01-30 18:00:00,M20,密封件更换,True,3.38,3085.13,维修工A,已修复,
MNT-003413,2026-03-23 22:00:00,M04,加热故障,True,4.07,6607.32,外部供应商,已修复,建议大修
MNT-003414,2025-04-12 04:00:00,M25,预防性保养,False,2.02,1080.35,维修工C,已修复,更换备件
MNT-003415,2025-12-29 16:00:00,M14,电气故障,True,14.62,2426.3,维修工A,已修复,更换备件
MNT-003416,2025-07-28 04:00:00,M16,电气故障,True,13.28,7536.93,维修工A,已修复,需要厂家支持
MNT-003417,2024-04-04 20:00:00,M19,注射故障,True,0.65,5621.15,维修工C,已修复,
MNT-003418,2025-12-30 02:00:00,M27,故障维修,True,22.31,5754.96,维修工A,已修复,更换备件
MNT-003419,2025-03-07 02:00:00,M20,液压故障,True,10.72,6929.55,维修工C,已修复,更换备件
MNT-003420,2024-12-22 06:00:00,M23,换油,True,23.71,1716.66,维修工B,已修复,更换备件
MNT-003421,2026-01-23 02:00:00,M14,预防性保养,False,1.33,782.74,维修工A,已修复,建议大修
MNT-003422,2026-01-09 03:00:00,M14,电气故障,True,10.71,7172.11,维修工B,已修复,
MNT-003423,2025-02-27 04:00:00,M20,注射故障,True,6.86,3846.48,维修工C,已修复,更换备件
MNT-003424,2024-10-15 10:00:00,M05,换油,True,23.66,5473.61,维修工D,已修复,需要厂家支持
MNT-003425,2024-05-17 06:00:00,M27,故障维修,True,19.6,1654.45,外部供应商,已修复,需要厂家支持
MNT-003426,2025-10-25 10:00:00,M10,加热故障,True,1.75,1302.93,维修工D,已修复,
MNT-003427,2026-01-30 19:00:00,M24,锁模故障,True,22.83,5435.73,维修工D,已修复,建议大修
MNT-003428,2026-04-14 10:00:00,M21,滤芯更换,True,13.88,3920.82,维修工A,已修复,需要厂家支持
MNT-003429,2024-12-08 21:00:00,M12,注射故障,True,22.2,4811.28,外部供应商,已修复,
MNT-003430,2024-01-23 15:00:00,M28,换油,True,10.91,3488.79,外部供应商,已修复,
MNT-003431,2025-05-02 01:00:00,M08,故障维修,True,7.28,1187.4,维修工B,已修复,
MNT-003432,2024-08-22 12:00:00,M26,锁模故障,True,9.0,5928.27,维修工A,已修复,更换备件
MNT-003433,2024-01-22 08:00:00,M26,滤芯更换,True,17.34,5393.52,维修工D,已修复,需要厂家支持
MNT-003434,2025-07-16 14:00:00,M25,滤芯更换,True,22.38,6740.65,维修工D,已修复,
MNT-003435,2025-01-01 20:00:00,M18,加热故障,True,12.25,4153.57,维修工D,已修复,建议大修
MNT-003436,2025-09-28 08:00:00,M01,电气故障,True,3.15,6652.26,维修工C,已修复,
MNT-003437,2025-05-04 10:00:00,M26,故障维修,True,6.81,2743.1,维修工A,已修复,
MNT-003438,2025-11-18 11:00:00,M17,加热故障,True,21.29,2805.15,维修工C,已修复,
MNT-003439,2025-03-19 20:00:00,M04,液压故障,True,4.76,6005.63,外部供应商,已修复,
MNT-003440,2026-03-18 07:00:00,M14,电气故障,True,0.55,952.51,维修工C,已修复,建议大修
MNT-003441,2025-08-12 01:00:00,M12,密封件更换,True,3.27,1802.76,维修工D,已修复,
MNT-003442,2024-01-16 17:00:00,M20,液压故障,True,17.85,5742.55,维修工A,已修复,建议大修
MNT-003443,2025-04-24 17:00:00,M29,故障维修,True,1.95,6223.08,外部供应商,已修复,
MNT-003444,2025-07-26 13:00:00,M22,加热故障,True,2.49,4135.66,外部供应商,已修复,建议大修
MNT-003445,2026-04-27 03:00:00,M06,电气故障,True,8.64,6764.63,维修工C,已修复,建议大修
MNT-003446,2026-03-08 07:00:00,M14,换油,True,20.8,7877.42,维修工A,已修复,需要厂家支持
MNT-003447,2024-05-19 05:00:00,M23,加热故障,True,5.34,1175.45,维修工D,已修复,
MNT-003448,2024-02-03 11:00:00,M14,液压故障,True,17.98,1899.56,维修工A,已修复,更换备件
MNT-003449,2024-12-14 00:00:00,M01,滤芯更换,True,19.08,5838.48,维修工B,已修复,
MNT-003450,2025-03-17 07:00:00,M29,注射故障,True,13.71,1432.79,维修工A,已修复,更换备件
MNT-003451,2024-02-23 20:00:00,M05,锁模故障,True,6.37,6451.23,维修工B,已修复,
MNT-003452,2025-09-30 10:00:00,M17,注射故障,True,12.37,6779.31,维修工B,已修复,需要厂家支持
MNT-003453,2024-05-22 02:00:00,M20,故障维修,True,2.79,5584.97,维修工A,已修复,
MNT-003454,2024-01-20 15:00:00,M02,预防性保养,False,1.36,1218.04,维修工B,已修复,
MNT-003455,2024-02-29 08:00:00,M21,电气故障,True,3.74,7935.38,维修工D,已修复,
MNT-003456,2024-06-27 21:00:00,M18,锁模故障,True,18.72,5254.56,维修工B,已修复,
MNT-003457,2025-12-04 14:00:00,M18,滤芯更换,True,22.23,2739.28,维修工A,已修复,
MNT-003458,2024-07-17 09:00:00,M21,密封件更换,True,1.72,217.91,维修工D,待跟进,建议大修
MNT-003459,2024-12-09 07:00:00,M26,滤芯更换,True,3.35,3374.36,维修工B,已修复,
MNT-003460,2025-12-31 03:00:00,M18,密封件更换,True,0.53,274.62,维修工C,已修复,
MNT-003461,2025-03-04 15:00:00,M24,注射故障,True,18.33,727.8,维修工A,已修复,
MNT-003462,2025-07-25 12:00:00,M27,加热故障,True,23.8,2359.74,维修工B,已修复,
MNT-003463,2024-10-25 04:00:00,M05,液压故障,True,5.45,2096.25,外部供应商,已修复,
MNT-003464,2026-02-07 19:00:00,M04,故障维修,True,19.67,283.25,维修工D,已修复,更换备件
MNT-003465,2024-06-23 16:00:00,M11,预防性保养,False,2.94,264.78,维修工A,待跟进,
MNT-003466,2024-11-25 16:00:00,M17,液压故障,True,12.92,1134.52,外部供应商,已修复,
MNT-003467,2024-12-03 23:00:00,M17,换油,True,9.87,3491.3,维修工B,已修复,
MNT-003468,2024-03-15 17:00:00,M01,密封件更换,True,16.46,3644.45,维修工B,已修复,
MNT-003469,2024-03-13 12:00:00,M01,故障维修,True,10.63,3842.96,外部供应商,已修复,建议大修
MNT-003470,2024-01-23 05:00:00,M14,换油,True,21.23,805.47,维修工A,已修复,
MNT-003471,2024-08-28 06:00:00,M24,预防性保养,False,3.19,888.04,维修工A,已修复,需要厂家支持
MNT-003472,2025-11-23 08:00:00,M09,注射故障,True,13.72,7996.52,维修工B,已修复,更换备件
MNT-003473,2024-06-01 22:00:00,M28,液压故障,True,6.02,878.51,外部供应商,已修复,
MNT-003474,2025-08-29 11:00:00,M22,电气故障,True,1.81,7234.78,维修工C,已修复,
MNT-003475,2024-08-25 15:00:00,M01,加热故障,True,18.23,7945.56,外部供应商,已修复,
MNT-003476,2025-01-21 17:00:00,M16,预防性保养,False,1.19,1220.75,维修工A,已修复,更换备件
MNT-003477,2025-07-13 09:00:00,M18,液压故障,True,19.73,3929.45,维修工D,已修复,
MNT-003478,2024-02-11 01:00:00,M21,电气故障,True,1.78,474.56,维修工A,已修复,
MNT-003479,2026-02-17 20:00:00,M15,滤芯更换,True,20.48,7521.35,外部供应商,已修复,建议大修
MNT-003480,2024-01-25 10:00:00,M04,注射故障,True,7.86,3600.55,维修工A,已修复,
MNT-003481,2025-02-05 17:00:00,M01,注射故障,True,20.51,6084.95,维修工C,已修复,
MNT-003482,2026-04-21 03:00:00,M04,电气故障,True,16.09,6618.23,维修工A,已修复,
MNT-003483,2025-08-15 04:00:00,M10,注射故障,True,11.46,3422.04,维修工A,已修复,更换备件
MNT-003484,2026-04-08 12:00:00,M03,故障维修,True,16.32,7840.5,维修工A,已修复,更换备件
MNT-003485,2025-07-21 12:00:00,M08,密封件更换,True,2.1,3126.88,维修工D,已修复,更换备件
MNT-003486,2025-07-21 18:00:00,M10,液压故障,True,3.15,5642.22,维修工B,已修复,建议大修
MNT-003487,2024-03-29 09:00:00,M01,液压故障,True,23.45,2675.16,维修工A,已修复,建议大修
MNT-003488,2025-08-26 12:00:00,M07,滤芯更换,True,14.14,1362.2,维修工B,已修复,
MNT-003489,2025-07-15 23:00:00,M10,故障维修,True,8.4,4793.35,维修工D,已修复,
MNT-003490,2025-08-14 03:00:00,M13,电气故障,True,22.18,6173.57,维修工A,已修复,
MNT-003491,2024-08-12 08:00:00,M29,电气故障,True,13.03,536.46,维修工A,已修复,
MNT-003492,2025-11-13 22:00:00,M10,注射故障,True,3.74,7694.8,维修工B,已修复,更换备件
MNT-003493,2024-03-02 01:00:00,M18,电气故障,True,9.61,2262.98,维修工C,已修复,
MNT-003494,2025-02-07 03:00:00,M03,注射故障,True,1.66,1731.79,维修工D,已修复,
MNT-003495,2024-09-27 19:00:00,M11,故障维修,True,17.38,6446.79,外部供应商,已修复,
MNT-003496,2026-04-21 03:00:00,M14,注射故障,True,17.58,1715.57,维修工A,已修复,
MNT-003497,2025-10-23 11:00:00,M19,滤芯更换,True,12.56,6126.99,维修工B,已修复,建议大修
MNT-003498,2026-01-02 19:00:00,M15,换油,True,14.93,3682.06,外部供应商,已修复,建议大修
MNT-003499,2024-03-18 02:00:00,M02,滤芯更换,True,22.15,2461.72,维修工D,已修复,
MNT-003500,2025-04-25 21:00:00,M06,锁模故障,True,21.75,5499.57,维修工A,已修复,建议大修
MNT-003501,2024-03-27 21:00:00,M17,预防性保养,False,2.3,1455.24,维修工C,已修复,
MNT-003502,2024-05-14 02:00:00,M06,锁模故障,True,12.79,641.63,维修工A,已修复,更换备件
MNT-003503,2024-01-16 16:00:00,M03,密封件更换,True,1.5,703.28,维修工B,已修复,
MNT-003504,2024-11-30 18:00:00,M25,换油,True,15.19,4031.63,维修工C,已修复,
MNT-003505,2026-01-15 22:00:00,M17,锁模故障,True,9.22,2951.18,维修工B,已修复,
MNT-003506,2024-05-21 08:00:00,M26,预防性保养,False,3.3,252.08,外部供应商,已修复,需要厂家支持
MNT-003507,2025-07-28 00:00:00,M25,密封件更换,True,5.0,504.33,维修工C,已修复,建议大修
MNT-003508,2025-10-11 16:00:00,M24,密封件更换,True,23.74,910.49,外部供应商,已修复,需要厂家支持
MNT-003509,2026-01-26 16:00:00,M22,加热故障,True,15.47,975.78,维修工A,已修复,
MNT-003510,2025-12-18 05:00:00,M06,换油,True,3.14,6442.96,维修工D,已修复,
MNT-003511,2024-07-07 02:00:00,M13,锁模故障,True,11.24,1697.28,外部供应商,已修复,
MNT-003512,2025-10-10 21:00:00,M01,滤芯更换,True,18.25,7475.27,维修工B,已修复,
MNT-003513,2026-01-01 14:00:00,M18,滤芯更换,True,2.03,3210.22,维修工A,已修复,更换备件
MNT-003514,2026-01-13 09:00:00,M06,电气故障,True,11.64,3434.18,维修工D,已修复,
MNT-003515,2025-05-20 19:00:00,M18,滤芯更换,True,20.72,1429.2,外部供应商,已修复,
MNT-003516,2025-10-24 12:00:00,M26,加热故障,True,2.12,3839.85,外部供应商,已修复,建议大修
MNT-003517,2026-02-23 17:00:00,M03,滤芯更换,True,0.9,6164.71,外部供应商,已修复,
MNT-003518,2025-12-23 10:00:00,M13,液压故障,True,5.38,473.95,维修工A,已修复,
MNT-003519,2025-02-06 00:00:00,M14,预防性保养,False,3.11,535.88,维修工B,已修复,
MNT-003520,2024-10-07 09:00:00,M15,锁模故障,True,21.5,841.46,维修工D,已修复,需要厂家支持
MNT-003521,2024-10-01 19:00:00,M05,密封件更换,True,17.63,2439.38,维修工B,已修复,更换备件
MNT-003522,2026-02-18 20:00:00,M24,预防性保养,False,3.14,1048.71,维修工D,已修复,
MNT-003523,2024-07-12 08:00:00,M14,密封件更换,True,23.4,2423.61,维修工D,已修复,建议大修
MNT-003524,2026-03-21 20:00:00,M07,换油,True,15.08,1814.1,维修工A,已修复,
MNT-003525,2024-01-20 10:00:00,M21,换油,True,17.92,7866.09,外部供应商,已修复,更换备件
MNT-003526,2024-10-26 01:00:00,M20,注射故障,True,14.63,3559.42,维修工C,已修复,
MNT-003527,2024-02-25 20:00:00,M21,故障维修,True,6.01,1963.93,维修工B,已修复,更换备件
MNT-003528,2024-07-26 21:00:00,M23,滤芯更换,True,16.06,4226.07,维修工D,已修复,建议大修
MNT-003529,2024-10-16 15:00:00,M16,换油,True,8.48,3815.05,维修工B,已修复,建议大修
MNT-003530,2025-03-17 02:00:00,M16,注射故障,True,14.13,2584.43,维修工D,已修复,
MNT-003531,2024-10-25 01:00:00,M11,故障维修,True,17.03,2631.84,维修工C,已修复,
MNT-003532,2025-05-04 21:00:00,M15,锁模故障,True,4.88,4687.52,维修工A,已修复,需要厂家支持
MNT-003533,2024-01-11 04:00:00,M15,电气故障,True,19.09,2732.5,维修工C,已修复,更换备件
MNT-003534,2025-10-09 03:00:00,M18,换油,True,14.79,7456.0,维修工B,已修复,需要厂家支持
MNT-003535,2024-03-30 06:00:00,M11,电气故障,True,8.91,3651.66,外部供应商,已修复,
MNT-003536,2025-12-16 02:00:00,M04,滤芯更换,True,11.24,7615.23,维修工A,已修复,建议大修
MNT-003537,2025-01-07 12:00:00,M06,滤芯更换,True,3.58,6681.47,维修工C,已修复,需要厂家支持
MNT-003538,2025-01-24 12:00:00,M17,电气故障,True,19.06,7573.01,维修工C,已修复,
MNT-003539,2024-10-14 22:00:00,M26,密封件更换,True,12.38,6167.59,外部供应商,已修复,建议大修
MNT-003540,2026-03-23 14:00:00,M16,滤芯更换,True,1.49,1364.7,维修工D,已修复,
MNT-003541,2025-01-22 14:00:00,M11,换油,True,9.48,2025.07,维修工A,已修复,
MNT-003542,2026-03-19 22:00:00,M03,锁模故障,True,22.59,7159.49,维修工A,已修复,
MNT-003543,2024-12-22 06:00:00,M18,液压故障,True,12.16,3265.26,维修工C,已修复,需要厂家支持
MNT-003544,2026-02-09 18:00:00,M07,锁模故障,True,5.04,4843.29,维修工B,已修复,
MNT-003545,2025-02-28 06:00:00,M02,滤芯更换,True,11.43,7581.1,维修工D,已修复,需要厂家支持
MNT-003546,2026-04-03 11:00:00,M23,换油,True,17.74,1201.88,维修工B,已修复,建议大修
MNT-003547,2024-06-09 18:00:00,M04,预防性保养,False,0.84,1018.73,维修工B,已修复,需要厂家支持
MNT-003548,2024-04-12 03:00:00,M05,密封件更换,True,18.08,2844.68,外部供应商,已修复,建议大修
MNT-003549,2024-05-08 20:00:00,M27,故障维修,True,19.81,4655.26,维修工B,已修复,需要厂家支持
MNT-003550,2025-08-23 22:00:00,M24,液压故障,True,19.13,813.35,维修工B,已修复,建议大修
MNT-003551,2025-10-13 12:00:00,M02,预防性保养,False,2.04,1021.57,维修工B,已修复,
MNT-003552,2025-11-22 22:00:00,M29,锁模故障,True,16.21,2562.11,维修工A,已修复,需要厂家支持
MNT-003553,2025-02-11 23:00:00,M27,滤芯更换,True,19.72,371.81,维修工D,已修复,
MNT-003554,2025-12-11 14:00:00,M05,锁模故障,True,12.55,1137.57,维修工D,已修复,更换备件
MNT-003555,2025-05-13 05:00:00,M17,加热故障,True,9.03,879.72,外部供应商,已修复,
MNT-003556,2024-08-17 18:00:00,M05,故障维修,True,15.86,4444.43,外部供应商,已修复,
MNT-003557,2024-06-18 05:00:00,M25,预防性保养,False,0.63,609.92,维修工C,已修复,
MNT-003558,2024-01-23 18:00:00,M16,加热故障,True,17.08,2704.1,维修工C,已修复,
MNT-003559,2024-09-12 11:00:00,M21,液压故障,True,10.05,5759.7,维修工B,已修复,需要厂家支持
MNT-003560,2026-04-24 03:00:00,M22,滤芯更换,True,12.06,7310.42,外部供应商,已修复,
MNT-003561,2025-02-18 01:00:00,M11,锁模故障,True,11.56,4810.89,维修工B,已修复,需要厂家支持
MNT-003562,2024-05-04 15:00:00,M09,滤芯更换,True,10.62,6388.42,维修工A,已修复,建议大修
MNT-003563,2024-12-30 07:00:00,M26,注射故障,True,20.72,1856.18,外部供应商,已修复,更换备件
MNT-003564,2026-02-24 14:00:00,M22,注射故障,True,15.17,6042.34,维修工A,已修复,
MNT-003565,2024-09-24 04:00:00,M25,密封件更换,True,19.26,3858.72,维修工D,已修复,
MNT-003566,2025-12-18 10:00:00,M11,锁模故障,True,19.38,5248.89,维修工B,已修复,
MNT-003567,2024-09-25 20:00:00,M11,锁模故障,True,0.57,770.21,维修工A,已修复,建议大修
MNT-003568,2025-12-13 07:00:00,M27,注射故障,True,10.03,4269.56,维修工C,已修复,
MNT-003569,2024-10-10 07:00:00,M03,换油,True,10.55,3969.07,维修工C,已修复,
MNT-003570,2024-12-07 17:00:00,M08,锁模故障,True,5.97,7477.64,维修工D,已修复,
MNT-003571,2024-12-14 03:00:00,M15,加热故障,True,3.22,1643.75,维修工B,已修复,需要厂家支持
MNT-003572,2024-11-02 14:00:00,M16,锁模故障,True,17.04,1953.55,维修工D,已修复,建议大修
MNT-003573,2024-05-23 23:00:00,M13,故障维修,True,11.63,3443.61,维修工A,已修复,建议大修
MNT-003574,2026-03-02 19:00:00,M09,锁模故障,True,19.31,4936.44,维修工C,待跟进,需要厂家支持
MNT-003575,2025-06-13 02:00:00,M11,滤芯更换,True,17.55,1465.73,维修工B,已修复,更换备件
MNT-003576,2024-09-18 03:00:00,M09,换油,True,18.8,5375.88,维修工B,已修复,
MNT-003577,2026-03-27 16:00:00,M28,滤芯更换,True,7.42,4781.54,维修工B,已修复,更换备件
MNT-003578,2025-12-08 03:00:00,M16,电气故障,True,20.51,5892.06,维修工D,已修复,需要厂家支持
MNT-003579,2025-11-27 19:00:00,M22,预防性保养,False,3.2,943.28,维修工C,已修复,建议大修
MNT-003580,2025-11-16 20:00:00,M21,锁模故障,True,19.64,4645.13,外部供应商,已修复,更换备件
MNT-003581,2024-02-25 09:00:00,M12,液压故障,True,3.87,3050.26,维修工D,已修复,建议大修
MNT-003582,2024-06-14 22:00:00,M28,密封件更换,True,12.85,7349.82,维修工C,已修复,建议大修
MNT-003583,2024-04-24 12:00:00,M16,预防性保养,False,1.83,896.27,维修工A,已修复,
MNT-003584,2025-04-03 06:00:00,M07,滤芯更换,True,19.88,3406.12,外部供应商,已修复,建议大修
MNT-003585,2025-09-03 07:00:00,M23,电气故障,True,18.62,4359.47,维修工C,已修复,建议大修
MNT-003586,2026-04-27 15:00:00,M14,注射故障,True,13.23,589.99,维修工C,已修复,需要厂家支持
MNT-003587,2024-01-19 04:00:00,M02,预防性保养,False,3.0,839.26,维修工A,已修复,
MNT-003588,2024-11-26 12:00:00,M17,液压故障,True,3.16,2917.15,维修工D,已修复,建议大修
MNT-003589,2025-08-07 13:00:00,M24,锁模故障,True,9.31,5125.8,维修工B,已修复,
MNT-003590,2024-07-26 18:00:00,M22,密封件更换,True,13.99,1403.22,维修工C,已修复,
MNT-003591,2024-01-06 11:00:00,M27,注射故障,True,18.2,349.42,维修工A,已修复,建议大修
MNT-003592,2024-08-07 16:00:00,M24,滤芯更换,True,17.54,1547.42,外部供应商,已修复,建议大修
MNT-003593,2024-10-03 15:00:00,M21,加热故障,True,9.32,780.69,外部供应商,已修复,需要厂家支持
MNT-003594,2024-11-11 05:00:00,M13,锁模故障,True,18.65,7186.82,维修工A,已修复,更换备件
MNT-003595,2025-09-12 05:00:00,M16,锁模故障,True,18.46,5440.99,维修工B,已修复,
MNT-003596,2025-05-15 22:00:00,M22,故障维修,True,20.01,1415.25,维修工C,已修复,更换备件
MNT-003597,2024-08-25 13:00:00,M07,滤芯更换,True,10.37,7356.43,外部供应商,已修复,
MNT-003598,2025-10-13 03:00:00,M02,预防性保养,False,1.98,1031.48,维修工D,已修复,
MNT-003599,2024-01-19 11:00:00,M10,换油,True,1.63,7099.31,维修工A,已修复,
MNT-003600,2024-06-19 11:00:00,M23,注射故障,True,8.95,5964.95,维修工A,已修复,
MNT-003601,2025-12-24 17:00:00,M07,锁模故障,True,19.91,7337.06,维修工A,已修复,需要厂家支持
MNT-003602,2025-01-31 10:00:00,M09,加热故障,True,13.71,5496.24,维修工D,已修复,更换备件
MNT-003603,2025-04-21 23:00:00,M23,电气故障,True,13.29,490.75,维修工A,已修复,更换备件
MNT-003604,2025-02-26 02:00:00,M06,液压故障,True,4.2,2964.81,外部供应商,已修复,建议大修
MNT-003605,2025-09-05 05:00:00,M17,加热故障,True,22.93,2839.22,外部供应商,已修复,建议大修
MNT-003606,2024-09-05 07:00:00,M26,注射故障,True,20.04,4842.29,维修工A,已修复,
MNT-003607,2025-03-04 20:00:00,M29,滤芯更换,True,15.53,5830.08,维修工A,已修复,
MNT-003608,2025-02-24 02:00:00,M08,注射故障,True,20.16,7684.14,外部供应商,已修复,更换备件
MNT-003609,2024-02-08 17:00:00,M27,滤芯更换,True,11.95,6559.61,外部供应商,已修复,
MNT-003610,2026-04-09 21:00:00,M10,滤芯更换,True,13.72,2015.99,维修工C,已修复,
MNT-003611,2026-02-16 14:00:00,M26,锁模故障,True,8.88,1926.97,维修工D,已修复,需要厂家支持
MNT-003612,2024-02-06 00:00:00,M03,注射故障,True,22.62,4997.52,维修工C,已修复,更换备件
MNT-003613,2024-07-27 14:00:00,M26,密封件更换,True,12.71,1004.44,维修工A,已修复,
MNT-003614,2025-03-04 21:00:00,M06,预防性保养,False,2.93,1185.85,维修工C,已修复,
MNT-003615,2025-04-09 03:00:00,M17,预防性保养,False,2.07,346.61,维修工A,已修复,更换备件
MNT-003616,2024-11-11 07:00:00,M24,故障维修,True,11.65,2292.45,维修工B,已修复,
MNT-003617,2024-05-04 14:00:00,M16,故障维修,True,10.28,4238.09,维修工B,已修复,
MNT-003618,2024-01-30 18:00:00,M12,滤芯更换,True,1.29,2385.21,外部供应商,已修复,
MNT-003619,2025-04-06 11:00:00,M19,密封件更换,True,17.55,7075.23,外部供应商,已修复,
MNT-003620,2025-08-17 17:00:00,M28,滤芯更换,True,15.99,4575.13,维修工A,已修复,建议大修
MNT-003621,2026-03-15 04:00:00,M24,换油,True,15.87,3609.38,维修工B,已修复,需要厂家支持
MNT-003622,2025-07-24 09:00:00,M23,加热故障,True,20.79,6029.57,维修工D,已修复,
MNT-003623,2024-11-10 15:00:00,M23,电气故障,True,23.24,1791.75,维修工C,已修复,需要厂家支持
MNT-003624,2024-07-16 05:00:00,M04,滤芯更换,True,17.68,3456.61,维修工A,已修复,
MNT-003625,2024-01-17 19:00:00,M13,换油,True,23.5,1495.57,外部供应商,待跟进,
MNT-003626,2024-01-09 22:00:00,M20,注射故障,True,20.99,699.59,外部供应商,已修复,需要厂家支持
MNT-003627,2025-07-25 00:00:00,M24,加热故障,True,22.33,436.73,维修工C,已修复,更换备件
MNT-003628,2025-01-16 03:00:00,M14,密封件更换,True,10.93,1740.57,维修工B,已修复,建议大修
MNT-003629,2024-06-29 23:00:00,M20,液压故障,True,17.53,7551.25,维修工D,已修复,更换备件
MNT-003630,2024-05-01 23:00:00,M23,注射故障,True,17.9,2348.94,维修工C,已修复,
MNT-003631,2024-04-30 20:00:00,M06,故障维修,True,14.06,3662.1,外部供应商,已修复,需要厂家支持
MNT-003632,2024-02-23 01:00:00,M27,密封件更换,True,14.42,3116.86,外部供应商,已修复,需要厂家支持
MNT-003633,2026-03-05 01:00:00,M11,注射故障,True,12.31,5812.51,维修工D,已修复,需要厂家支持
MNT-003634,2025-01-09 16:00:00,M25,故障维修,True,1.42,5438.16,维修工D,已修复,
MNT-003635,2024-11-12 02:00:00,M05,锁模故障,True,19.13,7030.94,维修工C,已修复,更换备件
MNT-003636,2024-06-30 04:00:00,M22,故障维修,True,5.92,5682.02,维修工A,已修复,更换备件
MNT-003637,2024-07-15 21:00:00,M06,故障维修,True,13.44,2690.92,维修工D,已修复,更换备件
MNT-003638,2024-12-28 04:00:00,M17,密封件更换,True,17.58,7829.57,维修工C,已修复,
MNT-003639,2024-12-14 04:00:00,M22,预防性保养,False,2.96,913.82,维修工D,已修复,
MNT-003640,2025-04-24 13:00:00,M15,电气故障,True,5.9,1532.64,维修工B,已修复,更换备件
MNT-003641,2025-04-28 04:00:00,M11,电气故障,True,15.97,2080.36,维修工C,已修复,
MNT-003642,2026-02-14 00:00:00,M25,锁模故障,True,15.06,6324.67,维修工C,已修复,需要厂家支持
MNT-003643,2025-05-12 14:00:00,M18,故障维修,True,12.83,6748.33,外部供应商,待跟进,需要厂家支持
MNT-003644,2025-07-01 01:00:00,M15,故障维修,True,11.31,7845.3,维修工D,已修复,建议大修
MNT-003645,2025-09-29 10:00:00,M10,电气故障,True,10.34,1079.95,维修工C,已修复,建议大修
MNT-003646,2026-02-03 07:00:00,M20,加热故障,True,23.74,1692.76,维修工D,已修复,需要厂家支持
MNT-003647,2024-12-23 01:00:00,M16,预防性保养,False,1.8,1252.53,维修工A,已修复,
MNT-003648,2024-09-19 16:00:00,M22,预防性保养,False,0.6,447.38,维修工B,已修复,
MNT-003649,2025-12-01 22:00:00,M13,注射故障,True,14.5,2264.85,维修工D,已修复,
MNT-003650,2026-04-07 21:00:00,M29,故障维修,True,8.47,7385.92,外部供应商,已修复,
MNT-003651,2024-07-07 06:00:00,M21,故障维修,True,3.83,4923.35,维修工C,已修复,需要厂家支持
MNT-003652,2024-07-20 10:00:00,M28,预防性保养,False,2.52,757.52,外部供应商,已修复,建议大修
MNT-003653,2024-04-27 19:00:00,M24,密封件更换,True,18.74,4016.66,维修工B,已修复,更换备件
MNT-003654,2024-05-14 19:00:00,M19,电气故障,True,10.25,4547.17,外部供应商,已修复,
MNT-003655,2025-05-11 17:00:00,M14,故障维修,True,8.36,1888.88,外部供应商,已修复,需要厂家支持
MNT-003656,2025-12-17 04:00:00,M09,密封件更换,True,6.68,958.08,外部供应商,已修复,需要厂家支持
MNT-003657,2024-05-13 12:00:00,M04,注射故障,True,16.95,3878.94,维修工D,已修复,
MNT-003658,2025-01-22 19:00:00,M15,锁模故障,True,5.25,3929.78,维修工D,已修复,
MNT-003659,2024-01-24 16:00:00,M20,密封件更换,True,21.17,1425.29,维修工A,已修复,
MNT-003660,2025-05-31 16:00:00,M02,预防性保养,False,2.77,1088.07,维修工A,已修复,更换备件
MNT-003661,2024-05-23 20:00:00,M18,电气故障,True,3.33,2956.76,维修工C,已修复,
MNT-003662,2025-10-05 23:00:00,M18,滤芯更换,True,9.32,2364.63,维修工A,已修复,
MNT-003663,2025-07-22 13:00:00,M02,换油,True,4.77,3636.02,维修工C,已修复,
MNT-003664,2024-08-17 10:00:00,M01,故障维修,True,19.82,2614.29,维修工A,已修复,
MNT-003665,2025-02-24 05:00:00,M29,预防性保养,False,1.0,1082.92,外部供应商,已修复,
MNT-003666,2025-05-10 07:00:00,M22,注射故障,True,1.7,7789.01,维修工B,已修复,
MNT-003667,2024-11-16 05:00:00,M13,液压故障,True,18.25,3407.58,维修工A,已修复,更换备件
MNT-003668,2025-05-27 12:00:00,M04,注射故障,True,21.23,7939.7,外部供应商,已修复,建议大修
MNT-003669,2026-04-19 10:00:00,M06,换油,True,4.81,3934.78,维修工B,已修复,建议大修
MNT-003670,2024-08-30 16:00:00,M13,加热故障,True,12.87,3559.2,外部供应商,已修复,
MNT-003671,2026-02-16 12:00:00,M26,电气故障,True,22.27,6863.72,维修工C,已修复,
MNT-003672,2026-03-01 15:00:00,M21,电气故障,True,21.47,990.28,维修工D,已修复,
MNT-003673,2025-06-14 14:00:00,M22,液压故障,True,5.83,1295.37,维修工A,已修复,建议大修
MNT-003674,2024-12-29 17:00:00,M06,注射故障,True,17.18,7384.32,维修工C,已修复,建议大修
MNT-003675,2024-02-15 16:00:00,M03,预防性保养,False,3.73,876.14,维修工B,已修复,建议大修
MNT-003676,2024-05-18 11:00:00,M17,密封件更换,True,17.0,1334.12,维修工C,已修复,建议大修
MNT-003677,2024-07-02 15:00:00,M01,加热故障,True,9.93,917.76,维修工A,已修复,更换备件
MNT-003678,2025-05-22 12:00:00,M19,锁模故障,True,2.13,295.96,维修工A,已修复,更换备件
MNT-003679,2024-06-23 07:00:00,M22,加热故障,True,23.46,3333.18,外部供应商,已修复,
MNT-003680,2024-12-09 11:00:00,M15,故障维修,True,10.71,2497.95,外部供应商,已修复,更换备件
MNT-003681,2026-03-28 21:00:00,M02,预防性保养,False,2.37,413.24,维修工C,已修复,
MNT-003682,2025-11-08 05:00:00,M29,换油,True,20.65,4491.69,维修工C,已修复,需要厂家支持
MNT-003683,2025-04-28 06:00:00,M10,滤芯更换,True,2.85,7087.53,维修工D,已修复,
MNT-003684,2024-01-21 13:00:00,M25,密封件更换,True,6.92,6801.23,维修工B,已修复,
MNT-003685,2025-06-22 04:00:00,M03,锁模故障,True,20.64,2117.57,外部供应商,已修复,建议大修
MNT-003686,2024-02-06 11:00:00,M10,注射故障,True,5.03,2609.15,维修工C,已修复,建议大修
MNT-003687,2026-03-04 22:00:00,M11,锁模故障,True,7.79,2300.98,维修工B,已修复,
MNT-003688,2025-01-11 16:00:00,M04,锁模故障,True,11.33,615.73,维修工D,已修复,
MNT-003689,2024-08-13 04:00:00,M10,锁模故障,True,18.7,231.37,维修工D,已修复,
MNT-003690,2025-05-10 12:00:00,M15,密封件更换,True,14.06,3082.43,外部供应商,已修复,
MNT-003691,2025-08-14 20:00:00,M18,锁模故障,True,0.84,3338.87,维修工D,已修复,需要厂家支持
MNT-003692,2025-04-14 17:00:00,M02,故障维修,True,19.93,1141.71,外部供应商,已修复,
MNT-003693,2024-02-25 07:00:00,M05,换油,True,1.12,3163.38,维修工D,已修复,
MNT-003694,2025-09-22 00:00:00,M10,换油,True,0.86,5265.21,维修工A,已修复,
MNT-003695,2024-10-12 21:00:00,M05,预防性保养,False,3.35,703.16,维修工A,已修复,需要厂家支持
MNT-003696,2026-04-10 15:00:00,M19,注射故障,True,17.85,2441.53,维修工B,已修复,
MNT-003697,2025-08-21 10:00:00,M11,注射故障,True,10.26,3134.28,维修工A,已修复,
MNT-003698,2024-04-30 16:00:00,M14,电气故障,True,19.48,4177.38,维修工A,已修复,
MNT-003699,2024-06-16 16:00:00,M22,密封件更换,True,22.92,5609.63,维修工D,已修复,需要厂家支持
MNT-003700,2024-01-08 19:00:00,M29,电气故障,True,11.1,1064.91,维修工D,已修复,建议大修
MNT-003701,2025-10-03 01:00:00,M11,换油,True,12.36,7843.12,维修工D,已修复,
MNT-003702,2024-09-26 00:00:00,M24,预防性保养,False,2.02,1328.09,维修工B,已修复,需要厂家支持
MNT-003703,2024-04-28 22:00:00,M12,锁模故障,True,23.48,6587.97,维修工D,已修复,
MNT-003704,2024-08-20 14:00:00,M07,预防性保养,False,1.72,209.8,维修工B,已修复,
MNT-003705,2024-08-09 18:00:00,M04,滤芯更换,True,5.81,3678.42,维修工A,已修复,
MNT-003706,2024-07-31 08:00:00,M03,电气故障,True,12.2,1653.27,外部供应商,已修复,
MNT-003707,2024-06-04 15:00:00,M12,液压故障,True,6.77,1920.37,维修工C,已修复,
MNT-003708,2025-09-06 03:00:00,M05,加热故障,True,11.76,3666.33,维修工D,待跟进,更换备件
MNT-003709,2025-09-24 20:00:00,M14,加热故障,True,12.07,5664.98,维修工A,已修复,建议大修
MNT-003710,2025-09-29 17:00:00,M01,锁模故障,True,12.31,6650.28,外部供应商,已修复,建议大修
MNT-003711,2024-07-20 15:00:00,M01,液压故障,True,9.76,7394.47,维修工D,已修复,
MNT-003712,2024-07-02 19:00:00,M29,换油,True,10.51,5552.46,维修工A,已修复,建议大修
MNT-003713,2024-02-23 03:00:00,M25,电气故障,True,10.53,6626.81,维修工A,已修复,
MNT-003714,2024-10-31 00:00:00,M11,换油,True,11.06,2706.62,维修工C,已修复,更换备件
MNT-003715,2025-09-20 17:00:00,M14,换油,True,19.33,5234.61,维修工D,已修复,
MNT-003716,2024-08-21 18:00:00,M27,密封件更换,True,11.74,3712.17,维修工A,已修复,
MNT-003717,2024-11-14 03:00:00,M01,滤芯更换,True,6.79,2354.57,外部供应商,已修复,需要厂家支持
MNT-003718,2024-10-16 20:00:00,M08,注射故障,True,16.79,595.2,维修工C,已修复,
MNT-003719,2026-02-11 13:00:00,M09,滤芯更换,True,2.08,7944.86,维修工B,已修复,更换备件
MNT-003720,2024-05-29 19:00:00,M06,滤芯更换,True,4.37,5557.67,外部供应商,已修复,
MNT-003721,2024-04-13 20:00:00,M11,锁模故障,True,11.47,1937.99,维修工B,已修复,
MNT-003722,2024-12-05 11:00:00,M12,滤芯更换,True,20.44,3266.57,维修工A,已修复,
MNT-003723,2024-09-22 06:00:00,M07,换油,True,18.46,1028.7,维修工B,已修复,
MNT-003724,2025-06-13 04:00:00,M07,换油,True,8.31,6359.8,维修工C,已修复,
MNT-003725,2025-11-18 23:00:00,M01,加热故障,True,9.1,1893.09,外部供应商,已修复,
MNT-003726,2024-10-03 12:00:00,M11,加热故障,True,15.35,1626.06,维修工B,待跟进,
MNT-003727,2025-08-17 20:00:00,M08,注射故障,True,13.29,1174.6,维修工A,已修复,
MNT-003728,2024-06-20 18:00:00,M11,密封件更换,True,5.18,1447.31,外部供应商,已修复,
MNT-003729,2025-08-05 04:00:00,M07,电气故障,True,8.72,7586.83,维修工D,已修复,
MNT-003730,2026-01-21 01:00:00,M22,故障维修,True,9.15,1543.37,维修工B,已修复,建议大修
MNT-003731,2025-07-23 08:00:00,M21,电气故障,True,13.53,6036.66,维修工D,已修复,
MNT-003732,2026-04-18 12:00:00,M20,注射故障,True,3.75,7957.97,维修工B,已修复,需要厂家支持
MNT-003733,2024-10-19 19:00:00,M26,滤芯更换,True,18.85,4890.73,维修工D,已修复,更换备件
MNT-003734,2024-10-28 07:00:00,M09,电气故障,True,21.1,3770.07,维修工C,已修复,
MNT-003735,2025-04-01 14:00:00,M29,密封件更换,True,19.26,1324.05,维修工C,已修复,需要厂家支持
MNT-003736,2025-10-04 11:00:00,M05,密封件更换,True,9.1,7506.62,维修工A,已修复,
MNT-003737,2025-05-01 07:00:00,M10,换油,True,16.93,4384.02,维修工C,已修复,
MNT-003738,2024-09-09 19:00:00,M06,锁模故障,True,8.87,6445.4,维修工D,已修复,需要厂家支持
MNT-003739,2025-08-21 18:00:00,M28,滤芯更换,True,23.55,1771.45,维修工D,已修复,需要厂家支持
MNT-003740,2025-12-21 18:00:00,M25,电气故障,True,22.21,7920.68,维修工C,已修复,更换备件
MNT-003741,2025-08-06 15:00:00,M12,预防性保养,False,3.42,632.89,维修工A,已修复,
MNT-003742,2025-10-08 22:00:00,M07,加热故障,True,0.96,7679.67,维修工D,已修复,建议大修
MNT-003743,2025-01-20 15:00:00,M23,滤芯更换,True,12.22,2985.58,维修工A,已修复,建议大修
MNT-003744,2024-05-10 03:00:00,M08,加热故障,True,20.35,906.36,维修工B,已修复,
MNT-003745,2024-07-29 15:00:00,M12,滤芯更换,True,2.78,542.31,维修工A,已修复,
MNT-003746,2025-07-09 10:00:00,M10,锁模故障,True,7.98,6147.45,维修工A,待跟进,
MNT-003747,2025-08-23 23:00:00,M07,加热故障,True,11.42,5037.33,维修工A,已修复,更换备件
MNT-003748,2024-06-21 02:00:00,M24,液压故障,True,9.33,3450.22,维修工C,已修复,需要厂家支持
MNT-003749,2025-02-23 03:00:00,M13,故障维修,True,20.3,2541.49,维修工D,已修复,更换备件
MNT-003750,2025-04-14 19:00:00,M19,故障维修,True,11.97,2067.62,维修工A,已修复,
MNT-003751,2025-01-12 01:00:00,M02,滤芯更换,True,11.34,1939.89,维修工C,已修复,更换备件
MNT-003752,2025-12-20 09:00:00,M21,注射故障,True,14.97,7983.93,维修工C,已修复,建议大修
MNT-003753,2024-12-19 14:00:00,M06,加热故障,True,21.09,430.64,维修工C,已修复,
MNT-003754,2025-05-04 08:00:00,M24,故障维修,True,1.83,6029.36,外部供应商,已修复,需要厂家支持
MNT-003755,2025-08-01 11:00:00,M05,换油,True,16.78,2460.85,维修工A,已修复,
MNT-003756,2025-05-17 09:00:00,M29,滤芯更换,True,22.82,7841.23,维修工D,已修复,
MNT-003757,2024-02-03 12:00:00,M14,故障维修,True,9.34,1460.91,维修工D,已修复,
MNT-003758,2025-01-26 05:00:00,M20,换油,True,12.73,2422.98,维修工D,已修复,
MNT-003759,2025-12-29 09:00:00,M04,加热故障,True,21.16,1451.39,维修工B,已修复,
MNT-003760,2025-06-22 00:00:00,M05,注射故障,True,13.43,6091.96,维修工C,已修复,
MNT-003761,2024-12-06 06:00:00,M09,加热故障,True,1.95,1102.86,维修工A,已修复,需要厂家支持
MNT-003762,2024-07-22 22:00:00,M21,预防性保养,False,1.66,1075.76,外部供应商,已修复,
MNT-003763,2025-06-04 18:00:00,M20,故障维修,True,4.1,4407.5,维修工A,已修复,
MNT-003764,2024-08-16 21:00:00,M07,加热故障,True,3.32,6929.97,外部供应商,已修复,建议大修
MNT-003765,2025-12-29 01:00:00,M17,注射故障,True,18.68,4145.5,外部供应商,已修复,更换备件
MNT-003766,2025-09-16 10:00:00,M09,密封件更换,True,2.62,3708.44,维修工C,已修复,
MNT-003767,2024-04-02 20:00:00,M28,锁模故障,True,22.28,7483.06,维修工C,已修复,建议大修
MNT-003768,2025-09-26 14:00:00,M11,液压故障,True,13.74,5659.99,维修工C,已修复,
MNT-003769,2024-09-12 05:00:00,M01,预防性保养,False,1.39,410.24,维修工A,已修复,
MNT-003770,2025-09-22 10:00:00,M12,滤芯更换,True,4.67,7703.03,维修工C,已修复,更换备件
MNT-003771,2025-07-02 09:00:00,M14,密封件更换,True,13.24,404.39,外部供应商,已修复,更换备件
MNT-003772,2025-10-12 06:00:00,M04,密封件更换,True,6.83,4580.93,维修工D,已修复,更换备件
MNT-003773,2024-10-20 09:00:00,M25,加热故障,True,7.42,4068.33,维修工C,已修复,
MNT-003774,2025-08-26 04:00:00,M07,加热故障,True,23.03,7171.03,维修工D,已修复,更换备件
MNT-003775,2025-02-22 22:00:00,M16,锁模故障,True,16.21,2831.83,外部供应商,已修复,需要厂家支持
MNT-003776,2024-11-30 05:00:00,M23,密封件更换,True,23.53,2592.78,维修工A,已修复,更换备件
MNT-003777,2024-08-08 11:00:00,M01,密封件更换,True,15.44,2394.33,维修工B,已修复,
MNT-003778,2024-06-16 08:00:00,M22,预防性保养,False,2.08,832.98,维修工A,已修复,
MNT-003779,2025-05-07 19:00:00,M05,加热故障,True,1.53,670.05,维修工D,已修复,建议大修
MNT-003780,2024-05-11 10:00:00,M06,故障维修,True,21.14,2894.1,维修工D,已修复,建议大修
MNT-003781,2025-08-02 20:00:00,M26,密封件更换,True,13.6,684.08,维修工A,已修复,更换备件
MNT-003782,2025-01-21 02:00:00,M23,故障维修,True,21.93,4797.2,维修工A,已修复,更换备件
MNT-003783,2025-05-06 21:00:00,M12,滤芯更换,True,6.06,7399.33,维修工A,已修复,需要厂家支持
MNT-003784,2024-05-07 11:00:00,M22,电气故障,True,7.35,7222.77,维修工D,已修复,更换备件
MNT-003785,2024-01-12 00:00:00,M29,电气故障,True,19.12,3809.47,外部供应商,已修复,
MNT-003786,2026-02-28 00:00:00,M26,电气故障,True,1.85,2507.87,维修工C,已修复,需要厂家支持
MNT-003787,2024-11-05 23:00:00,M07,密封件更换,True,6.57,7721.08,维修工B,已修复,
MNT-003788,2024-07-31 18:00:00,M21,换油,True,6.42,5510.38,维修工B,已修复,
MNT-003789,2026-04-03 20:00:00,M10,换油,True,20.32,6606.05,维修工C,已修复,
MNT-003790,2025-07-27 13:00:00,M11,密封件更换,True,19.58,2941.59,维修工A,已修复,
MNT-003791,2025-11-15 23:00:00,M04,预防性保养,False,0.82,1010.01,维修工A,已修复,更换备件
MNT-003792,2026-03-26 07:00:00,M21,故障维修,True,5.41,4674.02,维修工A,已修复,需要厂家支持
MNT-003793,2024-10-10 07:00:00,M26,液压故障,True,16.97,4800.71,维修工B,已修复,
MNT-003794,2025-09-14 20:00:00,M09,预防性保养,False,2.61,755.81,维修工A,已修复,
MNT-003795,2026-04-09 04:00:00,M05,注射故障,True,9.18,4492.67,外部供应商,已修复,更换备件
MNT-003796,2025-08-31 16:00:00,M19,注射故障,True,17.52,5458.12,外部供应商,已修复,
MNT-003797,2024-03-01 08:00:00,M26,预防性保养,False,1.16,1062.69,维修工D,已修复,需要厂家支持
MNT-003798,2024-05-04 16:00:00,M04,液压故障,True,19.04,5075.19,维修工A,已修复,
MNT-003799,2024-07-04 07:00:00,M13,预防性保养,False,0.96,1277.79,维修工C,已修复,
MNT-003800,2025-04-20 10:00:00,M27,滤芯更换,True,20.29,3809.64,维修工C,已修复,
MNT-003801,2025-07-12 10:00:00,M23,换油,True,8.08,3261.1,外部供应商,已修复,更换备件
MNT-003802,2025-05-10 20:00:00,M19,电气故障,True,1.59,5350.58,维修工B,已修复,更换备件
MNT-003803,2024-05-18 12:00:00,M10,换油,True,4.54,2471.67,维修工D,已修复,更换备件
MNT-003804,2024-01-14 14:00:00,M12,液压故障,True,1.28,1881.42,维修工C,已修复,
MNT-003805,2025-08-05 21:00:00,M11,密封件更换,True,7.26,7581.99,维修工A,已修复,建议大修
MNT-003806,2025-10-02 06:00:00,M29,预防性保养,False,1.04,1338.47,维修工D,已修复,
MNT-003807,2024-07-12 17:00:00,M29,锁模故障,True,19.81,4794.94,外部供应商,已修复,建议大修
MNT-003808,2025-11-09 21:00:00,M11,加热故障,True,22.29,1099.19,外部供应商,已修复,建议大修
MNT-003809,2026-01-16 21:00:00,M04,液压故障,True,4.7,2402.99,维修工B,已修复,需要厂家支持
MNT-003810,2024-09-26 02:00:00,M28,密封件更换,True,21.04,5626.56,维修工B,已修复,更换备件
MNT-003811,2024-05-26 10:00:00,M05,电气故障,True,12.1,6077.58,维修工B,已修复,建议大修
MNT-003812,2024-01-04 07:00:00,M22,液压故障,True,6.0,3367.17,维修工B,已修复,需要厂家支持
MNT-003813,2024-04-20 11:00:00,M08,故障维修,True,2.29,5760.12,维修工C,已修复,
MNT-003814,2025-03-08 04:00:00,M23,注射故障,True,21.65,4226.91,维修工B,已修复,需要厂家支持
MNT-003815,2025-12-18 14:00:00,M01,液压故障,True,9.08,1499.01,维修工D,已修复,更换备件
MNT-003816,2024-04-08 16:00:00,M28,故障维修,True,9.81,3078.04,维修工D,已修复,
MNT-003817,2025-07-20 02:00:00,M12,锁模故障,True,20.29,372.75,维修工C,已修复,需要厂家支持
MNT-003818,2025-05-13 06:00:00,M24,液压故障,True,11.27,7351.16,维修工A,已修复,
MNT-003819,2025-04-29 04:00:00,M15,预防性保养,False,2.37,526.1,维修工A,已修复,
MNT-003820,2026-03-04 22:00:00,M03,换油,True,15.42,3064.37,维修工B,已修复,
MNT-003821,2024-09-16 08:00:00,M13,注射故障,True,16.57,5682.39,外部供应商,已修复,需要厂家支持
MNT-003822,2024-08-18 18:00:00,M04,注射故障,True,17.55,2850.86,维修工B,已修复,建议大修
MNT-003823,2024-08-02 07:00:00,M08,预防性保养,False,1.63,665.36,维修工D,已修复,
MNT-003824,2024-01-27 19:00:00,M02,注射故障,True,17.15,5057.52,外部供应商,已修复,
MNT-003825,2024-08-04 12:00:00,M11,注射故障,True,6.48,6663.21,维修工B,已修复,需要厂家支持
MNT-003826,2025-07-31 14:00:00,M08,加热故障,True,8.59,4703.21,维修工C,已修复,需要厂家支持
MNT-003827,2024-03-24 00:00:00,M20,锁模故障,True,16.87,717.2,维修工C,已修复,
MNT-003828,2026-01-02 11:00:00,M23,电气故障,True,6.04,4597.13,维修工A,已修复,
MNT-003829,2024-03-08 07:00:00,M24,故障维修,True,2.12,6844.84,维修工D,已修复,
MNT-003830,2025-07-06 01:00:00,M28,电气故障,True,20.62,7963.19,维修工C,已修复,建议大修
MNT-003831,2024-10-21 07:00:00,M18,电气故障,True,17.74,6964.64,维修工B,已修复,
MNT-003832,2025-01-27 00:00:00,M22,密封件更换,True,13.9,1354.64,维修工D,已修复,
MNT-003833,2026-01-10 10:00:00,M24,注射故障,True,18.44,6501.32,维修工A,已修复,需要厂家支持
MNT-003834,2024-04-14 18:00:00,M29,液压故障,True,8.12,5900.96,维修工C,已修复,需要厂家支持
MNT-003835,2026-02-09 01:00:00,M09,电气故障,True,4.26,1580.18,外部供应商,已修复,
MNT-003836,2024-04-21 00:00:00,M19,注射故障,True,6.5,7913.75,外部供应商,已修复,
MNT-003837,2024-10-18 18:00:00,M21,锁模故障,True,17.01,951.87,维修工B,已修复,
MNT-003838,2025-05-24 02:00:00,M11,电气故障,True,12.53,5839.5,维修工B,已修复,需要厂家支持
MNT-003839,2025-02-28 17:00:00,M17,液压故障,True,14.75,6236.51,维修工D,已修复,
MNT-003840,2025-04-14 01:00:00,M10,滤芯更换,True,4.59,412.49,维修工D,已修复,更换备件
MNT-003841,2025-05-21 09:00:00,M24,滤芯更换,True,10.29,3554.53,维修工B,已修复,建议大修
MNT-003842,2025-11-24 19:00:00,M26,液压故障,True,12.08,7047.77,维修工C,已修复,需要厂家支持
MNT-003843,2024-04-17 22:00:00,M13,密封件更换,True,15.8,2354.08,外部供应商,已修复,
MNT-003844,2025-06-26 23:00:00,M27,锁模故障,True,12.42,1468.1,维修工A,已修复,
MNT-003845,2024-08-20 18:00:00,M02,注射故障,True,7.71,7191.31,维修工B,已修复,
MNT-003846,2024-12-02 01:00:00,M05,密封件更换,True,8.1,1139.78,维修工C,待跟进,更换备件
MNT-003847,2026-01-31 00:00:00,M28,密封件更换,True,17.27,7915.82,维修工C,已修复,
MNT-003848,2024-08-16 16:00:00,M24,预防性保养,False,2.97,639.66,维修工B,已修复,
MNT-003849,2024-09-23 21:00:00,M12,注射故障,True,5.79,3279.98,维修工C,已修复,更换备件
MNT-003850,2024-11-20 09:00:00,M27,加热故障,True,23.84,1808.63,维修工C,已修复,更换备件
MNT-003851,2025-12-05 02:00:00,M21,故障维修,True,10.34,6560.46,外部供应商,已修复,需要厂家支持
MNT-003852,2025-09-10 01:00:00,M14,换油,True,6.09,2168.35,维修工D,已修复,
MNT-003853,2024-03-17 14:00:00,M17,预防性保养,False,1.95,774.34,外部供应商,已修复,需要厂家支持
MNT-003854,2025-04-20 02:00:00,M04,锁模故障,True,22.15,2068.45,维修工B,已修复,
MNT-003855,2025-11-15 05:00:00,M22,电气故障,True,14.6,6134.7,维修工B,已修复,
MNT-003856,2026-03-12 00:00:00,M05,预防性保养,False,0.54,371.17,维修工B,已修复,
MNT-003857,2024-08-21 07:00:00,M27,滤芯更换,True,16.6,4632.52,维修工B,已修复,
MNT-003858,2025-01-26 07:00:00,M13,故障维修,True,15.56,6747.35,维修工C,已修复,
MNT-003859,2025-03-28 07:00:00,M21,预防性保养,False,2.77,1371.8,维修工D,待跟进,
MNT-003860,2024-08-03 06:00:00,M23,液压故障,True,14.51,7745.59,维修工B,已修复,
MNT-003861,2025-01-10 07:00:00,M09,预防性保养,False,3.02,371.0,维修工C,已修复,需要厂家支持
MNT-003862,2024-02-04 11:00:00,M19,加热故障,True,5.2,1978.93,维修工C,已修复,更换备件
MNT-003863,2025-11-16 15:00:00,M07,锁模故障,True,2.55,4529.36,维修工C,已修复,需要厂家支持
MNT-003864,2025-01-14 08:00:00,M21,液压故障,True,1.31,4482.8,维修工A,已修复,建议大修
MNT-003865,2024-06-03 15:00:00,M29,电气故障,True,13.4,3795.13,维修工B,已修复,
MNT-003866,2024-06-14 15:00:00,M22,密封件更换,True,7.3,6854.19,维修工B,已修复,
MNT-003867,2024-07-06 20:00:00,M17,液压故障,True,19.79,5194.94,维修工C,已修复,需要厂家支持
MNT-003868,2024-02-09 00:00:00,M04,故障维修,True,22.49,4204.97,维修工C,已修复,更换备件
MNT-003869,2024-01-02 18:00:00,M17,液压故障,True,7.27,3972.22,外部供应商,已修复,
MNT-003870,2024-05-22 08:00:00,M21,滤芯更换,True,1.46,1723.41,维修工A,已修复,
MNT-003871,2025-12-01 20:00:00,M09,锁模故障,True,11.27,3164.97,维修工B,已修复,更换备件
MNT-003872,2026-02-05 22:00:00,M17,故障维修,True,23.32,1037.98,外部供应商,已修复,需要厂家支持
MNT-003873,2025-12-19 00:00:00,M27,滤芯更换,True,1.7,5831.28,维修工A,已修复,
MNT-003874,2024-08-30 12:00:00,M03,滤芯更换,True,16.9,1906.87,维修工C,已修复,
MNT-003875,2024-12-31 06:00:00,M25,密封件更换,True,17.66,3578.93,外部供应商,待跟进,
MNT-003876,2024-11-16 04:00:00,M24,换油,True,21.72,249.52,维修工A,已修复,
MNT-003877,2024-06-27 14:00:00,M16,换油,True,11.94,3962.84,维修工D,已修复,
MNT-003878,2025-07-03 07:00:00,M09,液压故障,True,16.88,6824.28,维修工D,已修复,更换备件
MNT-003879,2024-11-01 21:00:00,M22,滤芯更换,True,9.31,5949.29,维修工B,已修复,建议大修
MNT-003880,2024-01-17 00:00:00,M15,故障维修,True,22.05,4000.77,维修工D,已修复,建议大修
MNT-003881,2024-07-08 02:00:00,M12,电气故障,True,21.9,7933.04,外部供应商,已修复,
MNT-003882,2025-11-22 10:00:00,M11,注射故障,True,10.35,3586.36,维修工C,已修复,需要厂家支持
MNT-003883,2025-10-27 10:00:00,M23,锁模故障,True,19.19,5865.5,外部供应商,已修复,建议大修
MNT-003884,2024-02-01 10:00:00,M17,液压故障,True,8.15,1639.41,维修工C,已修复,需要厂家支持
MNT-003885,2024-08-31 15:00:00,M27,故障维修,True,19.38,2275.03,维修工A,已修复,建议大修
MNT-003886,2025-08-16 14:00:00,M26,注射故障,True,13.91,7376.45,维修工D,已修复,需要厂家支持
MNT-003887,2025-04-07 22:00:00,M12,换油,True,21.08,7229.91,维修工B,已修复,
MNT-003888,2024-07-16 02:00:00,M22,预防性保养,False,3.53,1291.15,维修工A,已修复,
MNT-003889,2025-10-11 08:00:00,M03,加热故障,True,11.18,5648.74,维修工D,已修复,
MNT-003890,2026-02-08 18:00:00,M01,滤芯更换,True,10.2,290.16,外部供应商,已修复,更换备件
MNT-003891,2026-04-03 20:00:00,M15,液压故障,True,9.46,5268.43,外部供应商,已修复,
MNT-003892,2026-03-17 20:00:00,M18,液压故障,True,20.39,4849.46,维修工B,已修复,需要厂家支持
MNT-003893,2024-05-20 14:00:00,M06,换油,True,6.71,686.97,维修工A,已修复,需要厂家支持
MNT-003894,2025-05-23 20:00:00,M10,电气故障,True,9.04,3816.01,维修工A,已修复,建议大修
MNT-003895,2025-09-30 10:00:00,M10,加热故障,True,16.36,1291.54,维修工A,已修复,需要厂家支持
MNT-003896,2025-08-30 15:00:00,M11,加热故障,True,5.15,2908.55,维修工D,已修复,需要厂家支持
MNT-003897,2024-05-28 05:00:00,M04,加热故障,True,0.71,1757.32,维修工C,已修复,
MNT-003898,2024-08-08 21:00:00,M08,滤芯更换,True,3.24,4344.84,维修工A,已修复,更换备件
MNT-003899,2025-07-31 09:00:00,M23,电气故障,True,4.6,3167.01,外部供应商,已修复,
MNT-003900,2025-04-21 18:00:00,M22,液压故障,True,11.31,845.51,维修工C,已修复,需要厂家支持
MNT-003901,2025-06-25 07:00:00,M22,换油,True,10.82,1491.45,维修工A,已修复,
MNT-003902,2025-09-10 10:00:00,M29,故障维修,True,3.65,4621.97,外部供应商,已修复,
MNT-003903,2024-03-13 20:00:00,M10,液压故障,True,20.64,1362.51,维修工D,已修复,
MNT-003904,2024-09-13 05:00:00,M28,密封件更换,True,4.39,2232.66,维修工D,已修复,
MNT-003905,2025-11-19 22:00:00,M24,故障维修,True,20.03,4589.54,维修工B,已修复,
MNT-003906,2025-10-06 04:00:00,M11,加热故障,True,7.62,492.08,维修工C,已修复,
MNT-003907,2025-07-23 09:00:00,M12,加热故障,True,13.29,2421.38,维修工D,已修复,建议大修
MNT-003908,2024-02-26 21:00:00,M25,故障维修,True,10.77,4022.53,维修工C,已修复,
MNT-003909,2024-12-24 11:00:00,M01,电气故障,True,1.0,2243.07,维修工C,已修复,需要厂家支持
MNT-003910,2025-08-28 19:00:00,M26,滤芯更换,True,16.26,1284.0,外部供应商,已修复,更换备件
MNT-003911,2024-06-04 01:00:00,M25,加热故障,True,14.36,6235.12,维修工A,已修复,
MNT-003912,2025-03-23 01:00:00,M27,电气故障,True,13.8,1470.51,维修工C,已修复,
MNT-003913,2025-09-13 16:00:00,M09,密封件更换,True,9.84,3822.72,维修工D,已修复,
MNT-003914,2025-02-15 00:00:00,M08,锁模故障,True,12.74,5730.56,维修工A,已修复,建议大修
MNT-003915,2024-01-28 03:00:00,M11,液压故障,True,9.27,7966.18,维修工A,已修复,更换备件
MNT-003916,2025-11-18 23:00:00,M05,电气故障,True,6.64,7837.15,维修工A,已修复,更换备件
MNT-003917,2026-01-16 08:00:00,M10,电气故障,True,17.6,7225.65,维修工C,已修复,建议大修
MNT-003918,2026-01-14 15:00:00,M21,加热故障,True,5.1,718.05,维修工C,已修复,
MNT-003919,2025-12-21 23:00:00,M24,电气故障,True,6.16,7618.09,维修工D,已修复,需要厂家支持
MNT-003920,2024-07-02 17:00:00,M08,注射故障,True,16.63,2118.34,维修工C,已修复,
MNT-003921,2024-08-17 08:00:00,M24,加热故障,True,9.57,440.34,维修工B,已修复,需要厂家支持
MNT-003922,2024-12-19 13:00:00,M24,滤芯更换,True,4.77,1375.61,维修工D,已修复,更换备件
MNT-003923,2024-05-20 14:00:00,M15,故障维修,True,14.3,3458.35,维修工A,已修复,更换备件
MNT-003924,2025-07-02 13:00:00,M19,滤芯更换,True,12.12,2368.19,维修工B,已修复,
MNT-003925,2025-07-17 09:00:00,M28,液压故障,True,7.08,2659.07,维修工D,已修复,
MNT-003926,2025-08-19 10:00:00,M09,换油,True,16.55,5721.61,维修工D,已修复,需要厂家支持
MNT-003927,2025-06-28 05:00:00,M12,注射故障,True,13.35,5419.45,维修工C,已修复,更换备件
MNT-003928,2025-01-12 06:00:00,M19,密封件更换,True,21.73,1978.74,外部供应商,已修复,
MNT-003929,2026-01-25 03:00:00,M22,加热故障,True,12.53,2392.61,维修工C,已修复,
MNT-003930,2025-08-03 12:00:00,M03,加热故障,True,4.16,4832.71,维修工B,已修复,
MNT-003931,2026-02-11 01:00:00,M12,故障维修,True,19.21,3540.34,维修工A,已修复,建议大修
MNT-003932,2025-02-23 12:00:00,M02,密封件更换,True,10.34,5567.94,维修工A,已修复,
MNT-003933,2025-11-09 09:00:00,M28,电气故障,True,8.47,3203.99,外部供应商,已修复,更换备件
MNT-003934,2025-09-14 00:00:00,M01,电气故障,True,11.8,1602.63,维修工D,已修复,建议大修
MNT-003935,2025-09-07 02:00:00,M08,预防性保养,False,3.84,649.16,维修工D,已修复,
MNT-003936,2024-07-21 16:00:00,M23,注射故障,True,8.5,6934.34,维修工C,已修复,
MNT-003937,2024-10-13 12:00:00,M13,注射故障,True,18.18,1374.86,维修工C,已修复,需要厂家支持
MNT-003938,2026-04-14 08:00:00,M07,电气故障,True,8.26,2139.79,外部供应商,已修复,
MNT-003939,2025-03-06 02:00:00,M24,滤芯更换,True,21.33,7215.29,外部供应商,已修复,
MNT-003940,2025-01-17 23:00:00,M23,注射故障,True,18.8,2745.45,维修工C,已修复,
MNT-003941,2024-11-16 07:00:00,M05,液压故障,True,11.67,4258.3,维修工B,已修复,
MNT-003942,2024-01-27 08:00:00,M17,液压故障,True,1.36,4166.7,维修工A,已修复,
MNT-003943,2024-10-01 15:00:00,M06,密封件更换,True,19.26,818.48,维修工C,已修复,需要厂家支持
MNT-003944,2024-03-31 22:00:00,M13,密封件更换,True,3.67,3003.49,维修工C,已修复,更换备件
MNT-003945,2024-01-08 15:00:00,M03,故障维修,True,23.93,7026.14,外部供应商,已修复,
MNT-003946,2024-09-25 12:00:00,M20,电气故障,True,9.04,4363.94,维修工A,已修复,
MNT-003947,2024-01-29 21:00:00,M26,液压故障,True,23.03,6301.65,外部供应商,已修复,更换备件
MNT-003948,2024-09-20 05:00:00,M28,锁模故障,True,19.5,6824.97,外部供应商,已修复,建议大修
MNT-003949,2024-04-14 23:00:00,M12,密封件更换,True,9.43,6091.46,维修工C,已修复,
MNT-003950,2025-09-10 13:00:00,M26,换油,True,8.88,2495.6,外部供应商,已修复,
MNT-003951,2025-06-13 08:00:00,M11,换油,True,23.28,5594.19,维修工A,已修复,
MNT-003952,2025-05-13 23:00:00,M27,注射故障,True,12.55,759.93,维修工A,已修复,需要厂家支持
MNT-003953,2025-08-24 14:00:00,M25,换油,True,19.34,5298.49,维修工D,已修复,需要厂家支持
MNT-003954,2025-09-02 17:00:00,M27,锁模故障,True,15.67,5673.36,维修工B,已修复,
MNT-003955,2026-04-08 23:00:00,M14,密封件更换,True,0.79,6070.88,外部供应商,已修复,
MNT-003956,2025-07-05 20:00:00,M21,滤芯更换,True,21.32,6759.12,维修工D,待跟进,更换备件
MNT-003957,2026-03-29 04:00:00,M13,滤芯更换,True,8.83,5234.2,外部供应商,已修复,
MNT-003958,2024-04-09 06:00:00,M14,故障维修,True,1.93,4464.57,维修工A,已修复,
MNT-003959,2024-10-25 05:00:00,M07,注射故障,True,14.94,1240.51,维修工A,已修复,
MNT-003960,2025-07-14 12:00:00,M24,换油,True,4.58,2737.58,维修工A,已修复,
MNT-003961,2024-03-27 04:00:00,M25,滤芯更换,True,3.02,3076.57,维修工C,已修复,建议大修
MNT-003962,2025-03-18 12:00:00,M19,注射故障,True,5.78,285.92,维修工B,已修复,需要厂家支持
MNT-003963,2025-03-17 01:00:00,M08,预防性保养,False,1.22,193.57,维修工B,已修复,需要厂家支持
MNT-003964,2025-03-26 14:00:00,M18,加热故障,True,3.35,401.53,维修工B,已修复,需要厂家支持
MNT-003965,2026-03-28 15:00:00,M11,预防性保养,False,3.83,1239.58,维修工C,已修复,需要厂家支持
MNT-003966,2025-11-14 23:00:00,M22,预防性保养,False,0.86,982.27,外部供应商,已修复,更换备件
MNT-003967,2025-04-12 15:00:00,M14,滤芯更换,True,3.72,4356.92,维修工A,已修复,更换备件
MNT-003968,2024-09-24 01:00:00,M21,故障维修,True,20.81,3140.07,维修工B,已修复,需要厂家支持
MNT-003969,2024-01-20 15:00:00,M26,密封件更换,True,8.75,6956.54,维修工C,已修复,
MNT-003970,2024-08-01 14:00:00,M11,滤芯更换,True,23.59,3958.76,外部供应商,已修复,需要厂家支持
MNT-003971,2024-02-15 17:00:00,M15,液压故障,True,20.06,3813.53,维修工B,待跟进,
MNT-003972,2025-12-15 00:00:00,M05,预防性保养,False,2.54,422.07,维修工A,已修复,
MNT-003973,2024-01-18 05:00:00,M11,液压故障,True,12.57,355.72,维修工A,已修复,
MNT-003974,2026-01-21 09:00:00,M13,故障维修,True,17.28,6875.05,维修工A,已修复,
MNT-003975,2025-05-31 10:00:00,M03,液压故障,True,7.09,1463.41,外部供应商,已修复,更换备件
MNT-003976,2024-04-19 21:00:00,M07,电气故障,True,20.65,7108.63,维修工B,已修复,更换备件
MNT-003977,2024-06-01 20:00:00,M06,锁模故障,True,11.52,2422.3,维修工C,已修复,
MNT-003978,2025-11-13 21:00:00,M06,锁模故障,True,15.93,1187.1,维修工B,已修复,建议大修
MNT-003979,2025-03-01 07:00:00,M06,注射故障,True,12.26,6036.45,维修工D,已修复,
MNT-003980,2024-05-18 12:00:00,M08,密封件更换,True,19.71,2283.16,外部供应商,已修复,
MNT-003981,2024-12-20 17:00:00,M23,预防性保养,False,3.66,416.0,维修工A,已修复,
MNT-003982,2025-03-01 21:00:00,M12,故障维修,True,19.85,5216.96,维修工B,已修复,
MNT-003983,2025-06-02 08:00:00,M11,电气故障,True,8.91,882.81,维修工B,已修复,
MNT-003984,2025-08-27 16:00:00,M04,滤芯更换,True,21.96,200.66,维修工A,已修复,
MNT-003985,2026-01-29 06:00:00,M17,电气故障,True,17.95,5035.01,外部供应商,已修复,更换备件
MNT-003986,2025-06-21 09:00:00,M03,锁模故障,True,3.48,4937.74,外部供应商,已修复,
MNT-003987,2025-12-11 10:00:00,M15,电气故障,True,15.08,7427.63,维修工B,已修复,
MNT-003988,2024-12-01 20:00:00,M14,电气故障,True,9.37,4314.25,维修工D,已修复,建议大修
MNT-003989,2026-03-08 19:00:00,M14,注射故障,True,5.21,4254.09,维修工D,已修复,
MNT-003990,2025-05-16 16:00:00,M13,滤芯更换,True,18.27,1692.19,维修工B,已修复,建议大修
MNT-003991,2024-08-11 10:00:00,M29,电气故障,True,9.15,2310.08,外部供应商,已修复,
MNT-003992,2024-09-01 06:00:00,M24,预防性保养,False,1.34,950.31,维修工D,已修复,建议大修
MNT-003993,2024-10-11 08:00:00,M08,滤芯更换,True,6.3,2069.22,维修工C,已修复,
MNT-003994,2025-04-10 11:00:00,M21,锁模故障,True,18.62,7894.81,维修工C,待跟进,
MNT-003995,2025-08-13 19:00:00,M17,电气故障,True,9.83,2475.39,维修工D,已修复,
MNT-003996,2024-06-06 05:00:00,M24,故障维修,True,22.26,2909.4,外部供应商,已修复,需要厂家支持
MNT-003997,2024-10-28 04:00:00,M05,密封件更换,True,9.48,3119.5,维修工A,已修复,
MNT-003998,2025-09-17 14:00:00,M29,电气故障,True,5.79,583.38,外部供应商,已修复,更换备件
MNT-003999,2024-09-19 06:00:00,M21,换油,True,16.02,6711.76,维修工D,已修复,
MNT-004000,2026-02-19 22:00:00,M16,液压故障,True,12.49,743.77,维修工A,已修复,
MNT-004001,2024-04-26 03:00:00,M09,换油,True,17.85,843.07,维修工A,已修复,更换备件
MNT-004002,2025-03-27 13:00:00,M01,密封件更换,True,10.05,3134.67,维修工C,已修复,
MNT-004003,2024-01-28 07:00:00,M06,电气故障,True,18.43,756.55,维修工D,已修复,更换备件
MNT-004004,2024-04-26 03:00:00,M16,预防性保养,False,2.78,372.37,维修工C,已修复,更换备件
MNT-004005,2024-06-13 05:00:00,M21,锁模故障,True,22.03,2933.67,外部供应商,已修复,
MNT-004006,2025-07-11 15:00:00,M03,电气故障,True,23.25,402.27,维修工C,已修复,建议大修
MNT-004007,2025-09-10 18:00:00,M03,注射故障,True,2.32,2549.39,维修工C,已修复,
MNT-004008,2025-01-19 03:00:00,M12,电气故障,True,16.84,7834.13,维修工B,已修复,
MNT-004009,2025-06-06 22:00:00,M10,故障维修,True,10.78,1060.94,维修工B,已修复,建议大修
MNT-004010,2026-04-25 03:00:00,M03,滤芯更换,True,12.58,2008.29,维修工A,已修复,建议大修
MNT-004011,2024-04-11 09:00:00,M16,故障维修,True,22.34,2492.77,维修工B,待跟进,
MNT-004012,2025-08-13 23:00:00,M06,滤芯更换,True,2.87,7450.7,维修工B,已修复,建议大修
MNT-004013,2025-10-19 04:00:00,M27,预防性保养,False,1.79,1291.16,维修工A,已修复,
MNT-004014,2024-06-06 21:00:00,M24,注射故障,True,9.45,1015.25,维修工A,已修复,
MNT-004015,2026-02-27 08:00:00,M10,加热故障,True,21.96,865.87,维修工C,已修复,更换备件
MNT-004016,2026-04-15 09:00:00,M28,滤芯更换,True,19.05,7677.06,维修工A,已修复,
MNT-004017,2024-12-06 22:00:00,M29,锁模故障,True,17.24,7302.63,外部供应商,已修复,
MNT-004018,2024-08-28 06:00:00,M09,加热故障,True,8.2,3197.27,外部供应商,已修复,更换备件
MNT-004019,2024-11-24 19:00:00,M22,液压故障,True,2.67,4856.74,维修工C,已修复,更换备件
MNT-004020,2024-07-03 01:00:00,M15,预防性保养,False,3.34,583.56,维修工C,待跟进,需要厂家支持
MNT-004021,2024-06-03 02:00:00,M04,故障维修,True,7.19,5298.88,维修工D,已修复,更换备件
MNT-004022,2026-03-12 09:00:00,M20,故障维修,True,19.83,6585.31,维修工B,已修复,需要厂家支持
MNT-004023,2025-07-15 20:00:00,M25,注射故障,True,5.96,3636.69,外部供应商,已修复,
MNT-004024,2024-08-30 07:00:00,M18,预防性保养,False,0.93,1216.38,维修工C,已修复,需要厂家支持
MNT-004025,2025-10-04 17:00:00,M05,锁模故障,True,12.67,658.19,维修工D,已修复,
MNT-004026,2025-09-04 12:00:00,M17,滤芯更换,True,1.17,6202.5,维修工C,已修复,建议大修
MNT-004027,2024-09-24 17:00:00,M10,液压故障,True,19.52,6193.24,外部供应商,已修复,需要厂家支持
MNT-004028,2024-10-25 23:00:00,M03,滤芯更换,True,22.38,3634.87,维修工B,已修复,需要厂家支持
MNT-004029,2025-06-19 10:00:00,M28,故障维修,True,14.1,7150.81,外部供应商,已修复,
MNT-004030,2026-03-22 10:00:00,M08,换油,True,0.88,5795.6,维修工A,已修复,建议大修
MNT-004031,2024-02-19 09:00:00,M24,故障维修,True,10.79,2055.65,维修工A,已修复,
MNT-004032,2024-10-14 07:00:00,M04,换油,True,23.46,3348.64,维修工D,已修复,需要厂家支持
MNT-004033,2025-12-11 04:00:00,M11,注射故障,True,5.6,5903.35,外部供应商,已修复,
MNT-004034,2026-02-06 23:00:00,M06,锁模故障,True,7.2,5480.35,外部供应商,已修复,建议大修
MNT-004035,2024-09-30 11:00:00,M17,故障维修,True,23.06,7617.35,外部供应商,已修复,更换备件
MNT-004036,2025-12-27 08:00:00,M28,锁模故障,True,17.84,544.05,维修工B,已修复,需要厂家支持
MNT-004037,2024-07-27 04:00:00,M11,密封件更换,True,0.95,3265.36,维修工A,已修复,
MNT-004038,2025-01-23 18:00:00,M13,密封件更换,True,5.08,6433.6,外部供应商,已修复,需要厂家支持
MNT-004039,2024-11-13 02:00:00,M23,预防性保养,False,1.57,1205.3,维修工D,已修复,需要厂家支持
MNT-004040,2025-02-20 19:00:00,M15,预防性保养,False,3.62,1288.56,维修工B,已修复,
MNT-004041,2026-04-23 15:00:00,M15,加热故障,True,23.31,7408.55,外部供应商,已修复,建议大修
MNT-004042,2025-10-05 21:00:00,M22,加热故障,True,21.66,4424.95,维修工C,已修复,
MNT-004043,2026-04-02 23:00:00,M28,故障维修,True,14.49,5406.26,外部供应商,已修复,更换备件
MNT-004044,2024-08-18 03:00:00,M05,故障维修,True,1.87,3689.67,外部供应商,已修复,需要厂家支持
MNT-004045,2025-09-16 04:00:00,M17,锁模故障,True,8.19,2423.65,维修工B,已修复,需要厂家支持
MNT-004046,2025-09-10 07:00:00,M03,电气故障,True,9.79,5999.12,维修工C,已修复,更换备件
MNT-004047,2024-10-04 09:00:00,M10,密封件更换,True,10.24,6984.0,外部供应商,已修复,更换备件
MNT-004048,2025-04-28 17:00:00,M24,锁模故障,True,1.09,4294.38,维修工D,已修复,
MNT-004049,2024-12-22 23:00:00,M14,锁模故障,True,4.82,6130.37,维修工D,已修复,需要厂家支持
MNT-004050,2025-11-03 20:00:00,M07,液压故障,True,13.0,5472.72,维修工B,待跟进,
MNT-004051,2025-03-19 17:00:00,M08,注射故障,True,15.54,352.56,维修工B,已修复,
MNT-004052,2025-05-17 15:00:00,M21,密封件更换,True,17.69,5361.99,维修工B,已修复,
MNT-004053,2024-01-16 23:00:00,M02,密封件更换,True,1.55,820.53,维修工D,已修复,建议大修
MNT-004054,2024-03-03 09:00:00,M07,锁模故障,True,22.21,4154.77,维修工A,已修复,建议大修
MNT-004055,2024-11-10 02:00:00,M22,故障维修,True,16.98,7901.43,维修工C,已修复,更换备件
MNT-004056,2024-06-29 04:00:00,M02,加热故障,True,14.01,6142.91,维修工C,已修复,更换备件
MNT-004057,2024-12-09 19:00:00,M06,故障维修,True,12.42,4897.8,维修工D,已修复,建议大修
MNT-004058,2025-08-05 04:00:00,M17,故障维修,True,3.49,2367.77,维修工C,已修复,
MNT-004059,2025-10-24 00:00:00,M08,电气故障,True,1.24,7720.66,维修工A,已修复,建议大修
MNT-004060,2024-05-27 07:00:00,M20,密封件更换,True,13.0,659.21,维修工B,已修复,
MNT-004061,2025-04-11 19:00:00,M08,密封件更换,True,13.48,3473.14,维修工A,已修复,建议大修
MNT-004062,2026-01-07 03:00:00,M19,密封件更换,True,10.48,5170.25,维修工B,已修复,建议大修
MNT-004063,2024-05-06 17:00:00,M28,液压故障,True,21.2,7671.6,维修工B,已修复,
MNT-004064,2025-12-18 17:00:00,M06,故障维修,True,1.97,2123.01,维修工A,已修复,建议大修
MNT-004065,2026-02-05 17:00:00,M28,密封件更换,True,19.28,2450.11,维修工C,已修复,
MNT-004066,2025-04-28 12:00:00,M25,电气故障,True,20.31,5250.41,维修工D,已修复,建议大修
MNT-004067,2025-07-29 11:00:00,M16,故障维修,True,17.8,2982.5,维修工B,已修复,更换备件
MNT-004068,2024-08-19 16:00:00,M12,故障维修,True,10.34,6026.13,维修工C,已修复,更换备件
MNT-004069,2025-01-25 17:00:00,M23,锁模故障,True,19.94,4633.07,维修工D,已修复,更换备件
MNT-004070,2025-02-09 11:00:00,M16,电气故障,True,8.03,4743.78,维修工C,已修复,更换备件
MNT-004071,2025-06-15 01:00:00,M16,注射故障,True,9.5,3849.77,维修工A,待跟进,
MNT-004072,2024-10-02 16:00:00,M21,滤芯更换,True,6.79,3104.98,维修工D,已修复,更换备件
MNT-004073,2024-03-20 06:00:00,M14,预防性保养,False,3.8,980.79,维修工B,已修复,
MNT-004074,2026-04-01 17:00:00,M25,预防性保养,False,2.88,239.67,外部供应商,已修复,
MNT-004075,2024-10-12 10:00:00,M09,密封件更换,True,11.13,4006.21,维修工B,已修复,
MNT-004076,2024-04-10 17:00:00,M11,预防性保养,False,3.14,224.89,维修工D,已修复,
MNT-004077,2024-02-07 09:00:00,M07,锁模故障,True,20.44,4339.81,维修工A,已修复,
MNT-004078,2025-07-24 00:00:00,M25,密封件更换,True,5.28,3355.51,维修工D,已修复,更换备件
MNT-004079,2026-02-13 13:00:00,M22,加热故障,True,8.1,5789.34,维修工B,已修复,需要厂家支持
MNT-004080,2025-07-17 13:00:00,M14,注射故障,True,12.38,5888.41,维修工D,已修复,
MNT-004081,2024-08-21 17:00:00,M17,电气故障,True,11.32,5929.24,维修工A,已修复,建议大修
MNT-004082,2025-10-17 08:00:00,M14,加热故障,True,15.52,4085.29,维修工D,已修复,需要厂家支持
MNT-004083,2025-07-08 00:00:00,M02,故障维修,True,17.71,2572.66,外部供应商,已修复,
MNT-004084,2026-03-20 02:00:00,M20,密封件更换,True,18.37,7894.6,维修工A,已修复,
MNT-004085,2024-07-26 09:00:00,M21,密封件更换,True,19.21,823.82,维修工C,已修复,更换备件
MNT-004086,2025-03-09 23:00:00,M20,故障维修,True,13.57,7220.02,维修工D,已修复,
MNT-004087,2025-07-05 04:00:00,M29,注射故障,True,19.59,6137.63,外部供应商,已修复,建议大修
MNT-004088,2026-02-19 01:00:00,M19,注射故障,True,22.1,2049.63,维修工C,已修复,建议大修
MNT-004089,2024-04-08 18:00:00,M16,电气故障,True,17.83,367.42,维修工B,已修复,更换备件
MNT-004090,2025-01-05 16:00:00,M20,电气故障,True,15.06,7563.47,维修工C,已修复,
MNT-004091,2025-06-03 09:00:00,M28,注射故障,True,4.24,841.41,外部供应商,已修复,
MNT-004092,2025-11-24 22:00:00,M07,故障维修,True,7.51,3067.23,维修工B,已修复,
MNT-004093,2026-02-21 15:00:00,M12,换油,True,2.39,3455.95,维修工A,已修复,
MNT-004094,2025-09-02 21:00:00,M18,液压故障,True,13.38,4562.43,维修工D,已修复,建议大修
MNT-004095,2026-04-22 11:00:00,M02,密封件更换,True,16.78,3838.62,维修工B,已修复,更换备件
MNT-004096,2026-03-09 09:00:00,M20,换油,True,12.92,4021.5,维修工D,已修复,需要厂家支持
MNT-004097,2024-08-12 15:00:00,M08,密封件更换,True,16.74,1839.35,维修工D,已修复,
MNT-004098,2025-02-13 07:00:00,M16,预防性保养,False,3.34,134.89,维修工C,已修复,
MNT-004099,2026-01-26 23:00:00,M03,液压故障,True,14.09,6479.4,维修工D,已修复,
MNT-004100,2024-02-11 20:00:00,M11,换油,True,18.22,2754.06,维修工C,已修复,建议大修
MNT-004101,2025-02-08 09:00:00,M22,液压故障,True,16.4,2047.16,维修工C,已修复,
MNT-004102,2026-02-27 10:00:00,M27,故障维修,True,8.61,4171.39,外部供应商,已修复,
MNT-004103,2026-01-03 05:00:00,M10,加热故障,True,2.3,1384.09,维修工C,已修复,
MNT-004104,2024-10-02 08:00:00,M22,故障维修,True,7.17,1080.01,维修工B,已修复,建议大修
MNT-004105,2025-01-13 20:00:00,M25,滤芯更换,True,20.28,6984.48,维修工B,已修复,
MNT-004106,2026-02-12 02:00:00,M02,加热故障,True,1.68,7607.24,外部供应商,已修复,需要厂家支持
MNT-004107,2026-01-12 15:00:00,M25,滤芯更换,True,7.86,4963.26,维修工A,已修复,
MNT-004108,2026-02-20 07:00:00,M25,密封件更换,True,21.42,2300.38,维修工C,已修复,更换备件
MNT-004109,2025-06-17 18:00:00,M20,注射故障,True,4.24,4138.04,维修工A,已修复,更换备件
MNT-004110,2024-12-27 20:00:00,M04,电气故障,True,10.23,6726.11,维修工A,已修复,
MNT-004111,2025-04-12 13:00:00,M17,锁模故障,True,21.61,5286.85,维修工D,已修复,需要厂家支持
MNT-004112,2024-06-01 03:00:00,M09,电气故障,True,15.7,2805.13,维修工B,已修复,
MNT-004113,2024-12-06 01:00:00,M07,故障维修,True,6.79,709.2,外部供应商,已修复,更换备件
MNT-004114,2025-01-31 18:00:00,M02,电气故障,True,14.53,6362.98,外部供应商,已修复,
MNT-004115,2025-03-26 00:00:00,M26,换油,True,12.93,7145.97,外部供应商,已修复,
MNT-004116,2025-06-12 01:00:00,M12,预防性保养,False,2.7,236.92,维修工C,已修复,
MNT-004117,2025-02-19 18:00:00,M04,密封件更换,True,23.55,555.99,维修工D,已修复,
MNT-004118,2025-03-05 05:00:00,M07,滤芯更换,True,16.39,2152.81,外部供应商,已修复,更换备件
MNT-004119,2025-12-10 06:00:00,M16,预防性保养,False,3.4,1375.8,维修工C,已修复,更换备件
MNT-004120,2025-07-05 01:00:00,M27,换油,True,4.77,7525.49,维修工D,已修复,建议大修
MNT-004121,2025-08-30 17:00:00,M18,锁模故障,True,7.85,4584.45,维修工C,已修复,
MNT-004122,2026-01-28 23:00:00,M21,电气故障,True,16.92,2435.85,维修工C,已修复,
MNT-004123,2026-01-18 00:00:00,M19,预防性保养,False,1.02,775.1,维修工C,已修复,需要厂家支持
MNT-004124,2025-01-31 00:00:00,M15,密封件更换,True,5.1,3530.83,维修工A,已修复,
MNT-004125,2025-02-08 21:00:00,M06,电气故障,True,18.04,3393.31,外部供应商,已修复,需要厂家支持
MNT-004126,2024-02-11 17:00:00,M15,注射故障,True,19.68,7305.47,维修工C,已修复,更换备件
MNT-004127,2024-07-30 15:00:00,M15,加热故障,True,14.67,6985.02,维修工D,已修复,更换备件
MNT-004128,2025-05-12 00:00:00,M09,注射故障,True,23.62,4601.95,维修工D,已修复,
MNT-004129,2024-02-04 01:00:00,M07,加热故障,True,6.59,6230.56,外部供应商,待跟进,
MNT-004130,2026-02-11 23:00:00,M13,密封件更换,True,16.9,6927.51,维修工B,已修复,
MNT-004131,2024-03-07 17:00:00,M12,电气故障,True,10.6,6243.41,外部供应商,已修复,更换备件
MNT-004132,2025-05-02 23:00:00,M25,液压故障,True,15.51,4925.27,维修工C,已修复,
MNT-004133,2025-05-04 23:00:00,M01,换油,True,1.56,836.52,维修工B,已修复,更换备件
MNT-004134,2025-08-11 13:00:00,M09,液压故障,True,14.97,5624.63,维修工A,已修复,
MNT-004135,2024-12-28 11:00:00,M23,换油,True,11.47,7603.08,维修工A,已修复,
MNT-004136,2025-10-31 07:00:00,M03,液压故障,True,19.85,1743.81,维修工A,待跟进,
MNT-004137,2024-08-29 02:00:00,M14,液压故障,True,21.29,4305.87,维修工D,已修复,更换备件
MNT-004138,2024-09-25 15:00:00,M24,加热故障,True,8.69,3515.01,维修工A,已修复,
MNT-004139,2024-04-08 08:00:00,M02,注射故障,True,19.3,2763.83,维修工A,已修复,需要厂家支持
MNT-004140,2025-12-05 22:00:00,M12,故障维修,True,5.88,7536.23,维修工C,已修复,
MNT-004141,2024-10-21 16:00:00,M18,锁模故障,True,14.1,1999.41,外部供应商,已修复,
MNT-004142,2024-12-29 17:00:00,M27,故障维修,True,14.34,249.04,外部供应商,已修复,
MNT-004143,2024-04-18 15:00:00,M08,加热故障,True,5.13,6856.25,维修工D,已修复,更换备件
MNT-004144,2024-06-23 21:00:00,M13,滤芯更换,True,15.34,3249.09,维修工B,已修复,更换备件
MNT-004145,2024-04-15 15:00:00,M18,液压故障,True,2.74,3288.37,维修工B,已修复,需要厂家支持
MNT-004146,2024-03-04 11:00:00,M11,滤芯更换,True,1.89,5381.59,维修工D,已修复,
MNT-004147,2026-04-16 06:00:00,M19,滤芯更换,True,8.58,465.87,外部供应商,已修复,
MNT-004148,2024-05-17 16:00:00,M01,换油,True,11.49,4803.35,维修工A,已修复,
MNT-004149,2024-11-10 06:00:00,M07,滤芯更换,True,17.02,7975.11,外部供应商,已修复,
MNT-004150,2024-09-25 02:00:00,M26,注射故障,True,20.39,5397.84,维修工A,已修复,建议大修
MNT-004151,2024-04-29 23:00:00,M06,注射故障,True,8.08,5778.57,维修工C,已修复,更换备件
MNT-004152,2025-05-06 07:00:00,M23,电气故障,True,5.99,7405.89,维修工A,已修复,更换备件
MNT-004153,2025-11-23 09:00:00,M15,滤芯更换,True,17.26,1663.54,维修工C,已修复,建议大修
MNT-004154,2024-08-11 14:00:00,M12,加热故障,True,4.25,7153.52,维修工B,已修复,需要厂家支持
MNT-004155,2025-04-28 20:00:00,M11,换油,True,16.92,3078.77,维修工B,已修复,
MNT-004156,2024-02-10 23:00:00,M07,预防性保养,False,1.34,1256.94,维修工A,已修复,
MNT-004157,2025-06-23 16:00:00,M10,液压故障,True,13.07,5530.09,维修工D,已修复,建议大修
MNT-004158,2025-09-11 10:00:00,M24,预防性保养,False,2.3,696.69,维修工D,已修复,更换备件
MNT-004159,2024-11-05 23:00:00,M03,锁模故障,True,9.34,2898.46,维修工B,已修复,
MNT-004160,2025-08-20 09:00:00,M28,预防性保养,False,1.35,242.9,维修工B,已修复,
MNT-004161,2025-02-20 00:00:00,M11,电气故障,True,7.97,2010.68,外部供应商,已修复,
MNT-004162,2024-06-28 14:00:00,M13,液压故障,True,8.07,4509.53,维修工A,已修复,更换备件
MNT-004163,2024-04-15 10:00:00,M05,液压故障,True,21.11,5776.84,维修工A,已修复,
MNT-004164,2024-11-02 03:00:00,M06,注射故障,True,8.14,1498.66,维修工C,已修复,需要厂家支持
MNT-004165,2026-04-21 23:00:00,M09,滤芯更换,True,14.24,407.77,维修工C,已修复,需要厂家支持
MNT-004166,2024-02-10 20:00:00,M01,加热故障,True,19.98,2439.63,维修工A,已修复,需要厂家支持
MNT-004167,2024-12-15 23:00:00,M13,加热故障,True,11.17,6236.85,维修工C,已修复,
MNT-004168,2025-12-18 08:00:00,M22,换油,True,2.59,2139.32,维修工A,已修复,建议大修
MNT-004169,2024-10-29 16:00:00,M22,注射故障,True,6.82,3699.75,维修工C,已修复,
MNT-004170,2025-12-31 02:00:00,M21,注射故障,True,20.99,6466.73,维修工B,已修复,
MNT-004171,2024-08-25 08:00:00,M21,预防性保养,False,3.96,1380.85,外部供应商,已修复,
MNT-004172,2024-03-18 08:00:00,M25,注射故障,True,9.71,5359.54,维修工C,已修复,建议大修
MNT-004173,2024-03-06 01:00:00,M27,锁模故障,True,13.8,5911.59,维修工D,已修复,
MNT-004174,2024-12-15 01:00:00,M02,滤芯更换,True,21.25,1098.44,维修工C,已修复,
MNT-004175,2025-12-05 21:00:00,M17,注射故障,True,7.59,2252.08,维修工C,已修复,
MNT-004176,2025-02-26 13:00:00,M26,预防性保养,False,2.42,531.8,维修工B,待跟进,需要厂家支持
MNT-004177,2025-01-12 08:00:00,M02,电气故障,True,23.92,4384.76,维修工A,已修复,需要厂家支持
MNT-004178,2025-03-29 05:00:00,M21,注射故障,True,20.72,380.87,维修工C,已修复,需要厂家支持
MNT-004179,2024-11-30 07:00:00,M20,注射故障,True,1.35,4640.6,外部供应商,已修复,更换备件
MNT-004180,2024-05-21 22:00:00,M23,电气故障,True,18.79,7605.48,维修工D,已修复,更换备件
MNT-004181,2025-11-15 11:00:00,M04,锁模故障,True,16.46,5739.61,维修工A,已修复,更换备件
MNT-004182,2025-10-30 04:00:00,M27,故障维修,True,22.42,3356.84,维修工A,已修复,建议大修
MNT-004183,2025-12-29 20:00:00,M08,滤芯更换,True,12.09,1441.44,维修工D,已修复,更换备件
MNT-004184,2025-07-03 01:00:00,M21,密封件更换,True,1.49,3743.42,维修工D,已修复,
MNT-004185,2025-06-04 12:00:00,M16,故障维修,True,10.66,7582.52,维修工C,已修复,
MNT-004186,2025-03-26 11:00:00,M21,电气故障,True,11.51,2731.49,维修工A,已修复,建议大修
MNT-004187,2024-04-10 05:00:00,M16,换油,True,18.56,3162.81,维修工C,已修复,
MNT-004188,2024-10-05 21:00:00,M24,注射故障,True,14.3,3943.96,外部供应商,已修复,更换备件
MNT-004189,2025-07-30 18:00:00,M17,锁模故障,True,7.23,1016.22,外部供应商,已修复,建议大修
MNT-004190,2026-02-13 23:00:00,M24,加热故障,True,16.53,473.95,维修工A,已修复,需要厂家支持
MNT-004191,2025-10-29 17:00:00,M21,预防性保养,False,1.52,1435.31,维修工C,已修复,
MNT-004192,2024-06-30 19:00:00,M23,液压故障,True,3.26,4769.57,维修工C,已修复,更换备件
MNT-004193,2024-09-11 04:00:00,M05,滤芯更换,True,19.32,1990.18,维修工D,待跟进,
MNT-004194,2025-05-06 16:00:00,M02,注射故障,True,12.46,746.04,维修工B,已修复,需要厂家支持
MNT-004195,2024-12-16 03:00:00,M21,滤芯更换,True,23.24,7294.58,外部供应商,已修复,需要厂家支持
MNT-004196,2025-11-03 20:00:00,M09,锁模故障,True,7.24,2538.96,维修工D,已修复,建议大修
MNT-004197,2024-08-26 09:00:00,M05,密封件更换,True,6.95,2576.59,维修工B,已修复,建议大修
MNT-004198,2025-04-02 15:00:00,M19,换油,True,2.9,2888.55,维修工C,已修复,
MNT-004199,2026-03-24 07:00:00,M02,预防性保养,False,3.18,307.81,维修工D,待跟进,
MNT-004200,2026-03-13 14:00:00,M02,加热故障,True,11.71,2769.7,维修工A,已修复,建议大修
MNT-004201,2025-11-29 15:00:00,M09,故障维修,True,20.62,962.1,维修工A,已修复,
MNT-004202,2025-05-21 21:00:00,M03,注射故障,True,8.32,1637.48,维修工C,已修复,更换备件
MNT-004203,2025-05-24 02:00:00,M06,密封件更换,True,12.94,1460.49,维修工D,已修复,需要厂家支持
MNT-004204,2024-07-17 09:00:00,M09,锁模故障,True,18.96,6802.25,维修工C,已修复,
MNT-004205,2025-05-17 12:00:00,M05,电气故障,True,16.94,6659.3,维修工D,已修复,
MNT-004206,2026-01-15 23:00:00,M02,换油,True,0.91,6656.92,维修工A,待跟进,建议大修
MNT-004207,2024-04-03 19:00:00,M15,液压故障,True,22.69,5564.4,维修工B,已修复,更换备件
MNT-004208,2024-09-26 18:00:00,M22,注射故障,True,2.73,1722.09,维修工D,已修复,
MNT-004209,2025-04-13 23:00:00,M28,电气故障,True,23.83,5306.6,维修工D,已修复,
MNT-004210,2024-05-07 08:00:00,M20,电气故障,True,11.5,5405.65,维修工C,已修复,
MNT-004211,2024-12-24 20:00:00,M17,电气故障,True,3.98,1418.03,维修工A,已修复,
MNT-004212,2025-08-04 18:00:00,M04,电气故障,True,20.73,6268.97,维修工B,已修复,
MNT-004213,2024-10-07 15:00:00,M13,故障维修,True,15.45,5167.32,维修工B,已修复,
MNT-004214,2024-06-15 19:00:00,M02,故障维修,True,13.11,2750.87,外部供应商,已修复,需要厂家支持
MNT-004215,2025-03-28 01:00:00,M22,加热故障,True,16.73,439.4,维修工C,已修复,建议大修
MNT-004216,2025-03-11 14:00:00,M14,液压故障,True,8.33,3514.42,外部供应商,已修复,
MNT-004217,2025-06-14 12:00:00,M23,密封件更换,True,11.7,1326.88,外部供应商,已修复,
MNT-004218,2024-02-22 21:00:00,M10,预防性保养,False,3.04,1300.36,维修工B,已修复,
MNT-004219,2026-01-03 17:00:00,M10,故障维修,True,15.3,2665.61,外部供应商,已修复,建议大修
MNT-004220,2025-10-19 08:00:00,M08,加热故障,True,14.63,7172.55,维修工B,已修复,
MNT-004221,2025-01-19 07:00:00,M29,锁模故障,True,23.37,3069.58,维修工C,已修复,建议大修
MNT-004222,2025-07-05 17:00:00,M06,滤芯更换,True,12.95,7869.63,维修工A,已修复,需要厂家支持
MNT-004223,2025-03-03 09:00:00,M15,加热故障,True,8.03,238.28,维修工C,已修复,更换备件
MNT-004224,2025-04-02 22:00:00,M28,密封件更换,True,14.51,1884.96,维修工D,已修复,
MNT-004225,2024-06-24 05:00:00,M18,换油,True,17.95,1632.59,维修工C,已修复,
MNT-004226,2026-02-10 04:00:00,M10,液压故障,True,9.26,5295.72,外部供应商,已修复,更换备件
MNT-004227,2025-12-25 13:00:00,M24,液压故障,True,18.42,7260.64,维修工B,已修复,
MNT-004228,2025-03-03 23:00:00,M17,密封件更换,True,18.05,345.3,外部供应商,已修复,
MNT-004229,2025-07-21 17:00:00,M19,换油,True,23.34,789.7,维修工A,已修复,需要厂家支持
MNT-004230,2025-12-11 23:00:00,M03,电气故障,True,11.23,1779.41,维修工A,已修复,建议大修
MNT-004231,2025-01-03 01:00:00,M22,密封件更换,True,19.75,6161.41,维修工A,已修复,需要厂家支持
MNT-004232,2026-01-06 22:00:00,M10,加热故障,True,8.38,238.32,维修工A,已修复,
MNT-004233,2025-03-07 03:00:00,M16,密封件更换,True,23.32,5535.65,维修工A,已修复,
MNT-004234,2025-02-01 19:00:00,M14,注射故障,True,22.14,3508.48,维修工A,已修复,更换备件
MNT-004235,2025-03-15 07:00:00,M10,故障维修,True,10.44,7452.5,维修工D,已修复,
MNT-004236,2025-07-17 03:00:00,M04,故障维修,True,1.97,2088.96,维修工B,已修复,
MNT-004237,2025-10-24 21:00:00,M17,故障维修,True,17.31,6833.03,维修工C,已修复,
MNT-004238,2024-11-24 19:00:00,M28,锁模故障,True,5.39,4522.45,维修工B,已修复,建议大修
MNT-004239,2025-02-15 14:00:00,M05,锁模故障,True,21.49,3028.63,维修工B,已修复,需要厂家支持
MNT-004240,2024-11-24 22:00:00,M07,预防性保养,False,1.66,1445.21,维修工D,已修复,更换备件
MNT-004241,2025-11-27 14:00:00,M08,加热故障,True,5.22,682.65,维修工C,已修复,更换备件
MNT-004242,2024-10-04 17:00:00,M01,电气故障,True,10.06,842.43,维修工B,已修复,更换备件
MNT-004243,2025-04-08 03:00:00,M10,电气故障,True,7.03,3380.1,维修工D,已修复,
MNT-004244,2024-02-07 20:00:00,M22,滤芯更换,True,20.1,7190.4,维修工D,已修复,
MNT-004245,2026-02-08 15:00:00,M04,换油,True,1.63,6959.05,维修工A,已修复,更换备件
MNT-004246,2024-09-01 20:00:00,M18,预防性保养,False,1.57,925.67,维修工C,已修复,
MNT-004247,2024-05-28 16:00:00,M02,加热故障,True,18.31,7426.95,维修工C,已修复,
MNT-004248,2024-12-16 18:00:00,M08,注射故障,True,18.15,3417.64,维修工B,已修复,
MNT-004249,2025-01-10 06:00:00,M16,故障维修,True,21.95,6717.07,外部供应商,已修复,
MNT-004250,2025-12-21 01:00:00,M01,换油,True,0.59,7379.69,维修工C,已修复,需要厂家支持
MNT-004251,2026-03-19 22:00:00,M27,液压故障,True,19.57,2883.63,维修工D,已修复,
MNT-004252,2024-12-20 06:00:00,M26,密封件更换,True,1.22,6592.58,维修工B,已修复,
MNT-004253,2025-05-27 18:00:00,M26,注射故障,True,6.11,4225.77,维修工D,已修复,
MNT-004254,2025-07-12 11:00:00,M08,加热故障,True,21.07,2760.95,维修工B,已修复,
MNT-004255,2025-09-22 10:00:00,M16,液压故障,True,13.68,1201.2,维修工C,已修复,建议大修
MNT-004256,2024-10-11 12:00:00,M05,滤芯更换,True,23.67,4294.29,外部供应商,已修复,
MNT-004257,2026-04-08 01:00:00,M28,注射故障,True,6.26,3291.62,维修工B,已修复,需要厂家支持
MNT-004258,2025-05-07 08:00:00,M27,密封件更换,True,0.87,4689.83,外部供应商,已修复,
MNT-004259,2025-10-06 17:00:00,M05,滤芯更换,True,10.09,388.7,维修工B,已修复,需要厂家支持
MNT-004260,2025-01-03 15:00:00,M07,滤芯更换,True,15.48,3879.32,维修工C,已修复,
MNT-004261,2026-01-27 07:00:00,M28,锁模故障,True,18.56,4016.4,维修工D,已修复,
MNT-004262,2025-03-17 14:00:00,M22,锁模故障,True,3.81,4938.84,维修工B,已修复,更换备件
MNT-004263,2025-06-11 08:00:00,M14,加热故障,True,7.51,3083.31,外部供应商,已修复,需要厂家支持
MNT-004264,2025-12-08 17:00:00,M26,滤芯更换,True,19.82,631.79,维修工A,已修复,
MNT-004265,2024-05-01 12:00:00,M28,换油,True,3.63,2037.43,维修工C,已修复,建议大修
MNT-004266,2025-07-26 08:00:00,M10,电气故障,True,7.88,7808.46,维修工A,已修复,
MNT-004267,2024-09-08 08:00:00,M26,故障维修,True,19.4,6499.31,维修工A,已修复,
MNT-004268,2026-04-14 06:00:00,M05,故障维修,True,5.3,4891.15,维修工C,已修复,需要厂家支持
MNT-004269,2025-12-18 18:00:00,M20,故障维修,True,9.05,2434.05,维修工C,已修复,
MNT-004270,2025-03-21 11:00:00,M17,液压故障,True,22.22,4707.42,维修工D,已修复,更换备件
MNT-004271,2024-09-03 19:00:00,M18,滤芯更换,True,8.5,2922.74,维修工D,已修复,需要厂家支持
MNT-004272,2026-03-15 21:00:00,M22,故障维修,True,7.19,3374.53,维修工C,已修复,更换备件
MNT-004273,2026-04-04 09:00:00,M16,液压故障,True,11.39,2991.35,外部供应商,已修复,需要厂家支持
MNT-004274,2024-02-28 13:00:00,M11,密封件更换,True,14.95,397.63,维修工A,已修复,更换备件
MNT-004275,2026-01-23 15:00:00,M13,注射故障,True,12.69,2574.25,维修工C,已修复,需要厂家支持
MNT-004276,2025-08-11 06:00:00,M01,液压故障,True,7.86,2311.05,维修工A,已修复,更换备件
MNT-004277,2025-04-30 01:00:00,M16,预防性保养,False,2.68,849.13,外部供应商,已修复,
MNT-004278,2024-11-24 12:00:00,M26,密封件更换,True,9.77,461.21,外部供应商,已修复,
MNT-004279,2025-06-25 12:00:00,M28,锁模故障,True,12.29,3292.94,维修工B,已修复,
MNT-004280,2025-02-05 08:00:00,M10,滤芯更换,True,4.59,3896.67,外部供应商,已修复,
MNT-004281,2024-11-24 09:00:00,M10,故障维修,True,12.38,2511.53,外部供应商,已修复,
MNT-004282,2024-06-09 14:00:00,M01,预防性保养,False,0.72,780.38,外部供应商,已修复,需要厂家支持
MNT-004283,2025-08-13 13:00:00,M18,滤芯更换,True,7.41,7868.23,维修工C,已修复,
MNT-004284,2024-08-16 11:00:00,M12,预防性保养,False,2.43,376.52,维修工A,已修复,
MNT-004285,2024-03-06 12:00:00,M07,锁模故障,True,16.51,7614.73,维修工B,已修复,
MNT-004286,2024-11-07 19:00:00,M10,液压故障,True,13.12,7103.51,维修工C,已修复,
MNT-004287,2024-01-15 00:00:00,M15,密封件更换,True,9.29,834.5,外部供应商,已修复,
MNT-004288,2025-06-03 16:00:00,M23,故障维修,True,3.0,748.24,维修工C,已修复,建议大修
MNT-004289,2024-02-06 18:00:00,M07,电气故障,True,13.77,1107.17,外部供应商,已修复,建议大修
MNT-004290,2024-06-05 09:00:00,M25,电气故障,True,20.25,6710.09,维修工D,已修复,
MNT-004291,2025-12-06 17:00:00,M28,锁模故障,True,22.14,5177.7,维修工D,已修复,
MNT-004292,2026-03-24 22:00:00,M02,锁模故障,True,12.83,4210.09,维修工D,已修复,
MNT-004293,2024-02-19 03:00:00,M14,滤芯更换,True,1.72,2836.77,维修工B,已修复,建议大修
MNT-004294,2025-09-07 12:00:00,M29,注射故障,True,21.44,6012.36,维修工B,已修复,
MNT-004295,2025-02-14 23:00:00,M10,故障维修,True,1.59,1515.58,维修工A,已修复,
MNT-004296,2024-11-29 23:00:00,M02,锁模故障,True,8.63,3756.29,维修工C,已修复,需要厂家支持
MNT-004297,2024-01-24 15:00:00,M08,滤芯更换,True,16.72,7727.15,维修工D,已修复,建议大修
MNT-004298,2026-04-14 02:00:00,M28,加热故障,True,22.97,6439.81,外部供应商,待跟进,更换备件
MNT-004299,2024-04-16 14:00:00,M29,换油,True,17.35,3852.81,外部供应商,已修复,建议大修
MNT-004300,2024-02-23 03:00:00,M18,锁模故障,True,16.49,1321.21,维修工C,已修复,
MNT-004301,2024-12-03 06:00:00,M07,加热故障,True,8.29,2369.06,维修工B,已修复,
MNT-004302,2025-05-21 17:00:00,M29,预防性保养,False,2.91,1278.88,维修工C,已修复,更换备件
MNT-004303,2025-09-07 17:00:00,M17,电气故障,True,21.09,845.62,外部供应商,已修复,建议大修
MNT-004304,2026-01-24 13:00:00,M23,换油,True,7.03,6017.63,维修工B,已修复,
MNT-004305,2025-06-23 04:00:00,M21,锁模故障,True,3.66,6918.52,维修工B,已修复,建议大修
MNT-004306,2026-01-16 18:00:00,M19,密封件更换,True,3.47,6414.04,维修工D,已修复,
MNT-004307,2024-02-04 17:00:00,M04,液压故障,True,3.89,5207.59,外部供应商,已修复,建议大修
MNT-004308,2025-10-16 01:00:00,M20,滤芯更换,True,21.69,6640.24,维修工B,已修复,
MNT-004309,2026-02-11 15:00:00,M06,电气故障,True,4.12,2309.82,维修工A,已修复,
MNT-004310,2025-10-17 13:00:00,M25,注射故障,True,11.87,4706.7,外部供应商,已修复,更换备件
MNT-004311,2024-08-15 11:00:00,M15,电气故障,True,15.4,5511.31,外部供应商,已修复,更换备件
MNT-004312,2026-03-09 16:00:00,M24,注射故障,True,3.2,957.39,维修工C,已修复,需要厂家支持
MNT-004313,2025-12-15 03:00:00,M19,液压故障,True,1.21,2231.02,维修工D,已修复,建议大修
MNT-004314,2024-09-24 20:00:00,M24,加热故障,True,8.32,436.87,维修工B,已修复,更换备件
MNT-004315,2026-04-07 12:00:00,M05,液压故障,True,5.69,6164.17,维修工D,已修复,建议大修
MNT-004316,2024-06-16 04:00:00,M14,滤芯更换,True,0.53,5180.85,维修工A,已修复,
MNT-004317,2026-01-30 10:00:00,M16,预防性保养,False,1.64,1227.47,维修工B,已修复,更换备件
MNT-004318,2024-09-28 09:00:00,M29,预防性保养,False,0.84,1233.14,维修工B,已修复,
MNT-004319,2024-10-09 15:00:00,M05,液压故障,True,14.8,5386.1,外部供应商,已修复,
MNT-004320,2025-03-28 19:00:00,M12,液压故障,True,11.54,757.01,维修工C,已修复,
MNT-004321,2026-02-17 14:00:00,M15,液压故障,True,4.89,1395.98,维修工D,已修复,
MNT-004322,2024-03-20 05:00:00,M27,注射故障,True,10.2,2525.23,维修工A,已修复,
MNT-004323,2024-06-08 14:00:00,M27,密封件更换,True,10.61,1271.37,维修工A,已修复,建议大修
MNT-004324,2024-12-28 03:00:00,M15,故障维修,True,5.98,4849.97,维修工A,已修复,建议大修
MNT-004325,2025-01-03 08:00:00,M18,滤芯更换,True,12.25,6490.32,维修工B,已修复,
MNT-004326,2025-11-13 04:00:00,M24,液压故障,True,11.65,501.61,维修工D,已修复,需要厂家支持
MNT-004327,2025-02-03 17:00:00,M11,电气故障,True,6.34,5928.63,维修工B,已修复,需要厂家支持
MNT-004328,2025-05-21 12:00:00,M15,预防性保养,False,2.22,619.73,维修工B,已修复,
MNT-004329,2025-07-19 17:00:00,M17,锁模故障,True,3.55,3542.93,维修工B,已修复,
MNT-004330,2025-09-13 16:00:00,M28,电气故障,True,7.79,2134.46,维修工C,已修复,
MNT-004331,2024-06-21 18:00:00,M06,密封件更换,True,8.14,3779.09,维修工A,已修复,更换备件
MNT-004332,2025-03-14 02:00:00,M15,加热故障,True,18.56,4370.55,维修工B,已修复,更换备件
MNT-004333,2025-06-11 10:00:00,M14,液压故障,True,17.97,1175.86,维修工A,已修复,
MNT-004334,2024-06-07 15:00:00,M13,换油,True,8.44,2513.24,维修工B,已修复,更换备件
MNT-004335,2024-11-02 18:00:00,M29,预防性保养,False,2.0,889.75,维修工A,已修复,
MNT-004336,2024-11-18 14:00:00,M03,故障维修,True,7.38,5279.3,外部供应商,已修复,
MNT-004337,2026-04-02 11:00:00,M26,液压故障,True,13.79,4264.0,维修工A,已修复,
MNT-004338,2024-04-06 04:00:00,M12,滤芯更换,True,0.79,5718.58,外部供应商,已修复,更换备件
MNT-004339,2025-06-08 02:00:00,M11,滤芯更换,True,15.18,2165.0,外部供应商,已修复,
MNT-004340,2024-12-25 16:00:00,M02,加热故障,True,19.54,5535.57,维修工B,已修复,更换备件
MNT-004341,2026-01-16 22:00:00,M25,加热故障,True,22.45,2934.11,维修工D,已修复,
MNT-004342,2025-04-10 05:00:00,M06,锁模故障,True,23.87,3473.84,维修工B,已修复,更换备件
MNT-004343,2024-12-24 19:00:00,M28,液压故障,True,13.05,4749.83,维修工B,已修复,
MNT-004344,2025-10-10 02:00:00,M14,锁模故障,True,1.51,644.32,维修工D,已修复,更换备件
MNT-004345,2024-01-18 00:00:00,M16,故障维修,True,21.58,1869.1,外部供应商,已修复,建议大修
MNT-004346,2024-06-03 11:00:00,M13,预防性保养,False,2.81,591.61,维修工B,已修复,
MNT-004347,2024-05-18 17:00:00,M19,滤芯更换,True,2.75,1383.68,维修工A,已修复,建议大修
MNT-004348,2025-12-08 09:00:00,M06,注射故障,True,4.86,3531.88,维修工C,已修复,需要厂家支持
MNT-004349,2024-01-19 01:00:00,M20,锁模故障,True,18.09,5907.78,维修工D,已修复,
MNT-004350,2024-02-01 06:00:00,M09,锁模故障,True,19.54,1623.1,维修工D,已修复,
MNT-004351,2025-02-09 04:00:00,M05,注射故障,True,17.63,7082.13,维修工B,已修复,
MNT-004352,2025-12-09 03:00:00,M02,液压故障,True,12.67,6371.1,维修工D,已修复,需要厂家支持
MNT-004353,2026-01-19 15:00:00,M01,锁模故障,True,9.08,1577.08,外部供应商,已修复,
MNT-004354,2025-09-17 23:00:00,M24,换油,True,0.82,1809.91,维修工B,已修复,需要厂家支持
MNT-004355,2025-02-03 01:00:00,M19,故障维修,True,12.31,3212.68,维修工C,已修复,
MNT-004356,2025-02-01 20:00:00,M15,锁模故障,True,12.99,4177.96,外部供应商,已修复,建议大修
MNT-004357,2025-11-30 07:00:00,M04,液压故障,True,8.48,4607.28,维修工C,已修复,
MNT-004358,2024-09-11 08:00:00,M24,锁模故障,True,0.86,431.76,维修工D,已修复,更换备件
MNT-004359,2026-02-22 11:00:00,M22,电气故障,True,3.05,322.36,维修工A,已修复,更换备件
MNT-004360,2025-06-05 23:00:00,M20,故障维修,True,0.79,3676.79,维修工A,已修复,
MNT-004361,2025-06-06 11:00:00,M29,注射故障,True,7.64,3797.9,维修工C,已修复,建议大修
MNT-004362,2024-11-18 16:00:00,M21,换油,True,2.37,6512.66,维修工D,已修复,更换备件
MNT-004363,2025-01-02 20:00:00,M02,密封件更换,True,11.21,3679.7,维修工D,已修复,建议大修
MNT-004364,2024-01-25 03:00:00,M29,加热故障,True,4.3,6494.87,外部供应商,已修复,建议大修
MNT-004365,2024-12-29 10:00:00,M06,锁模故障,True,20.38,3596.31,维修工A,已修复,需要厂家支持
MNT-004366,2024-01-25 01:00:00,M16,电气故障,True,8.67,4967.27,维修工B,已修复,
MNT-004367,2026-03-13 20:00:00,M24,加热故障,True,6.72,1206.32,维修工B,已修复,需要厂家支持
MNT-004368,2024-06-22 01:00:00,M22,锁模故障,True,6.72,2073.83,维修工C,已修复,
MNT-004369,2024-02-14 21:00:00,M25,液压故障,True,19.56,6981.28,维修工D,已修复,
MNT-004370,2025-03-26 14:00:00,M06,锁模故障,True,23.68,1573.46,维修工A,已修复,更换备件
MNT-004371,2024-05-26 11:00:00,M22,注射故障,True,14.16,4338.75,维修工B,已修复,需要厂家支持
MNT-004372,2024-12-03 13:00:00,M10,故障维修,True,18.18,6697.54,维修工D,已修复,
MNT-004373,2024-02-15 00:00:00,M25,注射故障,True,7.32,7254.69,维修工D,已修复,需要厂家支持
MNT-004374,2024-09-20 10:00:00,M09,液压故障,True,10.29,2784.91,维修工B,已修复,
MNT-004375,2025-06-05 14:00:00,M04,密封件更换,True,15.71,798.98,维修工B,已修复,建议大修
MNT-004376,2025-12-09 02:00:00,M27,换油,True,7.1,6407.76,维修工A,已修复,
MNT-004377,2025-03-22 16:00:00,M17,预防性保养,False,0.5,448.62,维修工B,已修复,
MNT-004378,2024-09-22 03:00:00,M27,注射故障,True,21.67,1615.8,外部供应商,已修复,更换备件
MNT-004379,2024-12-09 13:00:00,M24,液压故障,True,2.39,4912.19,维修工C,已修复,
MNT-004380,2025-06-06 06:00:00,M22,电气故障,True,11.44,3616.04,维修工C,已修复,更换备件
MNT-004381,2024-01-17 18:00:00,M06,液压故障,True,22.77,2932.77,维修工B,已修复,
MNT-004382,2025-02-11 19:00:00,M08,密封件更换,True,4.33,6365.62,维修工B,已修复,
MNT-004383,2024-08-25 06:00:00,M20,电气故障,True,19.62,2870.33,维修工C,已修复,更换备件
MNT-004384,2025-12-04 01:00:00,M16,加热故障,True,4.31,6805.97,外部供应商,已修复,需要厂家支持
MNT-004385,2024-11-14 11:00:00,M15,故障维修,True,12.73,6150.16,维修工C,已修复,
MNT-004386,2024-12-09 17:00:00,M21,液压故障,True,17.82,3942.64,维修工D,已修复,建议大修
MNT-004387,2025-02-15 05:00:00,M16,注射故障,True,7.93,3684.54,维修工D,已修复,更换备件
MNT-004388,2025-02-26 19:00:00,M03,故障维修,True,22.61,7805.5,维修工D,已修复,更换备件
MNT-004389,2024-07-31 20:00:00,M26,电气故障,True,2.16,2116.67,维修工B,已修复,
MNT-004390,2024-06-02 09:00:00,M21,故障维修,True,13.19,596.76,维修工B,已修复,更换备件
MNT-004391,2026-04-13 21:00:00,M22,密封件更换,True,15.04,2747.59,维修工D,已修复,
MNT-004392,2025-01-21 14:00:00,M21,滤芯更换,True,1.3,2157.48,维修工D,已修复,
MNT-004393,2024-11-03 21:00:00,M25,注射故障,True,12.92,5208.1,外部供应商,已修复,建议大修
MNT-004394,2025-09-11 09:00:00,M24,液压故障,True,10.83,3742.94,维修工C,已修复,更换备件
MNT-004395,2025-07-13 02:00:00,M06,预防性保养,False,3.62,792.22,维修工D,已修复,需要厂家支持
MNT-004396,2025-07-13 03:00:00,M26,换油,True,20.39,4048.23,外部供应商,已修复,更换备件
MNT-004397,2025-05-14 12:00:00,M17,滤芯更换,True,5.12,7249.95,外部供应商,已修复,更换备件
MNT-004398,2024-09-07 13:00:00,M22,滤芯更换,True,0.75,6803.12,维修工D,已修复,更换备件
MNT-004399,2025-06-05 08:00:00,M16,预防性保养,False,2.27,1107.51,维修工A,已修复,
MNT-004400,2024-03-01 13:00:00,M24,注射故障,True,11.28,882.74,外部供应商,已修复,需要厂家支持
MNT-004401,2024-06-11 20:00:00,M27,锁模故障,True,3.54,3901.61,维修工D,待跟进,
MNT-004402,2026-02-12 04:00:00,M18,液压故障,True,7.87,3002.58,维修工D,已修复,
MNT-004403,2024-11-01 20:00:00,M03,故障维修,True,17.7,7423.83,维修工D,已修复,
MNT-004404,2026-01-30 12:00:00,M25,滤芯更换,True,3.14,6927.27,维修工B,已修复,建议大修
MNT-004405,2026-01-15 04:00:00,M28,滤芯更换,True,20.64,4443.07,外部供应商,已修复,
MNT-004406,2025-07-01 20:00:00,M09,电气故障,True,2.4,5322.77,维修工B,已修复,
MNT-004407,2024-11-25 17:00:00,M07,加热故障,True,10.71,3329.07,维修工B,已修复,
MNT-004408,2025-09-14 20:00:00,M27,故障维修,True,18.62,4032.59,外部供应商,已修复,
MNT-004409,2026-02-01 07:00:00,M20,液压故障,True,4.92,2999.08,维修工C,已修复,建议大修
MNT-004410,2025-03-25 00:00:00,M09,液压故障,True,14.58,2700.68,维修工A,已修复,需要厂家支持
MNT-004411,2025-07-23 13:00:00,M17,注射故障,True,14.88,1217.35,维修工A,已修复,建议大修
MNT-004412,2025-08-06 15:00:00,M18,预防性保养,False,2.89,1171.85,维修工B,已修复,
MNT-004413,2025-04-17 13:00:00,M02,密封件更换,True,3.67,6047.98,维修工C,已修复,
MNT-004414,2024-11-08 06:00:00,M09,故障维修,True,14.74,3200.86,外部供应商,已修复,
MNT-004415,2026-04-29 10:00:00,M06,换油,True,21.11,7878.12,外部供应商,已修复,
MNT-004416,2025-01-14 10:00:00,M08,锁模故障,True,18.15,5755.08,维修工C,已修复,
MNT-004417,2026-03-24 17:00:00,M22,故障维修,True,0.72,4911.46,维修工B,已修复,
MNT-004418,2024-04-28 07:00:00,M01,密封件更换,True,10.87,205.19,维修工D,已修复,建议大修
MNT-004419,2024-03-29 03:00:00,M03,电气故障,True,18.59,2671.06,维修工C,已修复,需要厂家支持
MNT-004420,2025-07-14 15:00:00,M27,锁模故障,True,13.33,6863.32,外部供应商,已修复,需要厂家支持
MNT-004421,2024-12-29 03:00:00,M22,滤芯更换,True,11.64,5781.11,维修工B,待跟进,更换备件
MNT-004422,2024-12-08 19:00:00,M18,注射故障,True,3.22,6397.43,维修工C,已修复,需要厂家支持
MNT-004423,2026-04-11 16:00:00,M11,液压故障,True,21.01,1768.29,维修工B,已修复,需要厂家支持
MNT-004424,2025-07-19 19:00:00,M03,滤芯更换,True,13.44,7404.24,维修工A,已修复,
MNT-004425,2024-10-06 04:00:00,M01,换油,True,3.08,5218.44,维修工D,已修复,更换备件
MNT-004426,2024-07-01 04:00:00,M22,密封件更换,True,23.2,4540.23,维修工D,已修复,需要厂家支持
MNT-004427,2025-01-07 14:00:00,M12,注射故障,True,7.84,450.5,维修工D,已修复,
MNT-004428,2025-12-23 15:00:00,M17,注射故障,True,20.54,4233.96,维修工C,已修复,
MNT-004429,2026-01-12 10:00:00,M24,预防性保养,False,3.84,1320.78,维修工D,已修复,需要厂家支持
MNT-004430,2024-05-22 10:00:00,M24,电气故障,True,13.69,804.69,外部供应商,已修复,
MNT-004431,2025-07-04 07:00:00,M09,电气故障,True,22.15,4471.02,外部供应商,已修复,
MNT-004432,2024-03-17 01:00:00,M10,故障维修,True,19.73,6487.2,维修工B,已修复,
MNT-004433,2026-04-04 09:00:00,M20,液压故障,True,16.48,6514.48,维修工A,已修复,建议大修
MNT-004434,2025-09-25 10:00:00,M17,液压故障,True,15.93,1751.59,维修工B,已修复,
MNT-004435,2024-01-16 01:00:00,M14,加热故障,True,21.07,6662.92,维修工C,已修复,更换备件
MNT-004436,2024-03-23 09:00:00,M04,换油,True,18.4,2936.15,外部供应商,已修复,更换备件
MNT-004437,2025-01-05 17:00:00,M03,注射故障,True,20.25,7119.04,外部供应商,已修复,
MNT-004438,2026-02-11 07:00:00,M19,注射故障,True,11.02,4635.91,维修工A,已修复,更换备件
MNT-004439,2024-10-13 10:00:00,M01,故障维修,True,6.16,1592.3,维修工A,已修复,需要厂家支持
MNT-004440,2024-11-06 19:00:00,M16,电气故障,True,5.78,1533.19,维修工A,已修复,更换备件
MNT-004441,2024-06-16 04:00:00,M19,故障维修,True,19.21,3812.6,维修工B,已修复,建议大修
MNT-004442,2024-12-05 09:00:00,M16,换油,True,19.14,3532.57,维修工A,已修复,更换备件
MNT-004443,2025-11-02 02:00:00,M24,液压故障,True,9.57,6119.07,维修工B,已修复,需要厂家支持
MNT-004444,2024-11-30 14:00:00,M26,液压故障,True,2.41,4238.04,维修工D,已修复,更换备件
MNT-004445,2025-10-01 10:00:00,M05,故障维修,True,23.28,5663.97,维修工A,已修复,
MNT-004446,2024-08-27 14:00:00,M04,滤芯更换,True,19.69,1930.67,维修工B,已修复,
MNT-004447,2025-08-31 20:00:00,M03,换油,True,20.76,4870.7,维修工A,已修复,
MNT-004448,2026-04-15 09:00:00,M02,电气故障,True,6.53,2787.39,维修工C,已修复,需要厂家支持
MNT-004449,2024-02-15 09:00:00,M21,电气故障,True,17.68,1981.23,外部供应商,已修复,建议大修
MNT-004450,2024-06-06 15:00:00,M29,加热故障,True,3.57,572.11,维修工B,已修复,建议大修
MNT-004451,2024-11-18 23:00:00,M01,加热故障,True,5.35,6102.65,维修工C,已修复,
MNT-004452,2025-10-13 07:00:00,M06,换油,True,1.86,1371.71,维修工D,已修复,需要厂家支持
MNT-004453,2025-10-13 16:00:00,M05,注射故障,True,19.64,1123.24,维修工A,已修复,
MNT-004454,2025-12-06 10:00:00,M12,滤芯更换,True,10.04,1279.85,外部供应商,已修复,更换备件
MNT-004455,2025-12-01 23:00:00,M19,换油,True,6.81,3566.73,维修工D,已修复,
MNT-004456,2024-12-15 09:00:00,M19,换油,True,9.49,5707.4,维修工B,待跟进,建议大修
MNT-004457,2024-08-26 22:00:00,M24,滤芯更换,True,20.45,3090.22,外部供应商,已修复,
MNT-004458,2025-05-16 06:00:00,M13,故障维修,True,13.73,682.9,维修工A,已修复,
MNT-004459,2024-10-10 06:00:00,M29,密封件更换,True,14.54,7929.83,维修工B,已修复,建议大修
MNT-004460,2025-06-30 04:00:00,M05,锁模故障,True,18.09,2258.24,维修工B,已修复,
MNT-004461,2024-07-09 15:00:00,M09,预防性保养,False,1.38,1044.78,维修工C,已修复,更换备件
MNT-004462,2026-04-16 03:00:00,M27,电气故障,True,5.19,4831.35,外部供应商,已修复,更换备件
MNT-004463,2025-10-01 19:00:00,M25,预防性保养,False,1.13,130.45,维修工B,已修复,需要厂家支持
MNT-004464,2025-01-31 11:00:00,M09,液压故障,True,5.89,5441.52,维修工A,已修复,
MNT-004465,2024-08-07 05:00:00,M10,故障维修,True,20.81,5597.1,维修工D,已修复,
MNT-004466,2025-12-09 00:00:00,M02,滤芯更换,True,13.51,6912.17,维修工D,已修复,
MNT-004467,2024-06-16 02:00:00,M02,注射故障,True,19.36,3391.24,维修工B,已修复,
MNT-004468,2025-03-21 10:00:00,M09,液压故障,True,17.73,5864.58,维修工D,已修复,
MNT-004469,2024-06-28 19:00:00,M11,滤芯更换,True,12.15,1148.2,维修工D,已修复,建议大修
MNT-004470,2024-07-02 00:00:00,M05,换油,True,22.42,6217.76,外部供应商,已修复,需要厂家支持
MNT-004471,2024-05-20 11:00:00,M03,加热故障,True,4.88,5534.76,维修工B,已修复,需要厂家支持
MNT-004472,2024-04-29 14:00:00,M21,滤芯更换,True,12.74,1537.17,外部供应商,已修复,
MNT-004473,2025-10-30 13:00:00,M25,锁模故障,True,7.81,7932.13,维修工C,已修复,
MNT-004474,2026-01-14 09:00:00,M01,滤芯更换,True,6.88,4612.36,外部供应商,已修复,需要厂家支持
MNT-004475,2024-07-01 02:00:00,M03,电气故障,True,17.56,3559.8,维修工B,已修复,
MNT-004476,2024-01-27 19:00:00,M14,预防性保养,False,0.85,458.23,维修工B,已修复,需要厂家支持
MNT-004477,2025-11-30 12:00:00,M29,液压故障,True,23.1,7320.79,维修工A,已修复,
MNT-004478,2024-01-14 23:00:00,M25,加热故障,True,13.45,2643.47,外部供应商,已修复,更换备件
MNT-004479,2025-06-13 00:00:00,M22,加热故障,True,12.01,5040.92,外部供应商,已修复,
MNT-004480,2026-01-23 06:00:00,M16,滤芯更换,True,11.58,3013.64,维修工B,已修复,
MNT-004481,2024-07-06 18:00:00,M16,预防性保养,False,1.27,468.79,维修工A,已修复,需要厂家支持
MNT-004482,2026-01-07 17:00:00,M06,注射故障,True,11.23,758.14,维修工A,已修复,
MNT-004483,2025-08-19 16:00:00,M27,电气故障,True,10.64,732.07,维修工B,已修复,需要厂家支持
MNT-004484,2024-07-23 04:00:00,M07,加热故障,True,3.36,1126.63,维修工A,已修复,
MNT-004485,2024-03-18 00:00:00,M20,注射故障,True,4.81,2413.8,维修工A,已修复,
MNT-004486,2024-05-11 09:00:00,M17,加热故障,True,2.88,6027.1,外部供应商,已修复,
MNT-004487,2024-11-11 10:00:00,M12,电气故障,True,9.42,4535.05,维修工D,已修复,建议大修
MNT-004488,2024-09-19 10:00:00,M22,锁模故障,True,0.94,1981.75,维修工D,已修复,需要厂家支持
MNT-004489,2025-07-09 06:00:00,M04,故障维修,True,19.31,1453.68,维修工C,已修复,更换备件
MNT-004490,2024-04-18 05:00:00,M05,注射故障,True,10.45,568.34,维修工D,已修复,需要厂家支持
MNT-004491,2024-12-02 16:00:00,M04,故障维修,True,20.37,1323.96,维修工D,已修复,需要厂家支持
MNT-004492,2024-01-26 08:00:00,M18,预防性保养,False,3.37,473.55,外部供应商,已修复,
MNT-004493,2024-02-11 00:00:00,M21,电气故障,True,8.75,2705.6,维修工B,已修复,
MNT-004494,2026-01-05 15:00:00,M24,换油,True,8.68,1406.78,外部供应商,已修复,
MNT-004495,2025-04-09 22:00:00,M16,换油,True,15.09,6947.38,外部供应商,已修复,
MNT-004496,2026-03-28 11:00:00,M11,预防性保养,False,1.84,777.64,外部供应商,已修复,
MNT-004497,2025-06-27 11:00:00,M16,预防性保养,False,3.67,1169.79,维修工C,已修复,
MNT-004498,2024-08-16 03:00:00,M06,电气故障,True,8.02,1868.31,维修工A,已修复,更换备件
MNT-004499,2024-05-23 16:00:00,M08,电气故障,True,23.63,7935.08,维修工D,已修复,需要厂家支持
MNT-004500,2024-08-07 06:00:00,M10,液压故障,True,12.02,668.37,维修工A,已修复,建议大修
MNT-004501,2025-01-13 10:00:00,M21,密封件更换,True,9.69,2252.47,维修工D,已修复,更换备件
MNT-004502,2025-07-06 16:00:00,M07,加热故障,True,11.9,1881.31,维修工D,已修复,需要厂家支持
MNT-004503,2025-08-29 15:00:00,M05,加热故障,True,16.51,7292.88,维修工B,已修复,需要厂家支持
MNT-004504,2024-11-17 20:00:00,M22,液压故障,True,3.94,3744.63,维修工D,已修复,更换备件
MNT-004505,2025-01-18 11:00:00,M01,故障维修,True,14.07,4492.85,维修工B,已修复,
MNT-004506,2024-11-22 07:00:00,M07,液压故障,True,4.1,1616.79,维修工B,已修复,
MNT-004507,2024-05-16 04:00:00,M10,滤芯更换,True,6.55,5031.28,维修工A,已修复,
MNT-004508,2025-05-16 00:00:00,M02,注射故障,True,5.49,7026.3,维修工D,已修复,更换备件
MNT-004509,2025-07-29 05:00:00,M15,电气故障,True,13.96,1584.55,维修工D,已修复,需要厂家支持
MNT-004510,2024-04-08 04:00:00,M24,液压故障,True,13.54,6096.8,维修工D,已修复,需要厂家支持
MNT-004511,2026-04-04 22:00:00,M26,预防性保养,False,2.34,1057.48,外部供应商,已修复,
MNT-004512,2025-08-26 13:00:00,M16,滤芯更换,True,8.61,5280.18,维修工B,已修复,更换备件
MNT-004513,2026-01-22 21:00:00,M13,加热故障,True,2.57,2315.95,维修工B,待跟进,
MNT-004514,2025-08-29 21:00:00,M07,电气故障,True,18.18,1609.9,维修工D,已修复,
MNT-004515,2025-08-22 16:00:00,M16,加热故障,True,7.24,4986.94,维修工D,已修复,
MNT-004516,2026-04-20 10:00:00,M25,故障维修,True,10.13,5100.4,维修工B,已修复,
MNT-004517,2024-11-17 00:00:00,M17,液压故障,True,14.04,2168.06,维修工B,已修复,
MNT-004518,2024-10-18 05:00:00,M23,密封件更换,True,6.03,944.85,维修工D,已修复,
MNT-004519,2025-02-15 21:00:00,M20,液压故障,True,22.87,5860.22,维修工C,已修复,
MNT-004520,2025-12-02 05:00:00,M09,液压故障,True,16.16,4073.81,维修工A,已修复,
MNT-004521,2025-09-01 19:00:00,M22,加热故障,True,5.19,2388.59,外部供应商,已修复,
MNT-004522,2025-04-18 09:00:00,M09,锁模故障,True,1.48,7623.06,维修工A,已修复,
MNT-004523,2024-02-28 04:00:00,M08,注射故障,True,12.49,3075.78,维修工C,已修复,
MNT-004524,2024-04-04 08:00:00,M12,加热故障,True,7.12,7396.63,维修工C,已修复,更换备件
MNT-004525,2026-01-03 09:00:00,M11,故障维修,True,10.78,3390.69,维修工B,已修复,建议大修
MNT-004526,2024-08-17 01:00:00,M01,滤芯更换,True,14.46,3133.43,维修工A,已修复,
MNT-004527,2024-07-07 20:00:00,M16,注射故障,True,17.02,2620.44,维修工B,已修复,
MNT-004528,2025-08-07 13:00:00,M16,故障维修,True,4.31,209.56,外部供应商,已修复,更换备件
MNT-004529,2025-05-03 13:00:00,M19,换油,True,5.59,4969.48,维修工C,待跟进,需要厂家支持
MNT-004530,2026-02-22 19:00:00,M29,故障维修,True,7.65,1856.25,维修工B,已修复,
MNT-004531,2025-04-26 21:00:00,M15,注射故障,True,4.34,6444.02,维修工C,已修复,更换备件
MNT-004532,2025-03-26 10:00:00,M19,故障维修,True,8.12,2216.26,维修工A,已修复,
MNT-004533,2026-03-20 20:00:00,M01,故障维修,True,5.15,1868.12,维修工D,已修复,建议大修
MNT-004534,2024-09-16 11:00:00,M29,换油,True,20.14,6541.42,维修工C,已修复,
MNT-004535,2026-03-20 08:00:00,M28,注射故障,True,4.72,3573.05,外部供应商,已修复,建议大修
MNT-004536,2024-03-14 20:00:00,M06,预防性保养,False,2.14,1377.66,维修工C,已修复,更换备件
MNT-004537,2025-08-29 21:00:00,M01,注射故障,True,12.93,3948.1,维修工A,已修复,
MNT-004538,2025-05-19 11:00:00,M21,换油,True,20.76,5691.64,外部供应商,已修复,
MNT-004539,2024-05-16 21:00:00,M07,锁模故障,True,5.4,2181.63,维修工D,已修复,
MNT-004540,2026-03-11 04:00:00,M13,锁模故障,True,12.55,5371.52,维修工B,已修复,
MNT-004541,2026-03-21 22:00:00,M09,滤芯更换,True,2.03,4731.15,维修工D,已修复,需要厂家支持
MNT-004542,2024-01-29 23:00:00,M27,密封件更换,True,6.86,6921.9,维修工B,已修复,
MNT-004543,2025-12-23 19:00:00,M12,滤芯更换,True,22.95,579.7,维修工B,待跟进,
MNT-004544,2024-09-18 19:00:00,M03,注射故障,True,10.7,958.12,维修工B,已修复,
MNT-004545,2025-11-05 13:00:00,M20,滤芯更换,True,19.32,7529.4,维修工D,已修复,
MNT-004546,2025-02-24 22:00:00,M14,锁模故障,True,16.94,7588.45,外部供应商,已修复,
MNT-004547,2024-02-06 18:00:00,M15,加热故障,True,8.11,6067.48,维修工D,已修复,
MNT-004548,2024-05-28 18:00:00,M17,换油,True,8.76,1550.02,外部供应商,已修复,
MNT-004549,2024-08-24 22:00:00,M05,故障维修,True,13.79,3184.39,外部供应商,已修复,建议大修
MNT-004550,2024-01-27 21:00:00,M23,滤芯更换,True,2.34,2783.02,维修工A,已修复,需要厂家支持
MNT-004551,2024-06-09 15:00:00,M02,电气故障,True,16.47,2414.23,维修工C,已修复,
MNT-004552,2025-05-06 09:00:00,M07,滤芯更换,True,14.92,2778.08,维修工B,已修复,建议大修
MNT-004553,2024-03-29 03:00:00,M18,换油,True,4.12,7816.03,维修工C,已修复,
MNT-004554,2024-10-30 03:00:00,M18,预防性保养,False,0.84,284.87,维修工A,已修复,
MNT-004555,2025-11-26 20:00:00,M18,锁模故障,True,1.6,6518.79,维修工B,已修复,
MNT-004556,2026-04-18 22:00:00,M01,液压故障,True,1.79,2700.54,维修工C,已修复,
MNT-004557,2024-01-25 18:00:00,M10,换油,True,16.41,3467.29,外部供应商,已修复,更换备件
MNT-004558,2024-09-26 08:00:00,M05,滤芯更换,True,10.5,7912.3,维修工D,已修复,更换备件
MNT-004559,2024-06-20 08:00:00,M11,密封件更换,True,1.02,2713.24,维修工D,已修复,
MNT-004560,2026-04-26 20:00:00,M11,滤芯更换,True,16.15,1090.71,维修工D,已修复,需要厂家支持
MNT-004561,2025-11-18 09:00:00,M05,液压故障,True,20.95,6442.64,维修工D,已修复,建议大修
MNT-004562,2025-03-06 15:00:00,M21,换油,True,10.2,4309.95,外部供应商,已修复,需要厂家支持
MNT-004563,2025-12-31 00:00:00,M18,密封件更换,True,7.63,5703.66,维修工A,已修复,需要厂家支持
MNT-004564,2024-11-06 19:00:00,M23,液压故障,True,2.36,4252.73,维修工A,已修复,需要厂家支持
MNT-004565,2024-08-30 04:00:00,M17,电气故障,True,0.96,4468.89,外部供应商,已修复,建议大修
MNT-004566,2026-01-07 00:00:00,M21,注射故障,True,7.8,6439.38,维修工D,已修复,建议大修
MNT-004567,2025-11-05 08:00:00,M01,故障维修,True,21.02,3265.66,维修工D,已修复,更换备件
MNT-004568,2024-04-22 00:00:00,M02,锁模故障,True,13.81,1393.69,维修工B,已修复,需要厂家支持
MNT-004569,2025-03-20 23:00:00,M06,电气故障,True,2.03,5659.51,维修工C,已修复,
MNT-004570,2025-11-10 04:00:00,M02,加热故障,True,13.42,4969.47,维修工D,已修复,
MNT-004571,2024-08-19 10:00:00,M10,注射故障,True,21.87,3387.25,外部供应商,已修复,
MNT-004572,2024-02-08 04:00:00,M26,锁模故障,True,6.5,2565.84,维修工D,已修复,
MNT-004573,2025-03-10 09:00:00,M20,密封件更换,True,6.57,1044.92,外部供应商,已修复,
MNT-004574,2026-01-02 23:00:00,M27,预防性保养,False,2.61,1007.16,维修工B,已修复,
MNT-004575,2024-08-31 02:00:00,M22,加热故障,True,12.75,4894.16,维修工A,已修复,建议大修
MNT-004576,2024-02-25 22:00:00,M14,电气故障,True,7.35,5658.28,维修工B,已修复,
MNT-004577,2024-05-02 18:00:00,M23,注射故障,True,5.53,1090.32,外部供应商,待跟进,建议大修
MNT-004578,2024-09-17 13:00:00,M21,换油,True,16.63,395.35,维修工B,已修复,
MNT-004579,2025-11-24 17:00:00,M03,预防性保养,False,0.72,740.8,维修工C,已修复,
MNT-004580,2025-08-02 10:00:00,M11,加热故障,True,0.51,7250.26,外部供应商,已修复,建议大修
MNT-004581,2025-07-25 02:00:00,M12,锁模故障,True,6.86,1940.67,维修工A,已修复,更换备件
MNT-004582,2025-06-14 20:00:00,M13,预防性保养,False,1.47,379.94,维修工D,已修复,需要厂家支持
MNT-004583,2025-05-16 22:00:00,M10,换油,True,21.66,5919.91,维修工C,已修复,
MNT-004584,2024-08-30 14:00:00,M05,故障维修,True,21.68,550.39,外部供应商,已修复,需要厂家支持
MNT-004585,2024-08-21 01:00:00,M18,加热故障,True,22.12,2271.45,维修工C,已修复,
MNT-004586,2026-03-08 02:00:00,M28,换油,True,23.84,4595.59,外部供应商,已修复,
MNT-004587,2024-02-19 11:00:00,M23,电气故障,True,6.39,2575.7,维修工D,已修复,
MNT-004588,2024-03-20 06:00:00,M09,滤芯更换,True,16.89,5165.15,维修工C,已修复,
MNT-004589,2025-02-09 19:00:00,M02,换油,True,19.04,5793.59,维修工A,已修复,
MNT-004590,2026-03-12 13:00:00,M10,锁模故障,True,0.91,6982.96,外部供应商,已修复,
MNT-004591,2025-05-20 09:00:00,M28,密封件更换,True,2.68,6694.11,维修工B,已修复,更换备件
MNT-004592,2025-12-07 01:00:00,M20,加热故障,True,2.04,5226.21,维修工C,已修复,
MNT-004593,2025-07-01 19:00:00,M13,液压故障,True,1.93,1529.61,维修工C,已修复,
MNT-004594,2024-04-03 07:00:00,M05,锁模故障,True,9.7,4440.08,维修工B,已修复,更换备件
MNT-004595,2024-12-22 04:00:00,M17,滤芯更换,True,16.73,3253.43,外部供应商,已修复,更换备件
MNT-004596,2024-01-24 06:00:00,M25,换油,True,2.92,2545.84,维修工A,已修复,
MNT-004597,2026-03-21 14:00:00,M22,液压故障,True,17.72,325.29,维修工B,已修复,建议大修
MNT-004598,2025-02-27 17:00:00,M22,液压故障,True,15.52,6924.24,维修工A,已修复,
MNT-004599,2025-03-21 12:00:00,M10,滤芯更换,True,7.54,7173.56,维修工D,已修复,
MNT-004600,2024-11-09 23:00:00,M03,故障维修,True,18.73,1223.83,维修工A,已修复,建议大修
MNT-004601,2024-03-08 20:00:00,M22,注射故障,True,5.41,1265.87,外部供应商,已修复,
MNT-004602,2024-07-01 09:00:00,M02,预防性保养,False,3.81,1316.26,维修工B,已修复,
MNT-004603,2026-02-25 13:00:00,M06,故障维修,True,1.26,6818.9,维修工A,已修复,建议大修
MNT-004604,2024-12-21 04:00:00,M29,滤芯更换,True,2.96,808.31,维修工B,已修复,更换备件
MNT-004605,2025-12-02 07:00:00,M26,锁模故障,True,19.14,2894.84,外部供应商,已修复,
MNT-004606,2024-05-23 16:00:00,M18,密封件更换,True,14.84,5157.17,外部供应商,已修复,
MNT-004607,2025-10-21 15:00:00,M08,电气故障,True,14.37,2466.63,维修工A,已修复,
MNT-004608,2025-03-18 12:00:00,M23,锁模故障,True,20.2,6659.24,维修工B,已修复,
MNT-004609,2024-10-06 08:00:00,M09,预防性保养,False,1.0,223.1,维修工B,已修复,更换备件
MNT-004610,2024-11-11 11:00:00,M15,滤芯更换,True,5.82,7188.2,维修工A,已修复,
MNT-004611,2025-03-26 04:00:00,M03,电气故障,True,0.77,4740.93,维修工C,已修复,
MNT-004612,2025-12-29 18:00:00,M11,液压故障,True,7.26,4530.61,维修工D,已修复,
MNT-004613,2026-01-20 13:00:00,M26,换油,True,10.0,7536.09,维修工A,已修复,
MNT-004614,2026-01-01 05:00:00,M25,注射故障,True,2.23,1465.2,维修工A,待跟进,
MNT-004615,2025-08-08 08:00:00,M24,锁模故障,True,13.99,2431.12,外部供应商,已修复,建议大修
MNT-004616,2024-12-18 01:00:00,M14,加热故障,True,7.6,5436.03,外部供应商,已修复,建议大修
MNT-004617,2025-12-10 13:00:00,M23,电气故障,True,11.29,5079.42,维修工B,已修复,需要厂家支持
MNT-004618,2024-12-18 14:00:00,M04,换油,True,11.44,2306.12,维修工A,已修复,需要厂家支持
MNT-004619,2025-12-25 23:00:00,M14,锁模故障,True,4.34,4985.49,维修工D,已修复,
MNT-004620,2024-04-02 01:00:00,M28,锁模故障,True,7.77,7604.31,维修工D,已修复,
MNT-004621,2024-12-04 03:00:00,M03,预防性保养,False,2.67,363.74,维修工D,已修复,
MNT-004622,2026-03-26 01:00:00,M16,液压故障,True,23.79,6351.0,维修工B,已修复,
MNT-004623,2025-01-31 12:00:00,M08,液压故障,True,3.81,216.93,维修工A,已修复,
MNT-004624,2024-09-30 07:00:00,M10,预防性保养,False,1.56,595.35,外部供应商,已修复,更换备件
MNT-004625,2026-01-07 20:00:00,M29,预防性保养,False,3.91,1224.05,维修工D,已修复,
MNT-004626,2024-04-02 18:00:00,M02,注射故障,True,7.81,6283.01,维修工C,已修复,更换备件
MNT-004627,2024-12-06 20:00:00,M28,注射故障,True,3.75,5478.1,外部供应商,已修复,
MNT-004628,2025-03-06 19:00:00,M22,密封件更换,True,18.17,1771.28,维修工B,已修复,需要厂家支持
MNT-004629,2025-09-23 19:00:00,M14,换油,True,12.85,6907.94,维修工A,已修复,
MNT-004630,2025-09-20 02:00:00,M23,液压故障,True,19.5,1135.13,维修工D,已修复,
MNT-004631,2024-09-14 06:00:00,M14,滤芯更换,True,23.92,3141.15,维修工D,已修复,
MNT-004632,2025-11-21 01:00:00,M01,加热故障,True,2.16,6105.2,维修工B,已修复,建议大修
MNT-004633,2025-08-03 08:00:00,M26,锁模故障,True,23.19,5050.82,外部供应商,已修复,更换备件
MNT-004634,2025-08-08 22:00:00,M03,电气故障,True,11.83,3953.58,维修工B,已修复,
MNT-004635,2025-01-21 16:00:00,M14,液压故障,True,4.68,3954.76,维修工D,已修复,需要厂家支持
MNT-004636,2024-07-29 01:00:00,M03,预防性保养,False,2.11,859.51,维修工B,已修复,需要厂家支持
MNT-004637,2026-01-31 00:00:00,M06,故障维修,True,21.83,1986.63,维修工D,已修复,
MNT-004638,2024-02-01 06:00:00,M14,密封件更换,True,10.69,4125.6,维修工D,已修复,建议大修
MNT-004639,2024-08-01 01:00:00,M07,电气故障,True,1.14,1152.71,维修工A,已修复,
MNT-004640,2024-11-13 20:00:00,M11,滤芯更换,True,12.77,2569.19,维修工C,已修复,建议大修
MNT-004641,2024-11-01 17:00:00,M24,滤芯更换,True,12.2,4699.94,外部供应商,已修复,
MNT-004642,2024-05-29 22:00:00,M13,注射故障,True,3.98,5921.21,维修工B,已修复,需要厂家支持
MNT-004643,2025-07-06 13:00:00,M07,预防性保养,False,1.21,1256.27,维修工C,已修复,
MNT-004644,2025-09-16 04:00:00,M13,注射故障,True,16.02,3169.09,维修工B,已修复,建议大修
MNT-004645,2024-03-16 17:00:00,M16,滤芯更换,True,7.16,4816.77,维修工B,已修复,
MNT-004646,2024-07-05 03:00:00,M17,换油,True,17.19,4003.92,维修工D,已修复,
MNT-004647,2024-10-29 08:00:00,M06,锁模故障,True,20.67,386.9,外部供应商,待跟进,
MNT-004648,2025-11-05 16:00:00,M01,加热故障,True,2.58,1074.07,维修工D,已修复,更换备件
MNT-004649,2025-04-02 11:00:00,M07,故障维修,True,2.91,7778.18,维修工A,已修复,
MNT-004650,2025-01-10 23:00:00,M21,电气故障,True,20.08,382.41,维修工B,已修复,需要厂家支持
MNT-004651,2024-09-14 06:00:00,M28,锁模故障,True,12.18,3840.74,维修工A,已修复,
MNT-004652,2024-10-19 00:00:00,M04,液压故障,True,1.46,1831.66,维修工B,已修复,建议大修
MNT-004653,2026-02-28 03:00:00,M20,预防性保养,False,0.55,1455.17,维修工B,已修复,建议大修
MNT-004654,2024-10-03 02:00:00,M27,液压故障,True,18.98,2530.29,维修工A,已修复,
MNT-004655,2026-01-04 19:00:00,M15,注射故障,True,15.98,3104.48,维修工D,已修复,需要厂家支持
MNT-004656,2024-09-03 07:00:00,M13,液压故障,True,20.46,2970.13,维修工C,已修复,建议大修
MNT-004657,2024-10-11 18:00:00,M08,加热故障,True,13.96,2209.92,维修工C,已修复,建议大修
MNT-004658,2024-04-28 03:00:00,M11,加热故障,True,5.76,7793.35,维修工B,已修复,
MNT-004659,2025-07-02 12:00:00,M23,预防性保养,False,3.59,550.24,维修工D,已修复,建议大修
MNT-004660,2024-09-03 21:00:00,M04,注射故障,True,13.42,1603.66,维修工C,已修复,
MNT-004661,2026-01-01 01:00:00,M21,密封件更换,True,19.76,7372.32,维修工C,已修复,建议大修
MNT-004662,2025-09-19 12:00:00,M12,滤芯更换,True,18.24,416.89,维修工A,已修复,
MNT-004663,2025-12-28 12:00:00,M04,滤芯更换,True,22.18,4118.7,维修工C,已修复,需要厂家支持
MNT-004664,2024-02-19 05:00:00,M12,锁模故障,True,8.23,2057.66,维修工D,已修复,
MNT-004665,2025-10-17 09:00:00,M22,液压故障,True,11.44,3120.15,外部供应商,已修复,更换备件
MNT-004666,2026-01-16 23:00:00,M05,锁模故障,True,19.09,6539.29,维修工C,已修复,需要厂家支持
MNT-004667,2025-08-27 21:00:00,M27,注射故障,True,0.76,3050.5,维修工C,已修复,
MNT-004668,2025-02-01 20:00:00,M28,密封件更换,True,2.18,2192.49,维修工A,已修复,
MNT-004669,2024-06-15 03:00:00,M28,故障维修,True,3.41,6821.19,维修工A,已修复,
MNT-004670,2025-09-14 10:00:00,M01,预防性保养,False,3.31,831.48,维修工A,已修复,建议大修
MNT-004671,2025-08-07 13:00:00,M16,故障维修,True,10.54,4947.73,维修工A,已修复,
MNT-004672,2024-09-03 20:00:00,M02,电气故障,True,8.87,283.61,外部供应商,已修复,
MNT-004673,2025-10-01 10:00:00,M19,密封件更换,True,11.86,5444.67,外部供应商,已修复,更换备件
MNT-004674,2025-04-28 16:00:00,M23,注射故障,True,19.47,390.42,外部供应商,已修复,更换备件
MNT-004675,2026-02-12 18:00:00,M27,加热故障,True,7.59,1883.95,维修工D,已修复,
MNT-004676,2024-12-16 10:00:00,M26,滤芯更换,True,18.08,6888.27,维修工A,已修复,
MNT-004677,2024-04-18 21:00:00,M16,电气故障,True,8.14,1761.88,维修工A,已修复,更换备件
MNT-004678,2024-11-18 23:00:00,M11,液压故障,True,14.68,4551.21,维修工A,已修复,建议大修
MNT-004679,2025-04-19 09:00:00,M11,滤芯更换,True,1.73,2031.35,外部供应商,已修复,更换备件
MNT-004680,2025-12-31 18:00:00,M29,故障维修,True,11.27,7642.01,维修工A,已修复,需要厂家支持
MNT-004681,2025-03-17 04:00:00,M21,锁模故障,True,16.46,6602.37,维修工B,已修复,建议大修
MNT-004682,2024-04-19 02:00:00,M16,预防性保养,False,2.88,254.83,维修工A,已修复,建议大修
MNT-004683,2024-06-02 07:00:00,M15,电气故障,True,16.69,5209.69,维修工C,已修复,
MNT-004684,2025-03-22 20:00:00,M21,预防性保养,False,0.7,1394.34,维修工C,已修复,建议大修
MNT-004685,2024-12-21 06:00:00,M27,故障维修,True,6.71,5458.93,维修工C,已修复,需要厂家支持
MNT-004686,2024-08-27 09:00:00,M07,换油,True,8.17,7803.2,维修工C,已修复,
MNT-004687,2026-01-19 18:00:00,M25,电气故障,True,16.07,1455.57,维修工D,已修复,
MNT-004688,2024-01-09 09:00:00,M01,故障维修,True,10.59,1247.2,外部供应商,待跟进,需要厂家支持
MNT-004689,2024-10-05 08:00:00,M02,电气故障,True,4.91,4659.2,维修工B,已修复,更换备件
MNT-004690,2025-08-09 04:00:00,M21,换油,True,11.59,1625.56,外部供应商,已修复,
MNT-004691,2024-05-27 05:00:00,M14,加热故障,True,9.37,1755.11,外部供应商,已修复,
MNT-004692,2025-05-03 22:00:00,M28,故障维修,True,4.4,2323.54,维修工A,已修复,建议大修
MNT-004693,2026-03-30 21:00:00,M03,预防性保养,False,2.69,1022.09,维修工D,已修复,需要厂家支持
MNT-004694,2025-12-01 03:00:00,M28,密封件更换,True,11.4,6504.78,维修工C,待跟进,
MNT-004695,2025-05-07 15:00:00,M12,滤芯更换,True,7.26,6135.48,维修工A,已修复,
MNT-004696,2025-02-21 17:00:00,M22,故障维修,True,23.28,3077.85,维修工A,已修复,
MNT-004697,2025-08-16 23:00:00,M23,液压故障,True,21.93,5918.28,外部供应商,已修复,
MNT-004698,2025-07-27 00:00:00,M12,电气故障,True,1.27,7376.8,外部供应商,已修复,
MNT-004699,2025-04-16 18:00:00,M19,电气故障,True,20.79,435.13,维修工B,已修复,
MNT-004700,2025-08-11 16:00:00,M14,滤芯更换,True,23.06,1865.04,维修工A,已修复,需要厂家支持
MNT-004701,2025-04-16 07:00:00,M06,故障维修,True,5.46,1726.33,维修工D,已修复,
MNT-004702,2026-02-06 18:00:00,M13,预防性保养,False,3.49,1112.46,维修工D,已修复,需要厂家支持
MNT-004703,2025-02-04 23:00:00,M06,滤芯更换,True,15.96,1683.28,维修工D,已修复,更换备件
MNT-004704,2025-05-07 16:00:00,M09,滤芯更换,True,0.78,3732.11,维修工A,已修复,更换备件
MNT-004705,2024-03-19 17:00:00,M11,液压故障,True,4.86,1770.15,维修工B,已修复,
MNT-004706,2025-01-01 01:00:00,M24,加热故障,True,7.89,1140.91,外部供应商,已修复,需要厂家支持
MNT-004707,2025-01-13 08:00:00,M29,加热故障,True,14.63,7776.51,维修工D,已修复,
MNT-004708,2024-01-06 05:00:00,M19,故障维修,True,5.62,800.27,维修工D,已修复,需要厂家支持
MNT-004709,2024-03-23 10:00:00,M01,锁模故障,True,10.24,7650.97,维修工D,已修复,建议大修
MNT-004710,2026-04-22 14:00:00,M02,滤芯更换,True,17.05,5937.14,维修工D,已修复,更换备件
MNT-004711,2024-03-26 10:00:00,M01,故障维修,True,4.92,3998.81,维修工A,已修复,
MNT-004712,2024-05-02 00:00:00,M16,液压故障,True,5.43,4563.35,外部供应商,已修复,
MNT-004713,2025-09-23 01:00:00,M15,换油,True,16.87,3971.83,维修工D,已修复,更换备件
MNT-004714,2025-11-30 06:00:00,M10,故障维修,True,19.84,3683.32,维修工C,已修复,建议大修
MNT-004715,2025-02-23 06:00:00,M08,加热故障,True,18.64,2280.33,维修工D,已修复,
MNT-004716,2025-09-22 10:00:00,M05,故障维修,True,5.22,4482.73,维修工A,已修复,需要厂家支持
MNT-004717,2025-11-07 11:00:00,M13,液压故障,True,19.53,3649.8,维修工A,已修复,
MNT-004718,2026-01-07 08:00:00,M13,滤芯更换,True,0.52,747.6,维修工B,已修复,
MNT-004719,2026-04-12 16:00:00,M27,密封件更换,True,9.85,5728.8,外部供应商,已修复,
MNT-004720,2025-01-26 05:00:00,M13,密封件更换,True,9.24,7865.68,外部供应商,已修复,
MNT-004721,2024-09-05 01:00:00,M24,滤芯更换,True,9.2,4271.32,外部供应商,已修复,需要厂家支持
MNT-004722,2026-04-08 21:00:00,M27,滤芯更换,True,16.82,1547.22,维修工B,已修复,
MNT-004723,2026-02-10 02:00:00,M01,预防性保养,False,1.64,1484.62,维修工B,已修复,更换备件
MNT-004724,2025-03-23 03:00:00,M25,液压故障,True,16.01,3764.72,维修工A,已修复,
MNT-004725,2024-04-13 22:00:00,M11,预防性保养,False,0.76,1018.18,外部供应商,已修复,
MNT-004726,2024-09-07 12:00:00,M05,故障维修,True,21.16,6932.81,维修工B,已修复,更换备件
MNT-004727,2026-03-20 07:00:00,M09,液压故障,True,9.4,4366.84,维修工B,已修复,
MNT-004728,2026-02-08 22:00:00,M18,液压故障,True,21.27,801.02,维修工D,已修复,更换备件
MNT-004729,2024-11-28 16:00:00,M26,故障维修,True,16.62,2387.53,维修工D,已修复,建议大修
MNT-004730,2024-05-04 16:00:00,M05,换油,True,15.45,7123.47,外部供应商,已修复,
MNT-004731,2025-06-10 04:00:00,M02,预防性保养,False,3.36,1408.37,维修工A,已修复,
MNT-004732,2024-07-01 20:00:00,M24,滤芯更换,True,15.31,5230.8,维修工B,已修复,
MNT-004733,2025-09-01 10:00:00,M15,锁模故障,True,10.67,4307.78,维修工D,已修复,
MNT-004734,2024-12-09 18:00:00,M03,密封件更换,True,8.92,1892.56,维修工A,已修复,
MNT-004735,2025-08-22 04:00:00,M15,电气故障,True,6.53,6374.44,维修工A,已修复,
MNT-004736,2024-08-15 03:00:00,M03,滤芯更换,True,19.67,4309.63,维修工C,已修复,
MNT-004737,2024-10-13 10:00:00,M18,换油,True,7.57,611.67,外部供应商,已修复,更换备件
MNT-004738,2024-07-11 05:00:00,M27,锁模故障,True,5.13,409.49,维修工A,已修复,
MNT-004739,2024-11-16 10:00:00,M29,电气故障,True,19.97,2425.8,维修工D,已修复,需要厂家支持
MNT-004740,2025-09-27 16:00:00,M19,换油,True,3.9,7371.72,维修工A,已修复,需要厂家支持
MNT-004741,2024-01-19 12:00:00,M16,电气故障,True,7.02,1389.77,维修工C,已修复,
MNT-004742,2024-01-01 12:00:00,M18,锁模故障,True,18.54,7151.22,外部供应商,已修复,需要厂家支持
MNT-004743,2024-08-13 07:00:00,M08,密封件更换,True,14.31,7847.26,维修工D,已修复,建议大修
MNT-004744,2026-03-29 12:00:00,M29,加热故障,True,2.98,7975.83,维修工B,已修复,建议大修
MNT-004745,2024-01-07 02:00:00,M23,注射故障,True,18.26,7888.23,外部供应商,已修复,更换备件
MNT-004746,2024-06-04 12:00:00,M24,电气故障,True,10.82,7816.64,维修工B,已修复,需要厂家支持
MNT-004747,2024-03-12 12:00:00,M08,液压故障,True,4.52,3602.44,外部供应商,已修复,需要厂家支持
MNT-004748,2024-06-12 08:00:00,M12,换油,True,6.69,6399.46,维修工C,已修复,
MNT-004749,2026-01-09 15:00:00,M06,液压故障,True,9.62,5415.01,外部供应商,已修复,更换备件
MNT-004750,2024-01-06 17:00:00,M20,密封件更换,True,7.25,2711.85,外部供应商,已修复,
MNT-004751,2026-04-07 21:00:00,M06,加热故障,True,1.16,5443.78,维修工B,已修复,更换备件
MNT-004752,2024-07-27 18:00:00,M25,滤芯更换,True,14.43,6794.75,维修工D,已修复,
MNT-004753,2025-04-10 13:00:00,M01,电气故障,True,6.86,3937.93,外部供应商,已修复,需要厂家支持
MNT-004754,2026-04-19 01:00:00,M24,滤芯更换,True,19.65,4936.41,外部供应商,待跟进,更换备件
MNT-004755,2025-10-31 22:00:00,M13,密封件更换,True,17.89,6216.86,维修工D,已修复,需要厂家支持
MNT-004756,2025-02-13 19:00:00,M17,换油,True,2.26,6408.11,维修工C,已修复,需要厂家支持
MNT-004757,2026-03-11 04:00:00,M09,换油,True,10.4,6911.79,维修工A,已修复,
MNT-004758,2025-06-12 05:00:00,M01,液压故障,True,12.89,4152.94,维修工A,已修复,
MNT-004759,2024-01-27 10:00:00,M22,预防性保养,False,3.62,1266.48,维修工A,已修复,
MNT-004760,2024-03-03 09:00:00,M15,故障维修,True,6.01,6043.44,维修工B,已修复,需要厂家支持
MNT-004761,2024-06-01 18:00:00,M26,加热故障,True,16.89,3829.39,维修工D,已修复,
MNT-004762,2026-02-14 21:00:00,M16,换油,True,22.72,5839.36,维修工C,已修复,建议大修
MNT-004763,2024-02-13 21:00:00,M22,预防性保养,False,2.06,1488.4,外部供应商,已修复,
MNT-004764,2025-12-09 09:00:00,M13,注射故障,True,7.09,1647.87,维修工B,已修复,
MNT-004765,2024-05-09 05:00:00,M11,液压故障,True,5.46,7259.19,维修工A,已修复,建议大修
MNT-004766,2025-10-19 10:00:00,M04,换油,True,2.65,7908.7,维修工A,已修复,建议大修
MNT-004767,2026-02-15 03:00:00,M22,换油,True,14.56,2642.66,外部供应商,已修复,建议大修
MNT-004768,2025-12-31 16:00:00,M29,电气故障,True,21.74,3335.14,维修工D,已修复,
MNT-004769,2025-07-03 04:00:00,M04,加热故障,True,18.96,1013.56,外部供应商,已修复,更换备件
MNT-004770,2024-06-05 10:00:00,M16,电气故障,True,2.06,502.55,维修工D,已修复,更换备件
MNT-004771,2025-06-04 04:00:00,M29,预防性保养,False,1.22,1490.85,外部供应商,已修复,建议大修
MNT-004772,2025-11-21 15:00:00,M14,液压故障,True,7.61,5960.14,维修工A,已修复,
MNT-004773,2024-04-07 04:00:00,M22,液压故障,True,18.13,3391.4,外部供应商,已修复,建议大修
MNT-004774,2024-05-22 03:00:00,M20,故障维修,True,23.32,5810.27,维修工C,已修复,建议大修
MNT-004775,2025-05-16 10:00:00,M15,电气故障,True,22.09,3974.0,维修工D,已修复,更换备件
MNT-004776,2025-10-10 03:00:00,M24,预防性保养,False,2.8,1200.22,维修工C,已修复,
MNT-004777,2025-12-05 19:00:00,M11,液压故障,True,10.06,698.85,维修工B,已修复,建议大修
MNT-004778,2024-01-06 02:00:00,M02,电气故障,True,12.44,3668.52,维修工C,已修复,建议大修
MNT-004779,2025-01-14 02:00:00,M13,电气故障,True,0.71,7200.55,维修工A,已修复,需要厂家支持
MNT-004780,2025-07-19 22:00:00,M19,液压故障,True,12.34,5258.87,维修工D,已修复,
MNT-004781,2024-12-07 23:00:00,M03,预防性保养,False,2.09,144.04,维修工C,已修复,
MNT-004782,2025-08-10 04:00:00,M22,滤芯更换,True,4.31,4182.71,维修工B,待跟进,建议大修
MNT-004783,2024-11-13 04:00:00,M05,电气故障,True,10.02,7034.27,维修工C,已修复,需要厂家支持
MNT-004784,2024-01-21 14:00:00,M13,锁模故障,True,14.37,1668.75,维修工C,已修复,
MNT-004785,2026-02-16 18:00:00,M27,加热故障,True,20.68,5438.23,维修工D,已修复,建议大修
MNT-004786,2026-03-27 23:00:00,M28,故障维修,True,11.38,1636.87,维修工C,已修复,建议大修
MNT-004787,2026-04-09 09:00:00,M20,电气故障,True,17.16,2395.73,外部供应商,已修复,
MNT-004788,2024-05-31 12:00:00,M06,液压故障,True,21.31,3694.85,维修工A,已修复,
MNT-004789,2025-10-18 10:00:00,M06,密封件更换,True,20.07,5732.34,维修工A,已修复,更换备件
MNT-004790,2024-11-25 10:00:00,M07,预防性保养,False,2.43,1457.33,维修工B,已修复,建议大修
MNT-004791,2024-12-03 22:00:00,M20,滤芯更换,True,3.11,4646.7,维修工B,待跟进,
MNT-004792,2024-01-11 09:00:00,M15,注射故障,True,23.15,985.09,维修工C,已修复,
MNT-004793,2026-02-17 13:00:00,M22,液压故障,True,15.47,6810.34,维修工D,已修复,更换备件
MNT-004794,2024-02-20 14:00:00,M09,故障维修,True,23.33,1689.73,维修工C,已修复,
MNT-004795,2025-08-14 23:00:00,M09,锁模故障,True,17.53,1812.53,维修工B,已修复,
MNT-004796,2025-06-14 00:00:00,M04,故障维修,True,21.36,3998.03,外部供应商,已修复,
MNT-004797,2026-04-18 15:00:00,M23,加热故障,True,4.54,793.96,维修工C,已修复,需要厂家支持
MNT-004798,2024-03-25 14:00:00,M26,预防性保养,False,2.02,1088.76,维修工C,已修复,建议大修
MNT-004799,2024-07-05 13:00:00,M26,滤芯更换,True,8.42,3359.47,外部供应商,已修复,
MNT-004800,2025-10-17 22:00:00,M08,液压故障,True,13.26,3242.84,外部供应商,待跟进,
MNT-004801,2025-12-19 11:00:00,M22,滤芯更换,True,23.4,423.16,维修工B,已修复,更换备件
MNT-004802,2024-07-02 22:00:00,M11,锁模故障,True,5.68,956.98,维修工C,已修复,
MNT-004803,2024-12-28 00:00:00,M24,密封件更换,True,7.73,2782.42,维修工A,待跟进,
MNT-004804,2025-02-09 12:00:00,M14,预防性保养,False,2.92,1146.7,外部供应商,已修复,需要厂家支持
MNT-004805,2025-10-01 21:00:00,M22,预防性保养,False,3.63,729.1,维修工C,已修复,
MNT-004806,2025-03-10 08:00:00,M25,密封件更换,True,11.47,2623.59,维修工D,已修复,建议大修
MNT-004807,2026-02-28 05:00:00,M07,预防性保养,False,3.13,662.77,维修工C,已修复,需要厂家支持
MNT-004808,2024-11-13 05:00:00,M17,电气故障,True,13.5,4248.64,维修工C,已修复,
MNT-004809,2025-06-14 13:00:00,M29,电气故障,True,22.21,968.16,维修工A,已修复,
MNT-004810,2025-03-10 15:00:00,M20,加热故障,True,4.85,7321.04,维修工A,已修复,更换备件
MNT-004811,2025-10-11 00:00:00,M04,密封件更换,True,18.94,2152.56,维修工C,已修复,建议大修
MNT-004812,2025-12-11 01:00:00,M26,换油,True,17.66,2341.86,维修工D,已修复,更换备件
MNT-004813,2025-10-15 15:00:00,M04,液压故障,True,18.93,5011.72,维修工D,已修复,需要厂家支持
MNT-004814,2024-09-12 03:00:00,M20,故障维修,True,20.38,5160.92,外部供应商,已修复,
MNT-004815,2024-11-25 05:00:00,M25,液压故障,True,16.9,6734.07,维修工B,已修复,
MNT-004816,2025-07-19 11:00:00,M28,滤芯更换,True,0.83,4692.89,维修工A,已修复,需要厂家支持
MNT-004817,2025-09-17 10:00:00,M01,滤芯更换,True,21.57,1826.63,维修工D,已修复,
MNT-004818,2025-10-30 00:00:00,M11,预防性保养,False,1.39,1171.48,维修工B,已修复,建议大修
MNT-004819,2025-11-26 16:00:00,M25,换油,True,7.43,2982.8,维修工C,已修复,
MNT-004820,2025-05-28 15:00:00,M08,换油,True,8.92,3168.38,维修工A,已修复,建议大修
MNT-004821,2026-03-29 07:00:00,M06,注射故障,True,21.63,1917.39,维修工A,已修复,更换备件
MNT-004822,2025-09-25 20:00:00,M23,锁模故障,True,10.45,3584.69,维修工B,已修复,更换备件
MNT-004823,2024-01-05 10:00:00,M26,预防性保养,False,1.34,794.63,维修工C,已修复,建议大修
MNT-004824,2026-03-29 18:00:00,M11,故障维修,True,4.91,1151.24,维修工C,已修复,更换备件
MNT-004825,2025-12-21 12:00:00,M28,预防性保养,False,1.39,1217.2,维修工B,已修复,
MNT-004826,2025-07-14 18:00:00,M24,电气故障,True,7.22,2891.95,维修工D,已修复,需要厂家支持
MNT-004827,2024-02-06 13:00:00,M03,注射故障,True,0.58,1646.09,维修工B,待跟进,
MNT-004828,2024-02-16 14:00:00,M26,密封件更换,True,5.16,4957.74,维修工D,已修复,建议大修
MNT-004829,2025-10-17 10:00:00,M24,锁模故障,True,12.04,6402.84,外部供应商,已修复,建议大修
MNT-004830,2024-10-31 16:00:00,M06,滤芯更换,True,1.14,2000.71,维修工B,已修复,需要厂家支持
MNT-004831,2025-07-19 13:00:00,M22,换油,True,14.84,1731.92,维修工A,已修复,更换备件
MNT-004832,2024-03-14 02:00:00,M04,电气故障,True,4.41,6690.87,维修工D,已修复,
MNT-004833,2025-07-25 22:00:00,M12,电气故障,True,0.51,3142.31,外部供应商,已修复,
MNT-004834,2025-11-17 19:00:00,M23,液压故障,True,14.87,7040.01,维修工D,已修复,需要厂家支持
MNT-004835,2025-08-03 05:00:00,M06,换油,True,17.58,5234.99,维修工D,已修复,
MNT-004836,2024-02-08 02:00:00,M03,密封件更换,True,11.18,3333.18,外部供应商,已修复,需要厂家支持
MNT-004837,2024-06-29 16:00:00,M20,锁模故障,True,21.4,6055.7,外部供应商,已修复,
MNT-004838,2025-12-24 21:00:00,M03,预防性保养,False,3.32,365.47,外部供应商,已修复,
MNT-004839,2025-12-29 11:00:00,M27,密封件更换,True,11.29,1701.98,维修工B,已修复,
MNT-004840,2024-08-05 23:00:00,M08,滤芯更换,True,17.87,3704.05,维修工B,已修复,更换备件
MNT-004841,2024-05-25 01:00:00,M29,注射故障,True,15.58,4914.11,维修工C,已修复,更换备件
MNT-004842,2025-10-28 12:00:00,M16,液压故障,True,17.21,3107.17,外部供应商,已修复,
MNT-004843,2025-11-05 14:00:00,M10,锁模故障,True,12.98,5130.26,维修工D,已修复,
MNT-004844,2024-02-19 11:00:00,M16,预防性保养,False,3.32,119.72,维修工A,已修复,更换备件
MNT-004845,2025-02-24 11:00:00,M05,密封件更换,True,13.79,4669.53,维修工C,已修复,更换备件
MNT-004846,2025-08-04 17:00:00,M29,电气故障,True,19.06,1856.52,维修工C,已修复,
MNT-004847,2024-10-10 23:00:00,M20,锁模故障,True,18.52,5609.87,外部供应商,已修复,
MNT-004848,2024-03-23 19:00:00,M09,注射故障,True,9.62,1389.48,外部供应商,已修复,更换备件
MNT-004849,2025-10-02 13:00:00,M27,液压故障,True,13.02,1153.92,维修工A,已修复,
MNT-004850,2025-10-02 20:00:00,M23,故障维修,True,15.71,5662.38,维修工B,已修复,建议大修
MNT-004851,2024-12-26 19:00:00,M05,注射故障,True,7.07,6179.8,维修工D,已修复,更换备件
MNT-004852,2026-03-23 09:00:00,M01,滤芯更换,True,10.91,5802.21,外部供应商,已修复,
MNT-004853,2025-12-01 11:00:00,M18,锁模故障,True,18.49,3454.77,维修工B,已修复,
MNT-004854,2025-03-17 06:00:00,M02,电气故障,True,14.9,660.56,维修工C,已修复,
MNT-004855,2025-09-30 03:00:00,M05,液压故障,True,12.49,1257.71,维修工B,已修复,更换备件
MNT-004856,2025-01-15 18:00:00,M29,锁模故障,True,11.9,2106.4,维修工C,已修复,
MNT-004857,2025-10-31 06:00:00,M13,换油,True,23.99,2903.57,外部供应商,已修复,
MNT-004858,2024-10-31 21:00:00,M06,加热故障,True,2.52,3765.12,外部供应商,已修复,
MNT-004859,2026-02-11 03:00:00,M23,锁模故障,True,22.29,5565.26,维修工C,已修复,需要厂家支持
MNT-004860,2024-05-16 11:00:00,M15,电气故障,True,22.71,5183.84,维修工C,已修复,
MNT-004861,2026-03-10 06:00:00,M28,注射故障,True,9.76,6710.41,维修工C,已修复,
MNT-004862,2024-07-11 08:00:00,M29,密封件更换,True,22.16,5183.59,外部供应商,已修复,
MNT-004863,2024-03-10 23:00:00,M13,密封件更换,True,1.65,1913.29,外部供应商,已修复,
MNT-004864,2024-08-27 15:00:00,M29,故障维修,True,18.41,6990.37,维修工D,已修复,更换备件
MNT-004865,2025-08-02 05:00:00,M05,锁模故障,True,20.13,4075.72,维修工C,已修复,更换备件
MNT-004866,2024-05-03 21:00:00,M22,锁模故障,True,7.09,893.23,维修工D,已修复,
MNT-004867,2025-01-05 06:00:00,M28,滤芯更换,True,15.78,2123.7,外部供应商,已修复,需要厂家支持
MNT-004868,2025-06-13 03:00:00,M26,换油,True,19.64,6704.33,外部供应商,待跟进,更换备件
MNT-004869,2025-03-29 10:00:00,M17,锁模故障,True,22.98,4618.49,维修工D,已修复,
MNT-004870,2025-05-03 04:00:00,M21,电气故障,True,20.84,6233.36,外部供应商,已修复,
MNT-004871,2025-10-05 09:00:00,M26,电气故障,True,6.17,1416.54,维修工B,已修复,更换备件
MNT-004872,2025-02-25 00:00:00,M01,故障维修,True,20.14,6417.33,维修工B,已修复,
MNT-004873,2025-04-11 14:00:00,M10,液压故障,True,15.34,7340.2,维修工B,已修复,
MNT-004874,2025-04-24 02:00:00,M25,加热故障,True,12.22,6946.61,维修工C,已修复,更换备件
MNT-004875,2025-06-28 22:00:00,M04,液压故障,True,6.28,3407.08,维修工C,已修复,更换备件
MNT-004876,2025-07-18 19:00:00,M27,换油,True,18.9,5843.95,维修工B,已修复,更换备件
MNT-004877,2024-01-02 15:00:00,M10,锁模故障,True,16.68,2373.58,外部供应商,已修复,
MNT-004878,2025-07-26 05:00:00,M06,液压故障,True,0.65,3042.31,维修工C,已修复,
MNT-004879,2025-04-25 00:00:00,M12,注射故障,True,23.12,2200.09,维修工A,已修复,
MNT-004880,2025-12-14 10:00:00,M04,加热故障,True,1.01,5395.17,维修工C,已修复,
MNT-004881,2025-09-15 14:00:00,M17,滤芯更换,True,20.93,7516.31,维修工C,已修复,更换备件
MNT-004882,2026-02-09 02:00:00,M01,故障维修,True,6.36,7335.72,外部供应商,已修复,建议大修
MNT-004883,2024-05-26 19:00:00,M14,滤芯更换,True,12.53,5601.97,维修工D,已修复,建议大修
MNT-004884,2025-09-30 05:00:00,M13,注射故障,True,7.26,4682.63,维修工A,已修复,更换备件
MNT-004885,2024-10-03 11:00:00,M13,密封件更换,True,12.45,6472.68,维修工B,已修复,
MNT-004886,2024-01-16 19:00:00,M27,电气故障,True,9.43,5990.26,维修工B,已修复,
MNT-004887,2026-03-02 23:00:00,M13,锁模故障,True,6.54,3378.74,维修工A,已修复,建议大修
MNT-004888,2025-11-10 20:00:00,M07,液压故障,True,5.22,4027.92,维修工A,已修复,
MNT-004889,2025-09-13 22:00:00,M17,锁模故障,True,1.97,7698.38,外部供应商,已修复,
MNT-004890,2026-04-14 02:00:00,M06,锁模故障,True,19.81,6548.52,维修工D,已修复,建议大修
MNT-004891,2024-01-10 05:00:00,M05,故障维修,True,11.28,3417.25,维修工B,已修复,
MNT-004892,2024-06-23 22:00:00,M21,换油,True,20.3,2110.46,维修工B,已修复,
MNT-004893,2025-09-22 21:00:00,M11,密封件更换,True,16.9,1950.64,维修工C,已修复,建议大修
MNT-004894,2025-01-08 08:00:00,M16,故障维修,True,20.6,3636.17,外部供应商,已修复,
MNT-004895,2025-12-04 23:00:00,M11,换油,True,22.88,6713.56,维修工A,已修复,
MNT-004896,2025-02-23 19:00:00,M13,换油,True,6.87,5597.38,维修工B,已修复,建议大修
MNT-004897,2024-06-10 17:00:00,M03,滤芯更换,True,10.63,5741.35,维修工D,已修复,建议大修
MNT-004898,2025-10-13 02:00:00,M17,密封件更换,True,5.58,2931.06,维修工D,已修复,
MNT-004899,2024-10-07 05:00:00,M29,液压故障,True,15.98,6547.05,维修工D,已修复,需要厂家支持
MNT-004900,2025-03-28 12:00:00,M04,故障维修,True,6.48,3432.58,外部供应商,已修复,更换备件
MNT-004901,2026-01-30 10:00:00,M29,预防性保养,False,2.92,1142.14,维修工B,已修复,
MNT-004902,2025-07-15 13:00:00,M24,滤芯更换,True,13.52,5760.12,维修工D,已修复,
MNT-004903,2025-10-08 18:00:00,M20,故障维修,True,21.24,4191.56,外部供应商,已修复,
MNT-004904,2024-12-02 03:00:00,M23,故障维修,True,14.22,5225.26,外部供应商,已修复,建议大修
MNT-004905,2025-07-11 07:00:00,M02,密封件更换,True,21.54,7729.03,维修工D,已修复,
MNT-004906,2025-01-09 14:00:00,M04,电气故障,True,18.52,1451.79,维修工B,已修复,
MNT-004907,2025-09-02 21:00:00,M16,注射故障,True,12.61,3956.3,维修工C,已修复,需要厂家支持
MNT-004908,2024-04-02 21:00:00,M28,滤芯更换,True,16.91,742.8,维修工B,已修复,
MNT-004909,2026-01-23 17:00:00,M18,锁模故障,True,12.61,2550.09,维修工A,已修复,需要厂家支持
MNT-004910,2025-04-10 06:00:00,M28,换油,True,22.32,4429.71,维修工C,已修复,建议大修
MNT-004911,2025-03-10 19:00:00,M07,锁模故障,True,8.88,5752.59,维修工B,已修复,需要厂家支持
MNT-004912,2024-08-31 14:00:00,M12,加热故障,True,6.85,7806.05,维修工A,已修复,
MNT-004913,2024-02-13 00:00:00,M19,注射故障,True,19.04,5298.41,维修工C,已修复,
MNT-004914,2024-03-06 22:00:00,M02,锁模故障,True,13.2,3092.65,维修工C,已修复,
MNT-004915,2026-04-04 18:00:00,M20,注射故障,True,10.17,1394.87,维修工B,已修复,
MNT-004916,2026-04-29 03:00:00,M27,电气故障,True,18.98,676.55,外部供应商,已修复,
MNT-004917,2025-06-05 01:00:00,M08,滤芯更换,True,14.15,3228.21,维修工D,已修复,建议大修
MNT-004918,2025-10-10 17:00:00,M09,注射故障,True,5.35,5139.74,维修工B,已修复,需要厂家支持
MNT-004919,2024-08-18 12:00:00,M07,密封件更换,True,6.61,7312.69,外部供应商,已修复,
MNT-004920,2025-07-25 07:00:00,M22,换油,True,12.44,5919.7,维修工D,已修复,更换备件
MNT-004921,2024-05-18 06:00:00,M06,预防性保养,False,0.85,696.2,维修工D,已修复,建议大修
MNT-004922,2024-10-19 09:00:00,M28,滤芯更换,True,23.94,1706.54,维修工A,已修复,需要厂家支持
MNT-004923,2024-04-11 12:00:00,M27,液压故障,True,9.22,1231.84,维修工A,已修复,
MNT-004924,2024-11-20 09:00:00,M06,换油,True,9.26,5697.09,维修工D,已修复,更换备件
MNT-004925,2026-01-03 17:00:00,M20,注射故障,True,7.55,2987.18,维修工A,已修复,建议大修
MNT-004926,2025-06-06 02:00:00,M03,电气故障,True,14.3,2149.08,维修工A,已修复,建议大修
MNT-004927,2024-08-13 16:00:00,M07,液压故障,True,3.45,4763.68,维修工A,已修复,
MNT-004928,2024-11-10 01:00:00,M29,锁模故障,True,13.93,7721.6,维修工A,已修复,更换备件
MNT-004929,2025-01-18 11:00:00,M18,滤芯更换,True,22.5,4292.62,维修工C,已修复,
MNT-004930,2025-01-03 22:00:00,M05,液压故障,True,19.44,1577.62,维修工C,已修复,需要厂家支持
MNT-004931,2025-06-10 16:00:00,M20,电气故障,True,3.66,6085.84,维修工A,已修复,需要厂家支持
MNT-004932,2026-01-23 22:00:00,M18,密封件更换,True,17.15,7371.63,维修工C,已修复,
MNT-004933,2025-11-23 02:00:00,M20,电气故障,True,9.31,5072.79,外部供应商,已修复,建议大修
MNT-004934,2024-05-23 02:00:00,M20,换油,True,12.73,3358.05,维修工C,已修复,
MNT-004935,2025-11-06 21:00:00,M26,预防性保养,False,2.25,845.58,维修工D,已修复,需要厂家支持
MNT-004936,2026-01-05 05:00:00,M25,密封件更换,True,15.78,6646.09,维修工B,已修复,更换备件
MNT-004937,2025-05-14 11:00:00,M21,滤芯更换,True,15.89,4889.1,外部供应商,已修复,建议大修
MNT-004938,2024-05-29 03:00:00,M17,预防性保养,False,0.82,253.5,维修工D,已修复,
MNT-004939,2025-05-17 12:00:00,M02,换油,True,1.31,3753.6,维修工B,已修复,需要厂家支持
MNT-004940,2024-03-19 19:00:00,M17,加热故障,True,7.16,1768.65,外部供应商,已修复,
MNT-004941,2024-07-15 09:00:00,M01,滤芯更换,True,20.42,6343.48,维修工B,已修复,更换备件
MNT-004942,2025-09-08 08:00:00,M21,电气故障,True,5.65,1300.21,维修工C,已修复,
MNT-004943,2024-01-05 22:00:00,M28,加热故障,True,16.97,1832.42,维修工A,已修复,建议大修
MNT-004944,2025-07-09 13:00:00,M28,故障维修,True,16.65,3729.61,维修工B,已修复,需要厂家支持
MNT-004945,2026-02-22 03:00:00,M09,滤芯更换,True,2.09,2896.29,维修工B,已修复,
MNT-004946,2024-03-18 05:00:00,M23,换油,True,2.59,1258.93,维修工B,已修复,
MNT-004947,2024-05-20 16:00:00,M19,加热故障,True,11.43,6955.95,外部供应商,已修复,
MNT-004948,2025-02-27 15:00:00,M23,故障维修,True,21.69,2480.04,维修工B,已修复,
MNT-004949,2026-04-12 20:00:00,M03,电气故障,True,2.11,4148.29,维修工A,已修复,更换备件
MNT-004950,2024-07-20 05:00:00,M16,换油,True,12.88,6491.29,维修工D,已修复,需要厂家支持
MNT-004951,2026-01-27 20:00:00,M10,滤芯更换,True,8.72,349.62,维修工C,已修复,需要厂家支持
MNT-004952,2026-04-20 21:00:00,M05,故障维修,True,7.73,6497.64,维修工D,已修复,更换备件
MNT-004953,2024-11-27 10:00:00,M15,液压故障,True,23.92,7853.8,维修工A,已修复,
MNT-004954,2025-09-17 17:00:00,M19,滤芯更换,True,2.55,3595.98,维修工C,已修复,
MNT-004955,2026-01-10 11:00:00,M14,预防性保养,False,1.55,104.43,维修工D,已修复,
MNT-004956,2024-09-06 22:00:00,M20,密封件更换,True,17.06,5928.59,维修工A,已修复,建议大修
MNT-004957,2025-01-28 21:00:00,M09,换油,True,19.48,4389.36,维修工B,已修复,
MNT-004958,2024-03-15 11:00:00,M27,密封件更换,True,21.79,5916.68,维修工D,已修复,
MNT-004959,2025-05-28 15:00:00,M17,注射故障,True,15.39,5643.09,维修工C,已修复,
MNT-004960,2024-10-15 21:00:00,M19,密封件更换,True,16.47,7459.43,维修工C,已修复,
MNT-004961,2025-10-29 18:00:00,M25,注射故障,True,19.07,3244.19,维修工D,已修复,
MNT-004962,2024-01-17 01:00:00,M14,故障维修,True,20.84,4195.0,维修工B,已修复,
MNT-004963,2024-09-13 08:00:00,M05,预防性保养,False,3.11,242.09,维修工C,已修复,更换备件
MNT-004964,2025-10-28 16:00:00,M22,液压故障,True,3.68,6472.01,维修工A,已修复,建议大修
MNT-004965,2025-06-24 00:00:00,M14,注射故障,True,18.66,2943.78,维修工C,已修复,需要厂家支持
MNT-004966,2024-04-29 03:00:00,M02,注射故障,True,15.65,2298.05,维修工A,已修复,
MNT-004967,2025-04-27 22:00:00,M23,液压故障,True,9.99,3299.66,维修工D,待跟进,
MNT-004968,2024-04-28 02:00:00,M19,液压故障,True,0.65,6685.28,维修工A,已修复,需要厂家支持
MNT-004969,2024-03-23 22:00:00,M03,密封件更换,True,14.26,3006.75,维修工B,已修复,需要厂家支持
MNT-004970,2025-02-22 00:00:00,M07,换油,True,14.42,5939.01,外部供应商,已修复,
MNT-004971,2025-10-26 20:00:00,M02,液压故障,True,0.83,7789.58,外部供应商,已修复,
MNT-004972,2025-06-05 13:00:00,M24,加热故障,True,16.07,6270.05,维修工C,已修复,
MNT-004973,2024-02-15 00:00:00,M14,换油,True,18.92,3934.13,维修工D,已修复,
MNT-004974,2025-09-01 17:00:00,M12,锁模故障,True,18.25,6049.87,维修工D,待跟进,需要厂家支持
MNT-004975,2024-04-04 21:00:00,M16,换油,True,22.4,4826.4,维修工D,已修复,
MNT-004976,2024-04-16 11:00:00,M29,锁模故障,True,13.15,5929.22,维修工D,已修复,
MNT-004977,2025-05-29 05:00:00,M29,滤芯更换,True,11.21,735.41,维修工B,已修复,
MNT-004978,2025-11-09 06:00:00,M17,加热故障,True,2.68,290.11,外部供应商,已修复,
MNT-004979,2024-07-20 02:00:00,M12,密封件更换,True,13.4,4052.86,维修工A,已修复,
MNT-004980,2025-01-18 11:00:00,M27,换油,True,4.37,6204.32,外部供应商,已修复,
MNT-004981,2025-08-08 17:00:00,M12,密封件更换,True,20.92,2349.74,维修工B,已修复,
MNT-004982,2024-09-18 10:00:00,M26,注射故障,True,3.32,5346.35,维修工A,已修复,
MNT-004983,2024-09-13 22:00:00,M01,滤芯更换,True,11.8,5165.23,维修工B,已修复,建议大修
MNT-004984,2026-01-29 10:00:00,M18,电气故障,True,2.86,2129.18,维修工D,已修复,更换备件
MNT-004985,2024-05-01 03:00:00,M28,故障维修,True,18.06,424.75,维修工A,已修复,需要厂家支持
MNT-004986,2024-08-19 20:00:00,M02,注射故障,True,4.15,1190.49,维修工D,待跟进,建议大修
MNT-004987,2024-02-03 15:00:00,M29,滤芯更换,True,4.61,7729.17,维修工C,已修复,
MNT-004988,2026-04-28 09:00:00,M29,电气故障,True,8.86,4411.76,维修工A,已修复,
MNT-004989,2025-06-19 16:00:00,M29,电气故障,True,12.01,1027.57,维修工A,已修复,建议大修
MNT-004990,2024-09-10 05:00:00,M18,锁模故障,True,5.31,6877.86,外部供应商,已修复,
MNT-004991,2024-10-15 19:00:00,M17,故障维修,True,9.32,981.05,维修工C,已修复,建议大修
MNT-004992,2024-09-26 05:00:00,M01,锁模故障,True,2.3,2191.25,外部供应商,已修复,
MNT-004993,2024-10-14 12:00:00,M08,换油,True,6.74,5103.65,维修工A,已修复,
MNT-004994,2026-01-24 10:00:00,M06,换油,True,17.95,4098.51,维修工C,已修复,需要厂家支持
MNT-004995,2025-11-01 10:00:00,M21,预防性保养,False,1.38,167.33,维修工D,已修复,更换备件
MNT-004996,2024-12-27 18:00:00,M27,电气故障,True,2.0,5042.93,维修工B,已修复,需要厂家支持
MNT-004997,2025-07-02 09:00:00,M26,滤芯更换,True,2.0,4072.91,维修工D,已修复,
MNT-004998,2024-11-26 20:00:00,M19,加热故障,True,10.32,4319.68,外部供应商,已修复,
MNT-004999,2026-03-13 03:00:00,M18,锁模故障,True,14.22,7541.61,外部供应商,已修复,需要厂家支持
MNT-005000,2025-04-09 20:00:00,M18,注射故障,True,22.89,7394.43,维修工A,已修复,建议大修
MNT-005001,2025-10-31 11:00:00,M24,滤芯更换,True,3.59,3502.49,维修工D,已修复,更换备件
MNT-005002,2024-07-18 01:00:00,M22,加热故障,True,1.6,7954.26,维修工B,已修复,更换备件
MNT-005003,2025-04-21 13:00:00,M23,密封件更换,True,13.53,6650.35,维修工A,已修复,更换备件
MNT-005004,2024-09-10 17:00:00,M07,预防性保养,False,0.72,1210.91,维修工C,已修复,建议大修
MNT-005005,2025-06-22 22:00:00,M08,电气故障,True,11.0,4186.1,外部供应商,已修复,
MNT-005006,2025-03-28 01:00:00,M15,锁模故障,True,17.98,1831.67,维修工C,已修复,建议大修
MNT-005007,2025-12-30 14:00:00,M26,加热故障,True,13.88,7824.66,外部供应商,已修复,更换备件
MNT-005008,2024-08-22 21:00:00,M03,锁模故障,True,9.21,830.57,维修工A,已修复,建议大修
MNT-005009,2025-10-31 08:00:00,M17,锁模故障,True,21.18,4895.16,维修工B,已修复,建议大修
MNT-005010,2024-05-23 09:00:00,M27,故障维修,True,7.85,3097.97,维修工A,已修复,更换备件
MNT-005011,2025-03-21 12:00:00,M09,滤芯更换,True,3.16,713.72,维修工B,已修复,
MNT-005012,2024-09-27 12:00:00,M19,电气故障,True,23.23,6219.58,维修工D,已修复,需要厂家支持
MNT-005013,2024-10-01 08:00:00,M26,液压故障,True,12.2,1003.43,维修工C,已修复,需要厂家支持
MNT-005014,2024-05-22 15:00:00,M27,加热故障,True,17.34,2595.46,维修工D,已修复,更换备件
MNT-005015,2026-04-12 14:00:00,M17,液压故障,True,3.41,5624.74,维修工B,已修复,
MNT-005016,2025-11-14 07:00:00,M26,电气故障,True,11.06,7136.54,维修工C,已修复,更换备件
MNT-005017,2024-06-10 06:00:00,M02,预防性保养,False,2.8,794.0,维修工B,已修复,需要厂家支持
MNT-005018,2025-06-03 23:00:00,M04,密封件更换,True,20.38,3721.45,维修工B,已修复,
MNT-005019,2024-04-05 01:00:00,M10,故障维修,True,12.61,4149.24,维修工C,已修复,需要厂家支持
MNT-005020,2024-09-08 11:00:00,M08,密封件更换,True,20.28,3236.15,维修工A,已修复,
MNT-005021,2024-08-30 19:00:00,M05,预防性保养,False,3.1,305.28,维修工A,已修复,更换备件
MNT-005022,2024-03-17 12:00:00,M18,锁模故障,True,18.1,6306.81,维修工B,已修复,
MNT-005023,2024-09-22 21:00:00,M02,换油,True,2.9,3583.09,维修工C,已修复,建议大修
MNT-005024,2026-02-21 20:00:00,M08,密封件更换,True,15.15,3639.24,维修工A,已修复,建议大修
MNT-005025,2025-11-12 18:00:00,M18,注射故障,True,8.12,3329.4,维修工A,已修复,需要厂家支持
MNT-005026,2026-02-04 20:00:00,M20,液压故障,True,9.14,492.27,维修工A,已修复,建议大修
MNT-005027,2025-10-21 08:00:00,M13,锁模故障,True,9.99,896.91,外部供应商,已修复,
MNT-005028,2024-05-03 02:00:00,M22,换油,True,19.26,1604.09,维修工D,已修复,建议大修
MNT-005029,2025-04-12 05:00:00,M19,密封件更换,True,14.64,7162.87,维修工A,已修复,更换备件
MNT-005030,2024-05-07 05:00:00,M22,预防性保养,False,0.7,243.17,外部供应商,已修复,
MNT-005031,2024-02-29 23:00:00,M05,注射故障,True,12.83,6295.95,维修工B,已修复,建议大修
MNT-005032,2025-04-16 01:00:00,M01,密封件更换,True,17.66,5462.61,外部供应商,已修复,更换备件
MNT-005033,2024-05-21 14:00:00,M11,滤芯更换,True,5.21,7596.24,维修工C,已修复,
MNT-005034,2025-08-24 12:00:00,M01,滤芯更换,True,3.09,3535.79,维修工D,已修复,
MNT-005035,2026-02-06 06:00:00,M11,锁模故障,True,11.76,7707.41,维修工B,已修复,
MNT-005036,2024-12-02 08:00:00,M26,故障维修,True,18.2,5173.05,维修工B,已修复,需要厂家支持
MNT-005037,2024-07-26 16:00:00,M11,加热故障,True,21.14,3330.63,维修工D,已修复,更换备件
MNT-005038,2026-03-27 09:00:00,M18,换油,True,16.36,7518.03,维修工A,已修复,需要厂家支持
MNT-005039,2025-03-01 23:00:00,M03,故障维修,True,5.6,4507.93,维修工A,已修复,
MNT-005040,2026-01-12 00:00:00,M14,锁模故障,True,11.37,7459.62,维修工C,已修复,
MNT-005041,2025-05-27 15:00:00,M10,液压故障,True,15.85,5346.85,维修工D,待跟进,
MNT-005042,2024-09-21 20:00:00,M07,预防性保养,False,1.37,303.03,维修工C,已修复,建议大修
MNT-005043,2025-03-18 08:00:00,M03,换油,True,21.11,6121.48,维修工C,已修复,需要厂家支持
MNT-005044,2026-03-28 19:00:00,M07,故障维修,True,9.7,4433.04,外部供应商,已修复,
MNT-005045,2024-02-07 17:00:00,M03,电气故障,True,19.24,3846.2,外部供应商,待跟进,更换备件
MNT-005046,2025-02-05 22:00:00,M17,注射故障,True,14.84,6488.44,维修工D,已修复,需要厂家支持
MNT-005047,2025-12-29 16:00:00,M16,电气故障,True,22.03,2355.61,维修工C,已修复,需要厂家支持
MNT-005048,2024-03-31 16:00:00,M21,换油,True,22.11,1569.88,维修工A,已修复,
MNT-005049,2025-11-09 10:00:00,M21,电气故障,True,12.48,2626.39,维修工C,已修复,更换备件
MNT-005050,2025-04-04 01:00:00,M03,电气故障,True,0.81,6925.79,维修工D,已修复,
MNT-005051,2026-02-28 06:00:00,M16,锁模故障,True,3.63,7854.07,外部供应商,已修复,需要厂家支持
MNT-005052,2025-10-12 08:00:00,M05,液压故障,True,19.45,5761.98,维修工A,已修复,
MNT-005053,2025-10-18 15:00:00,M11,预防性保养,False,2.32,635.55,维修工D,已修复,建议大修
MNT-005054,2024-03-26 00:00:00,M28,滤芯更换,True,1.98,2354.6,维修工A,已修复,
MNT-005055,2024-07-15 16:00:00,M21,滤芯更换,True,14.48,428.99,维修工B,已修复,
MNT-005056,2024-10-27 06:00:00,M02,预防性保养,False,1.13,954.05,维修工A,已修复,
MNT-005057,2024-01-22 02:00:00,M23,加热故障,True,10.21,2105.34,外部供应商,已修复,需要厂家支持
MNT-005058,2024-12-01 04:00:00,M19,换油,True,21.03,7732.64,外部供应商,已修复,建议大修
MNT-005059,2025-07-27 02:00:00,M03,滤芯更换,True,8.95,7923.34,维修工C,已修复,建议大修
MNT-005060,2025-04-08 10:00:00,M03,加热故障,True,19.42,3407.57,外部供应商,已修复,需要厂家支持
MNT-005061,2024-11-05 15:00:00,M26,液压故障,True,17.3,4546.79,维修工D,已修复,
MNT-005062,2026-03-26 16:00:00,M28,液压故障,True,13.83,7083.9,外部供应商,已修复,更换备件
MNT-005063,2025-10-05 00:00:00,M17,故障维修,True,16.69,3923.19,维修工C,已修复,建议大修
MNT-005064,2026-01-19 09:00:00,M26,密封件更换,True,16.55,5764.12,维修工A,已修复,需要厂家支持
MNT-005065,2024-08-28 06:00:00,M15,电气故障,True,7.25,3063.88,维修工C,已修复,
MNT-005066,2025-02-16 07:00:00,M20,密封件更换,True,4.48,4636.91,维修工B,已修复,需要厂家支持
MNT-005067,2024-01-28 13:00:00,M29,故障维修,True,6.98,3455.96,维修工C,已修复,
MNT-005068,2024-07-19 12:00:00,M24,液压故障,True,17.85,5000.23,维修工B,已修复,需要厂家支持
MNT-005069,2025-11-01 07:00:00,M04,电气故障,True,12.84,5053.21,维修工A,已修复,更换备件
MNT-005070,2025-08-18 00:00:00,M06,换油,True,11.52,5969.29,维修工D,已修复,需要厂家支持
MNT-005071,2025-07-03 13:00:00,M08,注射故障,True,20.82,639.45,维修工A,已修复,需要厂家支持
MNT-005072,2025-04-12 16:00:00,M04,密封件更换,True,10.97,1105.63,外部供应商,已修复,
MNT-005073,2025-07-28 18:00:00,M06,滤芯更换,True,2.33,1978.78,维修工C,已修复,
MNT-005074,2024-12-19 02:00:00,M23,液压故障,True,17.77,5379.28,维修工C,已修复,建议大修
MNT-005075,2024-12-17 03:00:00,M09,注射故障,True,18.47,1545.21,维修工C,已修复,需要厂家支持
MNT-005076,2025-09-17 02:00:00,M16,换油,True,19.26,5222.28,维修工B,已修复,更换备件
MNT-005077,2026-02-14 12:00:00,M02,注射故障,True,22.56,4810.89,维修工C,已修复,建议大修
MNT-005078,2025-06-15 17:00:00,M01,滤芯更换,True,5.23,775.03,维修工A,已修复,
MNT-005079,2025-10-31 00:00:00,M04,预防性保养,False,1.47,858.98,维修工B,已修复,建议大修
MNT-005080,2025-05-18 21:00:00,M29,加热故障,True,3.17,4801.32,维修工A,已修复,更换备件
MNT-005081,2025-10-19 21:00:00,M15,液压故障,True,20.8,4445.59,维修工B,已修复,
MNT-005082,2024-12-03 22:00:00,M13,注射故障,True,22.13,5342.66,维修工D,待跟进,
MNT-005083,2025-11-06 00:00:00,M14,密封件更换,True,4.47,2741.97,外部供应商,已修复,
MNT-005084,2026-02-11 19:00:00,M25,电气故障,True,9.2,1432.38,外部供应商,已修复,需要厂家支持
MNT-005085,2024-07-29 00:00:00,M16,密封件更换,True,13.37,6008.43,维修工D,已修复,需要厂家支持
MNT-005086,2024-05-02 22:00:00,M06,液压故障,True,4.02,3270.41,维修工A,已修复,建议大修
MNT-005087,2026-03-20 10:00:00,M16,注射故障,True,14.17,4821.11,维修工C,待跟进,建议大修
MNT-005088,2024-01-09 20:00:00,M04,液压故障,True,14.14,1810.91,维修工C,已修复,
MNT-005089,2025-07-13 11:00:00,M18,液压故障,True,8.07,5306.86,维修工D,已修复,
MNT-005090,2024-06-07 18:00:00,M15,换油,True,4.85,3068.52,维修工B,已修复,更换备件
MNT-005091,2025-05-03 08:00:00,M12,加热故障,True,17.67,7731.52,维修工A,已修复,更换备件
MNT-005092,2025-09-18 02:00:00,M18,锁模故障,True,1.03,1498.6,维修工C,已修复,建议大修
MNT-005093,2026-01-19 06:00:00,M17,故障维修,True,23.45,4093.61,外部供应商,已修复,
MNT-005094,2024-04-26 11:00:00,M20,密封件更换,True,6.23,7798.21,外部供应商,已修复,需要厂家支持
MNT-005095,2026-01-29 14:00:00,M13,液压故障,True,22.28,329.82,维修工B,已修复,
MNT-005096,2024-09-03 21:00:00,M21,密封件更换,True,3.13,1166.38,维修工C,已修复,需要厂家支持
MNT-005097,2025-11-25 01:00:00,M04,故障维修,True,20.13,1522.81,维修工A,已修复,建议大修
MNT-005098,2026-04-09 07:00:00,M05,密封件更换,True,13.95,6272.46,维修工B,已修复,需要厂家支持
MNT-005099,2024-05-26 21:00:00,M24,电气故障,True,4.12,7308.94,维修工D,已修复,
MNT-005100,2024-07-15 17:00:00,M12,预防性保养,False,1.03,258.45,维修工A,已修复,更换备件
MNT-005101,2026-04-24 19:00:00,M22,滤芯更换,True,20.21,5718.41,维修工A,已修复,
MNT-005102,2024-02-15 23:00:00,M14,换油,True,19.92,3966.78,维修工D,已修复,
MNT-005103,2026-04-27 05:00:00,M15,注射故障,True,15.38,677.84,维修工B,已修复,更换备件
MNT-005104,2024-06-29 20:00:00,M09,液压故障,True,2.6,4705.17,维修工A,已修复,更换备件
MNT-005105,2024-11-12 16:00:00,M27,注射故障,True,22.25,3847.05,维修工D,已修复,
MNT-005106,2025-08-08 17:00:00,M07,密封件更换,True,7.1,2125.95,维修工A,已修复,需要厂家支持
MNT-005107,2024-08-03 13:00:00,M15,滤芯更换,True,2.32,2647.52,维修工C,已修复,更换备件
MNT-005108,2026-04-01 16:00:00,M15,密封件更换,True,4.65,3458.49,维修工A,已修复,
MNT-005109,2025-06-14 21:00:00,M06,锁模故障,True,10.53,5738.75,维修工A,已修复,
MNT-005110,2026-02-19 17:00:00,M04,预防性保养,False,3.4,319.52,外部供应商,已修复,
MNT-005111,2024-11-24 03:00:00,M21,密封件更换,True,17.51,2503.73,维修工B,已修复,建议大修
MNT-005112,2026-01-14 01:00:00,M15,液压故障,True,22.82,1836.59,维修工D,已修复,
MNT-005113,2024-06-24 01:00:00,M03,加热故障,True,15.84,2349.36,维修工C,已修复,建议大修
MNT-005114,2025-07-27 12:00:00,M05,加热故障,True,13.1,7967.85,维修工A,已修复,更换备件
MNT-005115,2024-01-19 02:00:00,M08,密封件更换,True,14.74,5334.82,维修工C,已修复,
MNT-005116,2024-10-30 23:00:00,M04,故障维修,True,2.44,6549.47,维修工B,已修复,需要厂家支持
MNT-005117,2025-03-11 10:00:00,M13,锁模故障,True,22.06,6436.79,维修工A,已修复,
MNT-005118,2026-04-10 19:00:00,M19,预防性保养,False,2.47,286.06,维修工A,待跟进,需要厂家支持
MNT-005119,2024-07-25 01:00:00,M25,滤芯更换,True,9.06,1866.54,外部供应商,已修复,
MNT-005120,2025-02-28 20:00:00,M28,液压故障,True,15.38,6443.91,维修工B,已修复,
MNT-005121,2024-06-02 05:00:00,M08,滤芯更换,True,6.65,1246.17,维修工C,已修复,更换备件
MNT-005122,2026-02-26 13:00:00,M03,预防性保养,False,0.51,1453.56,维修工D,已修复,
MNT-005123,2024-09-01 13:00:00,M05,换油,True,12.23,6546.82,维修工C,已修复,
MNT-005124,2024-08-10 01:00:00,M06,故障维修,True,22.41,7310.09,维修工B,已修复,更换备件
MNT-005125,2025-09-02 03:00:00,M01,预防性保养,False,1.71,1023.69,维修工B,已修复,
MNT-005126,2026-02-16 12:00:00,M19,滤芯更换,True,0.54,1274.6,维修工A,已修复,建议大修
MNT-005127,2025-09-10 01:00:00,M05,换油,True,16.55,1615.35,维修工C,已修复,
MNT-005128,2026-04-29 01:00:00,M24,加热故障,True,15.68,2801.31,维修工D,已修复,
MNT-005129,2025-09-11 00:00:00,M06,换油,True,20.38,1420.69,维修工A,已修复,
MNT-005130,2024-05-20 22:00:00,M23,锁模故障,True,18.59,5956.23,维修工D,已修复,更换备件
MNT-005131,2025-09-03 19:00:00,M23,预防性保养,False,3.04,355.79,维修工A,已修复,
MNT-005132,2026-02-20 02:00:00,M18,注射故障,True,18.99,4276.67,外部供应商,已修复,
MNT-005133,2024-10-20 09:00:00,M05,液压故障,True,6.35,4970.81,维修工B,已修复,需要厂家支持
MNT-005134,2025-11-03 06:00:00,M02,加热故障,True,9.15,7370.81,维修工A,已修复,需要厂家支持
MNT-005135,2024-01-22 19:00:00,M17,滤芯更换,True,8.49,7704.46,维修工C,已修复,建议大修
MNT-005136,2026-01-19 04:00:00,M10,注射故障,True,15.89,7905.07,维修工A,已修复,建议大修
MNT-005137,2024-09-13 14:00:00,M21,密封件更换,True,3.62,1317.19,维修工A,已修复,
MNT-005138,2025-05-13 09:00:00,M15,密封件更换,True,1.73,2195.39,维修工B,已修复,更换备件
MNT-005139,2025-11-15 22:00:00,M26,预防性保养,False,1.09,1365.79,维修工B,已修复,
MNT-005140,2024-08-11 11:00:00,M17,滤芯更换,True,10.46,2007.39,外部供应商,已修复,建议大修
MNT-005141,2026-01-20 07:00:00,M20,故障维修,True,8.28,2076.29,维修工C,待跟进,更换备件
MNT-005142,2025-12-21 12:00:00,M14,换油,True,12.6,7271.52,维修工A,已修复,需要厂家支持
MNT-005143,2024-07-19 00:00:00,M22,滤芯更换,True,2.0,5894.67,维修工B,已修复,
MNT-005144,2024-07-12 05:00:00,M03,锁模故障,True,19.18,787.86,外部供应商,已修复,需要厂家支持
MNT-005145,2025-06-14 19:00:00,M05,故障维修,True,16.66,7504.97,维修工A,待跟进,
MNT-005146,2024-05-10 15:00:00,M03,滤芯更换,True,17.23,6814.25,维修工A,已修复,
MNT-005147,2025-09-12 20:00:00,M17,电气故障,True,16.16,668.72,维修工B,已修复,建议大修
MNT-005148,2025-06-18 09:00:00,M05,预防性保养,False,3.96,1455.11,维修工B,已修复,
MNT-005149,2026-03-15 01:00:00,M03,故障维修,True,15.52,6708.65,维修工B,已修复,建议大修
MNT-005150,2024-05-15 15:00:00,M20,加热故障,True,20.5,7621.61,维修工A,已修复,需要厂家支持
MNT-005151,2026-02-19 16:00:00,M24,滤芯更换,True,20.68,1848.43,维修工D,已修复,需要厂家支持
MNT-005152,2026-01-16 20:00:00,M08,滤芯更换,True,7.47,1456.27,维修工C,已修复,需要厂家支持
MNT-005153,2025-09-10 02:00:00,M26,注射故障,True,5.47,6086.99,维修工A,已修复,更换备件
MNT-005154,2025-03-30 06:00:00,M23,密封件更换,True,2.01,5758.14,外部供应商,待跟进,
MNT-005155,2025-08-08 05:00:00,M28,故障维修,True,6.07,2358.6,维修工D,已修复,
MNT-005156,2024-01-01 09:00:00,M04,故障维修,True,22.74,997.25,维修工C,已修复,
MNT-005157,2024-10-21 01:00:00,M23,锁模故障,True,21.31,4422.51,维修工A,已修复,
MNT-005158,2026-02-01 11:00:00,M11,液压故障,True,9.07,7783.53,外部供应商,已修复,建议大修
MNT-005159,2025-11-08 11:00:00,M25,预防性保养,False,1.94,1427.06,维修工A,已修复,需要厂家支持
MNT-005160,2025-08-04 21:00:00,M29,故障维修,True,8.66,1527.28,维修工C,已修复,建议大修
MNT-005161,2026-03-26 20:00:00,M02,电气故障,True,18.07,1773.6,维修工A,已修复,
MNT-005162,2025-02-01 23:00:00,M11,注射故障,True,22.77,4847.38,维修工D,已修复,
MNT-005163,2025-05-30 20:00:00,M24,加热故障,True,3.67,6095.93,外部供应商,已修复,
MNT-005164,2025-11-13 09:00:00,M26,注射故障,True,7.89,2807.58,维修工A,已修复,建议大修
MNT-005165,2025-10-15 03:00:00,M10,滤芯更换,True,15.84,7396.92,维修工A,已修复,需要厂家支持
MNT-005166,2025-01-07 21:00:00,M04,预防性保养,False,2.04,1183.68,外部供应商,已修复,
MNT-005167,2026-01-05 18:00:00,M18,滤芯更换,True,13.32,6435.4,维修工A,已修复,
MNT-005168,2024-09-04 21:00:00,M18,故障维修,True,12.45,7577.11,维修工C,已修复,更换备件
MNT-005169,2026-03-03 02:00:00,M25,注射故障,True,12.43,4869.79,维修工D,已修复,更换备件
MNT-005170,2024-10-07 10:00:00,M25,注射故障,True,22.57,4160.38,维修工A,已修复,
MNT-005171,2024-11-14 04:00:00,M19,液压故障,True,23.3,7134.03,维修工B,已修复,建议大修
MNT-005172,2024-11-11 00:00:00,M29,换油,True,18.08,7859.84,外部供应商,已修复,建议大修
MNT-005173,2026-02-26 00:00:00,M17,液压故障,True,16.78,4842.95,维修工D,已修复,
MNT-005174,2025-09-16 08:00:00,M27,换油,True,23.14,4755.58,维修工A,已修复,更换备件
MNT-005175,2025-12-26 05:00:00,M18,滤芯更换,True,9.78,1475.31,外部供应商,已修复,
MNT-005176,2025-12-16 21:00:00,M10,电气故障,True,8.16,2722.52,维修工A,已修复,建议大修
MNT-005177,2025-05-31 10:00:00,M03,预防性保养,False,1.24,1454.06,外部供应商,已修复,建议大修
MNT-005178,2024-11-28 18:00:00,M06,滤芯更换,True,17.41,6895.15,维修工C,已修复,
MNT-005179,2025-03-05 18:00:00,M02,密封件更换,True,12.73,1618.33,维修工B,已修复,
MNT-005180,2025-12-08 23:00:00,M24,锁模故障,True,5.4,6714.33,维修工A,待跟进,需要厂家支持
MNT-005181,2025-06-09 04:00:00,M13,故障维修,True,21.41,3774.35,维修工C,已修复,
MNT-005182,2025-10-01 20:00:00,M24,电气故障,True,19.4,7141.87,维修工D,已修复,更换备件
MNT-005183,2025-07-11 20:00:00,M28,换油,True,13.63,5723.16,维修工C,已修复,
MNT-005184,2024-04-14 03:00:00,M07,加热故障,True,20.81,2967.97,外部供应商,已修复,更换备件
MNT-005185,2025-04-18 18:00:00,M11,预防性保养,False,3.24,524.2,维修工C,已修复,
MNT-005186,2024-10-31 19:00:00,M23,滤芯更换,True,12.28,372.87,维修工D,已修复,
MNT-005187,2026-03-19 07:00:00,M13,锁模故障,True,19.8,2120.89,维修工D,已修复,建议大修
MNT-005188,2025-09-08 05:00:00,M05,加热故障,True,5.97,210.48,维修工C,已修复,
MNT-005189,2025-06-18 01:00:00,M14,液压故障,True,9.98,2742.2,维修工A,已修复,
MNT-005190,2025-08-03 19:00:00,M18,电气故障,True,17.76,5532.88,维修工C,已修复,
MNT-005191,2026-04-03 01:00:00,M28,锁模故障,True,6.35,2423.12,维修工A,已修复,
MNT-005192,2024-02-12 07:00:00,M22,密封件更换,True,4.42,335.4,维修工D,已修复,
MNT-005193,2025-03-31 20:00:00,M23,液压故障,True,14.98,4097.09,维修工C,已修复,更换备件
MNT-005194,2025-10-24 14:00:00,M19,滤芯更换,True,12.57,5885.05,维修工C,已修复,需要厂家支持
MNT-005195,2026-02-13 00:00:00,M08,电气故障,True,20.14,279.5,维修工C,已修复,建议大修
MNT-005196,2024-09-22 04:00:00,M25,锁模故障,True,5.36,303.15,外部供应商,已修复,
MNT-005197,2025-05-02 12:00:00,M25,滤芯更换,True,3.24,753.37,维修工D,已修复,
MNT-005198,2024-03-01 06:00:00,M14,锁模故障,True,11.45,6947.33,维修工A,已修复,
MNT-005199,2025-09-08 06:00:00,M13,滤芯更换,True,23.38,5253.1,维修工C,已修复,
MNT-005200,2025-12-28 15:00:00,M20,换油,True,5.43,4632.91,维修工C,已修复,需要厂家支持
MNT-005201,2024-04-07 23:00:00,M25,锁模故障,True,15.39,5898.41,维修工C,已修复,
MNT-005202,2025-02-09 08:00:00,M05,锁模故障,True,17.22,7811.31,维修工D,已修复,
MNT-005203,2025-05-01 17:00:00,M14,电气故障,True,5.94,6105.3,维修工A,已修复,建议大修
MNT-005204,2025-07-11 14:00:00,M10,液压故障,True,14.08,2369.65,维修工B,已修复,需要厂家支持
MNT-005205,2025-07-27 22:00:00,M16,滤芯更换,True,22.49,3712.02,维修工A,已修复,
MNT-005206,2024-12-03 18:00:00,M01,加热故障,True,10.75,3333.8,维修工B,已修复,需要厂家支持
MNT-005207,2024-04-08 10:00:00,M29,锁模故障,True,23.74,5643.31,维修工C,已修复,需要厂家支持
MNT-005208,2025-03-18 13:00:00,M27,加热故障,True,14.69,1835.54,维修工A,已修复,
MNT-005209,2025-01-29 10:00:00,M14,加热故障,True,7.39,1867.01,维修工B,已修复,
MNT-005210,2024-03-07 08:00:00,M28,注射故障,True,17.91,5359.71,维修工B,已修复,
MNT-005211,2024-03-15 11:00:00,M22,电气故障,True,4.8,6336.45,维修工C,已修复,更换备件
MNT-005212,2025-12-08 20:00:00,M29,锁模故障,True,22.15,5412.04,维修工C,已修复,建议大修
MNT-005213,2024-06-14 16:00:00,M19,密封件更换,True,16.01,1719.53,维修工D,已修复,
MNT-005214,2024-03-17 12:00:00,M07,锁模故障,True,1.68,1434.87,维修工D,已修复,
MNT-005215,2025-07-18 05:00:00,M06,液压故障,True,18.81,6520.93,外部供应商,已修复,需要厂家支持
MNT-005216,2024-04-21 21:00:00,M19,液压故障,True,9.24,2369.41,维修工B,已修复,
MNT-005217,2025-03-11 06:00:00,M02,滤芯更换,True,14.11,2434.32,维修工A,已修复,
MNT-005218,2024-07-19 12:00:00,M15,液压故障,True,7.21,6649.14,维修工B,已修复,
MNT-005219,2025-01-10 17:00:00,M19,电气故障,True,8.01,5948.94,维修工A,已修复,需要厂家支持
MNT-005220,2024-12-04 01:00:00,M17,锁模故障,True,6.86,3808.23,维修工A,已修复,
MNT-005221,2024-02-22 04:00:00,M23,注射故障,True,21.95,5056.81,维修工B,已修复,
MNT-005222,2025-07-29 12:00:00,M05,电气故障,True,2.43,7308.79,外部供应商,已修复,
MNT-005223,2024-12-29 22:00:00,M24,锁模故障,True,12.6,3972.71,外部供应商,已修复,需要厂家支持
MNT-005224,2024-11-02 13:00:00,M15,锁模故障,True,6.0,1929.84,维修工D,已修复,更换备件
MNT-005225,2025-10-24 04:00:00,M24,故障维修,True,9.63,6074.92,维修工C,已修复,更换备件
MNT-005226,2025-12-21 19:00:00,M11,密封件更换,True,21.68,214.98,外部供应商,已修复,建议大修
MNT-005227,2025-12-05 13:00:00,M28,换油,True,22.18,4838.72,维修工A,已修复,
MNT-005228,2026-01-01 05:00:00,M25,滤芯更换,True,3.86,5749.14,维修工D,已修复,需要厂家支持
MNT-005229,2025-01-25 12:00:00,M27,注射故障,True,21.79,7129.92,维修工D,已修复,
MNT-005230,2025-11-03 16:00:00,M23,液压故障,True,17.06,5270.01,维修工C,已修复,建议大修
MNT-005231,2024-12-23 07:00:00,M20,预防性保养,False,1.18,1445.66,外部供应商,已修复,需要厂家支持
MNT-005232,2024-11-06 11:00:00,M27,加热故障,True,23.49,2757.11,维修工C,已修复,
MNT-005233,2026-02-23 22:00:00,M17,滤芯更换,True,13.47,5542.41,维修工D,已修复,需要厂家支持
MNT-005234,2024-12-24 09:00:00,M05,故障维修,True,22.68,5658.07,维修工C,已修复,
MNT-005235,2024-04-09 11:00:00,M22,加热故障,True,15.23,5024.48,外部供应商,已修复,
MNT-005236,2025-11-19 09:00:00,M24,故障维修,True,11.86,2618.12,维修工A,已修复,
MNT-005237,2025-08-17 18:00:00,M03,加热故障,True,16.39,5113.32,维修工B,已修复,建议大修
MNT-005238,2024-09-24 23:00:00,M14,电气故障,True,12.56,5196.61,维修工C,已修复,建议大修
MNT-005239,2024-11-15 13:00:00,M03,滤芯更换,True,5.24,1440.52,维修工B,已修复,更换备件
MNT-005240,2024-10-02 15:00:00,M28,换油,True,21.87,2043.15,维修工B,已修复,
MNT-005241,2026-03-27 11:00:00,M19,换油,True,6.65,3447.89,维修工A,已修复,更换备件
MNT-005242,2024-12-03 22:00:00,M07,注射故障,True,11.84,7989.06,维修工A,已修复,
MNT-005243,2024-01-04 05:00:00,M27,滤芯更换,True,11.96,1136.53,维修工C,已修复,更换备件
MNT-005244,2024-05-18 23:00:00,M02,预防性保养,False,1.81,121.09,维修工A,已修复,
MNT-005245,2024-02-21 23:00:00,M04,换油,True,2.81,6353.57,外部供应商,已修复,需要厂家支持
MNT-005246,2025-02-12 03:00:00,M21,故障维修,True,2.47,4183.21,维修工B,已修复,
MNT-005247,2024-11-28 00:00:00,M04,换油,True,12.23,5666.98,维修工A,已修复,需要厂家支持
MNT-005248,2025-07-08 08:00:00,M27,密封件更换,True,21.3,1943.96,维修工B,已修复,需要厂家支持
MNT-005249,2024-11-25 07:00:00,M05,液压故障,True,0.85,6504.34,维修工C,已修复,
MNT-005250,2024-01-03 04:00:00,M29,换油,True,6.03,4564.03,维修工A,已修复,更换备件
MNT-005251,2025-12-05 18:00:00,M19,锁模故障,True,1.01,7162.31,外部供应商,已修复,需要厂家支持
MNT-005252,2025-11-30 04:00:00,M16,注射故障,True,1.18,3363.27,维修工C,已修复,
MNT-005253,2026-01-10 01:00:00,M02,换油,True,1.99,3780.23,维修工D,已修复,建议大修
MNT-005254,2025-02-28 06:00:00,M28,密封件更换,True,10.95,445.39,外部供应商,已修复,需要厂家支持
MNT-005255,2024-06-20 13:00:00,M17,故障维修,True,16.28,5983.41,维修工B,待跟进,需要厂家支持
MNT-005256,2025-02-16 21:00:00,M16,电气故障,True,16.42,4743.87,维修工D,已修复,需要厂家支持
MNT-005257,2025-10-25 11:00:00,M28,预防性保养,False,2.73,202.32,维修工B,已修复,更换备件
MNT-005258,2026-04-09 18:00:00,M03,锁模故障,True,3.5,7869.43,维修工D,已修复,
MNT-005259,2025-08-05 04:00:00,M03,锁模故障,True,6.28,7737.23,维修工A,已修复,
MNT-005260,2025-05-17 23:00:00,M05,密封件更换,True,18.73,7563.72,维修工A,已修复,更换备件
MNT-005261,2025-07-26 14:00:00,M18,锁模故障,True,8.33,7474.54,维修工D,已修复,更换备件
MNT-005262,2024-10-13 17:00:00,M07,锁模故障,True,16.97,1374.97,外部供应商,已修复,更换备件
MNT-005263,2024-11-18 02:00:00,M15,注射故障,True,6.37,3173.94,维修工D,已修复,
MNT-005264,2024-12-15 14:00:00,M13,换油,True,22.51,5541.05,维修工B,已修复,需要厂家支持
MNT-005265,2026-01-09 14:00:00,M29,滤芯更换,True,7.05,4413.4,外部供应商,已修复,
MNT-005266,2024-02-08 03:00:00,M03,预防性保养,False,0.81,258.48,维修工C,已修复,
MNT-005267,2025-01-10 19:00:00,M05,锁模故障,True,21.39,5455.94,维修工C,已修复,需要厂家支持
MNT-005268,2024-04-15 06:00:00,M06,注射故障,True,5.31,745.13,维修工B,已修复,建议大修
MNT-005269,2024-08-23 23:00:00,M03,滤芯更换,True,20.11,7545.4,维修工A,已修复,建议大修
MNT-005270,2024-05-15 12:00:00,M01,加热故障,True,7.27,4329.07,维修工D,已修复,
MNT-005271,2026-01-09 19:00:00,M14,锁模故障,True,21.34,681.88,维修工C,已修复,更换备件
MNT-005272,2025-09-24 11:00:00,M29,锁模故障,True,18.39,3292.18,外部供应商,已修复,更换备件
MNT-005273,2025-09-17 09:00:00,M10,电气故障,True,18.42,7854.48,外部供应商,已修复,建议大修
MNT-005274,2026-03-16 13:00:00,M13,注射故障,True,2.19,4758.63,维修工B,已修复,
MNT-005275,2024-03-03 03:00:00,M11,注射故障,True,17.09,2690.32,维修工D,已修复,
MNT-005276,2025-02-09 21:00:00,M22,注射故障,True,17.97,5699.86,维修工D,待跟进,更换备件
MNT-005277,2025-08-29 20:00:00,M01,滤芯更换,True,7.49,7068.61,维修工D,已修复,更换备件
MNT-005278,2025-01-22 19:00:00,M26,滤芯更换,True,18.62,4558.14,维修工C,已修复,
MNT-005279,2025-06-19 02:00:00,M29,锁模故障,True,4.04,6626.84,维修工B,待跟进,
MNT-005280,2025-12-21 03:00:00,M08,电气故障,True,17.79,791.96,外部供应商,已修复,建议大修
MNT-005281,2024-04-01 20:00:00,M05,滤芯更换,True,11.02,3470.01,外部供应商,已修复,需要厂家支持
MNT-005282,2025-07-23 23:00:00,M06,预防性保养,False,3.53,839.9,外部供应商,已修复,更换备件
MNT-005283,2025-01-01 15:00:00,M11,加热故障,True,5.74,1965.18,外部供应商,已修复,
MNT-005284,2026-02-14 16:00:00,M25,滤芯更换,True,8.05,6447.53,维修工C,已修复,需要厂家支持
MNT-005285,2025-01-04 03:00:00,M22,液压故障,True,17.36,4513.05,维修工A,已修复,
MNT-005286,2024-07-06 19:00:00,M11,滤芯更换,True,1.9,6183.82,维修工B,已修复,更换备件
MNT-005287,2025-03-21 21:00:00,M13,锁模故障,True,17.9,398.99,维修工C,已修复,建议大修
MNT-005288,2024-06-04 08:00:00,M11,换油,True,0.65,2735.72,维修工A,已修复,建议大修
MNT-005289,2024-05-25 13:00:00,M17,密封件更换,True,20.91,1197.74,维修工C,已修复,
MNT-005290,2025-02-19 09:00:00,M24,锁模故障,True,23.21,7128.17,维修工D,已修复,需要厂家支持
MNT-005291,2025-07-31 04:00:00,M29,换油,True,23.28,545.31,维修工D,已修复,
MNT-005292,2025-12-09 02:00:00,M25,电气故障,True,14.33,5099.94,维修工C,已修复,需要厂家支持
MNT-005293,2026-02-04 20:00:00,M22,换油,True,8.76,1009.26,维修工B,已修复,
MNT-005294,2025-06-01 23:00:00,M07,电气故障,True,6.17,5944.27,维修工C,已修复,建议大修
MNT-005295,2025-12-30 21:00:00,M10,预防性保养,False,2.18,1406.24,维修工A,已修复,建议大修
MNT-005296,2025-12-24 10:00:00,M21,加热故障,True,10.58,7371.42,外部供应商,已修复,建议大修
MNT-005297,2025-03-09 00:00:00,M15,故障维修,True,12.82,4294.76,维修工B,已修复,
MNT-005298,2024-08-27 05:00:00,M19,预防性保养,False,1.7,679.58,外部供应商,已修复,建议大修
MNT-005299,2025-09-21 04:00:00,M14,液压故障,True,12.19,3258.34,外部供应商,已修复,更换备件
MNT-005300,2025-08-24 12:00:00,M11,换油,True,21.49,5501.96,维修工A,已修复,
MNT-005301,2024-12-17 05:00:00,M13,注射故障,True,7.11,2215.28,维修工B,已修复,
MNT-005302,2025-10-15 01:00:00,M12,预防性保养,False,1.88,472.04,维修工D,已修复,需要厂家支持
MNT-005303,2026-03-16 09:00:00,M28,加热故障,True,7.94,2571.37,维修工C,已修复,需要厂家支持
MNT-005304,2024-05-03 18:00:00,M13,故障维修,True,5.28,3448.59,外部供应商,已修复,更换备件
MNT-005305,2025-02-23 03:00:00,M01,滤芯更换,True,19.12,936.73,维修工D,已修复,
MNT-005306,2024-04-29 13:00:00,M09,换油,True,15.76,379.09,维修工A,已修复,建议大修
MNT-005307,2025-10-06 07:00:00,M25,密封件更换,True,1.99,2534.76,维修工C,已修复,
MNT-005308,2024-11-16 03:00:00,M21,注射故障,True,10.92,426.87,维修工A,已修复,
MNT-005309,2025-06-16 13:00:00,M17,换油,True,18.22,992.79,维修工C,已修复,
MNT-005310,2024-11-27 20:00:00,M07,故障维修,True,18.28,4266.77,维修工B,已修复,更换备件
MNT-005311,2025-07-03 13:00:00,M12,电气故障,True,10.03,6797.29,维修工D,已修复,
MNT-005312,2025-02-10 01:00:00,M18,预防性保养,False,0.96,999.76,维修工B,已修复,需要厂家支持
MNT-005313,2025-07-13 18:00:00,M03,注射故障,True,2.47,7707.89,外部供应商,已修复,
MNT-005314,2024-03-19 16:00:00,M12,换油,True,9.39,3786.92,外部供应商,已修复,
MNT-005315,2024-03-02 14:00:00,M18,换油,True,23.11,462.14,外部供应商,已修复,更换备件
MNT-005316,2024-03-14 11:00:00,M22,换油,True,18.06,1031.35,维修工B,已修复,
MNT-005317,2024-02-28 07:00:00,M26,故障维修,True,16.65,4910.89,外部供应商,已修复,建议大修
MNT-005318,2025-01-14 04:00:00,M29,注射故障,True,16.22,2269.69,维修工B,已修复,
MNT-005319,2025-11-10 06:00:00,M19,锁模故障,True,6.6,362.74,维修工A,已修复,更换备件
MNT-005320,2025-08-04 02:00:00,M25,换油,True,4.11,1090.14,维修工C,已修复,
MNT-005321,2025-03-21 10:00:00,M22,加热故障,True,11.51,3572.73,维修工A,已修复,需要厂家支持
MNT-005322,2024-12-30 17:00:00,M19,液压故障,True,4.68,4396.08,维修工C,已修复,
MNT-005323,2025-07-02 10:00:00,M06,注射故障,True,10.45,3561.29,维修工B,已修复,
MNT-005324,2025-08-14 20:00:00,M20,预防性保养,False,1.27,1337.93,维修工C,已修复,
MNT-005325,2025-07-07 22:00:00,M10,故障维修,True,16.64,1946.99,维修工D,已修复,建议大修
MNT-005326,2025-06-15 01:00:00,M13,注射故障,True,10.98,3115.94,维修工B,已修复,
MNT-005327,2025-06-28 12:00:00,M07,故障维修,True,5.29,325.59,维修工B,已修复,
MNT-005328,2025-11-19 22:00:00,M19,密封件更换,True,10.07,1393.95,外部供应商,已修复,
MNT-005329,2025-01-01 02:00:00,M02,注射故障,True,4.34,228.3,维修工D,已修复,
MNT-005330,2025-07-20 22:00:00,M15,故障维修,True,3.5,6551.62,维修工A,已修复,需要厂家支持
MNT-005331,2024-01-14 03:00:00,M09,滤芯更换,True,18.5,2610.46,维修工D,已修复,
MNT-005332,2024-01-04 18:00:00,M09,换油,True,20.15,637.4,外部供应商,已修复,
MNT-005333,2026-04-24 11:00:00,M15,密封件更换,True,6.67,5105.62,维修工C,已修复,更换备件
MNT-005334,2025-02-21 21:00:00,M02,液压故障,True,20.28,3166.26,维修工A,已修复,
MNT-005335,2025-09-11 02:00:00,M22,加热故障,True,5.31,977.0,维修工D,已修复,
MNT-005336,2025-10-05 22:00:00,M14,锁模故障,True,12.86,7882.03,维修工D,已修复,
MNT-005337,2025-07-08 12:00:00,M09,密封件更换,True,21.65,3690.46,维修工B,已修复,更换备件
MNT-005338,2025-07-07 01:00:00,M16,密封件更换,True,5.07,4600.22,维修工C,已修复,
MNT-005339,2026-01-13 12:00:00,M29,电气故障,True,1.69,7532.68,维修工D,已修复,建议大修
MNT-005340,2025-12-08 08:00:00,M11,滤芯更换,True,12.27,4753.93,维修工C,已修复,
MNT-005341,2025-04-15 21:00:00,M17,滤芯更换,True,10.78,2070.7,维修工A,已修复,建议大修
MNT-005342,2024-06-07 01:00:00,M20,滤芯更换,True,13.79,3032.41,维修工B,已修复,建议大修
MNT-005343,2024-05-09 07:00:00,M10,电气故障,True,20.62,7703.03,外部供应商,已修复,建议大修
MNT-005344,2024-08-14 22:00:00,M09,加热故障,True,19.39,7185.36,维修工A,已修复,
MNT-005345,2024-06-07 05:00:00,M19,换油,True,10.35,4878.12,维修工B,已修复,需要厂家支持
MNT-005346,2024-02-13 01:00:00,M07,液压故障,True,6.85,3089.19,维修工D,已修复,更换备件
MNT-005347,2026-04-18 18:00:00,M19,锁模故障,True,2.79,1681.26,维修工B,已修复,建议大修
MNT-005348,2025-11-14 06:00:00,M19,滤芯更换,True,20.95,7258.79,维修工D,已修复,
MNT-005349,2025-05-14 05:00:00,M18,预防性保养,False,2.6,703.35,外部供应商,已修复,
MNT-005350,2025-09-04 00:00:00,M06,加热故障,True,4.76,3225.02,维修工B,已修复,
MNT-005351,2024-11-07 16:00:00,M10,液压故障,True,12.21,1798.67,维修工A,已修复,
MNT-005352,2024-02-05 23:00:00,M09,预防性保养,False,3.93,1227.15,维修工D,已修复,
MNT-005353,2025-09-16 15:00:00,M21,故障维修,True,5.38,6555.84,维修工A,已修复,
MNT-005354,2026-01-21 20:00:00,M12,电气故障,True,13.22,6619.51,维修工C,已修复,建议大修
MNT-005355,2025-11-09 01:00:00,M05,加热故障,True,15.96,2622.96,维修工D,已修复,更换备件
MNT-005356,2026-04-19 11:00:00,M13,液压故障,True,3.33,4776.03,维修工D,已修复,需要厂家支持
MNT-005357,2024-09-17 17:00:00,M02,故障维修,True,8.54,5270.21,维修工C,已修复,更换备件
MNT-005358,2025-05-18 15:00:00,M15,加热故障,True,2.01,4878.82,外部供应商,已修复,
MNT-005359,2025-02-13 04:00:00,M16,锁模故障,True,2.52,1627.97,维修工D,已修复,
MNT-005360,2026-04-09 19:00:00,M02,换油,True,8.92,3945.68,维修工B,已修复,更换备件
MNT-005361,2024-01-18 03:00:00,M10,锁模故障,True,19.01,2573.43,维修工C,已修复,
MNT-005362,2026-01-31 03:00:00,M10,故障维修,True,12.73,4024.11,外部供应商,已修复,
MNT-005363,2025-04-15 09:00:00,M02,电气故障,True,17.59,5554.93,维修工B,已修复,需要厂家支持
MNT-005364,2025-03-04 08:00:00,M18,故障维修,True,11.48,2367.75,维修工D,已修复,
MNT-005365,2025-10-20 20:00:00,M12,密封件更换,True,22.59,1802.42,维修工A,已修复,建议大修
MNT-005366,2026-02-20 03:00:00,M27,锁模故障,True,0.85,1363.22,维修工A,已修复,建议大修
MNT-005367,2024-03-08 05:00:00,M07,故障维修,True,8.96,2005.9,维修工D,已修复,建议大修
MNT-005368,2024-09-18 02:00:00,M07,锁模故障,True,20.4,7164.25,维修工A,已修复,
MNT-005369,2025-02-08 11:00:00,M19,预防性保养,False,0.65,293.12,维修工C,已修复,建议大修
MNT-005370,2024-04-13 16:00:00,M03,预防性保养,False,1.54,364.6,外部供应商,已修复,需要厂家支持
MNT-005371,2024-12-30 00:00:00,M13,密封件更换,True,2.07,337.65,维修工D,已修复,
MNT-005372,2025-02-19 00:00:00,M02,液压故障,True,9.34,2327.92,外部供应商,已修复,
MNT-005373,2025-06-02 16:00:00,M03,故障维修,True,4.33,733.71,外部供应商,已修复,
MNT-005374,2024-10-26 15:00:00,M04,注射故障,True,6.36,4365.19,维修工D,已修复,
MNT-005375,2025-12-20 18:00:00,M05,加热故障,True,18.65,1168.16,外部供应商,已修复,
MNT-005376,2025-11-25 05:00:00,M25,预防性保养,False,0.59,376.99,维修工D,已修复,建议大修
MNT-005377,2024-11-29 10:00:00,M04,液压故障,True,10.65,1796.47,维修工A,已修复,
MNT-005378,2024-12-23 16:00:00,M12,电气故障,True,20.95,4009.11,维修工B,已修复,
MNT-005379,2025-05-09 15:00:00,M29,电气故障,True,10.24,400.04,维修工D,已修复,需要厂家支持
MNT-005380,2025-11-21 10:00:00,M17,换油,True,21.85,6621.27,维修工A,已修复,
MNT-005381,2025-04-07 23:00:00,M10,滤芯更换,True,21.98,1177.51,维修工A,已修复,
MNT-005382,2024-11-04 14:00:00,M15,加热故障,True,10.42,7074.37,维修工D,已修复,建议大修
MNT-005383,2025-02-19 04:00:00,M01,液压故障,True,11.15,7297.71,维修工C,已修复,建议大修
MNT-005384,2025-08-01 19:00:00,M09,滤芯更换,True,9.42,4437.74,维修工C,已修复,需要厂家支持
MNT-005385,2024-01-01 17:00:00,M25,换油,True,3.18,3537.38,外部供应商,待跟进,
MNT-005386,2025-02-09 00:00:00,M24,预防性保养,False,1.87,1281.64,维修工B,已修复,
MNT-005387,2026-01-13 10:00:00,M26,预防性保养,False,1.28,1322.06,维修工C,已修复,更换备件
MNT-005388,2024-01-11 21:00:00,M27,锁模故障,True,17.77,599.55,维修工D,已修复,需要厂家支持
MNT-005389,2024-07-17 17:00:00,M07,密封件更换,True,6.34,4407.63,外部供应商,已修复,
MNT-005390,2024-11-17 21:00:00,M27,锁模故障,True,19.79,4350.41,外部供应商,已修复,更换备件
MNT-005391,2024-10-29 14:00:00,M02,密封件更换,True,7.66,7009.51,维修工B,待跟进,建议大修
MNT-005392,2024-02-07 14:00:00,M13,注射故障,True,9.59,323.97,维修工A,已修复,
MNT-005393,2025-11-29 08:00:00,M02,滤芯更换,True,6.35,5404.09,维修工B,已修复,需要厂家支持
MNT-005394,2025-10-21 11:00:00,M23,液压故障,True,16.01,4342.16,维修工B,已修复,
MNT-005395,2024-03-13 12:00:00,M22,锁模故障,True,1.88,2873.15,维修工A,已修复,
MNT-005396,2025-03-22 09:00:00,M02,注射故障,True,12.69,7992.79,维修工D,已修复,
MNT-005397,2024-03-11 12:00:00,M03,电气故障,True,0.73,4049.08,维修工D,已修复,
MNT-005398,2024-06-14 23:00:00,M19,注射故障,True,17.86,4975.24,维修工C,已修复,更换备件
MNT-005399,2026-02-15 19:00:00,M03,故障维修,True,3.12,5894.92,维修工A,已修复,
MNT-005400,2025-07-16 13:00:00,M15,故障维修,True,16.64,7984.18,维修工D,已修复,需要厂家支持
MNT-005401,2024-10-21 11:00:00,M24,加热故障,True,5.69,7771.45,维修工C,已修复,
MNT-005402,2024-11-08 01:00:00,M23,滤芯更换,True,18.35,1785.89,维修工C,已修复,
MNT-005403,2024-08-20 10:00:00,M28,预防性保养,False,2.25,224.43,维修工A,已修复,需要厂家支持
MNT-005404,2025-10-28 08:00:00,M25,密封件更换,True,10.08,505.66,维修工A,已修复,更换备件
MNT-005405,2026-02-07 06:00:00,M21,预防性保养,False,2.88,746.63,维修工B,已修复,
MNT-005406,2025-06-04 18:00:00,M09,故障维修,True,15.71,3300.39,维修工A,已修复,
MNT-005407,2024-03-06 06:00:00,M14,加热故障,True,22.15,1431.0,维修工D,待跟进,
MNT-005408,2024-10-07 00:00:00,M20,滤芯更换,True,18.05,4566.04,维修工C,已修复,需要厂家支持
MNT-005409,2024-02-24 15:00:00,M15,换油,True,15.03,3664.5,维修工B,已修复,
MNT-005410,2024-09-25 01:00:00,M25,故障维修,True,15.06,1548.08,维修工A,已修复,建议大修
MNT-005411,2025-11-27 16:00:00,M16,注射故障,True,17.18,5602.65,外部供应商,已修复,建议大修
MNT-005412,2025-12-18 09:00:00,M28,电气故障,True,13.1,6410.69,维修工C,待跟进,
MNT-005413,2025-01-20 15:00:00,M25,滤芯更换,True,3.87,1316.34,维修工A,待跟进,
MNT-005414,2025-11-28 21:00:00,M10,液压故障,True,20.69,4249.91,维修工A,已修复,建议大修
MNT-005415,2024-05-20 21:00:00,M11,换油,True,20.4,4522.67,维修工B,已修复,建议大修
MNT-005416,2024-11-25 11:00:00,M08,故障维修,True,16.27,5081.74,维修工A,已修复,建议大修
MNT-005417,2024-03-18 14:00:00,M08,电气故障,True,13.27,7427.62,维修工C,已修复,
MNT-005418,2024-01-11 16:00:00,M12,加热故障,True,5.92,4604.55,外部供应商,已修复,
MNT-005419,2025-02-04 14:00:00,M21,换油,True,5.95,5537.74,维修工C,已修复,建议大修
MNT-005420,2024-03-08 00:00:00,M25,电气故障,True,15.45,1487.56,维修工D,已修复,
MNT-005421,2025-05-17 03:00:00,M03,预防性保养,False,0.77,859.23,维修工B,已修复,需要厂家支持
MNT-005422,2024-01-19 15:00:00,M23,注射故障,True,21.17,7690.21,维修工A,已修复,需要厂家支持
MNT-005423,2025-09-04 20:00:00,M16,加热故障,True,2.06,1481.59,维修工D,已修复,
MNT-005424,2024-02-03 06:00:00,M04,注射故障,True,16.3,3404.21,外部供应商,已修复,
MNT-005425,2024-05-30 21:00:00,M20,电气故障,True,6.7,6535.43,外部供应商,待跟进,更换备件
MNT-005426,2024-01-23 06:00:00,M19,锁模故障,True,14.4,1825.96,维修工B,已修复,需要厂家支持
MNT-005427,2025-02-12 08:00:00,M17,锁模故障,True,16.38,6292.07,维修工D,已修复,
MNT-005428,2024-02-23 13:00:00,M12,电气故障,True,21.45,7651.69,维修工C,已修复,
MNT-005429,2025-06-04 20:00:00,M18,预防性保养,False,3.22,545.2,维修工B,已修复,更换备件
MNT-005430,2025-08-22 07:00:00,M09,密封件更换,True,22.1,3835.11,外部供应商,已修复,
MNT-005431,2024-03-30 19:00:00,M27,密封件更换,True,13.88,1185.31,外部供应商,已修复,
MNT-005432,2024-05-08 18:00:00,M02,液压故障,True,5.75,3617.76,维修工C,已修复,更换备件
MNT-005433,2024-11-20 23:00:00,M15,加热故障,True,11.69,5489.18,维修工A,已修复,需要厂家支持
MNT-005434,2025-09-19 03:00:00,M06,加热故障,True,4.61,5506.61,维修工B,已修复,需要厂家支持
MNT-005435,2024-06-29 16:00:00,M11,故障维修,True,12.71,6356.36,维修工C,已修复,
MNT-005436,2025-06-26 14:00:00,M06,加热故障,True,15.58,5333.58,维修工A,已修复,建议大修
MNT-005437,2025-11-08 14:00:00,M09,预防性保养,False,2.89,191.57,维修工B,已修复,建议大修
MNT-005438,2024-01-16 16:00:00,M15,注射故障,True,8.39,1302.77,维修工A,已修复,需要厂家支持
MNT-005439,2024-11-29 06:00:00,M14,液压故障,True,1.01,5928.66,维修工B,已修复,更换备件
MNT-005440,2024-11-26 14:00:00,M22,注射故障,True,8.86,6091.53,维修工D,已修复,更换备件
MNT-005441,2024-09-12 05:00:00,M23,锁模故障,True,0.96,3121.45,维修工B,已修复,
MNT-005442,2026-04-01 17:00:00,M19,锁模故障,True,0.96,7286.84,维修工C,已修复,
MNT-005443,2024-10-12 05:00:00,M19,锁模故障,True,19.22,461.24,维修工B,已修复,
MNT-005444,2024-02-28 10:00:00,M12,故障维修,True,0.51,6382.8,维修工C,已修复,更换备件
MNT-005445,2024-04-16 16:00:00,M21,密封件更换,True,5.16,1816.15,维修工C,已修复,
MNT-005446,2025-09-29 14:00:00,M20,电气故障,True,12.98,2435.1,维修工C,已修复,
MNT-005447,2025-10-28 22:00:00,M07,液压故障,True,16.97,3809.88,维修工B,已修复,
MNT-005448,2024-11-17 22:00:00,M23,预防性保养,False,2.59,539.16,维修工A,已修复,建议大修
MNT-005449,2024-03-13 22:00:00,M21,电气故障,True,9.93,7131.07,维修工D,已修复,
MNT-005450,2026-04-22 03:00:00,M09,密封件更换,True,11.36,2345.35,维修工C,已修复,
MNT-005451,2024-04-24 14:00:00,M20,液压故障,True,14.18,5491.76,维修工A,已修复,建议大修
MNT-005452,2025-08-28 14:00:00,M09,换油,True,18.83,3705.7,外部供应商,已修复,需要厂家支持
MNT-005453,2024-03-31 07:00:00,M12,锁模故障,True,20.05,3001.52,维修工B,已修复,更换备件
MNT-005454,2024-03-04 20:00:00,M28,滤芯更换,True,22.21,4103.71,维修工A,已修复,需要厂家支持
MNT-005455,2024-12-03 22:00:00,M03,电气故障,True,2.93,7978.52,维修工A,已修复,需要厂家支持
MNT-005456,2024-01-06 04:00:00,M26,故障维修,True,9.25,1700.43,维修工D,已修复,
MNT-005457,2026-01-20 05:00:00,M03,密封件更换,True,0.51,6474.76,维修工B,已修复,
MNT-005458,2026-01-01 08:00:00,M20,换油,True,11.79,1072.74,外部供应商,已修复,
MNT-005459,2026-03-11 16:00:00,M20,锁模故障,True,3.72,3958.22,维修工B,已修复,需要厂家支持
MNT-005460,2024-04-14 21:00:00,M07,密封件更换,True,12.33,5413.32,维修工D,已修复,更换备件
MNT-005461,2026-04-14 06:00:00,M03,密封件更换,True,19.7,1544.21,维修工A,已修复,需要厂家支持
MNT-005462,2024-12-02 00:00:00,M26,锁模故障,True,10.81,4657.6,维修工A,已修复,
MNT-005463,2025-01-08 08:00:00,M23,换油,True,21.78,7683.01,外部供应商,已修复,更换备件
MNT-005464,2025-02-11 04:00:00,M14,锁模故障,True,16.19,1432.8,维修工A,已修复,更换备件
MNT-005465,2024-10-25 11:00:00,M29,液压故障,True,4.99,1289.96,维修工C,已修复,需要厂家支持
MNT-005466,2025-11-21 09:00:00,M21,密封件更换,True,13.53,3552.92,维修工B,已修复,
MNT-005467,2024-02-03 05:00:00,M29,预防性保养,False,1.82,386.64,外部供应商,已修复,建议大修
MNT-005468,2024-01-26 10:00:00,M07,注射故障,True,12.28,6172.58,维修工B,已修复,更换备件
MNT-005469,2024-01-30 06:00:00,M13,密封件更换,True,8.43,6813.2,维修工A,已修复,
MNT-005470,2025-10-02 02:00:00,M02,换油,True,13.67,7300.58,维修工B,已修复,需要厂家支持
MNT-005471,2024-04-08 04:00:00,M01,预防性保养,False,1.75,417.23,维修工C,已修复,需要厂家支持
MNT-005472,2025-06-20 00:00:00,M07,液压故障,True,10.31,4789.6,外部供应商,已修复,需要厂家支持
MNT-005473,2026-04-03 09:00:00,M07,注射故障,True,18.38,5965.99,维修工B,已修复,更换备件
MNT-005474,2026-04-19 04:00:00,M19,故障维修,True,20.25,4496.68,外部供应商,已修复,建议大修
MNT-005475,2025-11-23 07:00:00,M27,预防性保养,False,3.6,1152.34,维修工D,已修复,
MNT-005476,2026-01-17 11:00:00,M20,换油,True,13.65,5897.38,维修工A,已修复,需要厂家支持
MNT-005477,2024-01-10 15:00:00,M11,加热故障,True,6.61,4621.51,维修工C,已修复,建议大修
MNT-005478,2025-08-06 08:00:00,M19,注射故障,True,19.51,7649.6,维修工B,已修复,
MNT-005479,2024-09-14 18:00:00,M04,加热故障,True,13.99,5769.82,维修工C,已修复,
MNT-005480,2025-08-16 04:00:00,M08,换油,True,18.59,3579.52,维修工D,已修复,
MNT-005481,2024-12-20 18:00:00,M28,预防性保养,False,1.78,823.91,维修工C,已修复,更换备件
MNT-005482,2026-03-21 07:00:00,M10,密封件更换,True,12.77,7615.0,维修工D,已修复,
MNT-005483,2024-06-27 22:00:00,M21,密封件更换,True,7.32,7376.16,维修工A,已修复,需要厂家支持
MNT-005484,2025-12-16 08:00:00,M25,电气故障,True,9.5,7574.35,外部供应商,已修复,建议大修
MNT-005485,2026-03-11 03:00:00,M13,故障维修,True,6.02,5482.04,维修工A,已修复,
MNT-005486,2025-12-22 07:00:00,M24,液压故障,True,0.61,5496.95,维修工C,已修复,
MNT-005487,2024-11-13 08:00:00,M25,液压故障,True,10.88,6931.85,维修工B,已修复,需要厂家支持
MNT-005488,2024-08-04 02:00:00,M02,换油,True,20.51,2255.01,维修工D,已修复,
MNT-005489,2025-04-03 16:00:00,M07,预防性保养,False,1.79,1320.36,维修工C,已修复,
MNT-005490,2024-04-19 11:00:00,M03,密封件更换,True,17.83,1214.59,维修工D,已修复,
MNT-005491,2024-04-24 11:00:00,M18,预防性保养,False,2.67,1302.86,维修工D,已修复,
MNT-005492,2024-12-19 19:00:00,M05,注射故障,True,17.61,2911.43,维修工A,已修复,需要厂家支持
MNT-005493,2024-04-29 02:00:00,M08,故障维修,True,13.15,6677.48,维修工A,已修复,
MNT-005494,2025-03-19 11:00:00,M28,故障维修,True,18.68,7895.43,维修工D,已修复,建议大修
MNT-005495,2025-01-01 16:00:00,M05,注射故障,True,11.45,4423.68,外部供应商,已修复,需要厂家支持
MNT-005496,2025-12-12 18:00:00,M18,滤芯更换,True,1.85,1236.84,维修工D,已修复,
MNT-005497,2024-03-19 12:00:00,M17,滤芯更换,True,15.64,1329.21,维修工B,已修复,建议大修
MNT-005498,2024-05-25 04:00:00,M23,注射故障,True,1.01,7416.06,维修工C,已修复,
MNT-005499,2024-08-06 21:00:00,M26,锁模故障,True,4.9,7315.91,维修工D,已修复,需要厂家支持
MNT-005500,2024-09-15 02:00:00,M27,锁模故障,True,20.49,6673.25,外部供应商,已修复,需要厂家支持
MNT-005501,2024-10-29 11:00:00,M01,故障维修,True,19.53,3085.66,维修工C,已修复,更换备件
MNT-005502,2025-10-11 13:00:00,M24,液压故障,True,14.11,351.45,维修工D,已修复,
MNT-005503,2025-11-25 07:00:00,M20,注射故障,True,5.17,4066.41,维修工C,已修复,需要厂家支持
MNT-005504,2025-02-10 20:00:00,M18,预防性保养,False,1.28,884.37,维修工D,已修复,更换备件
MNT-005505,2025-06-19 06:00:00,M04,加热故障,True,22.29,7768.27,维修工B,已修复,建议大修
MNT-005506,2024-07-22 22:00:00,M21,预防性保养,False,2.64,310.77,维修工B,已修复,建议大修
MNT-005507,2024-12-05 19:00:00,M19,电气故障,True,1.4,1664.1,维修工A,已修复,
MNT-005508,2025-06-08 23:00:00,M25,滤芯更换,True,13.46,788.23,维修工A,已修复,建议大修
MNT-005509,2026-04-11 15:00:00,M16,密封件更换,True,20.24,2322.77,维修工C,已修复,更换备件
MNT-005510,2026-03-27 12:00:00,M24,故障维修,True,10.94,6730.41,外部供应商,已修复,更换备件
MNT-005511,2025-12-04 10:00:00,M17,滤芯更换,True,9.06,3558.05,维修工B,已修复,
MNT-005512,2025-06-01 16:00:00,M22,液压故障,True,17.48,7639.38,维修工A,已修复,需要厂家支持
MNT-005513,2024-09-03 00:00:00,M29,滤芯更换,True,21.01,6677.64,维修工C,已修复,
MNT-005514,2025-08-19 21:00:00,M07,换油,True,12.48,6035.07,维修工D,已修复,
MNT-005515,2026-04-14 11:00:00,M14,液压故障,True,3.36,2777.3,维修工D,已修复,建议大修
MNT-005516,2025-02-03 14:00:00,M21,注射故障,True,21.84,5404.51,维修工D,已修复,建议大修
MNT-005517,2025-02-27 21:00:00,M08,预防性保养,False,3.12,101.6,维修工D,已修复,需要厂家支持
MNT-005518,2025-07-25 21:00:00,M23,加热故障,True,12.58,7675.51,维修工A,已修复,
MNT-005519,2025-02-14 00:00:00,M15,加热故障,True,15.56,687.32,外部供应商,已修复,
MNT-005520,2026-02-15 00:00:00,M24,预防性保养,False,3.75,971.12,维修工B,待跟进,
MNT-005521,2025-12-11 00:00:00,M06,加热故障,True,23.71,4630.08,维修工C,已修复,更换备件
MNT-005522,2024-04-12 21:00:00,M14,液压故障,True,13.17,1048.02,维修工C,已修复,
MNT-005523,2024-02-05 13:00:00,M02,预防性保养,False,0.77,839.61,维修工A,已修复,更换备件
MNT-005524,2024-11-06 01:00:00,M17,密封件更换,True,12.93,558.19,维修工C,已修复,更换备件
MNT-005525,2025-12-10 08:00:00,M09,密封件更换,True,14.52,6034.66,外部供应商,已修复,更换备件
MNT-005526,2025-11-22 22:00:00,M19,电气故障,True,0.73,297.44,维修工A,已修复,需要厂家支持
MNT-005527,2025-07-15 00:00:00,M16,注射故障,True,9.81,2342.62,维修工C,已修复,
MNT-005528,2025-03-16 10:00:00,M14,故障维修,True,20.56,4026.32,维修工C,已修复,建议大修
MNT-005529,2025-05-29 14:00:00,M12,加热故障,True,13.55,5504.5,维修工C,已修复,需要厂家支持
MNT-005530,2024-07-22 06:00:00,M10,液压故障,True,0.55,5030.84,外部供应商,已修复,
MNT-005531,2025-08-05 07:00:00,M19,故障维修,True,1.56,3849.95,外部供应商,已修复,建议大修
MNT-005532,2025-12-05 19:00:00,M11,锁模故障,True,22.17,3031.26,维修工C,已修复,
MNT-005533,2025-11-08 18:00:00,M10,加热故障,True,12.86,4939.54,维修工D,已修复,
MNT-005534,2024-06-09 05:00:00,M05,密封件更换,True,8.19,4681.22,维修工D,已修复,更换备件
MNT-005535,2025-07-06 05:00:00,M13,密封件更换,True,17.58,671.18,维修工C,已修复,
MNT-005536,2024-10-06 20:00:00,M15,密封件更换,True,13.02,4384.04,维修工B,已修复,
MNT-005537,2024-04-03 16:00:00,M14,锁模故障,True,12.22,7559.32,维修工B,待跟进,建议大修
MNT-005538,2025-07-10 02:00:00,M16,密封件更换,True,23.78,2544.03,维修工D,已修复,需要厂家支持
MNT-005539,2024-07-20 12:00:00,M03,锁模故障,True,4.9,4331.05,维修工A,已修复,更换备件
MNT-005540,2024-05-30 18:00:00,M02,加热故障,True,3.51,1779.31,维修工D,已修复,建议大修
MNT-005541,2025-04-24 16:00:00,M12,滤芯更换,True,22.08,1723.41,外部供应商,已修复,建议大修
MNT-005542,2024-03-20 16:00:00,M02,密封件更换,True,1.42,1690.03,维修工B,已修复,
MNT-005543,2024-05-08 09:00:00,M04,密封件更换,True,5.79,6538.23,维修工B,已修复,建议大修
MNT-005544,2025-04-03 17:00:00,M23,液压故障,True,6.07,1918.33,维修工A,已修复,
MNT-005545,2024-09-06 23:00:00,M14,密封件更换,True,14.27,1039.51,维修工D,已修复,需要厂家支持
MNT-005546,2024-07-29 18:00:00,M21,预防性保养,False,3.75,280.31,维修工D,已修复,需要厂家支持
MNT-005547,2025-10-27 00:00:00,M20,电气故障,True,8.83,3307.21,外部供应商,已修复,
MNT-005548,2024-01-11 17:00:00,M14,换油,True,23.41,901.38,维修工C,已修复,更换备件
MNT-005549,2024-05-06 13:00:00,M28,注射故障,True,14.64,4621.64,维修工D,已修复,
MNT-005550,2025-03-04 21:00:00,M22,注射故障,True,16.2,707.79,外部供应商,已修复,
MNT-005551,2026-04-14 01:00:00,M04,换油,True,8.59,6727.42,维修工B,已修复,需要厂家支持
MNT-005552,2025-03-19 17:00:00,M17,注射故障,True,12.24,388.79,维修工D,已修复,
MNT-005553,2025-01-10 14:00:00,M01,液压故障,True,4.17,4257.08,维修工C,已修复,
MNT-005554,2024-11-26 11:00:00,M05,滤芯更换,True,19.13,7082.87,维修工B,已修复,
MNT-005555,2024-12-30 00:00:00,M01,注射故障,True,7.09,2474.7,维修工A,已修复,
MNT-005556,2025-05-28 13:00:00,M24,锁模故障,True,17.66,865.65,维修工D,已修复,
MNT-005557,2025-06-09 18:00:00,M21,预防性保养,False,0.69,351.58,维修工C,已修复,更换备件
MNT-005558,2024-11-04 18:00:00,M13,滤芯更换,True,6.11,496.45,维修工C,已修复,
MNT-005559,2025-09-19 21:00:00,M21,换油,True,9.65,2689.04,外部供应商,已修复,
MNT-005560,2024-06-26 02:00:00,M01,加热故障,True,7.96,7893.86,维修工D,已修复,需要厂家支持
MNT-005561,2026-04-21 11:00:00,M07,电气故障,True,21.47,6619.02,维修工A,已修复,需要厂家支持
MNT-005562,2025-12-29 16:00:00,M29,换油,True,6.3,2864.07,外部供应商,已修复,建议大修
MNT-005563,2025-05-06 13:00:00,M23,液压故障,True,6.68,7103.87,维修工B,已修复,
MNT-005564,2024-09-22 17:00:00,M14,加热故障,True,17.69,5241.75,维修工B,已修复,建议大修
MNT-005565,2024-01-05 20:00:00,M22,滤芯更换,True,19.08,5292.58,外部供应商,已修复,
MNT-005566,2025-08-04 03:00:00,M12,密封件更换,True,6.62,1845.07,维修工A,已修复,建议大修
MNT-005567,2025-06-25 02:00:00,M13,滤芯更换,True,8.27,4886.42,维修工C,已修复,建议大修
MNT-005568,2025-09-11 14:00:00,M29,故障维修,True,5.1,4482.25,维修工D,已修复,需要厂家支持
MNT-005569,2024-02-08 00:00:00,M11,加热故障,True,10.6,1199.17,维修工D,已修复,更换备件
MNT-005570,2024-02-29 03:00:00,M26,故障维修,True,19.71,5705.3,维修工D,已修复,
MNT-005571,2026-02-24 13:00:00,M19,锁模故障,True,11.94,5857.49,维修工A,已修复,
MNT-005572,2024-03-20 08:00:00,M25,锁模故障,True,4.85,3862.43,维修工A,已修复,
MNT-005573,2024-10-17 00:00:00,M23,换油,True,9.57,5676.95,外部供应商,已修复,需要厂家支持
MNT-005574,2025-12-20 19:00:00,M24,加热故障,True,14.02,6554.89,维修工A,已修复,建议大修
MNT-005575,2024-06-20 22:00:00,M22,锁模故障,True,1.84,6341.38,维修工D,已修复,
MNT-005576,2024-05-24 11:00:00,M28,密封件更换,True,1.53,2425.89,维修工C,已修复,
MNT-005577,2026-01-14 03:00:00,M12,锁模故障,True,6.56,941.52,维修工D,已修复,
MNT-005578,2025-10-16 18:00:00,M17,密封件更换,True,7.76,6416.55,维修工B,已修复,
MNT-005579,2024-03-17 00:00:00,M10,滤芯更换,True,1.42,6651.91,维修工D,待跟进,需要厂家支持
MNT-005580,2024-03-13 03:00:00,M25,电气故障,True,9.16,7303.82,维修工D,已修复,建议大修
MNT-005581,2024-03-16 06:00:00,M18,预防性保养,False,3.41,1199.17,外部供应商,已修复,
MNT-005582,2024-02-14 23:00:00,M12,密封件更换,True,11.83,3861.06,维修工D,待跟进,更换备件
MNT-005583,2024-06-02 11:00:00,M04,加热故障,True,5.25,5404.07,维修工C,已修复,
MNT-005584,2024-08-21 16:00:00,M28,滤芯更换,True,10.32,2046.24,维修工D,已修复,需要厂家支持
MNT-005585,2024-01-05 02:00:00,M04,注射故障,True,6.82,1154.76,维修工C,已修复,
MNT-005586,2025-10-22 21:00:00,M19,加热故障,True,4.16,5633.3,维修工D,已修复,
MNT-005587,2025-04-02 14:00:00,M20,预防性保养,False,2.92,818.04,维修工C,已修复,
MNT-005588,2024-04-07 13:00:00,M02,电气故障,True,10.68,4620.88,维修工D,已修复,
MNT-005589,2025-01-18 04:00:00,M04,加热故障,True,17.57,4983.85,维修工B,待跟进,
MNT-005590,2025-01-25 01:00:00,M14,滤芯更换,True,23.26,6893.26,维修工C,已修复,
MNT-005591,2024-04-04 15:00:00,M12,电气故障,True,22.28,3072.65,维修工B,已修复,建议大修
MNT-005592,2024-07-23 18:00:00,M17,锁模故障,True,10.27,7546.55,维修工D,已修复,
MNT-005593,2024-10-04 23:00:00,M10,加热故障,True,15.01,2759.59,外部供应商,已修复,需要厂家支持
MNT-005594,2025-06-06 03:00:00,M04,电气故障,True,17.09,3833.17,维修工A,已修复,
MNT-005595,2025-08-11 15:00:00,M03,故障维修,True,19.82,6792.72,维修工C,已修复,更换备件
MNT-005596,2024-05-06 04:00:00,M27,预防性保养,False,1.16,827.31,维修工A,已修复,
MNT-005597,2025-09-02 19:00:00,M18,加热故障,True,19.88,7553.17,维修工D,已修复,
MNT-005598,2024-06-18 08:00:00,M21,电气故障,True,6.1,6407.75,维修工B,已修复,
MNT-005599,2025-03-31 02:00:00,M10,加热故障,True,23.86,1766.75,维修工C,已修复,更换备件
MNT-005600,2025-06-26 22:00:00,M11,液压故障,True,8.62,3749.39,维修工D,已修复,更换备件
MNT-005601,2024-02-07 00:00:00,M19,预防性保养,False,3.33,915.58,维修工D,已修复,
MNT-005602,2025-04-24 12:00:00,M16,预防性保养,False,3.41,1114.74,外部供应商,已修复,
MNT-005603,2025-10-30 10:00:00,M27,密封件更换,True,14.78,4449.21,维修工A,已修复,需要厂家支持
MNT-005604,2026-02-16 22:00:00,M03,锁模故障,True,14.97,4421.48,维修工D,待跟进,
MNT-005605,2024-03-17 01:00:00,M05,注射故障,True,21.97,3489.32,维修工C,已修复,
MNT-005606,2024-06-04 23:00:00,M15,换油,True,9.48,4249.49,外部供应商,待跟进,建议大修
MNT-005607,2025-02-14 22:00:00,M07,故障维修,True,12.35,7352.23,维修工A,已修复,
MNT-005608,2024-10-02 00:00:00,M26,液压故障,True,14.03,714.97,外部供应商,已修复,需要厂家支持
MNT-005609,2025-07-25 14:00:00,M07,滤芯更换,True,18.42,2618.92,维修工C,已修复,
MNT-005610,2026-03-30 16:00:00,M23,密封件更换,True,3.17,7761.28,维修工A,已修复,建议大修
MNT-005611,2024-04-08 21:00:00,M08,注射故障,True,21.55,6898.4,外部供应商,已修复,
MNT-005612,2026-02-04 12:00:00,M23,电气故障,True,9.76,5528.96,维修工C,已修复,建议大修
MNT-005613,2024-03-27 03:00:00,M20,故障维修,True,15.12,5282.69,外部供应商,待跟进,
MNT-005614,2024-03-28 12:00:00,M06,滤芯更换,True,5.68,5232.69,维修工C,已修复,
MNT-005615,2026-04-29 22:00:00,M25,注射故障,True,11.72,7636.01,维修工C,已修复,需要厂家支持
MNT-005616,2026-01-19 02:00:00,M12,故障维修,True,11.6,6773.25,外部供应商,已修复,
MNT-005617,2024-08-01 11:00:00,M24,故障维修,True,11.23,5088.01,维修工C,已修复,需要厂家支持
MNT-005618,2024-01-17 20:00:00,M09,加热故障,True,11.08,4135.05,外部供应商,已修复,更换备件
MNT-005619,2026-02-27 03:00:00,M09,密封件更换,True,15.44,6956.36,维修工C,已修复,
MNT-005620,2025-05-20 04:00:00,M02,锁模故障,True,8.07,6013.07,维修工B,已修复,需要厂家支持
MNT-005621,2024-04-29 19:00:00,M20,加热故障,True,15.31,5545.85,维修工B,已修复,
MNT-005622,2024-01-19 10:00:00,M06,密封件更换,True,15.25,6993.26,维修工B,已修复,建议大修
MNT-005623,2026-02-11 10:00:00,M16,预防性保养,False,3.17,181.41,维修工B,已修复,
MNT-005624,2025-05-31 03:00:00,M02,预防性保养,False,0.68,655.13,维修工D,已修复,建议大修
MNT-005625,2025-07-12 09:00:00,M10,电气故障,True,6.49,6654.87,维修工C,已修复,需要厂家支持
MNT-005626,2025-08-26 19:00:00,M11,换油,True,12.65,5577.73,维修工B,待跟进,
MNT-005627,2024-06-06 23:00:00,M23,故障维修,True,2.73,5734.97,维修工D,已修复,
MNT-005628,2025-07-30 00:00:00,M15,预防性保养,False,3.86,187.19,维修工D,已修复,建议大修
MNT-005629,2024-03-05 09:00:00,M17,故障维修,True,21.41,569.87,维修工B,已修复,建议大修
MNT-005630,2025-02-14 05:00:00,M24,滤芯更换,True,1.18,3830.37,维修工D,已修复,
MNT-005631,2025-12-01 23:00:00,M15,换油,True,9.84,4564.37,维修工B,已修复,更换备件
MNT-005632,2025-07-08 14:00:00,M03,加热故障,True,19.1,5092.75,维修工C,已修复,
MNT-005633,2025-06-24 00:00:00,M05,滤芯更换,True,22.04,374.32,维修工C,已修复,建议大修
MNT-005634,2024-10-03 08:00:00,M11,电气故障,True,1.37,3631.82,维修工A,已修复,更换备件
MNT-005635,2026-01-28 01:00:00,M06,液压故障,True,14.96,5039.83,维修工D,已修复,需要厂家支持
MNT-005636,2025-09-22 10:00:00,M16,加热故障,True,16.99,6296.67,维修工B,已修复,
MNT-005637,2024-03-17 03:00:00,M23,加热故障,True,1.4,4137.19,维修工D,已修复,
MNT-005638,2025-03-26 02:00:00,M10,液压故障,True,8.58,6366.51,维修工B,已修复,
MNT-005639,2025-02-03 13:00:00,M02,锁模故障,True,11.7,6374.74,维修工C,已修复,更换备件
MNT-005640,2024-11-12 03:00:00,M04,锁模故障,True,1.47,4144.22,维修工D,已修复,建议大修
MNT-005641,2025-06-14 15:00:00,M03,液压故障,True,9.51,659.82,外部供应商,已修复,需要厂家支持
MNT-005642,2025-10-16 04:00:00,M23,电气故障,True,22.01,4568.53,外部供应商,已修复,建议大修
MNT-005643,2024-06-29 01:00:00,M19,故障维修,True,6.52,6810.72,维修工B,已修复,
MNT-005644,2025-05-10 00:00:00,M17,锁模故障,True,3.35,6916.77,维修工A,已修复,
MNT-005645,2024-01-29 14:00:00,M03,电气故障,True,3.31,3902.44,外部供应商,已修复,
MNT-005646,2026-04-21 18:00:00,M03,换油,True,2.55,6623.35,维修工C,已修复,
MNT-005647,2024-06-21 15:00:00,M29,注射故障,True,17.24,7500.35,外部供应商,已修复,需要厂家支持
MNT-005648,2025-02-17 12:00:00,M06,密封件更换,True,10.51,3723.43,外部供应商,已修复,
MNT-005649,2025-09-26 16:00:00,M09,液压故障,True,8.69,1265.67,外部供应商,已修复,
MNT-005650,2025-06-03 15:00:00,M02,锁模故障,True,19.04,5393.56,维修工D,已修复,建议大修
MNT-005651,2025-07-20 02:00:00,M19,预防性保养,False,2.07,313.93,维修工A,已修复,需要厂家支持
MNT-005652,2026-01-16 17:00:00,M26,滤芯更换,True,17.82,3955.14,外部供应商,已修复,需要厂家支持
MNT-005653,2024-04-17 14:00:00,M17,密封件更换,True,17.32,3034.08,维修工C,已修复,
MNT-005654,2025-11-17 01:00:00,M16,滤芯更换,True,5.25,4982.22,维修工A,已修复,需要厂家支持
MNT-005655,2024-03-18 19:00:00,M09,注射故障,True,21.25,424.48,外部供应商,已修复,
MNT-005656,2025-08-16 07:00:00,M25,密封件更换,True,20.84,3229.24,维修工B,已修复,建议大修
MNT-005657,2024-12-07 21:00:00,M25,电气故障,True,3.55,3704.4,外部供应商,已修复,需要厂家支持
MNT-005658,2024-09-01 15:00:00,M10,故障维修,True,15.71,1783.29,维修工C,已修复,需要厂家支持
MNT-005659,2025-10-21 11:00:00,M21,换油,True,4.86,3895.19,维修工A,已修复,需要厂家支持
MNT-005660,2024-03-14 23:00:00,M07,密封件更换,True,22.34,5417.82,维修工A,已修复,
MNT-005661,2025-09-06 20:00:00,M23,密封件更换,True,12.53,1619.5,维修工B,已修复,需要厂家支持
MNT-005662,2024-04-10 16:00:00,M15,锁模故障,True,11.87,7678.91,维修工A,已修复,
MNT-005663,2025-09-13 06:00:00,M05,加热故障,True,10.97,1605.26,外部供应商,已修复,需要厂家支持
MNT-005664,2024-01-10 17:00:00,M23,滤芯更换,True,3.95,2267.19,外部供应商,已修复,
MNT-005665,2025-08-05 17:00:00,M25,注射故障,True,18.34,4102.45,外部供应商,已修复,
MNT-005666,2024-01-25 22:00:00,M29,液压故障,True,16.32,2746.37,维修工A,已修复,
MNT-005667,2024-11-22 11:00:00,M16,加热故障,True,6.9,4358.84,维修工D,已修复,建议大修
MNT-005668,2025-01-24 03:00:00,M29,加热故障,True,21.43,2515.22,外部供应商,已修复,需要厂家支持
MNT-005669,2025-06-01 12:00:00,M03,故障维修,True,11.9,918.64,外部供应商,待跟进,建议大修
MNT-005670,2025-12-30 15:00:00,M22,注射故障,True,2.99,5234.78,维修工D,已修复,需要厂家支持
MNT-005671,2025-08-13 07:00:00,M16,液压故障,True,14.72,7655.8,维修工B,已修复,
MNT-005672,2025-04-18 10:00:00,M24,电气故障,True,7.4,2275.79,外部供应商,已修复,建议大修
MNT-005673,2026-04-09 13:00:00,M20,加热故障,True,11.55,3177.21,维修工B,已修复,更换备件
MNT-005674,2025-08-23 22:00:00,M12,预防性保养,False,3.02,947.18,外部供应商,已修复,
MNT-005675,2024-10-10 12:00:00,M24,密封件更换,True,18.88,6088.07,外部供应商,已修复,
MNT-005676,2024-10-10 05:00:00,M17,滤芯更换,True,17.18,2842.18,维修工C,已修复,需要厂家支持
MNT-005677,2025-02-09 23:00:00,M04,注射故障,True,6.52,3203.98,维修工B,已修复,需要厂家支持
MNT-005678,2024-06-03 11:00:00,M19,电气故障,True,5.65,570.43,维修工D,已修复,需要厂家支持
MNT-005679,2024-04-07 02:00:00,M11,锁模故障,True,15.13,4718.57,维修工B,已修复,更换备件
MNT-005680,2024-07-29 00:00:00,M14,加热故障,True,12.97,1875.16,维修工C,已修复,建议大修
MNT-005681,2025-02-02 10:00:00,M17,换油,True,18.74,1058.31,维修工A,已修复,建议大修
MNT-005682,2025-11-21 00:00:00,M13,预防性保养,False,2.08,384.46,维修工B,已修复,更换备件
MNT-005683,2024-10-02 11:00:00,M22,加热故障,True,5.63,2940.43,维修工D,已修复,更换备件
MNT-005684,2024-01-31 00:00:00,M05,锁模故障,True,17.58,7025.62,维修工D,已修复,
MNT-005685,2024-11-12 13:00:00,M27,液压故障,True,19.35,7931.94,维修工C,待跟进,更换备件
MNT-005686,2025-08-07 10:00:00,M06,滤芯更换,True,14.63,6013.08,维修工A,已修复,
MNT-005687,2024-09-12 21:00:00,M11,预防性保养,False,3.22,566.0,维修工B,已修复,
MNT-005688,2025-08-02 05:00:00,M26,故障维修,True,8.18,2734.55,维修工A,已修复,更换备件
MNT-005689,2025-05-01 02:00:00,M16,液压故障,True,22.56,6454.25,维修工C,已修复,更换备件
MNT-005690,2025-03-26 08:00:00,M23,加热故障,True,1.74,4868.65,维修工D,已修复,更换备件
MNT-005691,2025-08-06 20:00:00,M20,电气故障,True,9.56,7023.14,外部供应商,已修复,
MNT-005692,2024-04-22 10:00:00,M20,锁模故障,True,19.46,4634.7,维修工D,已修复,
MNT-005693,2025-02-01 00:00:00,M26,液压故障,True,3.7,4793.97,外部供应商,已修复,建议大修
MNT-005694,2025-01-13 11:00:00,M25,注射故障,True,0.7,4396.27,维修工C,已修复,建议大修
MNT-005695,2024-06-08 21:00:00,M01,电气故障,True,4.99,1226.73,维修工A,已修复,更换备件
MNT-005696,2025-04-01 01:00:00,M02,密封件更换,True,14.9,5511.3,维修工A,已修复,建议大修
MNT-005697,2025-10-01 02:00:00,M22,密封件更换,True,20.08,1444.21,维修工D,已修复,
MNT-005698,2025-11-02 09:00:00,M16,预防性保养,False,1.23,980.27,外部供应商,已修复,建议大修
MNT-005699,2024-12-20 06:00:00,M15,液压故障,True,8.56,2461.69,维修工A,待跟进,需要厂家支持
MNT-005700,2026-03-18 01:00:00,M21,预防性保养,False,3.48,1382.18,外部供应商,已修复,
MNT-005701,2025-10-07 04:00:00,M02,滤芯更换,True,15.87,3753.33,维修工C,已修复,建议大修
MNT-005702,2025-06-23 21:00:00,M10,加热故障,True,15.74,969.48,维修工A,已修复,
MNT-005703,2024-07-01 09:00:00,M02,电气故障,True,15.14,1979.31,维修工C,已修复,
MNT-005704,2024-03-02 09:00:00,M12,锁模故障,True,16.74,4097.34,外部供应商,已修复,
MNT-005705,2025-11-30 10:00:00,M08,锁模故障,True,7.12,6213.31,维修工B,已修复,建议大修
MNT-005706,2024-09-16 16:00:00,M16,换油,True,6.27,2324.67,维修工A,已修复,
MNT-005707,2025-04-05 19:00:00,M05,液压故障,True,12.83,4686.71,维修工D,已修复,需要厂家支持
MNT-005708,2024-01-07 23:00:00,M12,滤芯更换,True,10.33,7996.42,维修工B,已修复,
MNT-005709,2025-01-04 17:00:00,M24,密封件更换,True,12.83,3682.1,维修工B,已修复,
MNT-005710,2024-06-10 22:00:00,M03,滤芯更换,True,20.56,1125.94,维修工D,已修复,建议大修
MNT-005711,2026-02-19 10:00:00,M27,注射故障,True,23.43,3524.41,维修工A,已修复,建议大修
MNT-005712,2024-06-17 01:00:00,M26,换油,True,1.28,4370.45,维修工C,已修复,建议大修
MNT-005713,2025-04-29 10:00:00,M23,预防性保养,False,1.9,195.65,外部供应商,已修复,建议大修
MNT-005714,2025-01-30 23:00:00,M06,电气故障,True,7.11,3497.24,维修工C,已修复,
MNT-005715,2024-08-25 07:00:00,M10,滤芯更换,True,6.71,3373.29,维修工C,已修复,需要厂家支持
MNT-005716,2025-04-13 07:00:00,M09,预防性保养,False,3.35,1454.95,维修工A,已修复,更换备件
MNT-005717,2024-03-02 01:00:00,M27,锁模故障,True,10.34,5695.08,维修工C,已修复,
MNT-005718,2025-06-25 06:00:00,M17,换油,True,2.08,4264.19,维修工A,已修复,
MNT-005719,2025-07-05 17:00:00,M02,密封件更换,True,3.79,2661.81,维修工A,已修复,
MNT-005720,2026-02-27 02:00:00,M26,密封件更换,True,18.35,5985.69,维修工C,已修复,需要厂家支持
MNT-005721,2025-10-17 08:00:00,M22,电气故障,True,3.56,4567.28,维修工C,已修复,
MNT-005722,2024-12-26 00:00:00,M18,滤芯更换,True,20.61,6510.9,维修工D,已修复,更换备件
MNT-005723,2026-01-20 15:00:00,M17,电气故障,True,17.35,1583.4,维修工B,已修复,更换备件
MNT-005724,2025-07-14 13:00:00,M10,预防性保养,False,2.05,981.89,维修工D,已修复,建议大修
MNT-005725,2025-02-23 15:00:00,M09,电气故障,True,18.78,1717.15,外部供应商,已修复,
MNT-005726,2024-01-15 05:00:00,M16,电气故障,True,6.48,3138.48,维修工C,已修复,
MNT-005727,2024-07-26 02:00:00,M27,电气故障,True,7.56,1042.35,维修工C,已修复,需要厂家支持
MNT-005728,2025-12-24 19:00:00,M14,滤芯更换,True,22.09,331.1,维修工B,已修复,更换备件
MNT-005729,2024-05-16 18:00:00,M23,预防性保养,False,2.45,1221.97,外部供应商,已修复,更换备件
MNT-005730,2024-03-30 17:00:00,M02,电气故障,True,12.96,2225.5,维修工A,已修复,需要厂家支持
MNT-005731,2025-07-02 02:00:00,M22,滤芯更换,True,8.56,1497.57,外部供应商,待跟进,需要厂家支持
MNT-005732,2025-10-31 21:00:00,M06,电气故障,True,23.2,2272.6,维修工A,已修复,
MNT-005733,2024-03-12 22:00:00,M03,换油,True,10.17,5423.47,维修工D,已修复,
MNT-005734,2025-11-17 14:00:00,M01,滤芯更换,True,4.25,1584.13,维修工B,待跟进,更换备件
MNT-005735,2025-05-27 03:00:00,M24,预防性保养,False,1.81,1352.69,维修工D,已修复,
MNT-005736,2025-05-26 09:00:00,M10,液压故障,True,5.72,4252.8,维修工D,已修复,
MNT-005737,2026-04-06 10:00:00,M15,滤芯更换,True,3.9,2376.31,维修工D,已修复,需要厂家支持
MNT-005738,2025-12-28 01:00:00,M05,预防性保养,False,0.9,856.57,维修工B,已修复,
MNT-005739,2025-09-15 01:00:00,M25,预防性保养,False,3.35,1389.79,外部供应商,已修复,更换备件
MNT-005740,2024-10-18 05:00:00,M04,注射故障,True,10.94,5505.66,维修工D,已修复,
MNT-005741,2025-11-20 09:00:00,M05,液压故障,True,5.27,5366.94,维修工B,已修复,需要厂家支持
MNT-005742,2024-09-16 13:00:00,M14,故障维修,True,17.13,239.48,维修工D,已修复,需要厂家支持
MNT-005743,2024-11-28 10:00:00,M22,注射故障,True,2.99,1244.14,维修工A,已修复,更换备件
MNT-005744,2024-05-17 13:00:00,M15,加热故障,True,13.81,2667.32,维修工C,已修复,
MNT-005745,2024-08-26 08:00:00,M17,加热故障,True,22.36,1668.97,维修工C,已修复,
MNT-005746,2025-03-26 01:00:00,M15,换油,True,5.19,3588.49,维修工B,已修复,更换备件
MNT-005747,2024-11-02 02:00:00,M21,锁模故障,True,1.08,5886.76,维修工B,已修复,需要厂家支持
MNT-005748,2024-03-02 02:00:00,M26,换油,True,12.16,4988.04,维修工B,已修复,建议大修
MNT-005749,2025-05-15 19:00:00,M03,故障维修,True,10.32,4399.76,维修工A,已修复,
MNT-005750,2025-10-15 10:00:00,M18,注射故障,True,7.3,7564.17,维修工C,已修复,更换备件
MNT-005751,2024-05-07 22:00:00,M17,密封件更换,True,6.37,400.52,外部供应商,已修复,更换备件
MNT-005752,2025-11-11 02:00:00,M10,预防性保养,False,1.43,314.64,维修工D,已修复,需要厂家支持
MNT-005753,2026-01-07 16:00:00,M18,预防性保养,False,2.17,736.55,外部供应商,已修复,
MNT-005754,2025-11-17 18:00:00,M20,锁模故障,True,13.72,3932.79,维修工D,已修复,需要厂家支持
MNT-005755,2026-01-16 02:00:00,M28,滤芯更换,True,7.2,476.37,维修工B,已修复,
MNT-005756,2025-06-30 05:00:00,M12,锁模故障,True,7.5,5213.07,维修工D,已修复,需要厂家支持
MNT-005757,2026-01-01 00:00:00,M24,锁模故障,True,18.85,1720.58,维修工A,已修复,更换备件
MNT-005758,2025-09-05 15:00:00,M20,注射故障,True,21.48,6891.36,维修工B,已修复,
MNT-005759,2026-02-14 02:00:00,M07,滤芯更换,True,9.76,5213.93,维修工B,已修复,
MNT-005760,2025-04-15 02:00:00,M03,注射故障,True,8.02,1455.61,维修工B,已修复,需要厂家支持
MNT-005761,2025-03-08 08:00:00,M01,密封件更换,True,5.53,2474.92,维修工A,已修复,需要厂家支持
MNT-005762,2025-05-07 05:00:00,M20,换油,True,23.73,5571.84,维修工A,已修复,
MNT-005763,2026-04-21 07:00:00,M10,滤芯更换,True,16.81,5030.34,维修工A,已修复,
MNT-005764,2025-01-03 16:00:00,M24,密封件更换,True,14.93,7083.89,维修工B,已修复,需要厂家支持
MNT-005765,2025-09-14 01:00:00,M26,预防性保养,False,1.58,276.72,维修工D,已修复,
MNT-005766,2026-02-07 21:00:00,M27,加热故障,True,0.93,3054.24,维修工A,已修复,
MNT-005767,2024-12-29 10:00:00,M27,加热故障,True,22.27,3457.61,外部供应商,已修复,更换备件
MNT-005768,2024-12-15 09:00:00,M20,锁模故障,True,16.73,6684.7,维修工A,已修复,
MNT-005769,2024-02-13 04:00:00,M25,换油,True,8.37,7764.14,维修工D,已修复,需要厂家支持
MNT-005770,2026-04-05 14:00:00,M05,注射故障,True,12.5,1095.08,维修工D,已修复,
MNT-005771,2024-09-10 02:00:00,M03,注射故障,True,18.55,4007.85,维修工D,已修复,需要厂家支持
MNT-005772,2024-03-02 10:00:00,M17,注射故障,True,23.78,4174.14,外部供应商,已修复,
MNT-005773,2024-02-11 14:00:00,M01,故障维修,True,13.41,2362.77,维修工A,已修复,
MNT-005774,2024-12-04 19:00:00,M18,密封件更换,True,3.48,7819.98,维修工D,已修复,
MNT-005775,2024-03-16 09:00:00,M19,故障维修,True,17.43,2355.59,维修工A,已修复,建议大修
MNT-005776,2026-03-26 13:00:00,M15,滤芯更换,True,5.23,3354.94,维修工D,待跟进,
MNT-005777,2026-01-22 22:00:00,M12,加热故障,True,13.96,6376.42,维修工C,已修复,
MNT-005778,2024-08-16 12:00:00,M10,锁模故障,True,0.97,2866.11,维修工A,已修复,更换备件
MNT-005779,2025-01-22 12:00:00,M22,锁模故障,True,17.53,6342.64,维修工A,已修复,需要厂家支持
MNT-005780,2024-02-16 13:00:00,M13,注射故障,True,23.84,264.73,维修工C,已修复,
MNT-005781,2025-11-09 20:00:00,M17,注射故障,True,21.47,6931.45,维修工A,已修复,
MNT-005782,2024-04-18 05:00:00,M08,电气故障,True,5.08,948.71,维修工D,已修复,
MNT-005783,2025-02-09 18:00:00,M24,注射故障,True,22.1,7792.73,维修工A,已修复,
MNT-005784,2024-08-03 04:00:00,M01,液压故障,True,11.4,2002.23,维修工D,已修复,
MNT-005785,2024-05-11 11:00:00,M18,滤芯更换,True,11.59,4847.55,维修工B,已修复,建议大修
MNT-005786,2026-03-21 05:00:00,M29,换油,True,22.25,5228.89,维修工D,已修复,
MNT-005787,2024-06-22 23:00:00,M06,加热故障,True,2.43,4662.72,维修工C,已修复,
MNT-005788,2025-08-13 13:00:00,M20,加热故障,True,16.27,4675.3,维修工B,已修复,
MNT-005789,2024-06-24 08:00:00,M24,锁模故障,True,7.21,1753.01,维修工A,待跟进,
MNT-005790,2025-10-09 09:00:00,M10,注射故障,True,15.31,6898.53,维修工B,已修复,需要厂家支持
MNT-005791,2025-11-04 11:00:00,M18,加热故障,True,6.49,2325.39,外部供应商,已修复,建议大修
MNT-005792,2025-05-27 07:00:00,M07,锁模故障,True,1.12,2934.49,维修工D,已修复,
MNT-005793,2025-06-25 20:00:00,M21,滤芯更换,True,1.56,7425.72,维修工B,已修复,更换备件
MNT-005794,2024-07-27 05:00:00,M29,密封件更换,True,3.11,4761.79,维修工C,已修复,需要厂家支持
MNT-005795,2025-03-23 19:00:00,M29,加热故障,True,13.64,3294.32,外部供应商,已修复,建议大修
MNT-005796,2024-07-26 03:00:00,M06,电气故障,True,5.21,7944.67,维修工D,已修复,更换备件
MNT-005797,2026-03-26 13:00:00,M11,预防性保养,False,1.83,181.88,维修工D,已修复,
MNT-005798,2025-09-22 08:00:00,M01,换油,True,2.36,7570.86,维修工B,已修复,更换备件
MNT-005799,2026-04-17 19:00:00,M06,电气故障,True,21.73,606.33,维修工A,已修复,
MNT-005800,2024-01-18 18:00:00,M22,换油,True,5.94,4945.24,维修工A,已修复,
MNT-005801,2025-07-12 00:00:00,M06,加热故障,True,6.0,2614.21,维修工B,已修复,
MNT-005802,2024-03-08 20:00:00,M20,注射故障,True,16.7,1627.05,维修工C,已修复,建议大修
MNT-005803,2026-01-18 06:00:00,M17,滤芯更换,True,22.18,1430.58,维修工B,已修复,需要厂家支持
MNT-005804,2025-12-08 22:00:00,M12,电气故障,True,5.33,6030.32,维修工A,已修复,需要厂家支持
MNT-005805,2025-10-13 00:00:00,M03,故障维修,True,10.41,3833.82,维修工B,已修复,
MNT-005806,2024-03-10 22:00:00,M16,预防性保养,False,3.91,777.9,外部供应商,已修复,建议大修
MNT-005807,2024-01-05 19:00:00,M21,故障维修,True,15.56,829.62,维修工C,已修复,建议大修
MNT-005808,2025-06-04 14:00:00,M09,液压故障,True,8.62,6911.61,维修工D,已修复,需要厂家支持
MNT-005809,2024-12-17 18:00:00,M16,滤芯更换,True,4.1,2192.68,维修工D,已修复,更换备件
MNT-005810,2025-10-31 07:00:00,M03,注射故障,True,19.13,3530.65,维修工A,已修复,
MNT-005811,2024-02-05 15:00:00,M16,锁模故障,True,9.31,5935.76,维修工C,已修复,
MNT-005812,2024-06-01 02:00:00,M14,电气故障,True,9.93,675.45,外部供应商,已修复,
MNT-005813,2024-06-12 11:00:00,M24,滤芯更换,True,6.32,925.44,维修工B,已修复,
MNT-005814,2024-03-17 09:00:00,M13,预防性保养,False,3.07,539.1,维修工A,已修复,
MNT-005815,2025-09-09 18:00:00,M01,故障维修,True,13.53,5999.17,维修工A,已修复,建议大修
MNT-005816,2024-09-19 17:00:00,M20,预防性保养,False,3.88,1409.83,外部供应商,已修复,
MNT-005817,2026-02-05 14:00:00,M19,密封件更换,True,21.05,4184.31,外部供应商,已修复,需要厂家支持
MNT-005818,2026-01-07 14:00:00,M10,预防性保养,False,1.25,334.98,维修工B,已修复,
MNT-005819,2026-02-04 02:00:00,M10,注射故障,True,12.9,911.81,外部供应商,已修复,更换备件
MNT-005820,2024-02-09 09:00:00,M10,加热故障,True,9.23,7789.31,维修工C,已修复,需要厂家支持
MNT-005821,2024-04-13 09:00:00,M02,注射故障,True,10.35,6515.12,维修工B,已修复,
MNT-005822,2025-08-27 02:00:00,M18,锁模故障,True,10.0,7391.93,维修工B,已修复,需要厂家支持
MNT-005823,2024-08-11 21:00:00,M11,电气故障,True,11.58,3415.55,维修工D,已修复,需要厂家支持
MNT-005824,2025-03-21 10:00:00,M28,换油,True,8.37,6638.75,维修工B,已修复,建议大修
MNT-005825,2026-01-13 10:00:00,M28,换油,True,16.53,4108.37,维修工C,已修复,需要厂家支持
MNT-005826,2025-11-19 06:00:00,M25,锁模故障,True,6.21,714.92,维修工A,已修复,
MNT-005827,2024-07-07 06:00:00,M26,故障维修,True,17.49,4926.67,维修工D,已修复,更换备件
MNT-005828,2025-04-30 23:00:00,M17,滤芯更换,True,19.25,1428.2,外部供应商,已修复,建议大修
MNT-005829,2024-04-09 08:00:00,M04,锁模故障,True,12.93,5804.5,维修工A,已修复,
MNT-005830,2026-04-17 21:00:00,M29,加热故障,True,12.33,5160.67,维修工B,已修复,更换备件
MNT-005831,2025-05-18 15:00:00,M26,注射故障,True,0.65,479.17,外部供应商,已修复,
MNT-005832,2024-08-20 05:00:00,M24,密封件更换,True,17.35,6850.64,维修工A,已修复,建议大修
MNT-005833,2024-05-30 02:00:00,M28,液压故障,True,7.55,3467.57,维修工B,已修复,需要厂家支持
MNT-005834,2024-04-08 16:00:00,M26,注射故障,True,1.1,6930.55,维修工A,已修复,
MNT-005835,2024-02-09 21:00:00,M07,预防性保养,False,3.01,636.3,维修工B,已修复,需要厂家支持
MNT-005836,2025-01-05 08:00:00,M10,锁模故障,True,15.16,709.37,维修工B,已修复,
MNT-005837,2026-03-31 01:00:00,M22,滤芯更换,True,3.32,3163.16,维修工C,已修复,
MNT-005838,2025-01-01 17:00:00,M26,预防性保养,False,3.64,1202.91,维修工C,已修复,
MNT-005839,2025-08-02 21:00:00,M11,锁模故障,True,10.26,6268.79,维修工B,已修复,
MNT-005840,2025-10-06 10:00:00,M06,故障维修,True,18.77,7496.55,维修工C,已修复,
MNT-005841,2024-12-26 17:00:00,M14,液压故障,True,15.4,803.64,维修工B,已修复,更换备件
MNT-005842,2024-04-17 01:00:00,M13,滤芯更换,True,12.75,2871.51,维修工A,已修复,需要厂家支持
MNT-005843,2026-03-17 18:00:00,M03,加热故障,True,17.28,768.67,维修工A,已修复,需要厂家支持
MNT-005844,2025-05-06 05:00:00,M27,注射故障,True,16.02,6713.94,维修工D,已修复,建议大修
MNT-005845,2025-09-16 11:00:00,M16,锁模故障,True,6.91,7302.53,维修工D,已修复,更换备件
MNT-005846,2024-09-13 03:00:00,M29,密封件更换,True,0.9,532.86,维修工C,已修复,需要厂家支持
MNT-005847,2024-03-23 10:00:00,M22,液压故障,True,6.57,5106.82,外部供应商,已修复,
MNT-005848,2024-10-10 16:00:00,M18,锁模故障,True,15.1,4686.05,维修工D,已修复,需要厂家支持
MNT-005849,2024-07-19 00:00:00,M17,加热故障,True,2.84,947.43,维修工A,已修复,需要厂家支持
MNT-005850,2025-04-22 13:00:00,M08,锁模故障,True,17.16,7441.77,维修工D,已修复,需要厂家支持
MNT-005851,2024-10-26 06:00:00,M03,注射故障,True,12.26,470.35,维修工A,已修复,更换备件
MNT-005852,2024-08-25 00:00:00,M24,注射故障,True,19.55,1514.85,外部供应商,已修复,需要厂家支持
MNT-005853,2024-10-16 00:00:00,M26,电气故障,True,8.43,7286.49,维修工B,已修复,需要厂家支持
MNT-005854,2025-04-30 14:00:00,M03,密封件更换,True,1.57,2439.43,外部供应商,已修复,需要厂家支持
MNT-005855,2025-10-01 19:00:00,M01,滤芯更换,True,6.06,2488.34,外部供应商,已修复,更换备件
MNT-005856,2024-12-21 20:00:00,M23,注射故障,True,15.63,5289.62,外部供应商,已修复,建议大修
MNT-005857,2025-11-08 02:00:00,M12,加热故障,True,22.55,1333.08,维修工B,已修复,
MNT-005858,2026-01-12 09:00:00,M25,电气故障,True,0.51,4135.14,维修工C,已修复,更换备件
MNT-005859,2025-07-08 14:00:00,M02,预防性保养,False,2.13,864.8,维修工A,已修复,需要厂家支持
MNT-005860,2024-06-14 14:00:00,M21,加热故障,True,3.95,1564.82,维修工A,已修复,
MNT-005861,2025-07-12 23:00:00,M02,电气故障,True,5.87,388.56,维修工D,已修复,更换备件
MNT-005862,2024-12-25 23:00:00,M27,滤芯更换,True,9.96,1603.01,维修工C,已修复,更换备件
MNT-005863,2026-02-10 09:00:00,M23,注射故障,True,0.55,4934.15,维修工C,已修复,建议大修
MNT-005864,2024-07-23 08:00:00,M26,加热故障,True,0.88,5007.07,维修工B,已修复,
MNT-005865,2025-09-12 17:00:00,M27,液压故障,True,12.93,2473.26,维修工D,已修复,
MNT-005866,2024-06-17 21:00:00,M07,电气故障,True,12.09,6400.35,维修工B,已修复,
MNT-005867,2024-08-27 06:00:00,M03,加热故障,True,19.09,1797.29,维修工A,已修复,
MNT-005868,2025-02-20 22:00:00,M11,故障维修,True,13.76,5218.8,维修工A,已修复,需要厂家支持
MNT-005869,2024-02-06 18:00:00,M13,加热故障,True,11.65,2054.71,维修工C,已修复,建议大修
MNT-005870,2024-07-18 13:00:00,M25,预防性保养,False,3.26,453.52,维修工B,已修复,
MNT-005871,2026-03-15 10:00:00,M16,故障维修,True,19.19,1948.14,维修工B,已修复,建议大修
MNT-005872,2024-04-07 21:00:00,M24,锁模故障,True,4.92,2709.07,维修工C,已修复,更换备件
MNT-005873,2025-01-28 01:00:00,M12,电气故障,True,4.87,3991.65,维修工B,已修复,
MNT-005874,2024-01-16 07:00:00,M24,预防性保养,False,2.04,437.59,维修工A,已修复,
MNT-005875,2024-12-04 04:00:00,M13,液压故障,True,1.22,5958.68,维修工C,已修复,需要厂家支持
MNT-005876,2025-06-10 00:00:00,M05,加热故障,True,8.54,2789.08,外部供应商,待跟进,
MNT-005877,2026-02-01 23:00:00,M09,预防性保养,False,1.48,1112.11,维修工B,已修复,
MNT-005878,2025-01-16 05:00:00,M22,换油,True,6.85,4961.65,维修工D,已修复,
MNT-005879,2026-04-06 02:00:00,M04,预防性保养,False,1.71,835.57,维修工A,已修复,需要厂家支持
MNT-005880,2024-06-29 13:00:00,M12,液压故障,True,12.12,7964.79,维修工D,已修复,
MNT-005881,2024-05-26 01:00:00,M26,故障维修,True,19.52,4972.73,维修工B,已修复,更换备件
MNT-005882,2024-12-01 14:00:00,M02,加热故障,True,9.16,5542.7,外部供应商,已修复,建议大修
MNT-005883,2025-03-03 15:00:00,M08,加热故障,True,13.78,4152.63,维修工A,已修复,需要厂家支持
MNT-005884,2024-03-06 22:00:00,M07,滤芯更换,True,19.04,1433.97,外部供应商,已修复,更换备件
MNT-005885,2025-03-21 11:00:00,M02,滤芯更换,True,8.8,7552.67,维修工B,已修复,
MNT-005886,2024-06-23 02:00:00,M04,液压故障,True,14.17,4929.59,外部供应商,已修复,更换备件
MNT-005887,2025-06-04 03:00:00,M11,滤芯更换,True,21.09,3036.32,维修工D,已修复,更换备件
MNT-005888,2025-08-26 12:00:00,M01,加热故障,True,17.59,2758.94,维修工D,已修复,
MNT-005889,2025-10-13 04:00:00,M26,预防性保养,False,2.26,1466.39,维修工C,已修复,建议大修
MNT-005890,2026-01-27 02:00:00,M26,锁模故障,True,20.45,3135.67,维修工B,已修复,需要厂家支持
MNT-005891,2024-02-09 19:00:00,M29,预防性保养,False,1.48,1088.97,外部供应商,已修复,建议大修
MNT-005892,2024-01-08 02:00:00,M05,电气故障,True,2.63,6402.61,维修工D,已修复,建议大修
MNT-005893,2025-06-01 08:00:00,M05,锁模故障,True,6.18,7757.29,维修工B,已修复,
MNT-005894,2026-03-25 13:00:00,M29,锁模故障,True,1.79,4745.6,维修工A,已修复,需要厂家支持
MNT-005895,2024-11-11 14:00:00,M03,密封件更换,True,14.3,3249.35,维修工D,已修复,需要厂家支持
MNT-005896,2025-12-28 14:00:00,M29,电气故障,True,17.8,7879.22,维修工C,待跟进,
MNT-005897,2025-08-15 05:00:00,M09,换油,True,21.73,6423.2,维修工A,已修复,
MNT-005898,2024-10-19 18:00:00,M09,注射故障,True,19.98,3370.12,外部供应商,已修复,更换备件
MNT-005899,2026-01-22 04:00:00,M07,预防性保养,False,3.69,132.19,维修工D,已修复,更换备件
MNT-005900,2024-07-20 13:00:00,M23,滤芯更换,True,10.07,5786.69,维修工A,已修复,建议大修
MNT-005901,2026-04-08 23:00:00,M08,故障维修,True,7.94,2866.26,维修工C,已修复,
MNT-005902,2025-04-12 15:00:00,M15,锁模故障,True,15.45,7207.52,维修工D,已修复,
MNT-005903,2024-03-06 14:00:00,M28,故障维修,True,19.0,821.98,维修工A,已修复,更换备件
MNT-005904,2024-06-06 01:00:00,M01,液压故障,True,9.79,6265.88,维修工A,已修复,建议大修
MNT-005905,2024-08-23 16:00:00,M07,液压故障,True,12.18,3563.87,维修工C,已修复,更换备件
MNT-005906,2024-10-13 15:00:00,M03,预防性保养,False,1.76,159.7,外部供应商,已修复,需要厂家支持
MNT-005907,2024-08-29 20:00:00,M07,电气故障,True,15.11,1275.61,维修工B,已修复,
MNT-005908,2025-12-10 20:00:00,M03,液压故障,True,22.65,3870.33,维修工D,已修复,更换备件
MNT-005909,2025-10-21 10:00:00,M16,锁模故障,True,16.82,7070.3,维修工A,已修复,更换备件
MNT-005910,2024-03-10 02:00:00,M13,锁模故障,True,20.58,7065.7,维修工A,已修复,需要厂家支持
MNT-005911,2024-11-20 06:00:00,M04,换油,True,19.27,1115.63,维修工D,已修复,
MNT-005912,2026-01-16 21:00:00,M04,电气故障,True,19.25,2000.64,外部供应商,待跟进,建议大修
MNT-005913,2024-01-19 00:00:00,M16,密封件更换,True,11.47,6379.73,维修工D,已修复,
MNT-005914,2024-09-24 21:00:00,M02,换油,True,18.74,5752.82,维修工B,已修复,
MNT-005915,2025-06-27 13:00:00,M21,加热故障,True,15.08,6124.19,维修工C,已修复,需要厂家支持
MNT-005916,2024-04-28 07:00:00,M08,注射故障,True,21.49,7419.35,维修工B,已修复,需要厂家支持
MNT-005917,2024-10-12 09:00:00,M07,液压故障,True,9.72,1020.89,维修工A,已修复,
MNT-005918,2024-03-31 16:00:00,M29,故障维修,True,18.26,3942.2,维修工A,已修复,更换备件
MNT-005919,2025-08-22 05:00:00,M01,电气故障,True,1.2,7653.76,外部供应商,已修复,建议大修
MNT-005920,2025-11-12 12:00:00,M28,电气故障,True,5.19,7904.22,维修工B,已修复,需要厂家支持
MNT-005921,2025-05-29 16:00:00,M17,注射故障,True,1.5,6840.81,维修工D,已修复,
MNT-005922,2025-05-02 07:00:00,M01,液压故障,True,4.53,2622.0,维修工C,已修复,需要厂家支持
MNT-005923,2025-09-09 00:00:00,M27,加热故障,True,14.62,6826.34,维修工B,已修复,更换备件
MNT-005924,2025-03-27 08:00:00,M16,故障维修,True,22.11,3594.35,维修工B,已修复,更换备件
MNT-005925,2025-03-10 23:00:00,M15,锁模故障,True,1.07,631.79,外部供应商,已修复,建议大修
MNT-005926,2024-05-26 21:00:00,M28,预防性保养,False,0.95,1378.65,外部供应商,已修复,需要厂家支持
MNT-005927,2026-02-27 07:00:00,M12,注射故障,True,19.6,2982.23,维修工B,已修复,
MNT-005928,2026-04-22 23:00:00,M21,密封件更换,True,11.84,4866.39,维修工C,已修复,需要厂家支持
MNT-005929,2026-02-11 03:00:00,M07,密封件更换,True,6.69,2271.54,维修工A,已修复,建议大修
MNT-005930,2024-09-28 04:00:00,M20,密封件更换,True,8.36,2427.89,维修工A,已修复,
MNT-005931,2025-02-26 22:00:00,M28,滤芯更换,True,10.82,6514.05,维修工C,已修复,建议大修
MNT-005932,2024-11-12 21:00:00,M03,注射故障,True,18.75,2416.0,维修工B,已修复,
MNT-005933,2024-01-09 14:00:00,M05,换油,True,17.09,5881.71,外部供应商,已修复,
MNT-005934,2024-01-09 11:00:00,M24,液压故障,True,11.89,2514.69,外部供应商,已修复,
MNT-005935,2025-01-28 06:00:00,M06,预防性保养,False,2.55,988.55,外部供应商,已修复,
MNT-005936,2026-04-15 12:00:00,M29,电气故障,True,2.19,4301.14,外部供应商,已修复,需要厂家支持
MNT-005937,2026-02-06 14:00:00,M04,注射故障,True,15.19,3070.2,维修工D,已修复,需要厂家支持
MNT-005938,2024-11-03 16:00:00,M12,故障维修,True,3.81,3827.73,维修工B,已修复,更换备件
MNT-005939,2025-04-03 04:00:00,M03,注射故障,True,22.98,5805.55,维修工A,已修复,建议大修
MNT-005940,2025-11-26 11:00:00,M04,密封件更换,True,7.14,5105.04,维修工C,已修复,
MNT-005941,2025-12-21 18:00:00,M11,滤芯更换,True,1.72,3139.77,维修工D,已修复,需要厂家支持
MNT-005942,2026-02-11 14:00:00,M09,加热故障,True,2.84,4052.28,外部供应商,已修复,建议大修
MNT-005943,2024-07-13 23:00:00,M19,锁模故障,True,8.01,3296.92,外部供应商,已修复,建议大修
MNT-005944,2024-12-11 14:00:00,M03,预防性保养,False,2.08,978.23,维修工D,已修复,
MNT-005945,2025-01-14 23:00:00,M03,密封件更换,True,16.59,4996.53,维修工C,已修复,
MNT-005946,2024-03-27 12:00:00,M22,液压故障,True,7.2,3025.98,外部供应商,已修复,更换备件
MNT-005947,2024-01-13 17:00:00,M15,换油,True,12.35,4561.11,维修工A,已修复,
MNT-005948,2025-07-16 18:00:00,M01,锁模故障,True,5.3,704.1,维修工C,已修复,
MNT-005949,2025-08-25 07:00:00,M25,锁模故障,True,6.11,7036.62,维修工D,已修复,更换备件
MNT-005950,2024-06-23 16:00:00,M11,液压故障,True,8.2,779.42,维修工B,已修复,
MNT-005951,2024-06-24 04:00:00,M10,注射故障,True,2.57,5569.93,维修工D,已修复,更换备件
MNT-005952,2025-09-03 02:00:00,M16,预防性保养,False,0.95,1132.23,维修工A,已修复,
MNT-005953,2025-08-07 05:00:00,M06,预防性保养,False,2.43,1319.09,维修工B,已修复,建议大修
MNT-005954,2024-02-02 21:00:00,M21,液压故障,True,2.62,2952.74,维修工D,已修复,需要厂家支持
MNT-005955,2024-07-10 22:00:00,M13,滤芯更换,True,10.08,5450.49,外部供应商,已修复,
MNT-005956,2025-07-27 22:00:00,M18,预防性保养,False,1.68,219.97,外部供应商,已修复,建议大修
MNT-005957,2024-03-21 05:00:00,M24,液压故障,True,17.32,6502.12,维修工D,已修复,
MNT-005958,2024-06-26 21:00:00,M08,加热故障,True,14.51,1162.14,外部供应商,已修复,建议大修
MNT-005959,2024-12-13 12:00:00,M27,电气故障,True,23.44,7869.1,外部供应商,已修复,建议大修
MNT-005960,2025-08-11 19:00:00,M07,滤芯更换,True,1.31,4550.19,维修工C,已修复,
MNT-005961,2024-10-16 15:00:00,M09,电气故障,True,12.87,5466.62,维修工D,已修复,需要厂家支持
MNT-005962,2026-03-13 00:00:00,M07,密封件更换,True,23.39,770.67,外部供应商,待跟进,更换备件
MNT-005963,2026-03-17 07:00:00,M23,换油,True,15.42,7002.67,维修工C,已修复,需要厂家支持
MNT-005964,2024-03-28 12:00:00,M12,液压故障,True,18.7,5888.53,维修工B,已修复,
MNT-005965,2025-09-29 20:00:00,M20,注射故障,True,6.14,1968.52,维修工D,已修复,
MNT-005966,2025-01-27 09:00:00,M20,换油,True,16.63,5661.93,维修工B,已修复,需要厂家支持
MNT-005967,2025-06-22 19:00:00,M22,故障维修,True,3.12,6605.49,维修工B,已修复,更换备件
MNT-005968,2025-08-09 16:00:00,M17,锁模故障,True,1.5,951.93,维修工B,已修复,建议大修
MNT-005969,2024-12-22 01:00:00,M15,滤芯更换,True,12.98,7395.11,维修工C,已修复,更换备件
MNT-005970,2024-02-06 23:00:00,M08,预防性保养,False,1.89,1018.92,维修工D,已修复,更换备件
MNT-005971,2025-07-22 00:00:00,M05,加热故障,True,15.67,3437.99,外部供应商,已修复,建议大修
MNT-005972,2025-08-18 10:00:00,M05,电气故障,True,3.87,5987.87,维修工C,已修复,更换备件
MNT-005973,2024-07-11 19:00:00,M23,换油,True,3.11,2834.47,维修工D,已修复,
MNT-005974,2025-12-18 09:00:00,M18,预防性保养,False,3.07,478.28,外部供应商,已修复,
MNT-005975,2025-12-06 10:00:00,M26,锁模故障,True,19.79,4867.83,外部供应商,已修复,
MNT-005976,2026-04-08 19:00:00,M21,锁模故障,True,14.38,5356.14,维修工B,已修复,
MNT-005977,2024-09-16 17:00:00,M09,液压故障,True,7.78,578.98,维修工B,已修复,更换备件
MNT-005978,2024-01-17 19:00:00,M29,加热故障,True,22.18,224.27,维修工B,已修复,
MNT-005979,2025-12-04 05:00:00,M22,换油,True,1.93,3295.03,维修工B,已修复,
MNT-005980,2025-11-20 06:00:00,M02,滤芯更换,True,2.39,1437.44,维修工D,待跟进,
MNT-005981,2024-12-18 15:00:00,M07,注射故障,True,9.67,938.79,维修工B,已修复,
MNT-005982,2024-05-10 00:00:00,M21,滤芯更换,True,22.12,5714.41,维修工A,已修复,建议大修
MNT-005983,2024-05-07 20:00:00,M07,加热故障,True,23.76,5273.67,维修工D,已修复,
MNT-005984,2024-09-03 19:00:00,M25,锁模故障,True,18.92,4373.64,外部供应商,已修复,需要厂家支持
MNT-005985,2025-12-15 18:00:00,M06,密封件更换,True,12.37,3906.81,外部供应商,已修复,
MNT-005986,2024-12-06 14:00:00,M19,滤芯更换,True,23.72,4092.0,维修工C,已修复,更换备件
MNT-005987,2024-08-21 05:00:00,M17,注射故障,True,18.62,5404.12,维修工A,已修复,
MNT-005988,2024-06-12 05:00:00,M13,滤芯更换,True,14.07,6228.33,维修工A,已修复,
MNT-005989,2024-12-06 12:00:00,M24,密封件更换,True,2.74,5164.1,维修工B,已修复,
MNT-005990,2024-04-15 23:00:00,M21,注射故障,True,23.51,5505.82,维修工C,已修复,更换备件
MNT-005991,2025-05-28 18:00:00,M19,电气故障,True,15.79,6234.3,外部供应商,已修复,
MNT-005992,2025-01-30 01:00:00,M10,滤芯更换,True,14.83,4042.65,维修工C,已修复,更换备件
MNT-005993,2024-10-14 02:00:00,M10,故障维修,True,3.54,1124.15,维修工C,已修复,
MNT-005994,2025-01-26 19:00:00,M13,注射故障,True,14.81,4958.14,外部供应商,已修复,
MNT-005995,2025-05-06 02:00:00,M05,滤芯更换,True,11.17,4863.03,维修工B,已修复,需要厂家支持
MNT-005996,2026-04-23 09:00:00,M24,预防性保养,False,2.96,577.3,维修工A,已修复,
MNT-005997,2024-07-06 22:00:00,M27,预防性保养,False,1.11,862.8,维修工C,已修复,建议大修
MNT-005998,2025-04-08 04:00:00,M23,锁模故障,True,17.66,6510.04,维修工C,已修复,更换备件
MNT-005999,2025-08-23 05:00:00,M08,加热故障,True,11.16,963.67,维修工D,已修复,
MNT-006000,2025-06-04 05:00:00,M21,电气故障,True,16.02,3880.87,维修工B,已修复,
MNT-006001,2024-12-25 23:00:00,M03,密封件更换,True,8.43,5047.17,维修工D,已修复,建议大修
MNT-006002,2025-08-09 12:00:00,M01,加热故障,True,18.57,6097.03,维修工C,已修复,
MNT-006003,2025-02-04 15:00:00,M05,密封件更换,True,6.45,7052.98,维修工C,已修复,需要厂家支持
MNT-006004,2024-01-23 18:00:00,M15,预防性保养,False,1.0,746.79,维修工C,已修复,
MNT-006005,2025-11-08 03:00:00,M28,滤芯更换,True,18.56,5602.47,维修工C,已修复,建议大修
MNT-006006,2026-01-02 12:00:00,M23,换油,True,14.59,3830.43,维修工B,已修复,需要厂家支持
MNT-006007,2024-06-22 06:00:00,M02,预防性保养,False,2.67,371.98,维修工D,已修复,需要厂家支持
MNT-006008,2025-07-08 10:00:00,M22,加热故障,True,22.85,995.16,维修工A,已修复,
MNT-006009,2025-12-14 12:00:00,M02,故障维修,True,21.9,3291.47,维修工C,已修复,
MNT-006010,2024-09-10 22:00:00,M24,滤芯更换,True,18.76,6960.77,维修工A,已修复,
MNT-006011,2026-04-07 04:00:00,M29,液压故障,True,5.25,1251.59,维修工A,已修复,
MNT-006012,2024-04-15 21:00:00,M04,故障维修,True,2.69,1691.34,维修工C,已修复,
MNT-006013,2025-09-05 21:00:00,M11,换油,True,17.28,2113.69,维修工B,已修复,建议大修
MNT-006014,2024-12-28 03:00:00,M02,故障维修,True,21.58,4445.45,维修工D,已修复,需要厂家支持
MNT-006015,2024-07-12 20:00:00,M14,预防性保养,False,1.59,423.44,维修工B,已修复,建议大修
MNT-006016,2026-03-15 22:00:00,M06,液压故障,True,18.69,6449.15,外部供应商,已修复,
MNT-006017,2024-05-08 12:00:00,M26,加热故障,True,10.57,7801.18,外部供应商,已修复,
MNT-006018,2025-10-07 12:00:00,M07,预防性保养,False,3.16,1419.08,维修工A,已修复,
MNT-006019,2025-06-16 00:00:00,M07,故障维修,True,10.68,1275.1,维修工B,已修复,
MNT-006020,2024-02-23 09:00:00,M24,预防性保养,False,2.74,431.21,维修工A,待跟进,更换备件
MNT-006021,2024-05-31 23:00:00,M17,加热故障,True,17.75,7106.78,外部供应商,已修复,建议大修
MNT-006022,2025-07-27 14:00:00,M09,换油,True,13.83,2766.48,维修工D,已修复,
MNT-006023,2024-03-25 18:00:00,M27,锁模故障,True,10.21,3147.78,维修工D,已修复,
MNT-006024,2025-11-25 18:00:00,M20,预防性保养,False,3.31,623.16,维修工D,已修复,
MNT-006025,2025-09-19 10:00:00,M25,锁模故障,True,16.51,1156.23,维修工D,已修复,需要厂家支持
MNT-006026,2025-08-31 04:00:00,M09,液压故障,True,18.31,7268.41,维修工C,已修复,
MNT-006027,2024-04-22 13:00:00,M23,密封件更换,True,9.09,5803.98,维修工A,已修复,建议大修
MNT-006028,2025-05-21 14:00:00,M05,密封件更换,True,9.59,5785.63,维修工B,已修复,更换备件
MNT-006029,2024-09-21 16:00:00,M01,滤芯更换,True,0.79,3548.48,外部供应商,已修复,
MNT-006030,2024-05-19 11:00:00,M29,注射故障,True,0.86,4844.26,维修工B,已修复,
MNT-006031,2026-03-19 12:00:00,M06,故障维修,True,4.44,4298.95,维修工B,已修复,需要厂家支持
MNT-006032,2024-09-02 19:00:00,M24,换油,True,7.78,1750.19,外部供应商,已修复,建议大修
MNT-006033,2025-02-17 12:00:00,M11,故障维修,True,6.57,3735.42,维修工A,已修复,
MNT-006034,2024-09-18 19:00:00,M02,加热故障,True,13.6,7939.66,维修工C,已修复,
MNT-006035,2025-02-22 12:00:00,M03,电气故障,True,17.35,6993.62,外部供应商,已修复,建议大修
MNT-006036,2025-04-05 04:00:00,M23,电气故障,True,9.45,1742.41,外部供应商,已修复,
MNT-006037,2024-03-14 02:00:00,M01,密封件更换,True,22.41,1059.19,维修工B,已修复,
MNT-006038,2025-03-10 14:00:00,M10,锁模故障,True,20.59,1162.06,外部供应商,已修复,更换备件
MNT-006039,2025-03-03 03:00:00,M23,滤芯更换,True,2.75,955.84,维修工B,已修复,
MNT-006040,2025-03-16 05:00:00,M14,加热故障,True,22.51,1170.13,维修工B,已修复,
MNT-006041,2026-03-29 22:00:00,M08,密封件更换,True,9.67,1571.91,维修工D,已修复,
MNT-006042,2025-01-26 14:00:00,M03,加热故障,True,16.63,2963.35,维修工B,已修复,建议大修
MNT-006043,2024-07-20 01:00:00,M17,注射故障,True,6.65,7913.15,维修工A,已修复,
MNT-006044,2024-09-01 04:00:00,M17,锁模故障,True,10.8,5690.27,维修工A,已修复,
MNT-006045,2024-11-07 12:00:00,M01,加热故障,True,18.35,6499.54,维修工B,待跟进,更换备件
MNT-006046,2024-07-15 16:00:00,M19,锁模故障,True,9.73,4847.08,维修工D,已修复,更换备件
MNT-006047,2024-03-14 19:00:00,M02,锁模故障,True,18.62,4967.18,维修工D,已修复,
MNT-006048,2025-05-27 04:00:00,M02,预防性保养,False,1.22,1153.24,维修工A,已修复,
MNT-006049,2024-02-01 20:00:00,M07,换油,True,15.13,7115.7,维修工D,已修复,需要厂家支持
MNT-006050,2026-02-02 23:00:00,M26,预防性保养,False,0.67,436.85,维修工A,已修复,
MNT-006051,2025-11-21 07:00:00,M19,加热故障,True,8.91,7453.89,维修工B,已修复,
MNT-006052,2025-06-29 01:00:00,M26,故障维修,True,16.02,4725.11,维修工A,已修复,
MNT-006053,2025-06-12 03:00:00,M24,滤芯更换,True,3.79,5723.24,维修工A,已修复,
MNT-006054,2026-01-14 10:00:00,M06,密封件更换,True,21.73,2271.05,维修工D,已修复,
MNT-006055,2024-03-20 10:00:00,M04,密封件更换,True,20.28,2092.58,维修工C,已修复,
MNT-006056,2026-02-28 00:00:00,M02,密封件更换,True,13.98,2612.67,维修工C,已修复,
MNT-006057,2025-12-17 02:00:00,M12,故障维修,True,14.92,5133.24,外部供应商,已修复,更换备件
MNT-006058,2025-12-03 09:00:00,M27,加热故障,True,16.69,3547.66,维修工D,已修复,需要厂家支持
MNT-006059,2025-04-20 19:00:00,M10,加热故障,True,10.52,7084.46,维修工A,已修复,需要厂家支持
MNT-006060,2024-01-02 00:00:00,M27,锁模故障,True,17.02,3574.64,维修工A,已修复,
MNT-006061,2025-04-09 08:00:00,M25,预防性保养,False,0.95,1326.48,维修工C,已修复,
MNT-006062,2024-07-05 05:00:00,M21,电气故障,True,11.22,7905.73,维修工A,已修复,
MNT-006063,2026-04-10 06:00:00,M06,密封件更换,True,20.38,6241.04,维修工B,已修复,
MNT-006064,2025-05-19 18:00:00,M04,锁模故障,True,18.63,589.8,维修工A,已修复,
MNT-006065,2024-09-25 07:00:00,M15,滤芯更换,True,1.21,3732.34,外部供应商,已修复,
MNT-006066,2025-08-27 04:00:00,M14,加热故障,True,11.44,3922.48,维修工C,已修复,
MNT-006067,2025-09-10 10:00:00,M04,滤芯更换,True,3.46,6958.93,维修工C,已修复,需要厂家支持
MNT-006068,2025-10-24 06:00:00,M08,换油,True,19.23,789.3,维修工A,已修复,更换备件
MNT-006069,2026-04-04 03:00:00,M22,液压故障,True,16.17,7848.08,维修工C,已修复,
MNT-006070,2025-02-07 00:00:00,M26,预防性保养,False,1.41,229.95,维修工B,已修复,
MNT-006071,2025-02-04 01:00:00,M08,密封件更换,True,1.25,2415.38,维修工B,已修复,
MNT-006072,2025-11-10 14:00:00,M27,滤芯更换,True,14.73,2253.12,维修工C,已修复,需要厂家支持
MNT-006073,2024-04-17 17:00:00,M28,换油,True,11.84,7973.0,维修工A,已修复,更换备件
MNT-006074,2025-06-25 00:00:00,M25,加热故障,True,17.0,1719.87,外部供应商,已修复,
MNT-006075,2025-12-22 03:00:00,M18,故障维修,True,5.08,3137.81,外部供应商,已修复,更换备件
MNT-006076,2026-02-12 15:00:00,M10,加热故障,True,2.23,5516.42,维修工B,已修复,
MNT-006077,2024-11-21 17:00:00,M20,滤芯更换,True,9.82,7275.51,维修工C,已修复,需要厂家支持
MNT-006078,2026-02-13 17:00:00,M12,预防性保养,False,1.8,1059.82,维修工D,已修复,
MNT-006079,2025-11-29 00:00:00,M14,锁模故障,True,2.26,4336.75,维修工B,已修复,
MNT-006080,2026-01-25 10:00:00,M18,电气故障,True,3.21,3410.55,外部供应商,已修复,
MNT-006081,2025-01-22 15:00:00,M25,加热故障,True,3.34,7461.32,外部供应商,已修复,建议大修
MNT-006082,2024-05-03 15:00:00,M24,加热故障,True,14.62,1579.85,维修工B,已修复,
MNT-006083,2024-08-04 02:00:00,M13,故障维修,True,13.6,6730.76,外部供应商,已修复,
MNT-006084,2024-03-22 02:00:00,M01,换油,True,6.64,4720.38,维修工C,待跟进,更换备件
MNT-006085,2024-07-17 23:00:00,M29,换油,True,15.65,1415.84,维修工D,已修复,需要厂家支持
MNT-006086,2025-01-27 16:00:00,M01,滤芯更换,True,22.77,5077.49,维修工B,已修复,
MNT-006087,2025-10-13 04:00:00,M02,加热故障,True,11.16,347.8,维修工B,已修复,需要厂家支持
MNT-006088,2025-07-11 22:00:00,M09,预防性保养,False,1.13,200.95,外部供应商,已修复,
MNT-006089,2024-12-03 21:00:00,M22,注射故障,True,23.81,3596.1,维修工C,已修复,
MNT-006090,2026-04-24 19:00:00,M07,注射故障,True,22.28,6022.39,维修工A,已修复,建议大修
MNT-006091,2025-08-20 06:00:00,M19,加热故障,True,14.94,7049.3,维修工D,已修复,
MNT-006092,2025-05-10 18:00:00,M04,加热故障,True,16.14,5297.9,维修工D,已修复,
MNT-006093,2025-02-19 02:00:00,M14,锁模故障,True,22.09,773.96,维修工D,已修复,建议大修
MNT-006094,2026-04-21 08:00:00,M11,密封件更换,True,7.48,5018.22,外部供应商,已修复,
MNT-006095,2026-02-14 09:00:00,M06,密封件更换,True,4.28,6001.24,维修工A,已修复,更换备件
MNT-006096,2025-03-07 12:00:00,M25,液压故障,True,3.47,7333.92,外部供应商,已修复,建议大修
MNT-006097,2024-12-11 19:00:00,M24,锁模故障,True,5.54,6158.91,维修工B,已修复,
MNT-006098,2026-03-17 11:00:00,M15,密封件更换,True,15.71,5514.07,外部供应商,待跟进,建议大修
MNT-006099,2024-08-21 12:00:00,M06,滤芯更换,True,3.14,5557.95,外部供应商,待跟进,
MNT-006100,2025-10-03 00:00:00,M16,电气故障,True,13.29,6634.47,维修工C,已修复,更换备件
MNT-006101,2024-06-30 19:00:00,M19,滤芯更换,True,3.43,4686.8,维修工D,已修复,
MNT-006102,2026-02-02 02:00:00,M27,液压故障,True,8.95,4982.58,维修工D,已修复,
MNT-006103,2024-05-20 03:00:00,M09,密封件更换,True,14.75,2106.66,维修工D,已修复,
MNT-006104,2024-01-06 04:00:00,M19,注射故障,True,22.61,5196.55,维修工D,已修复,需要厂家支持
MNT-006105,2024-05-13 02:00:00,M06,密封件更换,True,18.66,7190.66,维修工D,已修复,建议大修
MNT-006106,2024-06-01 02:00:00,M29,故障维修,True,16.39,948.35,维修工B,已修复,需要厂家支持
MNT-006107,2026-02-12 14:00:00,M28,预防性保养,False,3.6,591.82,维修工B,已修复,需要厂家支持
MNT-006108,2025-08-19 01:00:00,M03,换油,True,10.69,7708.28,外部供应商,已修复,建议大修
MNT-006109,2024-10-01 19:00:00,M01,锁模故障,True,0.8,6126.96,维修工D,已修复,需要厂家支持
MNT-006110,2024-04-09 11:00:00,M08,密封件更换,True,16.97,1574.94,外部供应商,已修复,建议大修
MNT-006111,2024-03-04 12:00:00,M07,滤芯更换,True,7.61,4926.35,维修工D,已修复,更换备件
MNT-006112,2025-07-01 10:00:00,M17,电气故障,True,17.41,1658.59,维修工C,已修复,需要厂家支持
MNT-006113,2024-04-05 11:00:00,M21,锁模故障,True,13.15,4172.25,维修工B,已修复,
MNT-006114,2025-08-16 23:00:00,M27,加热故障,True,20.86,6869.18,维修工A,已修复,建议大修
MNT-006115,2025-04-25 01:00:00,M12,滤芯更换,True,18.4,6846.4,维修工D,待跟进,需要厂家支持
MNT-006116,2025-09-18 15:00:00,M19,密封件更换,True,2.28,5229.81,维修工C,已修复,
MNT-006117,2025-12-07 04:00:00,M24,加热故障,True,21.46,2669.94,维修工C,已修复,
MNT-006118,2025-09-16 18:00:00,M14,滤芯更换,True,22.99,5245.57,维修工C,已修复,需要厂家支持
MNT-006119,2025-03-28 13:00:00,M10,电气故障,True,16.31,2435.32,维修工B,已修复,
MNT-006120,2025-08-12 11:00:00,M08,故障维修,True,15.43,7521.85,维修工C,已修复,
MNT-006121,2024-09-07 06:00:00,M10,预防性保养,False,0.9,1499.53,维修工A,已修复,
MNT-006122,2026-04-09 08:00:00,M17,预防性保养,False,3.51,751.23,外部供应商,已修复,
MNT-006123,2025-07-03 22:00:00,M11,锁模故障,True,9.77,5226.76,外部供应商,已修复,
MNT-006124,2026-03-09 12:00:00,M22,注射故障,True,14.21,6111.23,维修工A,已修复,
MNT-006125,2025-06-26 22:00:00,M20,预防性保养,False,2.51,1407.68,维修工D,已修复,
MNT-006126,2024-12-25 10:00:00,M11,液压故障,True,20.72,6779.38,外部供应商,已修复,需要厂家支持
MNT-006127,2024-12-31 07:00:00,M07,注射故障,True,3.42,2815.92,维修工C,已修复,
MNT-006128,2026-01-30 06:00:00,M27,换油,True,7.37,7980.47,维修工A,已修复,
MNT-006129,2024-12-04 20:00:00,M26,电气故障,True,15.39,6203.39,维修工B,已修复,更换备件
MNT-006130,2024-03-14 06:00:00,M18,预防性保养,False,1.27,1166.69,维修工B,待跟进,建议大修
MNT-006131,2026-01-26 20:00:00,M13,电气故障,True,9.16,708.19,维修工C,已修复,
MNT-006132,2025-03-23 14:00:00,M12,密封件更换,True,13.72,392.17,维修工C,已修复,
MNT-006133,2026-03-28 04:00:00,M18,加热故障,True,12.64,2042.86,维修工C,已修复,建议大修
MNT-006134,2025-01-03 21:00:00,M05,锁模故障,True,9.5,4438.13,维修工B,已修复,建议大修
MNT-006135,2025-04-07 04:00:00,M11,液压故障,True,20.3,7351.2,维修工A,已修复,更换备件
MNT-006136,2024-01-20 01:00:00,M20,预防性保养,False,1.02,729.88,维修工B,已修复,需要厂家支持
MNT-006137,2024-02-05 02:00:00,M28,注射故障,True,22.24,7689.04,维修工A,已修复,
MNT-006138,2026-03-14 12:00:00,M12,加热故障,True,6.13,5646.45,维修工B,已修复,
MNT-006139,2025-06-08 17:00:00,M20,滤芯更换,True,0.86,5320.43,维修工D,已修复,
MNT-006140,2025-10-23 23:00:00,M22,锁模故障,True,2.71,6177.15,维修工A,已修复,
MNT-006141,2024-05-19 14:00:00,M29,电气故障,True,19.89,6045.58,外部供应商,已修复,更换备件
MNT-006142,2025-09-14 13:00:00,M15,液压故障,True,3.0,4884.66,维修工D,已修复,
MNT-006143,2024-12-12 14:00:00,M12,换油,True,15.57,7522.45,维修工D,已修复,
MNT-006144,2024-12-05 15:00:00,M18,液压故障,True,23.96,1925.42,维修工D,已修复,
MNT-006145,2025-05-12 10:00:00,M29,注射故障,True,18.93,6437.55,维修工A,已修复,
MNT-006146,2026-01-02 00:00:00,M25,故障维修,True,17.38,4208.09,维修工A,已修复,需要厂家支持
MNT-006147,2026-04-13 18:00:00,M15,加热故障,True,16.48,1037.14,维修工D,已修复,
MNT-006148,2025-11-01 22:00:00,M07,注射故障,True,12.08,3583.09,外部供应商,已修复,
MNT-006149,2025-12-11 01:00:00,M03,液压故障,True,0.54,1646.37,维修工D,已修复,
MNT-006150,2024-10-03 05:00:00,M11,加热故障,True,13.27,3282.77,维修工D,已修复,
MNT-006151,2025-01-19 06:00:00,M23,换油,True,16.11,7956.53,维修工B,已修复,
MNT-006152,2025-10-24 23:00:00,M05,锁模故障,True,23.61,2380.32,维修工A,已修复,
MNT-006153,2025-12-21 06:00:00,M05,预防性保养,False,0.59,970.65,外部供应商,已修复,需要厂家支持
MNT-006154,2024-09-21 11:00:00,M06,注射故障,True,9.8,7131.0,维修工A,已修复,更换备件
MNT-006155,2026-04-26 19:00:00,M28,锁模故障,True,13.87,5707.54,维修工A,已修复,
MNT-006156,2026-01-28 20:00:00,M29,密封件更换,True,3.28,3545.29,维修工D,已修复,更换备件
MNT-006157,2024-02-29 07:00:00,M14,预防性保养,False,1.03,316.27,维修工B,已修复,
MNT-006158,2024-11-19 06:00:00,M02,液压故障,True,21.06,7304.83,维修工B,已修复,建议大修
MNT-006159,2024-07-22 08:00:00,M17,注射故障,True,7.3,968.89,维修工D,已修复,更换备件
MNT-006160,2025-04-08 22:00:00,M17,液压故障,True,1.55,1463.96,维修工B,已修复,
MNT-006161,2025-02-26 02:00:00,M13,故障维修,True,4.55,766.09,外部供应商,已修复,
MNT-006162,2025-04-03 01:00:00,M11,故障维修,True,3.67,4824.8,外部供应商,已修复,更换备件
MNT-006163,2025-06-10 18:00:00,M04,加热故障,True,14.71,6382.18,维修工C,已修复,更换备件
MNT-006164,2024-12-09 12:00:00,M12,密封件更换,True,8.0,5278.55,维修工A,已修复,建议大修
MNT-006165,2025-11-02 21:00:00,M09,液压故障,True,22.65,7249.64,维修工B,已修复,
MNT-006166,2024-08-27 10:00:00,M02,预防性保养,False,2.19,490.69,维修工D,已修复,更换备件
MNT-006167,2025-09-04 06:00:00,M10,液压故障,True,10.37,7972.5,维修工A,已修复,需要厂家支持
MNT-006168,2025-12-16 21:00:00,M13,换油,True,2.22,1560.62,维修工B,已修复,
MNT-006169,2024-05-21 20:00:00,M29,液压故障,True,9.6,3884.86,维修工C,已修复,更换备件
MNT-006170,2024-07-23 10:00:00,M17,预防性保养,False,0.57,640.08,外部供应商,已修复,
MNT-006171,2024-05-23 04:00:00,M15,注射故障,True,12.55,6505.4,外部供应商,待跟进,
MNT-006172,2025-12-17 21:00:00,M28,锁模故障,True,23.56,5295.39,外部供应商,已修复,
MNT-006173,2026-03-15 14:00:00,M16,液压故障,True,9.27,5646.83,维修工A,已修复,
MNT-006174,2024-03-04 10:00:00,M06,注射故障,True,15.97,1182.05,维修工B,已修复,
MNT-006175,2024-04-16 18:00:00,M26,滤芯更换,True,10.23,1837.78,维修工D,已修复,更换备件
MNT-006176,2024-03-02 01:00:00,M10,换油,True,18.62,3930.98,维修工A,已修复,建议大修
MNT-006177,2024-11-16 05:00:00,M14,电气故障,True,19.06,2772.54,维修工A,已修复,需要厂家支持
MNT-006178,2025-08-13 23:00:00,M18,密封件更换,True,14.59,5310.7,外部供应商,已修复,更换备件
MNT-006179,2026-01-06 19:00:00,M25,加热故障,True,2.25,7161.28,维修工C,已修复,
MNT-006180,2024-10-12 03:00:00,M11,预防性保养,False,0.89,1381.05,维修工B,已修复,建议大修
MNT-006181,2025-06-08 13:00:00,M23,液压故障,True,18.63,1788.6,维修工D,已修复,
MNT-006182,2025-12-02 07:00:00,M17,滤芯更换,True,23.55,1944.93,维修工B,已修复,更换备件
MNT-006183,2025-04-06 09:00:00,M18,加热故障,True,19.7,7562.4,维修工B,已修复,建议大修
MNT-006184,2025-09-06 00:00:00,M17,故障维修,True,22.16,3468.88,维修工D,已修复,更换备件
MNT-006185,2024-09-06 13:00:00,M07,锁模故障,True,2.78,1107.28,维修工B,已修复,
MNT-006186,2024-08-19 06:00:00,M07,锁模故障,True,13.93,4136.25,维修工A,已修复,更换备件
MNT-006187,2024-11-16 17:00:00,M01,预防性保养,False,3.92,592.04,维修工A,已修复,
MNT-006188,2024-02-13 21:00:00,M04,密封件更换,True,12.06,5813.56,维修工D,已修复,需要厂家支持
MNT-006189,2024-11-03 23:00:00,M16,故障维修,True,10.02,7715.95,维修工A,已修复,
MNT-006190,2024-05-19 02:00:00,M06,加热故障,True,23.47,679.15,维修工C,已修复,建议大修
MNT-006191,2025-07-05 18:00:00,M04,滤芯更换,True,6.25,3355.39,维修工A,已修复,
MNT-006192,2025-04-21 15:00:00,M05,注射故障,True,23.18,7176.69,维修工A,已修复,
MNT-006193,2025-01-28 17:00:00,M12,换油,True,23.47,7982.18,外部供应商,已修复,
MNT-006194,2024-04-01 02:00:00,M23,液压故障,True,22.84,6920.72,外部供应商,已修复,
MNT-006195,2026-03-20 18:00:00,M23,滤芯更换,True,4.22,4614.06,维修工B,已修复,
MNT-006196,2025-08-21 05:00:00,M11,注射故障,True,11.55,3272.01,维修工C,已修复,需要厂家支持
MNT-006197,2025-06-24 10:00:00,M28,加热故障,True,16.19,4411.14,维修工D,已修复,
MNT-006198,2024-09-09 23:00:00,M28,预防性保养,False,2.45,413.17,维修工D,已修复,
MNT-006199,2025-07-11 06:00:00,M17,滤芯更换,True,12.7,6421.91,维修工B,已修复,
MNT-006200,2024-12-28 06:00:00,M17,加热故障,True,15.61,6762.98,外部供应商,已修复,需要厂家支持
MNT-006201,2024-06-12 11:00:00,M14,换油,True,6.41,1599.61,维修工D,已修复,更换备件
MNT-006202,2026-03-01 15:00:00,M14,加热故障,True,15.39,7360.4,维修工C,已修复,需要厂家支持
MNT-006203,2024-09-03 06:00:00,M27,锁模故障,True,11.09,2311.18,外部供应商,已修复,
MNT-006204,2025-06-07 17:00:00,M25,锁模故障,True,18.61,1766.08,维修工B,已修复,需要厂家支持
MNT-006205,2024-01-11 20:00:00,M12,液压故障,True,12.41,2240.45,外部供应商,已修复,需要厂家支持
MNT-006206,2025-11-22 12:00:00,M16,电气故障,True,11.75,4165.78,维修工D,已修复,建议大修
MNT-006207,2025-02-24 04:00:00,M12,加热故障,True,21.17,215.25,外部供应商,已修复,
MNT-006208,2024-07-04 02:00:00,M22,锁模故障,True,17.32,6893.84,维修工B,已修复,更换备件
MNT-006209,2024-08-20 22:00:00,M22,密封件更换,True,7.03,2021.72,维修工B,已修复,更换备件
MNT-006210,2024-04-03 07:00:00,M10,故障维修,True,23.43,1610.8,维修工B,已修复,
MNT-006211,2025-04-02 23:00:00,M02,加热故障,True,14.95,6815.91,维修工A,已修复,
MNT-006212,2025-08-07 07:00:00,M11,故障维修,True,2.41,4957.46,维修工A,已修复,更换备件
MNT-006213,2026-02-14 00:00:00,M04,滤芯更换,True,0.5,7550.54,外部供应商,已修复,更换备件
MNT-006214,2025-03-01 11:00:00,M10,锁模故障,True,6.3,5913.65,维修工C,已修复,更换备件
MNT-006215,2024-02-01 13:00:00,M28,液压故障,True,23.52,4581.68,外部供应商,已修复,需要厂家支持
MNT-006216,2025-08-28 05:00:00,M03,液压故障,True,17.75,628.57,外部供应商,已修复,需要厂家支持
MNT-006217,2025-11-06 22:00:00,M09,液压故障,True,10.06,6581.44,维修工C,已修复,更换备件
MNT-006218,2024-07-16 20:00:00,M16,加热故障,True,12.13,1263.17,外部供应商,已修复,建议大修
MNT-006219,2025-09-15 08:00:00,M14,滤芯更换,True,19.22,7153.54,维修工D,已修复,
MNT-006220,2026-03-17 09:00:00,M09,注射故障,True,18.93,2779.93,外部供应商,已修复,更换备件
MNT-006221,2026-03-26 15:00:00,M25,故障维修,True,15.44,4633.59,外部供应商,已修复,
MNT-006222,2024-09-24 20:00:00,M21,锁模故障,True,4.11,3713.57,外部供应商,已修复,
MNT-006223,2025-06-13 18:00:00,M29,液压故障,True,14.44,2784.01,维修工A,已修复,
MNT-006224,2024-03-19 15:00:00,M09,密封件更换,True,12.14,1377.19,维修工D,已修复,
MNT-006225,2025-02-11 05:00:00,M11,加热故障,True,1.09,6558.84,外部供应商,已修复,
MNT-006226,2026-03-07 08:00:00,M19,注射故障,True,6.63,6307.84,维修工D,已修复,
MNT-006227,2024-07-05 12:00:00,M17,电气故障,True,1.55,3834.08,维修工B,已修复,更换备件
MNT-006228,2025-01-29 02:00:00,M18,液压故障,True,21.17,7554.02,维修工A,已修复,
MNT-006229,2024-03-16 18:00:00,M25,预防性保养,False,3.86,989.92,维修工D,已修复,
MNT-006230,2024-01-22 05:00:00,M16,锁模故障,True,3.64,364.21,维修工D,已修复,建议大修
MNT-006231,2025-10-01 21:00:00,M10,锁模故障,True,2.96,4929.69,维修工D,已修复,需要厂家支持
MNT-006232,2026-04-12 07:00:00,M23,电气故障,True,9.42,6709.76,维修工C,已修复,
MNT-006233,2024-07-24 16:00:00,M04,换油,True,18.88,4143.61,维修工D,已修复,更换备件
MNT-006234,2024-09-16 10:00:00,M10,注射故障,True,10.52,4637.62,外部供应商,已修复,
MNT-006235,2026-01-27 08:00:00,M28,加热故障,True,10.54,5418.97,维修工A,待跟进,建议大修
MNT-006236,2025-01-20 03:00:00,M22,电气故障,True,16.3,5273.71,维修工D,已修复,更换备件
MNT-006237,2024-06-03 12:00:00,M13,换油,True,14.12,5131.06,维修工C,已修复,建议大修
MNT-006238,2025-06-08 16:00:00,M03,故障维修,True,19.53,6851.03,维修工A,已修复,
MNT-006239,2025-05-17 11:00:00,M06,注射故障,True,6.64,6752.9,维修工A,已修复,
MNT-006240,2025-07-20 02:00:00,M28,预防性保养,False,3.69,1384.95,维修工B,已修复,
MNT-006241,2026-01-11 07:00:00,M18,预防性保养,False,2.58,1176.95,维修工B,已修复,建议大修
MNT-006242,2025-01-30 05:00:00,M16,滤芯更换,True,13.94,985.78,维修工C,已修复,更换备件
MNT-006243,2025-11-01 23:00:00,M20,电气故障,True,16.98,3107.3,维修工A,已修复,
MNT-006244,2024-05-20 04:00:00,M16,液压故障,True,13.92,7959.82,维修工B,已修复,需要厂家支持
MNT-006245,2026-04-20 10:00:00,M27,加热故障,True,13.39,5250.94,维修工D,已修复,
MNT-006246,2024-10-26 09:00:00,M14,加热故障,True,15.54,3066.41,外部供应商,已修复,需要厂家支持
MNT-006247,2024-03-24 04:00:00,M17,换油,True,0.81,7864.05,外部供应商,已修复,
MNT-006248,2026-03-20 10:00:00,M07,换油,True,21.13,2594.87,维修工C,已修复,更换备件
MNT-006249,2026-01-28 12:00:00,M03,滤芯更换,True,11.66,1714.11,维修工C,已修复,更换备件
MNT-006250,2025-01-09 16:00:00,M18,液压故障,True,19.7,7056.02,维修工B,已修复,
MNT-006251,2026-02-12 06:00:00,M27,液压故障,True,11.06,3566.68,维修工C,已修复,需要厂家支持
MNT-006252,2025-11-22 15:00:00,M08,加热故障,True,15.39,2836.01,维修工D,已修复,
MNT-006253,2025-05-23 03:00:00,M14,密封件更换,True,8.92,927.81,维修工B,已修复,更换备件
MNT-006254,2025-11-21 16:00:00,M23,锁模故障,True,5.8,787.25,维修工C,已修复,
MNT-006255,2024-10-09 23:00:00,M26,电气故障,True,23.84,5768.16,外部供应商,已修复,
MNT-006256,2025-11-24 10:00:00,M13,预防性保养,False,3.84,573.17,维修工B,已修复,需要厂家支持
MNT-006257,2024-03-16 17:00:00,M13,加热故障,True,19.62,7102.04,维修工B,已修复,建议大修
MNT-006258,2025-03-01 17:00:00,M17,注射故障,True,17.32,6516.78,维修工D,已修复,
MNT-006259,2025-08-16 10:00:00,M20,液压故障,True,12.64,3579.31,外部供应商,已修复,
MNT-006260,2026-04-25 14:00:00,M08,滤芯更换,True,3.56,362.71,外部供应商,已修复,更换备件
MNT-006261,2024-08-14 18:00:00,M18,故障维修,True,13.22,6210.43,维修工B,已修复,建议大修
MNT-006262,2025-03-29 02:00:00,M21,密封件更换,True,22.53,4060.82,维修工B,已修复,
MNT-006263,2025-09-06 05:00:00,M13,加热故障,True,16.89,1064.3,维修工A,已修复,
MNT-006264,2026-03-26 19:00:00,M28,故障维修,True,10.4,7150.47,维修工A,已修复,
MNT-006265,2024-12-21 11:00:00,M18,加热故障,True,4.68,4074.67,维修工C,已修复,
MNT-006266,2025-05-19 21:00:00,M10,液压故障,True,21.03,1570.23,维修工A,已修复,更换备件
MNT-006267,2024-04-26 15:00:00,M15,预防性保养,False,2.54,1267.99,维修工B,已修复,
MNT-006268,2025-07-18 19:00:00,M29,换油,True,14.77,5918.61,维修工A,已修复,需要厂家支持
MNT-006269,2024-01-22 06:00:00,M28,故障维修,True,2.14,6679.81,维修工A,已修复,建议大修
MNT-006270,2024-08-08 15:00:00,M13,液压故障,True,6.18,3167.2,外部供应商,已修复,建议大修
MNT-006271,2024-05-17 11:00:00,M05,故障维修,True,2.66,4488.56,维修工A,已修复,需要厂家支持
MNT-006272,2025-05-11 06:00:00,M05,预防性保养,False,1.03,443.77,维修工C,已修复,需要厂家支持
MNT-006273,2024-06-16 18:00:00,M07,电气故障,True,4.26,1694.99,维修工D,已修复,更换备件
MNT-006274,2025-06-11 13:00:00,M08,密封件更换,True,5.39,4485.09,维修工D,已修复,
MNT-006275,2025-10-03 23:00:00,M16,电气故障,True,17.76,507.76,外部供应商,已修复,
MNT-006276,2025-05-09 13:00:00,M15,故障维修,True,7.41,6079.24,维修工C,已修复,
MNT-006277,2024-07-12 01:00:00,M15,预防性保养,False,2.69,1222.92,外部供应商,已修复,
MNT-006278,2025-05-06 21:00:00,M08,电气故障,True,14.07,5140.29,维修工C,已修复,
MNT-006279,2025-06-05 22:00:00,M09,液压故障,True,23.28,1151.58,外部供应商,已修复,需要厂家支持
MNT-006280,2024-05-23 17:00:00,M11,锁模故障,True,16.56,7814.73,维修工B,已修复,
MNT-006281,2024-03-01 23:00:00,M28,电气故障,True,20.19,7636.68,维修工B,已修复,
MNT-006282,2025-11-19 09:00:00,M15,注射故障,True,23.48,322.5,维修工B,已修复,更换备件
MNT-006283,2024-04-16 03:00:00,M07,锁模故障,True,6.56,3072.54,维修工B,已修复,
MNT-006284,2024-10-20 21:00:00,M29,密封件更换,True,7.11,4873.08,维修工A,已修复,
MNT-006285,2024-06-09 11:00:00,M11,锁模故障,True,10.81,5400.53,维修工C,已修复,需要厂家支持
MNT-006286,2025-12-04 03:00:00,M02,密封件更换,True,20.89,4713.68,外部供应商,已修复,
MNT-006287,2024-05-08 04:00:00,M27,液压故障,True,14.7,4543.01,维修工C,已修复,
MNT-006288,2024-01-27 16:00:00,M27,预防性保养,False,3.89,773.55,维修工D,已修复,
MNT-006289,2024-07-04 06:00:00,M28,故障维修,True,5.06,5934.77,外部供应商,已修复,更换备件
MNT-006290,2025-02-06 18:00:00,M08,注射故障,True,5.29,4018.37,外部供应商,已修复,更换备件
MNT-006291,2024-11-07 12:00:00,M24,滤芯更换,True,22.5,999.71,维修工D,已修复,需要厂家支持
MNT-006292,2025-03-04 16:00:00,M25,预防性保养,False,1.51,685.96,维修工C,已修复,
MNT-006293,2025-07-25 20:00:00,M08,密封件更换,True,15.14,7041.12,维修工B,已修复,
MNT-006294,2024-10-17 12:00:00,M17,电气故障,True,13.69,281.66,维修工C,已修复,
MNT-006295,2024-08-18 15:00:00,M14,预防性保养,False,2.95,539.59,外部供应商,已修复,建议大修
MNT-006296,2025-09-08 15:00:00,M17,密封件更换,True,23.6,4468.7,维修工A,已修复,
MNT-006297,2024-05-05 01:00:00,M02,故障维修,True,1.45,6882.8,维修工A,已修复,
MNT-006298,2026-04-07 11:00:00,M05,故障维修,True,1.56,2998.15,维修工C,已修复,
MNT-006299,2026-02-15 18:00:00,M12,密封件更换,True,14.62,2164.76,维修工A,已修复,更换备件
MNT-006300,2026-03-05 09:00:00,M03,锁模故障,True,2.56,1188.36,维修工A,已修复,建议大修
MNT-006301,2026-01-10 03:00:00,M21,锁模故障,True,3.54,3667.99,维修工A,已修复,需要厂家支持
MNT-006302,2024-07-01 11:00:00,M14,液压故障,True,19.02,3970.66,维修工D,已修复,更换备件
MNT-006303,2025-02-16 14:00:00,M07,故障维修,True,8.93,7924.95,维修工C,已修复,
MNT-006304,2025-01-21 23:00:00,M24,电气故障,True,9.75,2604.04,维修工C,已修复,
MNT-006305,2025-02-21 05:00:00,M07,加热故障,True,23.86,4473.57,维修工C,已修复,
MNT-006306,2026-02-08 22:00:00,M08,注射故障,True,5.07,5994.95,维修工B,已修复,建议大修
MNT-006307,2025-07-21 21:00:00,M01,换油,True,16.89,7158.0,维修工D,已修复,需要厂家支持
MNT-006308,2025-01-25 09:00:00,M24,加热故障,True,10.99,3140.24,外部供应商,已修复,建议大修
MNT-006309,2026-03-27 18:00:00,M11,换油,True,2.82,4219.32,维修工A,已修复,需要厂家支持
MNT-006310,2025-09-10 23:00:00,M20,液压故障,True,11.27,2552.67,维修工C,已修复,建议大修
MNT-006311,2026-03-09 21:00:00,M15,密封件更换,True,17.04,6978.86,维修工B,已修复,
MNT-006312,2025-09-02 04:00:00,M27,注射故障,True,6.37,3007.21,维修工B,待跟进,需要厂家支持
MNT-006313,2025-02-23 16:00:00,M24,电气故障,True,1.94,840.47,维修工A,已修复,
MNT-006314,2026-02-01 21:00:00,M21,液压故障,True,10.85,5714.33,维修工C,已修复,
MNT-006315,2025-07-07 05:00:00,M12,故障维修,True,23.05,7288.97,维修工A,已修复,
MNT-006316,2025-07-24 02:00:00,M26,电气故障,True,19.08,5385.13,维修工A,已修复,
MNT-006317,2025-01-18 07:00:00,M05,加热故障,True,6.0,6736.94,维修工D,已修复,
MNT-006318,2025-07-29 03:00:00,M19,加热故障,True,2.33,1236.99,维修工A,已修复,
MNT-006319,2024-11-25 00:00:00,M15,故障维修,True,11.82,4072.45,维修工D,已修复,需要厂家支持
MNT-006320,2025-07-16 02:00:00,M09,注射故障,True,12.87,3492.34,维修工C,已修复,
MNT-006321,2025-04-11 23:00:00,M09,电气故障,True,1.05,7054.0,维修工A,已修复,更换备件
MNT-006322,2025-09-22 12:00:00,M09,换油,True,7.81,7502.72,维修工B,已修复,
MNT-006323,2024-02-01 02:00:00,M03,滤芯更换,True,0.92,3895.92,维修工C,已修复,更换备件
MNT-006324,2024-04-16 23:00:00,M08,液压故障,True,20.73,2468.08,维修工A,已修复,
MNT-006325,2026-04-03 10:00:00,M29,换油,True,4.14,4707.13,维修工D,已修复,建议大修
MNT-006326,2025-07-05 14:00:00,M20,电气故障,True,14.95,3332.82,外部供应商,已修复,更换备件
MNT-006327,2024-10-19 06:00:00,M02,锁模故障,True,17.22,1755.21,外部供应商,已修复,
MNT-006328,2025-07-21 13:00:00,M28,故障维修,True,14.94,3382.62,维修工D,已修复,更换备件
MNT-006329,2024-08-04 22:00:00,M17,预防性保养,False,3.8,1408.69,维修工C,已修复,
MNT-006330,2025-08-26 12:00:00,M18,电气故障,True,2.8,507.05,维修工A,已修复,建议大修
MNT-006331,2024-03-02 09:00:00,M26,加热故障,True,12.56,5173.22,维修工D,已修复,建议大修
MNT-006332,2024-04-02 10:00:00,M28,加热故障,True,11.74,5908.02,维修工D,已修复,需要厂家支持
MNT-006333,2025-07-25 17:00:00,M13,液压故障,True,4.31,4498.68,维修工C,待跟进,
MNT-006334,2024-07-03 19:00:00,M07,加热故障,True,11.55,5319.25,维修工A,已修复,需要厂家支持
MNT-006335,2025-03-05 19:00:00,M15,滤芯更换,True,16.16,1649.65,维修工A,已修复,需要厂家支持
MNT-006336,2024-05-13 06:00:00,M24,注射故障,True,20.91,4243.65,维修工D,已修复,更换备件
MNT-006337,2024-07-08 23:00:00,M02,预防性保养,False,2.72,408.95,维修工A,已修复,需要厂家支持
MNT-006338,2024-08-02 07:00:00,M22,滤芯更换,True,3.01,4936.1,外部供应商,已修复,建议大修
MNT-006339,2026-02-02 09:00:00,M19,注射故障,True,22.09,2354.85,维修工B,已修复,需要厂家支持
MNT-006340,2024-05-04 00:00:00,M07,注射故障,True,15.41,1785.5,维修工A,已修复,
MNT-006341,2024-03-04 03:00:00,M19,加热故障,True,4.95,5309.84,维修工A,已修复,
MNT-006342,2025-11-19 02:00:00,M25,换油,True,21.07,6089.14,维修工B,已修复,
MNT-006343,2024-03-19 03:00:00,M13,锁模故障,True,11.59,7165.72,外部供应商,已修复,
MNT-006344,2024-09-10 22:00:00,M27,加热故障,True,10.42,3231.64,维修工B,已修复,需要厂家支持
MNT-006345,2025-08-04 07:00:00,M13,液压故障,True,22.35,4757.72,维修工A,已修复,
MNT-006346,2025-02-24 13:00:00,M16,密封件更换,True,8.81,6607.71,维修工C,已修复,
MNT-006347,2026-03-17 11:00:00,M03,换油,True,21.19,4523.09,维修工C,已修复,更换备件
MNT-006348,2024-09-06 18:00:00,M14,注射故障,True,12.22,4396.55,维修工B,已修复,
MNT-006349,2025-04-08 08:00:00,M22,锁模故障,True,12.83,1100.58,维修工A,已修复,需要厂家支持
MNT-006350,2024-09-11 20:00:00,M27,锁模故障,True,13.22,2966.74,外部供应商,已修复,
MNT-006351,2025-10-12 04:00:00,M19,滤芯更换,True,0.68,4752.39,维修工A,已修复,更换备件
MNT-006352,2026-02-04 00:00:00,M15,故障维修,True,17.88,2338.62,维修工D,已修复,
MNT-006353,2024-02-12 09:00:00,M07,滤芯更换,True,23.64,6097.87,维修工A,已修复,
MNT-006354,2025-05-17 04:00:00,M23,预防性保养,False,1.71,158.85,维修工D,已修复,
MNT-006355,2024-12-23 03:00:00,M15,电气故障,True,18.22,5124.74,维修工B,已修复,
MNT-006356,2024-02-01 23:00:00,M17,预防性保养,False,0.54,1406.74,外部供应商,已修复,建议大修
MNT-006357,2024-01-19 23:00:00,M13,电气故障,True,20.42,4185.19,外部供应商,已修复,需要厂家支持
MNT-006358,2026-03-04 23:00:00,M07,密封件更换,True,19.46,4702.79,维修工C,已修复,
MNT-006359,2025-02-28 05:00:00,M16,滤芯更换,True,15.01,5479.45,外部供应商,已修复,
MNT-006360,2024-04-21 09:00:00,M23,滤芯更换,True,19.12,6448.23,维修工B,已修复,
MNT-006361,2025-08-30 20:00:00,M28,密封件更换,True,19.77,4248.87,维修工D,已修复,
MNT-006362,2024-07-19 06:00:00,M18,加热故障,True,9.86,532.03,维修工B,已修复,需要厂家支持
MNT-006363,2024-06-17 12:00:00,M09,换油,True,16.24,378.62,维修工A,已修复,需要厂家支持
MNT-006364,2024-03-10 20:00:00,M21,电气故障,True,16.02,291.29,维修工C,已修复,
MNT-006365,2024-08-13 02:00:00,M17,预防性保养,False,0.9,128.85,维修工B,已修复,
MNT-006366,2025-07-14 06:00:00,M22,滤芯更换,True,20.61,6260.6,维修工A,已修复,
MNT-006367,2024-09-27 08:00:00,M02,加热故障,True,14.83,2832.13,维修工D,已修复,
MNT-006368,2026-01-19 00:00:00,M22,密封件更换,True,6.1,6830.09,维修工D,已修复,
MNT-006369,2026-01-16 14:00:00,M02,液压故障,True,21.6,4353.54,外部供应商,已修复,更换备件
MNT-006370,2024-08-04 08:00:00,M11,注射故障,True,21.76,1557.87,维修工C,已修复,需要厂家支持
MNT-006371,2025-07-09 12:00:00,M10,预防性保养,False,2.87,1119.11,外部供应商,已修复,
MNT-006372,2024-01-06 17:00:00,M06,密封件更换,True,22.64,6207.55,维修工C,已修复,更换备件
MNT-006373,2024-07-15 13:00:00,M14,注射故障,True,23.7,6299.29,维修工B,已修复,更换备件
MNT-006374,2025-08-02 12:00:00,M10,密封件更换,True,2.89,1185.85,维修工A,已修复,
MNT-006375,2025-10-30 20:00:00,M15,预防性保养,False,2.08,856.83,维修工D,已修复,更换备件
MNT-006376,2024-03-11 10:00:00,M22,滤芯更换,True,17.84,2303.62,维修工A,已修复,需要厂家支持
MNT-006377,2026-03-07 21:00:00,M22,密封件更换,True,22.28,2946.8,维修工D,已修复,需要厂家支持
MNT-006378,2024-08-26 02:00:00,M25,液压故障,True,11.17,5690.79,维修工D,已修复,
MNT-006379,2024-11-30 02:00:00,M14,换油,True,7.83,1627.21,维修工D,已修复,建议大修
MNT-006380,2024-12-24 16:00:00,M20,锁模故障,True,18.54,6516.62,维修工A,已修复,
MNT-006381,2025-01-05 03:00:00,M02,换油,True,11.69,3854.11,外部供应商,已修复,
MNT-006382,2026-04-01 07:00:00,M27,锁模故障,True,8.87,7225.2,维修工D,已修复,
MNT-006383,2024-09-11 12:00:00,M09,预防性保养,False,1.01,811.17,维修工D,已修复,
MNT-006384,2026-04-11 18:00:00,M05,滤芯更换,True,18.98,5435.42,维修工B,已修复,
MNT-006385,2025-11-07 18:00:00,M21,滤芯更换,True,22.36,828.13,维修工D,已修复,
MNT-006386,2026-02-07 14:00:00,M10,换油,True,1.54,5075.12,维修工D,已修复,
MNT-006387,2024-11-01 03:00:00,M13,预防性保养,False,3.82,1191.73,维修工A,已修复,更换备件
MNT-006388,2024-08-21 00:00:00,M19,密封件更换,True,17.96,7168.15,维修工A,已修复,更换备件
MNT-006389,2026-02-19 19:00:00,M15,滤芯更换,True,3.8,801.29,维修工B,已修复,更换备件
MNT-006390,2025-08-26 03:00:00,M21,预防性保养,False,1.44,1476.27,维修工A,待跟进,
MNT-006391,2024-10-19 21:00:00,M19,密封件更换,True,15.09,5937.64,外部供应商,已修复,
MNT-006392,2025-10-24 06:00:00,M01,滤芯更换,True,12.41,4349.46,维修工C,已修复,更换备件
MNT-006393,2025-03-04 04:00:00,M20,密封件更换,True,4.36,7314.56,维修工B,已修复,
MNT-006394,2024-06-28 11:00:00,M05,锁模故障,True,8.52,5091.43,维修工D,已修复,
MNT-006395,2024-08-05 03:00:00,M01,锁模故障,True,14.62,2569.4,维修工D,已修复,需要厂家支持
MNT-006396,2025-04-30 07:00:00,M28,换油,True,21.29,6634.43,维修工C,已修复,
MNT-006397,2025-07-07 13:00:00,M20,故障维修,True,7.69,7529.13,维修工D,已修复,建议大修
MNT-006398,2025-05-06 09:00:00,M01,电气故障,True,22.26,6722.61,维修工C,已修复,建议大修
MNT-006399,2024-01-11 10:00:00,M03,故障维修,True,18.66,3814.02,维修工D,已修复,需要厂家支持
MNT-006400,2025-07-24 09:00:00,M14,注射故障,True,0.58,898.96,维修工A,已修复,
MNT-006401,2025-09-13 08:00:00,M08,液压故障,True,18.71,6407.26,外部供应商,已修复,
MNT-006402,2024-12-05 07:00:00,M05,滤芯更换,True,10.13,3826.86,维修工A,已修复,需要厂家支持
MNT-006403,2026-02-07 13:00:00,M17,滤芯更换,True,23.24,4554.73,维修工D,已修复,更换备件
MNT-006404,2024-10-16 05:00:00,M29,换油,True,17.14,7155.2,外部供应商,已修复,需要厂家支持
MNT-006405,2025-12-05 13:00:00,M08,锁模故障,True,8.26,2651.15,维修工C,已修复,
MNT-006406,2025-04-12 05:00:00,M04,锁模故障,True,18.86,5084.09,维修工B,已修复,需要厂家支持
MNT-006407,2024-04-26 22:00:00,M21,注射故障,True,3.36,2203.81,维修工A,已修复,建议大修
MNT-006408,2024-07-06 09:00:00,M05,换油,True,18.69,3343.99,维修工C,已修复,
MNT-006409,2024-11-24 08:00:00,M05,液压故障,True,14.5,478.59,维修工C,已修复,
MNT-006410,2025-11-29 20:00:00,M23,换油,True,8.9,7964.55,维修工C,已修复,
MNT-006411,2024-08-11 23:00:00,M29,换油,True,1.82,4095.08,外部供应商,已修复,
MNT-006412,2025-12-06 21:00:00,M06,换油,True,10.52,5609.15,外部供应商,已修复,更换备件
MNT-006413,2024-04-21 04:00:00,M03,密封件更换,True,16.43,4369.94,维修工D,已修复,
MNT-006414,2025-07-17 21:00:00,M21,注射故障,True,19.19,3612.67,维修工A,已修复,
MNT-006415,2025-05-08 22:00:00,M26,预防性保养,False,2.4,546.72,维修工A,已修复,需要厂家支持
MNT-006416,2025-04-03 15:00:00,M15,注射故障,True,20.11,7812.56,维修工C,已修复,
MNT-006417,2025-02-09 12:00:00,M04,故障维修,True,15.96,3564.05,维修工A,已修复,
MNT-006418,2024-10-14 01:00:00,M20,加热故障,True,11.39,298.29,维修工C,已修复,更换备件
MNT-006419,2025-01-04 13:00:00,M23,注射故障,True,2.03,6575.2,维修工B,已修复,更换备件
MNT-006420,2024-03-08 21:00:00,M12,液压故障,True,5.79,1036.39,维修工A,待跟进,更换备件
MNT-006421,2025-12-11 06:00:00,M08,加热故障,True,14.14,401.55,维修工D,已修复,建议大修
MNT-006422,2024-10-27 06:00:00,M28,注射故障,True,15.66,2811.31,维修工C,已修复,更换备件
MNT-006423,2025-08-18 11:00:00,M20,液压故障,True,16.46,6295.84,维修工D,已修复,建议大修
MNT-006424,2025-01-03 22:00:00,M11,电气故障,True,21.82,1050.39,维修工C,已修复,更换备件
MNT-006425,2025-01-11 13:00:00,M27,注射故障,True,18.83,368.68,维修工D,已修复,
MNT-006426,2025-09-28 06:00:00,M11,滤芯更换,True,23.92,611.02,维修工D,已修复,需要厂家支持
MNT-006427,2024-12-03 04:00:00,M13,电气故障,True,18.86,3665.32,维修工B,已修复,建议大修
MNT-006428,2025-12-15 05:00:00,M06,换油,True,14.09,4473.48,外部供应商,已修复,更换备件
MNT-006429,2024-08-13 00:00:00,M22,锁模故障,True,21.24,3193.38,外部供应商,已修复,更换备件
MNT-006430,2025-01-09 20:00:00,M18,密封件更换,True,21.19,2010.03,维修工D,已修复,
MNT-006431,2025-08-17 14:00:00,M27,预防性保养,False,2.67,774.12,维修工D,已修复,
MNT-006432,2024-08-18 21:00:00,M18,预防性保养,False,2.09,354.15,维修工D,已修复,更换备件
MNT-006433,2024-02-16 16:00:00,M04,滤芯更换,True,11.68,2945.06,维修工A,已修复,需要厂家支持
MNT-006434,2025-05-10 01:00:00,M23,预防性保养,False,1.38,1082.25,维修工C,已修复,
MNT-006435,2024-05-23 22:00:00,M23,换油,True,7.1,542.91,维修工C,已修复,需要厂家支持
MNT-006436,2025-02-27 03:00:00,M09,滤芯更换,True,17.43,7347.83,维修工C,已修复,更换备件
MNT-006437,2025-06-05 03:00:00,M26,电气故障,True,8.88,5581.12,维修工A,已修复,需要厂家支持
MNT-006438,2025-12-07 10:00:00,M03,预防性保养,False,3.44,1378.53,维修工A,已修复,建议大修
MNT-006439,2026-03-21 08:00:00,M24,滤芯更换,True,23.95,2100.85,维修工A,已修复,建议大修
MNT-006440,2025-05-12 21:00:00,M04,注射故障,True,20.07,3280.73,维修工C,已修复,更换备件
MNT-006441,2024-10-14 08:00:00,M21,液压故障,True,10.25,3849.65,维修工A,已修复,建议大修
MNT-006442,2025-11-25 16:00:00,M17,滤芯更换,True,4.86,2302.27,维修工B,已修复,需要厂家支持
MNT-006443,2025-08-07 08:00:00,M26,换油,True,2.34,7625.24,维修工B,已修复,建议大修
MNT-006444,2025-12-13 15:00:00,M11,注射故障,True,10.19,546.03,维修工C,已修复,更换备件
MNT-006445,2024-11-15 12:00:00,M12,故障维修,True,13.87,1037.9,维修工D,已修复,
MNT-006446,2025-04-07 01:00:00,M04,锁模故障,True,19.64,2126.8,维修工B,已修复,
MNT-006447,2025-03-05 12:00:00,M14,液压故障,True,4.68,1660.12,维修工B,已修复,需要厂家支持
MNT-006448,2026-03-28 01:00:00,M17,注射故障,True,21.58,5620.47,维修工C,已修复,更换备件
MNT-006449,2025-05-16 16:00:00,M23,电气故障,True,17.42,2527.71,维修工C,已修复,
MNT-006450,2024-06-02 08:00:00,M04,注射故障,True,23.8,5551.96,外部供应商,已修复,更换备件
MNT-006451,2025-11-11 19:00:00,M22,密封件更换,True,21.06,1755.87,维修工B,已修复,
MNT-006452,2025-04-17 10:00:00,M17,加热故障,True,3.48,4054.65,维修工B,待跟进,
MNT-006453,2024-04-05 23:00:00,M10,电气故障,True,22.8,1692.04,外部供应商,已修复,
MNT-006454,2026-03-09 00:00:00,M06,预防性保养,False,0.62,1116.09,维修工C,已修复,
MNT-006455,2024-11-04 16:00:00,M15,滤芯更换,True,18.16,7069.92,维修工A,已修复,
MNT-006456,2024-04-25 17:00:00,M26,预防性保养,False,0.92,467.92,维修工B,已修复,更换备件
MNT-006457,2024-08-26 09:00:00,M07,滤芯更换,True,11.29,4125.71,外部供应商,已修复,更换备件
MNT-006458,2024-02-21 12:00:00,M03,锁模故障,True,3.83,1612.16,维修工A,已修复,
MNT-006459,2024-02-12 14:00:00,M04,换油,True,6.5,634.67,维修工D,已修复,
MNT-006460,2025-10-28 03:00:00,M14,换油,True,13.16,5518.24,维修工A,已修复,需要厂家支持
MNT-006461,2024-12-01 17:00:00,M06,锁模故障,True,3.07,2237.31,外部供应商,已修复,更换备件
MNT-006462,2025-12-26 01:00:00,M16,电气故障,True,1.1,1229.32,外部供应商,已修复,建议大修
MNT-006463,2024-10-26 19:00:00,M09,滤芯更换,True,21.7,7327.34,维修工A,已修复,建议大修
MNT-006464,2024-09-15 15:00:00,M22,换油,True,18.71,7397.23,维修工C,已修复,建议大修
MNT-006465,2024-04-30 02:00:00,M10,加热故障,True,13.56,5790.48,维修工D,已修复,
MNT-006466,2025-12-11 14:00:00,M16,滤芯更换,True,12.89,6666.04,维修工A,已修复,
MNT-006467,2024-12-12 01:00:00,M15,电气故障,True,9.58,2431.0,维修工C,已修复,更换备件
MNT-006468,2024-09-14 07:00:00,M10,注射故障,True,22.09,4007.16,维修工B,已修复,
MNT-006469,2026-04-05 14:00:00,M01,注射故障,True,2.19,3280.74,外部供应商,已修复,
MNT-006470,2024-10-10 21:00:00,M23,锁模故障,True,3.92,5022.7,维修工A,已修复,
MNT-006471,2025-05-08 22:00:00,M26,预防性保养,False,1.33,207.91,维修工A,已修复,
MNT-006472,2026-01-28 12:00:00,M24,加热故障,True,9.33,3723.63,维修工C,已修复,
MNT-006473,2025-09-04 16:00:00,M04,预防性保养,False,2.98,1457.63,维修工C,已修复,更换备件
MNT-006474,2025-09-21 19:00:00,M05,锁模故障,True,19.47,3365.8,维修工B,已修复,更换备件
MNT-006475,2026-02-08 08:00:00,M08,故障维修,True,14.83,2872.3,维修工B,已修复,
MNT-006476,2024-05-01 20:00:00,M17,故障维修,True,3.01,3249.82,维修工C,已修复,
MNT-006477,2025-07-28 06:00:00,M23,液压故障,True,18.79,4219.98,维修工A,已修复,需要厂家支持
MNT-006478,2025-02-08 18:00:00,M09,密封件更换,True,1.1,2497.9,维修工B,已修复,需要厂家支持
MNT-006479,2025-04-01 13:00:00,M27,锁模故障,True,5.18,5827.7,维修工B,已修复,
MNT-006480,2025-10-03 04:00:00,M06,锁模故障,True,18.07,4372.86,维修工B,已修复,
MNT-006481,2025-04-02 23:00:00,M03,锁模故障,True,9.69,6616.56,维修工B,已修复,需要厂家支持
MNT-006482,2026-03-07 14:00:00,M25,换油,True,13.64,7642.66,维修工A,已修复,需要厂家支持
MNT-006483,2025-03-03 09:00:00,M20,滤芯更换,True,2.17,1339.61,外部供应商,已修复,建议大修
MNT-006484,2024-07-02 09:00:00,M21,滤芯更换,True,10.96,1359.29,维修工A,已修复,
MNT-006485,2025-12-15 02:00:00,M17,预防性保养,False,0.74,1121.94,维修工A,已修复,
MNT-006486,2025-03-01 03:00:00,M18,滤芯更换,True,13.77,7192.39,维修工C,已修复,
MNT-006487,2026-02-14 15:00:00,M18,锁模故障,True,14.36,5150.92,维修工B,已修复,建议大修
MNT-006488,2024-04-25 15:00:00,M29,电气故障,True,5.91,7010.93,外部供应商,已修复,需要厂家支持
MNT-006489,2024-02-04 21:00:00,M03,密封件更换,True,9.94,6294.33,维修工B,已修复,
MNT-006490,2025-01-11 22:00:00,M25,电气故障,True,20.55,1502.69,外部供应商,已修复,更换备件
MNT-006491,2025-06-02 12:00:00,M14,密封件更换,True,15.54,1194.04,外部供应商,已修复,
MNT-006492,2026-03-30 13:00:00,M27,液压故障,True,10.73,2917.94,维修工A,已修复,
MNT-006493,2025-01-13 03:00:00,M07,密封件更换,True,5.37,7232.19,维修工A,已修复,需要厂家支持
MNT-006494,2024-08-27 08:00:00,M22,换油,True,3.25,6718.48,维修工B,已修复,建议大修
MNT-006495,2024-10-21 16:00:00,M14,滤芯更换,True,8.03,2758.52,维修工C,已修复,需要厂家支持
MNT-006496,2024-11-15 09:00:00,M27,滤芯更换,True,10.21,2278.66,外部供应商,已修复,更换备件
MNT-006497,2025-07-26 03:00:00,M19,锁模故障,True,5.61,6447.24,维修工B,已修复,需要厂家支持
MNT-006498,2024-06-02 17:00:00,M20,预防性保养,False,0.69,481.85,维修工C,已修复,建议大修
MNT-006499,2024-08-10 15:00:00,M07,换油,True,22.17,1656.57,维修工A,已修复,建议大修
MNT-006500,2025-09-13 04:00:00,M13,密封件更换,True,16.53,3199.76,外部供应商,已修复,
MNT-006501,2024-11-07 15:00:00,M17,液压故障,True,11.48,3173.53,外部供应商,已修复,需要厂家支持
MNT-006502,2025-09-20 12:00:00,M09,注射故障,True,7.26,903.77,外部供应商,已修复,
MNT-006503,2026-01-20 10:00:00,M17,故障维修,True,8.04,7762.62,维修工B,已修复,
MNT-006504,2025-11-13 03:00:00,M24,电气故障,True,14.55,5581.24,维修工D,待跟进,建议大修
MNT-006505,2026-01-05 12:00:00,M24,换油,True,13.23,7250.31,外部供应商,已修复,需要厂家支持
MNT-006506,2025-07-03 22:00:00,M17,换油,True,19.99,1265.46,维修工A,已修复,需要厂家支持
MNT-006507,2025-09-10 15:00:00,M14,锁模故障,True,0.52,5504.07,维修工D,已修复,需要厂家支持
MNT-006508,2025-10-12 04:00:00,M01,密封件更换,True,6.2,4372.4,维修工B,已修复,
MNT-006509,2024-11-01 02:00:00,M18,锁模故障,True,18.06,1777.88,维修工A,已修复,更换备件
MNT-006510,2024-10-18 16:00:00,M15,滤芯更换,True,5.9,7038.35,外部供应商,已修复,建议大修
MNT-006511,2024-09-19 23:00:00,M10,加热故障,True,5.58,4243.47,维修工B,已修复,建议大修
MNT-006512,2026-01-23 11:00:00,M25,电气故障,True,3.98,5686.3,维修工A,已修复,
MNT-006513,2024-04-29 16:00:00,M24,预防性保养,False,2.64,931.22,维修工B,已修复,更换备件
MNT-006514,2025-09-20 21:00:00,M06,注射故障,True,5.46,2502.57,外部供应商,已修复,需要厂家支持
MNT-006515,2025-12-31 21:00:00,M17,换油,True,15.92,3706.7,维修工C,已修复,
MNT-006516,2024-11-30 05:00:00,M13,加热故障,True,15.52,3524.48,维修工B,已修复,需要厂家支持
MNT-006517,2026-03-02 09:00:00,M24,预防性保养,False,2.83,966.63,维修工B,已修复,
MNT-006518,2024-08-27 18:00:00,M13,液压故障,True,5.48,5162.9,维修工D,已修复,
MNT-006519,2025-04-27 13:00:00,M25,换油,True,5.26,5953.08,维修工C,已修复,建议大修
MNT-006520,2025-02-28 14:00:00,M12,电气故障,True,5.36,975.08,维修工C,待跟进,
MNT-006521,2024-03-24 00:00:00,M06,电气故障,True,18.45,624.07,维修工B,已修复,建议大修
MNT-006522,2025-08-29 04:00:00,M23,故障维修,True,18.88,7205.54,维修工C,已修复,需要厂家支持
MNT-006523,2025-02-28 18:00:00,M14,液压故障,True,22.1,7582.78,维修工D,已修复,
MNT-006524,2024-09-12 05:00:00,M26,注射故障,True,11.8,2406.6,维修工B,已修复,
MNT-006525,2025-07-17 14:00:00,M11,故障维修,True,1.2,3511.65,维修工C,已修复,
MNT-006526,2024-09-12 21:00:00,M09,滤芯更换,True,5.88,7322.9,维修工C,已修复,
MNT-006527,2024-09-19 04:00:00,M28,锁模故障,True,9.63,556.74,维修工C,已修复,
MNT-006528,2024-07-31 02:00:00,M23,液压故障,True,6.22,1807.38,维修工A,已修复,
MNT-006529,2024-11-27 21:00:00,M25,滤芯更换,True,5.49,1577.7,外部供应商,已修复,
MNT-006530,2024-03-20 03:00:00,M20,注射故障,True,17.97,6937.51,维修工B,已修复,
MNT-006531,2025-11-25 15:00:00,M14,注射故障,True,17.97,3475.26,维修工A,已修复,
MNT-006532,2024-09-20 13:00:00,M14,预防性保养,False,2.97,341.15,外部供应商,待跟进,建议大修
MNT-006533,2024-01-14 13:00:00,M09,换油,True,20.65,987.72,维修工B,已修复,
MNT-006534,2025-07-20 01:00:00,M11,预防性保养,False,0.78,226.24,外部供应商,已修复,
MNT-006535,2025-06-14 01:00:00,M27,预防性保养,False,1.45,1402.14,维修工D,已修复,
MNT-006536,2026-01-19 08:00:00,M15,加热故障,True,5.62,2229.08,外部供应商,已修复,
MNT-006537,2024-11-16 19:00:00,M10,密封件更换,True,18.58,6029.94,维修工D,已修复,
MNT-006538,2024-03-08 09:00:00,M14,加热故障,True,5.82,6708.58,维修工C,已修复,需要厂家支持
MNT-006539,2025-05-01 04:00:00,M05,电气故障,True,9.79,4208.89,维修工C,已修复,
MNT-006540,2025-08-23 04:00:00,M13,锁模故障,True,6.75,4667.04,维修工B,已修复,建议大修
MNT-006541,2025-08-25 16:00:00,M15,密封件更换,True,2.21,6987.63,维修工B,已修复,
MNT-006542,2025-12-02 14:00:00,M10,液压故障,True,20.31,5294.13,维修工B,已修复,建议大修
MNT-006543,2026-03-13 03:00:00,M10,换油,True,3.28,631.76,维修工A,已修复,需要厂家支持
MNT-006544,2025-12-13 11:00:00,M01,滤芯更换,True,12.23,2697.83,外部供应商,已修复,
MNT-006545,2024-12-17 18:00:00,M03,密封件更换,True,8.19,4149.13,维修工A,已修复,建议大修
MNT-006546,2024-05-25 13:00:00,M02,故障维修,True,7.2,7033.44,维修工C,已修复,建议大修
MNT-006547,2024-08-25 18:00:00,M16,电气故障,True,17.49,2289.78,维修工C,已修复,建议大修
MNT-006548,2025-03-03 20:00:00,M15,电气故障,True,21.27,671.16,外部供应商,已修复,需要厂家支持
MNT-006549,2025-03-02 04:00:00,M02,预防性保养,False,3.0,517.76,维修工B,已修复,需要厂家支持
MNT-006550,2025-12-06 09:00:00,M21,电气故障,True,18.42,7732.43,维修工D,已修复,需要厂家支持
MNT-006551,2025-06-23 02:00:00,M12,滤芯更换,True,17.76,3681.37,维修工B,已修复,更换备件
MNT-006552,2024-06-15 09:00:00,M01,换油,True,12.36,2035.2,维修工D,已修复,
MNT-006553,2024-04-18 00:00:00,M05,滤芯更换,True,22.99,3609.83,外部供应商,已修复,建议大修
MNT-006554,2025-10-04 08:00:00,M16,预防性保养,False,2.01,344.98,维修工A,已修复,建议大修
MNT-006555,2026-02-18 12:00:00,M10,锁模故障,True,13.72,5813.13,维修工D,已修复,建议大修
MNT-006556,2024-03-07 04:00:00,M04,换油,True,11.67,2296.47,维修工C,已修复,
MNT-006557,2026-03-21 15:00:00,M02,液压故障,True,19.37,232.5,维修工B,已修复,
MNT-006558,2025-05-22 03:00:00,M23,锁模故障,True,21.71,2796.49,维修工A,已修复,需要厂家支持
MNT-006559,2025-01-31 19:00:00,M12,液压故障,True,13.31,7589.1,外部供应商,已修复,
MNT-006560,2024-03-17 23:00:00,M21,锁模故障,True,22.11,4193.79,维修工A,已修复,需要厂家支持
MNT-006561,2025-10-31 12:00:00,M08,锁模故障,True,2.87,4192.46,维修工A,已修复,建议大修
MNT-006562,2025-11-05 03:00:00,M23,电气故障,True,14.25,5695.62,外部供应商,已修复,
MNT-006563,2025-08-07 21:00:00,M03,锁模故障,True,21.26,580.68,外部供应商,已修复,
MNT-006564,2025-12-16 13:00:00,M06,换油,True,2.97,3644.3,维修工D,已修复,
MNT-006565,2025-09-25 08:00:00,M26,换油,True,12.69,3350.06,外部供应商,待跟进,
MNT-006566,2024-02-04 12:00:00,M08,注射故障,True,3.84,2314.89,外部供应商,已修复,需要厂家支持
MNT-006567,2025-01-31 20:00:00,M20,预防性保养,False,2.42,1349.42,维修工D,已修复,
MNT-006568,2025-09-15 09:00:00,M29,注射故障,True,8.17,4092.49,维修工B,已修复,
MNT-006569,2025-01-30 21:00:00,M14,故障维修,True,23.74,7844.15,维修工B,待跟进,
MNT-006570,2025-09-06 13:00:00,M28,电气故障,True,18.37,724.57,维修工A,已修复,
MNT-006571,2026-04-18 17:00:00,M06,锁模故障,True,4.32,2369.88,维修工C,已修复,建议大修
MNT-006572,2024-01-05 00:00:00,M21,故障维修,True,8.68,1876.62,维修工B,已修复,建议大修
MNT-006573,2025-12-29 21:00:00,M24,液压故障,True,21.7,1083.03,维修工B,已修复,更换备件
MNT-006574,2025-07-08 09:00:00,M07,换油,True,9.67,3058.91,外部供应商,已修复,
MNT-006575,2024-04-11 03:00:00,M15,故障维修,True,19.63,5683.77,维修工D,已修复,需要厂家支持
MNT-006576,2024-01-30 06:00:00,M18,注射故障,True,9.45,1487.96,维修工C,已修复,
MNT-006577,2025-11-09 15:00:00,M19,加热故障,True,15.49,6753.7,维修工D,已修复,
MNT-006578,2024-02-04 13:00:00,M15,换油,True,14.61,7877.07,维修工D,已修复,
MNT-006579,2024-02-25 17:00:00,M03,锁模故障,True,15.99,877.6,维修工B,已修复,
MNT-006580,2026-02-18 00:00:00,M24,电气故障,True,12.12,2235.79,维修工D,已修复,需要厂家支持
MNT-006581,2024-01-18 08:00:00,M29,电气故障,True,9.25,7752.06,维修工A,已修复,
MNT-006582,2025-11-25 05:00:00,M11,预防性保养,False,3.01,258.72,维修工B,已修复,更换备件
MNT-006583,2025-07-23 07:00:00,M17,电气故障,True,15.11,4898.26,维修工D,已修复,
MNT-006584,2024-05-02 02:00:00,M29,预防性保养,False,2.6,816.37,维修工D,待跟进,
MNT-006585,2025-08-27 19:00:00,M22,注射故障,True,16.13,4399.98,维修工A,已修复,更换备件
MNT-006586,2025-04-24 03:00:00,M07,液压故障,True,6.64,6972.19,维修工C,已修复,建议大修
MNT-006587,2026-01-16 08:00:00,M23,液压故障,True,1.4,4751.02,维修工A,已修复,
MNT-006588,2025-07-06 14:00:00,M03,液压故障,True,9.34,3259.16,维修工D,已修复,
MNT-006589,2026-01-07 00:00:00,M15,注射故障,True,4.72,3443.97,维修工C,已修复,
MNT-006590,2024-04-26 20:00:00,M08,锁模故障,True,21.79,3927.83,维修工B,已修复,建议大修
MNT-006591,2024-03-20 09:00:00,M17,预防性保养,False,2.99,1445.72,维修工B,待跟进,
MNT-006592,2025-04-24 19:00:00,M25,密封件更换,True,5.34,4320.0,维修工C,已修复,
MNT-006593,2025-11-24 01:00:00,M28,故障维修,True,10.16,3787.46,维修工C,已修复,需要厂家支持
MNT-006594,2026-01-03 08:00:00,M09,加热故障,True,16.56,7849.56,维修工D,已修复,
MNT-006595,2025-06-16 04:00:00,M05,加热故障,True,11.38,5211.04,维修工C,已修复,更换备件
MNT-006596,2025-05-29 11:00:00,M26,换油,True,18.28,7271.38,维修工D,已修复,
MNT-006597,2025-04-29 22:00:00,M01,注射故障,True,22.9,5020.5,外部供应商,待跟进,
MNT-006598,2025-03-03 15:00:00,M07,故障维修,True,18.24,6419.41,维修工D,已修复,需要厂家支持
MNT-006599,2024-12-22 14:00:00,M01,滤芯更换,True,19.49,3834.09,维修工A,已修复,
MNT-006600,2025-08-27 11:00:00,M22,液压故障,True,20.21,7371.25,维修工B,已修复,建议大修
MNT-006601,2024-04-17 20:00:00,M18,注射故障,True,18.85,4765.13,外部供应商,已修复,需要厂家支持
MNT-006602,2024-03-10 03:00:00,M16,预防性保养,False,0.86,1128.04,维修工B,已修复,
MNT-006603,2024-09-02 01:00:00,M18,锁模故障,True,15.51,6437.65,维修工D,已修复,
MNT-006604,2024-08-31 03:00:00,M14,预防性保养,False,1.15,1287.93,维修工C,已修复,
MNT-006605,2026-02-28 04:00:00,M22,电气故障,True,14.11,685.73,维修工C,待跟进,建议大修
MNT-006606,2024-03-31 02:00:00,M24,液压故障,True,14.95,6892.28,外部供应商,已修复,
MNT-006607,2024-12-03 01:00:00,M21,换油,True,15.29,3987.66,维修工D,已修复,
MNT-006608,2025-07-19 08:00:00,M28,锁模故障,True,7.32,4370.33,外部供应商,已修复,
MNT-006609,2025-01-14 13:00:00,M07,滤芯更换,True,3.66,1336.11,维修工A,已修复,
MNT-006610,2026-04-10 18:00:00,M11,滤芯更换,True,0.79,1682.21,维修工C,已修复,更换备件
MNT-006611,2024-06-18 23:00:00,M14,电气故障,True,20.41,498.41,外部供应商,已修复,需要厂家支持
MNT-006612,2025-05-13 17:00:00,M04,滤芯更换,True,15.9,1523.77,维修工D,待跟进,建议大修
MNT-006613,2025-09-17 05:00:00,M07,换油,True,2.17,6248.03,维修工D,已修复,
MNT-006614,2025-12-02 02:00:00,M10,换油,True,10.19,1041.78,维修工B,已修复,更换备件
MNT-006615,2025-11-16 22:00:00,M08,滤芯更换,True,3.43,7360.45,外部供应商,已修复,建议大修
MNT-006616,2025-03-31 16:00:00,M23,锁模故障,True,14.87,5648.23,维修工C,已修复,
MNT-006617,2025-04-24 19:00:00,M13,液压故障,True,3.04,4534.9,维修工C,已修复,更换备件
MNT-006618,2024-10-21 04:00:00,M21,电气故障,True,13.97,2579.31,维修工C,已修复,
MNT-006619,2025-08-20 10:00:00,M28,锁模故障,True,3.57,5268.81,维修工A,已修复,
MNT-006620,2024-04-28 14:00:00,M09,液压故障,True,2.78,1929.1,维修工A,已修复,
MNT-006621,2024-07-20 00:00:00,M28,注射故障,True,9.35,232.14,外部供应商,已修复,建议大修
MNT-006622,2024-11-25 18:00:00,M27,锁模故障,True,13.75,6440.87,维修工C,已修复,建议大修
MNT-006623,2024-05-02 23:00:00,M01,电气故障,True,10.51,3625.21,外部供应商,已修复,
MNT-006624,2025-11-27 09:00:00,M04,注射故障,True,15.61,4361.02,外部供应商,已修复,建议大修
MNT-006625,2024-12-29 17:00:00,M27,滤芯更换,True,8.63,5558.9,维修工B,已修复,
MNT-006626,2024-09-16 03:00:00,M09,注射故障,True,7.05,3673.31,维修工B,待跟进,
MNT-006627,2025-05-29 20:00:00,M02,注射故障,True,3.7,1786.13,外部供应商,已修复,
MNT-006628,2024-06-20 07:00:00,M08,滤芯更换,True,18.87,4430.61,维修工A,已修复,
MNT-006629,2024-11-21 21:00:00,M10,滤芯更换,True,22.22,2819.95,维修工A,已修复,
MNT-006630,2025-12-10 00:00:00,M05,故障维修,True,13.35,6321.24,维修工B,已修复,
MNT-006631,2024-03-24 15:00:00,M03,故障维修,True,15.79,3353.16,维修工B,已修复,
MNT-006632,2025-01-23 12:00:00,M07,预防性保养,False,0.7,199.92,维修工B,已修复,
MNT-006633,2024-08-07 19:00:00,M11,换油,True,23.08,749.27,维修工C,已修复,需要厂家支持
MNT-006634,2026-02-09 07:00:00,M15,故障维修,True,14.68,4824.03,外部供应商,已修复,
MNT-006635,2024-02-01 14:00:00,M17,电气故障,True,22.25,5052.35,维修工D,已修复,
MNT-006636,2026-01-27 23:00:00,M05,密封件更换,True,8.4,4178.27,维修工C,已修复,
MNT-006637,2025-12-20 12:00:00,M05,密封件更换,True,0.92,6005.7,维修工C,已修复,建议大修
MNT-006638,2025-04-12 00:00:00,M07,故障维修,True,8.77,4321.1,外部供应商,已修复,建议大修
MNT-006639,2024-01-21 17:00:00,M26,滤芯更换,True,3.87,4517.98,维修工D,已修复,建议大修
MNT-006640,2024-12-20 09:00:00,M16,电气故障,True,9.8,7398.49,维修工A,已修复,
MNT-006641,2025-07-24 11:00:00,M14,预防性保养,False,3.35,1296.04,维修工C,已修复,需要厂家支持
MNT-006642,2024-05-01 04:00:00,M01,加热故障,True,15.98,6715.71,维修工A,已修复,
MNT-006643,2024-11-01 22:00:00,M18,加热故障,True,2.82,6473.49,维修工B,已修复,更换备件
MNT-006644,2025-02-21 09:00:00,M10,注射故障,True,10.62,6714.87,维修工C,已修复,更换备件
MNT-006645,2026-02-24 13:00:00,M13,液压故障,True,18.19,5270.11,维修工A,已修复,更换备件
MNT-006646,2024-12-13 20:00:00,M08,电气故障,True,6.79,6380.05,外部供应商,已修复,需要厂家支持
MNT-006647,2026-01-01 14:00:00,M03,预防性保养,False,3.6,1279.88,维修工D,已修复,
MNT-006648,2026-02-26 13:00:00,M02,密封件更换,True,22.41,2356.22,维修工D,已修复,
MNT-006649,2026-04-18 23:00:00,M26,滤芯更换,True,4.02,2142.64,维修工B,已修复,
MNT-006650,2024-01-30 00:00:00,M10,加热故障,True,1.44,2012.26,维修工C,已修复,更换备件
MNT-006651,2024-04-04 17:00:00,M05,加热故障,True,4.85,7188.63,维修工A,已修复,
MNT-006652,2024-06-19 14:00:00,M04,密封件更换,True,0.99,3900.26,维修工D,已修复,更换备件
MNT-006653,2026-01-27 20:00:00,M23,锁模故障,True,17.95,7094.23,维修工D,已修复,需要厂家支持
MNT-006654,2025-05-08 05:00:00,M25,换油,True,18.41,4680.93,维修工D,已修复,需要厂家支持
MNT-006655,2026-02-19 07:00:00,M27,预防性保养,False,0.86,1359.5,维修工C,已修复,更换备件
MNT-006656,2025-07-27 22:00:00,M17,预防性保养,False,1.95,391.44,维修工B,已修复,
MNT-006657,2026-03-30 23:00:00,M24,滤芯更换,True,16.39,4553.72,维修工C,已修复,
MNT-006658,2025-07-09 14:00:00,M25,预防性保养,False,1.74,1369.08,外部供应商,已修复,
MNT-006659,2024-07-24 04:00:00,M08,液压故障,True,13.12,7062.53,维修工B,已修复,需要厂家支持
MNT-006660,2025-01-02 18:00:00,M08,电气故障,True,9.26,1385.93,维修工D,已修复,更换备件
MNT-006661,2026-01-14 23:00:00,M25,预防性保养,False,1.01,466.43,维修工D,已修复,
MNT-006662,2024-09-21 12:00:00,M06,加热故障,True,16.12,5572.08,维修工D,已修复,
MNT-006663,2024-01-11 04:00:00,M19,密封件更换,True,14.55,4565.75,维修工B,已修复,
MNT-006664,2024-07-24 00:00:00,M24,换油,True,11.53,3484.39,维修工B,已修复,
MNT-006665,2024-05-16 20:00:00,M17,注射故障,True,0.52,7799.93,维修工A,已修复,
MNT-006666,2024-04-07 14:00:00,M20,注射故障,True,4.0,3737.51,维修工C,已修复,需要厂家支持
MNT-006667,2025-09-19 08:00:00,M18,液压故障,True,23.54,4381.6,维修工A,已修复,更换备件
MNT-006668,2025-03-22 14:00:00,M23,加热故障,True,6.6,5417.42,维修工D,已修复,建议大修
MNT-006669,2024-08-10 12:00:00,M23,加热故障,True,17.2,450.58,维修工B,已修复,
MNT-006670,2025-12-26 22:00:00,M04,加热故障,True,7.9,3647.03,维修工A,已修复,更换备件
MNT-006671,2024-04-10 16:00:00,M16,故障维修,True,12.56,295.32,维修工D,已修复,
MNT-006672,2024-04-09 18:00:00,M15,加热故障,True,16.25,2028.16,维修工C,已修复,
MNT-006673,2025-06-25 15:00:00,M20,故障维修,True,4.63,3931.98,维修工D,已修复,
MNT-006674,2024-05-04 15:00:00,M09,故障维修,True,12.01,5427.36,外部供应商,已修复,
MNT-006675,2024-11-26 01:00:00,M06,密封件更换,True,13.35,3739.58,维修工D,已修复,
MNT-006676,2026-01-04 22:00:00,M29,电气故障,True,19.45,6990.53,维修工D,已修复,
MNT-006677,2024-06-15 22:00:00,M28,注射故障,True,11.26,1864.72,维修工C,已修复,需要厂家支持
MNT-006678,2025-01-04 18:00:00,M08,液压故障,True,1.3,7707.29,维修工C,已修复,更换备件
MNT-006679,2025-01-09 21:00:00,M25,故障维修,True,15.69,4574.77,外部供应商,已修复,需要厂家支持
MNT-006680,2026-03-09 21:00:00,M14,换油,True,6.25,5896.55,维修工B,已修复,
MNT-006681,2025-08-13 10:00:00,M18,密封件更换,True,3.47,2852.4,维修工D,已修复,需要厂家支持
MNT-006682,2025-09-12 04:00:00,M08,换油,True,6.9,4551.14,外部供应商,已修复,建议大修
MNT-006683,2024-09-03 09:00:00,M01,注射故障,True,16.65,2632.3,外部供应商,已修复,需要厂家支持
MNT-006684,2024-11-22 10:00:00,M04,液压故障,True,9.96,1923.62,外部供应商,已修复,建议大修
MNT-006685,2024-06-11 13:00:00,M10,锁模故障,True,5.0,5486.77,外部供应商,已修复,建议大修
MNT-006686,2024-01-21 07:00:00,M13,故障维修,True,5.94,4510.05,维修工D,已修复,
MNT-006687,2025-11-16 14:00:00,M06,电气故障,True,10.06,218.14,维修工D,已修复,
MNT-006688,2024-10-11 21:00:00,M26,滤芯更换,True,19.0,7490.38,外部供应商,已修复,
MNT-006689,2024-02-26 23:00:00,M02,加热故障,True,8.85,4784.02,外部供应商,已修复,建议大修
MNT-006690,2024-09-14 06:00:00,M11,液压故障,True,4.51,4085.47,维修工C,已修复,更换备件
MNT-006691,2024-10-28 22:00:00,M24,电气故障,True,11.12,4307.89,维修工A,已修复,需要厂家支持
MNT-006692,2025-07-30 11:00:00,M09,电气故障,True,4.14,6435.74,外部供应商,已修复,
MNT-006693,2025-05-13 22:00:00,M25,电气故障,True,14.8,5861.47,维修工B,已修复,
MNT-006694,2025-04-27 14:00:00,M28,电气故障,True,5.05,5622.59,维修工B,已修复,
MNT-006695,2025-09-01 08:00:00,M13,密封件更换,True,15.41,5749.84,外部供应商,已修复,
MNT-006696,2026-03-30 03:00:00,M24,注射故障,True,17.52,7130.25,外部供应商,已修复,更换备件
MNT-006697,2025-05-09 08:00:00,M19,故障维修,True,23.24,6944.98,维修工C,已修复,
MNT-006698,2026-01-29 09:00:00,M24,加热故障,True,19.15,7425.16,维修工D,已修复,更换备件
MNT-006699,2024-08-27 12:00:00,M28,加热故障,True,12.31,5522.57,外部供应商,已修复,需要厂家支持
MNT-006700,2024-07-04 23:00:00,M21,密封件更换,True,9.13,7603.93,维修工D,已修复,建议大修
MNT-006701,2025-04-14 04:00:00,M29,换油,True,21.15,1599.0,维修工C,已修复,
MNT-006702,2024-04-10 02:00:00,M09,换油,True,3.41,2444.98,维修工C,已修复,更换备件
MNT-006703,2025-04-16 08:00:00,M06,注射故障,True,20.46,4033.17,维修工C,已修复,更换备件
MNT-006704,2025-08-28 07:00:00,M05,锁模故障,True,12.05,4881.22,维修工D,已修复,
MNT-006705,2024-08-30 16:00:00,M27,电气故障,True,19.82,718.37,维修工D,已修复,
MNT-006706,2024-10-19 05:00:00,M28,液压故障,True,21.22,1233.29,外部供应商,已修复,建议大修
MNT-006707,2025-01-05 22:00:00,M29,故障维修,True,9.32,1848.67,维修工A,已修复,需要厂家支持
MNT-006708,2025-02-02 11:00:00,M16,锁模故障,True,8.83,6244.26,维修工A,已修复,更换备件
MNT-006709,2024-05-09 06:00:00,M10,液压故障,True,11.71,1655.11,外部供应商,已修复,
MNT-006710,2024-02-21 18:00:00,M29,故障维修,True,17.2,7693.16,维修工A,已修复,
MNT-006711,2026-02-10 04:00:00,M24,加热故障,True,6.52,5364.77,维修工D,已修复,建议大修
MNT-006712,2025-11-25 01:00:00,M14,电气故障,True,14.73,2256.86,维修工D,已修复,更换备件
MNT-006713,2024-05-20 22:00:00,M14,注射故障,True,14.2,7146.51,维修工C,已修复,
MNT-006714,2024-04-07 11:00:00,M15,电气故障,True,1.66,5077.37,维修工B,已修复,
MNT-006715,2025-02-28 12:00:00,M16,密封件更换,True,3.43,6788.4,维修工B,已修复,
MNT-006716,2025-03-13 21:00:00,M25,换油,True,3.32,3676.2,维修工D,已修复,建议大修
MNT-006717,2024-11-09 22:00:00,M27,换油,True,8.26,4370.97,维修工A,已修复,建议大修
MNT-006718,2025-08-11 15:00:00,M28,密封件更换,True,4.68,3197.54,外部供应商,已修复,
MNT-006719,2024-09-09 15:00:00,M21,液压故障,True,3.12,1025.71,维修工C,已修复,
MNT-006720,2025-12-17 15:00:00,M07,密封件更换,True,8.83,1712.01,外部供应商,已修复,
MNT-006721,2024-10-30 07:00:00,M16,滤芯更换,True,4.98,5996.91,维修工B,已修复,建议大修
MNT-006722,2025-10-25 04:00:00,M18,液压故障,True,22.66,1784.27,维修工C,已修复,建议大修
MNT-006723,2025-08-15 08:00:00,M27,注射故障,True,9.98,1634.16,维修工A,已修复,
MNT-006724,2026-01-01 02:00:00,M13,注射故障,True,1.6,7384.67,维修工B,已修复,建议大修
MNT-006725,2025-03-23 00:00:00,M12,滤芯更换,True,16.18,1057.4,维修工A,已修复,
MNT-006726,2024-01-23 05:00:00,M05,预防性保养,False,3.35,1199.96,维修工C,已修复,建议大修
MNT-006727,2024-09-13 09:00:00,M05,电气故障,True,23.66,3598.67,维修工C,已修复,更换备件
MNT-006728,2025-07-10 10:00:00,M17,锁模故障,True,11.14,6688.98,外部供应商,已修复,
MNT-006729,2025-10-06 09:00:00,M07,预防性保养,False,2.63,1367.35,维修工B,已修复,
MNT-006730,2026-04-28 21:00:00,M23,换油,True,15.39,3198.88,维修工D,已修复,建议大修
MNT-006731,2025-03-24 08:00:00,M17,滤芯更换,True,2.15,2457.57,外部供应商,已修复,
MNT-006732,2025-06-10 12:00:00,M11,液压故障,True,19.46,7840.47,维修工D,已修复,更换备件
MNT-006733,2024-11-15 21:00:00,M04,换油,True,23.46,570.86,维修工D,已修复,
MNT-006734,2024-02-08 11:00:00,M16,液压故障,True,3.07,7595.38,维修工D,已修复,更换备件
MNT-006735,2024-03-16 09:00:00,M08,预防性保养,False,1.65,1221.18,维修工D,已修复,需要厂家支持
MNT-006736,2024-01-03 19:00:00,M25,注射故障,True,12.15,6093.71,维修工C,已修复,建议大修
MNT-006737,2024-08-08 19:00:00,M18,换油,True,18.11,7458.0,维修工D,已修复,
MNT-006738,2025-02-24 13:00:00,M07,液压故障,True,2.69,5304.67,外部供应商,已修复,
MNT-006739,2025-03-14 16:00:00,M27,电气故障,True,9.95,5125.33,维修工D,已修复,
MNT-006740,2026-04-18 01:00:00,M08,液压故障,True,19.12,7952.41,维修工D,已修复,更换备件
MNT-006741,2024-10-06 11:00:00,M19,密封件更换,True,15.75,1691.27,外部供应商,已修复,
MNT-006742,2024-04-16 07:00:00,M14,换油,True,5.15,7059.53,外部供应商,已修复,更换备件
MNT-006743,2025-09-29 21:00:00,M24,电气故障,True,4.85,7891.27,维修工D,已修复,
MNT-006744,2025-04-16 06:00:00,M19,密封件更换,True,18.3,820.34,外部供应商,已修复,建议大修
MNT-006745,2025-09-24 03:00:00,M07,电气故障,True,1.98,2048.74,维修工D,已修复,需要厂家支持
MNT-006746,2025-06-06 20:00:00,M12,注射故障,True,14.56,261.69,维修工D,已修复,
MNT-006747,2024-09-02 11:00:00,M03,加热故障,True,2.67,5052.81,维修工A,已修复,需要厂家支持
MNT-006748,2024-09-30 00:00:00,M12,换油,True,11.46,5207.7,维修工B,已修复,需要厂家支持
MNT-006749,2024-06-11 18:00:00,M03,加热故障,True,11.37,5851.98,维修工D,已修复,
MNT-006750,2024-01-11 13:00:00,M25,密封件更换,True,8.64,5174.7,维修工A,已修复,更换备件
MNT-006751,2024-07-30 20:00:00,M12,密封件更换,True,20.69,7222.11,维修工C,已修复,
MNT-006752,2024-01-26 19:00:00,M29,换油,True,19.18,5192.32,维修工C,已修复,更换备件
MNT-006753,2026-03-24 05:00:00,M09,密封件更换,True,3.89,4973.59,外部供应商,已修复,更换备件
MNT-006754,2024-10-02 13:00:00,M26,液压故障,True,21.41,3300.81,维修工D,已修复,
MNT-006755,2024-01-28 01:00:00,M23,液压故障,True,23.38,7777.2,维修工B,已修复,
MNT-006756,2026-02-14 16:00:00,M09,锁模故障,True,23.49,6604.09,外部供应商,已修复,
MNT-006757,2024-04-15 14:00:00,M14,注射故障,True,23.87,5363.01,维修工B,已修复,需要厂家支持
MNT-006758,2025-06-17 05:00:00,M18,故障维修,True,13.69,6578.07,维修工B,已修复,建议大修
MNT-006759,2025-05-28 00:00:00,M25,密封件更换,True,2.25,4961.66,维修工C,已修复,更换备件
MNT-006760,2025-11-12 19:00:00,M08,密封件更换,True,10.89,235.5,维修工B,已修复,需要厂家支持
MNT-006761,2024-02-27 18:00:00,M04,故障维修,True,7.16,5595.02,外部供应商,已修复,
MNT-006762,2025-11-22 00:00:00,M04,故障维修,True,8.28,1555.56,外部供应商,已修复,建议大修
MNT-006763,2024-01-06 04:00:00,M15,密封件更换,True,8.92,5725.3,维修工A,已修复,更换备件
MNT-006764,2024-04-07 22:00:00,M17,液压故障,True,5.56,681.01,维修工A,已修复,需要厂家支持
MNT-006765,2025-12-18 02:00:00,M28,锁模故障,True,16.74,2640.56,外部供应商,已修复,建议大修
MNT-006766,2025-07-12 15:00:00,M27,换油,True,3.43,6035.5,维修工C,已修复,
MNT-006767,2024-09-30 20:00:00,M27,液压故障,True,16.14,688.07,维修工A,已修复,建议大修
MNT-006768,2024-01-17 06:00:00,M06,故障维修,True,17.19,3961.05,外部供应商,已修复,
MNT-006769,2026-03-13 03:00:00,M09,注射故障,True,7.65,4779.32,维修工D,已修复,建议大修
MNT-006770,2026-04-09 04:00:00,M23,电气故障,True,22.94,7920.6,外部供应商,已修复,
MNT-006771,2025-12-18 17:00:00,M20,滤芯更换,True,1.66,2557.32,维修工B,已修复,需要厂家支持
MNT-006772,2025-03-25 14:00:00,M16,换油,True,2.33,1163.26,维修工A,已修复,需要厂家支持
MNT-006773,2025-06-21 14:00:00,M23,加热故障,True,19.85,6043.41,维修工D,已修复,
MNT-006774,2025-02-25 13:00:00,M26,加热故障,True,20.65,3946.02,外部供应商,已修复,
MNT-006775,2026-04-29 22:00:00,M21,锁模故障,True,2.44,5665.41,维修工A,已修复,需要厂家支持
MNT-006776,2024-06-30 20:00:00,M29,注射故障,True,11.89,3522.83,维修工D,已修复,需要厂家支持
MNT-006777,2025-05-17 21:00:00,M15,注射故障,True,9.9,704.0,维修工C,已修复,需要厂家支持
MNT-006778,2025-09-13 19:00:00,M26,预防性保养,False,3.03,520.17,维修工C,已修复,建议大修
MNT-006779,2025-09-05 04:00:00,M28,加热故障,True,14.1,7686.25,维修工A,已修复,
MNT-006780,2024-11-07 21:00:00,M19,滤芯更换,True,5.27,6412.45,维修工B,已修复,更换备件
MNT-006781,2025-01-08 19:00:00,M03,液压故障,True,5.61,2135.95,维修工D,已修复,更换备件
MNT-006782,2025-04-22 16:00:00,M20,密封件更换,True,11.37,624.01,维修工D,待跟进,
MNT-006783,2025-10-15 08:00:00,M21,密封件更换,True,6.6,1735.22,维修工C,已修复,
MNT-006784,2024-02-17 21:00:00,M21,电气故障,True,13.4,507.78,外部供应商,已修复,
MNT-006785,2024-05-31 05:00:00,M29,预防性保养,False,3.15,1371.3,维修工D,已修复,
MNT-006786,2025-02-09 17:00:00,M18,液压故障,True,8.95,6904.86,维修工A,已修复,建议大修
MNT-006787,2026-01-28 16:00:00,M24,滤芯更换,True,7.99,7930.78,维修工A,已修复,更换备件
MNT-006788,2026-04-29 10:00:00,M10,注射故障,True,16.32,7621.62,维修工A,已修复,更换备件
MNT-006789,2024-11-04 20:00:00,M03,锁模故障,True,3.57,2508.72,维修工A,已修复,
MNT-006790,2024-07-11 23:00:00,M24,锁模故障,True,12.43,4643.43,维修工A,已修复,
MNT-006791,2024-02-12 07:00:00,M01,换油,True,15.42,3461.01,维修工C,已修复,更换备件
MNT-006792,2025-07-31 18:00:00,M21,预防性保养,False,1.48,292.74,维修工B,已修复,建议大修
MNT-006793,2024-09-16 10:00:00,M21,液压故障,True,0.93,7562.4,维修工C,已修复,建议大修
MNT-006794,2025-01-29 17:00:00,M25,滤芯更换,True,0.73,6491.81,维修工D,已修复,更换备件
MNT-006795,2025-07-31 17:00:00,M27,密封件更换,True,3.69,2459.51,维修工C,已修复,
MNT-006796,2024-11-24 06:00:00,M16,加热故障,True,9.93,2219.69,维修工C,已修复,
MNT-006797,2026-02-09 23:00:00,M13,注射故障,True,0.93,784.71,维修工B,已修复,更换备件
MNT-006798,2025-04-14 07:00:00,M18,液压故障,True,15.92,4071.13,外部供应商,已修复,
MNT-006799,2026-03-19 12:00:00,M17,电气故障,True,22.48,2986.12,维修工B,已修复,
MNT-006800,2026-01-15 20:00:00,M04,换油,True,22.07,1071.71,维修工D,已修复,更换备件
MNT-006801,2024-08-17 08:00:00,M24,换油,True,22.75,2760.94,维修工D,已修复,建议大修
MNT-006802,2025-04-12 15:00:00,M11,加热故障,True,19.65,1847.72,外部供应商,已修复,建议大修
MNT-006803,2025-05-29 00:00:00,M29,密封件更换,True,19.98,2157.79,维修工D,已修复,
MNT-006804,2024-11-08 22:00:00,M10,密封件更换,True,5.6,4906.54,维修工D,已修复,
MNT-006805,2025-08-29 17:00:00,M26,预防性保养,False,3.07,1463.03,外部供应商,已修复,更换备件
MNT-006806,2024-08-21 02:00:00,M25,故障维修,True,5.8,6444.1,维修工A,已修复,更换备件
MNT-006807,2025-01-29 22:00:00,M26,电气故障,True,4.61,7362.52,维修工C,已修复,
MNT-006808,2025-01-21 13:00:00,M16,锁模故障,True,3.36,2725.88,维修工D,已修复,
MNT-006809,2026-03-30 19:00:00,M10,锁模故障,True,12.2,5705.49,维修工C,已修复,
MNT-006810,2026-04-26 00:00:00,M19,故障维修,True,19.17,4161.2,维修工B,已修复,建议大修
MNT-006811,2025-04-14 18:00:00,M18,电气故障,True,17.66,2682.37,维修工D,已修复,
MNT-006812,2024-06-19 02:00:00,M18,液压故障,True,17.46,1389.7,外部供应商,已修复,
MNT-006813,2025-02-15 19:00:00,M20,故障维修,True,4.0,5529.57,外部供应商,已修复,
MNT-006814,2026-02-01 14:00:00,M05,锁模故障,True,17.96,3457.81,维修工D,已修复,
MNT-006815,2025-07-28 01:00:00,M02,预防性保养,False,2.07,976.27,维修工B,已修复,建议大修
MNT-006816,2024-08-09 20:00:00,M07,故障维修,True,17.25,3488.73,维修工B,已修复,
MNT-006817,2025-11-07 20:00:00,M14,换油,True,10.3,799.02,维修工C,已修复,
MNT-006818,2024-12-15 02:00:00,M08,预防性保养,False,3.32,1499.72,维修工D,已修复,更换备件
MNT-006819,2024-08-04 13:00:00,M15,预防性保养,False,1.95,1292.41,外部供应商,已修复,需要厂家支持
MNT-006820,2024-10-20 21:00:00,M10,锁模故障,True,2.77,5016.39,维修工C,已修复,需要厂家支持
MNT-006821,2025-07-01 09:00:00,M05,预防性保养,False,2.39,892.92,维修工B,已修复,
MNT-006822,2025-03-19 23:00:00,M22,加热故障,True,14.4,2045.61,维修工B,已修复,建议大修
MNT-006823,2024-02-11 12:00:00,M13,液压故障,True,15.03,372.64,维修工C,已修复,建议大修
MNT-006824,2025-03-19 20:00:00,M21,锁模故障,True,18.56,3192.74,外部供应商,已修复,
MNT-006825,2026-02-23 13:00:00,M06,故障维修,True,5.67,2016.0,维修工B,已修复,
MNT-006826,2025-04-02 03:00:00,M11,故障维修,True,11.23,7969.48,维修工A,已修复,更换备件
MNT-006827,2025-01-14 19:00:00,M20,加热故障,True,16.51,5623.47,维修工D,已修复,需要厂家支持
MNT-006828,2024-11-23 15:00:00,M10,滤芯更换,True,20.02,4395.07,维修工C,已修复,建议大修
MNT-006829,2026-03-28 19:00:00,M21,滤芯更换,True,17.03,4548.28,外部供应商,已修复,更换备件
MNT-006830,2025-06-28 18:00:00,M21,滤芯更换,True,21.38,1289.96,维修工C,已修复,建议大修
MNT-006831,2024-07-19 00:00:00,M12,密封件更换,True,21.69,3393.12,维修工D,已修复,
MNT-006832,2024-09-07 02:00:00,M16,密封件更换,True,12.03,724.89,维修工D,已修复,
MNT-006833,2025-03-20 08:00:00,M09,密封件更换,True,8.77,1834.05,维修工D,已修复,
MNT-006834,2024-11-27 01:00:00,M29,故障维修,True,4.73,628.83,外部供应商,已修复,
MNT-006835,2025-11-18 06:00:00,M02,滤芯更换,True,6.49,6672.03,维修工A,已修复,
MNT-006836,2024-04-15 20:00:00,M06,注射故障,True,2.76,2259.18,外部供应商,已修复,
MNT-006837,2025-04-06 01:00:00,M01,加热故障,True,13.24,3236.89,维修工C,已修复,建议大修
MNT-006838,2026-01-05 06:00:00,M22,注射故障,True,23.33,4176.39,维修工A,已修复,建议大修
MNT-006839,2025-03-09 15:00:00,M08,滤芯更换,True,12.73,5698.15,维修工D,待跟进,更换备件
MNT-006840,2024-08-08 07:00:00,M07,电气故障,True,12.71,6743.75,维修工C,已修复,
MNT-006841,2025-03-20 17:00:00,M13,故障维修,True,21.64,996.06,维修工A,已修复,更换备件
MNT-006842,2025-02-14 19:00:00,M23,故障维修,True,1.3,1978.47,维修工D,已修复,更换备件
MNT-006843,2024-02-20 16:00:00,M02,加热故障,True,13.6,5167.15,维修工C,已修复,
MNT-006844,2024-09-27 12:00:00,M07,滤芯更换,True,8.7,5632.67,维修工B,已修复,
MNT-006845,2025-06-19 10:00:00,M04,滤芯更换,True,9.08,710.83,维修工D,已修复,建议大修
MNT-006846,2026-03-25 17:00:00,M15,密封件更换,True,10.43,2551.19,维修工B,已修复,
MNT-006847,2025-09-20 18:00:00,M14,预防性保养,False,3.79,1364.88,外部供应商,已修复,更换备件
MNT-006848,2026-04-28 07:00:00,M14,液压故障,True,1.74,5876.98,维修工C,已修复,
MNT-006849,2026-02-19 13:00:00,M10,密封件更换,True,8.58,347.78,外部供应商,已修复,建议大修
MNT-006850,2025-10-06 19:00:00,M11,锁模故障,True,19.27,7376.91,维修工B,已修复,
MNT-006851,2024-11-17 21:00:00,M20,电气故障,True,13.4,4244.0,维修工C,已修复,更换备件
MNT-006852,2025-02-06 16:00:00,M07,预防性保养,False,3.34,778.56,维修工B,已修复,
MNT-006853,2026-01-03 01:00:00,M23,注射故障,True,1.99,2097.81,外部供应商,已修复,
MNT-006854,2024-02-29 21:00:00,M02,锁模故障,True,6.25,5938.85,外部供应商,已修复,更换备件
MNT-006855,2025-03-05 10:00:00,M08,锁模故障,True,10.65,4088.04,维修工A,已修复,建议大修
MNT-006856,2025-06-12 22:00:00,M08,换油,True,16.47,4304.5,维修工A,已修复,
MNT-006857,2025-05-02 11:00:00,M15,密封件更换,True,17.34,560.67,维修工A,已修复,
MNT-006858,2024-11-03 23:00:00,M14,密封件更换,True,21.13,5084.45,维修工D,已修复,更换备件
MNT-006859,2025-01-04 00:00:00,M09,电气故障,True,23.45,2052.67,维修工C,已修复,更换备件
MNT-006860,2025-01-01 10:00:00,M04,滤芯更换,True,15.02,7322.28,维修工D,已修复,
MNT-006861,2025-09-17 18:00:00,M05,注射故障,True,14.88,3151.1,维修工D,已修复,建议大修
MNT-006862,2024-11-24 18:00:00,M21,注射故障,True,13.16,1734.31,维修工A,已修复,需要厂家支持
MNT-006863,2025-04-27 04:00:00,M25,滤芯更换,True,10.63,7278.47,维修工B,已修复,
MNT-006864,2026-03-16 03:00:00,M09,锁模故障,True,9.89,5648.11,维修工A,已修复,
MNT-006865,2025-06-16 20:00:00,M16,锁模故障,True,23.12,7525.04,外部供应商,待跟进,建议大修
MNT-006866,2026-03-10 21:00:00,M05,换油,True,17.76,4217.04,外部供应商,已修复,
MNT-006867,2026-03-16 23:00:00,M24,换油,True,11.72,7970.57,维修工B,已修复,
MNT-006868,2025-03-19 21:00:00,M12,预防性保养,False,1.24,1159.32,维修工B,已修复,需要厂家支持
MNT-006869,2024-02-26 18:00:00,M22,预防性保养,False,2.95,385.76,维修工D,已修复,
MNT-006870,2024-09-27 09:00:00,M23,液压故障,True,9.8,1477.45,外部供应商,已修复,
MNT-006871,2026-03-20 19:00:00,M22,换油,True,9.26,754.45,维修工C,已修复,需要厂家支持
MNT-006872,2024-02-23 11:00:00,M12,锁模故障,True,4.09,5390.37,维修工A,已修复,需要厂家支持
MNT-006873,2025-05-28 05:00:00,M15,故障维修,True,14.18,5420.14,维修工B,已修复,需要厂家支持
MNT-006874,2024-07-07 10:00:00,M12,液压故障,True,21.93,3787.24,维修工C,已修复,
MNT-006875,2025-10-24 09:00:00,M22,滤芯更换,True,4.69,1137.66,维修工A,已修复,需要厂家支持
MNT-006876,2025-07-18 22:00:00,M07,加热故障,True,4.07,4180.01,维修工B,已修复,
MNT-006877,2024-05-27 18:00:00,M14,液压故障,True,3.81,3432.28,维修工A,已修复,
MNT-006878,2024-12-01 01:00:00,M19,密封件更换,True,6.51,3867.99,维修工B,已修复,
MNT-006879,2025-11-18 06:00:00,M17,滤芯更换,True,10.24,6499.01,维修工A,已修复,
MNT-006880,2024-06-16 06:00:00,M15,故障维修,True,2.32,6849.31,维修工B,已修复,
MNT-006881,2025-11-21 10:00:00,M24,密封件更换,True,15.72,2645.01,维修工D,已修复,
MNT-006882,2024-05-20 21:00:00,M25,注射故障,True,23.67,2113.52,维修工D,已修复,
MNT-006883,2025-07-05 12:00:00,M25,液压故障,True,17.23,4735.02,维修工D,已修复,
MNT-006884,2024-10-25 11:00:00,M06,加热故障,True,9.27,1900.11,维修工A,已修复,建议大修
MNT-006885,2025-01-08 12:00:00,M18,滤芯更换,True,10.28,5112.54,维修工B,已修复,
MNT-006886,2025-12-21 00:00:00,M02,加热故障,True,16.69,355.68,维修工D,已修复,
MNT-006887,2025-09-02 16:00:00,M02,故障维修,True,17.99,4943.97,维修工D,已修复,更换备件
MNT-006888,2025-12-28 17:00:00,M24,密封件更换,True,14.72,7561.47,维修工A,已修复,
MNT-006889,2024-07-09 01:00:00,M24,加热故障,True,22.9,6016.25,维修工A,已修复,更换备件
MNT-006890,2025-08-20 18:00:00,M01,预防性保养,False,1.93,700.8,维修工B,已修复,需要厂家支持
MNT-006891,2024-03-02 14:00:00,M15,液压故障,True,7.46,6456.55,维修工D,已修复,
MNT-006892,2025-03-24 03:00:00,M17,加热故障,True,8.67,1690.53,维修工D,已修复,建议大修
MNT-006893,2024-02-23 17:00:00,M03,电气故障,True,0.74,2959.82,维修工D,已修复,更换备件
MNT-006894,2025-10-05 07:00:00,M02,液压故障,True,18.17,6842.87,外部供应商,已修复,
MNT-006895,2024-10-30 00:00:00,M26,加热故障,True,22.24,3783.77,维修工A,已修复,
MNT-006896,2024-07-09 06:00:00,M07,预防性保养,False,1.26,1403.76,维修工A,已修复,
MNT-006897,2024-06-09 08:00:00,M14,锁模故障,True,17.61,5575.49,维修工D,已修复,
MNT-006898,2024-05-04 04:00:00,M09,加热故障,True,4.52,6663.01,维修工D,已修复,建议大修
MNT-006899,2024-07-27 19:00:00,M25,锁模故障,True,16.61,7328.78,维修工A,已修复,
MNT-006900,2025-12-03 14:00:00,M28,滤芯更换,True,12.21,640.93,维修工D,已修复,
MNT-006901,2024-12-26 08:00:00,M07,预防性保养,False,3.69,599.12,维修工A,已修复,建议大修
MNT-006902,2026-04-04 15:00:00,M28,锁模故障,True,8.32,3436.84,维修工B,已修复,
MNT-006903,2024-03-04 13:00:00,M03,锁模故障,True,8.6,5912.84,外部供应商,已修复,更换备件
MNT-006904,2024-12-04 01:00:00,M15,滤芯更换,True,18.21,2015.13,维修工D,已修复,
MNT-006905,2024-08-28 03:00:00,M03,滤芯更换,True,10.97,1007.4,维修工D,已修复,更换备件
MNT-006906,2024-01-23 23:00:00,M28,加热故障,True,16.44,2804.5,维修工C,已修复,更换备件
MNT-006907,2024-11-21 00:00:00,M13,换油,True,5.03,7563.13,维修工D,已修复,
MNT-006908,2025-12-10 14:00:00,M19,滤芯更换,True,18.75,2458.12,维修工B,已修复,更换备件
MNT-006909,2025-01-16 02:00:00,M02,密封件更换,True,10.99,5235.22,外部供应商,已修复,建议大修
MNT-006910,2024-05-17 21:00:00,M05,故障维修,True,20.73,5842.1,维修工C,已修复,
MNT-006911,2025-06-28 03:00:00,M29,电气故障,True,17.61,2826.57,维修工B,已修复,
MNT-006912,2026-01-20 10:00:00,M19,密封件更换,True,8.66,3131.97,维修工D,已修复,
MNT-006913,2025-11-08 00:00:00,M23,换油,True,3.12,7163.97,维修工C,已修复,
MNT-006914,2025-07-02 16:00:00,M03,换油,True,20.86,6682.46,外部供应商,已修复,建议大修
MNT-006915,2025-01-24 03:00:00,M23,加热故障,True,17.21,4538.34,维修工A,已修复,需要厂家支持
MNT-006916,2024-02-21 01:00:00,M26,故障维修,True,3.83,6769.12,维修工A,已修复,建议大修
MNT-006917,2024-07-14 08:00:00,M03,换油,True,23.45,4049.0,外部供应商,已修复,建议大修
MNT-006918,2025-08-13 19:00:00,M17,预防性保养,False,1.07,624.76,维修工D,已修复,
MNT-006919,2024-05-27 09:00:00,M06,加热故障,True,10.24,3191.68,维修工A,已修复,
MNT-006920,2026-04-02 06:00:00,M28,锁模故障,True,16.44,3243.82,外部供应商,已修复,
MNT-006921,2026-01-05 04:00:00,M24,换油,True,20.85,6988.37,维修工B,已修复,建议大修
MNT-006922,2025-07-23 15:00:00,M12,电气故障,True,18.59,2063.5,维修工A,已修复,更换备件
MNT-006923,2026-03-12 07:00:00,M10,故障维修,True,7.8,6285.5,维修工C,已修复,需要厂家支持
MNT-006924,2025-10-16 18:00:00,M22,预防性保养,False,3.32,807.16,维修工A,已修复,建议大修
MNT-006925,2026-02-02 15:00:00,M15,加热故障,True,8.64,3921.65,维修工A,已修复,更换备件
MNT-006926,2025-02-16 07:00:00,M16,故障维修,True,5.09,4269.03,维修工B,已修复,更换备件
MNT-006927,2025-09-17 19:00:00,M08,电气故障,True,21.27,856.66,外部供应商,已修复,需要厂家支持
MNT-006928,2025-04-27 03:00:00,M05,电气故障,True,9.89,3719.49,维修工B,待跟进,需要厂家支持
MNT-006929,2026-04-17 18:00:00,M18,电气故障,True,16.56,7765.93,维修工D,已修复,需要厂家支持
MNT-006930,2025-02-15 14:00:00,M28,密封件更换,True,16.98,420.39,维修工A,已修复,
MNT-006931,2025-02-15 20:00:00,M15,换油,True,1.83,3252.44,维修工D,已修复,建议大修
MNT-006932,2024-05-07 09:00:00,M16,故障维修,True,1.22,2138.19,维修工A,已修复,
MNT-006933,2024-12-01 00:00:00,M07,换油,True,16.52,5904.92,维修工C,已修复,需要厂家支持
MNT-006934,2024-12-31 14:00:00,M09,换油,True,1.78,2203.7,维修工C,已修复,需要厂家支持
MNT-006935,2025-06-08 05:00:00,M22,锁模故障,True,18.56,5077.35,维修工C,已修复,需要厂家支持
MNT-006936,2024-05-14 05:00:00,M26,液压故障,True,15.55,5895.18,维修工D,已修复,
MNT-006937,2024-02-22 01:00:00,M29,预防性保养,False,2.19,436.37,外部供应商,已修复,更换备件
MNT-006938,2024-10-02 09:00:00,M11,故障维修,True,12.8,3308.14,维修工B,已修复,更换备件
MNT-006939,2025-01-14 09:00:00,M20,加热故障,True,13.03,5461.79,维修工B,已修复,更换备件
MNT-006940,2024-10-24 06:00:00,M06,故障维修,True,6.55,2426.66,维修工B,已修复,建议大修
MNT-006941,2024-01-12 07:00:00,M09,滤芯更换,True,19.31,4221.76,外部供应商,已修复,需要厂家支持
MNT-006942,2026-02-05 13:00:00,M14,电气故障,True,7.55,4184.94,维修工D,已修复,
MNT-006943,2024-01-13 17:00:00,M07,注射故障,True,4.34,880.2,维修工C,已修复,更换备件
MNT-006944,2025-06-26 03:00:00,M15,预防性保养,False,2.57,1249.31,外部供应商,已修复,建议大修
MNT-006945,2026-04-08 04:00:00,M29,液压故障,True,14.9,5071.35,维修工B,已修复,更换备件
MNT-006946,2026-02-04 21:00:00,M04,液压故障,True,10.55,3521.68,维修工B,已修复,建议大修
MNT-006947,2024-08-14 09:00:00,M07,滤芯更换,True,9.1,1989.94,维修工B,已修复,
MNT-006948,2025-01-24 16:00:00,M06,换油,True,15.36,4789.77,外部供应商,已修复,需要厂家支持
MNT-006949,2026-01-24 21:00:00,M12,液压故障,True,5.29,1284.27,外部供应商,已修复,需要厂家支持
MNT-006950,2025-04-10 16:00:00,M24,加热故障,True,1.55,7794.0,维修工B,已修复,建议大修
MNT-006951,2025-05-08 10:00:00,M01,液压故障,True,8.03,3997.05,维修工D,已修复,
MNT-006952,2024-10-07 18:00:00,M17,锁模故障,True,17.36,6152.22,维修工C,已修复,
MNT-006953,2025-01-28 23:00:00,M20,锁模故障,True,3.58,1331.34,维修工D,已修复,
MNT-006954,2025-11-05 03:00:00,M12,锁模故障,True,6.99,5946.68,维修工B,待跟进,
MNT-006955,2025-09-25 04:00:00,M11,密封件更换,True,22.49,5383.25,维修工A,已修复,
MNT-006956,2025-12-18 16:00:00,M06,液压故障,True,1.62,6565.01,维修工C,已修复,
MNT-006957,2024-05-26 08:00:00,M16,液压故障,True,17.39,2116.56,外部供应商,已修复,
MNT-006958,2024-09-30 09:00:00,M12,故障维修,True,3.81,7789.68,维修工C,已修复,
MNT-006959,2024-04-22 01:00:00,M12,滤芯更换,True,22.72,5784.76,维修工B,已修复,更换备件
MNT-006960,2024-03-08 21:00:00,M22,液压故障,True,4.92,2457.4,维修工A,已修复,
MNT-006961,2025-12-23 00:00:00,M14,密封件更换,True,11.48,3998.27,外部供应商,已修复,需要厂家支持
MNT-006962,2026-04-18 20:00:00,M13,液压故障,True,4.0,2945.67,维修工B,已修复,
MNT-006963,2025-10-17 17:00:00,M13,液压故障,True,3.77,1074.1,维修工D,已修复,
MNT-006964,2025-08-01 03:00:00,M22,锁模故障,True,4.58,3483.5,维修工B,已修复,
MNT-006965,2026-01-19 11:00:00,M07,电气故障,True,16.96,4421.77,维修工A,已修复,
MNT-006966,2024-11-16 08:00:00,M13,电气故障,True,11.27,3535.58,外部供应商,已修复,
MNT-006967,2025-10-28 20:00:00,M03,密封件更换,True,9.64,2354.84,外部供应商,已修复,
MNT-006968,2024-08-31 22:00:00,M12,液压故障,True,2.23,7440.26,维修工B,已修复,
MNT-006969,2024-06-08 11:00:00,M01,锁模故障,True,20.73,1545.16,维修工D,已修复,更换备件
MNT-006970,2025-04-19 19:00:00,M05,换油,True,21.79,4492.39,维修工C,已修复,
MNT-006971,2025-09-07 13:00:00,M28,换油,True,9.78,6892.03,维修工A,已修复,建议大修
MNT-006972,2026-04-29 10:00:00,M08,锁模故障,True,15.93,6534.34,维修工B,已修复,需要厂家支持
MNT-006973,2026-03-28 08:00:00,M26,加热故障,True,7.8,7681.04,维修工B,已修复,
MNT-006974,2024-03-09 18:00:00,M11,滤芯更换,True,8.42,6198.46,外部供应商,已修复,
MNT-006975,2025-02-17 01:00:00,M23,锁模故障,True,19.87,3817.27,维修工D,已修复,
MNT-006976,2024-01-31 07:00:00,M05,故障维修,True,15.42,1761.14,外部供应商,已修复,需要厂家支持
MNT-006977,2024-12-26 04:00:00,M10,故障维修,True,7.63,3321.74,外部供应商,已修复,
MNT-006978,2025-02-11 07:00:00,M15,液压故障,True,1.51,5290.7,维修工D,已修复,
MNT-006979,2024-08-27 11:00:00,M13,换油,True,7.99,7915.76,维修工B,已修复,
MNT-006980,2025-09-09 15:00:00,M04,故障维修,True,15.13,3920.12,维修工A,已修复,需要厂家支持
MNT-006981,2024-03-02 02:00:00,M11,密封件更换,True,11.51,1210.55,维修工D,已修复,
MNT-006982,2024-11-11 09:00:00,M11,注射故障,True,22.64,7653.4,维修工D,已修复,
MNT-006983,2025-09-20 17:00:00,M28,锁模故障,True,15.65,4852.45,外部供应商,已修复,建议大修
MNT-006984,2025-01-31 03:00:00,M28,注射故障,True,7.37,4005.74,维修工A,已修复,更换备件
MNT-006985,2024-05-26 16:00:00,M02,故障维修,True,19.53,2560.38,维修工B,已修复,需要厂家支持
MNT-006986,2024-01-10 05:00:00,M06,换油,True,20.08,7141.36,维修工D,待跟进,需要厂家支持
MNT-006987,2025-06-09 11:00:00,M09,故障维修,True,9.48,6475.46,外部供应商,已修复,
MNT-006988,2025-09-20 02:00:00,M15,换油,True,11.18,4000.8,维修工D,已修复,需要厂家支持
MNT-006989,2025-10-21 22:00:00,M08,液压故障,True,14.79,473.63,维修工B,已修复,建议大修
MNT-006990,2026-01-24 14:00:00,M15,预防性保养,False,3.75,593.36,维修工D,已修复,需要厂家支持
MNT-006991,2024-01-19 05:00:00,M04,液压故障,True,21.32,529.77,维修工B,已修复,更换备件
MNT-006992,2025-03-05 06:00:00,M28,注射故障,True,4.91,1363.95,外部供应商,已修复,建议大修
MNT-006993,2024-07-05 06:00:00,M18,电气故障,True,3.78,1426.08,维修工C,已修复,
MNT-006994,2026-03-09 04:00:00,M29,密封件更换,True,4.86,7659.13,外部供应商,已修复,建议大修
MNT-006995,2025-02-21 01:00:00,M16,加热故障,True,7.46,1396.65,外部供应商,已修复,
MNT-006996,2025-12-04 01:00:00,M18,锁模故障,True,2.6,3940.7,维修工B,已修复,需要厂家支持
MNT-006997,2024-05-14 03:00:00,M18,液压故障,True,4.59,1360.91,维修工D,已修复,建议大修
MNT-006998,2026-02-27 19:00:00,M20,滤芯更换,True,5.19,6160.19,维修工C,已修复,更换备件
MNT-006999,2025-01-22 00:00:00,M27,注射故障,True,23.16,424.84,维修工C,已修复,建议大修
MNT-007000,2024-06-04 20:00:00,M07,电气故障,True,23.55,709.85,外部供应商,已修复,
MNT-007001,2024-07-09 06:00:00,M05,注射故障,True,17.29,6700.44,维修工D,已修复,
MNT-007002,2025-09-21 17:00:00,M22,注射故障,True,18.21,3232.84,外部供应商,已修复,
MNT-007003,2026-01-04 01:00:00,M08,滤芯更换,True,15.62,2288.19,维修工B,已修复,
MNT-007004,2024-12-28 03:00:00,M12,电气故障,True,15.47,5588.86,外部供应商,已修复,
MNT-007005,2025-03-25 02:00:00,M23,换油,True,3.04,1612.94,外部供应商,已修复,
MNT-007006,2024-03-24 01:00:00,M17,滤芯更换,True,22.93,2196.51,维修工C,已修复,
MNT-007007,2024-06-18 00:00:00,M22,加热故障,True,23.81,7547.04,外部供应商,已修复,需要厂家支持
MNT-007008,2024-12-10 18:00:00,M29,预防性保养,False,1.34,1456.86,维修工C,已修复,
MNT-007009,2025-11-08 10:00:00,M12,注射故障,True,6.54,549.5,维修工A,已修复,
MNT-007010,2024-02-26 13:00:00,M23,电气故障,True,5.4,5634.5,维修工B,已修复,需要厂家支持
MNT-007011,2026-04-12 09:00:00,M13,注射故障,True,16.92,5441.45,维修工A,已修复,更换备件
MNT-007012,2024-07-16 16:00:00,M16,液压故障,True,9.15,5435.3,维修工B,已修复,需要厂家支持
MNT-007013,2026-02-08 04:00:00,M13,液压故障,True,20.43,3643.47,维修工B,已修复,建议大修
MNT-007014,2025-01-18 08:00:00,M28,电气故障,True,15.35,7309.15,外部供应商,已修复,需要厂家支持
MNT-007015,2025-05-27 19:00:00,M07,滤芯更换,True,5.19,1404.3,维修工A,已修复,
MNT-007016,2025-09-16 23:00:00,M27,加热故障,True,12.95,2230.83,维修工B,已修复,
MNT-007017,2024-11-14 20:00:00,M18,锁模故障,True,12.1,1833.88,维修工C,已修复,
MNT-007018,2024-02-24 20:00:00,M22,锁模故障,True,20.21,4376.67,维修工C,已修复,更换备件
MNT-007019,2024-08-15 14:00:00,M14,密封件更换,True,18.65,7189.27,维修工D,已修复,
MNT-007020,2026-04-25 19:00:00,M15,注射故障,True,15.13,892.84,维修工B,已修复,更换备件
MNT-007021,2024-03-11 01:00:00,M27,密封件更换,True,15.85,283.7,外部供应商,已修复,需要厂家支持
MNT-007022,2025-01-12 13:00:00,M14,换油,True,6.86,4351.93,维修工B,已修复,建议大修
MNT-007023,2026-03-10 15:00:00,M01,注射故障,True,6.95,3168.75,维修工A,已修复,
MNT-007024,2025-07-27 23:00:00,M01,注射故障,True,19.19,5652.24,维修工D,已修复,需要厂家支持
MNT-007025,2024-03-15 04:00:00,M09,滤芯更换,True,5.68,4695.83,维修工A,已修复,更换备件
MNT-007026,2026-03-30 21:00:00,M21,注射故障,True,11.9,3382.0,维修工A,已修复,
MNT-007027,2024-01-08 10:00:00,M05,液压故障,True,21.04,1836.29,维修工B,已修复,更换备件
MNT-007028,2024-06-22 17:00:00,M13,故障维修,True,1.73,580.37,维修工B,已修复,建议大修
MNT-007029,2025-06-09 08:00:00,M26,密封件更换,True,21.1,7351.35,维修工A,已修复,
MNT-007030,2024-02-29 04:00:00,M24,电气故障,True,7.71,1848.77,维修工A,已修复,需要厂家支持
MNT-007031,2024-08-04 15:00:00,M15,注射故障,True,23.18,5692.86,外部供应商,已修复,
MNT-007032,2024-07-11 00:00:00,M17,预防性保养,False,2.44,490.85,维修工D,已修复,需要厂家支持
MNT-007033,2025-06-15 23:00:00,M17,滤芯更换,True,9.61,5932.47,维修工D,已修复,
MNT-007034,2024-11-23 17:00:00,M03,锁模故障,True,15.08,1212.98,维修工B,已修复,建议大修
MNT-007035,2025-08-30 07:00:00,M29,液压故障,True,4.02,4142.42,维修工A,已修复,
MNT-007036,2025-03-17 01:00:00,M15,加热故障,True,9.08,1093.8,维修工B,已修复,需要厂家支持
MNT-007037,2025-04-08 16:00:00,M10,液压故障,True,23.35,450.82,维修工C,已修复,建议大修
MNT-007038,2026-01-24 01:00:00,M15,密封件更换,True,6.72,6824.46,维修工D,已修复,
MNT-007039,2024-01-27 14:00:00,M23,预防性保养,False,3.0,597.2,维修工B,已修复,
MNT-007040,2025-10-07 11:00:00,M04,预防性保养,False,1.47,188.61,外部供应商,已修复,更换备件
MNT-007041,2025-04-12 15:00:00,M02,锁模故障,True,3.63,279.54,维修工D,已修复,
MNT-007042,2025-06-11 05:00:00,M01,锁模故障,True,23.85,2987.04,外部供应商,已修复,建议大修
MNT-007043,2024-08-16 09:00:00,M04,换油,True,7.9,6448.16,维修工A,已修复,
MNT-007044,2025-08-13 16:00:00,M19,加热故障,True,21.45,2789.37,外部供应商,待跟进,
MNT-007045,2024-02-16 08:00:00,M21,预防性保养,False,0.75,249.62,维修工A,已修复,需要厂家支持
MNT-007046,2025-01-26 12:00:00,M04,液压故障,True,8.3,7345.29,维修工B,已修复,需要厂家支持
MNT-007047,2026-03-15 21:00:00,M02,注射故障,True,10.58,5214.31,维修工A,已修复,需要厂家支持
MNT-007048,2025-03-02 02:00:00,M27,电气故障,True,23.25,7317.31,维修工B,已修复,更换备件
MNT-007049,2025-10-11 14:00:00,M16,换油,True,12.29,3902.07,维修工A,已修复,
MNT-007050,2024-07-31 07:00:00,M22,加热故障,True,19.41,7629.52,维修工B,已修复,
MNT-007051,2024-06-14 00:00:00,M19,换油,True,10.63,2460.64,维修工A,已修复,需要厂家支持
MNT-007052,2025-02-19 15:00:00,M24,故障维修,True,15.0,5292.73,维修工C,已修复,
MNT-007053,2024-08-28 14:00:00,M17,加热故障,True,9.12,6483.01,维修工C,已修复,
MNT-007054,2024-04-17 10:00:00,M15,密封件更换,True,4.85,6725.29,维修工D,已修复,建议大修
MNT-007055,2024-11-21 03:00:00,M25,预防性保养,False,3.97,390.43,维修工B,已修复,建议大修
MNT-007056,2025-03-04 07:00:00,M13,预防性保养,False,3.71,621.04,维修工C,已修复,
MNT-007057,2025-05-14 18:00:00,M22,换油,True,5.69,6691.64,维修工A,已修复,
MNT-007058,2025-07-03 02:00:00,M23,预防性保养,False,3.45,465.21,维修工B,已修复,更换备件
MNT-007059,2024-01-31 02:00:00,M15,液压故障,True,7.27,7232.33,维修工D,已修复,
MNT-007060,2024-03-02 15:00:00,M17,电气故障,True,1.48,5358.18,维修工C,已修复,
MNT-007061,2025-07-02 02:00:00,M09,注射故障,True,13.62,4044.9,维修工D,已修复,
MNT-007062,2024-07-14 09:00:00,M01,电气故障,True,11.47,3252.42,维修工A,已修复,建议大修
MNT-007063,2024-01-01 15:00:00,M12,锁模故障,True,7.1,1745.67,维修工C,已修复,
MNT-007064,2024-06-05 06:00:00,M23,电气故障,True,12.27,1236.07,维修工D,已修复,更换备件
MNT-007065,2024-03-27 07:00:00,M20,液压故障,True,2.64,1699.99,外部供应商,已修复,建议大修
MNT-007066,2025-05-13 01:00:00,M18,电气故障,True,13.13,3255.83,维修工A,已修复,建议大修
MNT-007067,2025-11-27 11:00:00,M27,注射故障,True,2.06,7134.84,维修工D,已修复,更换备件
MNT-007068,2024-11-11 04:00:00,M01,故障维修,True,4.0,6770.79,维修工C,已修复,
MNT-007069,2024-10-24 04:00:00,M07,滤芯更换,True,10.78,4941.81,维修工B,已修复,
MNT-007070,2024-01-20 11:00:00,M17,液压故障,True,19.75,7442.5,维修工B,已修复,
MNT-007071,2025-01-15 19:00:00,M15,锁模故障,True,20.02,7738.17,维修工B,已修复,需要厂家支持
MNT-007072,2024-10-23 00:00:00,M22,滤芯更换,True,21.36,4607.29,维修工B,已修复,更换备件
MNT-007073,2024-12-11 11:00:00,M14,加热故障,True,20.03,3531.55,维修工B,已修复,更换备件
MNT-007074,2025-01-18 07:00:00,M21,换油,True,6.13,1241.69,维修工D,已修复,
MNT-007075,2024-08-25 21:00:00,M29,注射故障,True,15.83,2434.09,维修工D,已修复,
MNT-007076,2024-10-01 12:00:00,M20,加热故障,True,3.22,2460.3,维修工A,已修复,建议大修
MNT-007077,2026-02-13 21:00:00,M12,注射故障,True,9.34,2737.83,维修工C,已修复,
MNT-007078,2025-11-21 06:00:00,M17,滤芯更换,True,7.74,2537.95,维修工A,已修复,
MNT-007079,2024-10-25 20:00:00,M06,锁模故障,True,10.25,7830.62,维修工D,已修复,更换备件
MNT-007080,2024-10-25 08:00:00,M16,液压故障,True,16.05,3787.05,维修工C,已修复,建议大修
MNT-007081,2024-03-31 23:00:00,M04,锁模故障,True,23.64,6000.09,维修工B,已修复,建议大修
MNT-007082,2024-03-25 12:00:00,M03,滤芯更换,True,16.12,2723.23,维修工D,已修复,更换备件
MNT-007083,2024-06-28 04:00:00,M13,液压故障,True,10.67,2237.42,维修工C,已修复,
MNT-007084,2025-06-02 02:00:00,M19,滤芯更换,True,5.49,7089.38,维修工D,已修复,需要厂家支持
MNT-007085,2025-10-25 00:00:00,M04,注射故障,True,13.74,6741.42,维修工D,已修复,需要厂家支持
MNT-007086,2025-05-08 20:00:00,M03,液压故障,True,2.12,5081.01,维修工A,已修复,
MNT-007087,2024-08-03 20:00:00,M08,注射故障,True,15.57,4119.09,维修工D,已修复,
MNT-007088,2025-07-25 20:00:00,M25,密封件更换,True,8.48,1939.05,维修工B,已修复,建议大修
MNT-007089,2024-03-20 11:00:00,M25,锁模故障,True,1.1,1135.33,外部供应商,已修复,建议大修
MNT-007090,2025-12-18 14:00:00,M14,换油,True,1.33,5162.1,维修工A,已修复,需要厂家支持
MNT-007091,2026-02-03 02:00:00,M03,加热故障,True,6.13,6440.02,外部供应商,已修复,更换备件
MNT-007092,2024-09-29 14:00:00,M05,密封件更换,True,5.67,6236.15,维修工C,已修复,更换备件
MNT-007093,2024-08-20 17:00:00,M25,锁模故障,True,4.3,3431.27,维修工A,已修复,建议大修
MNT-007094,2024-05-31 12:00:00,M27,密封件更换,True,5.12,3585.81,维修工C,已修复,
MNT-007095,2025-05-26 10:00:00,M22,锁模故障,True,5.81,1064.49,维修工C,已修复,
MNT-007096,2024-07-03 14:00:00,M24,锁模故障,True,13.03,3704.66,外部供应商,已修复,
MNT-007097,2024-12-10 05:00:00,M04,换油,True,23.12,935.64,外部供应商,已修复,需要厂家支持
MNT-007098,2025-06-07 02:00:00,M26,滤芯更换,True,4.2,7658.25,维修工B,已修复,建议大修
MNT-007099,2024-09-27 12:00:00,M20,预防性保养,False,3.61,181.33,维修工A,已修复,
MNT-007100,2024-09-20 02:00:00,M05,滤芯更换,True,5.83,7572.0,维修工C,已修复,
MNT-007101,2024-11-02 03:00:00,M19,锁模故障,True,14.07,1203.03,维修工A,已修复,
MNT-007102,2025-03-28 20:00:00,M15,注射故障,True,1.09,3081.46,维修工B,已修复,建议大修
MNT-007103,2024-02-28 14:00:00,M15,注射故障,True,17.02,6921.3,维修工C,已修复,
MNT-007104,2024-07-27 11:00:00,M29,密封件更换,True,7.0,7049.77,维修工A,已修复,
MNT-007105,2024-08-17 15:00:00,M08,电气故障,True,11.02,4149.14,外部供应商,已修复,
MNT-007106,2024-05-24 10:00:00,M01,注射故障,True,2.38,3564.96,维修工B,已修复,
MNT-007107,2025-06-18 12:00:00,M24,锁模故障,True,3.08,6729.33,维修工D,已修复,
MNT-007108,2025-05-09 08:00:00,M13,锁模故障,True,1.9,916.95,外部供应商,待跟进,需要厂家支持
MNT-007109,2025-03-08 15:00:00,M22,电气故障,True,15.15,1489.16,维修工B,已修复,
MNT-007110,2025-05-12 19:00:00,M12,锁模故障,True,1.07,3807.22,维修工D,已修复,
MNT-007111,2025-12-10 02:00:00,M16,预防性保养,False,0.91,218.49,维修工B,已修复,需要厂家支持
MNT-007112,2025-09-11 22:00:00,M26,液压故障,True,6.41,6718.58,维修工D,已修复,
MNT-007113,2024-10-23 19:00:00,M22,滤芯更换,True,11.33,7306.83,维修工D,已修复,更换备件
MNT-007114,2025-09-26 18:00:00,M10,滤芯更换,True,1.87,499.69,维修工C,已修复,需要厂家支持
MNT-007115,2024-04-13 21:00:00,M05,注射故障,True,20.0,4348.17,维修工B,已修复,建议大修
MNT-007116,2024-10-07 07:00:00,M03,锁模故障,True,1.84,3052.4,维修工A,待跟进,更换备件
MNT-007117,2025-03-01 00:00:00,M04,注射故障,True,23.55,518.38,外部供应商,已修复,
MNT-007118,2024-06-25 09:00:00,M26,液压故障,True,8.96,6933.4,外部供应商,已修复,建议大修
MNT-007119,2024-05-01 10:00:00,M13,密封件更换,True,12.96,2712.75,外部供应商,已修复,更换备件
MNT-007120,2024-01-17 14:00:00,M18,加热故障,True,12.45,2972.21,维修工D,已修复,
MNT-007121,2024-06-05 08:00:00,M26,锁模故障,True,1.29,2569.51,维修工C,已修复,建议大修
MNT-007122,2024-09-02 17:00:00,M11,注射故障,True,7.6,4539.71,维修工D,已修复,需要厂家支持
MNT-007123,2024-03-07 06:00:00,M23,换油,True,12.16,4775.64,维修工B,已修复,
MNT-007124,2024-09-29 02:00:00,M17,液压故障,True,17.92,384.42,维修工B,已修复,
MNT-007125,2025-01-22 14:00:00,M22,电气故障,True,18.36,1691.71,外部供应商,已修复,需要厂家支持
MNT-007126,2025-07-08 01:00:00,M05,锁模故障,True,6.75,7603.78,外部供应商,已修复,
MNT-007127,2026-02-25 11:00:00,M26,加热故障,True,0.65,7582.78,维修工C,已修复,
MNT-007128,2024-07-24 14:00:00,M22,电气故障,True,7.98,1483.21,维修工D,已修复,需要厂家支持
MNT-007129,2025-03-02 13:00:00,M03,故障维修,True,7.34,4625.53,维修工B,已修复,建议大修
MNT-007130,2024-04-11 04:00:00,M29,注射故障,True,5.27,648.83,维修工C,已修复,
MNT-007131,2025-07-04 04:00:00,M14,加热故障,True,11.93,6008.01,维修工C,已修复,
MNT-007132,2026-01-16 01:00:00,M04,换油,True,1.13,4151.31,维修工C,已修复,建议大修
MNT-007133,2025-07-17 03:00:00,M21,锁模故障,True,14.05,4989.7,外部供应商,已修复,更换备件
MNT-007134,2025-01-07 00:00:00,M29,滤芯更换,True,19.66,2546.71,维修工D,已修复,
MNT-007135,2026-03-24 04:00:00,M03,注射故障,True,1.16,1332.23,维修工A,已修复,建议大修
MNT-007136,2025-12-06 16:00:00,M21,换油,True,4.71,3275.92,维修工A,已修复,
MNT-007137,2025-06-07 15:00:00,M13,加热故障,True,5.89,3733.96,维修工A,已修复,
MNT-007138,2025-11-16 06:00:00,M07,加热故障,True,17.22,5202.49,维修工B,已修复,更换备件
MNT-007139,2024-01-09 11:00:00,M20,锁模故障,True,1.33,5357.13,维修工B,已修复,更换备件
MNT-007140,2026-04-06 04:00:00,M18,注射故障,True,13.03,4630.91,维修工B,已修复,更换备件
MNT-007141,2024-04-01 01:00:00,M13,锁模故障,True,15.75,5975.98,维修工D,已修复,更换备件
MNT-007142,2024-08-11 00:00:00,M02,电气故障,True,7.22,3994.8,维修工A,已修复,
MNT-007143,2025-12-29 21:00:00,M09,加热故障,True,2.31,963.18,维修工A,已修复,
MNT-007144,2025-01-28 04:00:00,M23,密封件更换,True,11.52,1196.07,维修工B,已修复,建议大修
MNT-007145,2026-04-17 20:00:00,M08,电气故障,True,1.01,4343.18,维修工C,已修复,
MNT-007146,2024-06-18 23:00:00,M03,故障维修,True,21.08,363.15,维修工B,已修复,建议大修
MNT-007147,2026-01-12 01:00:00,M04,预防性保养,False,3.34,1033.59,维修工D,已修复,需要厂家支持
MNT-007148,2024-08-05 04:00:00,M10,液压故障,True,2.8,2865.68,维修工A,已修复,更换备件
MNT-007149,2025-07-04 02:00:00,M02,密封件更换,True,22.66,4964.0,维修工D,已修复,更换备件
MNT-007150,2024-02-04 13:00:00,M20,预防性保养,False,2.83,941.21,维修工A,已修复,建议大修
MNT-007151,2026-01-26 17:00:00,M27,液压故障,True,20.38,3437.05,维修工A,已修复,建议大修
MNT-007152,2024-09-02 13:00:00,M14,锁模故障,True,23.04,6951.74,维修工D,已修复,
MNT-007153,2025-10-28 08:00:00,M08,预防性保养,False,0.94,812.67,维修工B,已修复,
MNT-007154,2024-09-13 11:00:00,M08,注射故障,True,23.07,4997.93,维修工B,已修复,更换备件
MNT-007155,2024-05-13 23:00:00,M25,密封件更换,True,13.1,2377.05,维修工C,已修复,
MNT-007156,2025-09-16 17:00:00,M04,加热故障,True,8.0,7829.57,维修工D,已修复,需要厂家支持
MNT-007157,2024-07-25 02:00:00,M05,密封件更换,True,4.27,6016.5,维修工C,待跟进,
MNT-007158,2024-02-28 14:00:00,M10,换油,True,2.6,5094.36,外部供应商,已修复,
MNT-007159,2025-11-11 21:00:00,M06,锁模故障,True,21.33,6075.6,维修工A,已修复,
MNT-007160,2024-01-30 01:00:00,M07,加热故障,True,1.49,3597.71,维修工C,已修复,
MNT-007161,2025-06-24 00:00:00,M20,电气故障,True,11.24,6849.92,维修工B,已修复,
MNT-007162,2025-07-08 15:00:00,M22,换油,True,9.5,6043.85,维修工B,已修复,
MNT-007163,2024-11-09 15:00:00,M02,加热故障,True,12.86,7897.8,外部供应商,已修复,
MNT-007164,2024-09-10 04:00:00,M29,注射故障,True,10.95,7576.01,维修工D,已修复,更换备件
MNT-007165,2024-05-23 01:00:00,M13,加热故障,True,16.57,2613.54,维修工C,已修复,
MNT-007166,2024-08-15 11:00:00,M18,预防性保养,False,3.49,127.07,维修工D,已修复,更换备件
MNT-007167,2024-02-24 12:00:00,M27,滤芯更换,True,2.18,4398.25,外部供应商,已修复,
MNT-007168,2025-06-22 23:00:00,M12,锁模故障,True,7.12,567.6,维修工B,已修复,更换备件
MNT-007169,2024-07-04 09:00:00,M17,液压故障,True,11.24,7135.85,维修工C,已修复,更换备件
MNT-007170,2024-05-26 03:00:00,M02,锁模故障,True,14.74,4501.91,维修工B,已修复,
MNT-007171,2024-02-20 22:00:00,M16,注射故障,True,18.76,4461.48,维修工B,已修复,需要厂家支持
MNT-007172,2025-03-06 01:00:00,M24,换油,True,2.15,5942.59,外部供应商,已修复,
MNT-007173,2024-03-23 07:00:00,M20,加热故障,True,13.28,4943.99,维修工B,已修复,建议大修
MNT-007174,2025-10-08 08:00:00,M07,锁模故障,True,21.19,7709.56,维修工D,已修复,
MNT-007175,2025-10-09 18:00:00,M01,注射故障,True,22.26,5584.76,维修工B,已修复,
MNT-007176,2025-07-24 10:00:00,M08,注射故障,True,12.1,6489.67,外部供应商,已修复,
MNT-007177,2024-06-15 15:00:00,M23,预防性保养,False,3.71,1227.14,维修工D,已修复,
MNT-007178,2024-06-05 00:00:00,M29,预防性保养,False,0.64,1010.04,维修工D,已修复,建议大修
MNT-007179,2024-02-22 20:00:00,M06,液压故障,True,0.69,6562.97,维修工B,已修复,更换备件
MNT-007180,2024-05-03 23:00:00,M24,滤芯更换,True,13.92,2973.72,维修工D,已修复,
MNT-007181,2024-01-03 23:00:00,M25,锁模故障,True,2.51,1246.87,维修工D,已修复,需要厂家支持
MNT-007182,2024-04-17 06:00:00,M01,滤芯更换,True,3.0,7975.03,维修工A,已修复,更换备件
MNT-007183,2025-11-12 07:00:00,M10,电气故障,True,5.47,7997.12,维修工A,已修复,
MNT-007184,2026-03-12 22:00:00,M29,密封件更换,True,9.1,2485.53,外部供应商,已修复,
MNT-007185,2024-03-02 01:00:00,M16,液压故障,True,17.83,872.6,外部供应商,已修复,需要厂家支持
MNT-007186,2025-04-19 02:00:00,M03,注射故障,True,13.42,5311.13,维修工D,已修复,
MNT-007187,2025-06-30 01:00:00,M14,加热故障,True,23.07,5617.43,维修工A,已修复,更换备件
MNT-007188,2026-02-21 14:00:00,M24,电气故障,True,10.06,203.79,外部供应商,已修复,建议大修
MNT-007189,2024-07-18 22:00:00,M17,注射故障,True,1.17,6733.26,外部供应商,已修复,更换备件
MNT-007190,2026-01-27 19:00:00,M16,故障维修,True,20.88,4141.66,外部供应商,已修复,建议大修
MNT-007191,2025-11-24 12:00:00,M15,换油,True,11.53,2647.5,维修工A,已修复,需要厂家支持
MNT-007192,2025-12-26 02:00:00,M25,电气故障,True,19.02,7825.51,维修工A,已修复,建议大修
MNT-007193,2025-05-16 03:00:00,M24,锁模故障,True,13.2,6756.67,维修工C,已修复,
MNT-007194,2025-12-30 00:00:00,M20,预防性保养,False,0.75,1048.0,维修工B,已修复,建议大修
MNT-007195,2024-05-13 06:00:00,M05,故障维修,True,24.0,846.57,维修工C,已修复,
MNT-007196,2024-08-17 09:00:00,M20,密封件更换,True,8.71,1716.51,维修工C,已修复,需要厂家支持
MNT-007197,2024-07-22 20:00:00,M18,电气故障,True,11.58,1090.07,维修工B,已修复,建议大修
MNT-007198,2025-05-13 17:00:00,M10,电气故障,True,2.94,3429.97,外部供应商,已修复,建议大修
MNT-007199,2025-05-22 05:00:00,M10,加热故障,True,14.55,880.37,维修工D,已修复,需要厂家支持
MNT-007200,2024-01-21 18:00:00,M29,电气故障,True,23.52,6504.35,维修工C,已修复,
MNT-007201,2025-08-16 14:00:00,M13,注射故障,True,4.32,7023.39,维修工C,已修复,
MNT-007202,2024-03-13 07:00:00,M20,加热故障,True,7.57,7732.74,维修工D,已修复,
MNT-007203,2025-09-01 09:00:00,M19,故障维修,True,2.95,5734.9,维修工C,已修复,建议大修
MNT-007204,2025-06-29 03:00:00,M08,液压故障,True,22.92,7343.96,维修工D,已修复,
MNT-007205,2025-08-14 20:00:00,M10,换油,True,22.39,5383.76,维修工A,已修复,
MNT-007206,2025-11-06 22:00:00,M23,滤芯更换,True,10.25,6841.39,维修工B,已修复,需要厂家支持
MNT-007207,2026-03-09 15:00:00,M24,注射故障,True,4.53,5218.13,维修工B,已修复,更换备件
MNT-007208,2024-06-20 16:00:00,M07,滤芯更换,True,14.25,4390.06,维修工A,已修复,
MNT-007209,2024-10-14 09:00:00,M06,滤芯更换,True,2.5,6366.64,维修工B,已修复,建议大修
MNT-007210,2025-09-28 09:00:00,M04,密封件更换,True,24.0,6570.73,外部供应商,已修复,建议大修
MNT-007211,2025-12-13 04:00:00,M11,加热故障,True,13.3,6457.18,维修工D,已修复,建议大修
MNT-007212,2024-04-25 09:00:00,M18,锁模故障,True,13.67,1034.89,维修工A,已修复,
MNT-007213,2025-12-15 16:00:00,M10,密封件更换,True,9.73,7746.66,外部供应商,已修复,
MNT-007214,2025-09-14 18:00:00,M24,液压故障,True,8.17,5401.85,维修工D,已修复,
MNT-007215,2024-05-05 14:00:00,M26,换油,True,7.48,442.0,维修工C,已修复,
MNT-007216,2025-09-12 03:00:00,M22,锁模故障,True,13.75,4901.78,维修工B,已修复,建议大修
MNT-007217,2025-03-18 13:00:00,M22,注射故障,True,12.58,778.83,维修工B,已修复,更换备件
MNT-007218,2026-04-22 13:00:00,M04,密封件更换,True,13.86,1368.39,维修工C,已修复,
MNT-007219,2025-01-30 06:00:00,M08,加热故障,True,1.53,3494.69,维修工B,已修复,更换备件
MNT-007220,2024-01-24 03:00:00,M28,电气故障,True,18.56,589.21,维修工A,已修复,更换备件
MNT-007221,2026-04-21 06:00:00,M10,故障维修,True,14.65,6359.58,维修工D,已修复,
MNT-007222,2025-08-21 16:00:00,M21,电气故障,True,6.11,5553.21,维修工D,已修复,
MNT-007223,2025-08-27 13:00:00,M06,密封件更换,True,7.83,5415.65,外部供应商,已修复,需要厂家支持
MNT-007224,2026-01-27 17:00:00,M17,换油,True,17.08,527.47,维修工D,已修复,需要厂家支持
MNT-007225,2025-04-19 15:00:00,M27,电气故障,True,4.6,490.19,维修工C,已修复,
MNT-007226,2024-10-20 09:00:00,M05,加热故障,True,20.75,5755.66,维修工D,已修复,建议大修
MNT-007227,2026-01-19 18:00:00,M12,液压故障,True,0.52,4782.39,维修工C,已修复,
MNT-007228,2025-11-15 08:00:00,M17,液压故障,True,2.65,7393.93,维修工B,已修复,建议大修
MNT-007229,2024-02-11 09:00:00,M16,锁模故障,True,21.73,1940.24,维修工D,已修复,
MNT-007230,2026-02-25 16:00:00,M17,电气故障,True,16.37,1698.58,维修工D,已修复,需要厂家支持
MNT-007231,2025-08-19 03:00:00,M21,注射故障,True,4.99,6584.31,维修工C,已修复,
MNT-007232,2025-01-22 03:00:00,M13,注射故障,True,4.36,2810.9,外部供应商,已修复,建议大修
MNT-007233,2024-08-01 14:00:00,M05,电气故障,True,2.11,238.75,维修工D,已修复,需要厂家支持
MNT-007234,2025-04-06 04:00:00,M15,故障维修,True,18.6,6819.66,维修工A,已修复,建议大修
MNT-007235,2024-11-18 13:00:00,M23,注射故障,True,21.79,5561.92,维修工B,已修复,需要厂家支持
MNT-007236,2024-09-11 03:00:00,M10,加热故障,True,2.46,3481.71,维修工A,已修复,建议大修
MNT-007237,2026-02-13 08:00:00,M20,锁模故障,True,21.23,5478.45,维修工B,已修复,建议大修
MNT-007238,2025-11-06 13:00:00,M23,换油,True,14.2,7445.23,外部供应商,已修复,需要厂家支持
MNT-007239,2024-06-18 03:00:00,M07,加热故障,True,6.07,1096.24,维修工B,已修复,需要厂家支持
MNT-007240,2024-09-30 14:00:00,M05,滤芯更换,True,20.6,7587.6,外部供应商,已修复,
MNT-007241,2025-01-09 11:00:00,M12,锁模故障,True,3.36,2082.28,维修工A,已修复,
MNT-007242,2024-10-06 23:00:00,M16,加热故障,True,20.84,2943.02,维修工B,待跟进,
MNT-007243,2026-04-26 22:00:00,M20,加热故障,True,8.81,615.22,维修工B,已修复,
MNT-007244,2024-03-31 13:00:00,M02,注射故障,True,5.19,7450.82,外部供应商,已修复,
MNT-007245,2025-06-12 15:00:00,M26,换油,True,16.74,2832.95,维修工C,已修复,
MNT-007246,2024-03-28 15:00:00,M13,换油,True,20.03,997.53,维修工A,已修复,
MNT-007247,2025-10-06 20:00:00,M23,换油,True,15.81,1232.22,维修工A,待跟进,
MNT-007248,2024-06-18 08:00:00,M16,加热故障,True,13.41,5023.21,外部供应商,已修复,需要厂家支持
MNT-007249,2026-03-05 22:00:00,M09,密封件更换,True,23.37,4238.93,维修工A,已修复,更换备件
MNT-007250,2025-05-07 07:00:00,M18,预防性保养,False,0.56,876.25,维修工B,已修复,更换备件
MNT-007251,2025-06-04 17:00:00,M21,锁模故障,True,16.44,623.89,外部供应商,已修复,建议大修
MNT-007252,2025-05-31 01:00:00,M14,液压故障,True,6.61,581.32,维修工A,已修复,
MNT-007253,2024-01-23 15:00:00,M20,注射故障,True,6.35,1690.8,维修工C,已修复,建议大修
MNT-007254,2024-01-24 16:00:00,M04,加热故障,True,18.14,5557.84,维修工A,已修复,
MNT-007255,2024-08-12 11:00:00,M09,滤芯更换,True,1.53,1486.18,维修工A,已修复,更换备件
MNT-007256,2024-07-13 19:00:00,M29,电气故障,True,23.53,1293.07,维修工D,已修复,需要厂家支持
MNT-007257,2024-06-01 07:00:00,M16,滤芯更换,True,2.14,7038.5,维修工C,已修复,更换备件
MNT-007258,2026-03-04 05:00:00,M14,锁模故障,True,1.69,2094.62,外部供应商,已修复,更换备件
MNT-007259,2024-06-13 22:00:00,M10,注射故障,True,20.4,5942.45,维修工A,已修复,更换备件
MNT-007260,2025-12-10 12:00:00,M08,液压故障,True,21.8,4182.81,维修工B,已修复,更换备件
MNT-007261,2024-04-19 05:00:00,M02,滤芯更换,True,22.67,314.29,维修工B,已修复,需要厂家支持
MNT-007262,2025-05-24 01:00:00,M28,故障维修,True,5.56,5405.93,外部供应商,已修复,建议大修
MNT-007263,2024-12-13 07:00:00,M24,滤芯更换,True,5.38,6443.88,维修工C,已修复,
MNT-007264,2024-08-24 02:00:00,M05,密封件更换,True,3.55,1119.78,维修工A,已修复,需要厂家支持
MNT-007265,2024-09-02 18:00:00,M18,注射故障,True,2.3,3813.68,维修工A,已修复,
MNT-007266,2024-11-02 22:00:00,M05,电气故障,True,1.84,6320.52,维修工A,已修复,
MNT-007267,2024-02-10 17:00:00,M24,电气故障,True,4.33,2534.69,维修工A,已修复,
MNT-007268,2025-03-10 18:00:00,M13,密封件更换,True,15.92,5044.03,维修工D,已修复,
MNT-007269,2024-11-18 05:00:00,M14,故障维修,True,9.08,4427.37,外部供应商,已修复,
MNT-007270,2025-09-08 15:00:00,M15,预防性保养,False,1.42,807.47,维修工D,已修复,
MNT-007271,2025-02-13 02:00:00,M26,注射故障,True,12.26,7195.47,维修工B,已修复,
MNT-007272,2024-12-29 20:00:00,M12,滤芯更换,True,3.38,3104.08,维修工A,已修复,需要厂家支持
MNT-007273,2025-08-20 19:00:00,M02,滤芯更换,True,5.4,2103.4,外部供应商,已修复,
MNT-007274,2025-01-21 04:00:00,M26,加热故障,True,8.47,3021.88,维修工C,待跟进,
MNT-007275,2025-02-01 07:00:00,M25,密封件更换,True,9.71,4713.42,外部供应商,已修复,
MNT-007276,2025-03-31 10:00:00,M25,滤芯更换,True,22.18,960.13,维修工A,待跟进,需要厂家支持
MNT-007277,2025-02-04 01:00:00,M19,换油,True,10.05,5342.74,维修工B,已修复,
MNT-007278,2026-04-21 18:00:00,M19,滤芯更换,True,13.74,6781.49,维修工C,已修复,
MNT-007279,2024-10-13 22:00:00,M15,电气故障,True,13.42,378.02,维修工B,已修复,需要厂家支持
MNT-007280,2026-01-21 15:00:00,M10,密封件更换,True,9.44,471.22,维修工D,已修复,
MNT-007281,2024-05-14 02:00:00,M11,换油,True,11.81,7381.48,维修工B,已修复,更换备件
MNT-007282,2024-02-24 23:00:00,M21,加热故障,True,17.46,1002.96,外部供应商,已修复,
MNT-007283,2024-08-28 05:00:00,M09,预防性保养,False,1.46,1119.53,外部供应商,已修复,
MNT-007284,2024-12-23 09:00:00,M11,液压故障,True,15.64,3777.5,外部供应商,已修复,更换备件
MNT-007285,2025-03-12 13:00:00,M05,预防性保养,False,1.44,688.0,维修工D,已修复,
MNT-007286,2024-11-11 16:00:00,M06,预防性保养,False,3.3,780.2,外部供应商,已修复,
MNT-007287,2024-05-21 06:00:00,M29,电气故障,True,7.86,7250.75,维修工A,已修复,需要厂家支持
MNT-007288,2026-04-28 21:00:00,M13,液压故障,True,23.18,5958.61,外部供应商,已修复,
MNT-007289,2025-05-06 21:00:00,M23,锁模故障,True,8.42,1947.15,维修工B,已修复,
MNT-007290,2024-11-23 16:00:00,M29,故障维修,True,10.67,7852.16,维修工D,已修复,建议大修
MNT-007291,2024-10-19 19:00:00,M29,预防性保养,False,1.11,1008.32,维修工A,已修复,更换备件
MNT-007292,2025-03-08 05:00:00,M13,锁模故障,True,13.84,1544.83,维修工D,已修复,需要厂家支持
MNT-007293,2024-01-24 07:00:00,M22,滤芯更换,True,21.95,1626.97,维修工A,已修复,
MNT-007294,2024-01-23 22:00:00,M20,预防性保养,False,1.34,901.11,外部供应商,已修复,
MNT-007295,2025-06-30 16:00:00,M27,锁模故障,True,3.34,906.59,外部供应商,已修复,更换备件
MNT-007296,2025-02-09 17:00:00,M23,电气故障,True,22.88,2689.59,维修工D,已修复,
MNT-007297,2025-12-31 23:00:00,M15,预防性保养,False,2.31,1299.72,维修工B,已修复,建议大修
MNT-007298,2024-03-01 02:00:00,M26,注射故障,True,13.17,6204.39,维修工C,已修复,建议大修
MNT-007299,2024-08-18 05:00:00,M21,加热故障,True,20.82,1149.06,维修工A,待跟进,
MNT-007300,2026-02-18 19:00:00,M25,换油,True,11.13,7412.15,外部供应商,已修复,
MNT-007301,2025-12-30 13:00:00,M08,换油,True,1.79,4703.62,维修工D,已修复,
MNT-007302,2025-05-30 15:00:00,M12,预防性保养,False,1.95,366.33,外部供应商,已修复,
MNT-007303,2026-04-26 08:00:00,M09,密封件更换,True,8.95,5967.06,维修工C,已修复,
MNT-007304,2025-12-08 04:00:00,M11,锁模故障,True,15.6,4157.16,维修工C,已修复,建议大修
MNT-007305,2025-11-16 21:00:00,M29,密封件更换,True,1.14,6603.09,维修工D,已修复,
MNT-007306,2025-10-06 09:00:00,M02,注射故障,True,23.69,6432.65,维修工D,已修复,
MNT-007307,2026-04-20 10:00:00,M29,加热故障,True,23.5,5941.18,维修工D,已修复,
MNT-007308,2025-10-29 02:00:00,M03,液压故障,True,7.54,7705.94,外部供应商,已修复,建议大修
MNT-007309,2024-02-24 13:00:00,M22,换油,True,15.47,1986.03,维修工B,已修复,
MNT-007310,2026-04-08 01:00:00,M22,锁模故障,True,14.2,5895.57,维修工A,已修复,建议大修
MNT-007311,2025-09-24 02:00:00,M08,滤芯更换,True,11.1,3727.75,维修工C,已修复,
MNT-007312,2025-12-24 06:00:00,M23,锁模故障,True,2.53,3431.49,外部供应商,已修复,更换备件
MNT-007313,2025-12-27 16:00:00,M05,预防性保养,False,1.13,180.05,维修工D,已修复,需要厂家支持
MNT-007314,2026-03-17 23:00:00,M23,加热故障,True,5.44,5677.96,维修工A,已修复,
MNT-007315,2024-02-19 04:00:00,M02,预防性保养,False,1.65,698.8,外部供应商,已修复,
MNT-007316,2025-10-02 17:00:00,M21,锁模故障,True,12.22,3205.34,维修工C,已修复,
MNT-007317,2026-04-23 20:00:00,M06,加热故障,True,13.18,3370.03,维修工C,已修复,更换备件
MNT-007318,2026-04-14 22:00:00,M09,加热故障,True,5.1,1105.56,维修工B,已修复,
MNT-007319,2024-05-24 13:00:00,M15,密封件更换,True,5.48,7439.13,维修工C,已修复,
MNT-007320,2024-09-14 03:00:00,M07,换油,True,23.95,341.39,维修工A,已修复,
MNT-007321,2024-03-24 23:00:00,M07,滤芯更换,True,23.19,6463.51,外部供应商,已修复,
MNT-007322,2026-01-10 21:00:00,M07,电气故障,True,23.57,7524.41,维修工D,已修复,需要厂家支持
MNT-007323,2025-04-27 22:00:00,M26,锁模故障,True,9.83,2986.58,外部供应商,已修复,
MNT-007324,2025-03-15 14:00:00,M06,注射故障,True,6.98,2603.53,维修工B,待跟进,
MNT-007325,2026-01-24 22:00:00,M18,密封件更换,True,11.13,2199.69,维修工A,已修复,
MNT-007326,2024-04-17 07:00:00,M21,注射故障,True,12.74,4681.45,维修工A,已修复,更换备件
MNT-007327,2026-02-10 11:00:00,M04,换油,True,19.54,2395.05,维修工D,已修复,需要厂家支持
MNT-007328,2024-10-01 00:00:00,M02,电气故障,True,10.52,3524.93,维修工B,已修复,
MNT-007329,2025-10-05 22:00:00,M28,密封件更换,True,23.65,4949.87,维修工D,已修复,建议大修
MNT-007330,2024-03-10 21:00:00,M28,滤芯更换,True,5.14,2300.39,维修工D,待跟进,
MNT-007331,2025-12-08 19:00:00,M21,滤芯更换,True,17.51,4901.47,维修工A,已修复,
MNT-007332,2026-02-01 01:00:00,M13,滤芯更换,True,11.24,1122.56,维修工D,已修复,更换备件
MNT-007333,2025-02-21 10:00:00,M01,加热故障,True,11.71,6108.14,维修工A,已修复,
MNT-007334,2026-01-27 20:00:00,M12,注射故障,True,8.15,3666.19,维修工C,已修复,
MNT-007335,2024-05-07 06:00:00,M17,滤芯更换,True,10.75,7758.49,维修工D,已修复,
MNT-007336,2025-07-17 09:00:00,M10,预防性保养,False,2.14,1161.96,维修工A,已修复,
MNT-007337,2026-02-05 15:00:00,M12,换油,True,18.93,3028.58,外部供应商,已修复,
MNT-007338,2025-06-11 22:00:00,M25,液压故障,True,2.34,7968.77,外部供应商,已修复,
MNT-007339,2025-12-16 08:00:00,M17,加热故障,True,22.9,1775.86,维修工B,已修复,更换备件
MNT-007340,2024-07-15 08:00:00,M03,密封件更换,True,16.09,2166.97,维修工B,已修复,
MNT-007341,2025-08-27 16:00:00,M17,密封件更换,True,10.28,5122.97,维修工A,已修复,需要厂家支持
MNT-007342,2025-01-22 21:00:00,M27,液压故障,True,3.45,6347.13,维修工C,已修复,建议大修
MNT-007343,2025-11-23 18:00:00,M03,故障维修,True,22.64,4127.1,外部供应商,已修复,
MNT-007344,2024-10-06 22:00:00,M25,锁模故障,True,18.52,2924.09,外部供应商,已修复,
MNT-007345,2025-03-07 21:00:00,M17,加热故障,True,12.59,6624.25,维修工C,已修复,
MNT-007346,2024-10-20 20:00:00,M11,锁模故障,True,6.03,4118.75,维修工B,已修复,需要厂家支持
MNT-007347,2024-02-21 04:00:00,M27,加热故障,True,18.99,713.83,维修工A,已修复,需要厂家支持
MNT-007348,2025-07-29 11:00:00,M02,锁模故障,True,2.75,5463.54,维修工B,已修复,
MNT-007349,2026-01-26 06:00:00,M17,液压故障,True,23.52,4992.17,维修工A,已修复,
MNT-007350,2024-01-12 11:00:00,M02,加热故障,True,7.51,1194.47,维修工B,已修复,建议大修
MNT-007351,2025-04-19 09:00:00,M27,故障维修,True,23.43,4593.47,维修工A,已修复,
MNT-007352,2025-04-29 13:00:00,M08,加热故障,True,21.7,2381.34,维修工B,已修复,
MNT-007353,2025-11-25 04:00:00,M13,电气故障,True,7.4,7653.17,外部供应商,已修复,建议大修
MNT-007354,2026-04-04 00:00:00,M07,加热故障,True,13.75,4540.19,维修工D,已修复,建议大修
MNT-007355,2024-06-03 07:00:00,M04,电气故障,True,11.52,6102.25,维修工C,已修复,
MNT-007356,2026-02-17 03:00:00,M27,密封件更换,True,13.94,5165.14,维修工A,已修复,
MNT-007357,2025-07-08 09:00:00,M25,滤芯更换,True,14.96,3629.47,维修工A,已修复,需要厂家支持
MNT-007358,2024-05-02 14:00:00,M13,密封件更换,True,21.87,5068.14,维修工C,已修复,
MNT-007359,2024-11-13 01:00:00,M14,滤芯更换,True,13.53,5440.35,维修工D,已修复,
MNT-007360,2024-03-15 15:00:00,M29,电气故障,True,8.84,6946.8,维修工D,已修复,
MNT-007361,2024-03-12 03:00:00,M22,预防性保养,False,2.45,1433.49,维修工C,已修复,需要厂家支持
MNT-007362,2025-03-21 10:00:00,M16,密封件更换,True,12.0,7983.51,维修工C,已修复,
MNT-007363,2024-06-24 17:00:00,M26,锁模故障,True,6.36,1655.81,外部供应商,已修复,
MNT-007364,2025-06-18 09:00:00,M09,注射故障,True,22.21,2062.55,维修工C,已修复,
MNT-007365,2024-08-08 06:00:00,M20,锁模故障,True,6.04,866.66,维修工C,已修复,
MNT-007366,2025-10-24 22:00:00,M26,电气故障,True,5.83,2245.23,维修工D,已修复,更换备件
MNT-007367,2024-09-27 10:00:00,M24,故障维修,True,9.38,3218.77,维修工A,已修复,需要厂家支持
MNT-007368,2024-01-31 01:00:00,M28,故障维修,True,10.52,2395.81,维修工D,已修复,需要厂家支持
MNT-007369,2025-11-07 11:00:00,M01,液压故障,True,13.1,6017.16,外部供应商,已修复,
MNT-007370,2024-10-22 17:00:00,M23,预防性保养,False,1.04,1071.13,维修工A,已修复,建议大修
MNT-007371,2025-06-05 04:00:00,M15,注射故障,True,4.16,5270.19,维修工C,已修复,
MNT-007372,2024-08-04 02:00:00,M02,锁模故障,True,12.59,4168.87,维修工B,已修复,建议大修
MNT-007373,2025-08-01 00:00:00,M13,故障维修,True,12.28,4470.52,外部供应商,已修复,
MNT-007374,2024-05-04 03:00:00,M04,加热故障,True,20.95,2778.36,外部供应商,已修复,更换备件
MNT-007375,2024-08-05 10:00:00,M13,电气故障,True,6.97,1952.02,外部供应商,已修复,更换备件
MNT-007376,2025-04-28 06:00:00,M16,滤芯更换,True,7.54,5536.37,维修工D,已修复,
MNT-007377,2026-04-17 04:00:00,M21,注射故障,True,7.65,7902.29,维修工A,已修复,建议大修
MNT-007378,2024-02-13 23:00:00,M21,故障维修,True,12.88,4616.92,维修工D,已修复,
MNT-007379,2026-03-18 05:00:00,M15,注射故障,True,16.49,6142.74,维修工A,已修复,更换备件
MNT-007380,2025-08-23 21:00:00,M14,滤芯更换,True,9.31,2120.72,维修工D,已修复,需要厂家支持
MNT-007381,2025-01-19 22:00:00,M09,加热故障,True,19.59,2103.37,维修工D,已修复,更换备件
MNT-007382,2025-12-07 22:00:00,M29,电气故障,True,17.93,5608.1,外部供应商,已修复,更换备件
MNT-007383,2024-07-02 01:00:00,M07,加热故障,True,5.18,5843.94,外部供应商,已修复,
MNT-007384,2024-06-05 16:00:00,M22,预防性保养,False,0.89,331.55,维修工D,已修复,更换备件
MNT-007385,2024-08-07 07:00:00,M17,滤芯更换,True,15.85,2442.31,维修工B,已修复,
MNT-007386,2025-10-11 12:00:00,M07,电气故障,True,12.28,5118.09,外部供应商,已修复,建议大修
MNT-007387,2025-05-26 00:00:00,M11,加热故障,True,7.73,2492.28,外部供应商,已修复,
MNT-007388,2024-09-01 00:00:00,M16,电气故障,True,23.32,2087.79,维修工C,已修复,
MNT-007389,2026-03-30 14:00:00,M25,密封件更换,True,3.05,842.19,外部供应商,已修复,更换备件
MNT-007390,2024-10-08 09:00:00,M13,故障维修,True,15.27,6960.52,维修工D,已修复,更换备件
MNT-007391,2025-01-18 08:00:00,M04,注射故障,True,9.69,6100.09,外部供应商,已修复,需要厂家支持
MNT-007392,2025-10-17 00:00:00,M15,锁模故障,True,8.92,4035.1,外部供应商,已修复,
MNT-007393,2025-07-05 16:00:00,M02,锁模故障,True,1.97,7572.13,维修工C,已修复,
MNT-007394,2026-03-21 00:00:00,M22,电气故障,True,15.48,6458.53,维修工D,已修复,更换备件
MNT-007395,2025-11-04 03:00:00,M26,加热故障,True,21.48,6699.71,维修工B,已修复,建议大修
MNT-007396,2025-10-11 06:00:00,M14,注射故障,True,8.74,1625.58,外部供应商,已修复,需要厂家支持
MNT-007397,2025-11-01 20:00:00,M18,锁模故障,True,3.11,1800.47,维修工D,已修复,
MNT-007398,2024-12-16 16:00:00,M03,加热故障,True,12.01,5996.73,维修工B,已修复,
MNT-007399,2025-11-29 03:00:00,M24,预防性保养,False,3.89,1463.86,维修工D,已修复,更换备件
MNT-007400,2024-10-27 10:00:00,M20,液压故障,True,21.44,739.99,维修工A,已修复,需要厂家支持
MNT-007401,2025-09-08 19:00:00,M06,滤芯更换,True,2.32,4888.97,外部供应商,已修复,
MNT-007402,2026-02-15 01:00:00,M05,预防性保养,False,1.0,1107.61,维修工D,已修复,需要厂家支持
MNT-007403,2024-06-18 13:00:00,M10,锁模故障,True,21.06,6165.17,维修工A,已修复,
MNT-007404,2025-05-27 22:00:00,M29,预防性保养,False,0.82,844.34,维修工D,已修复,需要厂家支持
MNT-007405,2025-10-21 00:00:00,M09,锁模故障,True,18.53,4931.65,维修工B,已修复,
MNT-007406,2024-11-12 19:00:00,M07,故障维修,True,13.95,328.2,维修工A,待跟进,
MNT-007407,2025-06-22 17:00:00,M08,注射故障,True,3.07,4912.86,维修工C,已修复,更换备件
MNT-007408,2024-04-24 10:00:00,M04,液压故障,True,4.9,3420.86,维修工B,已修复,更换备件
MNT-007409,2025-11-30 08:00:00,M24,预防性保养,False,3.72,664.35,外部供应商,已修复,
MNT-007410,2026-03-20 17:00:00,M29,故障维修,True,22.88,3328.3,维修工C,已修复,更换备件
MNT-007411,2025-12-27 10:00:00,M02,液压故障,True,19.66,976.85,维修工D,已修复,
MNT-007412,2024-05-22 12:00:00,M04,预防性保养,False,1.18,737.27,维修工C,已修复,建议大修
MNT-007413,2024-10-19 01:00:00,M01,锁模故障,True,19.84,5171.61,外部供应商,已修复,
MNT-007414,2024-12-11 23:00:00,M08,锁模故障,True,12.96,621.1,维修工D,已修复,
MNT-007415,2024-10-03 16:00:00,M20,滤芯更换,True,10.58,4250.77,维修工A,已修复,更换备件
MNT-007416,2026-01-20 09:00:00,M05,加热故障,True,6.25,5691.68,维修工D,已修复,
MNT-007417,2024-04-12 12:00:00,M06,滤芯更换,True,7.76,3586.8,维修工A,已修复,
MNT-007418,2024-03-03 17:00:00,M21,注射故障,True,1.1,5302.74,维修工B,已修复,需要厂家支持
MNT-007419,2024-06-19 05:00:00,M01,滤芯更换,True,5.46,2516.39,外部供应商,已修复,
MNT-007420,2026-03-05 08:00:00,M21,滤芯更换,True,15.85,766.64,维修工C,已修复,需要厂家支持
MNT-007421,2024-05-25 09:00:00,M13,注射故障,True,20.69,2006.84,外部供应商,已修复,建议大修
MNT-007422,2025-01-26 14:00:00,M24,液压故障,True,15.3,5833.56,维修工B,已修复,
MNT-007423,2024-03-31 11:00:00,M20,密封件更换,True,18.88,2849.39,外部供应商,已修复,
MNT-007424,2025-07-22 18:00:00,M13,锁模故障,True,16.5,5846.78,维修工D,已修复,
MNT-007425,2025-09-09 04:00:00,M04,锁模故障,True,13.26,5454.03,外部供应商,已修复,需要厂家支持
MNT-007426,2025-02-06 21:00:00,M15,密封件更换,True,7.43,3972.99,外部供应商,已修复,需要厂家支持
MNT-007427,2024-07-29 22:00:00,M24,滤芯更换,True,2.13,6735.99,维修工B,已修复,
MNT-007428,2024-06-20 19:00:00,M01,预防性保养,False,2.97,1495.95,维修工C,已修复,
MNT-007429,2025-08-21 21:00:00,M28,锁模故障,True,19.4,7285.46,维修工D,已修复,
MNT-007430,2024-11-29 17:00:00,M03,密封件更换,True,17.09,2834.14,维修工B,已修复,
MNT-007431,2024-12-04 14:00:00,M28,加热故障,True,8.36,1055.18,维修工C,已修复,
MNT-007432,2025-01-26 20:00:00,M02,预防性保养,False,2.78,1465.91,维修工D,已修复,
MNT-007433,2024-09-19 06:00:00,M24,注射故障,True,14.47,7082.13,维修工D,已修复,
MNT-007434,2025-05-23 21:00:00,M08,液压故障,True,20.25,7304.47,外部供应商,已修复,建议大修
MNT-007435,2024-04-28 10:00:00,M23,滤芯更换,True,11.03,2770.45,维修工C,已修复,
MNT-007436,2024-05-06 23:00:00,M23,密封件更换,True,17.74,2439.11,维修工A,已修复,建议大修
MNT-007437,2025-07-26 21:00:00,M06,预防性保养,False,2.52,721.57,外部供应商,已修复,建议大修
MNT-007438,2025-06-25 17:00:00,M03,电气故障,True,22.5,1106.64,外部供应商,已修复,需要厂家支持
MNT-007439,2024-09-21 19:00:00,M26,密封件更换,True,16.4,6355.95,维修工C,已修复,
MNT-007440,2024-02-10 01:00:00,M27,加热故障,True,10.1,1571.45,维修工C,已修复,建议大修
MNT-007441,2025-05-02 10:00:00,M05,加热故障,True,2.71,643.31,外部供应商,已修复,需要厂家支持
MNT-007442,2024-11-02 11:00:00,M07,注射故障,True,3.49,576.21,维修工C,已修复,需要厂家支持
MNT-007443,2026-01-01 06:00:00,M18,注射故障,True,2.83,5991.44,维修工D,已修复,需要厂家支持
MNT-007444,2024-02-06 17:00:00,M23,预防性保养,False,1.92,713.76,外部供应商,已修复,更换备件
MNT-007445,2025-06-16 12:00:00,M07,注射故障,True,23.42,4958.82,维修工A,已修复,
MNT-007446,2025-11-24 16:00:00,M27,密封件更换,True,2.14,7347.22,维修工C,已修复,
MNT-007447,2024-04-03 11:00:00,M20,密封件更换,True,9.98,3033.1,维修工D,已修复,更换备件
MNT-007448,2024-04-26 13:00:00,M02,电气故障,True,14.84,1152.3,外部供应商,已修复,
MNT-007449,2025-08-10 22:00:00,M04,锁模故障,True,17.8,6603.74,维修工C,已修复,更换备件
MNT-007450,2024-03-04 11:00:00,M13,加热故障,True,1.67,6774.24,维修工D,已修复,更换备件
MNT-007451,2026-03-24 23:00:00,M13,预防性保养,False,2.37,969.63,维修工D,已修复,建议大修
MNT-007452,2024-03-22 13:00:00,M15,液压故障,True,8.5,2551.4,维修工C,已修复,建议大修
MNT-007453,2024-09-02 18:00:00,M12,锁模故障,True,20.04,5591.97,维修工C,已修复,
MNT-007454,2024-10-22 05:00:00,M23,液压故障,True,19.57,7246.34,外部供应商,已修复,
MNT-007455,2024-11-12 00:00:00,M14,换油,True,17.86,1839.72,维修工D,已修复,
MNT-007456,2025-10-25 15:00:00,M17,锁模故障,True,6.19,4373.16,外部供应商,已修复,需要厂家支持
MNT-007457,2024-09-07 02:00:00,M01,电气故障,True,17.07,4615.42,维修工A,已修复,需要厂家支持
MNT-007458,2025-05-15 17:00:00,M27,锁模故障,True,17.52,1853.91,维修工C,已修复,
MNT-007459,2024-03-01 23:00:00,M19,密封件更换,True,11.65,419.78,外部供应商,已修复,
MNT-007460,2025-12-14 09:00:00,M04,加热故障,True,22.45,3334.48,维修工B,已修复,
MNT-007461,2024-12-05 13:00:00,M25,密封件更换,True,9.57,2777.66,维修工B,已修复,
MNT-007462,2024-03-12 02:00:00,M27,密封件更换,True,9.13,4871.41,维修工B,已修复,需要厂家支持
MNT-007463,2026-02-06 00:00:00,M18,故障维修,True,15.71,5884.86,维修工D,已修复,更换备件
MNT-007464,2024-06-27 08:00:00,M22,加热故障,True,14.77,5184.46,外部供应商,已修复,更换备件
MNT-007465,2024-02-13 16:00:00,M22,预防性保养,False,3.67,610.95,维修工A,已修复,建议大修
MNT-007466,2024-02-14 15:00:00,M28,换油,True,2.38,1581.89,维修工C,已修复,
MNT-007467,2024-08-23 10:00:00,M17,加热故障,True,23.49,3915.47,外部供应商,已修复,
MNT-007468,2025-09-09 16:00:00,M23,密封件更换,True,3.44,491.06,外部供应商,已修复,更换备件
MNT-007469,2025-01-17 01:00:00,M07,密封件更换,True,20.08,6720.08,维修工C,已修复,更换备件
MNT-007470,2026-04-17 06:00:00,M14,故障维修,True,15.42,3429.52,外部供应商,已修复,需要厂家支持
MNT-007471,2025-08-13 07:00:00,M14,密封件更换,True,4.61,5734.75,维修工A,已修复,建议大修
MNT-007472,2025-04-17 19:00:00,M12,故障维修,True,2.18,3455.01,维修工D,已修复,建议大修
MNT-007473,2025-08-07 15:00:00,M11,滤芯更换,True,5.12,998.45,维修工A,已修复,
MNT-007474,2025-08-05 01:00:00,M19,滤芯更换,True,8.88,287.78,维修工D,已修复,
MNT-007475,2025-01-10 12:00:00,M13,滤芯更换,True,2.86,7288.11,维修工C,已修复,
MNT-007476,2024-12-27 01:00:00,M16,注射故障,True,1.28,1265.22,外部供应商,已修复,
MNT-007477,2025-10-02 21:00:00,M08,锁模故障,True,23.42,6221.25,维修工C,已修复,
MNT-007478,2025-11-19 10:00:00,M08,滤芯更换,True,10.67,4884.42,维修工C,已修复,
MNT-007479,2024-03-21 18:00:00,M06,密封件更换,True,17.51,6442.74,维修工C,已修复,
MNT-007480,2026-03-19 22:00:00,M09,密封件更换,True,16.9,4258.53,维修工D,已修复,建议大修
MNT-007481,2024-09-29 13:00:00,M14,预防性保养,False,0.8,1089.37,维修工B,已修复,
MNT-007482,2026-02-13 19:00:00,M07,故障维修,True,2.85,2244.02,维修工D,已修复,建议大修
MNT-007483,2024-02-28 05:00:00,M20,密封件更换,True,6.76,6315.54,维修工D,待跟进,
MNT-007484,2025-10-05 19:00:00,M29,注射故障,True,15.02,6427.47,维修工C,已修复,
MNT-007485,2024-02-04 04:00:00,M11,注射故障,True,7.54,2563.89,维修工C,已修复,
MNT-007486,2024-12-18 02:00:00,M01,换油,True,18.84,268.12,维修工C,已修复,
MNT-007487,2025-06-05 10:00:00,M22,锁模故障,True,14.88,2572.15,维修工C,已修复,更换备件
MNT-007488,2024-09-05 09:00:00,M27,密封件更换,True,8.96,1092.93,维修工D,已修复,更换备件
MNT-007489,2024-09-15 06:00:00,M27,注射故障,True,17.65,959.3,维修工A,已修复,
MNT-007490,2025-04-05 08:00:00,M01,密封件更换,True,18.22,5189.86,维修工A,已修复,
MNT-007491,2024-10-12 04:00:00,M12,电气故障,True,6.63,2761.59,维修工C,已修复,
MNT-007492,2024-09-24 02:00:00,M17,故障维修,True,19.93,3112.11,维修工C,已修复,需要厂家支持
MNT-007493,2026-01-25 14:00:00,M22,密封件更换,True,14.62,2329.23,维修工A,已修复,
MNT-007494,2025-07-20 18:00:00,M07,锁模故障,True,7.9,4958.72,维修工D,已修复,
MNT-007495,2024-03-30 08:00:00,M26,预防性保养,False,2.69,904.76,外部供应商,已修复,
MNT-007496,2025-08-16 00:00:00,M20,换油,True,20.69,5934.64,维修工B,已修复,
MNT-007497,2024-12-11 09:00:00,M13,换油,True,22.38,390.83,外部供应商,已修复,需要厂家支持
MNT-007498,2024-08-30 10:00:00,M04,锁模故障,True,20.39,3630.27,维修工B,已修复,
MNT-007499,2026-03-18 17:00:00,M26,液压故障,True,11.25,3054.81,维修工B,已修复,更换备件
MNT-007500,2025-11-29 10:00:00,M17,电气故障,True,18.4,4871.64,维修工A,已修复,
MNT-007501,2024-05-04 05:00:00,M21,锁模故障,True,16.52,4007.76,维修工C,已修复,需要厂家支持
MNT-007502,2024-02-18 20:00:00,M10,电气故障,True,21.83,2416.96,维修工A,已修复,
MNT-007503,2025-07-07 16:00:00,M03,液压故障,True,5.73,3436.64,维修工B,已修复,建议大修
MNT-007504,2024-11-26 02:00:00,M07,电气故障,True,3.5,5270.46,维修工B,已修复,
MNT-007505,2025-01-27 12:00:00,M24,电气故障,True,8.39,1504.26,维修工A,已修复,建议大修
MNT-007506,2025-04-14 04:00:00,M23,预防性保养,False,2.68,1067.72,外部供应商,已修复,
MNT-007507,2024-04-24 10:00:00,M22,预防性保养,False,3.19,1124.03,维修工C,已修复,更换备件
MNT-007508,2025-11-23 13:00:00,M21,滤芯更换,True,16.23,6657.83,维修工A,已修复,
MNT-007509,2024-08-20 09:00:00,M25,密封件更换,True,23.96,6915.23,维修工D,已修复,
MNT-007510,2025-05-12 20:00:00,M03,密封件更换,True,13.58,7235.7,维修工B,已修复,建议大修
MNT-007511,2025-08-05 16:00:00,M28,换油,True,19.5,1440.94,维修工C,已修复,
MNT-007512,2024-09-27 20:00:00,M20,预防性保养,False,3.91,290.96,维修工A,已修复,
MNT-007513,2024-07-13 10:00:00,M03,预防性保养,False,3.44,274.4,外部供应商,已修复,
MNT-007514,2026-02-12 17:00:00,M14,液压故障,True,12.65,6483.88,维修工A,已修复,需要厂家支持
MNT-007515,2024-03-21 05:00:00,M15,故障维修,True,19.7,4063.32,外部供应商,已修复,更换备件
MNT-007516,2025-01-30 13:00:00,M06,液压故障,True,10.13,7729.93,维修工C,已修复,
MNT-007517,2026-02-04 13:00:00,M29,液压故障,True,14.27,2248.86,维修工D,已修复,需要厂家支持
MNT-007518,2025-09-04 16:00:00,M12,密封件更换,True,13.53,5686.07,维修工D,已修复,更换备件
MNT-007519,2025-04-19 07:00:00,M23,电气故障,True,18.96,726.41,维修工D,已修复,需要厂家支持
MNT-007520,2025-11-01 13:00:00,M18,加热故障,True,3.04,2648.09,维修工C,已修复,
MNT-007521,2024-05-05 14:00:00,M04,电气故障,True,15.4,3934.76,维修工A,已修复,更换备件
MNT-007522,2025-09-03 04:00:00,M06,加热故障,True,22.0,5277.81,维修工B,已修复,
MNT-007523,2024-08-25 09:00:00,M01,注射故障,True,16.88,1440.32,维修工B,已修复,
MNT-007524,2024-03-14 07:00:00,M02,换油,True,5.26,4552.37,维修工B,已修复,需要厂家支持
MNT-007525,2025-01-19 06:00:00,M16,电气故障,True,21.7,4929.39,维修工D,已修复,
MNT-007526,2025-05-08 10:00:00,M14,滤芯更换,True,13.32,6182.39,维修工D,已修复,
MNT-007527,2024-09-07 23:00:00,M26,电气故障,True,23.44,6109.1,维修工B,已修复,
MNT-007528,2025-10-26 17:00:00,M28,锁模故障,True,12.8,7106.15,外部供应商,已修复,
MNT-007529,2024-06-11 00:00:00,M07,电气故障,True,22.24,5386.8,外部供应商,待跟进,
MNT-007530,2024-11-29 02:00:00,M07,滤芯更换,True,19.51,5082.99,维修工D,已修复,
MNT-007531,2025-12-22 06:00:00,M07,滤芯更换,True,17.29,1553.27,维修工A,已修复,建议大修
MNT-007532,2026-01-10 10:00:00,M13,预防性保养,False,3.92,349.6,维修工D,已修复,
MNT-007533,2024-11-06 15:00:00,M20,密封件更换,True,10.37,625.17,维修工B,已修复,
MNT-007534,2024-09-21 00:00:00,M17,滤芯更换,True,18.03,4813.17,外部供应商,已修复,更换备件
MNT-007535,2026-02-01 20:00:00,M08,换油,True,0.6,2699.64,维修工C,已修复,建议大修
MNT-007536,2024-08-03 18:00:00,M12,注射故障,True,16.37,6569.67,外部供应商,已修复,
MNT-007537,2026-01-26 16:00:00,M10,加热故障,True,13.41,1987.33,维修工D,已修复,
MNT-007538,2026-04-07 13:00:00,M07,注射故障,True,8.29,4409.21,维修工C,已修复,更换备件
MNT-007539,2025-01-15 15:00:00,M05,换油,True,18.08,6378.37,外部供应商,已修复,需要厂家支持
MNT-007540,2025-07-08 10:00:00,M04,加热故障,True,8.81,1473.14,维修工C,已修复,
MNT-007541,2024-08-18 06:00:00,M03,密封件更换,True,12.35,5182.37,维修工C,已修复,
MNT-007542,2026-01-07 19:00:00,M13,液压故障,True,23.25,5090.16,维修工C,待跟进,需要厂家支持
MNT-007543,2024-11-02 08:00:00,M16,密封件更换,True,6.25,737.98,维修工D,已修复,需要厂家支持
MNT-007544,2024-12-18 16:00:00,M03,液压故障,True,10.72,1503.79,维修工B,已修复,
MNT-007545,2025-05-03 09:00:00,M02,故障维修,True,15.11,4601.13,维修工B,已修复,
MNT-007546,2024-05-24 06:00:00,M15,密封件更换,True,22.83,2417.68,维修工A,已修复,需要厂家支持
MNT-007547,2025-06-30 11:00:00,M01,故障维修,True,18.39,6397.91,维修工C,已修复,
MNT-007548,2025-08-03 07:00:00,M23,液压故障,True,16.72,1430.95,维修工D,已修复,建议大修
MNT-007549,2025-07-20 09:00:00,M29,加热故障,True,16.31,3949.17,维修工B,已修复,
MNT-007550,2025-10-21 06:00:00,M04,注射故障,True,15.61,2860.26,维修工D,已修复,
MNT-007551,2026-03-04 11:00:00,M26,注射故障,True,19.61,2487.51,维修工C,已修复,建议大修
MNT-007552,2025-02-08 16:00:00,M05,滤芯更换,True,14.01,3000.18,维修工A,已修复,更换备件
MNT-007553,2024-10-25 16:00:00,M13,锁模故障,True,13.21,362.42,维修工B,已修复,
MNT-007554,2024-07-18 13:00:00,M22,换油,True,23.52,4198.84,维修工D,已修复,需要厂家支持
MNT-007555,2024-03-03 11:00:00,M29,液压故障,True,0.68,3197.16,外部供应商,已修复,建议大修
MNT-007556,2024-06-07 03:00:00,M26,换油,True,7.49,871.96,维修工C,待跟进,需要厂家支持
MNT-007557,2025-03-28 08:00:00,M07,液压故障,True,3.28,4461.78,维修工A,已修复,
MNT-007558,2024-07-10 05:00:00,M16,换油,True,11.29,229.29,维修工D,已修复,
MNT-007559,2024-02-04 09:00:00,M13,滤芯更换,True,12.49,1303.97,维修工B,已修复,
MNT-007560,2025-03-29 13:00:00,M16,滤芯更换,True,1.05,3013.16,维修工D,已修复,
MNT-007561,2025-12-26 15:00:00,M27,加热故障,True,17.22,7378.82,外部供应商,已修复,需要厂家支持
MNT-007562,2026-03-31 12:00:00,M06,滤芯更换,True,8.75,4914.18,维修工B,已修复,建议大修
MNT-007563,2025-11-24 06:00:00,M13,电气故障,True,20.43,5572.94,维修工B,已修复,需要厂家支持
MNT-007564,2024-03-18 03:00:00,M11,锁模故障,True,12.51,3876.15,维修工A,已修复,
MNT-007565,2024-07-18 00:00:00,M08,密封件更换,True,18.5,4113.09,外部供应商,已修复,
MNT-007566,2024-02-26 23:00:00,M25,滤芯更换,True,3.89,1524.42,维修工B,已修复,更换备件
MNT-007567,2025-11-08 08:00:00,M26,锁模故障,True,23.97,1907.44,维修工C,已修复,建议大修
MNT-007568,2025-11-05 14:00:00,M19,锁模故障,True,17.94,5198.81,维修工B,已修复,
MNT-007569,2024-06-23 11:00:00,M06,锁模故障,True,21.16,4977.82,维修工B,已修复,建议大修
MNT-007570,2024-01-05 04:00:00,M02,液压故障,True,15.71,2165.35,维修工D,待跟进,需要厂家支持
MNT-007571,2024-07-07 08:00:00,M24,预防性保养,False,3.49,745.36,维修工C,已修复,建议大修
MNT-007572,2024-08-24 14:00:00,M19,预防性保养,False,3.79,1313.62,维修工A,已修复,需要厂家支持
MNT-007573,2025-05-06 06:00:00,M20,注射故障,True,21.76,452.56,维修工A,已修复,建议大修
MNT-007574,2024-12-30 06:00:00,M03,注射故障,True,18.31,750.43,维修工A,已修复,需要厂家支持
MNT-007575,2024-06-10 08:00:00,M17,加热故障,True,17.96,1761.14,维修工C,已修复,更换备件
MNT-007576,2024-06-18 02:00:00,M25,故障维修,True,6.56,960.62,维修工D,已修复,建议大修
MNT-007577,2025-01-10 08:00:00,M08,换油,True,13.74,4886.68,维修工C,已修复,需要厂家支持
MNT-007578,2024-05-23 22:00:00,M01,注射故障,True,1.24,6635.15,外部供应商,已修复,需要厂家支持
MNT-007579,2025-02-19 07:00:00,M25,换油,True,6.77,1007.0,外部供应商,已修复,需要厂家支持
MNT-007580,2026-03-27 17:00:00,M18,注射故障,True,16.36,1543.37,维修工A,已修复,更换备件
MNT-007581,2024-12-29 01:00:00,M09,密封件更换,True,11.11,5998.89,维修工C,已修复,建议大修
MNT-007582,2025-08-27 06:00:00,M09,滤芯更换,True,15.74,3991.95,维修工C,已修复,建议大修
MNT-007583,2024-10-28 07:00:00,M09,加热故障,True,21.03,4339.16,维修工A,已修复,
MNT-007584,2024-05-07 19:00:00,M04,加热故障,True,10.37,1369.67,维修工D,已修复,更换备件
MNT-007585,2025-10-07 06:00:00,M21,注射故障,True,17.92,7042.68,维修工A,已修复,建议大修
MNT-007586,2025-08-11 11:00:00,M11,电气故障,True,9.98,3738.35,维修工A,已修复,
MNT-007587,2025-04-22 19:00:00,M15,锁模故障,True,16.82,4978.0,外部供应商,已修复,
MNT-007588,2025-10-15 21:00:00,M19,锁模故障,True,22.49,6557.3,外部供应商,已修复,
MNT-007589,2025-07-26 14:00:00,M06,密封件更换,True,11.91,3689.57,维修工D,已修复,
MNT-007590,2025-01-16 20:00:00,M18,注射故障,True,1.73,5936.48,维修工D,已修复,
MNT-007591,2025-12-15 02:00:00,M20,换油,True,4.93,504.84,外部供应商,已修复,建议大修
MNT-007592,2026-01-28 06:00:00,M03,滤芯更换,True,2.16,1514.57,维修工D,已修复,
MNT-007593,2024-05-29 07:00:00,M23,换油,True,12.0,1814.82,外部供应商,已修复,更换备件
MNT-007594,2025-01-20 19:00:00,M29,液压故障,True,18.03,3792.8,维修工A,已修复,
MNT-007595,2024-08-29 01:00:00,M15,液压故障,True,9.34,2638.99,维修工C,已修复,需要厂家支持
MNT-007596,2024-06-22 17:00:00,M09,锁模故障,True,5.82,3944.81,维修工A,已修复,
MNT-007597,2024-02-12 14:00:00,M26,液压故障,True,8.65,5230.69,维修工A,已修复,更换备件
MNT-007598,2026-03-24 18:00:00,M04,注射故障,True,22.49,4390.71,维修工D,已修复,建议大修
MNT-007599,2025-05-24 10:00:00,M23,液压故障,True,4.6,5194.48,维修工C,已修复,需要厂家支持
MNT-007600,2024-11-02 00:00:00,M14,预防性保养,False,0.71,1071.91,外部供应商,已修复,建议大修
MNT-007601,2024-01-14 10:00:00,M25,加热故障,True,12.54,7495.53,维修工D,已修复,
MNT-007602,2024-05-11 18:00:00,M26,预防性保养,False,2.74,101.03,维修工C,已修复,
MNT-007603,2024-02-22 09:00:00,M14,故障维修,True,4.41,2950.95,维修工B,已修复,需要厂家支持
MNT-007604,2025-11-29 10:00:00,M07,液压故障,True,5.11,2299.53,维修工A,已修复,建议大修
MNT-007605,2025-04-06 07:00:00,M24,故障维修,True,23.42,4146.98,维修工D,已修复,建议大修
MNT-007606,2026-01-14 12:00:00,M18,密封件更换,True,9.67,7746.43,维修工C,已修复,
MNT-007607,2024-10-21 04:00:00,M08,电气故障,True,8.4,1625.64,维修工D,已修复,建议大修
MNT-007608,2024-03-04 01:00:00,M17,锁模故障,True,16.83,5852.97,外部供应商,已修复,需要厂家支持
MNT-007609,2025-01-18 04:00:00,M22,滤芯更换,True,23.13,6215.98,维修工B,已修复,更换备件
MNT-007610,2024-09-13 11:00:00,M20,电气故障,True,21.71,1231.91,维修工D,已修复,更换备件
MNT-007611,2024-09-18 11:00:00,M05,加热故障,True,4.08,4277.59,维修工B,已修复,
MNT-007612,2024-11-20 00:00:00,M18,电气故障,True,11.96,5696.69,维修工B,已修复,
MNT-007613,2024-06-18 10:00:00,M06,注射故障,True,5.7,1665.52,维修工D,已修复,
MNT-007614,2025-07-13 02:00:00,M26,加热故障,True,6.83,1081.01,维修工B,已修复,需要厂家支持
MNT-007615,2024-02-26 07:00:00,M14,滤芯更换,True,1.82,7737.2,维修工B,已修复,更换备件
MNT-007616,2025-08-15 03:00:00,M05,锁模故障,True,16.11,3951.53,外部供应商,已修复,
MNT-007617,2024-07-09 21:00:00,M09,密封件更换,True,22.11,4823.96,维修工B,已修复,需要厂家支持
MNT-007618,2026-04-12 21:00:00,M13,液压故障,True,8.26,1942.71,维修工C,已修复,
MNT-007619,2024-10-03 06:00:00,M03,换油,True,4.12,4331.45,维修工D,已修复,更换备件
MNT-007620,2024-06-13 22:00:00,M08,液压故障,True,20.41,5028.05,维修工D,已修复,需要厂家支持
MNT-007621,2025-04-30 11:00:00,M14,预防性保养,False,1.2,710.19,维修工C,已修复,
MNT-007622,2025-10-18 11:00:00,M19,注射故障,True,3.24,625.01,外部供应商,已修复,需要厂家支持
MNT-007623,2025-11-26 07:00:00,M10,故障维修,True,14.44,4238.07,维修工D,已修复,
MNT-007624,2024-07-03 19:00:00,M19,故障维修,True,14.51,329.01,外部供应商,已修复,
MNT-007625,2025-09-17 08:00:00,M02,加热故障,True,10.73,3674.72,维修工C,已修复,
MNT-007626,2024-05-29 23:00:00,M20,密封件更换,True,4.62,4592.9,维修工B,已修复,
MNT-007627,2025-03-08 12:00:00,M19,换油,True,13.19,2547.26,维修工C,已修复,
MNT-007628,2025-08-19 03:00:00,M18,加热故障,True,9.11,1229.75,维修工B,已修复,更换备件
MNT-007629,2024-11-02 22:00:00,M23,预防性保养,False,1.35,1048.45,维修工C,已修复,
MNT-007630,2024-12-21 04:00:00,M09,加热故障,True,11.0,1721.7,外部供应商,已修复,建议大修
MNT-007631,2024-05-02 19:00:00,M03,注射故障,True,16.15,1741.06,维修工A,已修复,
MNT-007632,2024-08-11 10:00:00,M22,滤芯更换,True,16.69,2176.72,维修工A,已修复,更换备件
MNT-007633,2024-11-06 04:00:00,M28,注射故障,True,4.22,5440.08,维修工B,已修复,更换备件
MNT-007634,2024-03-06 07:00:00,M17,密封件更换,True,20.49,1870.22,外部供应商,已修复,
MNT-007635,2024-01-12 00:00:00,M02,预防性保养,False,2.2,1388.18,维修工A,已修复,更换备件
MNT-007636,2025-03-11 21:00:00,M14,电气故障,True,15.51,6386.26,外部供应商,已修复,
MNT-007637,2024-06-17 03:00:00,M19,密封件更换,True,22.16,3609.71,维修工B,已修复,需要厂家支持
MNT-007638,2024-02-26 12:00:00,M28,注射故障,True,20.07,3595.83,外部供应商,已修复,需要厂家支持
MNT-007639,2024-04-03 11:00:00,M08,加热故障,True,4.97,6359.17,维修工B,已修复,
MNT-007640,2024-09-25 07:00:00,M09,预防性保养,False,2.49,1319.43,外部供应商,已修复,建议大修
MNT-007641,2026-02-11 05:00:00,M15,故障维修,True,22.98,6929.18,维修工B,已修复,
MNT-007642,2025-04-06 19:00:00,M10,液压故障,True,22.48,3419.05,维修工A,已修复,
MNT-007643,2024-11-18 13:00:00,M05,液压故障,True,4.82,7929.38,外部供应商,已修复,需要厂家支持
MNT-007644,2024-02-21 23:00:00,M05,加热故障,True,9.96,3392.04,外部供应商,已修复,
MNT-007645,2025-01-14 04:00:00,M07,电气故障,True,15.55,6806.31,外部供应商,已修复,需要厂家支持
MNT-007646,2025-10-25 12:00:00,M21,液压故障,True,5.58,6038.73,维修工A,已修复,
MNT-007647,2024-07-23 11:00:00,M14,预防性保养,False,1.6,872.76,外部供应商,已修复,
MNT-007648,2025-08-30 00:00:00,M12,密封件更换,True,19.62,2840.73,维修工C,已修复,建议大修
MNT-007649,2025-01-05 12:00:00,M11,加热故障,True,15.62,5148.79,维修工C,已修复,
MNT-007650,2024-05-23 15:00:00,M10,电气故障,True,0.66,2629.16,维修工B,已修复,
MNT-007651,2024-05-14 23:00:00,M21,注射故障,True,19.3,1512.79,维修工A,已修复,
MNT-007652,2024-01-21 05:00:00,M07,液压故障,True,5.67,1271.9,维修工A,已修复,需要厂家支持
MNT-007653,2025-08-26 00:00:00,M12,换油,True,21.81,2411.14,维修工B,已修复,
MNT-007654,2024-07-28 00:00:00,M17,密封件更换,True,22.23,7148.39,外部供应商,已修复,建议大修
MNT-007655,2024-09-25 00:00:00,M17,故障维修,True,3.77,3225.53,维修工A,已修复,建议大修
MNT-007656,2025-05-14 04:00:00,M29,电气故障,True,2.62,2063.41,维修工A,已修复,
MNT-007657,2026-04-20 03:00:00,M10,预防性保养,False,1.68,514.54,维修工B,已修复,更换备件
MNT-007658,2025-11-11 04:00:00,M17,液压故障,True,1.17,4754.96,维修工A,已修复,
MNT-007659,2025-12-26 10:00:00,M12,密封件更换,True,13.58,5205.04,维修工C,已修复,
MNT-007660,2025-03-22 23:00:00,M24,电气故障,True,9.74,6141.44,维修工C,已修复,建议大修
MNT-007661,2024-02-17 02:00:00,M18,换油,True,1.54,3833.68,外部供应商,已修复,
MNT-007662,2024-08-22 18:00:00,M07,密封件更换,True,3.17,5304.89,外部供应商,已修复,建议大修
MNT-007663,2025-10-16 13:00:00,M20,换油,True,0.78,4498.2,外部供应商,已修复,建议大修
MNT-007664,2024-07-31 11:00:00,M27,液压故障,True,17.16,6683.24,外部供应商,已修复,需要厂家支持
MNT-007665,2026-01-30 02:00:00,M02,注射故障,True,5.75,4224.71,维修工B,已修复,
MNT-007666,2025-08-28 23:00:00,M18,电气故障,True,19.89,5610.48,维修工A,已修复,需要厂家支持
MNT-007667,2025-07-13 00:00:00,M10,电气故障,True,5.78,4816.77,维修工A,已修复,需要厂家支持
MNT-007668,2024-11-22 17:00:00,M09,密封件更换,True,13.03,3334.76,维修工A,已修复,
MNT-007669,2025-12-24 13:00:00,M09,注射故障,True,15.25,758.32,维修工B,已修复,更换备件
MNT-007670,2025-05-25 05:00:00,M05,滤芯更换,True,16.77,2976.38,维修工A,已修复,更换备件
MNT-007671,2025-11-29 22:00:00,M10,加热故障,True,1.36,5234.76,维修工C,已修复,
MNT-007672,2024-10-30 01:00:00,M27,密封件更换,True,22.27,7049.82,维修工D,已修复,更换备件
MNT-007673,2026-01-20 10:00:00,M27,注射故障,True,9.36,6858.74,维修工D,待跟进,
MNT-007674,2025-04-06 18:00:00,M03,密封件更换,True,13.79,1188.92,维修工D,已修复,
MNT-007675,2025-05-08 19:00:00,M12,预防性保养,False,1.96,1152.41,维修工D,已修复,需要厂家支持
MNT-007676,2025-06-28 03:00:00,M03,滤芯更换,True,21.36,2166.88,维修工D,已修复,
MNT-007677,2026-03-25 05:00:00,M25,加热故障,True,22.88,2656.26,维修工C,已修复,
MNT-007678,2025-10-18 16:00:00,M09,预防性保养,False,1.57,1086.61,维修工C,已修复,建议大修
MNT-007679,2026-01-11 12:00:00,M08,滤芯更换,True,12.64,3765.83,维修工C,已修复,
MNT-007680,2024-08-07 04:00:00,M08,密封件更换,True,4.35,6558.84,维修工C,已修复,更换备件
MNT-007681,2026-02-21 22:00:00,M01,加热故障,True,18.42,2427.26,维修工C,已修复,
MNT-007682,2026-02-01 14:00:00,M18,预防性保养,False,1.44,1436.16,维修工C,已修复,更换备件
MNT-007683,2024-09-05 13:00:00,M29,密封件更换,True,0.62,6083.24,维修工A,已修复,
MNT-007684,2025-10-13 09:00:00,M12,换油,True,5.34,6627.05,外部供应商,已修复,
MNT-007685,2026-04-17 18:00:00,M05,加热故障,True,3.49,4947.5,维修工B,已修复,
MNT-007686,2025-03-20 02:00:00,M25,故障维修,True,23.03,3087.58,外部供应商,已修复,建议大修
MNT-007687,2025-09-15 03:00:00,M26,注射故障,True,5.95,309.31,外部供应商,已修复,更换备件
MNT-007688,2024-10-23 06:00:00,M21,加热故障,True,16.02,5203.26,外部供应商,已修复,
MNT-007689,2025-02-22 01:00:00,M02,电气故障,True,23.98,1548.77,维修工B,已修复,
MNT-007690,2024-01-22 15:00:00,M16,密封件更换,True,20.97,4072.64,维修工D,已修复,建议大修
MNT-007691,2025-08-23 19:00:00,M22,滤芯更换,True,19.17,5490.11,维修工C,已修复,
MNT-007692,2026-03-17 22:00:00,M26,注射故障,True,18.21,3311.01,维修工D,已修复,
MNT-007693,2025-12-07 20:00:00,M16,滤芯更换,True,20.6,3533.56,维修工B,已修复,
MNT-007694,2024-11-08 21:00:00,M12,注射故障,True,15.73,6947.46,维修工B,已修复,需要厂家支持
MNT-007695,2025-05-25 04:00:00,M10,锁模故障,True,20.34,3240.5,维修工A,已修复,
MNT-007696,2024-01-14 19:00:00,M21,液压故障,True,20.33,761.05,外部供应商,已修复,
MNT-007697,2024-08-31 10:00:00,M06,预防性保养,False,3.59,374.94,维修工C,已修复,
MNT-007698,2024-07-23 00:00:00,M29,电气故障,True,19.26,5455.11,维修工B,已修复,
MNT-007699,2024-08-26 10:00:00,M19,滤芯更换,True,10.38,4570.12,维修工B,已修复,建议大修
MNT-007700,2024-04-29 21:00:00,M05,锁模故障,True,1.75,7159.09,维修工C,已修复,建议大修
MNT-007701,2024-02-11 13:00:00,M20,故障维修,True,11.49,2417.17,维修工A,已修复,
MNT-007702,2025-07-15 09:00:00,M09,滤芯更换,True,3.52,4737.7,维修工C,已修复,建议大修
MNT-007703,2025-08-14 14:00:00,M03,加热故障,True,2.07,2839.72,维修工D,已修复,
MNT-007704,2024-04-12 12:00:00,M24,液压故障,True,8.94,1241.82,维修工C,已修复,建议大修
MNT-007705,2025-05-07 20:00:00,M25,故障维修,True,20.53,2383.92,外部供应商,待跟进,更换备件
MNT-007706,2026-02-03 04:00:00,M22,换油,True,20.53,7701.22,外部供应商,已修复,建议大修
MNT-007707,2024-01-19 16:00:00,M12,换油,True,22.7,4920.1,维修工A,已修复,
MNT-007708,2025-07-10 06:00:00,M19,液压故障,True,17.53,1729.65,维修工D,已修复,需要厂家支持
MNT-007709,2025-08-15 00:00:00,M06,换油,True,17.05,3007.93,维修工C,已修复,
MNT-007710,2024-09-11 22:00:00,M16,滤芯更换,True,2.77,1999.52,维修工B,已修复,
MNT-007711,2025-03-28 21:00:00,M09,密封件更换,True,16.99,5566.14,维修工C,已修复,
MNT-007712,2024-02-19 11:00:00,M18,换油,True,15.9,6712.02,维修工A,已修复,更换备件
MNT-007713,2024-04-03 16:00:00,M03,故障维修,True,11.79,4686.34,维修工C,已修复,
MNT-007714,2025-12-30 01:00:00,M14,锁模故障,True,9.09,923.54,维修工A,已修复,建议大修
MNT-007715,2024-11-08 15:00:00,M11,换油,True,7.23,1679.75,维修工B,已修复,建议大修
MNT-007716,2024-05-09 18:00:00,M09,预防性保养,False,2.83,930.12,维修工A,已修复,需要厂家支持
MNT-007717,2026-01-22 03:00:00,M13,注射故障,True,3.84,4918.27,维修工C,已修复,
MNT-007718,2025-11-19 18:00:00,M11,故障维修,True,18.21,6953.04,维修工C,已修复,
MNT-007719,2024-04-12 16:00:00,M08,加热故障,True,9.41,4657.02,外部供应商,已修复,建议大修
MNT-007720,2025-11-03 08:00:00,M09,密封件更换,True,10.81,2417.97,维修工D,已修复,
MNT-007721,2024-03-02 01:00:00,M26,液压故障,True,4.87,3782.84,维修工C,已修复,更换备件
MNT-007722,2024-05-03 13:00:00,M25,电气故障,True,8.03,6625.96,外部供应商,已修复,
MNT-007723,2025-03-02 16:00:00,M07,锁模故障,True,20.28,857.03,维修工D,已修复,
MNT-007724,2026-03-01 07:00:00,M22,故障维修,True,15.53,1558.81,维修工B,已修复,需要厂家支持
MNT-007725,2025-06-16 19:00:00,M09,锁模故障,True,15.22,7028.86,维修工D,已修复,需要厂家支持
MNT-007726,2024-02-10 16:00:00,M01,液压故障,True,14.65,3576.44,维修工B,已修复,
MNT-007727,2024-01-29 10:00:00,M04,密封件更换,True,2.07,7206.0,维修工B,待跟进,
MNT-007728,2024-07-25 15:00:00,M02,故障维修,True,10.28,6715.21,维修工D,已修复,建议大修
MNT-007729,2024-02-09 07:00:00,M13,滤芯更换,True,8.95,6412.02,维修工B,已修复,建议大修
MNT-007730,2025-09-26 20:00:00,M17,滤芯更换,True,7.53,6692.68,维修工C,已修复,
MNT-007731,2026-02-02 12:00:00,M10,换油,True,3.8,701.96,维修工A,已修复,
MNT-007732,2025-07-29 17:00:00,M17,锁模故障,True,7.24,2104.67,维修工C,已修复,建议大修
MNT-007733,2026-02-17 14:00:00,M24,注射故障,True,16.35,4650.47,维修工B,已修复,
MNT-007734,2024-01-16 14:00:00,M28,注射故障,True,20.4,203.67,维修工C,已修复,需要厂家支持
MNT-007735,2026-04-26 13:00:00,M17,加热故障,True,3.45,1411.49,维修工C,已修复,建议大修
MNT-007736,2025-11-28 05:00:00,M12,加热故障,True,13.77,1743.92,外部供应商,已修复,需要厂家支持
MNT-007737,2024-02-17 19:00:00,M11,电气故障,True,22.9,7708.97,维修工B,已修复,更换备件
MNT-007738,2024-09-15 22:00:00,M10,预防性保养,False,0.63,1004.53,维修工D,已修复,更换备件
MNT-007739,2024-07-22 03:00:00,M16,电气故障,True,21.76,3061.21,维修工B,已修复,
MNT-007740,2024-11-17 19:00:00,M07,换油,True,8.06,4161.38,维修工D,已修复,
MNT-007741,2025-01-09 11:00:00,M26,锁模故障,True,23.8,5507.3,外部供应商,已修复,
MNT-007742,2025-08-03 01:00:00,M17,电气故障,True,4.27,2461.01,维修工A,已修复,建议大修
MNT-007743,2025-07-12 13:00:00,M27,注射故障,True,6.74,207.91,维修工D,已修复,需要厂家支持
MNT-007744,2025-09-15 01:00:00,M01,换油,True,6.57,4072.52,外部供应商,已修复,
MNT-007745,2024-05-09 21:00:00,M25,换油,True,13.8,3674.04,维修工D,已修复,更换备件
MNT-007746,2025-03-05 18:00:00,M06,液压故障,True,19.53,2903.26,维修工C,已修复,
MNT-007747,2024-05-04 16:00:00,M16,锁模故障,True,13.19,7382.41,维修工A,已修复,建议大修
MNT-007748,2025-06-04 17:00:00,M23,密封件更换,True,12.16,3584.09,维修工C,已修复,
MNT-007749,2026-04-18 22:00:00,M19,加热故障,True,16.16,7041.44,维修工B,已修复,建议大修
MNT-007750,2025-05-20 17:00:00,M03,液压故障,True,6.8,5616.87,外部供应商,已修复,更换备件
MNT-007751,2025-03-06 06:00:00,M24,加热故障,True,4.38,6276.33,维修工A,已修复,
MNT-007752,2024-04-07 07:00:00,M18,电气故障,True,12.57,7714.22,外部供应商,已修复,
MNT-007753,2025-06-14 05:00:00,M04,锁模故障,True,11.97,821.34,外部供应商,已修复,建议大修
MNT-007754,2024-05-01 04:00:00,M29,注射故障,True,7.74,3013.32,维修工B,已修复,
MNT-007755,2024-11-25 10:00:00,M17,电气故障,True,22.36,5644.2,维修工D,已修复,需要厂家支持
MNT-007756,2024-05-08 07:00:00,M02,预防性保养,False,1.77,1168.0,维修工B,已修复,
MNT-007757,2025-05-08 00:00:00,M03,滤芯更换,True,15.94,3798.32,维修工B,已修复,
MNT-007758,2025-03-06 13:00:00,M07,换油,True,12.67,4714.35,外部供应商,已修复,需要厂家支持
MNT-007759,2024-04-13 16:00:00,M26,液压故障,True,20.63,3283.77,维修工B,已修复,
MNT-007760,2025-11-21 16:00:00,M05,故障维修,True,21.46,3713.98,维修工A,已修复,需要厂家支持
MNT-007761,2025-11-11 12:00:00,M28,加热故障,True,16.77,2615.26,维修工D,已修复,
MNT-007762,2025-04-26 00:00:00,M28,预防性保养,False,2.28,1235.33,外部供应商,已修复,
MNT-007763,2025-11-20 14:00:00,M18,电气故障,True,5.09,1917.42,维修工C,已修复,建议大修
MNT-007764,2026-02-28 04:00:00,M03,液压故障,True,6.65,5854.18,外部供应商,已修复,需要厂家支持
MNT-007765,2026-01-24 08:00:00,M13,换油,True,10.85,447.22,维修工A,已修复,建议大修
MNT-007766,2024-03-05 14:00:00,M16,密封件更换,True,6.99,4796.09,维修工C,已修复,更换备件
MNT-007767,2024-02-23 08:00:00,M17,换油,True,13.5,5914.25,维修工A,已修复,
MNT-007768,2026-03-08 23:00:00,M10,密封件更换,True,6.69,4487.83,维修工A,已修复,
MNT-007769,2025-05-07 12:00:00,M05,换油,True,7.09,6849.11,维修工A,已修复,需要厂家支持
MNT-007770,2025-02-23 03:00:00,M06,液压故障,True,9.71,2159.1,维修工B,已修复,
MNT-007771,2024-09-30 10:00:00,M22,电气故障,True,23.68,7873.55,维修工C,已修复,
MNT-007772,2024-06-03 14:00:00,M04,换油,True,1.02,610.13,外部供应商,已修复,
MNT-007773,2024-04-19 18:00:00,M25,密封件更换,True,4.32,2784.13,维修工A,已修复,
MNT-007774,2025-01-22 14:00:00,M13,电气故障,True,20.94,6847.24,维修工A,已修复,需要厂家支持
MNT-007775,2025-09-12 17:00:00,M25,液压故障,True,21.59,5114.4,维修工B,已修复,
MNT-007776,2025-08-06 22:00:00,M02,滤芯更换,True,13.01,6236.49,外部供应商,已修复,更换备件
MNT-007777,2025-04-24 22:00:00,M21,加热故障,True,19.38,1508.17,维修工B,已修复,需要厂家支持
MNT-007778,2025-04-18 18:00:00,M13,预防性保养,False,1.9,1357.95,维修工C,已修复,建议大修
MNT-007779,2024-01-23 21:00:00,M13,锁模故障,True,4.4,4225.86,外部供应商,已修复,
MNT-007780,2025-07-02 22:00:00,M28,注射故障,True,21.87,2459.99,维修工A,已修复,
MNT-007781,2026-02-12 21:00:00,M19,预防性保养,False,1.68,441.7,维修工C,已修复,更换备件
MNT-007782,2024-08-24 10:00:00,M10,故障维修,True,23.82,6968.53,维修工C,已修复,建议大修
MNT-007783,2025-09-24 18:00:00,M27,液压故障,True,18.78,2289.51,维修工B,已修复,建议大修
MNT-007784,2025-04-25 05:00:00,M22,锁模故障,True,3.09,3385.82,维修工A,已修复,更换备件
MNT-007785,2024-09-25 02:00:00,M16,故障维修,True,14.43,1772.62,维修工B,已修复,需要厂家支持
MNT-007786,2026-01-19 22:00:00,M13,锁模故障,True,19.77,3672.83,维修工D,已修复,建议大修
MNT-007787,2025-09-26 20:00:00,M11,换油,True,7.45,7821.58,维修工B,已修复,
MNT-007788,2026-02-15 10:00:00,M09,密封件更换,True,21.23,1516.9,外部供应商,已修复,
MNT-007789,2025-04-14 17:00:00,M01,电气故障,True,20.35,5290.42,维修工B,已修复,需要厂家支持
MNT-007790,2024-01-09 10:00:00,M14,锁模故障,True,15.1,882.23,维修工B,已修复,建议大修
MNT-007791,2025-08-17 04:00:00,M01,电气故障,True,2.7,4007.81,外部供应商,已修复,
MNT-007792,2025-10-18 20:00:00,M03,液压故障,True,4.01,7989.87,外部供应商,已修复,更换备件
MNT-007793,2024-04-25 01:00:00,M28,滤芯更换,True,16.55,997.0,维修工B,待跟进,
MNT-007794,2026-04-09 04:00:00,M22,注射故障,True,12.36,7237.52,维修工B,已修复,建议大修
MNT-007795,2024-09-15 02:00:00,M12,锁模故障,True,20.77,5937.27,外部供应商,已修复,建议大修
MNT-007796,2024-03-19 11:00:00,M06,加热故障,True,21.43,754.89,维修工B,已修复,
MNT-007797,2025-07-21 07:00:00,M22,电气故障,True,4.59,1820.43,维修工C,已修复,
MNT-007798,2024-03-26 20:00:00,M19,预防性保养,False,2.69,535.91,维修工C,已修复,需要厂家支持
MNT-007799,2026-03-16 15:00:00,M22,预防性保养,False,1.33,136.91,维修工C,已修复,需要厂家支持
MNT-007800,2024-08-13 13:00:00,M12,液压故障,True,2.61,7734.58,维修工B,已修复,建议大修
MNT-007801,2025-04-24 03:00:00,M10,加热故障,True,16.36,4331.05,维修工D,已修复,
MNT-007802,2024-11-13 02:00:00,M13,加热故障,True,16.96,753.38,维修工D,已修复,
MNT-007803,2026-02-10 01:00:00,M26,注射故障,True,0.51,4372.81,维修工D,已修复,
MNT-007804,2024-01-20 20:00:00,M20,电气故障,True,20.77,2272.45,外部供应商,已修复,建议大修
MNT-007805,2024-07-28 17:00:00,M11,电气故障,True,10.25,786.3,维修工A,已修复,
MNT-007806,2024-02-09 12:00:00,M03,电气故障,True,9.94,7320.43,维修工A,已修复,需要厂家支持
MNT-007807,2025-05-20 22:00:00,M29,换油,True,6.77,4289.85,维修工A,已修复,
MNT-007808,2025-04-17 09:00:00,M28,换油,True,4.73,6200.51,外部供应商,已修复,需要厂家支持
MNT-007809,2026-04-29 18:00:00,M11,液压故障,True,12.43,1938.87,维修工A,已修复,
MNT-007810,2024-05-24 07:00:00,M28,注射故障,True,22.0,1454.14,外部供应商,已修复,
MNT-007811,2025-08-12 23:00:00,M05,故障维修,True,13.23,7632.38,维修工D,已修复,更换备件
MNT-007812,2024-03-12 17:00:00,M06,锁模故障,True,15.83,3004.64,维修工B,已修复,更换备件
MNT-007813,2025-11-07 16:00:00,M19,滤芯更换,True,7.61,493.84,维修工D,已修复,建议大修
MNT-007814,2024-01-19 12:00:00,M26,滤芯更换,True,16.8,4964.97,维修工D,已修复,建议大修
MNT-007815,2024-03-01 19:00:00,M08,加热故障,True,14.39,5656.66,维修工A,已修复,
MNT-007816,2025-03-10 11:00:00,M14,故障维修,True,11.87,473.32,维修工B,已修复,
MNT-007817,2024-07-10 22:00:00,M05,密封件更换,True,11.93,6636.97,维修工D,已修复,
MNT-007818,2026-04-26 01:00:00,M06,电气故障,True,6.62,2518.19,维修工C,已修复,更换备件
MNT-007819,2024-09-28 10:00:00,M14,密封件更换,True,14.34,7634.68,维修工D,已修复,更换备件
MNT-007820,2025-05-25 23:00:00,M02,滤芯更换,True,18.75,2084.59,维修工A,已修复,
MNT-007821,2026-04-10 00:00:00,M14,预防性保养,False,1.83,560.49,外部供应商,已修复,
MNT-007822,2025-08-11 13:00:00,M20,预防性保养,False,3.21,279.39,维修工A,已修复,需要厂家支持
MNT-007823,2024-07-04 06:00:00,M18,故障维修,True,20.61,4167.94,维修工C,已修复,
MNT-007824,2025-12-09 18:00:00,M22,密封件更换,True,9.23,7184.29,维修工C,已修复,
MNT-007825,2024-03-23 04:00:00,M09,故障维修,True,7.85,2397.13,外部供应商,已修复,需要厂家支持
MNT-007826,2025-12-22 21:00:00,M15,换油,True,1.0,7608.08,维修工A,已修复,
MNT-007827,2024-06-07 06:00:00,M11,预防性保养,False,1.18,486.14,维修工A,已修复,
MNT-007828,2024-11-18 05:00:00,M25,液压故障,True,11.74,835.48,维修工B,已修复,需要厂家支持
MNT-007829,2025-07-17 18:00:00,M18,预防性保养,False,2.21,480.05,外部供应商,已修复,更换备件
MNT-007830,2024-06-03 21:00:00,M29,液压故障,True,4.71,7476.82,外部供应商,已修复,
MNT-007831,2025-06-11 16:00:00,M28,锁模故障,True,4.3,7899.87,维修工B,已修复,
MNT-007832,2026-03-16 08:00:00,M14,故障维修,True,13.52,7370.92,维修工C,已修复,建议大修
MNT-007833,2025-03-12 08:00:00,M24,换油,True,21.2,6202.74,维修工D,已修复,
MNT-007834,2024-07-22 19:00:00,M03,密封件更换,True,4.46,5589.37,外部供应商,已修复,更换备件
MNT-007835,2026-03-10 02:00:00,M03,锁模故障,True,13.18,5663.84,维修工B,已修复,需要厂家支持
MNT-007836,2026-03-23 17:00:00,M23,加热故障,True,8.99,5395.53,维修工C,已修复,需要厂家支持
MNT-007837,2025-04-24 09:00:00,M15,换油,True,7.83,2317.75,维修工B,已修复,
MNT-007838,2024-11-29 01:00:00,M12,密封件更换,True,18.57,6931.27,外部供应商,已修复,
MNT-007839,2026-03-29 17:00:00,M07,锁模故障,True,5.74,5719.26,维修工A,已修复,需要厂家支持
MNT-007840,2025-07-07 19:00:00,M19,锁模故障,True,0.56,5603.65,外部供应商,已修复,建议大修
MNT-007841,2025-06-23 16:00:00,M23,液压故障,True,18.75,5047.42,维修工D,已修复,
MNT-007842,2025-10-16 05:00:00,M02,电气故障,True,20.55,6077.97,维修工A,已修复,
MNT-007843,2025-10-17 00:00:00,M28,密封件更换,True,21.46,1512.88,维修工C,已修复,需要厂家支持
MNT-007844,2024-10-13 13:00:00,M06,换油,True,21.28,2326.97,外部供应商,已修复,建议大修
MNT-007845,2024-12-21 07:00:00,M23,加热故障,True,18.58,5836.25,外部供应商,已修复,建议大修
MNT-007846,2025-03-18 18:00:00,M13,锁模故障,True,22.12,1906.35,维修工D,已修复,
MNT-007847,2025-12-16 04:00:00,M18,滤芯更换,True,14.26,6167.47,维修工B,已修复,建议大修
MNT-007848,2025-02-03 20:00:00,M16,滤芯更换,True,15.35,4371.7,外部供应商,已修复,
MNT-007849,2024-03-19 19:00:00,M11,注射故障,True,16.89,4701.25,维修工D,已修复,
MNT-007850,2024-11-24 22:00:00,M18,液压故障,True,11.9,6198.35,维修工D,已修复,
MNT-007851,2025-12-20 22:00:00,M17,故障维修,True,8.61,1019.56,维修工A,已修复,需要厂家支持
MNT-007852,2024-07-04 20:00:00,M05,液压故障,True,23.28,2691.76,外部供应商,已修复,建议大修
MNT-007853,2026-03-22 01:00:00,M26,预防性保养,False,1.63,1393.28,维修工A,已修复,
MNT-007854,2025-01-11 17:00:00,M20,密封件更换,True,16.37,2332.76,维修工D,已修复,建议大修
MNT-007855,2024-06-26 12:00:00,M08,预防性保养,False,2.78,496.12,维修工A,已修复,
MNT-007856,2026-02-15 03:00:00,M19,液压故障,True,7.2,3185.95,外部供应商,已修复,需要厂家支持
MNT-007857,2025-07-14 07:00:00,M19,故障维修,True,13.92,6824.22,维修工C,已修复,更换备件
MNT-007858,2025-06-02 00:00:00,M28,电气故障,True,8.56,4821.64,维修工C,待跟进,更换备件
MNT-007859,2024-03-05 14:00:00,M24,密封件更换,True,7.75,1141.71,外部供应商,已修复,
MNT-007860,2025-03-28 12:00:00,M28,电气故障,True,16.32,7571.91,维修工A,已修复,建议大修
MNT-007861,2025-03-03 23:00:00,M25,故障维修,True,20.35,6391.84,维修工C,已修复,
MNT-007862,2025-12-29 01:00:00,M17,预防性保养,False,2.45,199.9,维修工D,已修复,
MNT-007863,2024-03-06 21:00:00,M28,注射故障,True,17.29,1830.21,维修工C,已修复,更换备件
MNT-007864,2024-01-01 16:00:00,M04,滤芯更换,True,13.39,2892.91,维修工A,已修复,建议大修
MNT-007865,2025-03-18 15:00:00,M01,加热故障,True,19.28,3000.03,维修工C,已修复,
MNT-007866,2026-04-23 16:00:00,M21,滤芯更换,True,10.91,1750.15,维修工B,已修复,
MNT-007867,2024-12-23 05:00:00,M07,电气故障,True,4.48,630.47,维修工B,已修复,需要厂家支持
MNT-007868,2025-03-21 11:00:00,M29,锁模故障,True,6.4,6587.31,维修工B,已修复,建议大修
MNT-007869,2026-01-14 20:00:00,M17,锁模故障,True,3.78,1287.61,维修工C,已修复,更换备件
MNT-007870,2024-05-31 03:00:00,M11,换油,True,1.32,7946.85,维修工C,已修复,
MNT-007871,2024-03-08 13:00:00,M29,预防性保养,False,2.92,223.32,维修工D,已修复,更换备件
MNT-007872,2024-09-19 07:00:00,M25,预防性保养,False,1.72,649.89,维修工D,已修复,
MNT-007873,2025-08-11 19:00:00,M13,锁模故障,True,9.91,6116.6,维修工B,已修复,需要厂家支持
MNT-007874,2026-01-28 05:00:00,M16,电气故障,True,0.67,4660.48,维修工B,已修复,需要厂家支持
MNT-007875,2025-02-27 08:00:00,M17,故障维修,True,8.91,4455.36,维修工C,已修复,建议大修
MNT-007876,2024-01-27 08:00:00,M27,加热故障,True,0.97,6163.36,维修工A,已修复,更换备件
MNT-007877,2025-03-21 12:00:00,M01,密封件更换,True,12.93,247.64,外部供应商,已修复,更换备件
MNT-007878,2025-02-17 20:00:00,M08,滤芯更换,True,20.3,4791.46,维修工B,已修复,需要厂家支持
MNT-007879,2025-10-14 04:00:00,M03,预防性保养,False,1.84,439.58,维修工B,已修复,需要厂家支持
MNT-007880,2025-03-21 04:00:00,M24,注射故障,True,11.61,4972.18,维修工C,已修复,需要厂家支持
MNT-007881,2024-01-24 17:00:00,M17,电气故障,True,21.46,6566.14,维修工C,已修复,
MNT-007882,2026-03-13 10:00:00,M11,电气故障,True,22.75,7239.72,维修工C,已修复,
MNT-007883,2026-01-21 07:00:00,M28,电气故障,True,18.35,5110.59,维修工D,已修复,
MNT-007884,2025-03-01 16:00:00,M27,换油,True,17.58,4847.91,外部供应商,已修复,
MNT-007885,2025-09-24 18:00:00,M12,密封件更换,True,15.49,5297.21,外部供应商,已修复,更换备件
MNT-007886,2025-07-29 12:00:00,M27,故障维修,True,12.0,594.48,维修工A,已修复,
MNT-007887,2025-09-22 10:00:00,M12,锁模故障,True,5.54,2347.26,维修工B,已修复,
MNT-007888,2026-04-21 10:00:00,M20,滤芯更换,True,20.04,3611.75,维修工D,已修复,
MNT-007889,2025-02-25 06:00:00,M28,注射故障,True,17.74,6397.53,维修工D,已修复,
MNT-007890,2026-04-14 02:00:00,M25,加热故障,True,15.95,7175.72,维修工C,已修复,建议大修
MNT-007891,2024-12-10 02:00:00,M19,故障维修,True,17.57,2098.32,维修工C,已修复,需要厂家支持
MNT-007892,2025-02-16 04:00:00,M10,换油,True,2.15,7256.01,维修工B,已修复,
MNT-007893,2026-03-12 21:00:00,M07,预防性保养,False,3.96,269.88,外部供应商,已修复,建议大修
MNT-007894,2025-07-17 19:00:00,M29,预防性保养,False,1.85,386.97,维修工B,已修复,建议大修
MNT-007895,2025-02-24 04:00:00,M14,预防性保养,False,3.73,455.2,维修工D,已修复,更换备件
MNT-007896,2024-01-01 09:00:00,M22,滤芯更换,True,5.36,226.52,维修工D,已修复,需要厂家支持
MNT-007897,2025-03-21 07:00:00,M17,电气故障,True,16.93,5461.81,外部供应商,已修复,需要厂家支持
MNT-007898,2025-05-12 13:00:00,M13,加热故障,True,22.26,7716.7,维修工B,已修复,需要厂家支持
MNT-007899,2026-01-30 09:00:00,M25,滤芯更换,True,6.25,3276.64,维修工A,已修复,
MNT-007900,2025-12-26 05:00:00,M01,锁模故障,True,15.62,1416.82,外部供应商,已修复,建议大修
MNT-007901,2025-10-21 11:00:00,M10,滤芯更换,True,21.18,2410.4,维修工D,已修复,需要厂家支持
MNT-007902,2024-09-04 13:00:00,M16,换油,True,22.07,2184.74,外部供应商,已修复,建议大修
MNT-007903,2024-10-21 06:00:00,M07,故障维修,True,18.96,1229.59,维修工D,已修复,
MNT-007904,2024-08-17 05:00:00,M13,电气故障,True,10.62,1968.96,维修工B,已修复,需要厂家支持
MNT-007905,2024-02-25 22:00:00,M12,故障维修,True,8.91,1545.73,维修工A,已修复,
MNT-007906,2024-10-02 08:00:00,M13,预防性保养,False,0.86,243.35,维修工D,已修复,需要厂家支持
MNT-007907,2025-06-16 15:00:00,M20,换油,True,5.22,4774.66,维修工A,已修复,建议大修
MNT-007908,2024-08-06 14:00:00,M29,液压故障,True,18.89,6962.45,外部供应商,已修复,建议大修
MNT-007909,2025-03-31 20:00:00,M19,加热故障,True,16.06,1241.52,维修工D,已修复,
MNT-007910,2026-04-27 22:00:00,M10,液压故障,True,2.92,7704.65,维修工B,已修复,
MNT-007911,2025-09-27 15:00:00,M26,加热故障,True,3.16,3501.75,维修工A,已修复,更换备件
MNT-007912,2024-07-05 21:00:00,M02,换油,True,5.45,3056.28,维修工D,已修复,
MNT-007913,2025-01-30 22:00:00,M20,滤芯更换,True,8.52,4104.45,维修工D,已修复,更换备件
MNT-007914,2024-04-16 03:00:00,M19,锁模故障,True,15.21,5571.5,维修工D,已修复,
MNT-007915,2024-04-03 14:00:00,M09,加热故障,True,22.3,5658.83,外部供应商,已修复,
MNT-007916,2025-04-03 09:00:00,M23,故障维修,True,15.35,7858.37,维修工B,已修复,
MNT-007917,2024-03-16 19:00:00,M13,锁模故障,True,5.17,4256.75,维修工B,已修复,更换备件
MNT-007918,2025-06-20 07:00:00,M19,密封件更换,True,11.01,7581.91,维修工B,已修复,建议大修
MNT-007919,2026-04-02 12:00:00,M09,电气故障,True,16.01,2742.42,维修工A,待跟进,需要厂家支持
MNT-007920,2025-09-14 15:00:00,M28,注射故障,True,3.62,5090.03,维修工D,已修复,建议大修
MNT-007921,2026-02-19 00:00:00,M25,电气故障,True,1.2,5223.84,维修工A,待跟进,建议大修
MNT-007922,2024-04-14 22:00:00,M16,滤芯更换,True,1.81,1173.15,维修工A,已修复,
MNT-007923,2024-06-23 08:00:00,M29,液压故障,True,19.48,355.99,外部供应商,已修复,
MNT-007924,2025-01-21 19:00:00,M28,滤芯更换,True,6.46,6244.29,维修工A,已修复,
MNT-007925,2025-08-13 01:00:00,M04,液压故障,True,1.81,993.14,维修工A,已修复,
MNT-007926,2024-12-06 05:00:00,M07,换油,True,22.98,7860.11,外部供应商,已修复,
MNT-007927,2025-12-07 01:00:00,M16,液压故障,True,21.27,3367.78,维修工D,已修复,
MNT-007928,2024-01-03 17:00:00,M18,故障维修,True,8.25,5521.61,维修工A,已修复,
MNT-007929,2025-12-18 10:00:00,M02,故障维修,True,16.78,7031.45,维修工A,已修复,
MNT-007930,2025-10-16 18:00:00,M01,预防性保养,False,2.14,1188.14,外部供应商,已修复,
MNT-007931,2024-07-02 02:00:00,M23,预防性保养,False,3.15,1218.59,维修工D,已修复,需要厂家支持
MNT-007932,2024-04-05 18:00:00,M20,注射故障,True,0.51,4345.65,维修工A,已修复,更换备件
MNT-007933,2024-08-30 01:00:00,M11,加热故障,True,9.34,4835.45,外部供应商,已修复,
MNT-007934,2025-08-19 17:00:00,M29,滤芯更换,True,2.88,280.91,维修工D,已修复,更换备件
MNT-007935,2025-08-07 09:00:00,M29,加热故障,True,19.01,4115.62,外部供应商,待跟进,
MNT-007936,2024-06-20 18:00:00,M17,注射故障,True,8.75,7280.44,维修工C,已修复,更换备件
MNT-007937,2026-03-19 11:00:00,M07,预防性保养,False,2.26,357.64,维修工D,已修复,需要厂家支持
MNT-007938,2025-10-24 08:00:00,M20,液压故障,True,15.2,3769.89,维修工C,已修复,
MNT-007939,2025-01-17 03:00:00,M03,加热故障,True,1.41,4537.25,维修工A,已修复,需要厂家支持
MNT-007940,2026-04-07 21:00:00,M06,液压故障,True,20.24,1297.37,维修工B,已修复,
MNT-007941,2024-03-10 13:00:00,M02,密封件更换,True,6.95,4735.92,维修工D,已修复,
MNT-007942,2024-03-31 19:00:00,M18,加热故障,True,23.91,428.65,外部供应商,已修复,
MNT-007943,2025-03-20 15:00:00,M21,液压故障,True,0.5,7476.32,维修工A,已修复,
MNT-007944,2025-08-22 13:00:00,M15,锁模故障,True,15.29,1224.58,维修工B,已修复,更换备件
MNT-007945,2025-07-03 18:00:00,M11,预防性保养,False,1.78,466.38,维修工C,已修复,需要厂家支持
MNT-007946,2025-07-06 11:00:00,M07,电气故障,True,17.28,2034.04,维修工C,已修复,建议大修
MNT-007947,2024-02-17 22:00:00,M24,预防性保养,False,0.58,1458.2,维修工D,已修复,建议大修
MNT-007948,2025-03-30 02:00:00,M20,密封件更换,True,6.61,3058.46,维修工D,已修复,
MNT-007949,2024-05-25 01:00:00,M05,密封件更换,True,20.82,7745.55,维修工C,已修复,
MNT-007950,2025-01-01 14:00:00,M16,液压故障,True,5.52,3332.66,维修工C,待跟进,需要厂家支持
MNT-007951,2025-11-26 10:00:00,M10,电气故障,True,23.26,3054.53,维修工A,已修复,
MNT-007952,2024-03-07 17:00:00,M10,换油,True,23.87,2985.94,维修工A,已修复,需要厂家支持
MNT-007953,2025-08-01 06:00:00,M09,液压故障,True,21.79,2922.77,维修工C,已修复,需要厂家支持
MNT-007954,2026-04-24 02:00:00,M17,液压故障,True,2.23,3490.05,维修工A,已修复,需要厂家支持
MNT-007955,2025-10-29 22:00:00,M19,预防性保养,False,3.07,126.85,外部供应商,已修复,需要厂家支持
MNT-007956,2025-03-14 13:00:00,M09,锁模故障,True,14.86,3962.78,维修工A,已修复,建议大修
MNT-007957,2024-06-17 07:00:00,M27,液压故障,True,22.77,4652.78,维修工D,已修复,
MNT-007958,2025-10-16 05:00:00,M13,液压故障,True,12.86,3852.66,维修工A,已修复,
MNT-007959,2024-02-22 22:00:00,M11,滤芯更换,True,22.27,6001.75,维修工A,已修复,
MNT-007960,2024-09-23 17:00:00,M12,液压故障,True,5.08,2429.17,维修工D,已修复,
MNT-007961,2026-01-15 13:00:00,M29,密封件更换,True,21.21,483.08,外部供应商,已修复,需要厂家支持
MNT-007962,2026-01-20 15:00:00,M08,换油,True,15.2,1140.17,维修工D,已修复,
MNT-007963,2025-12-05 22:00:00,M21,锁模故障,True,21.33,977.69,外部供应商,已修复,需要厂家支持
MNT-007964,2024-08-30 08:00:00,M22,换油,True,11.95,2502.71,维修工B,已修复,需要厂家支持
MNT-007965,2024-08-19 08:00:00,M07,液压故障,True,8.95,393.07,维修工C,已修复,建议大修
MNT-007966,2026-03-12 12:00:00,M28,锁模故障,True,19.32,5219.86,维修工C,已修复,
MNT-007967,2025-09-22 23:00:00,M29,加热故障,True,7.1,1608.25,维修工B,已修复,
MNT-007968,2024-11-19 12:00:00,M29,预防性保养,False,3.56,562.31,外部供应商,已修复,建议大修
MNT-007969,2025-09-08 21:00:00,M20,滤芯更换,True,20.91,2255.0,维修工A,已修复,更换备件
MNT-007970,2025-09-21 02:00:00,M08,锁模故障,True,1.57,3955.08,维修工D,已修复,更换备件
MNT-007971,2026-03-19 01:00:00,M13,密封件更换,True,12.04,1859.45,维修工A,已修复,建议大修
MNT-007972,2026-01-03 23:00:00,M20,换油,True,20.44,4280.4,维修工C,已修复,更换备件
MNT-007973,2024-12-12 06:00:00,M28,换油,True,14.3,5635.89,外部供应商,已修复,
MNT-007974,2025-06-24 21:00:00,M26,密封件更换,True,5.33,2175.48,维修工B,已修复,需要厂家支持
MNT-007975,2025-09-17 23:00:00,M22,注射故障,True,6.43,2521.48,外部供应商,已修复,
MNT-007976,2025-10-16 22:00:00,M27,液压故障,True,9.8,847.95,外部供应商,已修复,
MNT-007977,2025-06-29 11:00:00,M02,锁模故障,True,2.15,5187.84,维修工A,已修复,
MNT-007978,2025-12-09 14:00:00,M14,密封件更换,True,11.81,2838.12,外部供应商,已修复,建议大修
MNT-007979,2024-02-24 04:00:00,M21,换油,True,10.73,7343.75,维修工B,已修复,更换备件
MNT-007980,2025-07-15 03:00:00,M28,换油,True,10.4,3680.24,维修工B,已修复,
MNT-007981,2025-10-10 18:00:00,M14,换油,True,17.07,3875.56,维修工D,已修复,需要厂家支持
MNT-007982,2025-09-23 04:00:00,M22,加热故障,True,23.1,6656.37,外部供应商,已修复,建议大修
MNT-007983,2025-11-30 22:00:00,M04,注射故障,True,7.09,4938.02,维修工A,已修复,需要厂家支持
MNT-007984,2024-04-26 06:00:00,M05,液压故障,True,21.87,2849.99,外部供应商,已修复,
MNT-007985,2025-07-09 03:00:00,M28,注射故障,True,15.34,676.1,维修工C,已修复,
MNT-007986,2026-01-30 19:00:00,M17,故障维修,True,3.37,2017.22,外部供应商,已修复,更换备件
MNT-007987,2024-11-30 12:00:00,M06,预防性保养,False,0.6,907.7,维修工B,已修复,建议大修
MNT-007988,2026-01-08 00:00:00,M13,密封件更换,True,19.06,852.11,维修工D,已修复,
MNT-007989,2025-08-22 16:00:00,M13,加热故障,True,6.37,649.32,维修工C,已修复,
MNT-007990,2024-07-09 11:00:00,M20,滤芯更换,True,20.83,7641.19,维修工B,已修复,
MNT-007991,2025-03-23 19:00:00,M08,故障维修,True,18.11,7502.42,外部供应商,已修复,需要厂家支持
MNT-007992,2026-02-19 02:00:00,M07,液压故障,True,5.1,7248.38,维修工C,已修复,更换备件
MNT-007993,2025-10-09 17:00:00,M14,滤芯更换,True,12.08,4492.19,维修工C,已修复,
MNT-007994,2024-02-02 06:00:00,M14,加热故障,True,8.27,4303.93,维修工D,待跟进,
MNT-007995,2024-11-26 02:00:00,M02,液压故障,True,18.3,5881.44,维修工C,已修复,
MNT-007996,2026-04-01 01:00:00,M22,密封件更换,True,15.32,5955.66,维修工B,已修复,建议大修
MNT-007997,2025-08-09 22:00:00,M10,电气故障,True,10.77,6882.89,维修工B,已修复,
MNT-007998,2025-04-29 13:00:00,M05,注射故障,True,5.93,1142.57,维修工A,已修复,更换备件
MNT-007999,2025-08-28 01:00:00,M04,故障维修,True,4.12,323.72,维修工C,已修复,
MNT-008000,2025-09-01 01:00:00,M16,液压故障,True,4.18,4228.16,外部供应商,已修复,
